gene_id,Os05g0572700,Os03g0336400,Os03g0767000,Os03g0298700,Os05g0230700,Os04g0583500,Os10g0533600,Os06g0181700,Os04g0526600,Os03g0332100,Os01g0802700,Os03g0727600,Os06g0194000,Os01g0580500,Os03g0179950,Os12g0106000,Os01g0643300,Os04g0578000,Os01g0656200,Os03g0313600,Os05g0403300,Os10g0535900,Os01g0169800,Os03g0764900,Os04g0653000,Os09g0439200,Os01g0663300,Os10g0573400,Os01g0273800,Os02g0735200,Os06g0562200,Os06g0657500,Os12g0613700,Os03g0300300,Os04g0608300,Os03g0179900,Os05g0563400,Os02g0532300,Os01g0192900,Os06g0108600,Os03g0301200,Os06g0335500,Os01g0231000,Os01g0128300,Os03g0319400,Os06g0654300,Os03g0707600,Os06g0660200,Os03g0302900,Os10g0397400,Os04g0671900,Os08g0420600,Os05g0477600,Os03g0633800,Os12g0601400,Os03g0157300,Os06g0232300,Os05g0210100,Os01g0856500,Os02g0743400,Os06g0597000,Os03g0810800,Os03g0438100,Os04g0397000,Os10g0556100,Os11g0539200,Os12g0133800,Os11g0137000,Os03g0822000,Os08g0237000,Os03g0742900,Os03g0633500,Os06g0115200,Os07g0684900,Os07g0281700,Os06g0211200,Os01g0248900,Os03g0275900,Os07g0622000,Os03g0764800,Os04g0610400,Os03g0181100,Os11g0658700,Os10g0391400,Os03g0294200,Os02g0805100,Os03g0305400,Os03g0297600,Os07g0153000,Os08g0499300,Os07g0154100,Os08g0203400,Os03g0610900,Os11g0523800,Os05g0592800,Os02g0817600,Os09g0325700,Os01g0741900,Os03g0283100,Os09g0451400,Os06g0216300,Os09g0518200,Os09g0286600,Os03g0225900,Os12g0586100,Os03g0284100,Os02g0799000,Os03g0296800,Os08g0459600,Os03g0180900,Os04g0613600,Os02g0766700,Os08g0537900,Os05g0213500,Os03g0324300,Os06g0614100,Os05g0149400,Os11g0186900,Os11g0593000,Os06g0166500,Os05g0586200,Os01g0846300,Os10g0575000,Os03g0402800,Os07g0615200,Os12g0617400,Os03g0741100,Os03g0283000,Os11g0106700,Os05g0457200,Os10g0392400,Os06g0649000,Os05g0523300,Os08g0529000,Os03g0162000,Os03g0645900,Os01g0221100,Os02g0512000,Os01g0853400,Os02g0771600,Os01g0178500,Os01g0190300,Os06g0130400,Os03g0856700,Os01g0867300,Os05g0148700,Os11g0572700,Os08g0109400,Os03g0180800,Os02g0149800,Os03g0821300,Os01g0286900,Os07g0164900,Os02g0704000,Os12g0479400,Os03g0320400,Os07g0155600,Os01g0235700
Os05g0572700,1.0,0.5873909532118127,-0.02363121950807333,-0.1961893242675205,-0.2036610637842175,0.11198651797599851,0.09878160335384455,0.16401070342646745,0.3906207500327412,0.531090178632809,0.4230283149299725,0.446931027560834,0.5548743734786669,0.33271905510480965,0.00646865861868964,-0.009879892061227991,0.3096154693008749,0.20514328255226721,0.295018561889856,0.37947258041604837,0.5101386271669349,0.19228719918699916,0.10522530097148859,0.17742035989406288,0.37285380205642515,0.3125543044462302,0.43084341572481727,0.3929605458365178,0.5342609461416405,-0.014049562262914497,0.3432613780173604,0.21959923937686465,-0.12881420059494927,0.26050496466692497,0.5992616592307652,0.44002007413610505,0.5900764946770721,0.52367794847636,0.5357039282493771,0.3025189998270512,0.4769803670412887,0.44361138266926575,0.25810234235721485,0.6035934927525649,0.4070643801780199,0.2161969957892971,0.35681551334103134,0.33941639155573394,0.40013150696471295,0.4265236942401294,0.4683857572093909,0.3916291141003331,0.4520063546586978,0.4842179832223285,0.47798401862919426,0.5440016414411334,0.4091120327538983,0.3881888479922886,0.45446235835338183,0.4294198908301861,0.42011341939533786,0.3930314602121742,0.36107332969691036,0.45909761272820365,0.5071566293563365,0.47495797405563867,0.38450675054389916,0.3995148792913572,0.48764440967733014,0.5353233735551913,0.403863429477549,0.4543332590871123,-0.13471226579046375,-0.162363106344616,0.0072902989788202885,-0.1999179147300233,0.3242523880689395,0.10279011711021256,0.02339436264340579,0.10707676834956746,-0.07202402927560438,0.4951579327790124,-0.5176570459932105,-0.07886410388504422,-0.1236622677049351,0.19335045506405196,0.17493636179172084,0.5411186128862503,0.4696563367063641,0.23856717421802218,0.2251899789108134,-0.15562352201759608,-0.0012660011006685344,-0.1599990393913108,0.21353579398794156,0.11214491254721644,-0.22837681793366396,-0.1482427895371887,-0.04037588558684988,-0.2987515164112712,-0.271815902631827,-0.28269680190139457,-0.5071574636559758,-0.3843097103584844,-0.5178389193650652,-0.26192145096304115,-0.38881124294837505,-0.36811434524102654,-0.6187237891536588,-0.40687422238585064,-0.33212650160922547,-0.5190174176605518,-0.6599958870720549,-0.41160011850215933,-0.5555491074515846,-0.45991349172211105,-0.461524628972288,-0.6257666546293223,-0.6134464323268807,-0.5423410458004222,-0.6447399825263564,-0.619780474767317,-0.6646779352775429,-0.374208399561329,-0.24733330642853876,-0.037216024698373526,-0.38773896223232135,-0.169376544394311,-0.37201387407751063,-0.29795894741602247,-0.5910557021920668,-0.4576892506384499,0.1080604434842896,-0.042344150675408795,-0.5661914108358135,-0.4477248827452838,-0.3158708105350304,-0.4973867668573121,-0.4325027230629421,0.12883541598546452,0.1448671709517851,0.041119179623151036,0.08120259641065455,-0.028434003707836795,-0.18051109626387693,-0.15910093671441022,-0.1622137290241337,-0.10108400675568624,-0.030100520680070665,0.22836940887686938,-0.3054937440717436,-0.34381441676270036,-0.16084114844566433,-0.3737165658625601,-0.32828683095458744,-0.05618721333689904,-0.44519762976462085,-0.3644863556709582
Os03g0336400,0.5873909532118127,1.0,0.011548223073418431,0.09659691221088827,-0.06509626282233538,0.27230624705240397,0.33026038134603863,0.2300105761071346,0.4704074135783238,0.6555751330654143,0.4467429759603161,0.5993737273041544,0.5507355455294508,0.5188293397221434,0.1155165747466437,0.46726237468674414,0.14357458051944214,0.3150748372436419,0.24654748729096196,0.34777587211919997,0.4779015023205898,0.13519999729568408,0.11475542732036421,0.1746484427765601,0.0170477717457284,-0.17683614904156097,0.37933574082245725,0.07549578017687443,0.28570625554454704,-0.1025945746736005,0.10996710365411788,0.05189192078510772,0.21614162177014562,0.46837200030782217,0.6827536281459672,0.5889737532820382,0.5278974170781685,0.473762905936502,0.2911232139545146,0.2518741994858183,0.49542629168581115,0.3152171119723497,0.1338150476401841,0.3326795962066992,0.42530468221554135,0.4844462257893095,0.45434041607933895,0.49490770191264416,0.5873358216640978,0.5349222270909475,0.6283811584353176,0.5767539999892043,0.5962350096393361,0.5092323450125542,0.5444332218617214,0.5225019962776118,0.5253640415791754,0.4551688508634305,0.5333866438293627,0.5436040233745032,0.4697192460188352,0.26327398005456587,0.21819890451929952,0.4402190299584869,0.5365291853900898,0.4346784731653075,0.4582429225823187,0.394922313520624,0.4761599862116854,0.45072723938900405,0.4087317960828812,0.3550308918458653,-0.2475206354625218,-0.660227220420113,-0.247968669310553,-0.38373171843297776,0.19440144811923618,-0.06534026966481357,-0.29899049441530035,-0.3648724740068137,0.03686291697774972,0.4225171240007924,-0.2115565926633453,0.3790307663590536,0.2499898813385994,-0.09412747052146386,0.15486085060815788,0.2690049986640707,0.04307686943001618,0.4143242284973492,0.2916050393239332,0.20376795935920108,0.2040121515409243,0.0035987095641689085,0.15192620038856777,0.23943912385701474,-0.6621414619104944,-0.520699376333308,-0.5092316427619666,-0.5338570270103988,-0.3941507939044124,-0.45331252721426457,-0.35931621324982194,-0.41880400833682857,-0.47202546133829826,-0.5755305498709964,-0.6583555656079285,-0.5528708817427407,-0.6441758043374355,-0.2770748791702268,-0.37374767676424714,-0.5718637013420537,-0.68320644914858,-0.5826174122255687,-0.6026632853862742,-0.47855164093884117,-0.5557002250221368,-0.7555799575418916,-0.6003504452808663,-0.722736562310091,-0.5576184112818762,-0.663672692628371,-0.5147142901797312,-0.6680035382036671,-0.6984411080844523,-0.24630586467224824,-0.2982082928638641,-0.21981501007768417,0.013998647293338108,0.03219070475351397,-0.35391118564047436,-0.13412829397376563,-0.051494285826577,-0.4940711561775162,-0.4740373891961261,-0.570683181222788,-0.4221509066522475,-0.6377401098866337,-0.5371392842387557,-0.059953590672560925,-0.20267944008829672,-0.2619819666416708,-0.258170750772983,-0.013629223671946073,-0.14877088441614084,-0.243394295705873,-0.18326116994040087,-0.12161598514018754,-0.2315937396462119,-0.09433108882808904,-0.5793607487149405,-0.4710423701476538,-0.07199381541938997,-0.21564508775546953,-0.038866448242272165,-0.18638570774249266,-0.5270515501243731,-0.3519394311945111
Os03g0767000,-0.02363121950807333,0.011548223073418431,1.0,0.5707930508622738,0.5527314669066032,0.6600757558293648,0.4643995601255323,0.28807733805390295,0.42855899063698244,0.052972691786235225,0.4493340445093798,0.28421493408199494,0.4771779090880422,0.42958673719279067,0.20846406815868965,0.21399833289354675,0.5558910368670396,0.5561271510436251,0.4967177792529307,0.4567379008854043,0.5715782342699127,0.49662133262921426,0.6453389937218084,0.6182239177140545,0.29130255982356335,0.2808880889529835,0.42737722631288716,0.4855300195516122,0.39338509837570623,0.4046000078292668,0.2645264151282367,0.26775984994650803,0.6149132222925477,0.6757940457873467,0.23057415816274288,0.25820975795445794,0.5648350115265874,0.44626898592248904,0.5488457920517283,0.6640234522248576,0.6323376428427484,0.4948465506368817,0.5029554322076842,0.4262083259716915,0.5555333043627902,0.625171620294442,0.630263270508786,0.6039066333365446,0.579600493402312,0.5804006030502582,0.4901186556473842,0.48428434557314765,0.46831583419871764,0.5276358815763551,0.5575068629733563,0.5909350709308414,0.6766518541234217,0.6481047273605334,0.5841905132737615,0.616592237987683,0.44050737069854257,0.538048003656146,0.6033687135480517,0.49468158798301926,0.5345517980883151,0.6354324357865756,0.6331175982131884,0.6769174599494531,0.6465540188905471,0.6208959507256655,0.6250244712760407,0.5750975625020027,0.30936397633758,0.5315427357303026,0.14040860876465652,-0.2756099371042531,0.008093495319146339,0.3196438508860499,0.07824962773900411,-0.0271535476892009,0.04774618360042629,0.4651564407215689,0.021921912126613412,0.25294975885863025,0.3840016438832894,0.00493836096789703,0.11931536825450086,0.1412232471706124,0.1843001617340845,-0.3914679229213834,-0.1943280321283531,-0.13120743217740408,-0.2170290547604976,-0.3826892395066434,-0.4470669153821843,-0.11157239891325425,-0.3870741684498104,0.019013888542592904,-0.26170830298842446,-0.032881310028846845,-0.25931920810092746,-0.3965892698020199,-0.4919829512776637,-0.37779148630662945,-0.25513716672510683,-0.3444164902459222,-0.21379296695485764,-0.2112995128805338,0.1252892710372061,0.19499376263876014,0.1370757325536239,-0.6525986260844413,-0.35944279976299737,-0.6187984092123042,-0.5630744094987571,-0.6706470907870188,-0.489425922149642,-0.31007651873121,-0.40351878848920414,-0.3779160067130807,-0.3365597166908833,-0.11611982892408831,-0.1353901666509063,-0.33872995671189843,-0.45748853711898896,-0.7497445329467075,-0.6356309595102012,-0.6015048448990463,0.2405192883729459,0.4271565360121098,-0.02974555765907068,0.09157612248554134,-0.18153819541845753,-0.5136360468154001,-0.27350978685356153,-0.02098837844623022,-0.419102679330411,-0.4194888486403775,-0.5671345628758208,-0.49879532418319855,-0.5001722525526903,-0.39495569060238417,-0.5321974727868832,-0.3725905088298419,-0.6220057722100725,-0.7214902603513988,-0.6001888060051331,-0.5516971478423828,-0.3312577157516964,-0.7337517231624746,-0.6348388609655369,-0.6711597910425735,-0.10660767554701428,-0.23338447248152822,-0.19262126981598077,-0.2904532461531658,-0.11707178564253949,-0.49305972303096784
Os03g0298700,-0.1961893242675205,0.09659691221088827,0.5707930508622738,1.0,0.7066831797797233,0.6634723101775684,0.5291310512854341,0.26760532987971514,0.26050970553118497,0.3425032957185279,0.4464500095549032,0.2817746035287824,0.388912280801166,0.4125984006958403,-0.058165480192366684,-0.0584063382102916,0.22660166235561144,0.04310449617244605,-0.1403142387860968,-0.18482831306974887,-0.03639082927575315,0.007976180208515987,0.017209069445874484,0.0004312834042557829,-0.31582389455472254,-0.30997287641687926,-0.05620535211558929,-0.1858761169510544,-0.21691903680293395,-0.2943988295009305,-0.31722204282226785,-0.38499358788203375,0.16046295959739487,0.3180479838575837,-0.11197395638275312,-0.0005863318814567491,0.15201504814737307,0.1395706493155874,0.14349920400317115,0.33433439869685766,0.23244265960770974,0.024220742798900463,0.13048034563670444,-0.09052156940239692,0.29195599564729147,0.46733921202497103,0.16361604171516886,0.2124000293841726,0.19103495635666,0.3626399418787205,0.25327724108898536,0.2581371126886698,0.13684106901301485,0.16342584501431326,0.2528842341724407,0.21886712605777683,0.3238723729278976,0.31000137285361234,0.23734056028865547,0.29037879423694946,0.037851555273374554,-0.045395380642354606,-0.033641155923740035,-0.019863146378470673,0.04534503694862622,0.05494692065452456,0.2007533781407028,0.1627323701781937,0.22390815343939924,0.16615362049593083,0.15615616337262947,0.046812506808864236,-0.0848218197597744,0.07082959237576383,-0.1882268980992065,-0.5605192671503794,-0.5123477446329859,-0.3825312162015681,-0.5553584812254881,-0.5866740298177519,-0.08153816022040992,0.026320936301973952,0.46938742580779524,0.5187836715944715,0.6188209811361747,-0.036860933412721945,0.28225186844726796,-0.29226946203031395,0.09011847154565861,-0.20975508832009185,0.14910192865814478,0.2738827035022334,0.3910940775136446,0.28505930593707945,-0.3535147741095769,0.1207547429061527,-0.5105003139617003,-0.28297893168919686,-0.5211727169722395,-0.3633937776818182,-0.48543450123437726,-0.5061092105443021,-0.3569867376509053,-0.4056274483618063,-0.2518905166790548,-0.474906199582813,-0.4156369836432142,-0.505471485850224,-0.12569144083041478,-0.19865891258074378,-0.28371707077710606,-0.16388807451203236,-0.015571050774512185,-0.3384981849019251,-0.1425656398423457,-0.31500278037503154,-0.32793239022717097,-0.17653470533433094,-0.149159301850454,-0.26504668853333246,-0.13977491645070084,-0.12458805469500261,0.25297433296982325,-0.4219257205734794,-0.3972913791620915,-0.43543059681458923,-0.32915091212565734,-0.36109127652854084,-0.07840639176741825,0.14579411807934065,0.11633604222157369,0.04056028362100864,0.07859128071375736,-0.31283927848964665,0.2861519558693785,0.14296808226036972,-0.02805536213549524,-0.11136066418627998,-0.059946519635556667,-0.17672735587914473,-0.13895594716658416,-0.07467908102432659,-0.1169626724635098,0.25967878929595994,0.02077071605650172,-0.1883978191740167,0.0555419654873475,0.06640504047484398,-0.23569593121455001,-0.40718915226869834,-0.40199451416032067,-0.3852037282761096,0.21528840716451741,0.294901832530398,0.23614032930046133,0.10526077370720535,0.21916328144333186,-0.10002635888680776
Os05g0230700,-0.2036610637842175,-0.06509626282233538,0.5527314669066032,0.7066831797797233,1.0,0.8571743684604481,0.46367344421844325,0.5976668183735661,0.29823362669947623,0.3286839073721864,0.5053597945916339,0.36966792788614944,0.5481631757205463,0.6669065395575609,0.13917715352035004,0.1694093488876106,0.3633697423144811,0.050177560668124094,-0.05039993327192208,-0.04774548463358893,0.0938086389640262,0.34988133204677724,0.23211871452193422,0.3013325044720425,-0.03994884453732708,-0.01653387527788123,0.10299902706086494,0.08343528065284109,-0.016026561187790136,-0.0025067412593394764,-0.17771744144008114,-0.26767386892479644,0.3390758810700673,0.3331251258265577,-0.0731178806160912,0.019064042769031987,0.28100338664477836,0.17690875553070123,0.3226798156052883,0.6448614692144616,0.4407694089005428,0.28695548529452364,0.5370452737458516,0.33514953343505455,0.5331648372110359,0.6245417096078191,0.49947760807202723,0.46621190651085437,0.33929601294465994,0.5672051612204002,0.4734791385969227,0.5082844708892146,0.41169529151293166,0.4466076919098817,0.49916880651004913,0.44312187603916264,0.5153623002240812,0.5689002173273383,0.5184181128075029,0.529647351354043,0.3992330106587364,0.3139728995475046,0.3085038796775707,0.2775565294272579,0.2779640337430294,0.29202907276618195,0.4297461496007059,0.4371513801976984,0.41539299510112415,0.39467542832136854,0.44736006014118895,0.34244490373805686,0.11302820464425495,0.24350910394296,0.045840058885315824,-0.4508965435108018,-0.4726633539194134,-0.25331421755570727,-0.4200691083051189,-0.21079167094674825,-0.011688614987253224,0.09837057418556161,0.3360650371593697,0.5633486248860218,0.5927129042517741,0.1605738713801437,0.41960712114602244,-0.1481039429795585,0.2590960301916069,-0.46245158417134713,0.07513815331665713,0.19641085356056512,0.399150377257273,0.1167550478901751,-0.020157901770813516,0.21250970982519785,-0.4024507621593975,-0.3167095459867289,-0.6304117022930654,-0.4939006144534419,-0.6929631618776892,-0.6916714460739165,-0.5159495777960288,-0.5176091891134524,-0.46191951690556055,-0.6072386269977654,-0.41381500897461526,-0.45766923200911597,-0.12259839892578954,-0.31466120731780045,-0.36697465316917904,-0.20663772231176253,-0.2164570015892561,-0.538861161817735,-0.27497075109727204,-0.5236091614381898,-0.6090204535620688,-0.3620753022223133,-0.39406570120431006,-0.3472162152782619,-0.36355473073120415,-0.13295416176741756,0.05129618053780077,-0.21411472782655022,-0.3378540912523843,-0.5540899214030234,-0.37912778669595937,-0.4809980332048674,-0.14075563365839244,0.08625682777440069,-0.10181017775968194,-0.23646131130279685,-0.1581175511308249,-0.39924533884705393,0.17750461728024466,0.029851209637846852,-0.27439089852566567,-0.311746004465856,-0.1878625664367877,-0.5664343955464103,-0.081533259853617,-0.2546535676409085,-0.26585143948165374,-0.03805571073212469,-0.11460298201479878,-0.4474533474818635,-0.2930564355438443,-0.2514803012575879,-0.31341208516264635,-0.3775578990983757,-0.4020917851557597,-0.42630022817624436,-0.20383805563222768,-0.04179230161530631,-0.07607198160175205,-0.02283225475080921,-0.04082119225693077,-0.1282612578313871
Os04g0583500,0.11198651797599851,0.27230624705240397,0.6600757558293648,0.6634723101775684,0.8571743684604481,1.0,0.6135526832465665,0.7147682873856506,0.6624447217490526,0.625132506688595,0.6653340356836417,0.659932154936835,0.806359462994722,0.8861403437735392,0.1359281448267928,0.3448637774374037,0.38391600765370115,0.18909469058937012,0.12380487028620532,0.12379832099768488,0.3638829976647127,0.3316471999416066,0.2642177439105209,0.3217700736910932,0.0605288147822778,-0.010729780924274733,0.229763326371947,0.15906489177204336,0.152989351591355,-0.009424697789746403,-0.13772134996170393,-0.2550355414340511,0.43198418888557216,0.5724863963389107,0.2890248072640692,0.39587541466734166,0.5104512078611562,0.3830001997944049,0.4642603330802249,0.7824552353403917,0.6868672071274815,0.43265981657453345,0.6166180356321973,0.5625030770388719,0.743764738127868,0.856686633744758,0.7441035535373202,0.7073564051983798,0.6041800241820752,0.8572563635987636,0.7469046001818217,0.7540357960997551,0.6881118365691665,0.7185574899166375,0.7693596044086713,0.7178542168389794,0.7652299880765073,0.7891447177281805,0.7527188712890056,0.7771907515511958,0.57869725234614,0.5250784928087769,0.4698034560408794,0.5279685682712748,0.5436069725749257,0.557778592842772,0.6278968849345268,0.6100301396026993,0.6608758470734584,0.6286757102850552,0.673990959601176,0.5472702060350603,0.18945999974757194,0.2246110842152475,0.11699195441200758,-0.5666759577934366,-0.26012086007338503,-0.1790877325501586,-0.48945801441571885,-0.35574845463333377,0.04673375959115509,0.37276209265904814,0.2620399822473987,0.5575640127008199,0.6807539872717487,0.17177649011049287,0.4728678095503443,0.005860622903430861,0.2668247237315359,-0.37269528185570966,0.29193457715465626,0.29174895174288606,0.4779148707803133,0.131430148231721,0.060169967535085564,0.27123238122913096,-0.6856434867146031,-0.577269434765513,-0.8335659950209316,-0.7063005760675449,-0.8705111442218212,-0.9185010426632982,-0.7727001092331296,-0.7642416065141344,-0.7352187332542228,-0.8324774760031155,-0.7011001874351841,-0.6932845503876981,-0.33750187266421183,-0.46182142939364434,-0.54497239431296,-0.5000607833870034,-0.5495783229180642,-0.77524672614978,-0.5775255477738784,-0.734030364965945,-0.8270359228248092,-0.6678435091392612,-0.6560017688383961,-0.703524540727088,-0.7135217878073126,-0.47064058191493413,-0.3196702657746322,-0.36731080583617776,-0.5089995882685627,-0.6992940111376683,-0.5231889829796644,-0.5755132122503364,-0.1998457447234483,0.07526541874050767,-0.2569830571408138,-0.342305740047495,-0.3410839983864466,-0.6168863710035226,-0.10929350799668806,-0.18542638397678418,-0.49542228095545593,-0.6124869591857591,-0.48968483952834724,-0.5487976765326562,-0.1332605819972342,-0.354183663254871,-0.35545831419438684,-0.16930942361060852,-0.2106291259706266,-0.5630074793654426,-0.40692634637398656,-0.3313877192059437,-0.22673672232825154,-0.3927839232053762,-0.5440948137244765,-0.6174770811781279,-0.2130406480845478,-0.1446335135494884,-0.2797290776217836,-0.23052070636301064,-0.30690612178582427,-0.318148773288127
Os10g0533600,0.09878160335384455,0.33026038134603863,0.4643995601255323,0.5291310512854341,0.46367344421844325,0.6135526832465665,1.0,0.5533179494250865,0.5468648461876523,0.5166008779936339,0.4184570612740088,0.5520788149050803,0.5525520283270501,0.4881362166626356,0.08296076915237625,0.3168787148029369,0.48137642297174393,0.3733342397470622,0.2124850482960195,0.12387760824330347,0.3230578291962879,0.38118289242257186,0.19425562063320945,0.21794657198607573,0.11895726801526342,0.13147630625351467,0.23597314426636412,0.10397797741451018,0.1336649030402338,-0.04111039030438896,-0.14908333887937839,-0.08185082447802583,0.22605123830636292,0.41777184152595376,0.43565091224949554,0.5808650878369778,0.27517819119132647,0.2355605281855497,0.3126407339426313,0.3605925231942697,0.43842751799660235,0.34834441961226836,0.522724387824148,0.3272924378212432,0.4100205211353346,0.6171472255505415,0.5583980465088804,0.49927544642744925,0.47087267736329613,0.5644948231183554,0.47585201347001777,0.5847827855506608,0.4973598606590744,0.4976837396961047,0.5356801481855762,0.5138772928972665,0.5645887924269908,0.5307400811378237,0.4790951780353164,0.5401500862417304,0.2938054381291179,0.4567615798018112,0.3020491574139534,0.31860111636194377,0.43705214864030056,0.4131260642991969,0.4345768604662508,0.3994935301149693,0.5338241229067424,0.4754449310322517,0.44365914523393646,0.36190233166734986,0.029830000270417045,-0.11626405087170721,-0.019322912319878472,-0.23117630335487838,0.08982479698707002,-0.14828172887861094,-0.3634443744723428,-0.416297097047922,0.2237668511905665,0.5349908006449757,-0.001355904923920717,0.38527789240064636,0.21649479687697099,0.08521196324283123,0.09110232419280212,-0.19353998681551257,0.10747487465766481,-0.12880548869638223,0.4312956796991538,0.38135610881641174,0.3182921215696769,0.09090390553487612,0.19198320665987215,0.5322387273053658,-0.4457441876714278,-0.42465833912809375,-0.5463671291550174,-0.40475201537555644,-0.550601556875743,-0.556452159558199,-0.4329574231155144,-0.24367927373746132,-0.4608756712073653,-0.49388280407431245,-0.5072477166318131,-0.40802191940795823,-0.10628341820455009,-0.12666670348200462,-0.3149436779636537,-0.3110781612551912,-0.33882303342080206,-0.41230355160097243,-0.3339391241207483,-0.5059245321583978,-0.4482720596088562,-0.3965997542504282,-0.2971260881261121,-0.46116936172881223,-0.3439461668796433,-0.09607542220139419,0.006723422378134866,-0.05529038524508252,-0.23048731129492334,-0.15683065071897548,-0.163077797561696,0.013778093485902169,-0.1668540492596618,0.25109433153900573,0.2845871552535948,0.20763431655803496,-0.26914754067606583,-0.42779651183802847,-0.2420282282084595,-0.04951588981219553,-0.27325259347293634,-0.5551234945235889,-0.3185180826608055,-0.16399209335176598,-0.07040344293126785,-0.24973371580497478,-0.2256659222423806,-0.16011750008502904,-0.056412550187568994,-0.2603046592655516,-0.15990341322428908,-0.09841581409360363,-0.24131311949696926,-0.39965982441447595,-0.7011781527142447,-0.5712464796113219,-0.1876627305104084,0.1658535615185264,-0.03799228824816552,-0.43966250325230355,-0.3695449811394261,-0.2524533408545167
Os06g0181700,0.16401070342646745,0.2300105761071346,0.28807733805390295,0.26760532987971514,0.5976668183735661,0.7147682873856506,0.5533179494250865,1.0,0.7388831761296304,0.5744217176364602,0.7156482153158898,0.5926637571185275,0.6986880713341047,0.7542912731127621,0.06454019765000421,0.22472624883748682,0.300414677234334,0.06488377604039536,0.16108961295895996,0.1144857582454322,0.3396081100749785,0.363290052511423,0.2357477671691053,0.28651384069995456,0.20659981057182197,0.1358860689617278,0.4006636902515802,0.2551878380303121,0.3347122524278935,0.13598348345961042,-0.010874911105235757,-0.03545369428093707,0.1863813278333448,0.4254036154311209,0.5563439463110659,0.5747508936477694,0.37654197476864343,0.1593975368231393,0.4050494991197216,0.6374384512778443,0.49378249009375,0.37013719910084353,0.618405980637032,0.5789565930680971,0.597119028129247,0.7566956140117693,0.7124363873411664,0.730397415393122,0.6026128748280739,0.7834357823030398,0.6774885972119253,0.7404818393343893,0.7515356738647293,0.7264802825059434,0.7705613384924173,0.6774452375709742,0.6885907651089089,0.7653668129628991,0.7279685720943302,0.7193359050601145,0.6412935856138372,0.6019666544586139,0.49182944907314724,0.5399840403281466,0.5972249212603142,0.5396212366809489,0.5213048803568116,0.5350559295938352,0.6543299767923455,0.5911567452393043,0.673675452356399,0.6299080526924279,0.1636973621055495,-0.011974890551893276,0.18860769111746076,-0.15240891476407636,0.13333973030502108,-0.2552722639386607,-0.3143233677258975,-0.18169737737435251,-0.13862230488256413,0.20155644828858854,-0.024390192600362015,0.3008184981646188,0.19906847233327607,0.27873731060748463,0.34838315857841895,-0.00670481091489214,0.4017105980211689,-0.14164161765099287,0.3863420597082618,0.3019265575819707,0.46733728879081565,0.15291240719441476,0.364944686042976,0.568045391913775,-0.4136613207310341,-0.60888930759921,-0.6384707589404381,-0.6422370919223466,-0.6702423645025416,-0.6410921337711729,-0.7560259854178761,-0.5216120777246334,-0.7120462079251344,-0.6914549419836762,-0.48728768170646436,-0.4100465779873322,-0.31118065141033047,-0.48817724221004793,-0.5286870999846925,-0.2595508569509689,-0.5078176867875378,-0.5624991441657315,-0.4215053630092706,-0.5338215439878888,-0.6366016989194498,-0.5826904998488003,-0.42893785540927337,-0.5580536038507219,-0.6505383599026825,-0.30980197527457304,-0.25443925371144344,-0.05918736423151752,-0.0549969840618825,-0.18676048653673386,-0.2324271052698036,-0.24247893033583948,-0.5129191103763893,0.1217456306990561,-0.13980910268838928,-0.3110029872185911,-0.43758419282388844,-0.5307739380820305,-0.26582857306844837,-0.20249300523489722,-0.5024832832001044,-0.611244176606926,-0.40345137549730303,-0.3026718941543875,0.07389976083913077,-0.2695174647414669,-0.27927746538250814,-0.22398486387436725,-0.06214037275407151,-0.38566713535004743,-0.32851400156114596,-0.26961160224202546,-0.12583655097315286,-0.09337519834019622,-0.3353400163717959,-0.40675353656451496,-0.37489214761039424,-0.23822124022248148,-0.45892817702517,-0.30198079451212245,-0.6480462732520026,-0.5128624085019154
Os04g0526600,0.3906207500327412,0.4704074135783238,0.42855899063698244,0.26050970553118497,0.29823362669947623,0.6624447217490526,0.5468648461876523,0.7388831761296304,1.0,0.6878341691640114,0.6733046298421573,0.5161845521114584,0.67123147780926,0.6742214936477169,0.17682542688634248,0.4231714034614954,0.3582965048711028,0.251818646659756,0.45768118220115456,0.28474806669472175,0.5751141683151074,0.2578761436341136,0.2816438566996135,0.16447842040892655,0.21269773898031,0.007913881618984651,0.37647454470620473,0.19783070106956213,0.3142700091869578,0.09387789894335696,0.04063343875604766,-0.047831406635970304,0.3401526530426421,0.556165601195971,0.7053465685497685,0.7606166809544012,0.5073053730185804,0.2751156637114743,0.33023810480295834,0.525969864152735,0.5626002416338337,0.40551186739444967,0.4941422024688353,0.5583622752901667,0.7341989670139877,0.7816935430545041,0.6665266581456629,0.7387887761662388,0.6659329644269769,0.8328490539998962,0.7110198291913045,0.7316664905418401,0.7725701248168237,0.7449127390081762,0.7776798625689569,0.7068767612140429,0.7181917881127977,0.7282713133311922,0.7109878466919451,0.7547350627920878,0.5629927203824354,0.6025626319550335,0.5087424433657081,0.6392046080000576,0.6523123394190206,0.6548562429686845,0.5088544845112245,0.5131731776387123,0.6985396636837268,0.6635875406223912,0.6578359842369524,0.587018274230222,0.06298341781891514,-0.010150006098700518,0.21047846627851555,-0.28261796154306523,0.29966811586410547,-0.13178107655996932,-0.21731566072906217,-0.3468546414315263,0.05154043137613742,0.506238199854472,-0.12858423009185557,0.030701415748275902,0.17177157587873676,-0.06824954198505227,0.13168803187122308,-0.04437140194582481,0.33268861828839613,0.008364128648403798,0.4631358689919628,0.46497824915724956,0.4183554017519369,0.16618472760711017,0.1902299606059549,0.45909929130780414,-0.5844584038022769,-0.7132170978845199,-0.6300602238157603,-0.6121336218304304,-0.6182979030099534,-0.6799661771750092,-0.7581996278932635,-0.5287811001951636,-0.6580396543078129,-0.658183944196264,-0.629075277503874,-0.4405801021124611,-0.32259245028461636,-0.3412243603421963,-0.42491605592975,-0.4540731755375964,-0.6446237999973632,-0.6448639137067272,-0.6081594689460655,-0.5806651737727903,-0.5951535486724506,-0.6200819660499597,-0.45608501536456186,-0.7730612256900413,-0.7465994998139096,-0.4861410966893737,-0.5104530955583692,-0.13947116848557523,-0.27496246621771875,-0.3037962642168791,-0.20743794932150272,-0.20370411746164865,-0.2830001572719489,0.28092707264658756,-0.10212487992808499,-0.1918383621091887,-0.6547797636260029,-0.7849923939204381,-0.4348064040385102,-0.4283163336813953,-0.7049448739378242,-0.7773695136861387,-0.6412192803978729,-0.3544734778422082,-0.16655640911714478,-0.4212842516332212,-0.4019185972017065,-0.3616574324854671,-0.19855015972024473,-0.430890110135131,-0.401189274644108,-0.33005259249685914,0.08206352198824363,-0.20308118076713993,-0.4208598471902696,-0.5973324826005597,-0.28230886365435603,-0.17374650009562026,-0.338524843376402,-0.3571156883758619,-0.5993556602948206,-0.5634507062881746
Os03g0332100,0.531090178632809,0.6555751330654143,0.052972691786235225,0.3425032957185279,0.3286839073721864,0.625132506688595,0.5166008779936339,0.5744217176364602,0.6878341691640114,1.0,0.6388891845112113,0.7228494280875687,0.7892463591258729,0.7629670821297241,-0.031115767813846715,0.23916471767311664,0.12046780498496831,-0.07038665964258264,0.006226614190847895,-0.018301558703492163,0.277366109229203,-0.11056445840240238,-0.18580236436747463,-0.15106685942468806,-0.1398496724068534,-0.26437664207692346,0.08745967054961919,-0.1432747798145945,0.023453238548327517,-0.4243677236698742,-0.2838565843381054,-0.4231360925587257,0.05363427823200478,0.37654298287498605,0.4395942320269755,0.5941618473072463,0.3622027798922846,0.244492056832816,0.16820081133053538,0.3154738223659072,0.4258396284264242,0.22382712602747212,0.2531698220975157,0.40296802540997934,0.5457730449704131,0.6648518450390174,0.46000421040218475,0.5239316112488537,0.4624200679413016,0.7219621374587121,0.6535479579704802,0.6422856637631623,0.614675273377634,0.6021537161295597,0.6303864539296298,0.5754419023273728,0.5443805569935706,0.522125143531489,0.5514619116882458,0.5684588887326567,0.3368862747860922,0.26085880560984903,0.13736367300180513,0.37682912109315836,0.41295341440108924,0.33712687642642786,0.37447850934572613,0.2726985762577704,0.4364839703100348,0.4192966636897101,0.40246149383293534,0.2975281541159591,-0.07350901545705392,-0.2722282683411679,-0.25290579494549825,-0.5631192164326185,-0.09952611137259428,-0.435918177555904,-0.7288073321589701,-0.6201280197795312,0.06579896473543062,0.3318425039714632,-0.021724381869199023,0.3456135284664968,0.3759619717525279,0.13991706507388493,0.46058208162075215,-0.07378868288274149,0.17755475494069597,0.19883635539314404,0.77663084316176,0.5769156862573029,0.752096535559504,0.466922970168154,0.5231736623116089,0.638046576763255,-0.6052159401647009,-0.8112858871728804,-0.7779151475270794,-0.8146328412248858,-0.8040813927268191,-0.8015179561325468,-0.7197170446532372,-0.7478711252833256,-0.7851548857754316,-0.7841267388459643,-0.9136129138118217,-0.8131145731210819,-0.714168199548621,-0.6825116227446459,-0.7782676040040846,-0.24132623025670302,-0.5737012919292446,-0.5130514523932128,-0.4241203065824771,-0.44679090629209495,-0.6297069074686139,-0.7153079033308019,-0.5999905096929352,-0.7643254719610579,-0.7691481625481126,-0.5908501321924247,-0.48500111316227834,-0.34897576140099196,-0.3942470329021334,-0.24516732254654164,-0.18582019477574122,-0.15357801420929443,-0.46611484045415563,-0.10121081157765342,-0.3246458490518978,-0.40167597703933333,-0.2967032486252119,-0.45109580232707835,-0.1130686002621183,-0.3791825273941113,-0.34497396862770363,-0.6383632765072342,-0.3470383629024012,-0.0901990711062264,0.1503060656470416,-0.09472195167589961,0.029035433363178393,0.13104895941200825,0.21158823415225242,-0.07122188557888351,0.041636722438226456,0.13127593963724346,-0.01842480111747113,0.06256902581677587,-0.3562049615451644,-0.5367291573853485,0.03119425173311045,0.1147691382454165,-0.05281579000858607,-0.20341692433459035,-0.4859707572442113,-0.21663546053660546
Os01g0802700,0.4230283149299725,0.4467429759603161,0.4493340445093798,0.4464500095549032,0.5053597945916339,0.6653340356836417,0.4184570612740088,0.7156482153158898,0.6733046298421573,0.6388891845112113,1.0,0.6985869331330957,0.8613108277912582,0.8018195645594011,-0.18359459323422778,-0.020547604188826087,0.23466820385062895,0.07553774488998417,0.22228490059616934,0.19841565330944982,0.4706113177365376,0.2242491807954442,0.30851711255834047,0.33149458104856344,0.06338895857821919,0.010286978076759356,0.4595283684304356,0.2818981488281941,0.45078467386582644,0.0024110351222119608,0.13780414342086036,0.011140517575421735,0.12159052700104511,0.4759390896269964,0.48420303685022953,0.37793832010715256,0.6457634383300738,0.4247841450065506,0.6216332137368121,0.6803685421978434,0.7118591102760122,0.3463050166695387,0.37840564551572325,0.5509011154603386,0.6083880679122208,0.7032554386603921,0.6377645567608639,0.7111640873374199,0.620682287278904,0.7930338648249283,0.7096161853949686,0.6816971487874872,0.716954024901313,0.7527526994802272,0.7859951130651579,0.7004887823955658,0.7465078493229234,0.7542449044915142,0.7455199403159429,0.7254435355367727,0.6320829494540813,0.39776242811955914,0.47179611910430563,0.4922924304149706,0.6099832510426618,0.5372315096175401,0.6385311374593547,0.6393798331010148,0.7344682523415758,0.6491975003096844,0.6453075964074034,0.6511042630580515,-0.1623602436531591,-0.027236621612644653,-0.11083032973541804,-0.5614578338240986,-0.08208500044839313,-0.32960928433291276,-0.34818063485621575,-0.29083137614678184,-0.06516405494675032,0.42413779727977813,-0.12108552108489454,0.396282565094584,0.3467689322623627,0.380327713232482,0.5992530300298933,0.28532613461373113,0.6422231328455333,0.1816111104383591,0.3255657330026118,0.15108127359790113,0.30508696389996487,0.059723227886547235,0.06622530129825112,0.3522618521286919,-0.3521455375839199,-0.3720428326121612,-0.5045476148271318,-0.4782450335623522,-0.5573184954529901,-0.590665052384117,-0.9000844086144849,-0.7261728085835398,-0.7712614643213335,-0.7909880602429578,-0.5983536061488987,-0.6392800670641223,-0.653847748154357,-0.5073938636503039,-0.5314779130401167,-0.49618718798569944,-0.6479670543393483,-0.7123223792587767,-0.5769274551455915,-0.6258555530149755,-0.7529458096614738,-0.7335050004233162,-0.650992518536029,-0.6158872009614159,-0.7121633588058185,-0.40406922605698203,-0.35200360939287756,-0.44803303494134467,-0.45792749947658706,-0.3671831275631145,-0.5610811156233904,-0.5715716110911468,-0.3919838250363762,0.06200555636948512,-0.4300356971377214,-0.4587970805064696,-0.1929363286776018,-0.5071079667744568,-0.18280032201405297,-0.20664800064814365,-0.4462258664518128,-0.5468947784575474,-0.4220733633103838,-0.22830752108544464,0.018744567519146983,-0.07729638810941991,-0.14162298863416434,0.09231669011533751,-0.14779330308744978,-0.3948842984805064,-0.2410962086005325,-0.22140607031894324,-0.17763614706887568,-0.0586238791341383,-0.46571273235357913,-0.6270325766123842,-0.09948987262279638,-0.31527621692933294,-0.24923395641306234,-0.3311379534754696,-0.527157425037618,-0.7501325553757504
Os03g0727600,0.446931027560834,0.5993737273041544,0.28421493408199494,0.2817746035287824,0.36966792788614944,0.659932154936835,0.5520788149050803,0.5926637571185275,0.5161845521114584,0.7228494280875687,0.6985869331330957,1.0,0.8898065317701792,0.8611071345937173,-0.24308011922923098,0.16103643840858045,-0.009960468267216797,0.12119786637047429,-0.0033520756154686235,0.15556553497007772,0.3681887100420498,0.13969229197293578,0.1064949780055117,0.28248329385719295,0.0986255804368419,0.07879681565993893,0.3115134173627017,0.19660707847646158,0.3884508912180292,-0.10479892210241135,-0.012060158134976422,-0.11929770525419785,0.08569624305432559,0.43523645816525225,0.5129222862332902,0.489498193481897,0.577741700168266,0.5747600771288549,0.6158392213022056,0.65951147084687,0.765851519945474,0.3726246906778725,0.4196691489748364,0.6205451473449007,0.4893039674507092,0.6486273861193232,0.7087896965632562,0.6287743851405792,0.5920807524471118,0.7614354773365121,0.751018742328545,0.729310346384683,0.6960534490899578,0.7505125627503687,0.7512696455335406,0.6968738974433158,0.7029149915212514,0.6823827105660709,0.6926486670772555,0.6710559290387246,0.6112686858157326,0.4283071248865804,0.3999046848211218,0.4694644949916034,0.591574306344975,0.48846225540119315,0.6781766850771584,0.5963889539146041,0.6618413570776147,0.5751665482481821,0.6188787307004402,0.5851874513041976,0.06571461171039213,-0.07208496659834357,-0.009550064268968213,-0.5317871052187565,-0.07581288632626867,-0.18635835564359607,-0.5121051815974883,-0.30837376281081336,0.054353534493702685,0.5039238926592448,0.049782145882113715,0.6254301007496165,0.5991254385169437,0.5678987821547006,0.6686054310688437,0.4466895680981028,0.2877746337829654,0.012281217219504153,0.44204597947339025,0.077592859257324,0.35059219400006053,0.044728035099344095,0.2780587756560798,0.25565529669300047,-0.5101861935862241,-0.4802441384421579,-0.6746894096014175,-0.6532971996382395,-0.7234796193781602,-0.7359155219974689,-0.7789638256557802,-0.8038240432532746,-0.8769348598561544,-0.8539624487736877,-0.7079767218491438,-0.8244496190110249,-0.719477775121524,-0.663060616754466,-0.7252899489348534,-0.5820774981431944,-0.7502660103283284,-0.7016040577658542,-0.6136408270508473,-0.6525645379840808,-0.8305751159946536,-0.8722785525086074,-0.8324872377435408,-0.7114602450334003,-0.803487909180949,-0.6214297051594769,-0.5436105034539207,-0.4589046285468916,-0.5147695779536037,-0.41035168743785244,-0.6201378684591422,-0.5557661345340871,-0.39811959067098535,-0.29725293208238174,-0.5483540808544772,-0.5423651507930984,-0.06387937975944598,-0.29550941073659637,-0.2728315357211564,-0.2295482829218575,-0.3109211000434906,-0.5508971108874707,-0.3968636806592485,-0.11463145489489547,0.14322708860053054,-0.04997621773895095,-0.0423756058067378,0.053175725223764896,-0.07282731824504744,-0.32133366957994736,-0.1700418328499003,-0.14777967347310475,-0.2409984162176109,0.017200721027723225,-0.47556479158118403,-0.4684112069847065,-0.1360909079606778,-0.31942087524434387,-0.4563558318330471,-0.5695524515134791,-0.610706191366872,-0.4718520631707218
Os06g0194000,0.5548743734786669,0.5507355455294508,0.4771779090880422,0.388912280801166,0.5481631757205463,0.806359462994722,0.5525520283270501,0.6986880713341047,0.67123147780926,0.7892463591258729,0.8613108277912582,0.8898065317701792,1.0,0.9317078311691975,-0.04025589535567708,0.18680933754805948,0.3172019099193901,0.20764086834495912,0.21922527466611544,0.2971942439702498,0.562268423818304,0.2855855243795056,0.2708871856437839,0.3912265592682818,0.18520694957400127,0.13711982362160216,0.45322318133148565,0.3415164498439527,0.46968533008153024,-0.011697615961545053,0.09153901791767213,-0.03595226117293478,0.2514601380898381,0.6089721447736702,0.5450935228125864,0.5477739279879231,0.7242251398936911,0.5806216904375606,0.6742725575044024,0.7660699203831581,0.8282974735866062,0.5336783161032438,0.5578494893803951,0.7477686101096491,0.7199591703987296,0.8173666869551924,0.8136314920580685,0.7982801855628405,0.7294523900938608,0.9168700121198182,0.8643451882867258,0.8349177637611113,0.8274650117363679,0.8766761043254712,0.8945076283246158,0.8643015096779171,0.8590316658874187,0.8493403898002165,0.8578290411276814,0.8408162860648813,0.7013300797219941,0.5798544103411286,0.5620798708356781,0.6392454848202206,0.7265283815127106,0.6725940094299957,0.7749926229432182,0.7334294669492517,0.8014969420161531,0.7595867366929818,0.7670669211108689,0.719076236148106,0.09456948664992813,0.055327020969634544,-0.07063534155672391,-0.5698892448057168,-0.05179359903370984,-0.13772296151504163,-0.45323834697278537,-0.26960326092892867,0.002131139095251305,0.5415786284107972,-0.11859180041355478,0.5074591754849206,0.49402374748012684,0.4206756971877319,0.6235331813643863,0.3519981361396371,0.43746398281856735,-0.026104744730369212,0.41928540281194454,0.12872375163641292,0.35835321450510105,-0.0008256060514677918,0.25574420380039925,0.372409141944173,-0.5516143638954016,-0.4961479470634546,-0.6730036958418284,-0.6560081574305164,-0.7720035126747168,-0.8134180185124897,-0.9349135857022987,-0.8752789157379433,-0.9003005964204344,-0.8649765469410919,-0.7740605846200398,-0.793384711144657,-0.6818714504088651,-0.5905037866613898,-0.6349922244718593,-0.6398070777925636,-0.8000318476479077,-0.82044899355119,-0.721645589447383,-0.7976132594899124,-0.9076991569951265,-0.8966213769296622,-0.8816076572493691,-0.800606434086925,-0.8992225141489101,-0.6063436886575589,-0.5751236801101748,-0.5110797800468747,-0.5533124085315113,-0.5532306985154829,-0.6681672199893642,-0.6033501531939286,-0.3846605452627061,-0.07719154886635986,-0.5558404881000532,-0.525998626492492,-0.17124098941804589,-0.47250049944263706,-0.32583038167218253,-0.32010066583704133,-0.4850697268009012,-0.7169468854847472,-0.5661970391205903,-0.2957387641276497,0.004413945022320394,-0.17514130638351086,-0.176366953538223,-0.05046961667505153,-0.21229981366158945,-0.48927867118365115,-0.3406172336496561,-0.267300833545317,-0.28781758037374877,-0.1566098897772825,-0.59957439648475,-0.7156705915103129,-0.1618860827896776,-0.32123006994143327,-0.3756996374787182,-0.4120640649580924,-0.6133600346181147,-0.5757789504208719
Os01g0580500,0.33271905510480965,0.5188293397221434,0.42958673719279067,0.4125984006958403,0.6669065395575609,0.8861403437735392,0.4881362166626356,0.7542912731127621,0.6742214936477169,0.7629670821297241,0.8018195645594011,0.8611071345937173,0.9317078311691975,1.0,-0.026494085723010413,0.3269986308685398,0.1833221531940842,0.08880771233843274,0.09069298610523369,0.1609317542468091,0.42099490533543965,0.23946960903559916,0.20762284050989702,0.32279274030977656,0.04105805170593911,-0.04848855380077222,0.3066416999745596,0.17525190434706076,0.29331118771516096,-0.05406864986214528,-0.06464528980910104,-0.20443805674507742,0.31178565440708794,0.5320143503532904,0.44259767310041076,0.4594374571790233,0.6058251465594955,0.4615451345540341,0.5433754794304023,0.7810902462402667,0.7877788949442508,0.4134968118266286,0.5246293318003953,0.6673070483713793,0.7121919126001773,0.8360901703114939,0.8012780813448486,0.7717459357248583,0.6673228021139589,0.9083452710090929,0.8475498738870093,0.8237492049377002,0.8080771466481141,0.8290369741827306,0.8555357419369426,0.7746137375043752,0.8039668720072164,0.8171660309699278,0.8269799801555507,0.8142152627239733,0.7038430582830278,0.5050722331125738,0.4817460373184063,0.5823496881655877,0.6362320419120153,0.5797126059439374,0.7015549655303035,0.6606038984804226,0.710606915095676,0.6544388891463588,0.7138119568147371,0.6286534215775402,0.06618707177836727,0.013840832499031966,0.005261262182238271,-0.6328854491367901,-0.19794791092173877,-0.24833234110328034,-0.5330523584871238,-0.3418368038198945,0.07416340880628762,0.4381175239042322,0.11791084831439361,0.6233569170251327,0.6499884332444752,0.37041873249244245,0.6663512410479522,0.25577368568911646,0.3581677631167384,-0.07981647812073413,0.4080541284577919,0.2600781317180462,0.4938787714465627,0.13143189790511098,0.26571404779727226,0.32797551419733095,-0.6253714830137709,-0.619610045921894,-0.8444477492122477,-0.7641998114402694,-0.8609384671800442,-0.9024449709652704,-0.8689896206822081,-0.8907949320240997,-0.9067560731187023,-0.9646986784736266,-0.8091098671110122,-0.8239107089151639,-0.6588639799968903,-0.6388496101641474,-0.7114223375034984,-0.5589999988283526,-0.7440323815332666,-0.8369041776865687,-0.6556285668734754,-0.7316817121419312,-0.9413950334121503,-0.8829249216574302,-0.8406743432719329,-0.7924195362394989,-0.8677211091065555,-0.608524839399476,-0.5272956139280416,-0.46476163034756707,-0.5990576432391652,-0.6189454682656448,-0.5687124688656992,-0.6325183174624317,-0.2871048704319941,-0.07799069026462073,-0.5176168920297235,-0.5558337441665572,-0.32316751251528153,-0.584268138562616,-0.18634827821690092,-0.29933189677178534,-0.5104474333491101,-0.6702312855003053,-0.505911668992499,-0.435102150172632,0.0013813086639547485,-0.2417757086339821,-0.23944182842197806,-0.05845474580359753,-0.1363721125724243,-0.4875239885348235,-0.35033640746206357,-0.28543056570646624,-0.19949145647259922,-0.1405698374827195,-0.4971145911283201,-0.5990483763245208,-0.2043733406443115,-0.3126643252064897,-0.3672100495713976,-0.3733616870608742,-0.5443425078226215,-0.45508241932085985
Os03g0179950,0.00646865861868964,0.1155165747466437,0.20846406815868965,-0.058165480192366684,0.13917715352035004,0.1359281448267928,0.08296076915237625,0.06454019765000421,0.17682542688634248,-0.031115767813846715,-0.18359459323422778,-0.24308011922923098,-0.04025589535567708,-0.026494085723010413,1.0,0.7267737339342952,0.5713639514570894,0.7085448953855814,0.6876019865686117,0.6780778846420152,0.5589142984638393,0.573251361691158,0.5730488648928264,0.4450943473770129,0.5731494469900763,0.36850377412160823,0.516008336490234,0.453759615835956,0.27769984616753135,0.6051099334798458,0.4841581204198775,0.4400901984363125,0.7687831786551697,0.5592416360682254,0.3326220172857506,0.4409708541979745,0.36013344178355783,0.290279604636341,-0.013395693948000829,0.15524812566248802,0.07838240260979504,0.6765771998169802,0.5657565331312349,0.3106436467986986,0.569923795382268,0.37225539530707685,0.2952297448154518,0.40551085169528484,0.49461808112278566,0.25230569846045137,0.38495574633785545,0.42367742824779897,0.3854851841948165,0.30085448905941903,0.29764426965237073,0.3809523388315941,0.35399583048163086,0.3521521473137433,0.3707614677756512,0.4177041755390199,0.3680308134147073,0.5745283559065992,0.5186874890358962,0.6199582913434202,0.4709351256902122,0.535438785945187,0.37023929914350046,0.36710870209785934,0.3162545900780339,0.45472125869938135,0.43798308143735243,0.35299438656205484,0.4682039313637677,-0.05615171831425394,0.19622325753382894,0.46218521868880713,0.5219823860044311,0.6247190898246419,0.3560858305385602,0.33145074578472616,-0.34180803721158665,0.009620503469838112,-0.47994494364749496,-0.3439964940359925,-0.14269728250599717,-0.7597937092466753,-0.6791463057160713,-0.28364732942821097,-0.358057747488487,-0.47679934721742784,-0.35847210778569605,-0.04988780927925512,-0.21006444307276945,-0.4613354430313904,-0.08231462646970883,0.11415713544250665,-0.3964978269502321,-0.2556341471274202,-0.06652945095281339,-0.1878344658172375,-0.09433644175557962,-0.13612349865153778,0.08605440038427803,0.16392899173961484,0.3077254436383545,0.17571244604228056,0.09147326627218864,0.3814350143708035,0.48816687249634627,0.4400530031329961,0.47555888306811755,-0.2525252308769758,-0.2553633773560026,-0.3066907373500325,-0.4308935952115021,-0.4249259172068435,-0.02392298137880719,-0.08002551048774464,-0.06451875376092657,-0.3804616938279738,-0.12310602300243269,-0.2024243178585586,-0.2946437042526171,-0.1099003860114702,-0.16202355643432287,-0.26355290024901895,-0.03816447994164637,0.03666939905900613,0.22034887354834198,0.4890663221649306,0.06981982731884703,0.3033059561288875,-0.10530716265472195,-0.4816288299872408,-0.5551973929224796,-0.7090228145924493,-0.6612036996009907,-0.569733358836771,-0.657182451743123,-0.6533531557132719,-0.7884375166355967,-0.8842901030224706,-0.813935932016141,-0.8018095576467943,-0.6440740544379843,-0.6247282863975419,-0.7037500016551878,-0.6395092836272394,-0.5601950989463993,-0.6712022994347904,-0.43431887905957595,-0.4079200303868754,-0.5331411760138742,-0.2063004024234086,-0.06448038146495283,0.05642754353843556,-0.301482278546995,-0.09693480522790061
Os12g0106000,-0.009879892061227991,0.46726237468674414,0.21399833289354675,-0.0584063382102916,0.1694093488876106,0.3448637774374037,0.3168787148029369,0.22472624883748682,0.4231714034614954,0.23916471767311664,-0.020547604188826087,0.16103643840858045,0.18680933754805948,0.3269986308685398,0.7267737339342952,1.0,0.3409153856040122,0.5982662719467202,0.557999667346069,0.5338016990798584,0.5438610683180137,0.4839446260946324,0.4593289652584729,0.3777672649661128,0.3177978169829341,0.06985201278114891,0.3498150566352003,0.20507637973040185,0.1685214284160628,0.39418119349540104,0.19860861391818824,0.16919318980500925,0.7809844336306272,0.5222745287576892,0.47044069019235646,0.5718310471755227,0.3692345453083303,0.30023297979015273,0.023056632729361103,0.2648514924157604,0.3549091752380784,0.5252087182777391,0.5071930712303926,0.38120147906168494,0.5933896392097615,0.5405547562032031,0.5283759985931238,0.5427324605164431,0.5732840918209593,0.45964423418312506,0.5554311171868115,0.5997601142670962,0.5777471754289049,0.4741347725275248,0.463301608290718,0.4467992193001185,0.4856049532241901,0.4530592143567574,0.49744537026192476,0.5525580896930669,0.49040700726701386,0.5536992413910601,0.4708381647529755,0.6239468179929496,0.536875309027556,0.5514929292714502,0.458979463451609,0.42670858573831844,0.4122734191809425,0.4648993569188645,0.49023195981021606,0.3659767790976397,0.2258475210247686,-0.2652371887067406,0.18081954103918632,0.07118505600469706,0.3646615639428459,0.3599058089540865,0.07909298343382207,-0.009795399660836436,0.1482962315321768,0.3618978128012352,-0.20487542704969255,0.0558881655019509,0.16731764202987043,-0.5384466580625844,-0.3451140055266446,-0.15940531372006803,-0.3285187375438162,-0.2185929067330578,-0.033891137015591856,0.2750367012707331,0.04624904040855654,-0.22841578895817688,0.12925664449636787,0.18335075383684307,-0.5743877536461692,-0.5239315775545983,-0.4906151450428463,-0.4114447883840801,-0.3541748302284751,-0.43906504805853175,-0.054747044610827786,-0.0738555315151087,-0.07528887726922705,-0.2813528013092904,-0.31308063234766287,-0.022199743645636382,0.133293701120479,0.2131392313300675,0.0903090435093054,-0.4065293437480576,-0.48719953930261783,-0.525892421920481,-0.5365517531927934,-0.49078396741405983,-0.3540249795545732,-0.4021261752247804,-0.32115291682993546,-0.5997145284877483,-0.3332718283206943,-0.33519984577217504,-0.43269645226453723,-0.1348005321785535,-0.48795594721022423,-0.3982356631879408,-0.02459504522873669,-0.05876431492509354,0.3788362535355672,0.42502606515380814,0.03963470101468732,0.19859152683764036,-0.485522688467995,-0.7521903720232792,-0.5024297232319651,-0.6683344628436886,-0.7250855672599704,-0.7148468415875266,-0.6775063313987127,-0.7117333637313293,-0.6433476469997516,-0.8432316893719978,-0.775410660905139,-0.7077188323637217,-0.4657267268070248,-0.5820134060095046,-0.6588843041678133,-0.592087464537295,-0.31837695558041385,-0.5518345265427324,-0.5396966891645326,-0.4667154264477857,-0.5166464820703495,-0.22698694009240683,-0.09631482262658964,-0.3091300763426614,-0.4581213641376987,-0.11611734363040314
Os01g0643300,0.3096154693008749,0.14357458051944214,0.5558910368670396,0.22660166235561144,0.3633697423144811,0.38391600765370115,0.48137642297174393,0.300414677234334,0.3582965048711028,0.12046780498496831,0.23466820385062895,-0.009960468267216797,0.3172019099193901,0.1833221531940842,0.5713639514570894,0.3409153856040122,1.0,0.6223489951035294,0.6223329750172186,0.5444751471777485,0.6107331868948002,0.7297765073912467,0.553533085252372,0.554665068528043,0.4609820514858629,0.4394334153227349,0.5454793870765005,0.5445586435729838,0.39674997886738234,0.3949117519133308,0.33242288665546177,0.434814628204795,0.48062659526115553,0.5552049618432445,0.417369194247429,0.43371835583177804,0.4433727697849103,0.24260643297897683,0.3766472380977453,0.36036948132051033,0.3423027199761019,0.60988961436505,0.5985282332549887,0.45612258245443466,0.5280581639781591,0.4761253555057314,0.5261949193779855,0.5139178945152691,0.5314900487915795,0.428540874669881,0.3952673322599597,0.439756889764554,0.4507871870067792,0.40955171886495007,0.4625219085585767,0.5636983495682365,0.5385424805904501,0.5337750229841165,0.5226846828478977,0.5534528873811303,0.37716844516460263,0.6415343382164046,0.5425468086347407,0.5249091602988668,0.545344077892875,0.6365384869934757,0.43085458748675337,0.5282079310295794,0.5372941745820566,0.6160763663204853,0.5214351391590778,0.4794947267690309,0.14243491846450823,0.07540490802843955,0.002184626740246034,0.0779289125545727,0.3353188207743228,0.37089623746086986,0.24099492062704975,0.16710679544748003,0.006416383385269053,0.39152235853760675,-0.43722135653435423,-0.021379020587587425,-0.24747133482348097,-0.286791660466756,-0.2813159543620919,-0.05227692065961436,0.2061070524152296,-0.21077247512508102,-0.12509642198111762,-0.02896641200947072,-0.1913370414520348,-0.3837621226186958,-0.04331542141009154,0.261329370472684,-0.30174672047049106,-0.0071698929478013675,-0.06552782748239364,-0.027020849989506726,-0.15601548237538174,-0.2222553818693756,-0.23830222910235094,0.016301649465465876,-0.09176538075465047,-0.037466605602107364,-0.15801095719328972,0.07901114313927707,0.18506423195309601,0.318339560607041,0.26714844825922884,-0.4385534341063358,-0.28022902126338006,-0.3951540343034548,-0.4301962161197486,-0.5609976767479521,-0.30859565245170956,-0.21482348774331617,-0.2314308073766387,-0.30800962515931646,-0.21075090744572908,-0.02538465331427855,-0.04822715631222662,-0.17492585428715157,-0.1873346333926858,-0.3003161862481263,-0.21233821141733286,-0.010345192348694196,0.1630491478956643,0.5236434964499945,0.16306068410019298,0.32015629221897696,-0.14514508792476535,-0.406546348387708,-0.5137524563740219,-0.22579186193905904,-0.43251719948690154,-0.5833024176500509,-0.562316853634491,-0.35341122612571313,-0.39984283543128707,-0.4310539770743053,-0.4865816227493543,-0.46061332371805913,-0.5055769446415371,-0.5422619070393704,-0.5624116563615971,-0.419852876309425,-0.35098091774080237,-0.6291614593225845,-0.7199713880281247,-0.6331059042885925,-0.2960023158689308,-0.10398743982590936,0.013807591145149421,0.11816547198083745,-0.20357143162913424,-0.24234668745421428
Os04g0578000,0.20514328255226721,0.3150748372436419,0.5561271510436251,0.04310449617244605,0.050177560668124094,0.18909469058937012,0.3733342397470622,0.06488377604039536,0.251818646659756,-0.07038665964258264,0.07553774488998417,0.12119786637047429,0.20764086834495912,0.08880771233843274,0.7085448953855814,0.5982662719467202,0.6223489951035294,1.0,0.8436664717785308,0.9069470677080226,0.8196318096660782,0.7797418871043056,0.8505983242513726,0.7898239027808501,0.759928547841528,0.6379402337558459,0.7983776213017261,0.7608218866744566,0.6829212677291859,0.7653604035379109,0.7380680383876806,0.7375756697221382,0.7373791142078111,0.7270961386760136,0.6051282780912254,0.5476473045429412,0.6895921228462355,0.6832341920476227,0.49067840484912656,0.42682938218761307,0.5000030320675407,0.8393349670291518,0.66173363687065,0.5167487174845472,0.5794171108574926,0.4449119394367117,0.5592044377165883,0.5749968941557794,0.7177184440665388,0.39740577056258336,0.5390312373432836,0.5648589075352524,0.5372681426131111,0.519582441859142,0.5060953668097946,0.6028793480479627,0.6158761155248583,0.5623409204303896,0.5613790854743375,0.6017030599701412,0.5808593462452338,0.7409499488648922,0.7624268296480158,0.7330757959233721,0.7336070738824053,0.7725567308538204,0.6993890995178643,0.7110751658572765,0.6651753732249006,0.7200310581308579,0.6683241545982305,0.6575819639095617,0.38483422403608103,0.008667089420472089,0.25486810935257576,0.32091384171957626,0.6434106152876814,0.7669959446029243,0.49030782948276863,0.3804978895734911,-0.22493508243094232,0.4604631668825277,-0.5633928970237637,-0.1270422929636797,-0.03225748570724111,-0.4106073636679646,-0.5029316440326819,0.1896762824876006,-0.11429703554609465,-0.38356964288867035,-0.4566674168424884,-0.3668551723163161,-0.5543382535919127,-0.7904191290370096,-0.3499028558364535,-0.09205933330605645,-0.3889087443060629,0.007574303158165073,0.028248162805740794,-0.015401950319176462,-0.019519617980691805,-0.10908362081763169,-0.11178122039724406,0.0731881971953211,0.11893859783845973,0.040030239228761866,0.08831999918142462,0.22881972921018479,0.32394084238529014,0.4775801040073323,0.48254816992475547,-0.7078502723620832,-0.5287920432941454,-0.5435978512938133,-0.7156394588371041,-0.6973921086397922,-0.2496902719558115,-0.32218291663730725,-0.3303626155547874,-0.46985882811804863,-0.23767962089429137,-0.26964198191089017,-0.3754982944467302,-0.320966077301104,-0.3957647099778441,-0.36964331880768214,-0.47168138795293807,-0.256818532102169,0.26520639053537487,0.43664131022538166,-0.04075365438751013,0.3020820071267478,0.06599137203206859,-0.4520304495251601,-0.8161307574056678,-0.5948135067675837,-0.66315252451142,-0.6378431795971157,-0.8049387059100253,-0.5143968173446529,-0.8052075652811619,-0.7759695709276848,-0.8218934994148606,-0.7765171433389657,-0.8912656551835197,-0.8042930448080715,-0.812312636886788,-0.7909914286990822,-0.6964729629398647,-0.7567588903173038,-0.7718787256515628,-0.5948629759451618,-0.5409576590983557,-0.4720577550983594,-0.2834458595575841,-0.3610831050822752,-0.46862884218167583,-0.506290574604476
Os01g0656200,0.295018561889856,0.24654748729096196,0.4967177792529307,-0.1403142387860968,-0.05039993327192208,0.12380487028620532,0.2124850482960195,0.16108961295895996,0.45768118220115456,0.006226614190847895,0.22228490059616934,-0.0033520756154686235,0.21922527466611544,0.09069298610523369,0.6876019865686117,0.557999667346069,0.6223329750172186,0.8436664717785308,1.0,0.907909803376474,0.9108083547166099,0.6649253300209534,0.8463688877589733,0.6739234839216979,0.725088255701893,0.5548757828065198,0.7899851109511844,0.7384425284357722,0.6949902281072478,0.7679623313282974,0.7560336840205921,0.737126207865852,0.7267936314138965,0.689824777834993,0.6347531075101873,0.6038108259400068,0.671195389072138,0.49653161495080567,0.37592445831095456,0.33940848081364505,0.44634389238594724,0.7693188165828957,0.5769403991420905,0.5520131595104448,0.6389637122466582,0.46919522299349414,0.5360471205447462,0.6458394977456937,0.7081920370091385,0.4499658970644995,0.5240106854493927,0.5448315939804823,0.603049889961311,0.577286456585454,0.5431735814540201,0.605265602067643,0.6094776434096073,0.5651240775528401,0.5773881748167398,0.6098469998104186,0.5625036530884301,0.7454827978841277,0.7944652867831133,0.7893214048464372,0.7501506012651438,0.8069440706966247,0.6307938421155584,0.6670899106308149,0.6635569453287339,0.7279667563423019,0.6671035591166318,0.6797430356870744,0.31256472216093856,0.08589690706750977,0.18806881691319974,0.31917689968382934,0.7376366812950341,0.6701596465138776,0.5530050418942967,0.36337172686052543,-0.12965093745569972,0.4950877868179621,-0.7577232152829813,-0.40777461362350637,-0.28239035372867105,-0.45171361028842566,-0.4812851642262397,0.09443178310992739,0.05109661234984703,-0.1517213597261881,-0.28277203777162374,-0.163284863331528,-0.46649001585585004,-0.6657587589972956,-0.1652789936103787,0.10515589861400107,-0.200483225302472,-0.05242941655057057,0.095211588311445,0.057607082444881504,0.05899504173209621,-0.05259816703139351,-0.24667653688183824,0.039590541201583083,0.06930840560924348,0.0455123640964186,0.043626159704255534,0.30055432862378495,0.27147453104936525,0.48149731990093847,0.4892812490468212,-0.5710993476771646,-0.5341702091033752,-0.4936159382338549,-0.6690780736971474,-0.5971565929204443,-0.19311379364600953,-0.27731085892514584,-0.2656235188702043,-0.4650422965282304,-0.31104962976325073,-0.15695792980175516,-0.463926211119082,-0.12672682822301162,-0.26822794980432024,-0.2866633548727937,-0.2900806237834175,-0.15106713616007333,0.2210637750456171,0.6115295041656539,-0.03011431433846984,0.2475102950410491,-0.26547231578334846,-0.6002706537318209,-0.7746823977629037,-0.6380894014364331,-0.7792208309099625,-0.7036128789503263,-0.829379337192592,-0.5534095548062093,-0.7617297054092271,-0.7492576916005902,-0.7775292000363964,-0.8053875133958414,-0.8140134054572846,-0.7357064893212268,-0.8097314069785769,-0.7698454207062285,-0.44024776152775924,-0.6277532951091293,-0.6053524019801862,-0.680233932743656,-0.491650974811637,-0.44347176716808684,-0.21793800433379668,-0.38420689843203465,-0.5666748383388659,-0.637725560088288
Os03g0313600,0.37947258041604837,0.34777587211919997,0.4567379008854043,-0.18482831306974887,-0.04774548463358893,0.12379832099768488,0.12387760824330347,0.1144857582454322,0.28474806669472175,-0.018301558703492163,0.19841565330944982,0.15556553497007772,0.2971942439702498,0.1609317542468091,0.6780778846420152,0.5338016990798584,0.5444751471777485,0.9069470677080226,0.907909803376474,1.0,0.9279612517058604,0.7128163055580014,0.8745215279017511,0.8292692672351433,0.8144922639538664,0.6690783601285628,0.9006833812948268,0.8708378371695081,0.8369409947161338,0.8300378964896596,0.8739097015011736,0.8382911040355198,0.7280806806448513,0.7617818967425083,0.6695474611650968,0.5701220576563284,0.7955251489734553,0.7068515172417017,0.541342480043175,0.4661724073502028,0.5492115188907138,0.8787391818881739,0.6253415053609604,0.6531575226605824,0.6308839154100496,0.46203047236073647,0.6125037260650121,0.6744241053914044,0.7891800789515422,0.46770557825580417,0.6227668304975698,0.6073045751633669,0.6454157736871367,0.6304564039570911,0.5951001039015754,0.6897117298095935,0.669330492909423,0.6262378813543293,0.6556612846816301,0.6570097478747079,0.6929661668422034,0.7879575210441907,0.8547863355046599,0.8503154297264337,0.8314803909112206,0.8567034142616142,0.7695193047037655,0.7838671637854359,0.7151605830659821,0.7832959252128032,0.754150119241436,0.7771873658154529,0.43608620964872463,0.05905528897003723,0.19221477211586352,0.33088565841825185,0.7149809445747596,0.8092541732944187,0.5427440469309383,0.5004300845798229,-0.30582770467904025,0.4186251560343937,-0.7453649674972155,-0.22434322376176033,-0.12195873765624288,-0.30347832918641066,-0.3722261366616714,0.35785599531898066,-0.014982608600462369,-0.24595297241100858,-0.43266804587934404,-0.44312411072457075,-0.5833500180591784,-0.8396308702008313,-0.21116530668409578,-0.0622335449145562,-0.29237914735162857,0.01557236884287327,0.09279678064438106,-0.007314132998279854,0.027051442821061325,-0.07291865787120669,-0.25042511182802923,-0.07076422191435026,0.024044529771530314,0.007086716403983528,0.06358463751276068,0.21517565573819097,0.16319459020611646,0.3851901709376634,0.4488577007748572,-0.7309680987248419,-0.6519181393667769,-0.5902772007731096,-0.7875494196237632,-0.708621013825534,-0.3088056491771264,-0.4269815560953199,-0.4571297298552999,-0.5179362570421331,-0.39106299764187447,-0.3514636831959156,-0.5845581590043241,-0.37057141448052616,-0.3854508369832777,-0.4001578996406145,-0.5360441453163748,-0.3601794328566295,0.18316718575103164,0.3939907629641392,-0.30138360718529333,0.08643219574459719,0.03380678938792894,-0.44512351385895776,-0.8719384234453196,-0.7010445223621962,-0.7326510510754348,-0.6876883464053151,-0.8786419280216077,-0.5117721022271161,-0.7648715657997768,-0.7308835481937676,-0.7817511697838739,-0.7762804455827667,-0.9206969907622914,-0.8269441188109224,-0.8647575697351175,-0.8314213302928549,-0.6634893577154632,-0.6150806175770552,-0.6522624813325606,-0.6224116986008221,-0.5206296092110857,-0.6386829020611025,-0.38768970228965427,-0.3721171819409658,-0.6291775586299944,-0.6462946316853491
Os05g0403300,0.5101386271669349,0.4779015023205898,0.5715782342699127,-0.03639082927575315,0.0938086389640262,0.3638829976647127,0.3230578291962879,0.3396081100749785,0.5751141683151074,0.277366109229203,0.4706113177365376,0.3681887100420498,0.562268423818304,0.42099490533543965,0.5589142984638393,0.5438610683180137,0.6107331868948002,0.8196318096660782,0.9108083547166099,0.9279612517058604,1.0,0.662632527774164,0.815542938548182,0.760949883518159,0.7058868409076489,0.5449792506770921,0.8711581254038746,0.7942949564444665,0.8153065923976119,0.6673276576062822,0.7193450179588116,0.6669882064590158,0.7122671259403817,0.8410836173741265,0.7723800274747771,0.7199713046089945,0.8717793461076295,0.6968836562570927,0.6075934102250544,0.582584376169947,0.7083624762541764,0.86907637534811,0.6694236813103686,0.765727347826204,0.7785377849355347,0.678426166781039,0.7747323195513636,0.8435778079485323,0.8974767755711519,0.709869649921033,0.7829172106715107,0.7692420568159897,0.8223011627924327,0.8146501189859637,0.7920868797953189,0.8515990161939825,0.8407079871713782,0.7931451821082933,0.8185774476143941,0.827687045964666,0.7633154275036423,0.8513301681561047,0.8876663218922758,0.9220592029000121,0.9302521550987878,0.9519931057869151,0.8522290478798619,0.8617884596480607,0.8599886753947735,0.9017326889732398,0.8641610602026031,0.8617783817746343,0.3438930769785117,0.07371548707668675,0.11662566843612256,0.07212130877375875,0.6297526774549138,0.5965997122994822,0.3194865939979828,0.2537031103816445,-0.14832193678258823,0.6004619927348125,-0.6942134488123177,-0.10944743895403519,-0.0289434547275854,-0.1900673891649907,-0.15502068892058116,0.32535878353957887,0.15313896905452895,-0.1248227002059546,-0.13494352281178695,-0.1934355755054799,-0.3320361762662869,-0.6347150100317815,-0.05889716668848191,0.14961729909302074,-0.4095594801170928,-0.19124319642326643,-0.14785296990557584,-0.1849781360883452,-0.20373622150586151,-0.32107948496416233,-0.5312076942369308,-0.31598198081907,-0.2758894351940929,-0.27307087834731447,-0.24531144731929705,-0.058641119100470346,-0.06414969171034003,0.18550169088601764,0.1901245450246905,-0.7921568567947262,-0.7892327424370742,-0.7396333558338709,-0.8754816882852936,-0.8183267275378258,-0.5211727753755475,-0.6134729329601573,-0.6131239370347555,-0.7029791862647224,-0.6167382667730018,-0.4310828309472518,-0.6658231742544138,-0.3964128599998668,-0.4806365782576735,-0.49169598472397924,-0.5657941639838131,-0.40835613693096584,0.07760255630940979,0.4295756045533097,-0.3245889723047385,-0.016638796611772266,-0.19590181811968,-0.6284929205964044,-0.8359987387528595,-0.6819239129881418,-0.8120497030695023,-0.8538185194235307,-0.9431544031593918,-0.5289567508285773,-0.6539321755430878,-0.68106422505216,-0.7217010782084935,-0.6946129151481979,-0.8101832199653047,-0.8217343350047714,-0.8281098112418698,-0.76105567562461,-0.5255228419246749,-0.5830158667953841,-0.7430594345868766,-0.8131024813373782,-0.45078901429541096,-0.561233218761868,-0.3748839918740093,-0.46404008587236734,-0.7274340505050153,-0.7474062072310051
Os10g0535900,0.19228719918699916,0.13519999729568408,0.49662133262921426,0.007976180208515987,0.34988133204677724,0.3316471999416066,0.38118289242257186,0.363290052511423,0.2578761436341136,-0.11056445840240238,0.2242491807954442,0.13969229197293578,0.2855855243795056,0.23946960903559916,0.573251361691158,0.4839446260946324,0.7297765073912467,0.7797418871043056,0.6649253300209534,0.7128163055580014,0.662632527774164,1.0,0.8491902697111198,0.866448550910667,0.7693972830303177,0.7279778896835448,0.765373145991444,0.7967614332531257,0.6951855230885927,0.7618133180796852,0.6645537329800048,0.6633717811757982,0.5281372646360777,0.4767360423853242,0.5334245514900727,0.3433546563389549,0.6397677642288392,0.5635260018813223,0.6668767786895845,0.6368966934930981,0.5880350919588953,0.7957133472042753,0.8356530733475217,0.6749370988644826,0.5994065882700008,0.4088717308692224,0.6560258120124327,0.5712829449944109,0.6148378288927742,0.43223865100996073,0.5209088785177397,0.5756640406831637,0.5643360193281615,0.5591568141916765,0.5621852131430577,0.6052225057208781,0.6103480784972035,0.6389013866840287,0.6319063717116999,0.6429089496301165,0.7299898917566795,0.8011190934451398,0.8113438765068285,0.6884858018719298,0.7061332086796012,0.7341474250867738,0.662251909899274,0.7674979932498442,0.7126659296710478,0.7510758043549043,0.7009283304528899,0.7254460379266914,0.16109378522227202,0.029075739714277567,0.4499244694947993,0.2400054151640611,0.45852219366106856,0.5287704800814156,0.526913590758776,0.5545057597119653,-0.10526768162696339,0.488241483526563,-0.4486295018193279,0.02250046373566717,-0.07950962390100588,-0.12438160182678974,-0.2842147434888402,0.3033401838017568,0.32193548238438785,-0.442782264626338,-0.48773678661217323,-0.38083347632902453,-0.4508084631200846,-0.7154374616028768,-0.22273814608398523,-0.07256193568038553,-0.21315573034955032,0.0905642941511185,-0.012470992674471939,-0.07285784902466695,-0.16572954414530688,-0.19696958931523928,-0.21475653746638573,0.08128691047061219,-0.09589603914641347,-0.08691524195274566,0.12071077588539103,0.20389915271640996,0.20894086018435254,0.25208761603760865,0.2757768640301623,-0.6293612661400618,-0.5181619898170052,-0.5877488995269261,-0.6293518777230238,-0.7147846277074673,-0.44407659465108995,-0.37863372174800874,-0.37763569733733254,-0.35813014817578726,-0.26815490466243896,-0.17143467181627173,-0.2400062433133613,-0.12206736825863328,-0.2566440541163083,-0.2526220343596336,-0.4287819130512143,-0.27628485983056805,0.11038635687959389,0.267052221676412,-0.08678801652843754,0.06938000180884747,-0.041103427321279334,-0.3904825586810773,-0.7019811094588094,-0.40321927348575487,-0.6445756181863993,-0.5742070957499364,-0.6276289261541794,-0.5957528687759879,-0.4692852307537285,-0.6213745359309635,-0.6899985998338186,-0.6894515323720649,-0.7608867926374816,-0.7871406717001967,-0.8306892617672322,-0.8126342598315729,-0.540676582801384,-0.5162817394648264,-0.6880866956728546,-0.4394849070578612,-0.7794641481793894,-0.6320316633599947,-0.4278776393263203,-0.24329950233303052,-0.42952876527903355,-0.4758998861342774
Os01g0169800,0.10522530097148859,0.11475542732036421,0.6453389937218084,0.017209069445874484,0.23211871452193422,0.2642177439105209,0.19425562063320945,0.2357477671691053,0.2816438566996135,-0.18580236436747463,0.30851711255834047,0.1064949780055117,0.2708871856437839,0.20762284050989702,0.5730488648928264,0.4593289652584729,0.553533085252372,0.8505983242513726,0.8463688877589733,0.8745215279017511,0.815542938548182,0.8491902697111198,1.0,0.9205982136964818,0.7669551875402556,0.670653934208771,0.8554633605711193,0.8640717433666538,0.7944253684585826,0.8984699671651498,0.8378064022421597,0.7877074564731821,0.7193147449930422,0.6481751661200718,0.5112175382676557,0.34403181053056686,0.7609760174042257,0.654655749906264,0.6396481385709148,0.6278208362989887,0.6242531744220202,0.8111137862132874,0.7068429848581451,0.6221494669060832,0.6383386069077641,0.46282132045025937,0.6300460313424975,0.6579210861212947,0.7112882027096102,0.4591533755066969,0.562655654944478,0.5770490535250784,0.5971092213430992,0.6123824972596563,0.5862738734739128,0.6222955035569299,0.6703021961877632,0.6616491199641035,0.6518162692815331,0.6599672371528448,0.7382100913660634,0.7591618059341786,0.8927904120196578,0.7676607874851609,0.764136929872762,0.7999370071823544,0.7703173918411625,0.8358826367510199,0.7522606877379984,0.7755085419717195,0.7567616165329746,0.796197136392858,0.2993931917282394,0.1907209526008195,0.35711771979818313,0.2360897976726414,0.5144801315655669,0.6611740592882545,0.5972336773883373,0.5355647148707151,-0.21656140689180461,0.4525960925886694,-0.53971112089836,-0.11340912836469202,-0.007134222361968335,-0.20746281675299047,-0.282989006485029,0.32803372222674976,0.2096171487099767,-0.379430324030977,-0.5776728459311815,-0.45119764891674813,-0.6005408935099155,-0.833702119028161,-0.4139167840864457,-0.1733336515301906,-0.17497694289741675,0.13644043483233925,0.07601557424424565,0.061567410311895866,-0.0012890799424479446,-0.09260864373794966,-0.27929424283625737,-0.019865838415177653,0.01765088256781348,-0.061667218346794714,0.18308237803392413,0.25550466585461284,0.2619837474205038,0.40105242286985343,0.45227859153640715,-0.6979968812081999,-0.5577920821431448,-0.6375228326606548,-0.7210822958617149,-0.7216131267330773,-0.3651602707450646,-0.34803200443493265,-0.3795866147005642,-0.38984422056781576,-0.28211212560758187,-0.16530336879434807,-0.3599926061082482,-0.2382449517886299,-0.3738692580605538,-0.42520541165671777,-0.5684294466126456,-0.4825344601721703,0.22103261746876093,0.434932760499714,-0.18257462330441634,0.07813288001356965,-0.05147865125590067,-0.5075656405399541,-0.6917690904793831,-0.4955895473383166,-0.7365240163566872,-0.5627634260326041,-0.7531301137785194,-0.6806300157424031,-0.7327905207506292,-0.7205653426881992,-0.8220399692437429,-0.7485168731020508,-0.934333562538089,-0.9034577308763134,-0.9148123088344426,-0.9332403828991799,-0.6217955803522686,-0.6475252466348406,-0.6416278247152996,-0.5732653913240533,-0.6366059411740826,-0.696728017114719,-0.4033285917847587,-0.4175146773933324,-0.4880370917121088,-0.7165233258641714
Os03g0764900,0.17742035989406288,0.1746484427765601,0.6182239177140545,0.0004312834042557829,0.3013325044720425,0.3217700736910932,0.21794657198607573,0.28651384069995456,0.16447842040892655,-0.15106685942468806,0.33149458104856344,0.28248329385719295,0.3912265592682818,0.32279274030977656,0.4450943473770129,0.3777672649661128,0.554665068528043,0.7898239027808501,0.6739234839216979,0.8292692672351433,0.760949883518159,0.866448550910667,0.9205982136964818,1.0,0.7313536661405384,0.7082605228648977,0.8574885250051543,0.8995757838541566,0.8385092572314493,0.8340559485694673,0.7780912888974881,0.786270256219142,0.6336045545593018,0.6525976477203068,0.5112027293814569,0.3140141166042292,0.768094223682966,0.6891992282504743,0.7615752021603832,0.7153707513720033,0.6973138660144125,0.8041039840030184,0.7155021913255135,0.6946549897453766,0.5604411043170628,0.47364474829215536,0.7349915584320282,0.6809740038154634,0.7341307718520361,0.49034914660582857,0.6044032945669356,0.6034226162895767,0.6226976048928309,0.6400534912551213,0.6272618754567264,0.6843971592736854,0.7111601924216517,0.70891473443024,0.7095391451053826,0.6844958253237299,0.7895321545666365,0.7731016257597781,0.8725046412075497,0.7396450517711097,0.7870561957794158,0.8012892430222894,0.8262355524932746,0.8916214232425146,0.7666512649489733,0.7776925960318846,0.7922307932026034,0.8337073375400337,0.3433489695027873,0.1807002248440958,0.26860676478925083,0.16336319510664354,0.4122298458653762,0.6600607808488658,0.4890961367942447,0.5575694913414002,-0.20708202189375685,0.42302129250185505,-0.45973313602350174,0.1545349581684039,0.08287921738256608,0.04991529873113574,-0.0683074401719208,0.5232293127525769,0.2176365891983351,-0.3653351752298181,-0.5560759043347451,-0.5776191109625748,-0.6018492135919933,-0.8625269956567431,-0.30442232248799905,-0.19125769442505522,-0.2100299713257988,0.20034584380447001,0.018042584740341757,0.028272574329486,-0.059834723458346784,-0.1404411116128466,-0.31784704084608295,-0.1372398282359662,-0.12840676771678947,-0.15576116637312698,0.09953670610039983,0.10293218993881939,0.10829662528652566,0.2766534666099798,0.3255664567396235,-0.7720372804079177,-0.5937728999061593,-0.6706506006782423,-0.7248347324235912,-0.7666329867553964,-0.5041603684440032,-0.4651806345932124,-0.5337593223587013,-0.3707347750993583,-0.338886884176877,-0.220866779344885,-0.3502833308980034,-0.3752335915280864,-0.41791477466569754,-0.5010496310631491,-0.6994749809104359,-0.579613895365876,0.19403665721060523,0.27551924219440654,-0.32121129099159246,-0.022992731369698535,0.10247558486014909,-0.35198227969020707,-0.6888363493278614,-0.37253753010099194,-0.5841540098442239,-0.5293743844511591,-0.704823497925824,-0.5516778363985898,-0.5739346278651013,-0.5611629085591665,-0.6981661563071349,-0.6183357538125598,-0.8808032350170736,-0.88011969621953,-0.8670636687708314,-0.8524979016520503,-0.6895106601002914,-0.592477123978588,-0.6894513284371973,-0.5304920353115775,-0.5630152519684556,-0.7474824254390865,-0.4822794495987986,-0.3752969567055541,-0.507458521620631,-0.6507447741518598
Os04g0653000,0.37285380205642515,0.0170477717457284,0.29130255982356335,-0.31582389455472254,-0.03994884453732708,0.0605288147822778,0.11895726801526342,0.20659981057182197,0.21269773898031,-0.1398496724068534,0.06338895857821919,0.0986255804368419,0.18520694957400127,0.04105805170593911,0.5731494469900763,0.3177978169829341,0.4609820514858629,0.759928547841528,0.725088255701893,0.8144922639538664,0.7058868409076489,0.7693972830303177,0.7669551875402556,0.7313536661405384,1.0,0.9356057428509057,0.8034225418872294,0.909854109871716,0.8389755235794232,0.8476812377445411,0.8586066205513476,0.772710150765994,0.4098424674497582,0.45239113392862645,0.5860533952314471,0.44271791493785617,0.6517660290238136,0.6593954874529014,0.6085491836408637,0.4988169887956848,0.4510957240105179,0.8596111397770636,0.7769819509049287,0.7263041599582245,0.5430132098505822,0.2444904584166355,0.49459814691169535,0.4691933497577967,0.5587690189780704,0.3291398818367712,0.462202719434857,0.4882406119009769,0.4892934708498614,0.5362982140803817,0.4817215741417596,0.5720826463154126,0.491962105342868,0.5182813965088059,0.5126358552961092,0.510316127538338,0.6531342381941684,0.8216727322569014,0.8449150880826375,0.7476823252298171,0.69796180514076,0.7264175781091528,0.6219350590608675,0.6722982879101418,0.6396109160234514,0.7151785147073063,0.6718356635792425,0.7436207867558413,0.479871519384612,0.23345819340172771,0.6007124763925547,0.5440016236781995,0.7497918497315543,0.7551009277478258,0.6669306706788005,0.7547033283692908,-0.4004406927498505,0.35698415885448215,-0.6782641512755251,-0.41411336881764343,-0.22965567748751742,-0.10626938743292011,-0.41862911057121854,0.393986905734634,0.18264505520726942,-0.5371394977184347,-0.470497294203655,-0.5782726548629451,-0.5571902380014523,-0.8024132710428795,-0.16098676762189265,-0.14486506113850475,-0.06568251348528062,0.10068662950976462,0.24242971221026835,-0.030237845241799028,-0.02757753832315488,-0.029959443269174057,-0.2260504333253853,0.07765863017428822,0.009841560742666356,0.15865248460694154,0.3186694942133248,0.36195119480457993,0.28161129901962745,0.185997080534935,0.33946581007827936,-0.5488021838086026,-0.5500834560312342,-0.4167882162366476,-0.6353175416909224,-0.6106498118712439,-0.20895131840685263,-0.28916586325771315,-0.32406781405689233,-0.35837824497055243,-0.35174158420118257,-0.3118826892775525,-0.5394094789276138,0.006162698550026957,0.035578774778746776,-0.0805327050293275,-0.4428965927720671,-0.21823246316480457,-0.18725593696836873,0.04473126456849346,-0.2917352944042779,-0.11013588162187743,0.10417626676504273,-0.13759114048898136,-0.8454378996098119,-0.5736417393165105,-0.6397692919482304,-0.5097873990245393,-0.6539633334014042,-0.4160811010171947,-0.4376317257150613,-0.5892338313461212,-0.5817192563341225,-0.8065227551202225,-0.7978092207200022,-0.6968287815822813,-0.7743292338163007,-0.7984324851078954,-0.5105321853027238,-0.3117807139244766,-0.3775191945813346,-0.2879222535283663,-0.7764731743684533,-0.7139875116935065,-0.6891622277068478,-0.36796208798390434,-0.5706862171431023,-0.5331581199826141
Os09g0439200,0.3125543044462302,-0.17683614904156097,0.2808880889529835,-0.30997287641687926,-0.01653387527788123,-0.010729780924274733,0.13147630625351467,0.1358860689617278,0.007913881618984651,-0.26437664207692346,0.010286978076759356,0.07879681565993893,0.13711982362160216,-0.04848855380077222,0.36850377412160823,0.06985201278114891,0.4394334153227349,0.6379402337558459,0.5548757828065198,0.6690783601285628,0.5449792506770921,0.7279778896835448,0.670653934208771,0.7082605228648977,0.9356057428509057,1.0,0.6908544782565423,0.8874293799428563,0.791422068544629,0.7671831782732904,0.7788169403978151,0.7522411871331895,0.22074821861072005,0.2882621161278421,0.39993383676131755,0.25173593209270856,0.520002292842797,0.5657927453086724,0.6381870577707958,0.4420455755491987,0.3841782914356065,0.7406136391082037,0.7026947733214584,0.6533484795147877,0.3362296853410028,0.08520033212277235,0.4066631788200781,0.3168072770897565,0.3838301499243011,0.17934315474441556,0.2845708758924453,0.321606136394912,0.3142799255948901,0.40078158202223985,0.34084969728656994,0.4480646480713949,0.36331286130780976,0.39263891726063344,0.37190984774584307,0.35135778320890604,0.508947700685196,0.7096845368171193,0.7378019145554372,0.5557807796387223,0.5465360282133002,0.578299995733054,0.5228789392167419,0.5875090164843166,0.5267926215334915,0.5875535757611866,0.5412059736267131,0.6453234534978365,0.4496079179297726,0.35640049076107955,0.5317067469768517,0.535123096116204,0.6118778182465787,0.7053963783221746,0.6572777875909828,0.8069222600324456,-0.31516537422242596,0.3313467815816558,-0.6151011678655744,-0.33500894250368723,-0.2797350303903423,0.12875191772678263,-0.2966807589735407,0.45386634852460733,0.2490209584373377,-0.5328095443199695,-0.474440270182349,-0.685191839244211,-0.6234294149664744,-0.8043626617383495,-0.13527548858536342,-0.18045228444858039,0.1585844312095978,0.33901487263071234,0.38800183710686936,0.15500276616470368,0.07342257227910123,0.09429355429207883,-0.1627149311274526,0.14192605340383163,0.030268740330537874,0.25333667018847195,0.420232861452068,0.3803441117059604,0.3018543082219733,0.19346433020183168,0.3467021714055031,-0.4399610644618052,-0.3827644042417297,-0.25649262000538653,-0.45315382082464584,-0.49714909285581016,-0.1358996733739691,-0.15612735419121826,-0.25465674463703963,-0.12580624150333442,-0.20537189675127537,-0.10560358158843396,-0.34242216608872394,0.11150560080311483,0.17312517759912865,0.005432330614614581,-0.43929586863823156,-0.17754701894700703,-0.21232898449447069,-0.06059239870444807,-0.23643128537340882,-0.0959938485577846,0.24051749458110308,0.1253103781167441,-0.6895316255269417,-0.2880158915534863,-0.3754429238730565,-0.30020208348428035,-0.4281579147254353,-0.24406138375459374,-0.23242619768408176,-0.3352382779261058,-0.350611635103304,-0.630752576416758,-0.6753346855564614,-0.5497646579875729,-0.6142831243302908,-0.6439208907573302,-0.4731697933540358,-0.22184869677656563,-0.3090433692378042,-0.1835593298780669,-0.6583740690870457,-0.6286184195928542,-0.6404329400037349,-0.3511426326505331,-0.42495114236689463,-0.43022065172986695
Os01g0663300,0.43084341572481727,0.37933574082245725,0.42737722631288716,-0.05620535211558929,0.10299902706086494,0.229763326371947,0.23597314426636412,0.4006636902515802,0.37647454470620473,0.08745967054961919,0.4595283684304356,0.3115134173627017,0.45322318133148565,0.3066416999745596,0.516008336490234,0.3498150566352003,0.5454793870765005,0.7983776213017261,0.7899851109511844,0.9006833812948268,0.8711581254038746,0.765373145991444,0.8554633605711193,0.8574885250051543,0.8034225418872294,0.6908544782565423,1.0,0.9068006722521849,0.9295178355357612,0.7858747116395438,0.8625078941554705,0.8228009137141464,0.5428374278845974,0.739331753561597,0.7775993484140662,0.5896332710311808,0.8388216576165178,0.7168771160345871,0.700342888559041,0.6103276641125965,0.6132325256919451,0.866773970658967,0.6997852941668478,0.7104648376557305,0.6553079391654719,0.5423497506007883,0.6840494438943502,0.7549072655802457,0.8468988535933278,0.575108336773253,0.7056810614869237,0.704347218868995,0.7415585491202482,0.7267064938544786,0.7210252014757113,0.7768745384145679,0.7601747380360713,0.7570738412991914,0.7661089149441145,0.7491997484019758,0.8192215334738386,0.8146466740065438,0.8773373050205622,0.846863055463878,0.8938793805858557,0.8649322915989883,0.8231354974462777,0.8553704023905443,0.8328231976103838,0.8548730896524331,0.8384673368869023,0.8917213734302452,0.32648740668847037,-0.047045476930277476,0.21137283280382005,0.2868150820652845,0.6759678919318356,0.5872918457676352,0.4350602897510502,0.45900448746221884,-0.46705209877646137,0.35162743367572546,-0.7058269693982613,-0.08774698343885959,-0.10440045154588452,-0.09704288856935808,-0.20488267426273635,0.4199661002750888,0.23750736588574362,-0.19971584798443284,-0.36886257930341665,-0.4576426599378549,-0.4637163114103419,-0.754383097831838,-0.18541741228605924,0.058888810237331064,-0.3030859848505411,-0.043909429485912345,0.020522857696828985,-0.13927439154077942,-0.08620416066199062,-0.13341436829607467,-0.43577563459876306,-0.15545494201952217,-0.15722081137757088,-0.14951422876261486,0.029819310309206107,0.10918188210164102,-0.002084321951384809,0.16054572420981306,0.25148218587726534,-0.7199554769958633,-0.7020323921001298,-0.6510998401211783,-0.7921856819619408,-0.7588081678428105,-0.4260575700954851,-0.5380109980798186,-0.49455599303195286,-0.540522965756888,-0.4727212878458047,-0.3911110002631635,-0.5014102643381692,-0.41881759294982096,-0.30668937094347365,-0.2749804156538091,-0.6088421441375649,-0.4175682916478883,-0.10721471556545725,0.2985808014277709,-0.35497301146341814,-0.052477401901643454,0.11711024798929466,-0.41655807070226436,-0.8566784912272942,-0.6331686729871852,-0.7145945310584294,-0.6906807618590804,-0.8154409593956137,-0.4037298292058262,-0.5812728585504566,-0.6147929494560077,-0.6991005813403505,-0.628103632601812,-0.8232417909662372,-0.8007166166912861,-0.7896954242357451,-0.7754872124753536,-0.6994733086455788,-0.47653522008308824,-0.6624587532944527,-0.5862708393643049,-0.5737153482204951,-0.7081655740179003,-0.5066538750173534,-0.351028148646398,-0.7414089049015339,-0.8202196323580878
Os10g0573400,0.3929605458365178,0.07549578017687443,0.4855300195516122,-0.1858761169510544,0.08343528065284109,0.15906489177204336,0.10397797741451018,0.2551878380303121,0.19783070106956213,-0.1432747798145945,0.2818981488281941,0.19660707847646158,0.3415164498439527,0.17525190434706076,0.453759615835956,0.20507637973040185,0.5445586435729838,0.7608218866744566,0.7384425284357722,0.8708378371695081,0.7942949564444665,0.7967614332531257,0.8640717433666538,0.8995757838541566,0.909854109871716,0.8874293799428563,0.9068006722521849,1.0,0.9450243337278792,0.8655092913267237,0.9006764246533798,0.868265492191535,0.4718161500692387,0.5961759282281331,0.584022941304479,0.3887260487015037,0.7707282728985191,0.6990414749053492,0.7610255597609791,0.6286439460083388,0.5911030261070687,0.8560575738485341,0.7228342750746074,0.7563931027686718,0.5487785768828066,0.3571849597937258,0.626007645750973,0.6072797026972505,0.6791006730388485,0.43110009237778996,0.5423436438141577,0.5344822359718965,0.5728273189433908,0.6190335075921516,0.5863591226508487,0.6810116984923874,0.6337652060332822,0.6468143646319867,0.6433410460653958,0.6132289829867252,0.7348271977855689,0.8198178387920564,0.8998322965270059,0.7711558575752262,0.7851439041253618,0.8112351301836174,0.7544915280657165,0.8231815196589111,0.745315918299004,0.7913017318922825,0.770342911578176,0.8537380222339018,0.4464969662445159,0.288493765030102,0.3823566049194965,0.36564431437316836,0.6264735941571566,0.7442598105922786,0.6172014809164051,0.706811950818826,-0.38684190938426044,0.3736868128895307,-0.6673024102184122,-0.18687139632741862,-0.15127765417970188,0.050076331246657085,-0.19148517461875464,0.5504296811866155,0.28691754178901613,-0.39503539360071366,-0.5165444858763171,-0.671611914916863,-0.643895350426321,-0.8832283527115519,-0.24204891595210137,-0.1652138655890454,-0.07998461273539058,0.2292472779417654,0.22732767337778642,0.06660412399839531,0.021477616154417664,-0.025478341744469057,-0.35727358191356573,-0.08147354545630073,-0.08798479830523816,0.03195084861208631,0.2284443525485878,0.23546147497971237,0.14545025320922342,0.21787188845927669,0.3552750280015213,-0.6939785635897364,-0.5922637098886332,-0.5382117599142977,-0.7039355990076097,-0.702293141675275,-0.353905592036654,-0.3871866567308203,-0.45932656496256047,-0.3484541981182548,-0.3877686070781632,-0.2719108791054871,-0.4800144663390263,-0.23734458759228058,-0.1457019909108511,-0.29398417802592786,-0.6507457019139171,-0.44702404505782595,-0.0691521150807733,0.15582229532118244,-0.3904389890340582,-0.11956175636535858,0.17063461195067495,-0.18140931582944247,-0.8059444782115613,-0.44895329638858056,-0.5845793721026962,-0.5108547168235473,-0.7025058736746361,-0.3931197444455871,-0.4729777976850103,-0.4920408850726011,-0.5825506420315961,-0.6714633857260122,-0.8691989125959939,-0.7894994298472013,-0.8133112492427642,-0.8079454746729802,-0.6025748852700216,-0.4210324540442183,-0.514070545370037,-0.44531564791974343,-0.5963276730700886,-0.7709022370297466,-0.6240108759895517,-0.33806157817647037,-0.5696047939540156,-0.6904147222170686
Os01g0273800,0.5342609461416405,0.28570625554454704,0.39338509837570623,-0.21691903680293395,-0.016026561187790136,0.152989351591355,0.1336649030402338,0.3347122524278935,0.3142700091869578,0.023453238548327517,0.45078467386582644,0.3884508912180292,0.46968533008153024,0.29331118771516096,0.27769984616753135,0.1685214284160628,0.39674997886738234,0.6829212677291859,0.6949902281072478,0.8369409947161338,0.8153065923976119,0.6951855230885927,0.7944253684585826,0.8385092572314493,0.8389755235794232,0.791422068544629,0.9295178355357612,0.9450243337278792,1.0,0.7613791207622708,0.879402895307279,0.8215913929780259,0.3549840740928981,0.5840506343760141,0.7263050441605478,0.47688215148191154,0.8346607540371903,0.7562435854858377,0.8231079541856801,0.6468246957558602,0.6829872123458917,0.8029439426329238,0.646328769252117,0.7882427324303152,0.5478842271811774,0.394184482486222,0.6644221846393944,0.6609076287350153,0.7328252880713706,0.5136736395565296,0.6276418298357668,0.6047663283031713,0.6649644685250267,0.707951754624232,0.6729030618431122,0.7299586011665631,0.6880645178778981,0.6900580594839983,0.7011128119914459,0.6622634780056856,0.8016066594961814,0.782372308212457,0.8759828900511301,0.7819323377104542,0.8418100362605628,0.81653079182389,0.7969047483337093,0.8447721766335557,0.8113910861918902,0.8173644000992529,0.7964616540615591,0.8987865405978399,0.3036254623409222,0.1248530642327976,0.3263800366455058,0.24251127223812408,0.6423861609175169,0.5961222009650091,0.5080018141058702,0.580026984875857,-0.35878209641795533,0.4590201824197938,-0.6796028236304362,-0.11152902883404854,-0.10677474089470301,0.17673495690755642,-0.043080399623383246,0.6672257580531604,0.38681402940186943,-0.18002079096934284,-0.36198771140449737,-0.6057244733802554,-0.5504916729990611,-0.7900486467884301,-0.1647081034923135,-0.10058463689547334,-0.1163851136853147,0.1220807530861592,0.14333782817514795,-0.03394878596049517,-0.03476226612575304,-0.07782363923990535,-0.4839081064947983,-0.2022484341715611,-0.2574115799604239,-0.13191970986335363,0.09114050452727207,0.06999026613959772,-0.10380447311877791,0.04547050795207378,0.1689784177600594,-0.7499587798118602,-0.7303114682902045,-0.6062492660194003,-0.7680581092823919,-0.7132241743942682,-0.4514673271046204,-0.5520211409270765,-0.5664310468027797,-0.4575420120935369,-0.5161929867585411,-0.3958696040991293,-0.5890988349196787,-0.320065706396509,-0.2259239984933576,-0.23023039111058066,-0.6867451530264533,-0.4884194431821582,-0.1795783271796709,0.06438577987475873,-0.5042902002144781,-0.24495012620628395,0.14563271157768845,-0.2203886874849266,-0.8352816991722748,-0.49784755765721384,-0.6025845945262025,-0.5625538843824824,-0.709735503930721,-0.2807684901038734,-0.36570107701783994,-0.40291506520806625,-0.4952526000620118,-0.549947419848197,-0.7760169876318865,-0.7171217221767271,-0.7226402941136272,-0.7348068822913825,-0.5337632131998892,-0.25550375037046463,-0.5104528754334977,-0.45595623802502233,-0.5554848302620619,-0.8228559360880254,-0.6731895757117606,-0.4630929026726548,-0.7156194822790236,-0.8287174721083314
Os02g0735200,-0.014049562262914497,-0.1025945746736005,0.4046000078292668,-0.2943988295009305,-0.0025067412593394764,-0.009424697789746403,-0.04111039030438896,0.13598348345961042,0.09387789894335696,-0.4243677236698742,0.0024110351222119608,-0.10479892210241135,-0.011697615961545053,-0.05406864986214528,0.6051099334798458,0.39418119349540104,0.3949117519133308,0.7653604035379109,0.7679623313282974,0.8300378964896596,0.6673276576062822,0.7618133180796852,0.8984699671651498,0.8340559485694673,0.8476812377445411,0.7671831782732904,0.7858747116395438,0.8655092913267237,0.7613791207622708,1.0,0.867782853030828,0.8752625200206071,0.6218730361752609,0.4927258471066978,0.44567438333340675,0.29064302378205226,0.5369132972253727,0.47714413622138674,0.45657588670736127,0.43382976642602855,0.35351023757505656,0.710612080260553,0.6164417720474262,0.5116692121035231,0.4187743105333308,0.23265539957806428,0.4575773135269028,0.47504824298987197,0.54399185283218,0.22058669043518278,0.3507242718692242,0.3766870668779758,0.41683612880678517,0.41500875778247637,0.37189201676364336,0.4306209863443903,0.43609172012999664,0.4566752938525405,0.4439029176128581,0.434684259457019,0.6029328551868284,0.7069464830479513,0.8007449065574128,0.6645428759199883,0.6189295601506166,0.6629210038660374,0.5726717175415285,0.6442622485899597,0.5360394991687315,0.5798577059796852,0.6090142854700497,0.6743488902155702,0.4967231764196642,0.25425831535764626,0.4879043669303835,0.591061848129004,0.6852343149905893,0.8126891567910995,0.776222455704016,0.7507760182717917,-0.3556898793692242,0.1878905297237912,-0.5644700112627932,-0.3365656854473179,-0.22029710516467407,-0.22961138730126573,-0.4662340603105946,0.3012076007089716,0.02133545674806459,-0.4593681454719383,-0.6834013837524453,-0.5818332187692609,-0.7174869428375429,-0.8809668092400202,-0.3388523187801276,-0.24777980472962668,0.0049662183240598125,0.23646121519820568,0.29394043920460966,0.2052849430432833,0.22104090710782015,0.1643671547870406,-0.04470088467179477,0.20652508408456316,0.23702805011730213,0.2276766088779293,0.4668265606103171,0.5440293452547441,0.48980022443898696,0.4994477584947883,0.6106153912244959,-0.48994162194694146,-0.36507641598958246,-0.3639437685226445,-0.5209445435122478,-0.4817500611161882,-0.08691491448824311,-0.10742535124428583,-0.1428978623421632,-0.1647298746731406,-0.10348721282067289,-0.053089896471390105,-0.30962048836755307,-0.015097509825577074,-0.03657576299702378,-0.21440002621023438,-0.3753306351524324,-0.286733901472788,0.18331585986063492,0.36765396806198025,-0.11301168354947039,0.13400619488196555,0.000280544228517759,-0.281875642562167,-0.7081640089209058,-0.441271991916712,-0.6070941164510649,-0.3774641257037463,-0.6261608416456441,-0.5347846003143842,-0.6671526138753059,-0.6724097865297359,-0.7638982374861701,-0.8406497997062893,-0.8836353270296018,-0.7701505634161414,-0.8589372010111519,-0.887408019964776,-0.542444974328742,-0.5205988798849016,-0.3494740611384629,-0.266078857552645,-0.6598551389778906,-0.7030317584250265,-0.5209355170176355,-0.34039577040599955,-0.4644827014768277,-0.5635121134434389
Os06g0562200,0.3432613780173604,0.10996710365411788,0.2645264151282367,-0.31722204282226785,-0.17771744144008114,-0.13772134996170393,-0.14908333887937839,-0.010874911105235757,0.04063343875604766,-0.2838565843381054,0.13780414342086036,-0.012060158134976422,0.09153901791767213,-0.06464528980910104,0.4841581204198775,0.19860861391818824,0.33242288665546177,0.7380680383876806,0.7560336840205921,0.8739097015011736,0.7193450179588116,0.6645537329800048,0.8378064022421597,0.7780912888974881,0.8586066205513476,0.7788169403978151,0.8625078941554705,0.9006764246533798,0.879402895307279,0.867782853030828,1.0,0.9066673555935303,0.4180933928655813,0.4499804802592325,0.5049044451885908,0.24778007747387448,0.7038523157139582,0.6819308070463539,0.5929860768080157,0.4034104418984848,0.41969055300111585,0.7482766047295676,0.5092811765255951,0.5508059547175914,0.42492515635243644,0.12724922050154455,0.35053000477660534,0.4073042468456933,0.531640731384755,0.19765381963427958,0.3824712787182356,0.35505520913557714,0.39905848112127185,0.42959150330820584,0.3764050248492195,0.4557043296524157,0.4216751912113941,0.4168758589084864,0.43664086098677085,0.41343111142464045,0.6133068222847529,0.6041701333167305,0.7640839557231606,0.654521436232151,0.6376319663360148,0.639159753065773,0.6022786154906676,0.6537726133216735,0.5672136329274602,0.6225974573553941,0.5724162567249257,0.6853790375951452,0.2832422049538444,0.0943906699598624,0.35512709828162825,0.4590699469063075,0.67241913439692,0.7460240042099813,0.7477111837040072,0.7561158362207883,-0.46306549970789757,0.2633988506817102,-0.7486741668563791,-0.3860670417811857,-0.24444930342058596,-0.16001918465518591,-0.3774565582108871,0.5107903205157082,0.20090613551414538,-0.25509347562973644,-0.6582510270385361,-0.7104328699365179,-0.7520880538957911,-0.9057068721477443,-0.3855500986878326,-0.30358166406016107,0.040604558123430105,0.3028652743950728,0.4193981996228979,0.18382865681001806,0.24124295935167078,0.201981032982302,-0.1293985205393793,0.1157004246260869,0.17375459138530217,0.22063887745732244,0.41519151196196513,0.4169481320764643,0.19467382428808735,0.33639727588310414,0.5109091766110204,-0.5780233888837001,-0.5045551474294877,-0.39866297262554434,-0.6161720150014167,-0.5181987350318402,-0.12471866679550213,-0.24761390052795443,-0.2887043870796108,-0.2484045215354616,-0.20571325086249725,-0.24584207322850493,-0.46872665390634305,-0.23091099459791678,-0.15466852469725975,-0.11712714828401571,-0.5213570884996888,-0.35976070421517437,0.015416817547925628,0.1423494233501593,-0.38690905454101965,-0.07010378944980881,0.27829965210853996,-0.13216496439526615,-0.7606113710827952,-0.5760947522383302,-0.5723488652169032,-0.3701080985783587,-0.6163097974961818,-0.3630455467399886,-0.5727111616109188,-0.5177806932191059,-0.5847925122023955,-0.6296970965418022,-0.8596733599020454,-0.679006358973756,-0.7286035404262086,-0.7862153442659321,-0.590294134232998,-0.3136531948781422,-0.36197256413500795,-0.29893268260878225,-0.5893145231758885,-0.7818384842398853,-0.48723629593057166,-0.2879353006885506,-0.4881201375055579,-0.670443441502588
Os06g0657500,0.21959923937686465,0.05189192078510772,0.26775984994650803,-0.38499358788203375,-0.26767386892479644,-0.2550355414340511,-0.08185082447802583,-0.03545369428093707,-0.047831406635970304,-0.4231360925587257,0.011140517575421735,-0.11929770525419785,-0.03595226117293478,-0.20443805674507742,0.4400901984363125,0.16919318980500925,0.434814628204795,0.7375756697221382,0.737126207865852,0.8382911040355198,0.6669882064590158,0.6633717811757982,0.7877074564731821,0.786270256219142,0.772710150765994,0.7522411871331895,0.8228009137141464,0.868265492191535,0.8215913929780259,0.8752625200206071,0.9066673555935303,1.0,0.4096617796268531,0.4450521922956311,0.5010279022158588,0.282054785923435,0.51115445097591,0.4475003684050058,0.47090726069078265,0.23595948757737648,0.2642622745423391,0.61451570316285,0.38978527657732237,0.4014331419363524,0.2044232279602072,0.07057221924543697,0.337511511615161,0.3647754402919414,0.4862613503564396,0.07815717256698533,0.22841369749426207,0.229095635189454,0.3085545471990507,0.2918064356030135,0.2602200428951483,0.36364661362814843,0.3409175376795728,0.32478296098000076,0.3359797844934545,0.30568380312163834,0.46351172947204566,0.5652902635973229,0.6574784537864264,0.5285383727596831,0.5645774607680258,0.5817000728732323,0.4811201739373295,0.5561561377729886,0.456465358490643,0.49558645436799037,0.4753704040512912,0.5880281625810926,0.32542304681488765,0.06532357785521081,0.19057392794855585,0.5900494686145455,0.7486573483457655,0.8024090369181103,0.7884948078628276,0.7194412378481743,-0.3495595702079877,0.1917855541627074,-0.7430210710186008,-0.329533936791902,-0.44837408238392673,-0.144528083637303,-0.44668476114501715,0.43387504583966785,0.05809579942763106,-0.11593004570219195,-0.6315786935511952,-0.6810006011478364,-0.8466119663022936,-0.915918796913855,-0.29917416297117044,-0.2038720939755612,0.12545313948861714,0.43157355865239333,0.5134578344397877,0.4074920179672779,0.45531940997510334,0.397534333099623,0.038895048049111126,0.29745931450836216,0.28961665177301904,0.35725308419386437,0.4753066030559057,0.5460210997247693,0.340642144386988,0.5664939079365453,0.6739506227245022,-0.48603350498594117,-0.3066725015001127,-0.21452759715478742,-0.43657277024126045,-0.364190813410844,0.024106796561457217,-0.0741635291362871,-0.10868407492285684,-0.03981304898717452,0.0048690761921310706,0.017595459220990047,-0.21967840673666103,-0.15333570016634318,-0.02332148849521497,-0.04883042547184169,-0.3595085344013458,-0.1594385276126015,0.20221866593793458,0.35555417926251165,-0.11466905174978742,0.24035012728747146,0.2314778758626583,-0.07213369961378385,-0.74772674089777,-0.34531402389209365,-0.3803011107869675,-0.288031973358416,-0.5353431101365657,-0.1727261552717769,-0.5495875689215455,-0.4106587117488242,-0.5434477229407975,-0.6019532940153101,-0.7876766302960279,-0.5690771056771621,-0.6540042588500442,-0.6577380131432436,-0.5401167644970302,-0.41241996843268935,-0.394642744049894,-0.26223261531433517,-0.4145271237389382,-0.6146361806598322,-0.34834596248392163,-0.2260575330849192,-0.44024882773403134,-0.5740773918647045
Os12g0613700,-0.12881420059494927,0.21614162177014562,0.6149132222925477,0.16046295959739487,0.3390758810700673,0.43198418888557216,0.22605123830636292,0.1863813278333448,0.3401526530426421,0.05363427823200478,0.12159052700104511,0.08569624305432559,0.2514601380898381,0.31178565440708794,0.7687831786551697,0.7809844336306272,0.48062659526115553,0.7373791142078111,0.7267936314138965,0.7280806806448513,0.7122671259403817,0.5281372646360777,0.7193147449930422,0.6336045545593018,0.4098424674497582,0.22074821861072005,0.5428374278845974,0.4718161500692387,0.3549840740928981,0.6218730361752609,0.4180933928655813,0.4096617796268531,1.0,0.8043756555530812,0.34837854900268167,0.48217311031433185,0.5319105253425296,0.3996588922734576,0.16840148310541292,0.41610722688238516,0.41989861752237906,0.65653492993438,0.5413513676675467,0.40223287096243787,0.6572297121380343,0.6636573138539961,0.6008374171368034,0.6872621291802596,0.7139516456280138,0.5249560178288806,0.5946599783563207,0.6065801597623837,0.5966061812616197,0.540041604082346,0.5330970761456284,0.5705085902620719,0.6373625753642725,0.5934755799867357,0.5995381582376066,0.635587031157759,0.5195513469290716,0.6274255280187334,0.6507367170927031,0.7148865513963982,0.6338262765021658,0.7003507403960879,0.6471458913440566,0.6206837514009167,0.5305228343795366,0.5867747089512416,0.6451471290741195,0.5381150097220109,0.5282388996051789,0.1542490224478201,0.04814019534667793,0.0997341829560175,0.32613378456747677,0.5917148147735958,0.17888549720132732,0.10038197618929046,-0.09624107185054016,0.23825453001981559,-0.28439251942858457,0.03239204434779271,0.22318712340389488,-0.4996158804418681,-0.28551354541359697,-0.11254050217928015,-0.34071356444730766,-0.37811040744273294,-0.26771421575142956,0.0037576104452087915,-0.21361086207784494,-0.4876658958980583,-0.16063208371717055,0.07433333482300074,-0.5117146070242438,-0.26932485411692597,-0.32110124218051633,-0.17188279034828294,-0.19157050332278577,-0.32949981215281177,-0.18888141693525404,-0.19640419373739776,0.042743813636741415,-0.19194860582420217,-0.17130496290143152,0.06402926158922705,0.31576209228422336,0.431067014016576,0.3697216374762536,-0.5206334300473556,-0.4232111229587463,-0.5885400531534228,-0.6109377589394686,-0.6139504089151316,-0.3241030525136732,-0.301496178928983,-0.335506354062491,-0.5146305826462249,-0.2977653992779624,-0.20085240632546017,-0.35692620570130734,-0.32094239625528087,-0.5192040992071054,-0.7058297573021887,-0.3417147067214577,-0.3677241876263085,0.45037256547817045,0.6491462861058492,-0.02423333883084566,0.2605465826681667,-0.3024717084612868,-0.7350390801073927,-0.4699584519432455,-0.5527938601419434,-0.7038242036909432,-0.6566670217652799,-0.7935938114090223,-0.7882199418825037,-0.8954686832587491,-0.8742746124474895,-0.9032812355403771,-0.7472941260836891,-0.7455663345078645,-0.8198697386137728,-0.8167114496953688,-0.7416203332233682,-0.5814189460051711,-0.8784926838201396,-0.6250397571373062,-0.6876729770922202,-0.331182362027004,-0.27368839961578967,-0.08556670766263108,-0.29145433151054834,-0.3931404692909393,-0.3491020951898437
Os03g0300300,0.26050496466692497,0.46837200030782217,0.6757940457873467,0.3180479838575837,0.3331251258265577,0.5724863963389107,0.41777184152595376,0.4254036154311209,0.556165601195971,0.37654298287498605,0.4759390896269964,0.43523645816525225,0.6089721447736702,0.5320143503532904,0.5592416360682254,0.5222745287576892,0.5552049618432445,0.7270961386760136,0.689824777834993,0.7617818967425083,0.8410836173741265,0.4767360423853242,0.6481751661200718,0.6525976477203068,0.45239113392862645,0.2882621161278421,0.739331753561597,0.5961759282281331,0.5840506343760141,0.4927258471066978,0.4499804802592325,0.4450521922956311,0.8043756555530812,1.0,0.6492379796749508,0.7377783125871668,0.7402527602917816,0.5815643132532455,0.4406355634335148,0.580160134289479,0.5890322965757057,0.7496575548199308,0.5842806238421642,0.5671762018792583,0.7444596461942744,0.8534497644799406,0.7677787397574024,0.8751450466651359,0.9308117448819501,0.7750887450396905,0.8130072886227208,0.7951396439157757,0.7984554059303811,0.7579854892095244,0.7869662855172134,0.8491973169874227,0.8699897220514915,0.8242188666575749,0.8186818455521344,0.8340328922169873,0.6537636055249587,0.7379394230735637,0.7189259638307425,0.8224698316868552,0.8405910291685995,0.8616444384100233,0.8197165023729098,0.7752341465049584,0.7688478839148627,0.7907140187236933,0.8357662849555892,0.7520097609518244,0.5491378208173741,0.10186903029562797,-0.07273277743443204,-0.024046935604223545,0.409277923804514,0.48408373057253606,-0.030112965889941293,-0.05514136804686405,-0.32948881367526967,0.28256455346423187,-0.3685545464889806,0.16330430221496048,0.2580848192013517,-0.23447702906925932,-0.051771962578701376,0.09255260386212186,-0.1377592118945476,-0.23775619061500053,-0.040832985296001816,-0.0634171703245625,-0.10228041485332583,-0.4311158520940453,-0.09847224612605372,0.2415088869291276,-0.6960322822275661,-0.3891414097288672,-0.4135175532236832,-0.3592090334595258,-0.3461392710157335,-0.4650270508311547,-0.5490843706233243,-0.48774703151676085,-0.28124293697316477,-0.4035651363789276,-0.4007168616998822,-0.23434130583577792,-0.023210356784444146,0.1272726604230471,0.10100340320644337,-0.71105838457055,-0.6373215461035924,-0.7280073811229119,-0.7874557930172096,-0.7895512655944117,-0.5203998175951222,-0.5744310221484351,-0.5594903231701855,-0.7233753959822323,-0.5880917170183647,-0.46448703882218356,-0.49197623747689684,-0.6090741352143352,-0.5316145648007188,-0.6993982692084535,-0.6044069329605213,-0.49352127826064524,0.06913844439808818,0.5064818106613213,-0.23557819573760674,0.07668911652361186,-0.10465712060589444,-0.6682226279776508,-0.6370300625329549,-0.5634803285021571,-0.6719663712590013,-0.798485398207054,-0.9036429985725039,-0.47704412394404083,-0.7182099481373309,-0.6857455842535464,-0.7511904694924663,-0.5577241866275621,-0.7006350006000734,-0.802467578332332,-0.7085326199971853,-0.603829884086146,-0.6520178566237891,-0.7785346676956292,-0.7586327596264608,-0.8273804238228164,-0.18641723412298658,-0.3102826723416676,-0.25949973527643405,-0.29512617636516814,-0.6131193053649246,-0.6150368557064749
Os04g0608300,0.5992616592307652,0.6827536281459672,0.23057415816274288,-0.11197395638275312,-0.0731178806160912,0.2890248072640692,0.43565091224949554,0.5563439463110659,0.7053465685497685,0.4395942320269755,0.48420303685022953,0.5129222862332902,0.5450935228125864,0.44259767310041076,0.3326220172857506,0.47044069019235646,0.417369194247429,0.6051282780912254,0.6347531075101873,0.6695474611650968,0.7723800274747771,0.5334245514900727,0.5112175382676557,0.5112027293814569,0.5860533952314471,0.39993383676131755,0.7775993484140662,0.584022941304479,0.7263050441605478,0.44567438333340675,0.5049044451885908,0.5010279022158588,0.34837854900268167,0.6492379796749508,1.0,0.8707837944187482,0.6813196508703111,0.5485757480789385,0.5380210072071084,0.48485531551455796,0.580143111113894,0.6545602150712673,0.5652443534431187,0.66372815886863,0.6128284447704221,0.6073746680523757,0.7072634409483571,0.7446966294700336,0.8188018755773033,0.6790468527483478,0.7373037814613644,0.7482568296674598,0.8080601603086859,0.7434308096519913,0.7613489033602279,0.7691908871370229,0.7319646233848282,0.7227424170672792,0.7437042902268927,0.7512435738965773,0.7355113987164345,0.7580225524262174,0.6740375421275348,0.7757323241872357,0.8511873658752598,0.7969378036729622,0.6608640195433527,0.6715001398642826,0.7838833295806101,0.7689116554620475,0.7528715061904862,0.7610837225033776,0.1584386704807914,-0.30060325397566856,0.22440595444295497,0.13141649820509027,0.7277610617105231,0.301515238159341,0.15822233549809425,0.07763437397468137,-0.22404723693921996,0.47887426989498,-0.5255427955950612,-0.02299286967991433,-0.09489245519546076,-0.0729832406643196,-0.1317567183652586,0.32615400800559224,0.20875711631769298,0.062067164067462294,0.09654447978423884,-0.04377974955663389,-0.08030284826412004,-0.3433765448873406,0.1148311312417098,0.28562230144451173,-0.521842273440008,-0.43263511267408933,-0.28125345713995,-0.4138848499120056,-0.29215801851335144,-0.33447944561585075,-0.5139797796111297,-0.24937609527299326,-0.43050700264874114,-0.37415686731345704,-0.31658723558604135,-0.15577406836457486,-0.25577573606340986,-0.1083233166632337,-0.1169377112064542,-0.6700138781417473,-0.777388089408615,-0.6215518117233846,-0.7527018302418822,-0.651044259320793,-0.4972057556143782,-0.6783580344038358,-0.5048479150144874,-0.7176536804224565,-0.6394117258482107,-0.5707512072494436,-0.6048805319269366,-0.33563187631488467,-0.2744520924670942,-0.12380281898007284,-0.35651569130111055,-0.17017032375101068,-0.21923033630221003,0.21251499922113623,-0.24466313073964222,-0.07128249612145823,-0.20676192844165214,-0.5464871234972893,-0.8796899451196788,-0.6346617223778993,-0.701085193494414,-0.809802594118632,-0.7877616682249662,-0.17431636884160714,-0.32061860585204816,-0.4975094439990295,-0.5328757467411176,-0.5230409903428646,-0.49219470455429754,-0.5430577237042672,-0.5634755692186758,-0.5082510113822071,-0.3020664765670062,-0.2346355824922467,-0.5896299523622477,-0.5035074937474109,-0.4725874873319391,-0.5105791666373027,-0.5238771518988065,-0.3961674917894039,-0.8426062760357231,-0.7000810263868956
Os03g0179900,0.44002007413610505,0.5889737532820382,0.25820975795445794,-0.0005863318814567491,0.019064042769031987,0.39587541466734166,0.5808650878369778,0.5747508936477694,0.7606166809544012,0.5941618473072463,0.37793832010715256,0.489498193481897,0.5477739279879231,0.4594374571790233,0.4409708541979745,0.5718310471755227,0.43371835583177804,0.5476473045429412,0.6038108259400068,0.5701220576563284,0.7199713046089945,0.3433546563389549,0.34403181053056686,0.3140141166042292,0.44271791493785617,0.25173593209270856,0.5896332710311808,0.3887260487015037,0.47688215148191154,0.29064302378205226,0.24778007747387448,0.282054785923435,0.48217311031433185,0.7377783125871668,0.8707837944187482,1.0,0.5077715515577632,0.35777003828645837,0.24805474413420744,0.3248559114443793,0.4162497171734906,0.5999300470975207,0.5400069611853646,0.5542842694813012,0.6192385257982734,0.7367593637086673,0.6806934872533299,0.7621992397912642,0.7967969195309221,0.7172628461088839,0.7206585242115586,0.7646731203513516,0.7898532222802456,0.7148095732924363,0.7281491580782291,0.7503332207766251,0.7132024362455931,0.6818042910683043,0.6879470887899544,0.719615892539867,0.5392043694195431,0.731006368615549,0.56070135978412,0.7396687216210202,0.7676380055226473,0.7433305222363906,0.5861102073423179,0.530814821296655,0.6645461579207792,0.6738349660596574,0.6922183093906392,0.6219145411541266,0.39643461233824173,-0.18244912739270655,0.04076698608089307,0.13748442005965084,0.6676624511141033,0.267027696992858,-0.09760896465254348,-0.17318268967284636,-0.15459310741793672,0.3812760589550864,-0.4591846021232921,-0.04986818624362885,-0.054625611007612894,-0.19709957286552243,-0.1660376670864926,-0.04546098861262721,-0.1071708278938817,-0.014851958332066092,0.3748543081119755,0.2609178004250022,0.1694716596189271,-0.12650436747772678,0.3491226664157518,0.5720746832947503,-0.6051454953116279,-0.649922456211685,-0.4542582609175803,-0.49955028901840215,-0.4052405488214152,-0.45573802631797505,-0.5088451198013002,-0.3231539963486027,-0.4039192440868234,-0.3813549759308462,-0.4844866464061103,-0.21387244238091868,-0.11999191680551252,-0.06417403503204915,-0.14091163650797964,-0.46854317479030294,-0.636128236952464,-0.5095088999664461,-0.6246508207836097,-0.5758772874631599,-0.39528257437325576,-0.559114774063688,-0.40843464126034795,-0.7400446939502839,-0.6287455011292823,-0.4602244385079881,-0.5471896022509728,-0.2131279107249917,-0.19217965778368123,-0.20429262524400388,-0.17730485201934185,0.0011336944404504287,-0.21111788067693285,0.3773261932945644,-0.04147387367008281,0.09208326192702024,-0.3782291220490852,-0.6153255643096026,-0.7245684945880617,-0.5996396927853874,-0.6459048288965206,-0.8661802141939576,-0.7706210053804952,-0.2058801262023018,-0.37108747912083134,-0.5612058381326104,-0.5217947282943833,-0.5545848199224401,-0.3452022972323894,-0.4547299470152978,-0.46375361491037853,-0.35398867367817866,-0.2917277760287106,-0.394978418330732,-0.576577907729232,-0.6291736523730872,-0.290575380115594,-0.15129052593875306,-0.33046365265795585,-0.4230612072278619,-0.81497685298613,-0.49795292115703094
Os05g0563400,0.5900764946770721,0.5278974170781685,0.5648350115265874,0.15201504814737307,0.28100338664477836,0.5104512078611562,0.27517819119132647,0.37654197476864343,0.5073053730185804,0.3622027798922846,0.6457634383300738,0.577741700168266,0.7242251398936911,0.6058251465594955,0.36013344178355783,0.3692345453083303,0.4433727697849103,0.6895921228462355,0.671195389072138,0.7955251489734553,0.8717793461076295,0.6397677642288392,0.7609760174042257,0.768094223682966,0.6517660290238136,0.520002292842797,0.8388216576165178,0.7707282728985191,0.8346607540371903,0.5369132972253727,0.7038523157139582,0.51115445097591,0.5319105253425296,0.7402527602917816,0.6813196508703111,0.5077715515577632,1.0,0.9138258466901475,0.8361877736888371,0.8089389137280582,0.8840672014906552,0.8673401383553857,0.7023426877118412,0.8408544228138531,0.8356976138387765,0.6576586631605623,0.7681120413005811,0.7947327354923185,0.8529546776966448,0.7654277833359983,0.8645967658334238,0.8101797662093113,0.8154153759539591,0.8649944588653447,0.8490918106674717,0.8782531264108059,0.8697225353780685,0.8465448335633556,0.871319856765182,0.8642441916133523,0.8832791357964054,0.7608332392209766,0.8718888057858455,0.8754050556174434,0.9029142524208164,0.8824199851318121,0.9306901856518817,0.9334997591550218,0.9194570823517554,0.9358003126360995,0.887000684348397,0.9024286545909669,0.18535716304121613,0.064424022388276,0.22067346255491999,-0.18906519550699305,0.3418335037284671,0.4054250426413005,0.17419807734822737,0.25430657398250345,-0.25821691127493834,0.5980873784442347,-0.48993229918201386,0.12260481532506706,0.3005156442596821,0.04449895531036573,0.12912533778273858,0.5566458655474515,0.39133312357499545,-0.22299302013609776,-0.20624984772220215,-0.34632193548570495,-0.24365776350968235,-0.5903314802075093,-0.2171117495151095,-0.06011754108806812,-0.47566472933570897,-0.18244672711729307,-0.2521395362974097,-0.378697540901546,-0.417573886793719,-0.49504104886367795,-0.6847608287574067,-0.5351411963638785,-0.4703028876751425,-0.4813792329198085,-0.30276598830137963,-0.3131166487617375,-0.33772814899108905,-0.15781440358353868,-0.08732981996538815,-0.897363634752794,-0.910988464326636,-0.8990483107192538,-0.9656021997504259,-0.931638937991709,-0.7395033195941079,-0.8062985164991162,-0.8234562686887634,-0.7864443865578633,-0.7556569320507358,-0.6680125821655402,-0.7395061691557279,-0.5952683914610902,-0.6391434135296608,-0.5608404590862337,-0.8331412510665112,-0.7127089248178156,-0.13173414290915003,0.049696566945587536,-0.6431791346950861,-0.39089642718342665,0.05449328931220584,-0.5068337363547298,-0.7193330950816073,-0.6720231799798484,-0.7746805469622604,-0.757777258673264,-0.8465129169163473,-0.5432116097475275,-0.48271774396072525,-0.5514920247333854,-0.5904456522773994,-0.4716098938750733,-0.7701879704081155,-0.8407157240985822,-0.758438706998062,-0.7534013314894926,-0.5835356076615966,-0.3877438459775052,-0.7033008358971343,-0.7148107368815528,-0.5113378319474816,-0.7357600082280428,-0.5217989716320617,-0.427520625172628,-0.6484916221826248,-0.790341667900159
Os02g0532300,0.52367794847636,0.473762905936502,0.44626898592248904,0.1395706493155874,0.17690875553070123,0.3830001997944049,0.2355605281855497,0.1593975368231393,0.2751156637114743,0.244492056832816,0.4247841450065506,0.5747600771288549,0.5806216904375606,0.4615451345540341,0.290279604636341,0.30023297979015273,0.24260643297897683,0.6832341920476227,0.49653161495080567,0.7068515172417017,0.6968836562570927,0.5635260018813223,0.654655749906264,0.6891992282504743,0.6593954874529014,0.5657927453086724,0.7168771160345871,0.6990414749053492,0.7562435854858377,0.47714413622138674,0.6819308070463539,0.4475003684050058,0.3996588922734576,0.5815643132532455,0.5485757480789385,0.35777003828645837,0.9138258466901475,1.0,0.8159515227856476,0.7303711766492689,0.807993432033579,0.813230300276254,0.641833261153382,0.7347909238458128,0.6820888565952918,0.44915718811415667,0.5957231863550229,0.5660380465042786,0.68100076607424,0.5716282841100444,0.7286143556025906,0.6712409295600187,0.615849673252316,0.7008503517995612,0.6674369201367554,0.7128351803300967,0.6937816956869303,0.6629284860608667,0.6831184158916029,0.6825038938457204,0.7662941712176364,0.625265481028683,0.747860643826505,0.7244528751187632,0.7452777726769697,0.7097913331436864,0.8394820041210191,0.81039590899086,0.7755641463140286,0.7922685959472712,0.7336505404600614,0.7591995674203718,0.19670368312708242,0.05155014684066961,0.3353947174467894,-0.13381367622080498,0.27505798726222036,0.44608788263241816,0.18333747210413476,0.3185275383144057,-0.3085988901776514,0.5421688988249596,-0.36543447457966693,0.13845646785842258,0.41706537967948226,0.08192513171914799,0.07567796318576031,0.6195695730297874,0.2664812863519289,-0.36524720016227896,-0.31593263714590497,-0.5027340415373666,-0.3150256816151474,-0.6267473138092549,-0.3367883433249048,-0.2778945826286043,-0.4376531663345431,-0.08439864598490526,-0.16454236817547685,-0.358886554629154,-0.3839503469354187,-0.4254157312051326,-0.5037352319773092,-0.4357342551697075,-0.3496644495130915,-0.36129739323737203,-0.15614672442780836,-0.283959754703687,-0.2807159080515076,-0.19118303457004793,-0.08767787467363831,-0.8575945061137065,-0.8321341676160368,-0.7861484039925032,-0.8884667054484512,-0.8480095494907001,-0.6288046615942932,-0.7229969738035615,-0.7694902161610772,-0.6935171102796747,-0.6370320315281212,-0.7133454490367248,-0.7130659461678822,-0.5759316312251148,-0.6036024498589203,-0.4659973505322362,-0.8595643327858262,-0.7037757949088714,-0.16750159583802282,-0.21228186133178237,-0.6757756634432075,-0.42804693490415924,0.30498154818317674,-0.2638223503629666,-0.6662741098760971,-0.63453492772985,-0.6225976265877411,-0.5716922186036989,-0.6963643961476422,-0.4451716822107095,-0.4194981911051654,-0.48171457374215876,-0.4860244975442746,-0.407335781854817,-0.731851094680954,-0.7420156692443715,-0.639964813287207,-0.6919617287262687,-0.6316641184054196,-0.29142855087951147,-0.6057882426157313,-0.5000943085667626,-0.5350792247017585,-0.7337839243214831,-0.5738622584188574,-0.4506021058796416,-0.5125537872692306,-0.6277511469244424
Os01g0192900,0.5357039282493771,0.2911232139545146,0.5488457920517283,0.14349920400317115,0.3226798156052883,0.4642603330802249,0.3126407339426313,0.4050494991197216,0.33023810480295834,0.16820081133053538,0.6216332137368121,0.6158392213022056,0.6742725575044024,0.5433754794304023,-0.013395693948000829,0.023056632729361103,0.3766472380977453,0.49067840484912656,0.37592445831095456,0.541342480043175,0.6075934102250544,0.6668767786895845,0.6396481385709148,0.7615752021603832,0.6085491836408637,0.6381870577707958,0.700342888559041,0.7610255597609791,0.8231079541856801,0.45657588670736127,0.5929860768080157,0.47090726069078265,0.16840148310541292,0.4406355634335148,0.5380210072071084,0.24805474413420744,0.8361877736888371,0.8159515227856476,1.0,0.8613913995894998,0.8764402891866049,0.6792455533995697,0.6588709875009714,0.8059533325106887,0.5675897658857106,0.4268257078765107,0.7063462651646957,0.5884760402819461,0.6140559434679549,0.5991631268768147,0.644537260966218,0.6057368383745223,0.6097093789078587,0.710784294660369,0.7047024859140999,0.7257826644049045,0.7111131618793521,0.7265858382950218,0.7200820023265345,0.6876001725965889,0.7950139688828843,0.6567905246838971,0.7603836770841397,0.6209901033191546,0.7236568012675226,0.699490517767653,0.7902380724641163,0.8547586371295307,0.8325472327324527,0.7985379585315621,0.7513527379896217,0.8287401839700622,0.049619924062011544,0.19975149283728766,0.37050966161287435,-0.21567765598638924,0.179143809311975,0.2725003019886027,0.2250883711953742,0.37438657341686205,-0.14128960708317798,0.6113234211210506,-0.27390971091816557,0.27951715146770284,0.27579285938579295,0.4541880471179363,0.328840508826442,0.771907810236724,0.6503000337949273,-0.2565624040030652,-0.2628991669223256,-0.5387146084282248,-0.3266044254553248,-0.5750215498719998,-0.2635474836705306,-0.23102423017074422,-0.22192034931419347,0.11663510891072743,-0.10135752100617747,-0.20511452191140725,-0.3427337187275307,-0.37346449368290857,-0.6443547842779542,-0.43742987129355815,-0.5515694956581714,-0.43242582109365085,-0.13562785077892156,-0.3137190864329752,-0.36735352615230166,-0.275002250566413,-0.18977642028293312,-0.8311246768935776,-0.75051197993511,-0.7470339631034741,-0.7642713818056801,-0.8056393489641446,-0.7330793419375421,-0.7006899091737816,-0.7518240761138046,-0.49867202662476157,-0.6131544652929576,-0.4919361780086586,-0.4945866667191661,-0.4242367411416599,-0.41792305274882485,-0.3867500067625015,-0.8583767987432772,-0.7067918741376744,-0.24172157229134808,-0.21820797791838176,-0.600888914944472,-0.47954587275020455,0.1897238596880048,-0.16822644012061466,-0.5779047862847362,-0.2513083126608029,-0.46196688213527626,-0.45925197208705587,-0.5325607743996384,-0.28690527989599746,-0.09178079603209637,-0.17743691959485303,-0.2799734923514774,-0.24878880247096608,-0.6025622084040858,-0.6635817602955689,-0.5754321667661626,-0.6010831427608107,-0.4038112969993719,-0.1411950755800865,-0.5611200855295579,-0.4284590581503416,-0.48985759035867116,-0.7732490234061772,-0.6621353211832152,-0.40073648203140505,-0.46704034758320057,-0.7063138642936536
Os06g0108600,0.3025189998270512,0.2518741994858183,0.6640234522248576,0.33433439869685766,0.6448614692144616,0.7824552353403917,0.3605925231942697,0.6374384512778443,0.525969864152735,0.3154738223659072,0.6803685421978434,0.65951147084687,0.7660699203831581,0.7810902462402667,0.15524812566248802,0.2648514924157604,0.36036948132051033,0.42682938218761307,0.33940848081364505,0.4661724073502028,0.582584376169947,0.6368966934930981,0.6278208362989887,0.7153707513720033,0.4988169887956848,0.4420455755491987,0.6103276641125965,0.6286439460083388,0.6468246957558602,0.43382976642602855,0.4034104418984848,0.23595948757737648,0.41610722688238516,0.580160134289479,0.48485531551455796,0.3248559114443793,0.8089389137280582,0.7303711766492689,0.8613913995894998,1.0,0.8992635201022232,0.691325467993456,0.778815231673114,0.829718340965062,0.7803146110760568,0.7005567748450295,0.8373944527740975,0.7565905080344162,0.7188398412998633,0.8085312316648189,0.80922124435773,0.7818561945498658,0.7595426852594604,0.8315665752359338,0.8444485622061969,0.8193590810947136,0.83759203763397,0.8823370603639532,0.8609323171025458,0.8453449885566868,0.8832012095064321,0.7303905610013299,0.7963358487451467,0.7304239319731178,0.7625711831990316,0.758133152101043,0.8467404108732924,0.8872538843035878,0.8674989778945239,0.8370918827639279,0.8660568646942333,0.854867146218037,0.22576875342714942,0.2910132736949694,0.4364997841401917,-0.31731965501349085,0.032939707936825754,0.17418214791714717,0.008126448843847969,0.19487100874700933,-0.1707256475907652,0.48076025941895034,-0.031972836400711545,0.39342148178502506,0.5447580885923288,0.31877246978001433,0.39040708530041274,0.5208579878698573,0.5107137873023476,-0.46387840842250305,-0.16534379822186063,-0.2765797674959659,-0.02926042010856172,-0.38008180825682897,-0.19799355121320517,-0.11464984469607704,-0.48596572795348936,-0.2249935664323474,-0.46928285836820166,-0.5013377248698145,-0.6332093564488538,-0.6771085644182455,-0.7686769801787906,-0.6434669134987805,-0.6590431064147813,-0.663886804701789,-0.32910576127818325,-0.44403352111056843,-0.31543277403366443,-0.3823857171034149,-0.32872977692919586,-0.7864285587775065,-0.7732039578272535,-0.8978564352447796,-0.8120621114581952,-0.8892388444390332,-0.8711002907239203,-0.768850566051818,-0.7941506923862615,-0.6733302739935216,-0.7537267336990694,-0.5892508935620804,-0.5411812295058983,-0.43107768307307337,-0.49983200281456286,-0.6373802888547332,-0.8255575647551516,-0.8155605112931813,-0.23305001459198746,-0.10186294764325135,-0.578241874215625,-0.5379539306925197,-0.07915111468822499,-0.4617445524751975,-0.45902868126916024,-0.3379319403331827,-0.6423942601990982,-0.5931453254515597,-0.6364275653024176,-0.5880744154380881,-0.21630005341282102,-0.41048138456160543,-0.4823560103336407,-0.3733650355484621,-0.5901675898325935,-0.806589250676176,-0.6959308009503625,-0.6945133851172784,-0.4021461085978598,-0.2992231701989023,-0.5422347058038717,-0.5067869283487478,-0.5407059580334844,-0.7074305869373678,-0.6844266042978692,-0.37272936372198556,-0.48740036090200456,-0.642574808189611
Os03g0301200,0.4769803670412887,0.49542629168581115,0.6323376428427484,0.23244265960770974,0.4407694089005428,0.6868672071274815,0.43842751799660235,0.49378249009375,0.5626002416338337,0.4258396284264242,0.7118591102760122,0.765851519945474,0.8282974735866062,0.7877788949442508,0.07838240260979504,0.3549091752380784,0.3423027199761019,0.5000030320675407,0.44634389238594724,0.5492115188907138,0.7083624762541764,0.5880350919588953,0.6242531744220202,0.6973138660144125,0.4510957240105179,0.3841782914356065,0.6132325256919451,0.5911030261070687,0.6829872123458917,0.35351023757505656,0.41969055300111585,0.2642622745423391,0.41989861752237906,0.5890322965757057,0.580143111113894,0.4162497171734906,0.8840672014906552,0.807993432033579,0.8764402891866049,0.8992635201022232,1.0,0.6876068635838849,0.6759492335060981,0.8474331560781321,0.7549243805848576,0.6807675825919954,0.8611760383595907,0.7727477459757442,0.7534967520310789,0.8158493637398916,0.8370861236515861,0.8002402695403469,0.8007640074819101,0.8735875475457069,0.8603675729453661,0.8353333523741563,0.8634403170742533,0.8472342118723295,0.8606532310520566,0.8523943611772681,0.8586856748317021,0.6970215284942977,0.7809608997614558,0.7426058100263816,0.812279253960913,0.7895649844124705,0.890469492762979,0.9062526390667861,0.9005137447519396,0.8605298977535294,0.84059162201475,0.8399754284987021,0.04975759905633972,0.13452691297319833,0.26229936694647227,-0.44961446982570746,0.08874658250700525,0.17767009977359963,-0.006917978870787458,0.08893785381476806,0.09312792282575268,0.7628571709892368,-0.18255253519269904,0.41169430050688127,0.49319957111178864,0.32917025770116354,0.4210781258868781,0.6119449671412105,0.5049224504991873,-0.18592234215466413,-0.026077887581008926,-0.19032204280014645,-0.07501137142453122,-0.40002285772661145,-0.10486428566035172,-0.060851798847574586,-0.45243306954780915,-0.20610457411125288,-0.4550393857956874,-0.4270965023789018,-0.5765096996424951,-0.6596026216989864,-0.760956987355108,-0.6527790555792854,-0.7111853933457677,-0.710537651670634,-0.47251376630425607,-0.5424532045386691,-0.47943233036398686,-0.32397617185572647,-0.3415138086498348,-0.8881307977774522,-0.8949460234402337,-0.9330505184188349,-0.8838252576379763,-0.9058020533654277,-0.9113462068179701,-0.8748750465956788,-0.903388951484641,-0.7501461083735735,-0.7922410054416861,-0.5954610812537907,-0.6494458571855314,-0.47761482119385773,-0.6887908993124222,-0.625024731530884,-0.8117777528341142,-0.76079935117263,-0.08238068783026561,-0.0611372972261161,-0.5889351555685747,-0.4732868107980906,-0.14820885617115165,-0.5178252637585029,-0.5286343847650204,-0.400717582184783,-0.6516197024422052,-0.6870558616859891,-0.6880472020115511,-0.5294463237067059,-0.23089789387672288,-0.3694787666783182,-0.4253187390879578,-0.3234231195371154,-0.5726979262174525,-0.7448321184907569,-0.6507010200551985,-0.6425130584511497,-0.3537381464878637,-0.27377783809555495,-0.6804715185551007,-0.6548096991516785,-0.45779558570830425,-0.6741111830037326,-0.5439337457773761,-0.5662737378021367,-0.5697829653184509,-0.6884362761753807
Os06g0335500,0.44361138266926575,0.3152171119723497,0.4948465506368817,0.024220742798900463,0.28695548529452364,0.43265981657453345,0.34834441961226836,0.37013719910084353,0.40551186739444967,0.22382712602747212,0.3463050166695387,0.3726246906778725,0.5336783161032438,0.4134968118266286,0.6765771998169802,0.5252087182777391,0.60988961436505,0.8393349670291518,0.7693188165828957,0.8787391818881739,0.86907637534811,0.7957133472042753,0.8111137862132874,0.8041039840030184,0.8596111397770636,0.7406136391082037,0.866773970658967,0.8560575738485341,0.8029439426329238,0.710612080260553,0.7482766047295676,0.61451570316285,0.65653492993438,0.7496575548199308,0.6545602150712673,0.5999300470975207,0.8673401383553857,0.813230300276254,0.6792455533995697,0.691325467993456,0.6876068635838849,1.0,0.889223839572907,0.8422835065446709,0.8303472132982886,0.6206782131298307,0.7377753283173927,0.7539008887796269,0.8257361983912966,0.6617303722914752,0.7875477645601521,0.7967106108391269,0.7637546019430179,0.7929061007660079,0.7640770588852337,0.8405058714511923,0.7961565794068954,0.7906746225849948,0.8007082922589496,0.8099097591002848,0.817196700771079,0.9069781640313275,0.9253220242893027,0.9245007904574566,0.8898453822316791,0.9013636995044371,0.872901145309283,0.8725376791391906,0.8416650597426061,0.9160929799514212,0.8776098445346606,0.8692366615819631,0.4630683861480151,0.12617312591618055,0.3380135328072395,0.18834060412034484,0.5474081276434842,0.6293592522829986,0.31533996010153903,0.4423621447320246,-0.3504273148256275,0.47446373445482387,-0.6201476720481915,-0.08522270012026775,0.09373592784803861,-0.15477957118339938,-0.20302902126778427,0.31328371118507287,0.14846590248400346,-0.5025065217449644,-0.2819005554922996,-0.355162258044161,-0.30172824170313867,-0.6934445977349437,-0.08969772369183554,0.0604134323634069,-0.4234171781166263,-0.18818418264550396,-0.15756238110515935,-0.3376324413234522,-0.3692557605434682,-0.4110101013274889,-0.48152353040724744,-0.2809765222251794,-0.24056004283746593,-0.21990299646794426,-0.10877126884109202,-0.01676041827768383,0.035749750079061636,0.04870041641762345,0.12847546772404242,-0.7343346813819304,-0.76793024612812,-0.7386930102528201,-0.8642579062670899,-0.888919450370501,-0.538541548827421,-0.5986418174245556,-0.6297059476165098,-0.6904076708904693,-0.6106814990929663,-0.5152752583778132,-0.6531100167706491,-0.33626574028833467,-0.3737768527647195,-0.4338653412234727,-0.6348991967196416,-0.4410092770098636,-0.13727346902156976,0.1623838487201756,-0.412739903123613,-0.16777766464480923,0.041035078104618414,-0.44109255218965776,-0.8152832723921367,-0.7313163401231113,-0.8024323245647578,-0.7946583589319921,-0.8634256461607032,-0.631186090773094,-0.5915081647055791,-0.7455103545076881,-0.7227101171256408,-0.7487431225665457,-0.8339672805805501,-0.8744734689435035,-0.8591295220076218,-0.8301504098743427,-0.7152399665715504,-0.5451449780455608,-0.7032929094347129,-0.6660473309133379,-0.6954633073762572,-0.6392422989701408,-0.5354670540328251,-0.3940724008425372,-0.6706317442482548,-0.6033601823153627
Os01g0231000,0.25810234235721485,0.1338150476401841,0.5029554322076842,0.13048034563670444,0.5370452737458516,0.6166180356321973,0.522724387824148,0.618405980637032,0.4941422024688353,0.2531698220975157,0.37840564551572325,0.4196691489748364,0.5578494893803951,0.5246293318003953,0.5657565331312349,0.5071930712303926,0.5985282332549887,0.66173363687065,0.5769403991420905,0.6253415053609604,0.6694236813103686,0.8356530733475217,0.7068429848581451,0.7155021913255135,0.7769819509049287,0.7026947733214584,0.6997852941668478,0.7228342750746074,0.646328769252117,0.6164417720474262,0.5092811765255951,0.38978527657732237,0.5413513676675467,0.5842806238421642,0.5652443534431187,0.5400069611853646,0.7023426877118412,0.641833261153382,0.6588709875009714,0.778815231673114,0.6759492335060981,0.889223839572907,1.0,0.8474067012918977,0.8192189338960513,0.6564129449012026,0.7797732379950393,0.7267946630173996,0.7177813331831363,0.6990637151214444,0.7460934004021652,0.8077673872550151,0.7474568670743268,0.786424313081341,0.7715965570422172,0.7931498857564794,0.7660129465314035,0.810324325012952,0.7864976477592027,0.8043119982418592,0.8094160558745068,0.9161515655044106,0.8738733254345449,0.830029717102193,0.7968406664387147,0.80979640749775,0.7856790963352891,0.812476834721507,0.8177812266379024,0.8608224388955609,0.8514670047498032,0.8246144341529337,0.41395171170468925,0.19737011521844725,0.5183768343580141,0.1353122973927161,0.3918456398277104,0.395368923197884,0.1946869422709129,0.3711992104056867,-0.22082275711784058,0.4685725410783367,-0.36582978826297746,0.032747009807972745,0.17038766455640436,-0.007566061027226127,-0.09144721561924768,0.18300411177378884,0.2781229055842944,-0.6449224563870356,-0.15768325368472672,-0.18171912425623732,-0.07466541596952946,-0.48265825706294635,0.0243431728381081,0.15793466166505243,-0.39404000492163804,-0.2906509841402915,-0.32856280155343215,-0.462627422736054,-0.5629308987717043,-0.5605740398234131,-0.5387332144887118,-0.28262512908191095,-0.3850189076868691,-0.3463129938980313,-0.14476779510580598,-0.07734851474338485,0.06748066527403807,-0.11695201208404044,-0.07407729450687518,-0.5864412237347646,-0.6754377521400242,-0.7109763954931363,-0.7295661329121238,-0.8464594812677263,-0.6086150199530059,-0.5611636087484264,-0.5591521327471853,-0.629698955974251,-0.60469804198903,-0.4104291664425515,-0.4920612254031599,-0.08359939743022726,-0.2096290944196007,-0.3526577650978311,-0.5052945601613549,-0.36719744309247665,-0.2715679462078988,0.08913781013309238,-0.2600515445764017,-0.22316400261744243,-0.15335054860586125,-0.45551547979154305,-0.6495935699216182,-0.5343796188617609,-0.7599557626809426,-0.740502727686635,-0.6992895662979727,-0.6819717133121266,-0.3663243073327897,-0.6806621882129431,-0.641488557988518,-0.7162562492686961,-0.6459387703748447,-0.8042779979533178,-0.792712984197983,-0.7708392635430481,-0.5458657450525161,-0.44556862322442825,-0.6145768945023744,-0.5415508607044556,-0.8075979546815325,-0.5619746307033198,-0.6146085170663934,-0.4154985341070277,-0.6135910958440126,-0.49572889663644176
Os01g0128300,0.6035934927525649,0.3326795962066992,0.4262083259716915,-0.09052156940239692,0.33514953343505455,0.5625030770388719,0.3272924378212432,0.5789565930680971,0.5583622752901667,0.40296802540997934,0.5509011154603386,0.6205451473449007,0.7477686101096491,0.6673070483713793,0.3106436467986986,0.38120147906168494,0.45612258245443466,0.5167487174845472,0.5520131595104448,0.6531575226605824,0.765727347826204,0.6749370988644826,0.6221494669060832,0.6946549897453766,0.7263041599582245,0.6533484795147877,0.7104648376557305,0.7563931027686718,0.7882427324303152,0.5116692121035231,0.5508059547175914,0.4014331419363524,0.40223287096243787,0.5671762018792583,0.66372815886863,0.5542842694813012,0.8408544228138531,0.7347909238458128,0.8059533325106887,0.829718340965062,0.8474331560781321,0.8422835065446709,0.8474067012918977,1.0,0.8037344047117627,0.6310387070064112,0.8561661077008805,0.7817599196830493,0.7550242450499062,0.7859612931178156,0.8269436300999103,0.8166665805701978,0.8346132328537891,0.8981087568532798,0.8619980472362153,0.8825506080715517,0.8189773924287237,0.8442853417455727,0.8651522013483659,0.8426019341416668,0.8869889109054517,0.8895602720023595,0.8916348305649219,0.8768746510265594,0.8732003195113001,0.8682760102879269,0.8496247144204475,0.8778849861190194,0.8784270087386646,0.9087005259001448,0.8926698867602009,0.9069081554673586,0.3069574913356034,0.21972364659464597,0.40695981496029365,-0.08044128339363053,0.3744243856649836,0.36485959182373734,0.16270052301482407,0.3704010770180952,-0.09193996982597274,0.6296559847421822,-0.4569155786948656,0.07809929350124141,0.1760213022474641,0.2642957323551022,0.2120171906535841,0.5435895299487641,0.46141379687151485,-0.34358072471763373,-0.017555649542833257,-0.25185925413999416,-0.09165524910518046,-0.4741627993530016,0.16127863578543733,0.09395505491234929,-0.33313873486132206,-0.2441826320553736,-0.30699477571646067,-0.44732945682067093,-0.5480836946752389,-0.5820275952088816,-0.7313524861317953,-0.5333790627464713,-0.6400838025754613,-0.4926506582842079,-0.3240012895671024,-0.30059838376997483,-0.31619395957535806,-0.3202441223566648,-0.25842782573111467,-0.7421088604460803,-0.8833181214022365,-0.8022801137742609,-0.846086497424616,-0.8704518212046437,-0.7807257619714567,-0.7880586300639437,-0.8249922487423132,-0.7250267563252064,-0.8365142750167817,-0.5901865674494794,-0.7744187928719803,-0.23283589097432597,-0.3422883090533374,-0.43113445800573297,-0.6547268720260391,-0.5325718406243577,-0.30075730365791353,-0.09761746530787678,-0.6095051107932745,-0.5175581710038745,-0.17834506094657054,-0.3965408647282017,-0.7023851523464213,-0.5490597459610771,-0.7309454798913125,-0.7685252143279087,-0.7405345314238025,-0.52803320351774,-0.1804159093274716,-0.4531457353439331,-0.4365640378895522,-0.5566542518023695,-0.5971689045186934,-0.7367695652932903,-0.7367871516103013,-0.6964919372848126,-0.3620537302513149,-0.18837345335239367,-0.5341885056626912,-0.5717197339035965,-0.6540868676724869,-0.7243181983020909,-0.7176815069593719,-0.4882802041076264,-0.7259207675764453,-0.6158061845959502
Os03g0319400,0.4070643801780199,0.42530468221554135,0.5555333043627902,0.29195599564729147,0.5331648372110359,0.743764738127868,0.4100205211353346,0.597119028129247,0.7341989670139877,0.5457730449704131,0.6083880679122208,0.4893039674507092,0.7199591703987296,0.7121919126001773,0.569923795382268,0.5933896392097615,0.5280581639781591,0.5794171108574926,0.6389637122466582,0.6308839154100496,0.7785377849355347,0.5994065882700008,0.6383386069077641,0.5604411043170628,0.5430132098505822,0.3362296853410028,0.6553079391654719,0.5487785768828066,0.5478842271811774,0.4187743105333308,0.42492515635243644,0.2044232279602072,0.6572297121380343,0.7444596461942744,0.6128284447704221,0.6192385257982734,0.8356976138387765,0.6820888565952918,0.5675897658857106,0.7803146110760568,0.7549243805848576,0.8303472132982886,0.8192189338960513,0.8037344047117627,1.0,0.8375163297774202,0.7796728812541073,0.8464442622799982,0.8320951480563863,0.8816446585106409,0.9065786200463489,0.9007449931015151,0.8724817823226346,0.8856734798128284,0.8882266956934035,0.8788829386727803,0.874601786648553,0.8858639969566059,0.8921157627945565,0.922403314526008,0.8280127800442951,0.805231963974984,0.8142559148586312,0.9029574681601387,0.8435509510195196,0.8557166364971818,0.8229943567499575,0.8144186860457279,0.8586161489463915,0.9032729995980868,0.8787197432310061,0.8049257568887106,0.2689082616150071,0.09156486198336568,0.2977914714401662,-0.20193806659416128,0.2632129850320485,0.22822296168638892,-0.028722724918046828,0.04824059076596187,-0.2055388879296978,0.4953372525760659,-0.3265589613852702,0.05949299032955192,0.35378145892164625,-0.18902495877843306,0.03866920084127157,0.12059701881346638,0.28175282652195516,-0.3964878834769377,0.019417263925704555,0.06874443599042933,0.14532699529170198,-0.27291144022289915,-0.019863003787687575,0.21212314700405022,-0.6452987721238826,-0.5539130813414601,-0.5519759291245132,-0.6531024903421138,-0.6930527426788942,-0.7519980713606153,-0.7266446743377234,-0.5749362776950612,-0.51754486730285,-0.587261190706335,-0.4723210166392241,-0.34573963676028646,-0.2091246517141933,-0.24105867765988107,-0.22060580108587716,-0.6801072659618921,-0.8230751623996923,-0.8904079919362377,-0.8783116686781628,-0.9022004949661008,-0.7401338840237526,-0.7438937824458566,-0.7066438017626034,-0.891382080104667,-0.8115963818234516,-0.6515198765322363,-0.6949445934713258,-0.3811419162227597,-0.5311966105696406,-0.5823178261311553,-0.5624800089315507,-0.5308301456373816,-0.2026771996244717,0.18953319826603243,-0.4282527608920978,-0.34062924347251095,-0.2989412855823282,-0.750214997937785,-0.5804922461210008,-0.7359796355355581,-0.9149279327447201,-0.8857434631187856,-0.854436916613521,-0.7654568215513489,-0.49960857380402424,-0.7424491981207134,-0.6930458576922519,-0.5960133702689181,-0.6180088110805093,-0.8263007491315036,-0.7663511337912036,-0.7216053975043212,-0.4480678341361469,-0.46452429048879046,-0.6374655937404252,-0.7509695835270938,-0.5923243870689375,-0.4952214129811026,-0.43469373033682435,-0.3256205597421762,-0.6156589426937525,-0.5952264262121322
Os06g0654300,0.2161969957892971,0.4844462257893095,0.625171620294442,0.46733921202497103,0.6245417096078191,0.856686633744758,0.6171472255505415,0.7566956140117693,0.7816935430545041,0.6648518450390174,0.7032554386603921,0.6486273861193232,0.8173666869551924,0.8360901703114939,0.37225539530707685,0.5405547562032031,0.4761253555057314,0.4449119394367117,0.46919522299349414,0.46203047236073647,0.678426166781039,0.4088717308692224,0.46282132045025937,0.47364474829215536,0.2444904584166355,0.08520033212277235,0.5423497506007883,0.3571849597937258,0.394184482486222,0.23265539957806428,0.12724922050154455,0.07057221924543697,0.6636573138539961,0.8534497644799406,0.6073746680523757,0.7367593637086673,0.6576586631605623,0.44915718811415667,0.4268257078765107,0.7005567748450295,0.6807675825919954,0.6206782131298307,0.6564129449012026,0.6310387070064112,0.8375163297774202,1.0,0.8623390372855874,0.9363033674056261,0.8820251763499046,0.9534300217789884,0.903862271256524,0.919426652108587,0.9042030863253392,0.8726094427412252,0.9115479561816329,0.8825742766802972,0.9251091432895756,0.915666997332458,0.9010754847788681,0.9222972848789361,0.7066571027620092,0.7106792831515002,0.6462575351878437,0.7728618740747479,0.7984734622176788,0.7875907936698199,0.7896067186767429,0.7426918356802387,0.8036872116532155,0.7841333430215673,0.84637968586843,0.729420500208956,0.3540668390092919,0.04686831707753787,-0.030089856154489815,-0.3073683964253284,0.15012630573227462,0.05964025505631434,-0.3514408680627938,-0.30815881830631087,-0.11523272178206741,0.37179545625930166,-0.12641228479223998,0.3721683567055006,0.43769717073085807,-0.036218203746682116,0.245255915221364,-0.028515030793471056,0.08393993453626242,-0.20260178811029844,0.29413231883233737,0.2892337293362838,0.33057799062147636,-0.059989736680690714,0.15977765588240841,0.4793074361840705,-0.7450811072555374,-0.6718190712153521,-0.7618138218328251,-0.6596900420317123,-0.7071977663136186,-0.7869897467979897,-0.7764709469939672,-0.6969594780326142,-0.6256556740324952,-0.7526194782313141,-0.6862518364685943,-0.5286035293047492,-0.2648143649975379,-0.23459826805176087,-0.3244441717423056,-0.586955259689112,-0.6897913365857494,-0.8200496388524284,-0.7302978835536165,-0.8035413987361251,-0.7482970448433286,-0.7262741816561644,-0.6525760035197445,-0.8326692113753709,-0.7621628773976004,-0.49108513423377337,-0.4675196651966455,-0.4555081231609439,-0.5309876025014735,-0.6651353891340301,-0.4952290018803823,-0.48195185330213164,-0.14040467192993733,0.3837212235944405,-0.22383933039716392,-0.13991169750896054,-0.3933970409517696,-0.8017227656586825,-0.41592619971384215,-0.4690391481655677,-0.7006427618349926,-0.8598610273251347,-0.7717166803224718,-0.559612648088479,-0.42587155786819686,-0.5918447675501183,-0.6046537702389878,-0.40373296021568417,-0.40503297275692596,-0.6932394409171213,-0.5785776445545611,-0.4742499577555926,-0.4314092611363454,-0.5737180169301067,-0.7013127903454469,-0.8247746496540767,-0.24639350297892426,-0.21329304560447718,-0.27304329963741797,-0.37406213163114715,-0.652199698792635,-0.5674062824117057
Os03g0707600,0.35681551334103134,0.45434041607933895,0.630263270508786,0.16361604171516886,0.49947760807202723,0.7441035535373202,0.5583980465088804,0.7124363873411664,0.6665266581456629,0.46000421040218475,0.6377645567608639,0.7087896965632562,0.8136314920580685,0.8012780813448486,0.2952297448154518,0.5283759985931238,0.5261949193779855,0.5592044377165883,0.5360471205447462,0.6125037260650121,0.7747323195513636,0.6560258120124327,0.6300460313424975,0.7349915584320282,0.49459814691169535,0.4066631788200781,0.6840494438943502,0.626007645750973,0.6644221846393944,0.4575773135269028,0.35053000477660534,0.337511511615161,0.6008374171368034,0.7677787397574024,0.7072634409483571,0.6806934872533299,0.7681120413005811,0.5957231863550229,0.7063462651646957,0.8373944527740975,0.8611760383595907,0.7377753283173927,0.7797732379950393,0.8561661077008805,0.7796728812541073,0.8623390372855874,1.0,0.9393650878105135,0.8949072741829465,0.9056148185113984,0.8955431315283987,0.9067000738112526,0.9288110252078643,0.928256376147388,0.9380426506685927,0.9326524718499837,0.9471692751357151,0.9478154690438523,0.9500916983173036,0.9405810806998625,0.8681534647932325,0.8723382301572641,0.8285975150862033,0.8490612341551443,0.9083274660817477,0.9014812846573873,0.8942656216834631,0.9073827737797502,0.9100267717325795,0.8870093481639912,0.9379618849321522,0.8899891510497052,0.3393743591326121,0.12788930766882517,0.18004980039939605,-0.20394261663977356,0.2895743869824867,0.28272981337678693,-0.04391916669036318,0.05265094972215414,0.02139793897689587,0.5938075946471988,-0.25271446359272776,0.3880100017873519,0.3192248868490454,0.21118986709037407,0.28042043897463326,0.3702557714103016,0.26493090970091737,-0.23205292250195053,0.09032804037368293,-0.03476630925082201,0.011285676159569472,-0.367401662374762,0.1537504400561071,0.2507237114198539,-0.5547174260923702,-0.37869516816021814,-0.5596183561988881,-0.4721735640192362,-0.5798235064944687,-0.6651976794932368,-0.7367899006872448,-0.5967139405387758,-0.6752053957771228,-0.6724343802661438,-0.5168556627489599,-0.42450192061239633,-0.2809699858389851,-0.18609554535142725,-0.2488198671792032,-0.7810785279380549,-0.8165968261448111,-0.8684245372118296,-0.8245248000974621,-0.8860182648580741,-0.8455728264470836,-0.804690287449614,-0.7901281221907211,-0.752351464751487,-0.7772227558927141,-0.47938613691890813,-0.5679020660175303,-0.3790141815405501,-0.5086188864293014,-0.6305748166348585,-0.6294542189848691,-0.5564198122224644,-0.05996851248369606,0.22688223859335832,-0.36424466194752536,-0.23360056225379772,-0.3367717254100169,-0.6427919841384665,-0.6256311184173712,-0.4087075064487961,-0.6958793701337297,-0.8385813546714918,-0.7986467119703674,-0.5397158574878542,-0.324587211091256,-0.516707560968678,-0.578911732607048,-0.5174450277578144,-0.5656579065275892,-0.7859325399851295,-0.7382690251936475,-0.6456642108366552,-0.4158754035671183,-0.4723476891843247,-0.7365647014002482,-0.7282919792269249,-0.4490279723815617,-0.5346268264336399,-0.5337367223007414,-0.5164826695662702,-0.7333469363101028,-0.6335183070565865
Os06g0660200,0.33941639155573394,0.49490770191264416,0.6039066333365446,0.2124000293841726,0.46621190651085437,0.7073564051983798,0.49927544642744925,0.730397415393122,0.7387887761662388,0.5239316112488537,0.7111640873374199,0.6287743851405792,0.7982801855628405,0.7717459357248583,0.40551085169528484,0.5427324605164431,0.5139178945152691,0.5749968941557794,0.6458394977456937,0.6744241053914044,0.8435778079485323,0.5712829449944109,0.6579210861212947,0.6809740038154634,0.4691933497577967,0.3168072770897565,0.7549072655802457,0.6072797026972505,0.6609076287350153,0.47504824298987197,0.4073042468456933,0.3647754402919414,0.6872621291802596,0.8751450466651359,0.7446966294700336,0.7621992397912642,0.7947327354923185,0.5660380465042786,0.5884760402819461,0.7565905080344162,0.7727477459757442,0.7539008887796269,0.7267946630173996,0.7817599196830493,0.8464442622799982,0.9363033674056261,0.9393650878105135,1.0,0.9645588330786588,0.9366015665007505,0.9357547122565918,0.9427465638155137,0.974365101696216,0.9486985628874841,0.9617597573246071,0.948855646770218,0.9736505292560922,0.9656885199702583,0.9686855906315818,0.9662116817440458,0.852671825338263,0.8446973447995925,0.8264317276576439,0.9008008237422244,0.938472389662081,0.920316134723408,0.8992377746448217,0.8847520513571969,0.9107954559645762,0.8971253449833322,0.9510068794109722,0.8944469834241751,0.373190708677805,0.05590706918159306,0.05480680399851729,-0.14851467750665945,0.3652072606346681,0.26151877373356774,-0.07729124866896768,-0.03097689573803244,-0.14861164152767037,0.4673282317499504,-0.37223082457666884,0.25134803902608255,0.25920552234720773,0.026512095694425822,0.18500909877590205,0.20592026372674824,0.19052265713125435,-0.15510483953163653,0.12364309820153313,0.05923523568765623,0.06437936905217156,-0.32451558282112125,0.139905127771664,0.3839259942515285,-0.5941698451168097,-0.49243894445788733,-0.5564465853990179,-0.5037501998749718,-0.5388908291084918,-0.6283714603968117,-0.7676637679468649,-0.6082430941759377,-0.5856961075031546,-0.6480794627030284,-0.5247436950808846,-0.3691128560162132,-0.24946886426344747,-0.1302990646672338,-0.17621482528009924,-0.7086170951839579,-0.8045647866518431,-0.8572630217675361,-0.8338554275376087,-0.8615048603903475,-0.7525697166708806,-0.7689270677761444,-0.7124869163478926,-0.8062481213083023,-0.7773796741400903,-0.4814692714067105,-0.5829373537700943,-0.43709761206145675,-0.5069218573701689,-0.6104853074937838,-0.5778773763238937,-0.5251701292914136,-0.1055779578032361,0.38955982193682914,-0.3380693484467112,-0.17313215798203332,-0.3508671049370077,-0.7599760146746404,-0.6218633261102955,-0.5511251975024503,-0.7867536075805369,-0.8998168344719827,-0.8705104747018354,-0.5722489138845659,-0.47586105053935857,-0.6241401794533807,-0.671511082360969,-0.5379518275152252,-0.5850323722501353,-0.7986341841734144,-0.7364789134486607,-0.6465240020399924,-0.49397689604530043,-0.5411128298578717,-0.7249158333295798,-0.8259550687804557,-0.3907077599572727,-0.46647995345313853,-0.4247740376718652,-0.4805839769217107,-0.8039246089870007,-0.7406921057573276
Os03g0302900,0.40013150696471295,0.5873358216640978,0.579600493402312,0.19103495635666,0.33929601294465994,0.6041800241820752,0.47087267736329613,0.6026128748280739,0.6659329644269769,0.4624200679413016,0.620682287278904,0.5920807524471118,0.7294523900938608,0.6673228021139589,0.49461808112278566,0.5732840918209593,0.5314900487915795,0.7177184440665388,0.7081920370091385,0.7891800789515422,0.8974767755711519,0.6148378288927742,0.7112882027096102,0.7341307718520361,0.5587690189780704,0.3838301499243011,0.8468988535933278,0.6791006730388485,0.7328252880713706,0.54399185283218,0.531640731384755,0.4862613503564396,0.7139516456280138,0.9308117448819501,0.8188018755773033,0.7967969195309221,0.8529546776966448,0.68100076607424,0.6140559434679549,0.7188398412998633,0.7534967520310789,0.8257361983912966,0.7177813331831363,0.7550242450499062,0.8320951480563863,0.8820251763499046,0.8949072741829465,0.9645588330786588,1.0,0.8767203994566334,0.9333576333397203,0.9278043272777088,0.9468137459193307,0.9102497945036466,0.9269575265887656,0.9463465636374456,0.9597257396647195,0.9363631149079458,0.9460655644868421,0.9493158674959679,0.8582103077781884,0.8518158229704099,0.839227820567149,0.9259105575576521,0.9685295681789238,0.9450086833194419,0.9197168081767005,0.8969823164256905,0.9148348268132942,0.915029478047719,0.9485969202077055,0.8995879532162894,0.39669916292113244,-0.03783777427425426,0.07155491406231544,-0.050614518418494826,0.47884394688100257,0.3982074337423655,0.01613774425764508,0.035918500372435415,-0.27324331013106884,0.4447047314358401,-0.44678773062293414,0.2029314098957087,0.2344817319194055,-0.08680073532826119,0.037597864457910704,0.26197597598884015,0.09917118285246677,-0.17630567411429793,-0.0067984465262719085,-0.07470664809842129,-0.07177452429189154,-0.45324174748989315,0.009816337519063684,0.2775784809102795,-0.6610284148668569,-0.44461823540063417,-0.466590113433242,-0.4738354299875221,-0.45387189743260115,-0.5448874662927077,-0.6673111753300109,-0.5201593901677634,-0.4656292869722469,-0.5432648989701542,-0.4391988470990068,-0.29393806091131447,-0.19933996273397092,-0.043204010058053244,-0.0627474498586272,-0.7922027767276274,-0.8295452799849499,-0.8540543334927895,-0.895817125789929,-0.8857559983499922,-0.6889661650117447,-0.7641277145409093,-0.6989907063597717,-0.8257948473868224,-0.7321231363351836,-0.565336059706383,-0.6173548983078423,-0.5548223168627424,-0.5517897131609641,-0.587021058598754,-0.6335980107775575,-0.522284272256162,-0.06684722168182909,0.37460120760234006,-0.36018916983385346,-0.10395368099458473,-0.17907154586633,-0.7142412773688258,-0.7517966761203885,-0.6554164768009076,-0.8001000918009563,-0.9045395547325118,-0.9367775698062788,-0.5240324574769948,-0.5909271252320676,-0.6890444186155205,-0.7435889284593837,-0.5864131421226942,-0.6951020691749373,-0.8384959704777527,-0.7721337013773543,-0.6933768207656487,-0.6151419974548233,-0.5995923304494799,-0.7869454506923804,-0.8052371524635699,-0.4162231198790732,-0.5194883833760067,-0.43849910139197923,-0.43824149088371567,-0.8056720013720688,-0.7537934184854096
Os10g0397400,0.4265236942401294,0.5349222270909475,0.5804006030502582,0.3626399418787205,0.5672051612204002,0.8572563635987636,0.5644948231183554,0.7834357823030398,0.8328490539998962,0.7219621374587121,0.7930338648249283,0.7614354773365121,0.9168700121198182,0.9083452710090929,0.25230569846045137,0.45964423418312506,0.428540874669881,0.39740577056258336,0.4499658970644995,0.46770557825580417,0.709869649921033,0.43223865100996073,0.4591533755066969,0.49034914660582857,0.3291398818367712,0.17934315474441556,0.575108336773253,0.43110009237778996,0.5136736395565296,0.22058669043518278,0.19765381963427958,0.07815717256698533,0.5249560178288806,0.7750887450396905,0.6790468527483478,0.7172628461088839,0.7654277833359983,0.5716282841100444,0.5991631268768147,0.8085312316648189,0.8158493637398916,0.6617303722914752,0.6990637151214444,0.7859612931178156,0.8816446585106409,0.9534300217789884,0.9056148185113984,0.9366015665007505,0.8767203994566334,1.0,0.9535516312200799,0.9461862601946436,0.9475869555334182,0.9521017784146343,0.9762424865170795,0.9407806000504423,0.9522609760363501,0.954949788516767,0.9527708593506452,0.960261650526231,0.8070775767572436,0.7558857334464556,0.7139811445477738,0.8197355730837926,0.8520495966920205,0.8304324433039103,0.8372816115662486,0.809678206928952,0.8848759627909158,0.8620368507038212,0.8958578741957537,0.8156036670784507,0.2598362756007955,0.07553579354126769,0.1003318649368432,-0.3838258246559947,0.1594970217783488,0.031967609605837645,-0.30073390224796637,-0.20981264306151912,-0.08238817965666524,0.5107466768770509,-0.1674658451655596,0.34982110791318544,0.4461866013990112,0.13037625012320367,0.36323524737023377,0.1965397164257377,0.303115081303007,-0.17676848918986057,0.30731702072155465,0.19324608406105215,0.31390513668659414,-0.08601662674997963,0.17796336142518104,0.3859232533477783,-0.6933843216437904,-0.6360314901749595,-0.7298633153077857,-0.7044172635916275,-0.7680633223007105,-0.8363721781116257,-0.896151951494136,-0.7829761348405198,-0.7822205278858922,-0.8188738984447392,-0.7083957882049075,-0.6144265246113545,-0.4423264395013288,-0.41293513138351173,-0.4627000207332482,-0.6867155337459716,-0.8355006838266881,-0.8960971044592826,-0.8226978402419335,-0.8677063267610159,-0.8684297659980617,-0.8608754161065822,-0.7982860765382183,-0.8981140652921238,-0.906691996280093,-0.6302720534269831,-0.6327474245806934,-0.4539236095780409,-0.5406674475530535,-0.6260750146265551,-0.5973918575176105,-0.568799812662397,-0.2718694916887726,0.16970021239397357,-0.4250837628388281,-0.37347967503821106,-0.3738348717314078,-0.731583488664999,-0.4875987763354894,-0.502487424983166,-0.737031174163839,-0.8746412750141531,-0.7774130161366404,-0.5239270317435274,-0.2733628995397189,-0.4964043746498779,-0.5003860905692749,-0.36937344183518717,-0.406691199778314,-0.6900573700907421,-0.5856800956162305,-0.5015723265995322,-0.3336384994536199,-0.3766945775646666,-0.6509423083244805,-0.7779666955863073,-0.3374077886975483,-0.3835485775085431,-0.4459406742306902,-0.42872383935403235,-0.707877359549886,-0.6431311878479224
Os04g0671900,0.4683857572093909,0.6283811584353176,0.4901186556473842,0.25327724108898536,0.4734791385969227,0.7469046001818217,0.47585201347001777,0.6774885972119253,0.7110198291913045,0.6535479579704802,0.7096161853949686,0.751018742328545,0.8643451882867258,0.8475498738870093,0.38495574633785545,0.5554311171868115,0.3952673322599597,0.5390312373432836,0.5240106854493927,0.6227668304975698,0.7829172106715107,0.5209088785177397,0.562655654944478,0.6044032945669356,0.462202719434857,0.2845708758924453,0.7056810614869237,0.5423436438141577,0.6276418298357668,0.3507242718692242,0.3824712787182356,0.22841369749426207,0.5946599783563207,0.8130072886227208,0.7373037814613644,0.7206585242115586,0.8645967658334238,0.7286143556025906,0.644537260966218,0.80922124435773,0.8370861236515861,0.7875477645601521,0.7460934004021652,0.8269436300999103,0.9065786200463489,0.903862271256524,0.8955431315283987,0.9357547122565918,0.9333576333397203,0.9535516312200799,1.0,0.9822844471544236,0.9694458699425289,0.9658098206556909,0.9739435635677464,0.9563502156736416,0.957926339780126,0.9512170284192137,0.9709417674352158,0.9722606766221618,0.8949104895317888,0.7942731503669278,0.784802405107517,0.8997486218639632,0.9200445186939951,0.8735938527826209,0.9172194165364186,0.8726706590567396,0.9086386002447192,0.9060584123668253,0.9334513939996386,0.8675686239760041,0.2918464369402813,-0.049195453074476723,0.12873725428491112,-0.26746057626196684,0.26408506270884774,0.18613035742861286,-0.1866002311825373,-0.056294810457108144,-0.20888915882038067,0.48868379147889995,-0.2988717768244353,0.31688961798806387,0.44230960270748354,0.047177310502246536,0.24982240278627255,0.29397378920779416,0.21865173376619257,-0.21818947308496275,0.1389081694178171,0.028908585368472284,0.16818942289936065,-0.2669331161103576,0.11676607799027865,0.28631362488928735,-0.7117226761052703,-0.5930136768176639,-0.6516125139663411,-0.7053149221732681,-0.710159647271143,-0.7700810882070728,-0.7988104096135773,-0.7146323117463533,-0.6745339273946038,-0.7426293984198244,-0.6066979271135706,-0.5268444407751367,-0.42025613405986045,-0.35149882882259587,-0.36233722592679973,-0.7637930525270393,-0.9184998292039112,-0.9368641355317853,-0.9147975883179587,-0.9232285155097247,-0.8514647419084926,-0.9083864725476981,-0.8485173218855985,-0.9379347991628944,-0.8934078488741969,-0.725152273095946,-0.7308658049980274,-0.5531960829471391,-0.6210331228327605,-0.6094493767827749,-0.6684687235828253,-0.6108036379685088,-0.23742841829725111,0.11550246988778573,-0.5382912565475272,-0.38729821904440603,-0.20469879582629716,-0.6950705224752683,-0.6188548163861943,-0.683982540694873,-0.8085448263736887,-0.9076214223457056,-0.8553489552218226,-0.5813635976982654,-0.4034246317898801,-0.6164148362502866,-0.607508037574423,-0.45884252842630796,-0.5446409532468915,-0.7758404970762438,-0.6814664995080822,-0.6223649521668748,-0.5258646844465701,-0.4039919943485827,-0.7037454001124517,-0.7593525556717203,-0.4639607394975936,-0.5311574626144474,-0.4954105211391021,-0.4546208529623231,-0.7855618422191547,-0.6742484096863866
Os08g0420600,0.3916291141003331,0.5767539999892043,0.48428434557314765,0.2581371126886698,0.5082844708892146,0.7540357960997551,0.5847827855506608,0.7404818393343893,0.7316664905418401,0.6422856637631623,0.6816971487874872,0.729310346384683,0.8349177637611113,0.8237492049377002,0.42367742824779897,0.5997601142670962,0.439756889764554,0.5648589075352524,0.5448315939804823,0.6073045751633669,0.7692420568159897,0.5756640406831637,0.5770490535250784,0.6034226162895767,0.4882406119009769,0.321606136394912,0.704347218868995,0.5344822359718965,0.6047663283031713,0.3766870668779758,0.35505520913557714,0.229095635189454,0.6065801597623837,0.7951396439157757,0.7482568296674598,0.7646731203513516,0.8101797662093113,0.6712409295600187,0.6057368383745223,0.7818561945498658,0.8002402695403469,0.7967106108391269,0.8077673872550151,0.8166665805701978,0.9007449931015151,0.919426652108587,0.9067000738112526,0.9427465638155137,0.9278043272777088,0.9461862601946436,0.9822844471544236,1.0,0.9748426360412649,0.9643853566902825,0.9705870704914329,0.9446128423259377,0.954012259358327,0.9520050751570454,0.9602803683043876,0.9713070825151321,0.8806158399957689,0.8320075423828108,0.7935280916758665,0.8955029462220715,0.9183501481950335,0.8696466019013683,0.9024247104237465,0.8583342999370018,0.9095136743941873,0.9030957072404932,0.9326182579380144,0.8623273222705948,0.30737338489541943,-0.06962581190408985,0.15586829736372154,-0.1914328212296097,0.3100291390316984,0.17039723842049273,-0.18072577600055517,-0.06175858657922644,-0.17648900239357437,0.5015837834395033,-0.3158275433375004,0.2932619474858782,0.3822718755853926,0.02337365556341495,0.18257487228054123,0.1899823201306431,0.1968511205360079,-0.25593086902379697,0.1744413218360602,0.09622943137875453,0.1957955388630232,-0.24955784490310096,0.17684000196610752,0.38433950582335863,-0.6793244964341095,-0.6206432869542429,-0.6623953238191681,-0.7024385302335449,-0.7195300687232958,-0.7645876481777615,-0.7685660093690905,-0.6340055394479613,-0.6475835163517987,-0.7178904152073702,-0.5785216641167157,-0.4659989603296937,-0.3313197306159896,-0.3060749110761055,-0.34109296771007225,-0.6972503570751875,-0.8760229012044858,-0.8968355573916819,-0.8675317074680666,-0.9072795170403055,-0.8115054711790229,-0.8569022593964595,-0.776283501105544,-0.9085166317149602,-0.8449429758086172,-0.6323999583865385,-0.6553971853059072,-0.4320841139997678,-0.540086036530601,-0.5314892132550868,-0.5790303448896018,-0.5051401089981066,-0.256167240303525,0.18021719286495214,-0.40666511963334273,-0.2960044200411656,-0.2695443226123869,-0.7173556750505699,-0.6191883291891256,-0.6614028323690014,-0.8187459529288039,-0.9291969393346963,-0.8335076070193496,-0.6039364256572513,-0.4018504575754895,-0.6575164693946941,-0.6338509795687334,-0.5136564086940654,-0.5182440845477444,-0.7638912429734461,-0.6835035026655171,-0.6250244908122293,-0.5368096589319735,-0.4380622407086039,-0.730667799226588,-0.7649164153602332,-0.527038466703498,-0.47410895003640274,-0.4782264615048142,-0.5108021783361987,-0.8176826356447304,-0.6583565032831447
Os05g0477600,0.4520063546586978,0.5962350096393361,0.46831583419871764,0.13684106901301485,0.41169529151293166,0.6881118365691665,0.4973598606590744,0.7515356738647293,0.7725701248168237,0.614675273377634,0.716954024901313,0.6960534490899578,0.8274650117363679,0.8080771466481141,0.3854851841948165,0.5777471754289049,0.4507871870067792,0.5372681426131111,0.603049889961311,0.6454157736871367,0.8223011627924327,0.5643360193281615,0.5971092213430992,0.6226976048928309,0.4892934708498614,0.3142799255948901,0.7415585491202482,0.5728273189433908,0.6649644685250267,0.41683612880678517,0.39905848112127185,0.3085545471990507,0.5966061812616197,0.7984554059303811,0.8080601603086859,0.7898532222802456,0.8154153759539591,0.615849673252316,0.6097093789078587,0.7595426852594604,0.8007640074819101,0.7637546019430179,0.7474568670743268,0.8346132328537891,0.8724817823226346,0.9042030863253392,0.9288110252078643,0.974365101696216,0.9468137459193307,0.9475869555334182,0.9694458699425289,0.9748426360412649,1.0,0.974690049889529,0.9804937870555074,0.9526896021761109,0.9571677686621942,0.9558500655201974,0.974578991837061,0.972594490753663,0.8963383955911453,0.8445773701493872,0.8131799545503371,0.9149247828312445,0.9473697370365582,0.9039849916085816,0.8886819933640611,0.8679223367257289,0.9184601132933157,0.9076316048073376,0.9426162141941189,0.8920606902822815,0.27963686962742684,-0.06628630766566332,0.12332769506653375,-0.17188754928376873,0.38401917725800205,0.19503774972267676,-0.10273438614066122,-0.02548152669265064,-0.13538406428934488,0.5189482728932482,-0.3890530193235227,0.24041585762988277,0.26627729484953516,0.04853937112702487,0.19842283613256936,0.25811420657198536,0.25179962951775087,-0.12299026696030475,0.18119027871957846,0.08770140557826779,0.1380748046567838,-0.27276266585538733,0.2151407763117143,0.392448406715,-0.6163987476519339,-0.5743327172886322,-0.5984355444897148,-0.6173986464857517,-0.6216765966442628,-0.6869095653057742,-0.7847207972022651,-0.6228586205535732,-0.6610400052730422,-0.6984046633746238,-0.5705623851254316,-0.4256868767321704,-0.3650616471372191,-0.26474985986893323,-0.3002903811663079,-0.7130734322333929,-0.8897206189814417,-0.882427746314738,-0.8671905882738354,-0.87048491493799,-0.8020729925994607,-0.8578023109088553,-0.7711890692633552,-0.8799956755071691,-0.8531433058145114,-0.5987782410455096,-0.6826817218571858,-0.42122455927655905,-0.5160231794653594,-0.517869008370902,-0.5504422072491572,-0.4906373973608267,-0.20523217841289906,0.24630385743931965,-0.42161818211724145,-0.2892197380761325,-0.35050042208097343,-0.7431934663929357,-0.6634008222402609,-0.6442371927832129,-0.8274246784175848,-0.9371637398919042,-0.8601790688886451,-0.5566340339534535,-0.3859635835725103,-0.6138059102901402,-0.6220104206252826,-0.5199271837991626,-0.5270301333105747,-0.7513431278183561,-0.7034013250659149,-0.628321956889991,-0.4463970642487217,-0.39649451582893025,-0.693333072692057,-0.766994529096276,-0.4847036092368863,-0.5210140738559759,-0.4882897212451428,-0.5007645819070573,-0.8621705865745922,-0.7225324128687656
Os03g0633800,0.4842179832223285,0.5092323450125542,0.5276358815763551,0.16342584501431326,0.4466076919098817,0.7185574899166375,0.4976837396961047,0.7264802825059434,0.7449127390081762,0.6021537161295597,0.7527526994802272,0.7505125627503687,0.8766761043254712,0.8290369741827306,0.30085448905941903,0.4741347725275248,0.40955171886495007,0.519582441859142,0.577286456585454,0.6304564039570911,0.8146501189859637,0.5591568141916765,0.6123824972596563,0.6400534912551213,0.5362982140803817,0.40078158202223985,0.7267064938544786,0.6190335075921516,0.707951754624232,0.41500875778247637,0.42959150330820584,0.2918064356030135,0.540041604082346,0.7579854892095244,0.7434308096519913,0.7148095732924363,0.8649944588653447,0.7008503517995612,0.710784294660369,0.8315665752359338,0.8735875475457069,0.7929061007660079,0.786424313081341,0.8981087568532798,0.8856734798128284,0.8726094427412252,0.928256376147388,0.9486985628874841,0.9102497945036466,0.9521017784146343,0.9658098206556909,0.9643853566902825,0.974690049889529,1.0,0.9879299310737162,0.9637708237100697,0.9621959122857903,0.9617415405169418,0.9711415454642616,0.9657665602497147,0.9048304049392228,0.8501210153556442,0.8536247596543932,0.9094085683281501,0.9393128618557499,0.9021477816528685,0.928569909112155,0.9056765375908797,0.9496011292952983,0.9359990073978142,0.9573957931540044,0.925557901658433,0.295198131195505,0.07919184396765543,0.19322267593833253,-0.2243900069955254,0.32170595582088657,0.1979880081231248,-0.09222343365752397,0.030549857302756844,-0.12302383282443027,0.590076677247268,-0.37660036585293916,0.229004409457188,0.33146746571454333,0.17176346696701036,0.2835611011978161,0.3461599113211394,0.346238056402018,-0.20605317485654293,0.16511654326823683,0.0022951666429823266,0.10714901477570016,-0.3080324734734033,0.16928473477233555,0.3127211016617746,-0.5399786929816797,-0.4961262843057636,-0.5550206233452345,-0.5956652848618008,-0.6547046377861059,-0.7132241877150796,-0.8560536515363641,-0.6846428002107939,-0.7117349256788116,-0.7080460879591701,-0.5415960135601047,-0.46702704644651666,-0.3923948322598612,-0.3341178880062466,-0.3432544565001786,-0.7433194079841223,-0.9177419929625265,-0.9034507103289594,-0.8899719931195351,-0.9112369380083132,-0.8390004994942185,-0.8723246990840238,-0.8322241780387862,-0.8712498300601731,-0.8957376402747408,-0.6104289171678849,-0.726376665419106,-0.38836422582059144,-0.5047968806024214,-0.5404018377075959,-0.654050014549397,-0.5822846775367192,-0.28429128734736847,0.1247851356872479,-0.5097962544393836,-0.40698838082029215,-0.29351141498008243,-0.6564955656778277,-0.6290122030071922,-0.5977438584238904,-0.8032669868886478,-0.8903736455188513,-0.8240466503135572,-0.5658517200104083,-0.32129687850124167,-0.5510449760352545,-0.5487100194205263,-0.491928063887717,-0.5440746543418326,-0.7634231535746031,-0.6950276206621382,-0.6454399885870843,-0.44216146903559095,-0.34432811754628706,-0.6632475664566403,-0.7653580788877343,-0.504003017739935,-0.5705640781931295,-0.5641346190015398,-0.5811218530975277,-0.8317994209430624,-0.7536405217113563
Os12g0601400,0.47798401862919426,0.5444332218617214,0.5575068629733563,0.2528842341724407,0.49916880651004913,0.7693596044086713,0.5356801481855762,0.7705613384924173,0.7776798625689569,0.6303864539296298,0.7859951130651579,0.7512696455335406,0.8945076283246158,0.8555357419369426,0.29764426965237073,0.463301608290718,0.4625219085585767,0.5060953668097946,0.5431735814540201,0.5951001039015754,0.7920868797953189,0.5621852131430577,0.5862738734739128,0.6272618754567264,0.4817215741417596,0.34084969728656994,0.7210252014757113,0.5863591226508487,0.6729030618431122,0.37189201676364336,0.3764050248492195,0.2602200428951483,0.5330970761456284,0.7869662855172134,0.7613489033602279,0.7281491580782291,0.8490918106674717,0.6674369201367554,0.7047024859140999,0.8444485622061969,0.8603675729453661,0.7640770588852337,0.7715965570422172,0.8619980472362153,0.8882266956934035,0.9115479561816329,0.9380426506685927,0.9617597573246071,0.9269575265887656,0.9762424865170795,0.9739435635677464,0.9705870704914329,0.9804937870555074,0.9879299310737162,1.0,0.9756573326054817,0.9791127986045313,0.9842019803216147,0.9880538655435482,0.9854223752398932,0.8986807723625022,0.8358718425576122,0.8189975645451619,0.8889612832095489,0.933656666378867,0.8982743351384197,0.9100306176866282,0.8964724167694383,0.9521789185091016,0.9327000777397427,0.9566265329295355,0.9116659927332291,0.2663732179616979,0.03733259406069284,0.16130171505086757,-0.26259319286398347,0.2880272953624849,0.14820450706059465,-0.14390226178599447,-0.038554565168181565,-0.14980597047021774,0.5470519671272709,-0.31249507664075576,0.29456424310386975,0.3530489289990862,0.14812535159634252,0.2932080720207745,0.31318306309587773,0.3536824115432861,-0.1888809973145403,0.17712544147403284,0.03698711848144281,0.15283968577394927,-0.2582806878482143,0.13842324990391625,0.3325164502931136,-0.6202304088024979,-0.5317336267045559,-0.6075742755637222,-0.6324123054912612,-0.6813876858731662,-0.7413823122707025,-0.8664592071479388,-0.6980039571798692,-0.7305665227134098,-0.743953712058717,-0.5856080627364869,-0.5050249870888199,-0.4091860412985961,-0.3481373057006481,-0.36745949738481387,-0.7522691740286372,-0.8946097979860703,-0.9161977921898649,-0.882367108169065,-0.9150529254594001,-0.8596397103710003,-0.8797273992785811,-0.8175408248889703,-0.8806434633296112,-0.8899633937902864,-0.6266786485098255,-0.6671774505118342,-0.45420063689390844,-0.523274572894545,-0.5625603222232045,-0.6531117403532837,-0.582820839367821,-0.27946921981058587,0.15883818869684407,-0.47220545741107456,-0.37211099134093006,-0.28549332436100516,-0.6880289944878932,-0.6160653130395275,-0.5659358974625545,-0.7850746831235185,-0.8946610203881243,-0.825425190201931,-0.5339298388521774,-0.31761351797796955,-0.5382917418081475,-0.5569503462392762,-0.4488492914820678,-0.5209606152925479,-0.759521387839272,-0.6748831168534616,-0.6093370709775553,-0.43638882074679824,-0.3760573227224849,-0.6960048384444101,-0.7695411463587438,-0.45943080563832267,-0.529321449942348,-0.5316519827025981,-0.48614414460327876,-0.7961714686939683,-0.7413055568046275
Os03g0157300,0.5440016414411334,0.5225019962776118,0.5909350709308414,0.21886712605777683,0.44312187603916264,0.7178542168389794,0.5138772928972665,0.6774452375709742,0.7068767612140429,0.5754419023273728,0.7004887823955658,0.6968738974433158,0.8643015096779171,0.7746137375043752,0.3809523388315941,0.4467992193001185,0.5636983495682365,0.6028793480479627,0.605265602067643,0.6897117298095935,0.8515990161939825,0.6052225057208781,0.6222955035569299,0.6843971592736854,0.5720826463154126,0.4480646480713949,0.7768745384145679,0.6810116984923874,0.7299586011665631,0.4306209863443903,0.4557043296524157,0.36364661362814843,0.5705085902620719,0.8491973169874227,0.7691908871370229,0.7503332207766251,0.8782531264108059,0.7128351803300967,0.7257826644049045,0.8193590810947136,0.8353333523741563,0.8405058714511923,0.7931498857564794,0.8825506080715517,0.8788829386727803,0.8825742766802972,0.9326524718499837,0.948855646770218,0.9463465636374456,0.9407806000504423,0.9563502156736416,0.9446128423259377,0.9526896021761109,0.9637708237100697,0.9756573326054817,1.0,0.9772345172654823,0.9726811413856138,0.9784306019443986,0.9738920662163716,0.8726437608332575,0.8824561949719013,0.8516523186760666,0.9183593155570001,0.956695116033633,0.9434542432912981,0.9255995534699011,0.9146279763566748,0.94994449840095,0.9587417062347352,0.9683199987277672,0.9252458240715732,0.3709121286618558,0.09924318183140696,0.13927953548182223,-0.17585669499793735,0.3626729672559087,0.30259070664012233,-0.06708981902970368,0.04911589821581818,-0.21081312395746185,0.5331823094177165,-0.401486128599769,0.23444202610936177,0.28466874242791873,0.10446078204122328,0.20717970846569359,0.3445998646053247,0.2854254702923756,-0.24601892568762118,0.10496249484979091,-0.07574287669350674,0.03880283580466097,-0.3713041200521278,0.10603768855837865,0.2905810151764226,-0.6224191316537068,-0.444589931243947,-0.5080889799884569,-0.5577119695860503,-0.6108484662102294,-0.67917877845204,-0.8164953522610794,-0.6549888789885532,-0.6527553419073957,-0.6284408656455723,-0.5291434522002418,-0.43737270125246125,-0.3330911905146789,-0.25562319341252915,-0.2539447782533882,-0.7965531997923749,-0.8789706304298561,-0.8858618669291497,-0.9042460239624183,-0.9393773910366228,-0.809466783796432,-0.8401342162622285,-0.8166959404799407,-0.8584540315896759,-0.8638259447494404,-0.6296461678791891,-0.68326865224826,-0.4986455456990645,-0.5004274254299567,-0.5920187132680748,-0.6983397164532497,-0.5661062642228029,-0.24400787473430757,0.17465847644059665,-0.4811026559753326,-0.3113174927741802,-0.17835264124562267,-0.6105095580662644,-0.6989340384815782,-0.5819724776449088,-0.7574025489034013,-0.8994587047548436,-0.8746895103359892,-0.4948108976918195,-0.3770878879061826,-0.5512127322651268,-0.5746131377270657,-0.5016913031162719,-0.6068118279704786,-0.7934598303927655,-0.714852096273027,-0.6283961419795561,-0.5137934070707343,-0.45567406008645805,-0.7410334347253601,-0.7966504899205595,-0.43451973682357914,-0.5278358657747562,-0.5316622727551683,-0.4226162402481729,-0.7708359592620209,-0.7064791227879498
Os06g0232300,0.4091120327538983,0.5253640415791754,0.6766518541234217,0.3238723729278976,0.5153623002240812,0.7652299880765073,0.5645887924269908,0.6885907651089089,0.7181917881127977,0.5443805569935706,0.7465078493229234,0.7029149915212514,0.8590316658874187,0.8039668720072164,0.35399583048163086,0.4856049532241901,0.5385424805904501,0.6158761155248583,0.6094776434096073,0.669330492909423,0.8407079871713782,0.6103480784972035,0.6703021961877632,0.7111601924216517,0.491962105342868,0.36331286130780976,0.7601747380360713,0.6337652060332822,0.6880645178778981,0.43609172012999664,0.4216751912113941,0.3409175376795728,0.6373625753642725,0.8699897220514915,0.7319646233848282,0.7132024362455931,0.8697225353780685,0.6937816956869303,0.7111131618793521,0.83759203763397,0.8634403170742533,0.7961565794068954,0.7660129465314035,0.8189773924287237,0.874601786648553,0.9251091432895756,0.9471692751357151,0.9736505292560922,0.9597257396647195,0.9522609760363501,0.957926339780126,0.954012259358327,0.9571677686621942,0.9621959122857903,0.9791127986045313,0.9772345172654823,1.0,0.9863575784054793,0.9836532755470235,0.9868586643748586,0.8733928662898712,0.8417133776057133,0.8402640244693621,0.8901871036026586,0.9445517988185771,0.9271010650517977,0.9447189427259018,0.9314969159196161,0.9596725958517393,0.9427669256474585,0.965625193113697,0.9138627773853907,0.3168557982927515,0.07955484645161308,0.10156715167412926,-0.2453583192004234,0.2913147578917411,0.2503414406888805,-0.09740080398921533,-0.031464589539526855,-0.1490875299975247,0.5530596213573539,-0.3220737254793713,0.3223419266145855,0.3644840789819531,0.084094242777088,0.2339328191871721,0.29658678737816524,0.27132420641006877,-0.21950935745028904,0.08343898973482453,-0.021391826246925587,0.04056636536973919,-0.3572313526758655,0.027486796075185286,0.2812590434390645,-0.6378421831122414,-0.4441074014373674,-0.5619800081953416,-0.5327081471012394,-0.6029519369678183,-0.6881049267200339,-0.8068203966896682,-0.653316965693498,-0.6345529379812304,-0.6861262972414733,-0.5425726494404168,-0.45496005800170414,-0.3095973252652679,-0.19609123845430054,-0.23064962738803035,-0.8050147417411335,-0.8536097349896694,-0.9205423761499679,-0.8958327519676283,-0.9413684129977028,-0.8249773272510625,-0.8281234388350402,-0.7926771567495716,-0.8443836637123157,-0.8123657499268903,-0.5614710959461183,-0.5993428614157242,-0.5196508521796035,-0.5863267873004658,-0.6502604670748704,-0.7046255418781198,-0.6164028702362198,-0.14243215763341163,0.272594007241459,-0.40553697355142154,-0.23920996353837512,-0.23080946930537768,-0.7045110108248599,-0.6294317065806732,-0.5346444959999256,-0.7665064799067511,-0.8844657195014484,-0.864967927454047,-0.5602140409038064,-0.44602678776840576,-0.5854235041744635,-0.6342508498335125,-0.48249664137495135,-0.6172282474135313,-0.8260769391867034,-0.7265743672435601,-0.653271905289365,-0.5337137176103205,-0.5366210031661987,-0.7925343608138198,-0.8391055900188917,-0.40740555418942814,-0.5022369796662538,-0.45789849247016995,-0.48105820456612686,-0.7419825729764776,-0.7478724390103236
Os05g0210100,0.3881888479922886,0.4551688508634305,0.6481047273605334,0.31000137285361234,0.5689002173273383,0.7891447177281805,0.5307400811378237,0.7653668129628991,0.7282713133311922,0.522125143531489,0.7542449044915142,0.6823827105660709,0.8493403898002165,0.8171660309699278,0.3521521473137433,0.4530592143567574,0.5337750229841165,0.5623409204303896,0.5651240775528401,0.6262378813543293,0.7931451821082933,0.6389013866840287,0.6616491199641035,0.70891473443024,0.5182813965088059,0.39263891726063344,0.7570738412991914,0.6468143646319867,0.6900580594839983,0.4566752938525405,0.4168758589084864,0.32478296098000076,0.5934755799867357,0.8242188666575749,0.7227424170672792,0.6818042910683043,0.8465448335633556,0.6629284860608667,0.7265858382950218,0.8823370603639532,0.8472342118723295,0.7906746225849948,0.810324325012952,0.8442853417455727,0.8858639969566059,0.915666997332458,0.9478154690438523,0.9656885199702583,0.9363631149079458,0.954949788516767,0.9512170284192137,0.9520050751570454,0.9558500655201974,0.9617415405169418,0.9842019803216147,0.9726811413856138,0.9863575784054793,1.0,0.990178480374907,0.9878209893377442,0.904728048512883,0.8618977348258059,0.8523496818786304,0.8899243867456694,0.9332604936556613,0.9160753273031165,0.9224509374215027,0.9265848362810601,0.9579969518091607,0.9417153544865671,0.97566482165889,0.9294217600214684,0.32844167505347144,0.10938061767129285,0.1947057337706042,-0.20866552073084632,0.2820114586744007,0.21855708456345338,-0.07774900122615971,0.024892427407618444,-0.2056155324549425,0.4915053931775354,-0.28334390908872975,0.3065439828883247,0.3564728964331059,0.11574214301369354,0.2442551648240546,0.2993271624257317,0.3350600544930274,-0.28554021578066646,0.05635400686319585,-0.041017637387792336,0.07075592654836568,-0.3357034091501615,0.03384745164761518,0.26931571224273254,-0.6213952785189261,-0.4557427272090216,-0.5661628644051387,-0.5712016916227587,-0.6358023691088138,-0.7011339190681304,-0.8262323741222695,-0.6478957277796893,-0.6563624841813486,-0.6883222186373326,-0.5001972716730567,-0.4288839230583947,-0.29538997754401275,-0.25786958746158034,-0.2666927283243777,-0.7681640617653278,-0.8382131727796673,-0.9141170874264657,-0.8736395098218478,-0.9319873118696127,-0.8345816928750883,-0.8174705683947128,-0.7717362461482649,-0.8237688172158381,-0.8230325851275745,-0.5703856814792624,-0.586362798152889,-0.4678839285886764,-0.5060856456476159,-0.6133310460456954,-0.6901361404317473,-0.6199467756659608,-0.22235096037175003,0.22119036184489868,-0.4232627387100431,-0.30547085642468047,-0.24078432268243571,-0.6827867936189955,-0.6170042850093366,-0.518057501374436,-0.7767507621238736,-0.8599575861180232,-0.8351332428465158,-0.5751337808977565,-0.38758429661232063,-0.577144094096103,-0.6264254877298668,-0.49446014192227716,-0.5992180960642617,-0.8290580759004692,-0.7377496396725043,-0.6702514812418219,-0.5017858489101722,-0.4793561189467863,-0.723703062476839,-0.7645923688559422,-0.47451249873889956,-0.5469070133484868,-0.5372262515803522,-0.42933504412834617,-0.7377555253335706,-0.7411750391621087
Os01g0856500,0.45446235835338183,0.5333866438293627,0.5841905132737615,0.23734056028865547,0.5184181128075029,0.7527188712890056,0.4790951780353164,0.7279685720943302,0.7109878466919451,0.5514619116882458,0.7455199403159429,0.6926486670772555,0.8578290411276814,0.8269799801555507,0.3707614677756512,0.49744537026192476,0.5226846828478977,0.5613790854743375,0.5773881748167398,0.6556612846816301,0.8185774476143941,0.6319063717116999,0.6518162692815331,0.7095391451053826,0.5126358552961092,0.37190984774584307,0.7661089149441145,0.6433410460653958,0.7011128119914459,0.4439029176128581,0.43664086098677085,0.3359797844934545,0.5995381582376066,0.8186818455521344,0.7437042902268927,0.6879470887899544,0.871319856765182,0.6831184158916029,0.7200820023265345,0.8609323171025458,0.8606532310520566,0.8007082922589496,0.7864976477592027,0.8651522013483659,0.8921157627945565,0.9010754847788681,0.9500916983173036,0.9686855906315818,0.9460655644868421,0.9527708593506452,0.9709417674352158,0.9602803683043876,0.974578991837061,0.9711415454642616,0.9880538655435482,0.9784306019443986,0.9836532755470235,0.990178480374907,1.0,0.9920069906995502,0.9239620903362584,0.8542662395590661,0.8488947791370706,0.9097080500803686,0.9488136259833719,0.9232582820044356,0.929405813134141,0.9298012271423589,0.9512616402277551,0.9445251482228975,0.9715518010738269,0.9261621897716841,0.28760137951680637,0.038582737515356506,0.1510196516331043,-0.22972381152538304,0.2910247614576888,0.230096778594712,-0.07432930345342248,0.03807629252400732,-0.17570535753279115,0.514714464580071,-0.3333041639156316,0.3120061189422569,0.34070557315297323,0.1025291495181681,0.2537104784667569,0.3428562798146343,0.32785461736688565,-0.2180033823830949,0.06403397559279625,-0.03978631523197816,0.06590325305913777,-0.34722930010236325,0.08253754219929302,0.26966713424488675,-0.6258986222547711,-0.4641908124137264,-0.5670894647824493,-0.5828698478790344,-0.6306693725903666,-0.7010627105273081,-0.810564708008032,-0.6595886727833675,-0.6675675667450477,-0.6986333354082189,-0.5353749665259058,-0.4480814369944293,-0.3601059770733413,-0.2677821770160903,-0.27799873184420326,-0.7886982066897412,-0.882831983753811,-0.9318175475217843,-0.8992829118914765,-0.9352613748043055,-0.8582548957347949,-0.8644986948808229,-0.8206543274378973,-0.85344731683655,-0.8488891826851928,-0.6125911225224443,-0.6471154793030811,-0.5080551817385971,-0.5631716086567743,-0.6172648033683735,-0.683844470698616,-0.6177546151099953,-0.18691409686609198,0.20065096961940437,-0.48477829837721514,-0.33523729067952,-0.23855083781993644,-0.6894071848116721,-0.6429805313132513,-0.5788294825169545,-0.7944812613195146,-0.8891006891913108,-0.8565511333919604,-0.5811213238016371,-0.3902703059757596,-0.5809572482007357,-0.6209563269117351,-0.486814189230472,-0.5988561583037644,-0.8214906164537037,-0.7443297827632959,-0.6698442377583638,-0.5027221582730028,-0.44596371365812504,-0.7322347980143442,-0.7744974911727495,-0.47778725821528456,-0.5768338542040088,-0.5154369196260496,-0.4187689045857457,-0.765135842981338,-0.7261967554722843
Os02g0743400,0.4294198908301861,0.5436040233745032,0.616592237987683,0.29037879423694946,0.529647351354043,0.7771907515511958,0.5401500862417304,0.7193359050601145,0.7547350627920878,0.5684588887326567,0.7254435355367727,0.6710559290387246,0.8408162860648813,0.8142152627239733,0.4177041755390199,0.5525580896930669,0.5534528873811303,0.6017030599701412,0.6098469998104186,0.6570097478747079,0.827687045964666,0.6429089496301165,0.6599672371528448,0.6844958253237299,0.510316127538338,0.35135778320890604,0.7491997484019758,0.6132289829867252,0.6622634780056856,0.434684259457019,0.41343111142464045,0.30568380312163834,0.635587031157759,0.8340328922169873,0.7512435738965773,0.719615892539867,0.8642441916133523,0.6825038938457204,0.6876001725965889,0.8453449885566868,0.8523943611772681,0.8099097591002848,0.8043119982418592,0.8426019341416668,0.922403314526008,0.9222972848789361,0.9405810806998625,0.9662116817440458,0.9493158674959679,0.960261650526231,0.9722606766221618,0.9713070825151321,0.972594490753663,0.9657665602497147,0.9854223752398932,0.9738920662163716,0.9868586643748586,0.9878209893377442,0.9920069906995502,1.0,0.9036765295630916,0.8602245371996282,0.8441167492137671,0.913970125311314,0.94449176293348,0.9274234233522234,0.9193147956376135,0.916117816956571,0.954231583588194,0.9503735945458025,0.9652640431514378,0.9058342896388383,0.27733336517911134,0.025421322240599845,0.17501448230848507,-0.2331868485378331,0.3023798402112395,0.22463916905004805,-0.0820524480218932,-0.008454394602485893,-0.15272618544577543,0.5461948978697928,-0.31683559705063724,0.28551603029231676,0.352190323538597,0.02061475588235238,0.18950617872364223,0.26770216735187286,0.2985905200404633,-0.24709087691456647,0.07898650791155314,0.02112458556334494,0.0926785941095674,-0.32233152142001,0.05247489905529967,0.2845566214274849,-0.6709225807111284,-0.5098467230692286,-0.5979510206425154,-0.6062909905413049,-0.6561576024891275,-0.7302985857616414,-0.7942544455959208,-0.6325117862688475,-0.6430431626261381,-0.6959757304325231,-0.5501904839705416,-0.44057179931333756,-0.31492096310011686,-0.2379046678375004,-0.2644094428546497,-0.7872399160063398,-0.8752614480612504,-0.9374863935624815,-0.90675754278565,-0.9447492530055945,-0.8418946531206287,-0.8467068546690422,-0.7899115251393264,-0.881461220982963,-0.8373574590809676,-0.6130786205290013,-0.6349051540203666,-0.48687717488057225,-0.5770048636549953,-0.617469279164736,-0.650617698233678,-0.5808872161867571,-0.1650912237702126,0.24454922461894793,-0.41587165588425623,-0.27837835571387143,-0.2806372008016195,-0.7446880726637591,-0.6483539521823011,-0.6042632259845787,-0.8301893742050372,-0.9177188536901042,-0.8772235819156468,-0.6175446230869452,-0.43705009039879433,-0.6366987217900895,-0.6635938287349684,-0.5233285699893434,-0.6069106587280384,-0.8323827771247054,-0.7538643131063963,-0.6808021196785158,-0.49530192823231506,-0.4956379244699519,-0.7653839472693356,-0.8018116148577448,-0.49627940628396655,-0.5297000892274887,-0.4809662534137985,-0.42703419070144283,-0.7449205691983755,-0.7093677352226967
Os06g0597000,0.42011341939533786,0.4697192460188352,0.44050737069854257,0.037851555273374554,0.3992330106587364,0.57869725234614,0.2938054381291179,0.6412935856138372,0.5629927203824354,0.3368862747860922,0.6320829494540813,0.6112686858157326,0.7013300797219941,0.7038430582830278,0.3680308134147073,0.49040700726701386,0.37716844516460263,0.5808593462452338,0.5625036530884301,0.6929661668422034,0.7633154275036423,0.7299898917566795,0.7382100913660634,0.7895321545666365,0.6531342381941684,0.508947700685196,0.8192215334738386,0.7348271977855689,0.8016066594961814,0.6029328551868284,0.6133068222847529,0.46351172947204566,0.5195513469290716,0.6537636055249587,0.7355113987164345,0.5392043694195431,0.8832791357964054,0.7662941712176364,0.7950139688828843,0.8832012095064321,0.8586856748317021,0.817196700771079,0.8094160558745068,0.8869889109054517,0.8280127800442951,0.7066571027620092,0.8681534647932325,0.852671825338263,0.8582103077781884,0.8070775767572436,0.8949104895317888,0.8806158399957689,0.8963383955911453,0.9048304049392228,0.8986807723625022,0.8726437608332575,0.8733928662898712,0.904728048512883,0.9239620903362584,0.9036765295630916,1.0,0.8389437702451393,0.8921193867568482,0.8938367789698726,0.9168271236299249,0.8696050396997312,0.904202052677081,0.9310733238778773,0.9177984340567297,0.909132310975013,0.9332887658963105,0.940203740635081,0.2164536126936575,-0.016856584060204616,0.3890156161529481,-0.08116325539571474,0.3633800026675135,0.31159267281799197,0.16330991484046842,0.3076152968276125,-0.24911128036068372,0.48902567906239125,-0.36301501597736485,0.2195825537287036,0.297633728038051,0.12554949679442765,0.16417373848993858,0.5168933283106751,0.4073776156236498,-0.29002046504249474,-0.1861097377696846,-0.26233910207473365,-0.12071159177368534,-0.5080271804067209,-0.044551922513256334,0.0289722309929186,-0.4824652691068248,-0.3163321064819759,-0.3968552797606662,-0.5091096294699635,-0.5143785438079588,-0.5550246051766196,-0.6740831291284208,-0.49558479853244825,-0.55497635542885,-0.5769343959170504,-0.28179896097077883,-0.2714861871509703,-0.3057339287223845,-0.2556827284008239,-0.19981855714259117,-0.7975784499657876,-0.8997197729125168,-0.9028138948826807,-0.8992418769414723,-0.8909901529729404,-0.8009427378553534,-0.8306858913136709,-0.7803061924636229,-0.7618185997152362,-0.7661557567252074,-0.6355197945598312,-0.6851493321197105,-0.4274773850188239,-0.5042793530267625,-0.47385730016475675,-0.6952281209162695,-0.6507149782123539,-0.19616740351327322,0.031815549946348116,-0.5828403751402953,-0.4386322424901646,-0.12744866992714518,-0.5744835384630433,-0.7091718529625308,-0.6384760336368601,-0.8256165550076585,-0.7742543750030274,-0.7979622353119818,-0.6198600188065095,-0.3735562756468858,-0.6033030205267353,-0.647890236664743,-0.5568488329894221,-0.6827220572791737,-0.8458076942709633,-0.8108567317075867,-0.8045715453630445,-0.5139862548320545,-0.29609796771625435,-0.6052767345525405,-0.5515641068830177,-0.7002891923414519,-0.8209678153863356,-0.6847427451889762,-0.4520391411938838,-0.7660392103449899,-0.7535326261845743
Os03g0810800,0.3930314602121742,0.26327398005456587,0.538048003656146,-0.045395380642354606,0.3139728995475046,0.5250784928087769,0.4567615798018112,0.6019666544586139,0.6025626319550335,0.26085880560984903,0.39776242811955914,0.4283071248865804,0.5798544103411286,0.5050722331125738,0.5745283559065992,0.5536992413910601,0.6415343382164046,0.7409499488648922,0.7454827978841277,0.7879575210441907,0.8513301681561047,0.8011190934451398,0.7591618059341786,0.7731016257597781,0.8216727322569014,0.7096845368171193,0.8146466740065438,0.8198178387920564,0.782372308212457,0.7069464830479513,0.6041701333167305,0.5652902635973229,0.6274255280187334,0.7379394230735637,0.7580225524262174,0.731006368615549,0.7608332392209766,0.625265481028683,0.6567905246838971,0.7303905610013299,0.6970215284942977,0.9069781640313275,0.9161515655044106,0.8895602720023595,0.805231963974984,0.7106792831515002,0.8723382301572641,0.8446973447995925,0.8518158229704099,0.7558857334464556,0.7942731503669278,0.8320075423828108,0.8445773701493872,0.8501210153556442,0.8358718425576122,0.8824561949719013,0.8417133776057133,0.8618977348258059,0.8542662395590661,0.8602245371996282,0.8389437702451393,1.0,0.939770702892216,0.933360011850426,0.920470269694277,0.947533043186736,0.8328923897071381,0.8670477027550094,0.8775081386925365,0.9185417038381984,0.9269736773678792,0.9104147074072245,0.5084050698411614,0.20461590899845605,0.42402241013246705,0.2061233310450459,0.6136560601032971,0.5549984494121845,0.2912542024802538,0.372163110465027,-0.19863144975882793,0.5181988108716408,-0.5202037294034962,-0.0501012848028389,0.017126539055439705,-0.03279472817807362,-0.129131315561843,0.28217760364477995,0.20559137593391963,-0.4527207653345613,-0.11420409793996669,-0.19995853995774351,-0.19484845600270012,-0.5686835716528735,0.08125776101695167,0.19402832368599998,-0.4224736417511306,-0.28180113687434627,-0.2668727010661007,-0.354690294666358,-0.41069709858049436,-0.46246517683702204,-0.5702782479965409,-0.3023878498153712,-0.3934167741633187,-0.3137120594991233,-0.18849561245628324,-0.04056596831896846,0.04543570664253562,0.0062210141655482665,0.03249551086503907,-0.6992300549717001,-0.750494401601203,-0.7209373570239496,-0.8092585040955242,-0.8458579894032753,-0.5892327567997903,-0.6010777661603485,-0.5896279332637383,-0.6732992527801198,-0.6638322576989051,-0.4336549277540221,-0.6112251492128278,-0.1591159473660771,-0.22578452265110696,-0.4100736451016826,-0.5127637360048969,-0.3492844252655565,-0.1524032194359321,0.2544295982698881,-0.2736204614456302,-0.1288247846453703,-0.25825306830518857,-0.5370850720901862,-0.8289285786357843,-0.57878479073402,-0.8032831534303047,-0.8395067018699842,-0.8593759144491602,-0.5778483557527039,-0.4540845389254715,-0.6880776728028062,-0.6989024337922367,-0.8010529158363344,-0.7331066102260827,-0.8361922900298584,-0.8635650016742116,-0.7949732145327267,-0.4841826430177001,-0.5022901374036091,-0.6473247785410924,-0.6301934872424066,-0.6866319556620797,-0.6039793116514323,-0.6452405963110432,-0.4589846339068408,-0.7542658282613927,-0.6178540198883384
Os03g0438100,0.36107332969691036,0.21819890451929952,0.6033687135480517,-0.033641155923740035,0.3085038796775707,0.4698034560408794,0.3020491574139534,0.49182944907314724,0.5087424433657081,0.13736367300180513,0.47179611910430563,0.3999046848211218,0.5620798708356781,0.4817460373184063,0.5186874890358962,0.4708381647529755,0.5425468086347407,0.7624268296480158,0.7944652867831133,0.8547863355046599,0.8876663218922758,0.8113438765068285,0.8927904120196578,0.8725046412075497,0.8449150880826375,0.7378019145554372,0.8773373050205622,0.8998322965270059,0.8759828900511301,0.8007449065574128,0.7640839557231606,0.6574784537864264,0.6507367170927031,0.7189259638307425,0.6740375421275348,0.56070135978412,0.8718888057858455,0.747860643826505,0.7603836770841397,0.7963358487451467,0.7809608997614558,0.9253220242893027,0.8738733254345449,0.8916348305649219,0.8142559148586312,0.6462575351878437,0.8285975150862033,0.8264317276576439,0.839227820567149,0.7139811445477738,0.784802405107517,0.7935280916758665,0.8131799545503371,0.8536247596543932,0.8189975645451619,0.8516523186760666,0.8402640244693621,0.8523496818786304,0.8488947791370706,0.8441167492137671,0.8921193867568482,0.939770702892216,1.0,0.9359585466161208,0.9218092458601149,0.9417884076394333,0.9011001463951532,0.9406238815162545,0.9075420962396414,0.9373134224492405,0.9353827619188646,0.957234069832957,0.4318699614277524,0.2680611578798199,0.43631240321861164,0.1446648201075765,0.5436376017221131,0.5877144010590692,0.4029403791682103,0.4795216861538791,-0.2365753941254426,0.5464634598677199,-0.5572800903193076,-0.06945709766710027,0.08624988666451351,0.0031736660980566517,-0.07207362183379565,0.42107675425820734,0.31154029709230685,-0.43914974741271307,-0.2964417141620243,-0.3615120792700292,-0.3537741453855549,-0.7042141752421683,-0.11975489563532522,0.0057953096908094125,-0.30700638060000524,-0.11845833909110383,-0.1458693770351609,-0.23956397215324146,-0.31222169744179795,-0.3795672879126255,-0.5828073075455822,-0.32024129862371026,-0.33302421093508644,-0.2969898747349818,-0.07359544152029752,-0.004151798231214053,0.020398443160072655,0.048793135558623725,0.11702517071102743,-0.7681605503975534,-0.7860095169672915,-0.7803529807016372,-0.8639609010525912,-0.8742256129108197,-0.5988895656815962,-0.6055560457117602,-0.6328530232486237,-0.6343184417091581,-0.6349571223181096,-0.4211713128007388,-0.6410581416203469,-0.23491997565503198,-0.33824132499126985,-0.4722859855235883,-0.6596946595325688,-0.5424511996990116,-0.09296299235658728,0.22428968026561028,-0.41034298668408586,-0.22321390809067468,-0.15509475303586595,-0.5217438348381859,-0.7850506041911787,-0.5972746984766674,-0.8328155499036788,-0.7569826309546215,-0.8534429092734773,-0.6651974945294247,-0.5352802520116837,-0.6866956981457158,-0.7264884465239916,-0.7670800953963182,-0.8506892872398891,-0.9156540338282291,-0.9195973081189802,-0.9046953178477309,-0.5545676929872501,-0.4923626148983721,-0.6243166577518199,-0.64215077599028,-0.703920828947356,-0.7567890112469075,-0.6505457942166574,-0.5242540909746382,-0.7130289577253824,-0.7583395292208143
Os04g0397000,0.45909761272820365,0.4402190299584869,0.49468158798301926,-0.019863146378470673,0.2775565294272579,0.5279685682712748,0.31860111636194377,0.5399840403281466,0.6392046080000576,0.37682912109315836,0.4922924304149706,0.4694644949916034,0.6392454848202206,0.5823496881655877,0.6199582913434202,0.6239468179929496,0.5249091602988668,0.7330757959233721,0.7893214048464372,0.8503154297264337,0.9220592029000121,0.6884858018719298,0.7676607874851609,0.7396450517711097,0.7476823252298171,0.5557807796387223,0.846863055463878,0.7711558575752262,0.7819323377104542,0.6645428759199883,0.654521436232151,0.5285383727596831,0.7148865513963982,0.8224698316868552,0.7757323241872357,0.7396687216210202,0.8754050556174434,0.7244528751187632,0.6209901033191546,0.7304239319731178,0.7426058100263816,0.9245007904574566,0.830029717102193,0.8768746510265594,0.9029574681601387,0.7728618740747479,0.8490612341551443,0.9008008237422244,0.9259105575576521,0.8197355730837926,0.8997486218639632,0.8955029462220715,0.9149247828312445,0.9094085683281501,0.8889612832095489,0.9183593155570001,0.8901871036026586,0.8899243867456694,0.9097080500803686,0.913970125311314,0.8938367789698726,0.933360011850426,0.9359585466161208,1.0,0.9636475323773206,0.9673355422967355,0.8964115249149872,0.8932346345794901,0.8963345770700364,0.9437880205614528,0.951407392103069,0.9219241246717491,0.45344512150185845,0.09243583683964453,0.3069163796971895,0.08190430744528533,0.5669801260985622,0.5199385066824226,0.21041715349664566,0.282446333941054,-0.27606544069290684,0.48804683017428846,-0.5609109018076449,-0.04647946464778654,0.13751303829074557,-0.1414731595646656,-0.08174311344696465,0.2976449253921653,0.16259066419337204,-0.3416300727410592,-0.10588383734453312,-0.15635461079817323,-0.13955042599003656,-0.5404032165198893,0.037817767240092864,0.17567417983845993,-0.5301665678822344,-0.39808382694294225,-0.3444674908556035,-0.45935198048233594,-0.4507564310009358,-0.5240734388917414,-0.6288522143236667,-0.4428634157675567,-0.4075910982193093,-0.41332527805031194,-0.2972181602965014,-0.14276109230228143,-0.10275886859774355,-0.0514745642838098,-0.008797918937508985,-0.7556561989343124,-0.8639449650743928,-0.8294521170940715,-0.9176112008252065,-0.8874585426520734,-0.6443446726554646,-0.7182867079278472,-0.6939522950527043,-0.8181505425129852,-0.7639100327800689,-0.5970629387609376,-0.7687128951400666,-0.3588657492102532,-0.4323715904886215,-0.5175104121706738,-0.585540467540365,-0.48272039387665916,-0.12465274052767812,0.257266546305621,-0.4501056872778946,-0.23610996909768828,-0.23360059807639347,-0.6580118092821574,-0.8158953711188478,-0.7765466379784587,-0.9115952134397678,-0.9070216245834865,-0.9526218341640861,-0.6633014821897318,-0.5806903577654412,-0.7712502847831175,-0.7643491941682535,-0.7590555899234875,-0.7706580623051562,-0.8807049295916117,-0.8805093970503116,-0.8252857998515672,-0.5483243937046991,-0.4991488460961307,-0.649942748216251,-0.7180995481069121,-0.6332654521283563,-0.6521443919767341,-0.5758036025158219,-0.4529110725842234,-0.8046608397296006,-0.699325435289664
Os10g0556100,0.5071566293563365,0.5365291853900898,0.5345517980883151,0.04534503694862622,0.2779640337430294,0.5436069725749257,0.43705214864030056,0.5972249212603142,0.6523123394190206,0.41295341440108924,0.6099832510426618,0.591574306344975,0.7265283815127106,0.6362320419120153,0.4709351256902122,0.536875309027556,0.545344077892875,0.7336070738824053,0.7501506012651438,0.8314803909112206,0.9302521550987878,0.7061332086796012,0.764136929872762,0.7870561957794158,0.69796180514076,0.5465360282133002,0.8938793805858557,0.7851439041253618,0.8418100362605628,0.6189295601506166,0.6376319663360148,0.5645774607680258,0.6338262765021658,0.8405910291685995,0.8511873658752598,0.7676380055226473,0.9029142524208164,0.7452777726769697,0.7236568012675226,0.7625711831990316,0.812279253960913,0.8898453822316791,0.7968406664387147,0.8732003195113001,0.8435509510195196,0.7984734622176788,0.9083274660817477,0.938472389662081,0.9685295681789238,0.8520495966920205,0.9200445186939951,0.9183501481950335,0.9473697370365582,0.9393128618557499,0.933656666378867,0.956695116033633,0.9445517988185771,0.9332604936556613,0.9488136259833719,0.94449176293348,0.9168271236299249,0.920470269694277,0.9218092458601149,0.9636475323773206,1.0,0.9776437139103852,0.9386561942481007,0.9409458150613689,0.9575124723954145,0.967039528732573,0.9726449895985333,0.9613942539899143,0.356669802920842,0.00894264763768916,0.21120446301784435,0.005836366436902715,0.5514634037387875,0.4481127444817296,0.15591550505976962,0.20795786422213408,-0.23287313656445402,0.5564239435762969,-0.5497736196346447,0.1037788720996048,0.14086881913903254,0.0006847058598952792,0.027232403103625746,0.3919337032575536,0.24599336155851323,-0.20802729627714195,-0.05593031167179658,-0.17803711781757772,-0.15968813533500212,-0.5430873991863132,0.0351215223063225,0.2156914764187768,-0.5306049097053783,-0.34854985988469717,-0.35540516450151965,-0.42547336037781647,-0.43204376995790117,-0.5071532416076667,-0.6823357831215372,-0.46891798707027943,-0.4944329697042835,-0.4902538339846101,-0.352324846895192,-0.23179255238390928,-0.21358683352743507,-0.07676966413867956,-0.06443469251194056,-0.8214955574149936,-0.8910050552618229,-0.8551830067448248,-0.9262443084675088,-0.9106940434193246,-0.7075472325566329,-0.784220380425043,-0.7382937355187725,-0.805608136484641,-0.7641181035207353,-0.5699137636155337,-0.6944616350824954,-0.4422375840844044,-0.47970529205444556,-0.49381843147064897,-0.6503888715267635,-0.5089264294171304,-0.13536674074670577,0.2618538102867749,-0.43246718859125627,-0.20321127528751168,-0.1761550953633517,-0.6334834315400254,-0.82946145635599,-0.6736120983043926,-0.8332739852747957,-0.9025460118684522,-0.926771507635157,-0.5321836518878091,-0.505740909694912,-0.6570881794685425,-0.6967508930462714,-0.6404265404796565,-0.7320151916752399,-0.8470153968653665,-0.817056154821071,-0.7581437326689421,-0.5677467691070435,-0.4837807208637366,-0.7497029588090344,-0.7551335518386476,-0.5572110287922543,-0.6493356967930071,-0.5609777848295497,-0.5045403003496466,-0.8467616294769872,-0.7892518751759263
Os11g0539200,0.47495797405563867,0.4346784731653075,0.6354324357865756,0.05494692065452456,0.29202907276618195,0.557778592842772,0.4131260642991969,0.5396212366809489,0.6548562429686845,0.33712687642642786,0.5372315096175401,0.48846225540119315,0.6725940094299957,0.5797126059439374,0.535438785945187,0.5514929292714502,0.6365384869934757,0.7725567308538204,0.8069440706966247,0.8567034142616142,0.9519931057869151,0.7341474250867738,0.7999370071823544,0.8012892430222894,0.7264175781091528,0.578299995733054,0.8649322915989883,0.8112351301836174,0.81653079182389,0.6629210038660374,0.639159753065773,0.5817000728732323,0.7003507403960879,0.8616444384100233,0.7969378036729622,0.7433305222363906,0.8824199851318121,0.7097913331436864,0.699490517767653,0.758133152101043,0.7895649844124705,0.9013636995044371,0.80979640749775,0.8682760102879269,0.8557166364971818,0.7875907936698199,0.9014812846573873,0.920316134723408,0.9450086833194419,0.8304324433039103,0.8735938527826209,0.8696466019013683,0.9039849916085816,0.9021477816528685,0.8982743351384197,0.9434542432912981,0.9271010650517977,0.9160753273031165,0.9232582820044356,0.9274234233522234,0.8696050396997312,0.947533043186736,0.9417884076394333,0.9673355422967355,0.9776437139103852,1.0,0.9093917670733327,0.9320345672751345,0.9368879502865367,0.9660664543743234,0.9639638053995098,0.942309718743888,0.42336012131233514,0.1519353703529555,0.2573081733671147,0.029768692061613446,0.5568427024445167,0.5367297948472602,0.231860464305137,0.24964488472156182,-0.1909981496338379,0.5702816390699522,-0.5343418213079045,0.030987253616068085,0.10958045339237561,-0.06881522995398798,-0.040983671943337525,0.3534816322012529,0.22084957031008212,-0.2897291762323631,-0.11011771354972806,-0.19075707072798742,-0.2164128098416534,-0.5786331876457206,-0.026847578172284645,0.15488868178857898,-0.5210728905842139,-0.28949838471319994,-0.3087196593071183,-0.34858322371366957,-0.39130309472451025,-0.4885701335715881,-0.6483269524093624,-0.4313981688692668,-0.4333576552714903,-0.41372807205317796,-0.31108744781487974,-0.16488046685042093,-0.09688433445449471,0.021061368554343134,0.03306347787806457,-0.8305010565833681,-0.8352123223609055,-0.8323817732819365,-0.9146120424867299,-0.9076064583570597,-0.6673248432967323,-0.7034016784626812,-0.6938395032052141,-0.766654318822081,-0.7268270380768123,-0.5194147664373123,-0.6743544169381495,-0.3957674505749815,-0.4507945575205623,-0.5643993059738899,-0.6384276040747731,-0.49938030066654704,-0.043467652568647284,0.33238064730170497,-0.3721635083606579,-0.13871555828582638,-0.23100599579958125,-0.6471288038802192,-0.8299665772576692,-0.6317141917142984,-0.8381677645192434,-0.8877188174294723,-0.9519025783487437,-0.579527562354149,-0.5612903798668823,-0.6867772164464637,-0.7351142924834199,-0.7137725749016677,-0.7918842209232366,-0.8875403003889034,-0.8737964393801102,-0.7970330881439955,-0.5189037102900783,-0.5708636526241904,-0.7425276606179299,-0.7721120419671001,-0.5391381245666194,-0.6188673161624323,-0.5434763849160863,-0.445413221655899,-0.7527756669587621,-0.7342462656860527
Os12g0133800,0.38450675054389916,0.4582429225823187,0.6331175982131884,0.2007533781407028,0.4297461496007059,0.6278968849345268,0.4345768604662508,0.5213048803568116,0.5088544845112245,0.37447850934572613,0.6385311374593547,0.6781766850771584,0.7749926229432182,0.7015549655303035,0.37023929914350046,0.458979463451609,0.43085458748675337,0.6993890995178643,0.6307938421155584,0.7695193047037655,0.8522290478798619,0.662251909899274,0.7703173918411625,0.8262355524932746,0.6219350590608675,0.5228789392167419,0.8231354974462777,0.7544915280657165,0.7969047483337093,0.5726717175415285,0.6022786154906676,0.4811201739373295,0.6471458913440566,0.8197165023729098,0.6608640195433527,0.5861102073423179,0.9306901856518817,0.8394820041210191,0.7902380724641163,0.8467404108732924,0.890469492762979,0.872901145309283,0.7856790963352891,0.8496247144204475,0.8229943567499575,0.7896067186767429,0.8942656216834631,0.8992377746448217,0.9197168081767005,0.8372816115662486,0.9172194165364186,0.9024247104237465,0.8886819933640611,0.928569909112155,0.9100306176866282,0.9255995534699011,0.9447189427259018,0.9224509374215027,0.929405813134141,0.9193147956376135,0.904202052677081,0.8328923897071381,0.9011001463951532,0.8964115249149872,0.9386561942481007,0.9093917670733327,1.0,0.9749895721835253,0.9414820818670127,0.9347936657249327,0.9547235317495266,0.9398134631472222,0.36955462845690656,0.12576819038520126,0.17160982434214248,-0.14502308809365427,0.3180825774286015,0.41215789815196063,0.05713438983519228,0.186004886232357,-0.21255026413766248,0.5562681530707843,-0.4080142364277797,0.27606824117248513,0.38209158508485475,0.131548417520583,0.19568738277124026,0.4518775728624763,0.2357484986091472,-0.31274214971059927,-0.12136861901965358,-0.26482352042649704,-0.17203348055354734,-0.5688494380497333,-0.07395912746624737,0.08999642080554647,-0.5036663956459729,-0.25947773247256795,-0.3928641521508943,-0.4164021152313908,-0.48962580686240736,-0.5657861963590425,-0.7052234936118318,-0.580811238021069,-0.5133675436943685,-0.5632812457093104,-0.3546904213293431,-0.3438818667994727,-0.24888697625735437,-0.12653044876762623,-0.11005635313848214,-0.8466612295233309,-0.8735146838510655,-0.904605583028156,-0.9232468286524815,-0.9523930373483338,-0.7740338549328694,-0.8006624646817971,-0.8223319024764357,-0.773461656277433,-0.7475144931696269,-0.5557350624170708,-0.6552011357934128,-0.5225242525334773,-0.6056513649051921,-0.6362715097608173,-0.8123698818687297,-0.7065658259191507,-0.10807295764335398,0.15027882804256604,-0.5300119453398525,-0.298744854182087,-0.03858661483859842,-0.5555939734093756,-0.6672881253551411,-0.5813257545274855,-0.747078413126909,-0.7959768150596078,-0.843889669452427,-0.6011988332297283,-0.5033949180392111,-0.6051336579986779,-0.6482803149384109,-0.5305905461380119,-0.7405960535712522,-0.8797042815812546,-0.7854643912733916,-0.7609102276363774,-0.6778660182107814,-0.5169179992796403,-0.763065452788764,-0.7682785045846425,-0.5023560033101381,-0.6586051775594789,-0.5360550437910991,-0.5811536779199303,-0.7406572824941206,-0.7671373148714582
Os11g0137000,0.3995148792913572,0.394922313520624,0.6769174599494531,0.1627323701781937,0.4371513801976984,0.6100301396026993,0.3994935301149693,0.5350559295938352,0.5131731776387123,0.2726985762577704,0.6393798331010148,0.5963889539146041,0.7334294669492517,0.6606038984804226,0.36710870209785934,0.42670858573831844,0.5282079310295794,0.7110751658572765,0.6670899106308149,0.7838671637854359,0.8617884596480607,0.7674979932498442,0.8358826367510199,0.8916214232425146,0.6722982879101418,0.5875090164843166,0.8553704023905443,0.8231815196589111,0.8447721766335557,0.6442622485899597,0.6537726133216735,0.5561561377729886,0.6206837514009167,0.7752341465049584,0.6715001398642826,0.530814821296655,0.9334997591550218,0.81039590899086,0.8547586371295307,0.8872538843035878,0.9062526390667861,0.8725376791391906,0.812476834721507,0.8778849861190194,0.8144186860457279,0.7426918356802387,0.9073827737797502,0.8847520513571969,0.8969823164256905,0.809678206928952,0.8726706590567396,0.8583342999370018,0.8679223367257289,0.9056765375908797,0.8964724167694383,0.9146279763566748,0.9314969159196161,0.9265848362810601,0.9298012271423589,0.916117816956571,0.9310733238778773,0.8670477027550094,0.9406238815162545,0.8932346345794901,0.9409458150613689,0.9320345672751345,0.9749895721835253,1.0,0.9605330394963927,0.9554047356993599,0.9603176317944759,0.9657416690391923,0.30423668750987304,0.1652823045574332,0.25846637873410544,-0.11825312238142885,0.3426285077302362,0.43873045619366396,0.19110595549526438,0.2909798214761777,-0.17539005537418362,0.5916306303869003,-0.41734229873901907,0.24141413512652787,0.29195162682899184,0.141339489018583,0.16421688896775383,0.5138081199609413,0.3634631709152377,-0.3169737695471812,-0.21907203033840325,-0.32982095708687864,-0.2623839791223575,-0.6288123037914399,-0.14243677283846315,0.013852674068848266,-0.44059104006605104,-0.15154134035467423,-0.30956934382690515,-0.32840779194505937,-0.4247720419967833,-0.5061629594250149,-0.6842900578414541,-0.5005366131344066,-0.4962677961550604,-0.5117249999323106,-0.27382449945298043,-0.26205491441747436,-0.20720307854529293,-0.07463886813456695,-0.047794788814291535,-0.8764331762070501,-0.8515255960835112,-0.901642288164343,-0.9159803252707562,-0.9507818005036697,-0.7772838445594153,-0.7649032277455782,-0.7893381061559417,-0.7076273177574255,-0.7057079626400565,-0.5020611184838625,-0.6046555908748074,-0.4759550289325085,-0.562096772102911,-0.6126250859266611,-0.8050619787148762,-0.7010971046255916,-0.05967459583637807,0.1764113228648765,-0.4991268232647874,-0.282360444817577,-0.07105086534014454,-0.5511826952013195,-0.7021751654236466,-0.5207022541725552,-0.7559495233116331,-0.7673120338206976,-0.8372388688703533,-0.6098844553828784,-0.4785705771490135,-0.5811154826367249,-0.6600150092226738,-0.5605242220841202,-0.7868564815800414,-0.9094689943392795,-0.8423066200340547,-0.8138715688861793,-0.6083009667259439,-0.5053334599634252,-0.7573390149867244,-0.7273549511119823,-0.5598168367093912,-0.7304714932091853,-0.5716742161016072,-0.507387233416114,-0.6886484916654321,-0.7853661848160914
Os03g0822000,0.48764440967733014,0.4761599862116854,0.6465540188905471,0.22390815343939924,0.41539299510112415,0.6608758470734584,0.5338241229067424,0.6543299767923455,0.6985396636837268,0.4364839703100348,0.7344682523415758,0.6618413570776147,0.8014969420161531,0.710606915095676,0.3162545900780339,0.4122734191809425,0.5372941745820566,0.6651753732249006,0.6635569453287339,0.7151605830659821,0.8599886753947735,0.7126659296710478,0.7522606877379984,0.7666512649489733,0.6396109160234514,0.5267926215334915,0.8328231976103838,0.745315918299004,0.8113910861918902,0.5360394991687315,0.5672136329274602,0.456465358490643,0.5305228343795366,0.7688478839148627,0.7838833295806101,0.6645461579207792,0.9194570823517554,0.7755641463140286,0.8325472327324527,0.8674989778945239,0.9005137447519396,0.8416650597426061,0.8177812266379024,0.8784270087386646,0.8586161489463915,0.8036872116532155,0.9100267717325795,0.9107954559645762,0.9148348268132942,0.8848759627909158,0.9086386002447192,0.9095136743941873,0.9184601132933157,0.9496011292952983,0.9521789185091016,0.94994449840095,0.9596725958517393,0.9579969518091607,0.9512616402277551,0.954231583588194,0.9177984340567297,0.8775081386925365,0.9075420962396414,0.8963345770700364,0.9575124723954145,0.9368879502865367,0.9414820818670127,0.9605330394963927,1.0,0.9804842653659793,0.9649874060306011,0.9633132760224759,0.22890958897603744,0.08704007575608569,0.2809114098261839,-0.15716330268152223,0.3941041534533401,0.29629835185365544,0.09336028147665541,0.14265633655997004,-0.16766482458912868,0.6450981742385583,-0.41125049392464275,0.19314672538868394,0.25874329922513484,0.12572134688000308,0.15838916677974643,0.4246368559952161,0.43586906093679734,-0.24702583872208925,-0.03503793772222802,-0.1647060059794232,-0.10094532567843917,-0.4709245500830824,-0.0712741167063486,0.1589273875111363,-0.5090974213596616,-0.3132104367460187,-0.3985514119725445,-0.4482128352583057,-0.5228281918483929,-0.588722666262092,-0.7832772387196313,-0.5330250739384862,-0.5986618153672478,-0.5899564202384774,-0.381755120730494,-0.3403137545111311,-0.282924045372609,-0.18892226779226118,-0.18145281330318033,-0.844104491934391,-0.8876247826893282,-0.9034193305249584,-0.920247610854034,-0.9462927169694637,-0.7906335236615707,-0.8075071725509424,-0.7661757216719359,-0.7957994388978783,-0.7845811354536053,-0.5583411949874371,-0.6242275219588188,-0.4255630722301129,-0.5036024352805719,-0.505575988892195,-0.7272106541799326,-0.6001201003160043,-0.21168760972951373,0.17522031029743632,-0.432166333984857,-0.29006602184675395,-0.17315346383352062,-0.6201494593802325,-0.723031282129312,-0.5471833668199569,-0.7963016004498901,-0.8407795129390815,-0.8428312847121309,-0.5339546396370155,-0.395586050600566,-0.5594625013502632,-0.6123005318620905,-0.5277831863120407,-0.6808372174614808,-0.8338075138314115,-0.7600769737774725,-0.7294076690740245,-0.49757209845884937,-0.42962557769524423,-0.7559407222040346,-0.7507516168573634,-0.5569347537357572,-0.6447946762644046,-0.5797220653729745,-0.5316955372675043,-0.7522497996052651,-0.830545488256164
Os08g0237000,0.5353233735551913,0.45072723938900405,0.6208959507256655,0.16615362049593083,0.39467542832136854,0.6286757102850552,0.4754449310322517,0.5911567452393043,0.6635875406223912,0.4192966636897101,0.6491975003096844,0.5751665482481821,0.7595867366929818,0.6544388891463588,0.45472125869938135,0.4648993569188645,0.6160763663204853,0.7200310581308579,0.7279667563423019,0.7832959252128032,0.9017326889732398,0.7510758043549043,0.7755085419717195,0.7776925960318846,0.7151785147073063,0.5875535757611866,0.8548730896524331,0.7913017318922825,0.8173644000992529,0.5798577059796852,0.6225974573553941,0.49558645436799037,0.5867747089512416,0.7907140187236933,0.7689116554620475,0.6738349660596574,0.9358003126360995,0.7922685959472712,0.7985379585315621,0.8370918827639279,0.8605298977535294,0.9160929799514212,0.8608224388955609,0.9087005259001448,0.9032729995980868,0.7841333430215673,0.8870093481639912,0.8971253449833322,0.915029478047719,0.8620368507038212,0.9060584123668253,0.9030957072404932,0.9076316048073376,0.9359990073978142,0.9327000777397427,0.9587417062347352,0.9427669256474585,0.9417153544865671,0.9445251482228975,0.9503735945458025,0.909132310975013,0.9185417038381984,0.9373134224492405,0.9437880205614528,0.967039528732573,0.9660664543743234,0.9347936657249327,0.9554047356993599,0.9804842653659793,1.0,0.9676652778752283,0.9576843932426102,0.2931702211126868,0.1126799059607885,0.2941858766514684,-0.08444568475475,0.4444487096940767,0.3958620815217197,0.1551497758437947,0.22572691923981936,-0.21009895948831042,0.6218536373934936,-0.4981571344212776,0.09113229716142106,0.19705234216516535,0.01996792449019116,0.056435500074168816,0.39021721831930956,0.3847886114173383,-0.31610544998703055,-0.08326734765957354,-0.1939095593296723,-0.1345113640482042,-0.5238089859596009,-0.05517176648448568,0.15192161644955984,-0.5139127747268123,-0.305533261398069,-0.3492574026575221,-0.4441798310982858,-0.511459205398879,-0.5772889364422288,-0.7360563000949077,-0.4942404616797402,-0.5288327814169337,-0.502623797734234,-0.34819007250019046,-0.26902313795954946,-0.21666833312516504,-0.13765728603925512,-0.10752190549927529,-0.8355843750269888,-0.8849686311965914,-0.8879241840256086,-0.937515272496949,-0.9612796879623213,-0.7521254424801341,-0.7774938760295014,-0.7605218943407335,-0.8080901381275232,-0.7831253119720331,-0.5807430597300566,-0.6752231674201574,-0.4156733822496484,-0.48407789973841714,-0.516372395985813,-0.7053007177018533,-0.5584587960154166,-0.19346262743609074,0.18577418461060036,-0.4516171389866532,-0.2779176742319774,-0.1491722120322711,-0.6053085267407003,-0.7724292254330053,-0.6338535209453059,-0.8380025874724393,-0.8750813887854947,-0.8901101039949405,-0.5882474691864109,-0.45736426684712667,-0.6295991762861696,-0.6550351423060531,-0.6090843119503353,-0.7377811787979561,-0.8669432996179908,-0.8158792547902021,-0.7703035252269982,-0.5378929520420176,-0.4702052572877492,-0.7570816679460086,-0.7682217453751269,-0.6014637077932629,-0.646569756957939,-0.5644001698578136,-0.45434764922987503,-0.7343211615101645,-0.7664516030818868
Os03g0742900,0.403863429477549,0.4087317960828812,0.6250244712760407,0.15615616337262947,0.44736006014118895,0.673990959601176,0.44365914523393646,0.673675452356399,0.6578359842369524,0.40246149383293534,0.6453075964074034,0.6188787307004402,0.7670669211108689,0.7138119568147371,0.43798308143735243,0.49023195981021606,0.5214351391590778,0.6683241545982305,0.6671035591166318,0.754150119241436,0.8641610602026031,0.7009283304528899,0.7567616165329746,0.7922307932026034,0.6718356635792425,0.5412059736267131,0.8384673368869023,0.770342911578176,0.7964616540615591,0.6090142854700497,0.5724162567249257,0.4753704040512912,0.6451471290741195,0.8357662849555892,0.7528715061904862,0.6922183093906392,0.887000684348397,0.7336505404600614,0.7513527379896217,0.8660568646942333,0.84059162201475,0.8776098445346606,0.8514670047498032,0.8926698867602009,0.8787197432310061,0.84637968586843,0.9379618849321522,0.9510068794109722,0.9485969202077055,0.8958578741957537,0.9334513939996386,0.9326182579380144,0.9426162141941189,0.9573957931540044,0.9566265329295355,0.9683199987277672,0.965625193113697,0.97566482165889,0.9715518010738269,0.9652640431514378,0.9332887658963105,0.9269736773678792,0.9353827619188646,0.951407392103069,0.9726449895985333,0.9639638053995098,0.9547235317495266,0.9603176317944759,0.9649874060306011,0.9676652778752283,1.0,0.9753513890095213,0.4305082851633984,0.16197013678044936,0.2857897860777676,-0.051272501553160384,0.42397659098832025,0.4021734870863378,0.09364833245500948,0.20115683061298825,-0.2600826119662766,0.5017471838461939,-0.4063975420019868,0.1729106951632766,0.2742675076405032,0.07535450438054106,0.1238792032863142,0.37195444203196015,0.27799232444569894,-0.35564260912243945,-0.0708186128514293,-0.18369371468336515,-0.09469320480217701,-0.49956027004868386,-0.004000553053389289,0.17557330538145116,-0.5493631275042631,-0.36383197459218364,-0.43030099690635243,-0.48053392050784677,-0.5288142336461162,-0.5973228330904967,-0.752067902310248,-0.5581743547501063,-0.5503864632265102,-0.5560926942191348,-0.35830454442622434,-0.28535634165802165,-0.18880880192540214,-0.15509626884799618,-0.1294610521358791,-0.8037231292132403,-0.8612571597127897,-0.889421279319962,-0.9116995494713648,-0.9392845665180183,-0.7637959784660435,-0.7774943056954131,-0.7571824691130047,-0.7966729314237105,-0.7942196511935851,-0.5695097874565178,-0.6639194184295527,-0.42135981513317555,-0.45858610746248846,-0.5865990196032356,-0.7120328694154258,-0.6135045144021355,-0.18843934013477473,0.2120991192000829,-0.45970731199162645,-0.2894633798047935,-0.19053423433732453,-0.6286701034843919,-0.7307940499588886,-0.5942911707602822,-0.820418678416892,-0.8579916404387913,-0.8897933837432833,-0.6043535915256589,-0.46971040063944675,-0.6477948734648001,-0.6917675006563186,-0.6282575475800065,-0.7221908366387828,-0.8887621890257135,-0.8311900345081229,-0.7786917580048727,-0.5616465053037294,-0.5000430928622418,-0.7007839145665407,-0.7316577287657732,-0.5653479026584092,-0.6534306059301198,-0.6249434311809728,-0.4915391364389828,-0.7847742402383532,-0.7673573622007308
Os03g0633500,0.4543332590871123,0.3550308918458653,0.5750975625020027,0.046812506808864236,0.34244490373805686,0.5472702060350603,0.36190233166734986,0.6299080526924279,0.587018274230222,0.2975281541159591,0.6511042630580515,0.5851874513041976,0.719076236148106,0.6286534215775402,0.35299438656205484,0.3659767790976397,0.4794947267690309,0.6575819639095617,0.6797430356870744,0.7771873658154529,0.8617783817746343,0.7254460379266914,0.796197136392858,0.8337073375400337,0.7436207867558413,0.6453234534978365,0.8917213734302452,0.8537380222339018,0.8987865405978399,0.6743488902155702,0.6853790375951452,0.5880281625810926,0.5381150097220109,0.7520097609518244,0.7610837225033776,0.6219145411541266,0.9024286545909669,0.7591995674203718,0.8287401839700622,0.854867146218037,0.8399754284987021,0.8692366615819631,0.8246144341529337,0.9069081554673586,0.8049257568887106,0.729420500208956,0.8899891510497052,0.8944469834241751,0.8995879532162894,0.8156036670784507,0.8675686239760041,0.8623273222705948,0.8920606902822815,0.925557901658433,0.9116659927332291,0.9252458240715732,0.9138627773853907,0.9294217600214684,0.9261621897716841,0.9058342896388383,0.940203740635081,0.9104147074072245,0.957234069832957,0.9219241246717491,0.9613942539899143,0.942309718743888,0.9398134631472222,0.9657416690391923,0.9633132760224759,0.9576843932426102,0.9753513890095213,1.0,0.3739572611927669,0.1753689345549525,0.33299767882384435,0.018499316764703795,0.48386569262888024,0.43218939776643117,0.22640731961839963,0.33573969849992236,-0.2878656392826846,0.5191789281121997,-0.49437649105888976,0.09502857563114259,0.16669142489047528,0.16565400022388088,0.12122192154896841,0.49776130649209543,0.3910371482063919,-0.306359632588958,-0.1548285358390779,-0.3222551318320563,-0.2273118667128564,-0.5920597175081589,-0.04941070323400058,0.09743964843081276,-0.3914074227044927,-0.21214525184433147,-0.26303689253329104,-0.3563685973801668,-0.4040391025031546,-0.4603533122633952,-0.729768241115444,-0.4800046433201726,-0.5126727873055459,-0.467010480734211,-0.22279478023319962,-0.19484318460836209,-0.19401017855236838,-0.13629161885442817,-0.07459456786731758,-0.8024218783063796,-0.8543104519175184,-0.836700242190506,-0.8887848708968089,-0.8984442932016365,-0.7114605822380903,-0.740926369017783,-0.7284867119263729,-0.7047750986610947,-0.7457220374965116,-0.5181507999500422,-0.6546783273107278,-0.37138551404812814,-0.3801733201861182,-0.47353273510936594,-0.7346708470887157,-0.6130266215475214,-0.23230686505931009,0.1479426918510892,-0.5029335051915648,-0.32941676194608926,-0.10971029286996137,-0.5151838715314216,-0.7632486344306993,-0.554859873635651,-0.7783304337016473,-0.7782037987189254,-0.8358737997646162,-0.5251001587320763,-0.4063181529692001,-0.561347261724084,-0.6251477189634642,-0.6023214024139126,-0.7428960087453954,-0.8565636189603621,-0.8149435460837415,-0.7908201132260206,-0.5433646600273385,-0.39553648710347455,-0.639979029739982,-0.6562988869426036,-0.599070910365636,-0.7514042833757174,-0.6874089303256594,-0.5239808832461015,-0.7967717936880129,-0.8440270190812024
Os06g0115200,-0.13471226579046375,-0.2475206354625218,0.30936397633758,-0.0848218197597744,0.11302820464425495,0.18945999974757194,0.029830000270417045,0.1636973621055495,0.06298341781891514,-0.07350901545705392,-0.1623602436531591,0.06571461171039213,0.09456948664992813,0.06618707177836727,0.4682039313637677,0.2258475210247686,0.14243491846450823,0.38483422403608103,0.31256472216093856,0.43608620964872463,0.3438930769785117,0.16109378522227202,0.2993931917282394,0.3433489695027873,0.479871519384612,0.4496079179297726,0.32648740668847037,0.4464969662445159,0.3036254623409222,0.4967231764196642,0.2832422049538444,0.32542304681488765,0.5282388996051789,0.5491378208173741,0.1584386704807914,0.39643461233824173,0.18535716304121613,0.19670368312708242,0.049619924062011544,0.22576875342714942,0.04975759905633972,0.4630683861480151,0.41395171170468925,0.3069574913356034,0.2689082616150071,0.3540668390092919,0.3393743591326121,0.373190708677805,0.39669916292113244,0.2598362756007955,0.2918464369402813,0.30737338489541943,0.27963686962742684,0.295198131195505,0.2663732179616979,0.3709121286618558,0.3168557982927515,0.32844167505347144,0.28760137951680637,0.27733336517911134,0.2164536126936575,0.5084050698411614,0.4318699614277524,0.45344512150185845,0.356669802920842,0.42336012131233514,0.36955462845690656,0.30423668750987304,0.22890958897603744,0.2931702211126868,0.4305082851633984,0.3739572611927669,1.0,0.5489114842817359,0.18963508776577614,0.4829105713043053,0.3934241672053919,0.6459829993765632,0.11847085852935793,0.2811766269941968,-0.4641128811549456,-0.22099088103326178,-0.18375348650910636,-0.18469529265200516,0.07508008282126691,-0.09117905192861447,-0.20483176669287453,-0.06181376748844194,-0.49946835407619755,-0.6223308940257652,-0.14370129243495408,-0.2652764476375017,-0.17955213700554915,-0.375950144049631,0.06687976950035632,0.0607255679848751,-0.22464822627787012,-0.13394184329469397,-0.047830915117195956,-0.08690850606070462,-0.06992811888470292,-0.0998755373401333,-0.1424424265505481,-0.17673095960962737,0.08701738487573568,0.12042059370417733,0.11621649066213274,0.1860221488035479,0.45075302556772917,0.18654863862114485,0.27096152834322634,-0.15859694450481474,-0.11898789807554176,-0.1225033967572696,-0.2526459550397445,-0.2842407964019821,0.013887131011801342,-0.0016313310034567845,-0.10664589530614908,-0.1845303057710726,-0.214810248081849,-0.13034081029835773,-0.2977100664291094,-0.02018852197349519,0.17820268604841355,-0.3816501090221918,-0.26971050077878733,-0.18517169886439372,-0.09337330546458224,0.1889495509475088,-0.09859807792089631,0.05706488529498805,0.02894007632583088,-0.055956549872593304,-0.3447609246844532,-0.2274993588923666,-0.23735078707726767,-0.262339302514931,-0.4347600355739886,-0.2455527319300756,-0.42187917794077634,-0.4401003281197635,-0.42586921539313044,-0.5893492413153856,-0.4490406846374098,-0.44714470938538275,-0.44557894798883757,-0.3841464755168186,-0.44488912093027183,-0.4942899901160626,-0.08014848326653395,-0.20682968487572514,-0.13220301849546623,-0.13862912547795525,-0.42667013333660886,-0.20930942943849154,-0.3323997766480905,-0.11612556326527906
Os07g0684900,-0.162363106344616,-0.660227220420113,0.5315427357303026,0.07082959237576383,0.24350910394296,0.2246110842152475,-0.11626405087170721,-0.011974890551893276,-0.010150006098700518,-0.2722282683411679,-0.027236621612644653,-0.07208496659834357,0.055327020969634544,0.013840832499031966,-0.05615171831425394,-0.2652371887067406,0.07540490802843955,0.008667089420472089,0.08589690706750977,0.05905528897003723,0.07371548707668675,0.029075739714277567,0.1907209526008195,0.1807002248440958,0.23345819340172771,0.35640049076107955,-0.047045476930277476,0.288493765030102,0.1248530642327976,0.25425831535764626,0.0943906699598624,0.06532357785521081,0.1542490224478201,0.10186903029562797,-0.30060325397566856,-0.18244912739270655,0.064424022388276,0.05155014684066961,0.19975149283728766,0.2910132736949694,0.13452691297319833,0.12617312591618055,0.19737011521844725,0.21972364659464597,0.09156486198336568,0.04686831707753787,0.12788930766882517,0.05590706918159306,-0.03783777427425426,0.07553579354126769,-0.049195453074476723,-0.06962581190408985,-0.06628630766566332,0.07919184396765543,0.03733259406069284,0.09924318183140696,0.07955484645161308,0.10938061767129285,0.038582737515356506,0.025421322240599845,-0.016856584060204616,0.20461590899845605,0.2680611578798199,0.09243583683964453,0.00894264763768916,0.1519353703529555,0.12576819038520126,0.1652823045574332,0.08704007575608569,0.1126799059607885,0.16197013678044936,0.1753689345549525,0.5489114842817359,1.0,0.3166734352858332,0.03636823746907725,-0.1054846013234705,0.3253255464780224,0.19769876497488748,0.29486664801075546,-0.005614181563009787,0.040748635291667425,0.1195800790284255,-0.18722578721749122,0.13489559861287115,0.26907156657750203,0.1558990230131513,0.1210910136385026,0.08599409333782153,-0.5480633665790209,-0.17495647196000697,-0.29859392876718177,-0.22055152580252282,-0.2157155706985709,-0.201056871235293,-0.29300941228513244,0.2207759882506534,0.31169361080952196,0.17147002694208469,0.25217901760313427,0.015488679395704736,-0.03693843823285257,-0.23073738902263663,-0.2053689888378796,-0.030499047852095503,0.11974804929826714,0.20360536836977666,0.0882230376724757,0.32761047479920014,0.0719846340154742,0.16136078281779423,-0.07927458789157737,0.0893950300731122,-0.017857473975087752,-0.029278851664585697,-0.11913002727371642,-0.01574457776411577,0.1851007976432116,-0.051570708430297506,0.14125510764882054,-0.08607830267781456,0.15211819204592553,-0.07718240509024656,0.2330207234459399,0.22810496568888644,-0.3906735844158875,-0.3129663517280809,-0.3414109710875096,-0.027054612558642867,-0.02871859934414023,-0.10772039578504537,-0.17806263916117773,-0.08695285580394362,0.1496055455813328,0.10063462670437856,0.3071582128260603,0.03392422388254802,0.14799004948581404,-0.03665217432263892,-0.18983303012014552,-0.015799548104027544,0.04918863546311289,0.0092510536538978,-0.2189582193472629,-0.2546593782308418,-0.24428484591964475,-0.22479604249930826,-0.2211519396963882,0.08580751042292456,-0.18576937086498083,0.1842859458460139,-0.05938018211159704,0.04798626155884134,-0.10108726960266408,-0.3229141569665177,-0.13474268930029273,0.19122681989286544,-0.04682804111484795
Os07g0281700,0.0072902989788202885,-0.247968669310553,0.14040860876465652,-0.1882268980992065,0.045840058885315824,0.11699195441200758,-0.019322912319878472,0.18860769111746076,0.21047846627851555,-0.25290579494549825,-0.11083032973541804,-0.009550064268968213,-0.07063534155672391,0.005261262182238271,0.19622325753382894,0.18081954103918632,0.002184626740246034,0.25486810935257576,0.18806881691319974,0.19221477211586352,0.11662566843612256,0.4499244694947993,0.35711771979818313,0.26860676478925083,0.6007124763925547,0.5317067469768517,0.21137283280382005,0.3823566049194965,0.3263800366455058,0.4879043669303835,0.35512709828162825,0.19057392794855585,0.04814019534667793,-0.07273277743443204,0.22440595444295497,0.04076698608089307,0.22067346255491999,0.3353947174467894,0.37050966161287435,0.4364997841401917,0.26229936694647227,0.3380135328072395,0.5183768343580141,0.40695981496029365,0.2977914714401662,-0.030089856154489815,0.18004980039939605,0.05480680399851729,0.07155491406231544,0.1003318649368432,0.12873725428491112,0.15586829736372154,0.12332769506653375,0.19322267593833253,0.16130171505086757,0.13927953548182223,0.10156715167412926,0.1947057337706042,0.1510196516331043,0.17501448230848507,0.3890156161529481,0.42402241013246705,0.43631240321861164,0.3069163796971895,0.21120446301784435,0.2573081733671147,0.17160982434214248,0.25846637873410544,0.2809114098261839,0.2941858766514684,0.2857897860777676,0.33299767882384435,0.18963508776577614,0.3166734352858332,1.0,0.3098617888779243,0.31361053626756874,0.29234853132428396,0.5065341634123663,0.5472958998497566,-0.17494792222113126,0.20065189141035616,0.05405739123937212,-0.3183169339592735,0.07449333925231949,-0.00906457630325503,-0.265860234445087,0.27130385495656645,0.2902381968405776,-0.6539139877456929,-0.41143392094326575,-0.3445563809747687,-0.2249478902908049,-0.31227334331148415,-0.32394459351974647,-0.46190189212710664,-0.03315117212581443,0.001465150581021979,0.06617790293722917,-0.15883109930962058,-0.16848958136411823,-0.1262567287837037,-0.0813775286827028,0.12819290818997345,-0.0428078840468392,0.06223189948193676,0.37035158125753975,0.25902273602815973,0.2746776024273472,-0.12526725020378238,0.014546703803473194,-0.2593462954175802,-0.25981746247383136,-0.2244598401309057,-0.2953258792173827,-0.26036013766282706,-0.12991708932122498,-0.08454384900590112,-0.06395739093598692,-0.1515120958226934,-0.19350320966537368,-0.2955895043400577,-0.32330387680867756,0.31436825386717704,0.20792234754811212,0.059642391113117935,-0.17758032163860746,-0.17829749832261188,-0.23680891687161448,-0.3105500254047435,-0.1540224465438617,-0.31277458934111746,-0.11866442377522343,-0.052167454107239365,-0.38481631402654864,-0.22523442411668207,-0.4232861927652786,-0.08854401115170261,-0.20555098651842224,-0.35769490871487175,-0.04599234209487108,-0.33542450004264823,-0.31093059755050034,-0.5533113831803994,-0.3887643061599321,-0.3773372363499959,-0.4574757506296314,-0.5645880601944606,0.08175223742594137,0.09053362937816693,0.13161351286651005,0.27171625515239833,-0.7499368205963093,-0.5835437678943315,-0.7595443457793696,-0.2088005628378064,-0.12050791566433487,-0.17598950652672002
Os06g0211200,-0.1999179147300233,-0.38373171843297776,-0.2756099371042531,-0.5605192671503794,-0.4508965435108018,-0.5666759577934366,-0.23117630335487838,-0.15240891476407636,-0.28261796154306523,-0.5631192164326185,-0.5614578338240986,-0.5317871052187565,-0.5698892448057168,-0.6328854491367901,0.46218521868880713,0.07118505600469706,0.0779289125545727,0.32091384171957626,0.31917689968382934,0.33088565841825185,0.07212130877375875,0.2400054151640611,0.2360897976726414,0.16336319510664354,0.5440016236781995,0.535123096116204,0.2868150820652845,0.36564431437316836,0.24251127223812408,0.591061848129004,0.4590699469063075,0.5900494686145455,0.0997341829560175,-0.024046935604223545,0.13141649820509027,0.13748442005965084,-0.18906519550699305,-0.13381367622080498,-0.21567765598638924,-0.31731965501349085,-0.44961446982570746,0.18834060412034484,0.1353122973927161,-0.08044128339363053,-0.20193806659416128,-0.3073683964253284,-0.20394261663977356,-0.14851467750665945,-0.050614518418494826,-0.3838258246559947,-0.26746057626196684,-0.1914328212296097,-0.17188754928376873,-0.2243900069955254,-0.26259319286398347,-0.17585669499793735,-0.2453583192004234,-0.20866552073084632,-0.22972381152538304,-0.2331868485378331,-0.08116325539571474,0.2061233310450459,0.1446648201075765,0.08190430744528533,0.005836366436902715,0.029768692061613446,-0.14502308809365427,-0.11825312238142885,-0.15716330268152223,-0.08444568475475,-0.051272501553160384,0.018499316764703795,0.4829105713043053,0.03636823746907725,0.3098617888779243,1.0,0.721651078580361,0.598055762427757,0.6530244067589526,0.6230342736063672,-0.45987758045820737,-0.3725651383951971,-0.4728117919087292,-0.6701546084662148,-0.6627204349455714,-0.35842303186652474,-0.769465640422175,-0.1618888117841298,-0.37521780920747383,-0.28876921936814925,-0.4331065820803795,-0.37390909075651596,-0.5088137317970242,-0.4552795344679087,-0.018497938448104153,-0.0293871179385997,0.32549270538442104,0.25441436621545094,0.5917270727612677,0.38130153445229087,0.5473234065357546,0.6074136564993325,0.4864650215402135,0.6829739936059049,0.6506255402901653,0.7445479578106253,0.7410978478012529,0.8659450665898194,0.7391859098117514,0.5469896642108604,0.67292758827875,0.251741398423735,0.26596688812724106,0.4214410325731417,0.1819344633204177,0.23543300759820734,0.6115825250557007,0.4901432833461381,0.5191652413504841,0.3438273972606295,0.4036666722247577,0.298691097993429,0.11008014039683879,0.43152960247502814,0.6431869275800931,0.4705378633225588,0.318626764476748,0.4666126563965324,-0.02623594733057041,0.21884206450028248,0.32039666331450695,0.4203492920580873,0.1628517758386747,0.25359469028948245,-0.38083014612565264,-0.16349986948648637,-0.0419774976754589,0.09868475391744075,-0.04800316242742199,0.0785964044990921,-0.2746045238981472,-0.2840901204984237,-0.2696586200838034,-0.5390670575593997,-0.2769157276710995,-0.04120678623776584,-0.20781470835065707,-0.23568255644927466,-0.22714701996824715,-0.12348832289508647,0.20592294618492332,0.3074312088538533,-0.33478639516231773,-0.11689605854625548,-0.21125608139690769,0.025381247663465827,-0.16561341376267177,0.020701931311996682
Os01g0248900,0.3242523880689395,0.19440144811923618,0.008093495319146339,-0.5123477446329859,-0.4726633539194134,-0.26012086007338503,0.08982479698707002,0.13333973030502108,0.29966811586410547,-0.09952611137259428,-0.08208500044839313,-0.07581288632626867,-0.05179359903370984,-0.19794791092173877,0.5219823860044311,0.3646615639428459,0.3353188207743228,0.6434106152876814,0.7376366812950341,0.7149809445747596,0.6297526774549138,0.45852219366106856,0.5144801315655669,0.4122298458653762,0.7497918497315543,0.6118778182465787,0.6759678919318356,0.6264735941571566,0.6423861609175169,0.6852343149905893,0.67241913439692,0.7486573483457655,0.32613378456747677,0.409277923804514,0.7277610617105231,0.6676624511141033,0.3418335037284671,0.27505798726222036,0.179143809311975,0.032939707936825754,0.08874658250700525,0.5474081276434842,0.3918456398277104,0.3744243856649836,0.2632129850320485,0.15012630573227462,0.2895743869824867,0.3652072606346681,0.47884394688100257,0.1594970217783488,0.26408506270884774,0.3100291390316984,0.38401917725800205,0.32170595582088657,0.2880272953624849,0.3626729672559087,0.2913147578917411,0.2820114586744007,0.2910247614576888,0.3023798402112395,0.3633800026675135,0.6136560601032971,0.5436376017221131,0.5669801260985622,0.5514634037387875,0.5568427024445167,0.3180825774286015,0.3426285077302362,0.3941041534533401,0.4444487096940767,0.42397659098832025,0.48386569262888024,0.3934241672053919,-0.1054846013234705,0.31361053626756874,0.721651078580361,1.0,0.6550682991826968,0.6090146778688789,0.46064791407412303,-0.3297898998110497,0.1891668061781123,-0.7509264473808744,-0.5870474584037032,-0.5755761343426801,-0.34143914999576386,-0.6405505754327353,0.11215339111990663,-0.11374472414421709,-0.06729560635425276,-0.1980845204829365,-0.2494465689616146,-0.459032584692994,-0.5550746607007158,0.047893752172105127,0.1413377054028995,-0.05153598980184268,-0.053430646310749015,0.29536527312205213,0.09598516627011838,0.25999572680402067,0.2390623528397949,0.0001215017663105892,0.3114719327499116,0.1926163953282644,0.3124113800094019,0.2814515402447918,0.505069263721255,0.3371464435056739,0.38672265427176916,0.45035070977918557,-0.29278041702170093,-0.34006804194017287,-0.1024291761715214,-0.38534523494341677,-0.2462829969622989,0.13228486927737027,-0.08080311927957756,0.021397539590081904,-0.23668471078208625,-0.1421025687605176,-0.1332856006927973,-0.38413188454525765,0.10984240782099426,0.21564981864528537,0.21342779250576588,0.0033050856167698528,0.22912926630356428,-0.06033388188487186,0.34974088416516497,0.06932858092775962,0.27761748725465096,-0.10619602828164322,-0.2157527461702126,-0.8435973399709659,-0.5405584896783644,-0.5054546179079051,-0.4750649848874355,-0.5792979998742736,-0.06689855735388427,-0.44091173998525957,-0.508285620810773,-0.5121604628610575,-0.7281952850055481,-0.5387576316244934,-0.3664589480622543,-0.5126784606628589,-0.49229764707111023,-0.2634881995049078,-0.2493895474111028,-0.24636990960980407,-0.19713705940414125,-0.4699074322483121,-0.3801615028126851,-0.40901331972447025,-0.3038491698900613,-0.633529797254101,-0.4596884188802398
Os03g0275900,0.10279011711021256,-0.06534026966481357,0.3196438508860499,-0.3825312162015681,-0.25331421755570727,-0.1790877325501586,-0.14828172887861094,-0.2552722639386607,-0.13178107655996932,-0.435918177555904,-0.32960928433291276,-0.18635835564359607,-0.13772296151504163,-0.24833234110328034,0.6247190898246419,0.3599058089540865,0.37089623746086986,0.7669959446029243,0.6701596465138776,0.8092541732944187,0.5965997122994822,0.5287704800814156,0.6611740592882545,0.6600607808488658,0.7551009277478258,0.7053963783221746,0.5872918457676352,0.7442598105922786,0.5961222009650091,0.8126891567910995,0.7460240042099813,0.8024090369181103,0.5917148147735958,0.48408373057253606,0.301515238159341,0.267027696992858,0.4054250426413005,0.44608788263241816,0.2725003019886027,0.17418214791714717,0.17767009977359963,0.6293592522829986,0.395368923197884,0.36485959182373734,0.22822296168638892,0.05964025505631434,0.28272981337678693,0.26151877373356774,0.3982074337423655,0.031967609605837645,0.18613035742861286,0.17039723842049273,0.19503774972267676,0.1979880081231248,0.14820450706059465,0.30259070664012233,0.2503414406888805,0.21855708456345338,0.230096778594712,0.22463916905004805,0.31159267281799197,0.5549984494121845,0.5877144010590692,0.5199385066824226,0.4481127444817296,0.5367297948472602,0.41215789815196063,0.43873045619366396,0.29629835185365544,0.3958620815217197,0.4021734870863378,0.43218939776643117,0.6459829993765632,0.3253255464780224,0.29234853132428396,0.598055762427757,0.6550682991826968,1.0,0.709015409285586,0.6911196332813568,-0.28928005201400214,0.12777653083115464,-0.5445999188191027,-0.3733314326841468,-0.23310054257957863,-0.309494882572316,-0.5426740610978223,0.2995289256729993,-0.3216614499370985,-0.4384642457566576,-0.6269235301163252,-0.6374636778046505,-0.7781757038465593,-0.8729284987000332,-0.2908184467550195,-0.3530625821004576,-0.04219286248848591,0.32931101445635563,0.3980444363652284,0.31977761179148323,0.3394729559674048,0.253759028925384,0.1692425265473687,0.22927158031598796,0.38102160004314023,0.4318303071392893,0.42368211052210736,0.515362822732481,0.5276916200814012,0.6008418990955016,0.7029961327146912,-0.4649375482184804,-0.23366407915301574,-0.17080410483917366,-0.42279708115115944,-0.349220918740503,0.08157659577651116,0.014521955681104072,-0.11944606351997941,-0.09055631031085831,-0.01195494413310171,-0.09401662612476468,-0.35111335385881304,-0.11723892051571841,-0.05149020612470274,-0.29063822152292157,-0.33940664970439405,-0.16772097875339123,0.3473890020933954,0.27055159953798474,-0.12417133245404717,0.24752105923211706,0.1891956036226104,-0.03752389047963954,-0.6852174218248328,-0.39006059205698074,-0.3572964055792321,-0.2652928420164929,-0.5729285335138968,-0.3054780433419057,-0.6608500368411708,-0.538645237486665,-0.5943150635091429,-0.7541098549483319,-0.81952089566929,-0.5991121545693762,-0.6942565373897162,-0.6668042599146904,-0.5070701586709074,-0.5549318681984234,-0.3015675436776982,-0.21442852741642085,-0.35719449846976525,-0.47600823389219626,-0.3572006909589728,-0.17397495708800056,-0.25444451421984216,-0.22361078844235804
Os07g0622000,0.02339436264340579,-0.29899049441530035,0.07824962773900411,-0.5553584812254881,-0.4200691083051189,-0.48945801441571885,-0.3634443744723428,-0.3143233677258975,-0.21731566072906217,-0.7288073321589701,-0.34818063485621575,-0.5121051815974883,-0.45323834697278537,-0.5330523584871238,0.3560858305385602,0.07909298343382207,0.24099492062704975,0.49030782948276863,0.5530050418942967,0.5427440469309383,0.3194865939979828,0.526913590758776,0.5972336773883373,0.4890961367942447,0.6669306706788005,0.6572777875909828,0.4350602897510502,0.6172014809164051,0.5080018141058702,0.776222455704016,0.7477111837040072,0.7884948078628276,0.17888549720132732,-0.030112965889941293,0.15822233549809425,-0.09760896465254348,0.17419807734822737,0.18333747210413476,0.2250883711953742,0.008126448843847969,-0.006917978870787458,0.31533996010153903,0.1946869422709129,0.16270052301482407,-0.028722724918046828,-0.3514408680627938,-0.04391916669036318,-0.07729124866896768,0.01613774425764508,-0.30073390224796637,-0.1866002311825373,-0.18072577600055517,-0.10273438614066122,-0.09222343365752397,-0.14390226178599447,-0.06708981902970368,-0.09740080398921533,-0.07774900122615971,-0.07432930345342248,-0.0820524480218932,0.16330991484046842,0.2912542024802538,0.4029403791682103,0.21041715349664566,0.15591550505976962,0.231860464305137,0.05713438983519228,0.19110595549526438,0.09336028147665541,0.1551497758437947,0.09364833245500948,0.22640731961839963,0.11847085852935793,0.19769876497488748,0.5065341634123663,0.6530244067589526,0.6090146778688789,0.709015409285586,1.0,0.8551544650280123,-0.14047613732582986,0.1252414523600702,-0.5108219023299653,-0.6116638550529925,-0.5596215348980507,-0.25981504726496907,-0.6200487426969078,0.3248609379477656,0.11895789478207085,-0.21213471950155768,-0.7665626537516289,-0.6424559508544503,-0.8677541102038886,-0.7660659967707772,-0.43689408362796084,-0.5123253563788369,0.4114213120748795,0.6106482542470085,0.7335827043212669,0.5973866641024455,0.6190297495704488,0.586255122559707,0.3598956294665304,0.6140314242930766,0.5289934222354506,0.6387133394567324,0.7656010309950452,0.7990214738858656,0.5573451043989193,0.6194955696820159,0.7567161603861405,-0.19936339642245451,0.0018449121872988184,0.090653442930172,-0.12358871112234336,-0.019000448394053484,0.3088606615023949,0.28404227712345875,0.22355389070438952,0.2724568240268548,0.2930395840118848,0.2023931517676303,-0.06529512658620865,0.2569537832385667,0.23569643281186298,0.18968590881731506,-0.03302518289061555,0.05942553455461656,0.30547507223284176,0.1817980758663381,0.05630341970120502,0.22909659210183764,0.10003489927505102,0.1069628777996076,-0.5009047725587255,-0.16102767574438953,-0.23449157963920983,0.06735087614024929,-0.20636818425428696,-0.16972833667979956,-0.3640333539732669,-0.27561324685662897,-0.36362453352165564,-0.5727021101799685,-0.6121328722585373,-0.3242706221376812,-0.5009439775573048,-0.5647569119422321,-0.10276405546815522,-0.14034524885898336,0.02505449954807544,0.16077992443684444,-0.4796110416176504,-0.5364668825132948,-0.29843279616707163,-0.04078198058336159,-0.028215681717562394,-0.2308113640873262
Os03g0764800,0.10707676834956746,-0.3648724740068137,-0.0271535476892009,-0.5866740298177519,-0.21079167094674825,-0.35574845463333377,-0.416297097047922,-0.18169737737435251,-0.3468546414315263,-0.6201280197795312,-0.29083137614678184,-0.30837376281081336,-0.26960326092892867,-0.3418368038198945,0.33145074578472616,-0.009795399660836436,0.16710679544748003,0.3804978895734911,0.36337172686052543,0.5004300845798229,0.2537031103816445,0.5545057597119653,0.5355647148707151,0.5575694913414002,0.7547033283692908,0.8069222600324456,0.45900448746221884,0.706811950818826,0.580026984875857,0.7507760182717917,0.7561158362207883,0.7194412378481743,0.10038197618929046,-0.05514136804686405,0.07763437397468137,-0.17318268967284636,0.25430657398250345,0.3185275383144057,0.37438657341686205,0.19487100874700933,0.08893785381476806,0.4423621447320246,0.3711992104056867,0.3704010770180952,0.04824059076596187,-0.30815881830631087,0.05265094972215414,-0.03097689573803244,0.035918500372435415,-0.20981264306151912,-0.056294810457108144,-0.06175858657922644,-0.02548152669265064,0.030549857302756844,-0.038554565168181565,0.04911589821581818,-0.031464589539526855,0.024892427407618444,0.03807629252400732,-0.008454394602485893,0.3076152968276125,0.372163110465027,0.4795216861538791,0.282446333941054,0.20795786422213408,0.24964488472156182,0.186004886232357,0.2909798214761777,0.14265633655997004,0.22572691923981936,0.20115683061298825,0.33573969849992236,0.2811766269941968,0.29486664801075546,0.5472958998497566,0.6230342736063672,0.46064791407412303,0.6911196332813568,0.8551544650280123,1.0,-0.3022369470750122,0.02067545983602241,-0.49099595279316066,-0.453985026741046,-0.38491134346949785,0.017964549508203483,-0.37304008266268346,0.480539040062232,0.17971029347335182,-0.42470856183267053,-0.7522196799053564,-0.8001864479803267,-0.760473861254208,-0.7876348318129522,-0.25046252196421537,-0.4952821993197482,0.41561674830593015,0.5762446497698411,0.6387665755390455,0.3916035620925179,0.3863341156311879,0.4127175096600377,0.2098860990387468,0.38774999720520964,0.33825782715462305,0.514996906388393,0.7133210451348283,0.6394447081023557,0.39713691287938957,0.3160667203584422,0.5286735562612112,-0.1955685844249916,-0.10737983281830325,0.0038432187592912634,-0.1747665924533698,-0.14059912706254385,0.12434023117293097,0.11879435624872624,-0.007998863201557755,0.20628140619901647,0.10707030273814702,0.043147317567300045,-0.20493077296351472,0.20151336358285196,0.26142775610141183,0.1254186142810129,-0.2179081756893898,-0.1159145500596989,0.026422419139000616,-0.15114874388489022,-0.26828784166817987,-0.12453622885019157,0.3039913531538653,0.30491554953470434,-0.45694403185671106,-0.19843520646820156,-0.19849758750370594,0.0631117351674527,-0.16159984482447928,-0.2189212328024897,-0.18297268142535275,-0.21146198856252002,-0.24873080342755652,-0.5129151227652347,-0.5746938906049684,-0.36446675049626637,-0.5063448953474532,-0.5734281169458878,-0.2764503921355033,0.0007407957827475077,0.0827487565788662,0.2117284152734581,-0.5930912191807436,-0.677330594072736,-0.5084890496914378,-0.04246219446001282,-0.1195362846334625,-0.1737700109660325
Os04g0610400,-0.07202402927560438,0.03686291697774972,0.04774618360042629,-0.08153816022040992,-0.011688614987253224,0.04673375959115509,0.2237668511905665,-0.13862230488256413,0.05154043137613742,0.06579896473543062,-0.06516405494675032,0.054353534493702685,0.002131139095251305,0.07416340880628762,-0.34180803721158665,0.1482962315321768,0.006416383385269053,-0.22493508243094232,-0.12965093745569972,-0.30582770467904025,-0.14832193678258823,-0.10526768162696339,-0.21656140689180461,-0.20708202189375685,-0.4004406927498505,-0.31516537422242596,-0.46705209877646137,-0.38684190938426044,-0.35878209641795533,-0.3556898793692242,-0.46306549970789757,-0.3495595702079877,-0.09624107185054016,-0.32948881367526967,-0.22404723693921996,-0.15459310741793672,-0.25821691127493834,-0.3085988901776514,-0.14128960708317798,-0.1707256475907652,0.09312792282575268,-0.3504273148256275,-0.22082275711784058,-0.09193996982597274,-0.2055388879296978,-0.11523272178206741,0.02139793897689587,-0.14861164152767037,-0.27324331013106884,-0.08238817965666524,-0.20888915882038067,-0.17648900239357437,-0.13538406428934488,-0.12302383282443027,-0.14980597047021774,-0.21081312395746185,-0.1490875299975247,-0.2056155324549425,-0.17570535753279115,-0.15272618544577543,-0.24911128036068372,-0.19863144975882793,-0.2365753941254426,-0.27606544069290684,-0.23287313656445402,-0.1909981496338379,-0.21255026413766248,-0.17539005537418362,-0.16766482458912868,-0.21009895948831042,-0.2600826119662766,-0.2878656392826846,-0.4641128811549456,-0.005614181563009787,-0.17494792222113126,-0.45987758045820737,-0.3297898998110497,-0.28928005201400214,-0.14047613732582986,-0.3022369470750122,1.0,0.5410437017228561,0.23322630120880763,0.250068446375979,-0.003572502225942107,0.2004335229226904,0.26688799218884646,-0.03448701789273183,0.12078816744635712,0.3812795726029027,0.3733312044079002,0.45134678087506325,0.15869669734956512,0.2902846797708599,0.299023248641211,0.08171763367155631,0.22530266456949183,0.09778316105839154,-0.14611170177156432,0.20656161571852175,-0.021523618829984676,-0.09465506078636007,0.10044231618958774,0.04000546202589157,-0.20431675596492574,-0.17387315555979016,-0.3141861150042203,-0.22904077196764722,-0.17434606394522362,0.06329978935493145,-0.17535051206985874,0.07544687800241891,0.09907536857634885,0.07907654009256673,0.21333988576666052,0.1730784674557544,-0.11786030719839174,0.027076268889968395,-0.030677688561443445,0.143810855635357,0.1060541468833528,0.3477132627545318,0.16599688073406582,0.3343082139754539,-0.18140764099367213,-0.035646698507308915,0.3101168297597651,0.21703995793466738,0.4732762139384098,0.08495274481560482,0.2980450625341356,0.15804424434797473,-0.553526554133123,-0.10873274453320013,0.30502144960479144,0.398488608910846,0.1984138473437433,0.06343850153746529,0.24987492863090133,-0.0067723273339659,0.30098500881535145,0.28357098657060764,0.2950447994779547,0.20264413779102064,0.3401913022118573,0.2770080179523499,0.1979352815951899,0.24737611348265603,0.549172896716332,0.12405626922051782,-0.0551903268348853,-0.06520976394243806,0.19665793841268728,0.2934795785943229,0.36912189816115,-0.22303261156537643,0.23842370039627847,0.3148576917234616
Os03g0181100,0.4951579327790124,0.4225171240007924,0.4651564407215689,0.026320936301973952,0.09837057418556161,0.37276209265904814,0.5349908006449757,0.20155644828858854,0.506238199854472,0.3318425039714632,0.42413779727977813,0.5039238926592448,0.5415786284107972,0.4381175239042322,0.009620503469838112,0.3618978128012352,0.39152235853760675,0.4604631668825277,0.4950877868179621,0.4186251560343937,0.6004619927348125,0.488241483526563,0.4525960925886694,0.42302129250185505,0.35698415885448215,0.3313467815816558,0.35162743367572546,0.3736868128895307,0.4590201824197938,0.1878905297237912,0.2633988506817102,0.1917855541627074,0.23825453001981559,0.28256455346423187,0.47887426989498,0.3812760589550864,0.5980873784442347,0.5421688988249596,0.6113234211210506,0.48076025941895034,0.7628571709892368,0.47446373445482387,0.4685725410783367,0.6296559847421822,0.4953372525760659,0.37179545625930166,0.5938075946471988,0.4673282317499504,0.4447047314358401,0.5107466768770509,0.48868379147889995,0.5015837834395033,0.5189482728932482,0.590076677247268,0.5470519671272709,0.5331823094177165,0.5530596213573539,0.4915053931775354,0.514714464580071,0.5461948978697928,0.48902567906239125,0.5181988108716408,0.5464634598677199,0.48804683017428846,0.5564239435762969,0.5702816390699522,0.5562681530707843,0.5916306303869003,0.6450981742385583,0.6218536373934936,0.5017471838461939,0.5191789281121997,-0.22099088103326178,0.040748635291667425,0.20065189141035616,-0.3725651383951971,0.1891668061781123,0.12777653083115464,0.1252414523600702,0.02067545983602241,0.5410437017228561,1.0,-0.29875167728982166,0.12992158230446238,0.11280791818048015,0.18570479854492986,0.16402880284942853,0.4059145037156894,0.4673726333579627,0.05840860472004764,0.15079307895577554,0.04599149105457432,-0.1148771573138833,-0.27583013057394573,0.03614999591202698,0.03523530051598277,-0.1510765265012296,-0.05688100344550486,-0.2149116627937209,-0.12364701002366559,-0.3298545233287984,-0.4184649842825168,-0.4587075749177387,-0.26682873581264627,-0.5067553006166805,-0.41983326824480993,-0.38730104602471893,-0.33822315567788125,-0.32644023969471275,-0.07456074024048842,-0.19079377248487897,-0.6514048592189643,-0.6604579697602871,-0.5929446200356928,-0.6071683819832945,-0.6088177525564026,-0.5975741685128348,-0.5763398406977207,-0.6018720305550983,-0.5124423029282981,-0.5042834854036943,-0.25776401117288744,-0.46487391670323613,-0.06676894168840385,-0.4938110788392309,-0.27473769938770226,-0.3786144793941992,-0.2591011275144209,0.11075878860297249,0.04864454844252455,-0.18184933495687425,-0.13993956214839223,-0.3608595673949882,-0.4166516165125698,-0.45684500356858687,-0.2426392799087823,-0.48024661911279565,-0.5686998964321692,-0.4724103383517842,-0.3432985103928077,-0.09729429862977228,-0.2168836849809075,-0.21058671831110745,-0.2897600787141891,-0.3544000138224513,-0.41253396115619506,-0.42270890267170574,-0.4089112785273741,-0.00705109271212108,-0.15594130456317254,-0.6111196215597725,-0.576563081973205,-0.37020523846217673,-0.3541551393344738,-0.22865947554464897,-0.6164880864008434,-0.38368661757458195,-0.43432373837257593
Os11g0658700,-0.5176570459932105,-0.2115565926633453,0.021921912126613412,0.46938742580779524,0.3360650371593697,0.2620399822473987,-0.001355904923920717,-0.024390192600362015,-0.12858423009185557,-0.021724381869199023,-0.12108552108489454,0.049782145882113715,-0.11859180041355478,0.11791084831439361,-0.47994494364749496,-0.20487542704969255,-0.43722135653435423,-0.5633928970237637,-0.7577232152829813,-0.7453649674972155,-0.6942134488123177,-0.4486295018193279,-0.53971112089836,-0.45973313602350174,-0.6782641512755251,-0.6151011678655744,-0.7058269693982613,-0.6673024102184122,-0.6796028236304362,-0.5644700112627932,-0.7486741668563791,-0.7430210710186008,-0.28439251942858457,-0.3685545464889806,-0.5255427955950612,-0.4591846021232921,-0.48993229918201386,-0.36543447457966693,-0.27390971091816557,-0.031972836400711545,-0.18255253519269904,-0.6201476720481915,-0.36582978826297746,-0.4569155786948656,-0.3265589613852702,-0.12641228479223998,-0.25271446359272776,-0.37223082457666884,-0.44678773062293414,-0.1674658451655596,-0.2988717768244353,-0.3158275433375004,-0.3890530193235227,-0.37660036585293916,-0.31249507664075576,-0.401486128599769,-0.3220737254793713,-0.28334390908872975,-0.3333041639156316,-0.31683559705063724,-0.36301501597736485,-0.5202037294034962,-0.5572800903193076,-0.5609109018076449,-0.5497736196346447,-0.5343418213079045,-0.4080142364277797,-0.41734229873901907,-0.41125049392464275,-0.4981571344212776,-0.4063975420019868,-0.49437649105888976,-0.18375348650910636,0.1195800790284255,0.05405739123937212,-0.4728117919087292,-0.7509264473808744,-0.5445999188191027,-0.5108219023299653,-0.49099595279316066,0.23322630120880763,-0.29875167728982166,1.0,0.5273978179907278,0.6019608258983531,0.21556253039424486,0.4044162119193571,-0.18221497849147092,-0.10450146731112292,-0.11423498298387755,0.1478194871943468,0.27607149460207175,0.45144140179508685,0.5916102012419286,-0.17308992662382364,-0.26174502185409937,-0.16866052706321605,-0.11782843914988579,-0.39084326819892906,-0.17689311122734544,-0.24111032568466387,-0.22301195076405375,0.1153363107706357,-0.1649619757976927,-0.12544866942349445,-0.2630680841086337,-0.16792418480176452,-0.3726243491646847,-0.0879305068209304,-0.3307300907289389,-0.40990547435460545,0.2609727022626385,0.3943978986438221,0.15734942331501328,0.3958724434590091,0.3185426761495131,-0.023304078993827783,0.16892188831829166,0.17192169919490008,0.22233728917901732,0.18844447550185284,0.04414773724647086,0.40390052672440757,0.0075337163332215625,-0.027589019030610357,-0.15396105368178836,0.1124664660628737,-0.1219786895501942,0.0757191510949349,-0.30236398060916414,0.1565753932888789,-0.11081540609927018,-0.056004603861632585,0.120217639844887,0.670598319884943,0.5658216193774883,0.4504271940769137,0.4841373506084635,0.5072626088799557,0.14582823763335648,0.37819865761549193,0.370598185833254,0.3338356026792033,0.49359682802262655,0.4979496824062667,0.3352707228457617,0.4436962093378341,0.4167325687995881,0.41922880190327966,0.18957884796115188,0.3531509114705601,0.4408003498799139,0.37122559077452466,0.3558634601253239,0.1299848148381932,0.2688587416948815,0.5926767086484253,0.4898952448271586
Os10g0391400,-0.07886410388504422,0.3790307663590536,0.25294975885863025,0.5187836715944715,0.5633486248860218,0.5575640127008199,0.38527789240064636,0.3008184981646188,0.030701415748275902,0.3456135284664968,0.396282565094584,0.6254301007496165,0.5074591754849206,0.6233569170251327,-0.3439964940359925,0.0558881655019509,-0.021379020587587425,-0.1270422929636797,-0.40777461362350637,-0.22434322376176033,-0.10944743895403519,0.02250046373566717,-0.11340912836469202,0.1545349581684039,-0.41411336881764343,-0.33500894250368723,-0.08774698343885959,-0.18687139632741862,-0.11152902883404854,-0.3365656854473179,-0.3860670417811857,-0.329533936791902,0.03239204434779271,0.16330430221496048,-0.02299286967991433,-0.04986818624362885,0.12260481532506706,0.13845646785842258,0.27951715146770284,0.39342148178502506,0.41169430050688127,-0.08522270012026775,0.032747009807972745,0.07809929350124141,0.05949299032955192,0.3721683567055006,0.3880100017873519,0.25134803902608255,0.2029314098957087,0.34982110791318544,0.31688961798806387,0.2932619474858782,0.24041585762988277,0.229004409457188,0.29456424310386975,0.23444202610936177,0.3223419266145855,0.3065439828883247,0.3120061189422569,0.28551603029231676,0.2195825537287036,-0.0501012848028389,-0.06945709766710027,-0.04647946464778654,0.1037788720996048,0.030987253616068085,0.27606824117248513,0.24141413512652787,0.19314672538868394,0.09113229716142106,0.1729106951632766,0.09502857563114259,-0.18469529265200516,-0.18722578721749122,-0.3183169339592735,-0.6701546084662148,-0.5870474584037032,-0.3733314326841468,-0.6116638550529925,-0.453985026741046,0.250068446375979,0.12992158230446238,0.5273978179907278,1.0,0.6844211205674651,0.4679295511394566,0.6962784273824165,0.22405678959439188,0.07491641007573599,0.10358280576488732,0.20860843027811005,0.12172980044757756,0.3214615031552718,0.19831841440113596,0.06524050321659894,0.05392366428483613,-0.42069361103824743,-0.17807286564353497,-0.6239864495725549,-0.3580757733241709,-0.4714342396966685,-0.49744552510097895,-0.2893956649548062,-0.5244231291786222,-0.5374373575008663,-0.6901000352813162,-0.5694660624023458,-0.7213974998711462,-0.5256171276055913,-0.3796892106766788,-0.524525405936467,-0.2952354380533859,-0.19981953682669826,-0.4028772901718056,-0.15054930591509347,-0.2850333740461224,-0.6086379063326272,-0.47952740298692487,-0.4826057848676229,-0.2229393276900698,-0.23988391060549677,-0.19846120932064604,0.10937160529949129,-0.525510607915838,-0.5756435669996451,-0.47569604523467385,-0.3859867394905193,-0.4631587587736788,0.10951791412148293,-0.14865895149570285,-0.1990016989171902,-0.18618483857542864,0.08337785608236677,-0.13965478148263688,0.23003557873055772,0.2557309570762798,0.15483414321532463,-0.08581247853377826,0.028272500359436303,-0.024659867234990293,0.17738648563978826,0.17880360541349266,0.08174189111093236,0.4114894121542602,0.1591261286750443,-0.09061856298401151,0.08251576347968842,0.13297679783172126,-0.17844727853304443,-0.10551124095631322,-0.3868429203678395,-0.19538392187516107,0.21681614815177733,0.014952550377825785,0.06059959664942337,-0.06256989121730608,0.0012958323332834063,0.014865274568860918
Os03g0294200,-0.1236622677049351,0.2499898813385994,0.3840016438832894,0.6188209811361747,0.5927129042517741,0.6807539872717487,0.21649479687697099,0.19906847233327607,0.17177157587873676,0.3759619717525279,0.3467689322623627,0.5991254385169437,0.49402374748012684,0.6499884332444752,-0.14269728250599717,0.16731764202987043,-0.24747133482348097,-0.03225748570724111,-0.28239035372867105,-0.12195873765624288,-0.0289434547275854,-0.07950962390100588,-0.007134222361968335,0.08287921738256608,-0.22965567748751742,-0.2797350303903423,-0.10440045154588452,-0.15127765417970188,-0.10677474089470301,-0.22029710516467407,-0.24444930342058596,-0.44837408238392673,0.22318712340389488,0.2580848192013517,-0.09489245519546076,-0.054625611007612894,0.3005156442596821,0.41706537967948226,0.27579285938579295,0.5447580885923288,0.49319957111178864,0.09373592784803861,0.17038766455640436,0.1760213022474641,0.35378145892164625,0.43769717073085807,0.3192248868490454,0.25920552234720773,0.2344817319194055,0.4461866013990112,0.44230960270748354,0.3822718755853926,0.26627729484953516,0.33146746571454333,0.3530489289990862,0.28466874242791873,0.3644840789819531,0.3564728964331059,0.34070557315297323,0.352190323538597,0.297633728038051,0.017126539055439705,0.08624988666451351,0.13751303829074557,0.14086881913903254,0.10958045339237561,0.38209158508485475,0.29195162682899184,0.25874329922513484,0.19705234216516535,0.2742675076405032,0.16669142489047528,0.07508008282126691,0.13489559861287115,0.07449333925231949,-0.6627204349455714,-0.5755761343426801,-0.23310054257957863,-0.5596215348980507,-0.38491134346949785,-0.003572502225942107,0.11280791818048015,0.6019608258983531,0.6844211205674651,1.0,0.2315440406855123,0.5631211603669936,0.1598883019563515,-0.014963249733095948,-0.3301133599065996,0.07869991486576294,0.07016948636616648,0.36782739277863136,0.16951082599457823,-0.2237898410849271,-0.21673368533507753,-0.5808164235779911,-0.3781295903487374,-0.6948703980747992,-0.5844841934670445,-0.6661843589399402,-0.6991634524730215,-0.4169652457279161,-0.7018673719171077,-0.48087245978894017,-0.6984803063010447,-0.4976341832268971,-0.7172910994000501,-0.392315435103167,-0.5042666066100466,-0.5374269429995652,-0.37610506963311685,-0.3473699503887869,-0.5586943442403054,-0.366495444373921,-0.42547708734729783,-0.6029420153420537,-0.5065607452035701,-0.5493000084693292,-0.47101557992281384,-0.44464253021865646,-0.5258380044611588,-0.2594205432085488,-0.5142829954031662,-0.6320885338585126,-0.6659918614704219,-0.5645473149675138,-0.7212497882903736,-0.05438851889476011,-0.3170314866236119,-0.435628685574365,-0.4678393062682662,0.06298995246428302,-0.26342574613004616,0.20278715283412752,-0.0769366199488227,-0.150440997472529,-0.13922857071609682,-0.1508810924734419,-0.36063884955498315,-0.07176032225451533,-0.1323257274758522,-0.12763311087756518,0.15113612883285074,-0.0641404968584042,-0.3092516314412448,-0.0998403838373624,-0.13623264743090033,-0.21174306604773863,-0.15244542068536368,-0.20883430743228865,-0.1967637416211337,0.017791683152568065,-0.13621202390861253,-0.19044834467930474,-0.19614617139755186,0.02516337986435717,-0.06268856995740894
Os02g0805100,0.19335045506405196,-0.09412747052146386,0.00493836096789703,-0.036860933412721945,0.1605738713801437,0.17177649011049287,0.08521196324283123,0.27873731060748463,-0.06824954198505227,0.13991706507388493,0.380327713232482,0.5678987821547006,0.4206756971877319,0.37041873249244245,-0.7597937092466753,-0.5384466580625844,-0.286791660466756,-0.4106073636679646,-0.45171361028842566,-0.30347832918641066,-0.1900673891649907,-0.12438160182678974,-0.20746281675299047,0.04991529873113574,-0.10626938743292011,0.12875191772678263,-0.09704288856935808,0.050076331246657085,0.17673495690755642,-0.22961138730126573,-0.16001918465518591,-0.144528083637303,-0.4996158804418681,-0.23447702906925932,-0.0729832406643196,-0.19709957286552243,0.04449895531036573,0.08192513171914799,0.4541880471179363,0.31877246978001433,0.32917025770116354,-0.15477957118339938,-0.007566061027226127,0.2642957323551022,-0.18902495877843306,-0.036218203746682116,0.21118986709037407,0.026512095694425822,-0.08680073532826119,0.13037625012320367,0.047177310502246536,0.02337365556341495,0.04853937112702487,0.17176346696701036,0.14812535159634252,0.10446078204122328,0.084094242777088,0.11574214301369354,0.1025291495181681,0.02061475588235238,0.12554949679442765,-0.03279472817807362,0.0031736660980566517,-0.1414731595646656,0.0006847058598952792,-0.06881522995398798,0.131548417520583,0.141339489018583,0.12572134688000308,0.01996792449019116,0.07535450438054106,0.16565400022388088,-0.09117905192861447,0.26907156657750203,-0.00906457630325503,-0.35842303186652474,-0.34143914999576386,-0.309494882572316,-0.25981504726496907,0.017964549508203483,0.2004335229226904,0.18570479854492986,0.21556253039424486,0.4679295511394566,0.2315440406855123,1.0,0.8114838447771983,0.5748888050787346,0.4892011030676868,0.12368950725104913,0.2597255319744067,-0.221779037642996,0.09436700604750643,0.09134523842164098,0.26556537433374844,-0.0314624585136693,0.2897301086181803,0.21799664223463325,-0.05951599062147104,-0.008796657375731688,-0.18418024469739527,-0.13573847648326062,-0.4166207621428518,-0.42355883128694477,-0.5937515996823811,-0.366435912450214,-0.16559934590790473,-0.46289872066236865,-0.5354828358929133,-0.5603049373043606,-0.5423754700488095,-0.08232355466794183,-0.14340744178621476,-0.07192700527548027,0.040078523380847504,-0.05229608398036356,-0.3749939986455215,-0.2849446459343708,-0.3765081856419484,0.0964470050697498,-0.26118409815408483,-0.009878948236451026,-0.039010179772340434,0.02216962447050957,0.07529265594050341,0.0003568612924257298,-0.3478366746775274,-0.3327807916994141,-0.39589957930300107,-0.560438667518733,-0.40444679690055935,-0.5602669210138241,0.1383467351689359,0.40983116715883977,0.20184088309897502,0.4846251840961904,0.356689638886895,0.20362859416126455,0.3032302476166781,0.34127896484849457,0.6947239084749323,0.6326393643090082,0.5691198835338918,0.45573459564991775,0.2910664837780703,0.18466040681795795,0.26280175491908536,0.23627313196892075,0.1759926548903127,0.4916106044188838,0.13951219893333178,0.1334089870677268,0.1431089919602752,-0.19693715316050583,-0.36603517064657504,-0.3090712031344867,-0.10823773440497572,-0.14744770262955378
Os03g0305400,0.17493636179172084,0.15486085060815788,0.11931536825450086,0.28225186844726796,0.41960712114602244,0.4728678095503443,0.09110232419280212,0.34838315857841895,0.13168803187122308,0.46058208162075215,0.5992530300298933,0.6686054310688437,0.6235331813643863,0.6663512410479522,-0.6791463057160713,-0.3451140055266446,-0.2813159543620919,-0.5029316440326819,-0.4812851642262397,-0.3722261366616714,-0.15502068892058116,-0.2842147434888402,-0.282989006485029,-0.0683074401719208,-0.41862911057121854,-0.2966807589735407,-0.20488267426273635,-0.19148517461875464,-0.043080399623383246,-0.4662340603105946,-0.3774565582108871,-0.44668476114501715,-0.28551354541359697,-0.051771962578701376,-0.1317567183652586,-0.1660376670864926,0.12912533778273858,0.07567796318576031,0.328840508826442,0.39040708530041274,0.4210781258868781,-0.20302902126778427,-0.09144721561924768,0.2120171906535841,0.03866920084127157,0.245255915221364,0.28042043897463326,0.18500909877590205,0.037597864457910704,0.36323524737023377,0.24982240278627255,0.18257487228054123,0.19842283613256936,0.2835611011978161,0.2932080720207745,0.20717970846569359,0.2339328191871721,0.2442551648240546,0.2537104784667569,0.18950617872364223,0.16417373848993858,-0.129131315561843,-0.07207362183379565,-0.08174311344696465,0.027232403103625746,-0.040983671943337525,0.19568738277124026,0.16421688896775383,0.15838916677974643,0.056435500074168816,0.1238792032863142,0.12122192154896841,-0.20483176669287453,0.1558990230131513,-0.265860234445087,-0.769465640422175,-0.6405505754327353,-0.5426740610978223,-0.6200487426969078,-0.37304008266268346,0.26688799218884646,0.16402880284942853,0.4044162119193571,0.6962784273824165,0.5631211603669936,0.8114838447771983,1.0,0.3893606109068495,0.4255962208600198,0.2394175904463446,0.443781493878812,0.11796773779874829,0.43395158441416765,0.3606118157408804,0.2690311005888489,0.08959254911721852,-0.05598621214373525,-0.11789478691590907,-0.4573413217626269,-0.30484004920250424,-0.46532023694106905,-0.46922439510601904,-0.589919081375267,-0.7572020637486135,-0.7588487440183235,-0.7085862685069861,-0.5747277785978069,-0.8044284747731253,-0.771367832981235,-0.7013012570339896,-0.7461934276386857,-0.13872885665485118,-0.2443941318211337,-0.30496504649827877,-0.07741961322102776,-0.16076387193614364,-0.5966493590882402,-0.48197015966257434,-0.5500130753971566,-0.17383118226688754,-0.44795701642044117,-0.2063036391343895,-0.12773485093011835,-0.2875541614653533,-0.31625223316882883,-0.342987482467651,-0.3964648930040197,-0.5252306424164905,-0.2688914581112707,-0.42366382722161466,-0.5041291290109308,-0.6411893331955297,-0.034959475523355966,0.054636167571440554,0.38314021015182403,0.33560927400511403,0.21149086305264064,0.035910611767664406,0.177685472478332,0.11593709909773366,0.5421387472888447,0.502778282653083,0.4582194207921831,0.5795277724267571,0.35178744560731284,0.10860769179196264,0.25939603043641285,0.2760046959280726,0.1769361423070381,0.35150404510480343,0.02656132454272724,-0.11574282892681957,0.323076696573134,-0.054234065905450324,-0.11328924777629548,-0.17137722908815517,-0.05048646412217999,-0.12150685627089175
Os03g0297600,0.5411186128862503,0.2690049986640707,0.1412232471706124,-0.29226946203031395,-0.1481039429795585,0.005860622903430861,-0.19353998681551257,-0.00670481091489214,-0.04437140194582481,-0.07378868288274149,0.28532613461373113,0.4466895680981028,0.3519981361396371,0.25577368568911646,-0.28364732942821097,-0.15940531372006803,-0.05227692065961436,0.1896762824876006,0.09443178310992739,0.35785599531898066,0.32535878353957887,0.3033401838017568,0.32803372222674976,0.5232293127525769,0.393986905734634,0.45386634852460733,0.4199661002750888,0.5504296811866155,0.6672257580531604,0.3012076007089716,0.5107903205157082,0.43387504583966785,-0.11254050217928015,0.09255260386212186,0.32615400800559224,-0.04546098861262721,0.5566458655474515,0.6195695730297874,0.771907810236724,0.5208579878698573,0.6119449671412105,0.31328371118507287,0.18300411177378884,0.5435895299487641,0.12059701881346638,-0.028515030793471056,0.3702557714103016,0.20592026372674824,0.26197597598884015,0.1965397164257377,0.29397378920779416,0.1899823201306431,0.25811420657198536,0.3461599113211394,0.31318306309587773,0.3445998646053247,0.29658678737816524,0.2993271624257317,0.3428562798146343,0.26770216735187286,0.5168933283106751,0.28217760364477995,0.42107675425820734,0.2976449253921653,0.3919337032575536,0.3534816322012529,0.4518775728624763,0.5138081199609413,0.4246368559952161,0.39021721831930956,0.37195444203196015,0.49776130649209543,-0.06181376748844194,0.1210910136385026,0.27130385495656645,-0.1618888117841298,0.11215339111990663,0.2995289256729993,0.3248609379477656,0.480539040062232,-0.03448701789273183,0.4059145037156894,-0.18221497849147092,0.22405678959439188,0.1598883019563515,0.5748888050787346,0.3893606109068495,1.0,0.4862392594819366,0.03685750855320553,-0.3369976912247076,-0.7019077033388527,-0.482238202278268,-0.538234916136834,-0.21154629086602003,-0.5289788374629287,0.0444193829676015,0.3713204268753871,0.17401601784370976,0.06531321399259164,0.016752224055535062,-0.018513975100163244,-0.3049716075177322,-0.28978289433418525,-0.37244158990318144,-0.19351948235663333,0.0420309291798747,-0.21039008273894177,-0.4584250095583261,-0.2505454056107177,-0.12899866646666608,-0.6580279220315098,-0.5492050836348674,-0.42007098577741625,-0.4923901882302327,-0.40066860471594185,-0.4778912498619373,-0.5170853261950905,-0.615418181918117,-0.1900064070495245,-0.38769408165928976,-0.4339399835461889,-0.49143308958212273,-0.3923272518609484,-0.32017578542035696,-0.22317370576451925,-0.6907054120556803,-0.6090421546288223,-0.058898998443964526,-0.47708983735046084,-0.7341568942742484,-0.5542003548250504,0.33359689977251544,0.19187189883145073,-0.4268255447619941,-0.09174834291383338,-0.11283454779425041,-0.07837545101295805,-0.2418173135815683,0.052443865699986124,0.13066669792609353,0.16441022145319079,0.04121588359384648,-0.00826967450738664,-0.3925209087746319,-0.3158262908812809,-0.3012922046049828,-0.3456167624492146,-0.12180716849347276,0.22989549420653468,-0.14713095085743239,-0.0016580586754782224,-0.22657871260620951,-0.7819911998831955,-0.60706620526325,-0.25378463002210655,-0.26579401942342934,-0.43501218559166893
Os07g0153000,0.4696563367063641,0.04307686943001618,0.1843001617340845,0.09011847154565861,0.2590960301916069,0.2668247237315359,0.10747487465766481,0.4017105980211689,0.33268861828839613,0.17755475494069597,0.6422231328455333,0.2877746337829654,0.43746398281856735,0.3581677631167384,-0.358057747488487,-0.3285187375438162,0.2061070524152296,-0.11429703554609465,0.05109661234984703,-0.014982608600462369,0.15313896905452895,0.32193548238438785,0.2096171487099767,0.2176365891983351,0.18264505520726942,0.2490209584373377,0.23750736588574362,0.28691754178901613,0.38681402940186943,0.02133545674806459,0.20090613551414538,0.05809579942763106,-0.34071356444730766,-0.1377592118945476,0.20875711631769298,-0.1071708278938817,0.39133312357499545,0.2664812863519289,0.6503000337949273,0.5107137873023476,0.5049224504991873,0.14846590248400346,0.2781229055842944,0.46141379687151485,0.28175282652195516,0.08393993453626242,0.26493090970091737,0.19052265713125435,0.09917118285246677,0.303115081303007,0.21865173376619257,0.1968511205360079,0.25179962951775087,0.346238056402018,0.3536824115432861,0.2854254702923756,0.27132420641006877,0.3350600544930274,0.32785461736688565,0.2985905200404633,0.4073776156236498,0.20559137593391963,0.31154029709230685,0.16259066419337204,0.24599336155851323,0.22084957031008212,0.2357484986091472,0.3634631709152377,0.43586906093679734,0.3847886114173383,0.27799232444569894,0.3910371482063919,-0.49946835407619755,0.08599409333782153,0.2902381968405776,-0.37521780920747383,-0.11374472414421709,-0.3216614499370985,0.11895789478207085,0.17971029347335182,0.12078816744635712,0.4673726333579627,-0.10450146731112292,0.07491641007573599,-0.014963249733095948,0.4892011030676868,0.4255962208600198,0.4862392594819366,1.0,0.11275942049444913,0.013784067334013536,-0.1423547047597407,0.016558926754996685,-0.0324270875725382,-0.08739996062581035,-0.0693239983825016,0.17688885650319988,0.1431694109824895,0.018679918111916584,-0.09422004590485243,-0.24339320229935138,-0.21258822466955776,-0.5432550789351318,-0.2472108538434215,-0.5345482661379991,-0.34684994341412567,-0.10361547316345754,-0.25789843157835585,-0.48748818181370146,-0.44972185591030267,-0.38024807145581546,-0.2904322859793964,-0.3713853657173793,-0.35803762198793593,-0.26797160793682034,-0.3155363617934674,-0.4806553861828227,-0.38391047482653523,-0.3645355037410602,-0.1550026515737429,-0.3697958415737684,-0.15977640619158548,-0.15674392135735654,0.002380244879711872,-0.06845274133226675,0.07553369269002791,-0.3296138946706203,-0.31763613030003085,-0.3905601899242785,-0.2944188296499626,-0.35927552782964667,-0.5426854838199513,-0.07453201699725209,-0.04148161079445467,-0.09234947279921944,0.06849838809545457,-0.19704976505037414,-0.11542832208119327,-0.018931147298546967,-0.05721740673769171,0.39741112377430776,0.2462846324159577,0.18855590978717116,0.16835409574328528,-0.03660946120246331,-0.12880514967569237,-0.10205502881929053,-0.15228501679742262,0.21442902482216308,0.3769451759576219,-0.08933501242283848,-0.10568254187641637,-0.30673928182124177,-0.44267673666621427,-0.3331246174951512,-0.08356399393510601,-0.12569142436165287,-0.46460031636744364
Os08g0499300,0.23856717421802218,0.4143242284973492,-0.3914679229213834,-0.20975508832009185,-0.46245158417134713,-0.37269528185570966,-0.12880548869638223,-0.14164161765099287,0.008364128648403798,0.19883635539314404,0.1816111104383591,0.012281217219504153,-0.026104744730369212,-0.07981647812073413,-0.47679934721742784,-0.2185929067330578,-0.21077247512508102,-0.38356964288867035,-0.1517213597261881,-0.24595297241100858,-0.1248227002059546,-0.442782264626338,-0.379430324030977,-0.3653351752298181,-0.5371394977184347,-0.5328095443199695,-0.19971584798443284,-0.39503539360071366,-0.18002079096934284,-0.4593681454719383,-0.25509347562973644,-0.11593004570219195,-0.37811040744273294,-0.23775619061500053,0.062067164067462294,-0.014851958332066092,-0.22299302013609776,-0.36524720016227896,-0.2565624040030652,-0.46387840842250305,-0.18592234215466413,-0.5025065217449644,-0.6449224563870356,-0.34358072471763373,-0.3964878834769377,-0.20260178811029844,-0.23205292250195053,-0.15510483953163653,-0.17630567411429793,-0.17676848918986057,-0.21818947308496275,-0.25593086902379697,-0.12299026696030475,-0.20605317485654293,-0.1888809973145403,-0.24601892568762118,-0.21950935745028904,-0.28554021578066646,-0.2180033823830949,-0.24709087691456647,-0.29002046504249474,-0.4527207653345613,-0.43914974741271307,-0.3416300727410592,-0.20802729627714195,-0.2897291762323631,-0.31274214971059927,-0.3169737695471812,-0.24702583872208925,-0.31610544998703055,-0.35564260912243945,-0.306359632588958,-0.6223308940257652,-0.5480633665790209,-0.6539139877456929,-0.28876921936814925,-0.06729560635425276,-0.4384642457566576,-0.21213471950155768,-0.42470856183267053,0.3812795726029027,0.05840860472004764,-0.11423498298387755,0.10358280576488732,-0.3301133599065996,0.12368950725104913,0.2394175904463446,0.03685750855320553,0.11275942049444913,1.0,0.42877903233435277,0.34742693771280847,0.14055684699598067,0.35782005236495407,0.3108200370085673,0.2943589591452817,0.22146146462817431,0.03712832082796548,0.08712981716729029,0.22728682617968116,0.3177253614702972,0.2840923714695661,0.08103868291850719,0.04782993755702999,-0.08141354352244061,-0.07014430664203437,-0.26493822820578733,-0.17270079871912486,-0.4875569394277679,-0.010715295183622634,-0.13715556417256702,0.1965945139934996,0.10849280349178267,0.24759435501518304,0.27134538145629794,0.39841456795610225,0.12626880063148013,2.9738459590010965e-05,0.1085445875801947,0.16535339875110402,0.14379370717981776,0.20532766888489862,0.16736586822672908,-0.09405246475636411,-0.0934531563107138,0.3141813050137838,0.3422618814085297,0.3046864220474857,0.16919388505055769,0.13604875384442025,0.10420791436853857,0.14597732877705483,-0.13587444434781487,0.01745768862066022,0.19954834310289404,0.1935755567995976,0.3178972920480064,0.12605733752976309,0.2591289188195466,0.5312497355128489,0.3098750437519886,0.48978250130590006,0.4338089590283413,0.5566717351363435,0.47736418002034714,0.5314999189504593,0.49778301506615,0.5390566888213615,0.4009073923058553,0.3836770145171128,0.09358634660663666,0.014628917658684648,0.5419299958490733,0.2910000591966886,0.504338456396395,0.07797196190681868,-0.008101764036880012,-0.019668198042326803
Os07g0154100,0.2251899789108134,0.2916050393239332,-0.1943280321283531,0.14910192865814478,0.07513815331665713,0.29193457715465626,0.4312956796991538,0.3863420597082618,0.4631358689919628,0.77663084316176,0.3255657330026118,0.44204597947339025,0.41928540281194454,0.4080541284577919,-0.35847210778569605,-0.033891137015591856,-0.12509642198111762,-0.4566674168424884,-0.28277203777162374,-0.43266804587934404,-0.13494352281178695,-0.48773678661217323,-0.5776728459311815,-0.5560759043347451,-0.470497294203655,-0.474440270182349,-0.36886257930341665,-0.5165444858763171,-0.36198771140449737,-0.6834013837524453,-0.6582510270385361,-0.6315786935511952,-0.26771421575142956,-0.040832985296001816,0.09654447978423884,0.3748543081119755,-0.20624984772220215,-0.31593263714590497,-0.2628991669223256,-0.16534379822186063,-0.026077887581008926,-0.2819005554922996,-0.15768325368472672,-0.017555649542833257,0.019417263925704555,0.29413231883233737,0.09032804037368293,0.12364309820153313,-0.0067984465262719085,0.30731702072155465,0.1389081694178171,0.1744413218360602,0.18119027871957846,0.16511654326823683,0.17712544147403284,0.10496249484979091,0.08343898973482453,0.05635400686319585,0.06403397559279625,0.07898650791155314,-0.1861097377696846,-0.11420409793996669,-0.2964417141620243,-0.10588383734453312,-0.05593031167179658,-0.11011771354972806,-0.12136861901965358,-0.21907203033840325,-0.03503793772222802,-0.08326734765957354,-0.0708186128514293,-0.1548285358390779,-0.14370129243495408,-0.17495647196000697,-0.41143392094326575,-0.4331065820803795,-0.1980845204829365,-0.6269235301163252,-0.7665626537516289,-0.7522196799053564,0.3733312044079002,0.15079307895577554,0.1478194871943468,0.20860843027811005,0.07869991486576294,0.2597255319744067,0.443781493878812,-0.3369976912247076,0.013784067334013536,0.42877903233435277,1.0,0.7904637322355549,0.816171611989741,0.7620723556295383,0.7495395135596002,0.7544534739282764,-0.1677949229648268,-0.6156351391783718,-0.5485976942141855,-0.4426506131165128,-0.4720369990471961,-0.44768560701948507,-0.40096706359613643,-0.4408251242901912,-0.5716937897655625,-0.49186778173708523,-0.7372889711457873,-0.6097312156436688,-0.5113816740416505,-0.5229070887356574,-0.692267679354318,0.26336024221337045,-0.06691637111985423,0.038852601204900916,0.14246889118099587,0.10164474799457249,-0.18991607441460892,-0.2315893391474936,-0.1313868888354442,-0.2626824294942947,-0.35009545077083315,-0.06399182649098743,-0.0731913401984124,0.13682376176372765,0.051542346830596025,0.10778693614422366,0.30446854110353566,0.2980861741067979,-0.37411140557223677,-0.045241525777710595,0.10633131905373547,-0.12685945216166336,-0.4645284312205992,-0.15234429811397351,0.2677732508574844,0.11459088186653033,0.1255172047057491,-0.22153136654582606,0.1343550507149281,0.2863276350543288,0.4825458115646898,0.3042114598845825,0.4333728795570731,0.3723202395511232,0.6571276544369198,0.4376445616986757,0.478903676886887,0.572829993223423,0.40865332603330023,0.2970517457485977,0.037935073173896966,-0.20878517494065732,0.3791871036373621,0.5492027336123706,0.22069290070882597,-0.17402218345472764,-0.20865873978378652,0.12663197008638688
Os08g0203400,-0.15562352201759608,0.20376795935920108,-0.13120743217740408,0.2738827035022334,0.19641085356056512,0.29174895174288606,0.38135610881641174,0.3019265575819707,0.46497824915724956,0.5769156862573029,0.15108127359790113,0.077592859257324,0.12872375163641292,0.2600781317180462,-0.04988780927925512,0.2750367012707331,-0.02896641200947072,-0.3668551723163161,-0.163284863331528,-0.44312411072457075,-0.1934355755054799,-0.38083347632902453,-0.45119764891674813,-0.5776191109625748,-0.5782726548629451,-0.685191839244211,-0.4576426599378549,-0.671611914916863,-0.6057244733802554,-0.5818332187692609,-0.7104328699365179,-0.6810006011478364,0.0037576104452087915,-0.0634171703245625,-0.04377974955663389,0.2609178004250022,-0.34632193548570495,-0.5027340415373666,-0.5387146084282248,-0.2765797674959659,-0.19032204280014645,-0.355162258044161,-0.18171912425623732,-0.25185925413999416,0.06874443599042933,0.2892337293362838,-0.03476630925082201,0.05923523568765623,-0.07470664809842129,0.19324608406105215,0.028908585368472284,0.09622943137875453,0.08770140557826779,0.0022951666429823266,0.03698711848144281,-0.07574287669350674,-0.021391826246925587,-0.041017637387792336,-0.03978631523197816,0.02112458556334494,-0.26233910207473365,-0.19995853995774351,-0.3615120792700292,-0.15635461079817323,-0.17803711781757772,-0.19075707072798742,-0.26482352042649704,-0.32982095708687864,-0.1647060059794232,-0.1939095593296723,-0.18369371468336515,-0.3222551318320563,-0.2652764476375017,-0.29859392876718177,-0.3445563809747687,-0.37390909075651596,-0.2494465689616146,-0.6374636778046505,-0.6424559508544503,-0.8001864479803267,0.45134678087506325,0.04599149105457432,0.27607149460207175,0.12172980044757756,0.07016948636616648,-0.221779037642996,0.11796773779874829,-0.7019077033388527,-0.1423547047597407,0.34742693771280847,0.7904637322355549,1.0,0.817544057537963,0.8023761103588593,0.5273829351401567,0.6945385930811057,-0.243546194960557,-0.6785749172888487,-0.5981729750831151,-0.39591695893367823,-0.39421540369957786,-0.3992643418173073,-0.12623961234533002,-0.17016044625162854,-0.2596586540880386,-0.38611797398126985,-0.6164572722821126,-0.36274108407306205,-0.1869683911752298,-0.20873797831486052,-0.4326720738159752,0.3877655738846026,0.1235475784768536,0.06842289011995085,0.23643351341963403,0.19653507348735663,-0.036235114489545056,-0.011419944555961209,0.14397445081019386,-0.18833447710843074,-0.08903214385407054,0.11100741431821347,0.149456152925691,0.23346610948230695,-0.03132447264557711,0.0668571326983002,0.5617736166035885,0.41804921891740165,-0.015665857346737862,0.3033116309524483,0.43858094828566063,0.18545698660165705,-0.6921146789525977,-0.45757452123609976,0.37928744273015935,0.04032451143026684,-0.03163909839814999,-0.20625904897037917,0.11914224157745053,-0.04103279171317628,0.1607426115500967,-0.0071290279527669075,0.11792546992853939,0.19530297131263685,0.5749651109740523,0.3408474324832812,0.34007272367408015,0.422840311039533,0.42691431946772546,0.0421466317315369,0.015720636097716775,-0.19364821550801978,0.263889074960614,0.6568585100665517,0.48865158745210124,-0.000949633461698048,0.0015695159710291382,0.2598747490488492
Os03g0610900,-0.0012660011006685344,0.2040121515409243,-0.2170290547604976,0.3910940775136446,0.399150377257273,0.4779148707803133,0.3182921215696769,0.46733728879081565,0.4183554017519369,0.752096535559504,0.30508696389996487,0.35059219400006053,0.35835321450510105,0.4938787714465627,-0.21006444307276945,0.04624904040855654,-0.1913370414520348,-0.5543382535919127,-0.46649001585585004,-0.5833500180591784,-0.3320361762662869,-0.4508084631200846,-0.6005408935099155,-0.6018492135919933,-0.5571902380014523,-0.6234294149664744,-0.4637163114103419,-0.643895350426321,-0.5504916729990611,-0.7174869428375429,-0.7520880538957911,-0.8466119663022936,-0.21361086207784494,-0.10228041485332583,-0.08030284826412004,0.1694716596189271,-0.24365776350968235,-0.3150256816151474,-0.3266044254553248,-0.02926042010856172,-0.07501137142453122,-0.30172824170313867,-0.07466541596952946,-0.09165524910518046,0.14532699529170198,0.33057799062147636,0.011285676159569472,0.06437936905217156,-0.07177452429189154,0.31390513668659414,0.16818942289936065,0.1957955388630232,0.1380748046567838,0.10714901477570016,0.15283968577394927,0.03880283580466097,0.04056636536973919,0.07075592654836568,0.06590325305913777,0.0926785941095674,-0.12071159177368534,-0.19484845600270012,-0.3537741453855549,-0.13955042599003656,-0.15968813533500212,-0.2164128098416534,-0.17203348055354734,-0.2623839791223575,-0.10094532567843917,-0.1345113640482042,-0.09469320480217701,-0.2273118667128564,-0.17955213700554915,-0.22055152580252282,-0.2249478902908049,-0.5088137317970242,-0.459032584692994,-0.7781757038465593,-0.8677541102038886,-0.760473861254208,0.15869669734956512,-0.1148771573138833,0.45144140179508685,0.3214615031552718,0.36782739277863136,0.09436700604750643,0.43395158441416765,-0.482238202278268,0.016558926754996685,0.14055684699598067,0.816171611989741,0.817544057537963,1.0,0.8845104442164166,0.5519011724384019,0.6051563174349709,-0.36426611507643714,-0.7754466567430123,-0.7450292073583461,-0.7083981053973456,-0.6925570717733324,-0.6275785407273883,-0.36349193576601113,-0.48638036836794984,-0.5304959975508847,-0.5900564535092894,-0.7056812024717498,-0.641175068284542,-0.46286259941782043,-0.6800364992301695,-0.7941919491637398,0.337043122080541,-0.008070036469562916,-0.05335117432085769,0.15457045260072297,0.07380604648872784,-0.25689823933922445,-0.22920350554876248,-0.09748087642984485,-0.31028236982242796,-0.33747953358254684,-0.21300373907651407,-0.005846403666093714,0.04752589658145802,-0.01969831730547943,0.010964126791084647,0.28567460933246347,0.146623314705787,-0.4370145298955211,-0.16588207894254414,0.03668085680936271,-0.2846648083677033,-0.39304612407451806,-0.23555288295437843,0.4404660310939373,0.026658328207759253,0.034441552156127875,-0.15140141491462647,0.1897520039011199,0.03388489261252027,0.4217442233196402,0.14687559870606465,0.29900911110626943,0.3825045493055765,0.6604438848149019,0.3416904778462668,0.42715372607469315,0.4833539338424521,0.3322422744725204,0.28321803981051114,0.1381025942220213,-0.05389926639612799,0.2145954872166591,0.4963047142718582,0.1918371167237975,0.09494884736051146,-0.026334711378490697,0.26058100048232263
Os11g0523800,-0.1599990393913108,0.0035987095641689085,-0.3826892395066434,0.28505930593707945,0.1167550478901751,0.131430148231721,0.09090390553487612,0.15291240719441476,0.16618472760711017,0.466922970168154,0.059723227886547235,0.044728035099344095,-0.0008256060514677918,0.13143189790511098,-0.4613354430313904,-0.22841578895817688,-0.3837621226186958,-0.7904191290370096,-0.6657587589972956,-0.8396308702008313,-0.6347150100317815,-0.7154374616028768,-0.833702119028161,-0.8625269956567431,-0.8024132710428795,-0.8043626617383495,-0.754383097831838,-0.8832283527115519,-0.7900486467884301,-0.8809668092400202,-0.9057068721477443,-0.915918796913855,-0.4876658958980583,-0.4311158520940453,-0.3433765448873406,-0.12650436747772678,-0.5903314802075093,-0.6267473138092549,-0.5750215498719998,-0.38008180825682897,-0.40002285772661145,-0.6934445977349437,-0.48265825706294635,-0.4741627993530016,-0.27291144022289915,-0.059989736680690714,-0.367401662374762,-0.32451558282112125,-0.45324174748989315,-0.08601662674997963,-0.2669331161103576,-0.24955784490310096,-0.27276266585538733,-0.3080324734734033,-0.2582806878482143,-0.3713041200521278,-0.3572313526758655,-0.3357034091501615,-0.34722930010236325,-0.32233152142001,-0.5080271804067209,-0.5686835716528735,-0.7042141752421683,-0.5404032165198893,-0.5430873991863132,-0.5786331876457206,-0.5688494380497333,-0.6288123037914399,-0.4709245500830824,-0.5238089859596009,-0.49956027004868386,-0.5920597175081589,-0.375950144049631,-0.2157155706985709,-0.31227334331148415,-0.4552795344679087,-0.5550746607007158,-0.8729284987000332,-0.7660659967707772,-0.7876348318129522,0.2902846797708599,-0.27583013057394573,0.5916102012419286,0.19831841440113596,0.16951082599457823,0.09134523842164098,0.3606118157408804,-0.538234916136834,-0.0324270875725382,0.35782005236495407,0.7620723556295383,0.8023761103588593,0.8845104442164166,1.0,0.43356042351539065,0.4346649137136467,-0.0684257173230246,-0.4903077137087713,-0.4453401148903453,-0.34950822071941906,-0.3226177039059717,-0.2574813431490539,-0.045218357431145384,-0.19717972502701325,-0.2633497174617775,-0.2967667000421582,-0.469545560107057,-0.44431025349005254,-0.34151220708064295,-0.5077563806987715,-0.6295691622816315,0.6004572378931589,0.3646371845268524,0.33065667602867826,0.5228233481446667,0.48377493551663914,0.0987830422760042,0.13914546047917234,0.2594652514918872,0.08902465284928847,0.0406443663253927,0.0869302242352102,0.3001327459041317,0.22132242337160016,0.19301293379660123,0.25018985882190264,0.5436116723748308,0.37021170558953537,-0.27424640244847875,-0.17414577105302598,0.26309415219014903,-0.09963488839637104,-0.3352521209340952,0.023045721119958618,0.6856997974719049,0.35348052745038244,0.3901797995055456,0.24861227036766853,0.5355567178656183,0.34928510579463506,0.5892008622504812,0.4619859591515275,0.5711817970056435,0.6245879920785202,0.8843452688727225,0.6853417921925272,0.7344840972175053,0.7659107640804521,0.6316927610939866,0.4687015621606972,0.4332926540303707,0.2579674377387897,0.4957832131262727,0.7048572164488539,0.41548294660450874,0.2797120646624718,0.3148854737567455,0.4727630488136601
Os05g0592800,0.21353579398794156,0.15192620038856777,-0.4470669153821843,-0.3535147741095769,-0.020157901770813516,0.060169967535085564,0.19198320665987215,0.364944686042976,0.1902299606059549,0.5231736623116089,0.06622530129825112,0.2780587756560798,0.25574420380039925,0.26571404779727226,-0.08231462646970883,0.12925664449636787,-0.04331542141009154,-0.3499028558364535,-0.1652789936103787,-0.21116530668409578,-0.05889716668848191,-0.22273814608398523,-0.4139167840864457,-0.30442232248799905,-0.16098676762189265,-0.13527548858536342,-0.18541741228605924,-0.24204891595210137,-0.1647081034923135,-0.3388523187801276,-0.3855500986878326,-0.29917416297117044,-0.16063208371717055,-0.09847224612605372,0.1148311312417098,0.3491226664157518,-0.2171117495151095,-0.3367883433249048,-0.2635474836705306,-0.19799355121320517,-0.10486428566035172,-0.08969772369183554,0.0243431728381081,0.16127863578543733,-0.019863003787687575,0.15977765588240841,0.1537504400561071,0.139905127771664,0.009816337519063684,0.17796336142518104,0.11676607799027865,0.17684000196610752,0.2151407763117143,0.16928473477233555,0.13842324990391625,0.10603768855837865,0.027486796075185286,0.03384745164761518,0.08253754219929302,0.05247489905529967,-0.044551922513256334,0.08125776101695167,-0.11975489563532522,0.037817767240092864,0.0351215223063225,-0.026847578172284645,-0.07395912746624737,-0.14243677283846315,-0.0712741167063486,-0.05517176648448568,-0.004000553053389289,-0.04941070323400058,0.06687976950035632,-0.201056871235293,-0.32394459351974647,-0.018497938448104153,0.047893752172105127,-0.2908184467550195,-0.43689408362796084,-0.25046252196421537,0.299023248641211,0.03614999591202698,-0.17308992662382364,0.06524050321659894,-0.2237898410849271,0.26556537433374844,0.2690311005888489,-0.21154629086602003,-0.08739996062581035,0.3108200370085673,0.7495395135596002,0.5273829351401567,0.5519011724384019,0.43356042351539065,1.0,0.7543820447681796,0.07437227936657496,-0.4311645963183934,-0.31708927145371696,-0.29894190334792886,-0.29493553076731677,-0.23838142890220101,-0.18685991498675408,-0.2110717071696235,-0.3982651329633438,-0.23846123174700928,-0.4600276333163918,-0.26315044292550027,-0.3225892118644568,-0.3447995628993527,-0.4523615330980761,0.33226567041517024,-0.07356337287664924,0.12440117285537623,0.16832793919787647,0.11938225822420362,-0.11215127370573169,-0.1725992807655253,-0.12741160818679576,-0.12090391381530644,-0.2643618444269423,0.05365990721885701,-0.14664785107161182,0.3194367825576398,0.23308491720526858,0.2251153836587384,0.40009651929401874,0.41997667242890535,-0.29947322287973355,-0.056377366974954914,0.015467987920153378,-0.12606562362569734,-0.40704152357662243,0.0021077982770724515,0.07565921351004601,-0.02126028393268658,0.06808537735938004,-0.2506137241459238,0.0935384321441827,0.15562663587733963,0.43671012796692715,0.17049864490452027,0.32077699714618335,0.09488524186814087,0.5020108229173773,0.338413263882844,0.25036472386975295,0.36485510326490717,0.2200827247835808,0.3186258809045095,0.09511892343014164,-0.08698604349874356,0.07748302940077793,0.2968601321215667,0.0709976462232671,-0.16768327052848464,-0.3882474105991363,0.2173715322169442
Os02g0817600,0.11214491254721644,0.23943912385701474,-0.11157239891325425,0.1207547429061527,0.21250970982519785,0.27123238122913096,0.5322387273053658,0.568045391913775,0.45909929130780414,0.638046576763255,0.3522618521286919,0.25565529669300047,0.372409141944173,0.32797551419733095,0.11415713544250665,0.18335075383684307,0.261329370472684,-0.09205933330605645,0.10515589861400107,-0.0622335449145562,0.14961729909302074,-0.07256193568038553,-0.1733336515301906,-0.19125769442505522,-0.14486506113850475,-0.18045228444858039,0.058888810237331064,-0.1652138655890454,-0.10058463689547334,-0.24777980472962668,-0.30358166406016107,-0.2038720939755612,0.07433333482300074,0.2415088869291276,0.28562230144451173,0.5720746832947503,-0.06011754108806812,-0.2778945826286043,-0.23102423017074422,-0.11464984469607704,-0.060851798847574586,0.0604134323634069,0.15793466166505243,0.09395505491234929,0.21212314700405022,0.4793074361840705,0.2507237114198539,0.3839259942515285,0.2775784809102795,0.3859232533477783,0.28631362488928735,0.38433950582335863,0.392448406715,0.3127211016617746,0.3325164502931136,0.2905810151764226,0.2812590434390645,0.26931571224273254,0.26966713424488675,0.2845566214274849,0.0289722309929186,0.19402832368599998,0.0057953096908094125,0.17567417983845993,0.2156914764187768,0.15488868178857898,0.08999642080554647,0.013852674068848266,0.1589273875111363,0.15192161644955984,0.17557330538145116,0.09743964843081276,0.0607255679848751,-0.29300941228513244,-0.46190189212710664,-0.0293871179385997,0.1413377054028995,-0.3530625821004576,-0.5123253563788369,-0.4952821993197482,0.08171763367155631,0.03523530051598277,-0.26174502185409937,0.05392366428483613,-0.21673368533507753,-0.0314624585136693,0.08959254911721852,-0.5289788374629287,-0.0693239983825016,0.2943589591452817,0.7544534739282764,0.6945385930811057,0.6051563174349709,0.4346649137136467,0.7543820447681796,1.0,-0.15929342979088587,-0.5930531532358781,-0.42977418518140675,-0.3681432299433847,-0.34924453904857566,-0.3132499399776806,-0.3401767087494268,-0.2083288909020889,-0.3280431911469796,-0.3189482910252112,-0.5293657898824207,-0.24512036702636375,-0.1805469507607659,-0.16727391125616725,-0.31589252447196403,0.25659827486649817,-0.0848268594404986,-0.02460055946909471,0.040466285773024045,-0.061585978482853174,-0.11083766997560633,-0.16918037846480383,-0.026825410889090174,-0.271926508809923,-0.25127841060436046,0.1116865562398197,0.03364322008365886,0.14829565503874928,0.12656751812874822,0.1525138689908299,0.3348680759965949,0.40199430255345003,-0.3274191182259923,0.3816426167563911,0.2866598573847786,0.17814037018117074,-0.42960969208749283,-0.3391379090783448,0.007870647620244675,-0.12163938924944027,-0.1342234160064212,-0.4601909399638779,-0.11449746093160504,0.03307566106750599,0.09777455477511621,-0.08674908004616701,0.02089867124127029,0.018401213477860907,0.3421858341245187,0.1382414903303483,0.14300583709257492,0.2625790300552389,-0.041524693395582395,-0.0807497002717086,-0.2419036425875572,-0.4438701458395356,0.0986918654963801,0.4486714662714991,0.26303563295601795,-0.16166825923114955,-0.46501079761866587,-0.08682292394153139
Os09g0325700,-0.22837681793366396,-0.6621414619104944,-0.3870741684498104,-0.5105003139617003,-0.4024507621593975,-0.6856434867146031,-0.4457441876714278,-0.4136613207310341,-0.5844584038022769,-0.6052159401647009,-0.3521455375839199,-0.5101861935862241,-0.5516143638954016,-0.6253714830137709,-0.3964978269502321,-0.5743877536461692,-0.30174672047049106,-0.3889087443060629,-0.200483225302472,-0.29237914735162857,-0.4095594801170928,-0.21315573034955032,-0.17497694289741675,-0.2100299713257988,-0.06568251348528062,0.1585844312095978,-0.3030859848505411,-0.07998461273539058,-0.1163851136853147,0.0049662183240598125,0.040604558123430105,0.12545313948861714,-0.5117146070242438,-0.6960322822275661,-0.521842273440008,-0.6051454953116279,-0.47566472933570897,-0.4376531663345431,-0.22192034931419347,-0.48596572795348936,-0.45243306954780915,-0.4234171781166263,-0.39404000492163804,-0.33313873486132206,-0.6452987721238826,-0.7450811072555374,-0.5547174260923702,-0.5941698451168097,-0.6610284148668569,-0.6933843216437904,-0.7117226761052703,-0.6793244964341095,-0.6163987476519339,-0.5399786929816797,-0.6202304088024979,-0.6224191316537068,-0.6378421831122414,-0.6213952785189261,-0.6258986222547711,-0.6709225807111284,-0.4824652691068248,-0.4224736417511306,-0.30700638060000524,-0.5301665678822344,-0.5306049097053783,-0.5210728905842139,-0.5036663956459729,-0.44059104006605104,-0.5090974213596616,-0.5139127747268123,-0.5493631275042631,-0.3914074227044927,-0.22464822627787012,0.2207759882506534,-0.03315117212581443,0.32549270538442104,-0.05153598980184268,-0.04219286248848591,0.4114213120748795,0.41561674830593015,0.22530266456949183,-0.1510765265012296,-0.16866052706321605,-0.42069361103824743,-0.5808164235779911,0.2897301086181803,-0.05598621214373525,0.0444193829676015,0.17688885650319988,0.22146146462817431,-0.1677949229648268,-0.243546194960557,-0.36426611507643714,-0.0684257173230246,0.07437227936657496,-0.15929342979088587,1.0,0.7238424487937039,0.7720364651875705,0.7605445908580208,0.6698846163704034,0.73369190171288,0.4368464386711669,0.5517199167883547,0.4278538154394765,0.6177155683807783,0.6459995017572885,0.5472209031173421,0.26866504728742846,0.27651354527777483,0.341673321788896,0.5635041113610859,0.549216645360827,0.6761960119360042,0.6312161159228505,0.618963588666555,0.5879788180785933,0.6354742762544696,0.5197569902288505,0.799494636027243,0.5994990037361386,0.7371325844887058,0.42773999073036345,0.6668549183637869,0.6088565668169612,0.5995648776996869,0.40274481771049997,0.388917799778065,0.03173149713472303,-0.1347265084765178,0.22481107802501607,0.09366032835237618,0.11852711438977749,0.6391827150836753,0.381063844917698,0.5194628474940494,0.5263201366613841,0.659078204221113,0.6490313949998454,0.3527611361939244,0.4146879139634173,0.5382030624482712,0.5337597580769823,0.2557635919010795,0.2972075589820013,0.5067308857990458,0.38065787327333317,0.28920637335616173,0.3414545209401659,0.47086117250759185,0.5650802301726008,0.4859705509859022,0.13254337802491714,0.10803874425729067,0.1892180717474794,-0.008482138605509266,0.33336072312843906,0.20270088517441706
Os01g0741900,-0.1482427895371887,-0.520699376333308,0.019013888542592904,-0.28297893168919686,-0.3167095459867289,-0.577269434765513,-0.42465833912809375,-0.60888930759921,-0.7132170978845199,-0.8112858871728804,-0.3720428326121612,-0.4802441384421579,-0.4961479470634546,-0.619610045921894,-0.2556341471274202,-0.5239315775545983,-0.0071698929478013675,0.007574303158165073,-0.05242941655057057,0.01557236884287327,-0.19124319642326643,0.0905642941511185,0.13644043483233925,0.20034584380447001,0.10068662950976462,0.33901487263071234,-0.043909429485912345,0.2292472779417654,0.1220807530861592,0.23646121519820568,0.3028652743950728,0.43157355865239333,-0.26932485411692597,-0.3891414097288672,-0.43263511267408933,-0.649922456211685,-0.18244672711729307,-0.08439864598490526,0.11663510891072743,-0.2249935664323474,-0.20610457411125288,-0.18818418264550396,-0.2906509841402915,-0.2441826320553736,-0.5539130813414601,-0.6718190712153521,-0.37869516816021814,-0.49243894445788733,-0.44461823540063417,-0.6360314901749595,-0.5930136768176639,-0.6206432869542429,-0.5743327172886322,-0.4961262843057636,-0.5317336267045559,-0.444589931243947,-0.4441074014373674,-0.4557427272090216,-0.4641908124137264,-0.5098467230692286,-0.3163321064819759,-0.28180113687434627,-0.11845833909110383,-0.39808382694294225,-0.34854985988469717,-0.28949838471319994,-0.25947773247256795,-0.15154134035467423,-0.3132104367460187,-0.305533261398069,-0.36383197459218364,-0.21214525184433147,-0.13394184329469397,0.31169361080952196,0.001465150581021979,0.25441436621545094,-0.053430646310749015,0.32931101445635563,0.6106482542470085,0.5762446497698411,0.09778316105839154,-0.05688100344550486,-0.11782843914988579,-0.17807286564353497,-0.3781295903487374,0.21799664223463325,-0.11789478691590907,0.3713204268753871,0.1431694109824895,0.03712832082796548,-0.6156351391783718,-0.6785749172888487,-0.7754466567430123,-0.4903077137087713,-0.4311645963183934,-0.5930531532358781,0.7238424487937039,1.0,0.8454225793115036,0.8872056093495024,0.7582595268947644,0.74692561366822,0.48696270335815345,0.5292670855724908,0.5170765490671457,0.6507976898462252,0.7150589371255446,0.5291413479595408,0.33899472552376525,0.5041058867789259,0.59469312991617,0.08510465814847186,0.4295505880607995,0.42555382803879943,0.34158762981065843,0.3245653995712709,0.4225662180682963,0.5165416315207602,0.3205632486142623,0.7290535572364525,0.6121480603793827,0.5547715739045503,0.4170661017653821,0.17563226847431648,0.24653400680401139,0.2005934879004244,-0.0508859845221683,0.02029586055277095,0.36042418476556015,-0.07861324190630492,0.09047729026661958,0.2087267231577775,0.47325818620213944,0.6295442523713809,0.13301116774925253,0.5103773697723699,0.49640224299826113,0.622668801661486,0.3936902147659749,0.2898604810282353,0.09719224778191123,0.4186941585354187,0.2767343297078641,0.16562482986107568,-0.1401877705360833,0.15179673817342612,0.09456564040993275,0.028964370280162362,0.023644028965466496,0.08287268084619817,0.20209826766895583,0.3479294435271989,0.15123154618832615,-0.12875097962062265,0.11697970767310366,0.16003334140906492,0.4818508115409618,0.11324664307719509
Os03g0283100,-0.04037588558684988,-0.5092316427619666,-0.26170830298842446,-0.5211727169722395,-0.6304117022930654,-0.8335659950209316,-0.5463671291550174,-0.6384707589404381,-0.6300602238157603,-0.7779151475270794,-0.5045476148271318,-0.6746894096014175,-0.6730036958418284,-0.8444477492122477,-0.06652945095281339,-0.4906151450428463,-0.06552782748239364,0.028248162805740794,0.095211588311445,0.09279678064438106,-0.14785296990557584,-0.012470992674471939,0.07601557424424565,0.018042584740341757,0.24242971221026835,0.38800183710686936,0.020522857696828985,0.22732767337778642,0.14333782817514795,0.29394043920460966,0.4193981996228979,0.5134578344397877,-0.32110124218051633,-0.4135175532236832,-0.28125345713995,-0.4542582609175803,-0.2521395362974097,-0.16454236817547685,-0.10135752100617747,-0.46928285836820166,-0.4550393857956874,-0.15756238110515935,-0.32856280155343215,-0.30699477571646067,-0.5519759291245132,-0.7618138218328251,-0.5596183561988881,-0.5564465853990179,-0.466590113433242,-0.7298633153077857,-0.6516125139663411,-0.6623953238191681,-0.5984355444897148,-0.5550206233452345,-0.6075742755637222,-0.5080889799884569,-0.5619800081953416,-0.5661628644051387,-0.5670894647824493,-0.5979510206425154,-0.3968552797606662,-0.2668727010661007,-0.1458693770351609,-0.3444674908556035,-0.35540516450151965,-0.3087196593071183,-0.3928641521508943,-0.30956934382690515,-0.3985514119725445,-0.3492574026575221,-0.43030099690635243,-0.26303689253329104,-0.047830915117195956,0.17147002694208469,0.06617790293722917,0.5917270727612677,0.29536527312205213,0.3980444363652284,0.7335827043212669,0.6387665755390455,-0.14611170177156432,-0.2149116627937209,-0.39084326819892906,-0.6239864495725549,-0.6948703980747992,-0.05951599062147104,-0.4573413217626269,0.17401601784370976,0.018679918111916584,0.08712981716729029,-0.5485976942141855,-0.5981729750831151,-0.7450292073583461,-0.4453401148903453,-0.31708927145371696,-0.42977418518140675,0.7720364651875705,0.8454225793115036,1.0,0.8558946479394604,0.8792904456128384,0.9068517777109414,0.579012601167157,0.7167862167119445,0.7050548800640529,0.8840697957674085,0.8539843145964692,0.7796209565429353,0.47282964338562744,0.5548904011596337,0.7063953491474915,0.2736490769283992,0.46402770595869863,0.6078796346515272,0.3957896841796516,0.47040577707537284,0.700929939439928,0.6497025373556841,0.5381825897469902,0.7077542304364672,0.6398935835140783,0.5156597675591489,0.306307890857613,0.3460582078716237,0.5217721975566235,0.5164864612402092,0.2026407060500538,0.32522865652114635,0.15744428142493985,-0.025039472969423937,0.16967170705729429,0.27994321203367145,0.4406153161418225,0.6379980413490842,-0.020688893063073803,0.25232231816121053,0.3851360234629229,0.5632783349102573,0.34424336543311573,0.38514793997066166,0.033762064970454655,0.29845203279642885,0.23725345347929308,0.012170561106387905,-0.10911741447361108,0.26449517810234446,0.13907625272614405,0.05962175323293825,0.06808138869963984,0.19354725896213013,0.37943739990904124,0.43625806640929565,0.0657609305980713,-0.07088128500720428,0.09454459453260025,0.2031726505170397,0.3319876084100001,0.08888192103624422
Os09g0451400,-0.2987515164112712,-0.5338570270103988,-0.032881310028846845,-0.3633937776818182,-0.4939006144534419,-0.7063005760675449,-0.40475201537555644,-0.6422370919223466,-0.6121336218304304,-0.8146328412248858,-0.4782450335623522,-0.6532971996382395,-0.6560081574305164,-0.7641998114402694,-0.1878344658172375,-0.4114447883840801,-0.027020849989506726,-0.015401950319176462,0.057607082444881504,-0.007314132998279854,-0.1849781360883452,-0.07285784902466695,0.061567410311895866,0.028272574329486,-0.030237845241799028,0.15500276616470368,-0.13927439154077942,0.06660412399839531,-0.03394878596049517,0.2052849430432833,0.18382865681001806,0.4074920179672779,-0.17188279034828294,-0.3592090334595258,-0.4138848499120056,-0.49955028901840215,-0.378697540901546,-0.358886554629154,-0.20511452191140725,-0.5013377248698145,-0.4270965023789018,-0.3376324413234522,-0.462627422736054,-0.44732945682067093,-0.6531024903421138,-0.6596900420317123,-0.4721735640192362,-0.5037501998749718,-0.4738354299875221,-0.7044172635916275,-0.7053149221732681,-0.7024385302335449,-0.6173986464857517,-0.5956652848618008,-0.6324123054912612,-0.5577119695860503,-0.5327081471012394,-0.5712016916227587,-0.5828698478790344,-0.6062909905413049,-0.5091096294699635,-0.354690294666358,-0.23956397215324146,-0.45935198048233594,-0.42547336037781647,-0.34858322371366957,-0.4164021152313908,-0.32840779194505937,-0.4482128352583057,-0.4441798310982858,-0.48053392050784677,-0.3563685973801668,-0.08690850606070462,0.25217901760313427,-0.15883109930962058,0.38130153445229087,0.09598516627011838,0.31977761179148323,0.5973866641024455,0.3916035620925179,0.20656161571852175,-0.12364701002366559,-0.17689311122734544,-0.3580757733241709,-0.5844841934670445,-0.008796657375731688,-0.30484004920250424,0.06531321399259164,-0.09422004590485243,0.22728682617968116,-0.4426506131165128,-0.39591695893367823,-0.7083981053973456,-0.34950822071941906,-0.29894190334792886,-0.3681432299433847,0.7605445908580208,0.8872056093495024,0.8558946479394604,1.0,0.920905712830495,0.8776022778005658,0.6107922069582618,0.6733515076684223,0.6750610362463466,0.7618098894335087,0.6988246187597168,0.6735322880809529,0.51082883467816,0.7308996201899903,0.7450162273340282,0.27697231725346605,0.5912520404707305,0.6069914785290712,0.4967926612787983,0.5241583406374841,0.6555657996183425,0.7109091261163859,0.5694192806685505,0.8027006757487971,0.7535852942910725,0.764218067982608,0.5241314357222885,0.3462487456202313,0.3670304689783647,0.2945429185054772,0.2577909560498232,0.2988472882178878,0.5131158002800636,0.25200072117241945,0.4041848839964981,0.5198322721259651,0.2002039776893193,0.47726385679083594,0.17571897761389418,0.5286642192551757,0.5045517132382671,0.6010482509232355,0.39426028158774595,0.3460554937728722,-0.015435068398745588,0.3567093205127564,0.22461325276187177,0.09565674775668252,-0.038472389564322855,0.2785516821439826,0.16991728924050747,0.13751032840801125,0.16801241907678274,-0.013616122226925443,0.26302491392930494,0.3019174219964253,0.3169889407034715,0.13238777952631625,0.33717066589791417,0.12233509351760946,0.4560637979763862,0.1587777656175441
Os06g0216300,-0.271815902631827,-0.3941507939044124,-0.25931920810092746,-0.48543450123437726,-0.6929631618776892,-0.8705111442218212,-0.550601556875743,-0.6702423645025416,-0.6182979030099534,-0.8040813927268191,-0.5573184954529901,-0.7234796193781602,-0.7720035126747168,-0.8609384671800442,-0.09433644175557962,-0.3541748302284751,-0.15601548237538174,-0.019519617980691805,0.05899504173209621,0.027051442821061325,-0.20373622150586151,-0.16572954414530688,-0.0012890799424479446,-0.059834723458346784,-0.02757753832315488,0.07342257227910123,-0.08620416066199062,0.021477616154417664,-0.03476226612575304,0.22104090710782015,0.24124295935167078,0.45531940997510334,-0.19157050332278577,-0.3461392710157335,-0.29215801851335144,-0.4052405488214152,-0.417573886793719,-0.3839503469354187,-0.3427337187275307,-0.6332093564488538,-0.5765096996424951,-0.3692557605434682,-0.5629308987717043,-0.5480836946752389,-0.6930527426788942,-0.7071977663136186,-0.5798235064944687,-0.5388908291084918,-0.45387189743260115,-0.7680633223007105,-0.710159647271143,-0.7195300687232958,-0.6216765966442628,-0.6547046377861059,-0.6813876858731662,-0.6108484662102294,-0.6029519369678183,-0.6358023691088138,-0.6306693725903666,-0.6561576024891275,-0.5143785438079588,-0.41069709858049436,-0.31222169744179795,-0.4507564310009358,-0.43204376995790117,-0.39130309472451025,-0.48962580686240736,-0.4247720419967833,-0.5228281918483929,-0.511459205398879,-0.5288142336461162,-0.4040391025031546,-0.06992811888470292,0.015488679395704736,-0.16848958136411823,0.5473234065357546,0.25999572680402067,0.3394729559674048,0.6190297495704488,0.3863341156311879,-0.021523618829984676,-0.3298545233287984,-0.24111032568466387,-0.4714342396966685,-0.6661843589399402,-0.18418024469739527,-0.46532023694106905,0.016752224055535062,-0.24339320229935138,0.3177253614702972,-0.4720369990471961,-0.39421540369957786,-0.6925570717733324,-0.3226177039059717,-0.29493553076731677,-0.34924453904857566,0.6698846163704034,0.7582595268947644,0.8792904456128384,0.920905712830495,1.0,0.9766725491990985,0.7159142820780734,0.7553436682570612,0.7921784881435665,0.8378169380053719,0.7580631517359898,0.7684556566734055,0.5137255320382801,0.7306753127901864,0.7831928325197652,0.3385930625164835,0.5925976498270484,0.6738520880410085,0.5072223791362107,0.6206319426537636,0.7831870523883693,0.7257630580212392,0.6671874073270969,0.7675685852130512,0.7814917151415048,0.6432210745276428,0.4653715389901244,0.2674281396061201,0.4172658073648909,0.43236567684136235,0.35952317132838946,0.3951759957718045,0.4529480999276167,0.2510833990425451,0.3802027563014377,0.5458927725192275,0.2763929310321313,0.46570435986099085,0.08185324002058535,0.34475083549803626,0.4615982454972985,0.593103291894844,0.3572574795458598,0.43727174141840125,-0.08911984041559835,0.2795230085640614,0.15981245992495954,0.06981570359203897,-0.022015488419140267,0.3352811351507538,0.20662932361269903,0.16292604665493315,0.13157483350805285,0.055563177561103516,0.36229949105119164,0.4239632193904085,0.30610664315330144,0.10830990794767315,0.31818923108838054,0.22413035694183883,0.36357895883958596,0.1469436313628689
Os09g0518200,-0.28269680190139457,-0.45331252721426457,-0.3965892698020199,-0.5061092105443021,-0.6916714460739165,-0.9185010426632982,-0.556452159558199,-0.6410921337711729,-0.6799661771750092,-0.8015179561325468,-0.590665052384117,-0.7359155219974689,-0.8134180185124897,-0.9024449709652704,-0.13612349865153778,-0.43906504805853175,-0.2222553818693756,-0.10908362081763169,-0.05259816703139351,-0.07291865787120669,-0.32107948496416233,-0.19696958931523928,-0.09260864373794966,-0.1404411116128466,-0.029959443269174057,0.09429355429207883,-0.13341436829607467,-0.025478341744469057,-0.07782363923990535,0.1643671547870406,0.201981032982302,0.397534333099623,-0.32949981215281177,-0.4650270508311547,-0.33447944561585075,-0.45573802631797505,-0.49504104886367795,-0.4254157312051326,-0.37346449368290857,-0.6771085644182455,-0.6596026216989864,-0.4110101013274889,-0.5605740398234131,-0.5820275952088816,-0.7519980713606153,-0.7869897467979897,-0.6651976794932368,-0.6283714603968117,-0.5448874662927077,-0.8363721781116257,-0.7700810882070728,-0.7645876481777615,-0.6869095653057742,-0.7132241877150796,-0.7413823122707025,-0.67917877845204,-0.6881049267200339,-0.7011339190681304,-0.7010627105273081,-0.7302985857616414,-0.5550246051766196,-0.46246517683702204,-0.3795672879126255,-0.5240734388917414,-0.5071532416076667,-0.4885701335715881,-0.5657861963590425,-0.5061629594250149,-0.588722666262092,-0.5772889364422288,-0.5973228330904967,-0.4603533122633952,-0.0998755373401333,-0.03693843823285257,-0.1262567287837037,0.6074136564993325,0.2390623528397949,0.253759028925384,0.586255122559707,0.4127175096600377,-0.09465506078636007,-0.4184649842825168,-0.22301195076405375,-0.49744552510097895,-0.6991634524730215,-0.13573847648326062,-0.46922439510601904,-0.018513975100163244,-0.21258822466955776,0.2840923714695661,-0.44768560701948507,-0.3992643418173073,-0.6275785407273883,-0.2574813431490539,-0.23838142890220101,-0.3132499399776806,0.73369190171288,0.74692561366822,0.9068517777109414,0.8776022778005658,0.9766725491990985,1.0,0.7477140023223934,0.8058395891727425,0.8021825418173248,0.875353230904837,0.8169399660080966,0.7937257178198315,0.5086520545568998,0.6382075737719012,0.7172085319768329,0.45589257115141213,0.6498498941982179,0.7592856967691661,0.5960083730439495,0.6899498733175653,0.8386200142616278,0.7700706107911311,0.7305526694972853,0.8251715635000421,0.8191494581304758,0.657427111453565,0.517423860943015,0.3510911801845043,0.5441973293217411,0.5850129351880987,0.4263861783991652,0.47597483141275876,0.29993297819632586,0.1287316483993849,0.38564559751946037,0.4894906774316804,0.3539256438462518,0.5831688671928118,0.13467467549780174,0.36764147763476457,0.5272808412561723,0.664963589346496,0.4718719786703471,0.5076039662616654,0.03296781787721648,0.34547113546222186,0.2558036541787773,0.1322494313289815,0.08242367781716833,0.4339666219738789,0.30511778165103665,0.24030811391445386,0.13938047701197892,0.18317925416365224,0.4556159628768125,0.5434846761630946,0.259555836733803,0.13392302936746017,0.29028774610790664,0.26169129792056256,0.3751624658690823,0.20487753184846966
Os09g0286600,-0.5071574636559758,-0.35931621324982194,-0.4919829512776637,-0.3569867376509053,-0.5159495777960288,-0.7727001092331296,-0.4329574231155144,-0.7560259854178761,-0.7581996278932635,-0.7197170446532372,-0.9000844086144849,-0.7789638256557802,-0.9349135857022987,-0.8689896206822081,0.08605440038427803,-0.054747044610827786,-0.23830222910235094,-0.11178122039724406,-0.24667653688183824,-0.25042511182802923,-0.5312076942369308,-0.21475653746638573,-0.27929424283625737,-0.31784704084608295,-0.2260504333253853,-0.1627149311274526,-0.43577563459876306,-0.35727358191356573,-0.4839081064947983,-0.04470088467179477,-0.1293985205393793,0.038895048049111126,-0.18888141693525404,-0.5490843706233243,-0.5139797796111297,-0.5088451198013002,-0.6847608287574067,-0.5037352319773092,-0.6443547842779542,-0.7686769801787906,-0.760956987355108,-0.48152353040724744,-0.5387332144887118,-0.7313524861317953,-0.7266446743377234,-0.7764709469939672,-0.7367899006872448,-0.7676637679468649,-0.6673111753300109,-0.896151951494136,-0.7988104096135773,-0.7685660093690905,-0.7847207972022651,-0.8560536515363641,-0.8664592071479388,-0.8164953522610794,-0.8068203966896682,-0.8262323741222695,-0.810564708008032,-0.7942544455959208,-0.6740831291284208,-0.5702782479965409,-0.5828073075455822,-0.6288522143236667,-0.6823357831215372,-0.6483269524093624,-0.7052234936118318,-0.6842900578414541,-0.7832772387196313,-0.7360563000949077,-0.752067902310248,-0.729768241115444,-0.1424424265505481,-0.23073738902263663,-0.0813775286827028,0.4864650215402135,0.0001215017663105892,0.1692425265473687,0.3598956294665304,0.2098860990387468,0.10044231618958774,-0.4587075749177387,0.1153363107706357,-0.2893956649548062,-0.4169652457279161,-0.4166207621428518,-0.589919081375267,-0.3049716075177322,-0.5432550789351318,0.08103868291850719,-0.40096706359613643,-0.12623961234533002,-0.36349193576601113,-0.045218357431145384,-0.18685991498675408,-0.3401767087494268,0.4368464386711669,0.48696270335815345,0.579012601167157,0.6107922069582618,0.7159142820780734,0.7477140023223934,1.0,0.8576814209715419,0.8681653878856024,0.7963244749257256,0.6481902604828653,0.6821902003943542,0.5950631261674856,0.6167201965218841,0.6074555091273589,0.5437087162525048,0.7390858234773828,0.7532415034895412,0.6679741341866655,0.7198660374037762,0.8079158055473915,0.7859596180876675,0.7593134143949893,0.7401324936932508,0.896427633721657,0.5605492587576113,0.5821690361445626,0.35589953621314413,0.361803745572116,0.47364323155202,0.6212671155831998,0.6003909747598164,0.5192294686605575,0.07112732841476413,0.5425427411210277,0.5996239925353133,0.2632703611901401,0.4704157990971933,0.28342203660258763,0.288803777620994,0.5236134798262362,0.6420031903550162,0.5295840420702429,0.2962841957355425,-0.03959155797803583,0.15531103895612633,0.15808069454194168,0.09164322514385848,0.20466006854384444,0.46987618951347454,0.33568028312005305,0.29272089901533344,0.14541849451601177,0.06648264653136217,0.39921306156160186,0.6304082410704877,0.18401701636923862,0.35100087106187594,0.47876188066951386,0.40878776157307434,0.5961014666704831,0.6683619367682354
Os03g0225900,-0.3843097103584844,-0.41880400833682857,-0.37779148630662945,-0.4056274483618063,-0.5176091891134524,-0.7642416065141344,-0.24367927373746132,-0.5216120777246334,-0.5287811001951636,-0.7478711252833256,-0.7261728085835398,-0.8038240432532746,-0.8752789157379433,-0.8907949320240997,0.16392899173961484,-0.0738555315151087,0.016301649465465876,0.0731881971953211,0.039590541201583083,-0.07076422191435026,-0.31598198081907,0.08128691047061219,-0.019865838415177653,-0.1372398282359662,0.07765863017428822,0.14192605340383163,-0.15545494201952217,-0.08147354545630073,-0.2022484341715611,0.20652508408456316,0.1157004246260869,0.29745931450836216,-0.19640419373739776,-0.48774703151676085,-0.24937609527299326,-0.3231539963486027,-0.5351411963638785,-0.4357342551697075,-0.43742987129355815,-0.6434669134987805,-0.6527790555792854,-0.2809765222251794,-0.28262512908191095,-0.5333790627464713,-0.5749362776950612,-0.6969594780326142,-0.5967139405387758,-0.6082430941759377,-0.5201593901677634,-0.7829761348405198,-0.7146323117463533,-0.6340055394479613,-0.6228586205535732,-0.6846428002107939,-0.6980039571798692,-0.6549888789885532,-0.653316965693498,-0.6478957277796893,-0.6595886727833675,-0.6325117862688475,-0.49558479853244825,-0.3023878498153712,-0.32024129862371026,-0.4428634157675567,-0.46891798707027943,-0.4313981688692668,-0.580811238021069,-0.5005366131344066,-0.5330250739384862,-0.4942404616797402,-0.5581743547501063,-0.4800046433201726,-0.17673095960962737,-0.2053689888378796,0.12819290818997345,0.6829739936059049,0.3114719327499116,0.22927158031598796,0.6140314242930766,0.38774999720520964,0.04000546202589157,-0.26682873581264627,-0.1649619757976927,-0.5244231291786222,-0.7018673719171077,-0.42355883128694477,-0.7572020637486135,-0.28978289433418525,-0.2472108538434215,0.04782993755702999,-0.4408251242901912,-0.17016044625162854,-0.48638036836794984,-0.19717972502701325,-0.2110717071696235,-0.2083288909020889,0.5517199167883547,0.5292670855724908,0.7167862167119445,0.6733515076684223,0.7553436682570612,0.8058395891727425,0.8576814209715419,1.0,0.8375194875217492,0.8548976762700958,0.7825030260247635,0.8701850745916041,0.702219459484952,0.6913228555563133,0.7033199525543523,0.47111459308740156,0.6295058505956024,0.6892653079953716,0.5559502831835431,0.5882466904098322,0.7974885607673423,0.7716515335765006,0.8065530463865834,0.7027030893692391,0.843915375131137,0.6426058357491776,0.5777869076367057,0.5480998916961414,0.5436093857544786,0.6691058325488346,0.6277540797803408,0.6994654481610665,0.3456382250290438,0.2196256433835131,0.6642411907355644,0.6656786411703575,0.14198753826784088,0.3662534279650095,0.03518499289019011,0.2228910152285573,0.31426753313258565,0.4773461132055652,0.39628784163742004,0.24788856616237204,-0.06507760535982011,0.049184531306080845,0.034466758773532204,-0.11935705323411432,0.05342778236827753,0.3378194335605533,0.16369676107976336,0.10426092749068888,0.13251063971864668,0.038818004725949394,0.27699047638211083,0.5177237232237496,-0.0886722637762328,0.20400394554845,0.31221083631364516,0.26530873553362344,0.3838598106636975,0.36540743386466334
Os12g0586100,-0.5178389193650652,-0.47202546133829826,-0.25513716672510683,-0.2518905166790548,-0.46191951690556055,-0.7352187332542228,-0.4608756712073653,-0.7120462079251344,-0.6580396543078129,-0.7851548857754316,-0.7712614643213335,-0.8769348598561544,-0.9003005964204344,-0.9067560731187023,0.3077254436383545,-0.07528887726922705,-0.09176538075465047,0.11893859783845973,0.06930840560924348,0.024044529771530314,-0.2758894351940929,-0.09589603914641347,0.01765088256781348,-0.12840676771678947,0.009841560742666356,0.030268740330537874,-0.15722081137757088,-0.08798479830523816,-0.2574115799604239,0.23702805011730213,0.17375459138530217,0.28961665177301904,0.042743813636741415,-0.28124293697316477,-0.43050700264874114,-0.4039192440868234,-0.4703028876751425,-0.3496644495130915,-0.5515694956581714,-0.6590431064147813,-0.7111853933457677,-0.24056004283746593,-0.3850189076868691,-0.6400838025754613,-0.51754486730285,-0.6256556740324952,-0.6752053957771228,-0.5856961075031546,-0.4656292869722469,-0.7822205278858922,-0.6745339273946038,-0.6475835163517987,-0.6610400052730422,-0.7117349256788116,-0.7305665227134098,-0.6527553419073957,-0.6345529379812304,-0.6563624841813486,-0.6675675667450477,-0.6430431626261381,-0.55497635542885,-0.3934167741633187,-0.33302421093508644,-0.4075910982193093,-0.4944329697042835,-0.4333576552714903,-0.5133675436943685,-0.4962677961550604,-0.5986618153672478,-0.5288327814169337,-0.5503864632265102,-0.5126727873055459,0.08701738487573568,-0.030499047852095503,-0.0428078840468392,0.6506255402901653,0.1926163953282644,0.38102160004314023,0.5289934222354506,0.33825782715462305,-0.20431675596492574,-0.5067553006166805,-0.12544866942349445,-0.5374373575008663,-0.48087245978894017,-0.5937515996823811,-0.7588487440183235,-0.37244158990318144,-0.5345482661379991,-0.08141354352244061,-0.5716937897655625,-0.2596586540880386,-0.5304959975508847,-0.2633497174617775,-0.3982651329633438,-0.3280431911469796,0.4278538154394765,0.5170765490671457,0.7050548800640529,0.6750610362463466,0.7921784881435665,0.8021825418173248,0.8681653878856024,0.8375194875217492,1.0,0.8946599456058909,0.7896174898755882,0.8533761987691503,0.7918135560863836,0.787254629766588,0.8492707469566372,0.4540315206895241,0.6762329244559462,0.6546264327452002,0.5054015969834135,0.563321671901669,0.8670663722289209,0.8254201861649962,0.7822861135377759,0.6607843441424318,0.848870338707795,0.5623561488666539,0.505750657708049,0.29050450905732567,0.3838408565564838,0.3687492789039911,0.45579396641857367,0.46571804289730634,0.4514746547055184,0.29878907208453115,0.5182584271507414,0.6542644437179633,0.31802644590120827,0.34094240765811934,0.14109769487395551,0.1145215603104129,0.3078508609260302,0.5232453976616585,0.30349260651778504,0.12649580226521526,-0.35263630559278936,-0.07912254514586153,-0.09379096833746074,-0.12589845836690644,-0.09089235797575715,0.21646717148126554,0.11247589485919422,0.051775345201029804,-0.09404427722508443,-0.18556523214956325,0.3094281993719225,0.41189019511686176,0.11194638270134313,0.2519124479416039,0.418683074003076,0.3519903296283251,0.48246905702880566,0.3737270321237993
Os03g0284100,-0.26192145096304115,-0.5755305498709964,-0.3444164902459222,-0.474906199582813,-0.6072386269977654,-0.8324774760031155,-0.49388280407431245,-0.6914549419836762,-0.658183944196264,-0.7841267388459643,-0.7909880602429578,-0.8539624487736877,-0.8649765469410919,-0.9646986784736266,0.17571244604228056,-0.2813528013092904,-0.037466605602107364,0.040030239228761866,0.0455123640964186,0.007086716403983528,-0.27307087834731447,-0.08691524195274566,-0.061667218346794714,-0.15576116637312698,0.15865248460694154,0.25333667018847195,-0.14951422876261486,0.03195084861208631,-0.13191970986335363,0.2276766088779293,0.22063887745732244,0.35725308419386437,-0.19194860582420217,-0.4035651363789276,-0.37415686731345704,-0.3813549759308462,-0.4813792329198085,-0.36129739323737203,-0.43242582109365085,-0.663886804701789,-0.710537651670634,-0.21990299646794426,-0.3463129938980313,-0.4926506582842079,-0.587261190706335,-0.7526194782313141,-0.6724343802661438,-0.6480794627030284,-0.5432648989701542,-0.8188738984447392,-0.7426293984198244,-0.7178904152073702,-0.6984046633746238,-0.7080460879591701,-0.743953712058717,-0.6284408656455723,-0.6861262972414733,-0.6883222186373326,-0.6986333354082189,-0.6959757304325231,-0.5769343959170504,-0.3137120594991233,-0.2969898747349818,-0.41332527805031194,-0.4902538339846101,-0.41372807205317796,-0.5632812457093104,-0.5117249999323106,-0.5899564202384774,-0.502623797734234,-0.5560926942191348,-0.467010480734211,0.12042059370417733,0.11974804929826714,0.06223189948193676,0.7445479578106253,0.3124113800094019,0.4318303071392893,0.6387133394567324,0.514996906388393,-0.17387315555979016,-0.41983326824480993,-0.2630680841086337,-0.6901000352813162,-0.6984803063010447,-0.366435912450214,-0.7085862685069861,-0.19351948235663333,-0.34684994341412567,-0.07014430664203437,-0.49186778173708523,-0.38611797398126985,-0.5900564535092894,-0.2967667000421582,-0.23846123174700928,-0.3189482910252112,0.6177155683807783,0.6507976898462252,0.8840697957674085,0.7618098894335087,0.8378169380053719,0.875353230904837,0.7963244749257256,0.8548976762700958,0.8946599456058909,1.0,0.8505147200655371,0.887114880658132,0.7301276291928578,0.6768601838837697,0.7877404817076488,0.46936852110846733,0.656500931273647,0.7570081912205869,0.541793619162529,0.5964956362480781,0.8836167755770836,0.8347732292961815,0.7514398075430937,0.734309868041923,0.7779000242807577,0.5686479531206877,0.4211207499154621,0.45625890563384,0.627264212920975,0.5335515738541211,0.4620231449621356,0.5674489505664004,0.24950037615323956,0.10638210064840244,0.43107362619327244,0.516799454884423,0.3468846120720491,0.5784273007750249,0.045315331283058445,0.2109209067281234,0.40459479070262083,0.5618288231619509,0.367271153066291,0.3310316850211598,-0.08531067673567976,0.1332968396966872,0.1322838415307424,-0.10698623456824728,-0.026698875699211342,0.32853230800231803,0.1767484620627036,0.1330910264098476,0.0690934504982827,0.039370846662660795,0.427211610419205,0.5068827545848533,0.08908073467271785,0.19324180665586033,0.23994000562540768,0.35468124626005815,0.44211402041842796,0.3878239330550406
Os02g0799000,-0.38881124294837505,-0.6583555656079285,-0.21379296695485764,-0.4156369836432142,-0.41381500897461526,-0.7011001874351841,-0.5072477166318131,-0.48728768170646436,-0.629075277503874,-0.9136129138118217,-0.5983536061488987,-0.7079767218491438,-0.7740605846200398,-0.8091098671110122,0.09147326627218864,-0.31308063234766287,-0.15801095719328972,0.08831999918142462,0.043626159704255534,0.06358463751276068,-0.24531144731929705,0.12071077588539103,0.18308237803392413,0.09953670610039983,0.3186694942133248,0.420232861452068,0.029819310309206107,0.2284443525485878,0.09114050452727207,0.4668265606103171,0.41519151196196513,0.4753066030559057,-0.17130496290143152,-0.4007168616998822,-0.31658723558604135,-0.4844866464061103,-0.30276598830137963,-0.15614672442780836,-0.13562785077892156,-0.32910576127818325,-0.47251376630425607,-0.10877126884109202,-0.14476779510580598,-0.3240012895671024,-0.4723210166392241,-0.6862518364685943,-0.5168556627489599,-0.5247436950808846,-0.4391988470990068,-0.7083957882049075,-0.6066979271135706,-0.5785216641167157,-0.5705623851254316,-0.5415960135601047,-0.5856080627364869,-0.5291434522002418,-0.5425726494404168,-0.5001972716730567,-0.5353749665259058,-0.5501904839705416,-0.28179896097077883,-0.18849561245628324,-0.07359544152029752,-0.2972181602965014,-0.352324846895192,-0.31108744781487974,-0.3546904213293431,-0.27382449945298043,-0.381755120730494,-0.34819007250019046,-0.35830454442622434,-0.22279478023319962,0.11621649066213274,0.20360536836977666,0.37035158125753975,0.7410978478012529,0.2814515402447918,0.42368211052210736,0.7656010309950452,0.7133210451348283,-0.3141861150042203,-0.38730104602471893,-0.16792418480176452,-0.5694660624023458,-0.4976341832268971,-0.16559934590790473,-0.5747277785978069,0.0420309291798747,-0.10361547316345754,-0.26493822820578733,-0.7372889711457873,-0.6164572722821126,-0.7056812024717498,-0.469545560107057,-0.4600276333163918,-0.5293657898824207,0.6459995017572885,0.7150589371255446,0.8539843145964692,0.6988246187597168,0.7580631517359898,0.8169399660080966,0.6481902604828653,0.7825030260247635,0.7896174898755882,0.8505147200655371,1.0,0.8899897519258695,0.7087826094189623,0.5563580076339034,0.727487788101963,0.31216406627143795,0.5032512798804255,0.546420667031119,0.3891058803871877,0.42852707824592046,0.6989290573743665,0.6971477952281798,0.6315604825950981,0.6937178022707375,0.6903289498301614,0.4887582904754739,0.3747730338684737,0.43456908798541205,0.5756156258497066,0.47734108619430804,0.2096744671419306,0.24896708574979473,0.13163113106479113,-0.023294789960636733,0.255224298326755,0.2874752238652974,0.4002625076165985,0.5286607472695284,-0.0019009382486756762,0.1998277249022792,0.2544349651966658,0.5803597237861993,0.3280669679103355,0.1414697142443746,-0.1015692839592243,0.04995562049187685,-0.0075277666927396234,-0.18825113742590818,-0.2027796253035556,0.10121908024536468,-0.015496894183357507,-0.14361856024042635,-0.05408923493538791,0.07662357085824713,0.4281671135983465,0.5792358472387773,-0.19468806215424542,-0.17273673661371852,-0.08704113659319176,0.15915077566282784,0.32412367217121646,0.10862873503227398
Os03g0296800,-0.36811434524102654,-0.5528708817427407,-0.2112995128805338,-0.505471485850224,-0.45766923200911597,-0.6932845503876981,-0.40802191940795823,-0.4100465779873322,-0.4405801021124611,-0.8131145731210819,-0.6392800670641223,-0.8244496190110249,-0.793384711144657,-0.8239107089151639,0.3814350143708035,-0.022199743645636382,0.07901114313927707,0.22881972921018479,0.30055432862378495,0.21517565573819097,-0.058641119100470346,0.20389915271640996,0.25550466585461284,0.10293218993881939,0.36195119480457993,0.3803441117059604,0.10918188210164102,0.23546147497971237,0.06999026613959772,0.5440293452547441,0.4169481320764643,0.5460210997247693,0.06402926158922705,-0.23434130583577792,-0.15577406836457486,-0.21387244238091868,-0.3131166487617375,-0.283959754703687,-0.3137190864329752,-0.44403352111056843,-0.5424532045386691,-0.01676041827768383,-0.07734851474338485,-0.30059838376997483,-0.34573963676028646,-0.5286035293047492,-0.42450192061239633,-0.3691128560162132,-0.29393806091131447,-0.6144265246113545,-0.5268444407751367,-0.4659989603296937,-0.4256868767321704,-0.46702704644651666,-0.5050249870888199,-0.43737270125246125,-0.45496005800170414,-0.4288839230583947,-0.4480814369944293,-0.44057179931333756,-0.2714861871509703,-0.04056596831896846,-0.004151798231214053,-0.14276109230228143,-0.23179255238390928,-0.16488046685042093,-0.3438818667994727,-0.26205491441747436,-0.3403137545111311,-0.26902313795954946,-0.28535634165802165,-0.19484318460836209,0.1860221488035479,0.0882230376724757,0.25902273602815973,0.8659450665898194,0.505069263721255,0.515362822732481,0.7990214738858656,0.6394447081023557,-0.22904077196764722,-0.33822315567788125,-0.3726243491646847,-0.7213974998711462,-0.7172910994000501,-0.46289872066236865,-0.8044284747731253,-0.21039008273894177,-0.25789843157835585,-0.17270079871912486,-0.6097312156436688,-0.36274108407306205,-0.641175068284542,-0.44431025349005254,-0.26315044292550027,-0.24512036702636375,0.5472209031173421,0.5291413479595408,0.7796209565429353,0.6735322880809529,0.7684556566734055,0.7937257178198315,0.6821902003943542,0.8701850745916041,0.8533761987691503,0.887114880658132,0.8899897519258695,1.0,0.8345042926388297,0.7553987247631493,0.8588373516163512,0.34769540546522887,0.4826761274267075,0.5399915866182077,0.35340317098460905,0.40835861658901057,0.748187005002078,0.7164689584564742,0.6998115950057726,0.5900183571764458,0.6742839624204994,0.5553285965939689,0.3423679029900784,0.5130066165138704,0.5806398888374339,0.4726003538677236,0.4275891333634063,0.4797468831953147,0.27692469326175156,0.326765160893879,0.4638869243794133,0.5413219025239615,0.11320018420535341,0.26167311179086494,-0.14315549583550963,0.02699977514676984,0.06897929645308928,0.3331549413703229,0.1361765971662079,0.018538215777509526,-0.29956257870443015,-0.18154066739777674,-0.20959636087376934,-0.41068231135628513,-0.2510119837563398,0.04020065791158177,-0.14495375234725266,-0.2015873342522322,-0.04914793827179803,-0.12146628962475506,0.29158712805350173,0.37757713038375135,-0.22859583455869445,-0.042843357167257665,0.06662546034700204,0.17509680352688475,0.18275310189301058,0.12191201002215314
Os08g0459600,-0.6187237891536588,-0.6441758043374355,0.1252892710372061,-0.12569144083041478,-0.12259839892578954,-0.33750187266421183,-0.10628341820455009,-0.31118065141033047,-0.32259245028461636,-0.714168199548621,-0.653847748154357,-0.719477775121524,-0.6818714504088651,-0.6588639799968903,0.48816687249634627,0.133293701120479,0.18506423195309601,0.32394084238529014,0.27147453104936525,0.16319459020611646,-0.06414969171034003,0.20894086018435254,0.2619837474205038,0.10829662528652566,0.28161129901962745,0.3018543082219733,-0.002084321951384809,0.14545025320922342,-0.10380447311877791,0.48980022443898696,0.19467382428808735,0.340642144386988,0.31576209228422336,-0.023210356784444146,-0.25577573606340986,-0.11999191680551252,-0.33772814899108905,-0.2807159080515076,-0.36735352615230166,-0.31543277403366443,-0.47943233036398686,0.035749750079061636,0.06748066527403807,-0.31619395957535806,-0.2091246517141933,-0.2648143649975379,-0.2809699858389851,-0.24946886426344747,-0.19933996273397092,-0.4423264395013288,-0.42025613405986045,-0.3313197306159896,-0.3650616471372191,-0.3923948322598612,-0.4091860412985961,-0.3330911905146789,-0.3095973252652679,-0.29538997754401275,-0.3601059770733413,-0.31492096310011686,-0.3057339287223845,0.04543570664253562,0.020398443160072655,-0.10275886859774355,-0.21358683352743507,-0.09688433445449471,-0.24888697625735437,-0.20720307854529293,-0.282924045372609,-0.21666833312516504,-0.18880880192540214,-0.19401017855236838,0.45075302556772917,0.32761047479920014,0.2746776024273472,0.7391859098117514,0.3371464435056739,0.5276916200814012,0.5573451043989193,0.39713691287938957,-0.17434606394522362,-0.32644023969471275,-0.0879305068209304,-0.5256171276055913,-0.392315435103167,-0.5354828358929133,-0.771367832981235,-0.4584250095583261,-0.48748818181370146,-0.4875569394277679,-0.5113816740416505,-0.1869683911752298,-0.46286259941782043,-0.34151220708064295,-0.3225892118644568,-0.1805469507607659,0.26866504728742846,0.33899472552376525,0.47282964338562744,0.51082883467816,0.5137255320382801,0.5086520545568998,0.5950631261674856,0.702219459484952,0.7918135560863836,0.7301276291928578,0.7087826094189623,0.8345042926388297,1.0,0.7760692878546547,0.8058893661258801,0.30098112864932053,0.5270478913815048,0.42904842549925054,0.3110899871197884,0.2680963483277362,0.649285590738781,0.7198028932033718,0.6666040539525802,0.47155584573703946,0.6196909046690615,0.5500058301941811,0.41659334870661857,0.47908121921316765,0.47893742317548965,0.15620502142436002,0.3447659572738435,0.37816355883140124,0.3537869968000279,0.4628562424219228,0.6317067421071842,0.6697926398767332,-0.005484647949109463,0.09215369986648032,-0.0371178269529314,0.11340877352119304,0.04079427170572798,0.24503458940374884,0.051899500487941064,-0.1656819488504323,-0.4507343267639417,-0.34404469267953947,-0.3596041757108639,-0.5069473934306589,-0.2899815117091473,-0.10424582829269419,-0.21463756786473434,-0.23615655089860998,-0.14450597949757818,-0.4619270776004964,0.12978180071211803,0.20180284892732195,-0.15545442563122575,0.16867341973144406,0.10650531365877716,0.10811425693682844,0.2777294967308622,0.23398362287298768
Os03g0180900,-0.40687422238585064,-0.2770748791702268,0.19499376263876014,-0.19865891258074378,-0.31466120731780045,-0.46182142939364434,-0.12666670348200462,-0.48817724221004793,-0.3412243603421963,-0.6825116227446459,-0.5073938636503039,-0.663060616754466,-0.5905037866613898,-0.6388496101641474,0.4400530031329961,0.2131392313300675,0.318339560607041,0.4775801040073323,0.48149731990093847,0.3851901709376634,0.18550169088601764,0.25208761603760865,0.40105242286985343,0.2766534666099798,0.185997080534935,0.19346433020183168,0.16054572420981306,0.21787188845927669,0.04547050795207378,0.4994477584947883,0.33639727588310414,0.5664939079365453,0.431067014016576,0.1272726604230471,-0.1083233166632337,-0.06417403503204915,-0.15781440358353868,-0.19118303457004793,-0.275002250566413,-0.3823857171034149,-0.32397617185572647,0.04870041641762345,-0.11695201208404044,-0.3202441223566648,-0.24105867765988107,-0.23459826805176087,-0.18609554535142725,-0.1302990646672338,-0.043204010058053244,-0.41293513138351173,-0.35149882882259587,-0.3060749110761055,-0.26474985986893323,-0.3341178880062466,-0.3481373057006481,-0.25562319341252915,-0.19609123845430054,-0.25786958746158034,-0.2677821770160903,-0.2379046678375004,-0.2556827284008239,0.0062210141655482665,0.048793135558623725,-0.0514745642838098,-0.07676966413867956,0.021061368554343134,-0.12653044876762623,-0.07463886813456695,-0.18892226779226118,-0.13765728603925512,-0.15509626884799618,-0.13629161885442817,0.18654863862114485,0.0719846340154742,-0.12526725020378238,0.5469896642108604,0.38672265427176916,0.6008418990955016,0.6194955696820159,0.3160667203584422,0.06329978935493145,-0.07456074024048842,-0.3307300907289389,-0.3796892106766788,-0.5042666066100466,-0.5603049373043606,-0.7013012570339896,-0.2505454056107177,-0.44972185591030267,-0.010715295183622634,-0.5229070887356574,-0.20873797831486052,-0.6800364992301695,-0.5077563806987715,-0.3447995628993527,-0.16727391125616725,0.27651354527777483,0.5041058867789259,0.5548904011596337,0.7308996201899903,0.7306753127901864,0.6382075737719012,0.6167201965218841,0.6913228555563133,0.787254629766588,0.6768601838837697,0.5563580076339034,0.7553987247631493,0.7760692878546547,1.0,0.9483742886135909,0.06558180439700181,0.3877855174154624,0.3133593418735903,0.17577322563836037,0.20282928529729058,0.5545367326043653,0.5683891469682891,0.5057494108927113,0.42697036795207804,0.6337209258168822,0.5913027463024974,0.382941579442476,0.17241993859000235,0.10477646996430684,0.028159944675086482,0.25004297451115265,0.31112569872384166,0.7297743965226677,0.7055751578453029,0.5805557088163678,0.8411483271064238,0.004934610226932934,-0.046162687208615785,-0.15685795984369444,0.0664205380615486,0.034026184721990656,0.12716224951045968,-0.09291765799545366,-0.10113280397103465,-0.6079795422389056,-0.29879773403931836,-0.39847732030471145,-0.39803994429031364,-0.4018559331358991,-0.14483258213053393,-0.26026450661258343,-0.23794804752066293,-0.21477944086841866,-0.5812131839889656,-0.16351460081142077,-0.07201352448046607,0.0500202379025528,0.1236328322442634,0.3817937876309431,0.05987175636305821,0.20208357901436005,0.06447307088426261
Os04g0613600,-0.33212650160922547,-0.37374767676424714,0.1370757325536239,-0.28371707077710606,-0.36697465316917904,-0.54497239431296,-0.3149436779636537,-0.5286870999846925,-0.42491605592975,-0.7782676040040846,-0.5314779130401167,-0.7252899489348534,-0.6349922244718593,-0.7114223375034984,0.47555888306811755,0.0903090435093054,0.26714844825922884,0.48254816992475547,0.4892812490468212,0.4488577007748572,0.1901245450246905,0.2757768640301623,0.45227859153640715,0.3255664567396235,0.33946581007827936,0.3467021714055031,0.25148218587726534,0.3552750280015213,0.1689784177600594,0.6106153912244959,0.5109091766110204,0.6739506227245022,0.3697216374762536,0.10100340320644337,-0.1169377112064542,-0.14091163650797964,-0.08732981996538815,-0.08767787467363831,-0.18977642028293312,-0.32872977692919586,-0.3415138086498348,0.12847546772404242,-0.07407729450687518,-0.25842782573111467,-0.22060580108587716,-0.3244441717423056,-0.2488198671792032,-0.17621482528009924,-0.0627474498586272,-0.4627000207332482,-0.36233722592679973,-0.34109296771007225,-0.3002903811663079,-0.3432544565001786,-0.36745949738481387,-0.2539447782533882,-0.23064962738803035,-0.2666927283243777,-0.27799873184420326,-0.2644094428546497,-0.19981855714259117,0.03249551086503907,0.11702517071102743,-0.008797918937508985,-0.06443469251194056,0.03306347787806457,-0.11005635313848214,-0.047794788814291535,-0.18145281330318033,-0.10752190549927529,-0.1294610521358791,-0.07459456786731758,0.27096152834322634,0.16136078281779423,0.014546703803473194,0.67292758827875,0.45035070977918557,0.7029961327146912,0.7567161603861405,0.5286735562612112,-0.17535051206985874,-0.19079377248487897,-0.40990547435460545,-0.524525405936467,-0.5374269429995652,-0.5423754700488095,-0.7461934276386857,-0.12899866646666608,-0.38024807145581546,-0.13715556417256702,-0.692267679354318,-0.4326720738159752,-0.7941919491637398,-0.6295691622816315,-0.4523615330980761,-0.31589252447196403,0.341673321788896,0.59469312991617,0.7063953491474915,0.7450162273340282,0.7831928325197652,0.7172085319768329,0.6074555091273589,0.7033199525543523,0.8492707469566372,0.7877404817076488,0.727487788101963,0.8588373516163512,0.8058893661258801,0.9483742886135909,1.0,0.0522717016092566,0.36498566962212836,0.3257412061231891,0.13778900992809257,0.1893240046343081,0.6006197380465874,0.58775986852728,0.5019662285623218,0.45114628590772643,0.6114500684286682,0.49781908572795724,0.2910623871614272,0.14971944131104425,0.20218911388399896,0.07569964214298998,0.14801763186005693,0.2249207258479197,0.5813562639295564,0.5552634501170557,0.4070033832221941,0.683773637269044,0.18608317039761207,0.09054193042361783,-0.2215118141255535,-0.013375740654205619,0.00955427282902787,0.1924296059041456,-0.10046619453354502,-0.09223405839170437,-0.6050095776011438,-0.2992284648674613,-0.3952194802663293,-0.43740215321352327,-0.49749506361621254,-0.1917887943275727,-0.30857400159128706,-0.31924729703054044,-0.2812008670227462,-0.4929410135046186,-0.0417990569784909,0.03641349010154326,-0.0447806750656816,-0.04138375874645421,0.216548388023524,0.13586843244331898,0.19895352385545376,0.005691652672299415
Os02g0766700,-0.5190174176605518,-0.5718637013420537,-0.6525986260844413,-0.16388807451203236,-0.20663772231176253,-0.5000607833870034,-0.3110781612551912,-0.2595508569509689,-0.4540731755375964,-0.24132623025670302,-0.49618718798569944,-0.5820774981431944,-0.6398070777925636,-0.5589999988283526,-0.2525252308769758,-0.4065293437480576,-0.4385534341063358,-0.7078502723620832,-0.5710993476771646,-0.7309680987248419,-0.7921568567947262,-0.6293612661400618,-0.6979968812081999,-0.7720372804079177,-0.5488021838086026,-0.4399610644618052,-0.7199554769958633,-0.6939785635897364,-0.7499587798118602,-0.48994162194694146,-0.5780233888837001,-0.48603350498594117,-0.5206334300473556,-0.71105838457055,-0.6700138781417473,-0.46854317479030294,-0.897363634752794,-0.8575945061137065,-0.8311246768935776,-0.7864285587775065,-0.8881307977774522,-0.7343346813819304,-0.5864412237347646,-0.7421088604460803,-0.6801072659618921,-0.586955259689112,-0.7810785279380549,-0.7086170951839579,-0.7922027767276274,-0.6867155337459716,-0.7637930525270393,-0.6972503570751875,-0.7130734322333929,-0.7433194079841223,-0.7522691740286372,-0.7965531997923749,-0.8050147417411335,-0.7681640617653278,-0.7886982066897412,-0.7872399160063398,-0.7975784499657876,-0.6992300549717001,-0.7681605503975534,-0.7556561989343124,-0.8214955574149936,-0.8305010565833681,-0.8466612295233309,-0.8764331762070501,-0.844104491934391,-0.8355843750269888,-0.8037231292132403,-0.8024218783063796,-0.15859694450481474,-0.07927458789157737,-0.2593462954175802,0.251741398423735,-0.29278041702170093,-0.4649375482184804,-0.19936339642245451,-0.1955685844249916,0.07544687800241891,-0.6514048592189643,0.2609727022626385,-0.2952354380533859,-0.37610506963311685,-0.08232355466794183,-0.13872885665485118,-0.6580279220315098,-0.2904322859793964,0.1965945139934996,0.26336024221337045,0.3877655738846026,0.337043122080541,0.6004572378931589,0.33226567041517024,0.25659827486649817,0.5635041113610859,0.08510465814847186,0.2736490769283992,0.27697231725346605,0.3385930625164835,0.45589257115141213,0.5437087162525048,0.47111459308740156,0.4540315206895241,0.46936852110846733,0.31216406627143795,0.34769540546522887,0.30098112864932053,0.06558180439700181,0.0522717016092566,1.0,0.8368634127757235,0.8651929983979862,0.9235664442776899,0.8739354158481282,0.7428615283620037,0.7679669479616565,0.7965870364325598,0.7043160589958329,0.6552586897467118,0.6522975138673693,0.6430742981602487,0.6530882715052283,0.7088605732405131,0.6557318921560283,0.8372513703879003,0.7188749000626096,-0.11628344213952882,-0.048744526151507254,0.537623562073128,0.25411701027171263,-0.03592252163752667,0.4743902101539023,0.7254740879526396,0.4818980859027348,0.6331828669924513,0.658356970650842,0.8081842070035933,0.42429048350150866,0.4557098906690192,0.4602361574806195,0.5682473560248094,0.43579071585425266,0.7633846937807269,0.8058791590238146,0.7320761368430646,0.7019228396850753,0.4501100443087789,0.44234760755022284,0.7317366206266923,0.6030349965237789,0.3905320956085146,0.7029478439478304,0.5217813997488855,0.3724892858762584,0.490476872620629,0.64936015127463
Os08g0537900,-0.6599958870720549,-0.68320644914858,-0.35944279976299737,-0.015571050774512185,-0.2164570015892561,-0.5495783229180642,-0.33882303342080206,-0.5078176867875378,-0.6446237999973632,-0.5737012919292446,-0.6479670543393483,-0.7502660103283284,-0.8000318476479077,-0.7440323815332666,-0.2553633773560026,-0.48719953930261783,-0.28022902126338006,-0.5287920432941454,-0.5341702091033752,-0.6519181393667769,-0.7892327424370742,-0.5181619898170052,-0.5577920821431448,-0.5937728999061593,-0.5500834560312342,-0.3827644042417297,-0.7020323921001298,-0.5922637098886332,-0.7303114682902045,-0.36507641598958246,-0.5045551474294877,-0.3066725015001127,-0.4232111229587463,-0.6373215461035924,-0.777388089408615,-0.636128236952464,-0.910988464326636,-0.8321341676160368,-0.75051197993511,-0.7732039578272535,-0.8949460234402337,-0.76793024612812,-0.6754377521400242,-0.8833181214022365,-0.8230751623996923,-0.6897913365857494,-0.8165968261448111,-0.8045647866518431,-0.8295452799849499,-0.8355006838266881,-0.9184998292039112,-0.8760229012044858,-0.8897206189814417,-0.9177419929625265,-0.8946097979860703,-0.8789706304298561,-0.8536097349896694,-0.8382131727796673,-0.882831983753811,-0.8752614480612504,-0.8997197729125168,-0.750494401601203,-0.7860095169672915,-0.8639449650743928,-0.8910050552618229,-0.8352123223609055,-0.8735146838510655,-0.8515255960835112,-0.8876247826893282,-0.8849686311965914,-0.8612571597127897,-0.8543104519175184,-0.11898789807554176,0.0893950300731122,-0.25981746247383136,0.26596688812724106,-0.34006804194017287,-0.23366407915301574,0.0018449121872988184,-0.10737983281830325,0.09907536857634885,-0.6604579697602871,0.3943978986438221,-0.19981953682669826,-0.3473699503887869,-0.14340744178621476,-0.2443941318211337,-0.5492050836348674,-0.3713853657173793,0.10849280349178267,-0.06691637111985423,0.1235475784768536,-0.008070036469562916,0.3646371845268524,-0.07356337287664924,-0.0848268594404986,0.549216645360827,0.4295505880607995,0.46402770595869863,0.5912520404707305,0.5925976498270484,0.6498498941982179,0.7390858234773828,0.6295058505956024,0.6762329244559462,0.656500931273647,0.5032512798804255,0.4826761274267075,0.5270478913815048,0.3877855174154624,0.36498566962212836,0.8368634127757235,1.0,0.904553659779272,0.9446501299807348,0.8788967311451178,0.8338992445894582,0.9398270099602873,0.8964383405340219,0.8982212323022466,0.8960784993554987,0.7871052462526468,0.8640645034345577,0.49453836402616774,0.6192571138810664,0.4693980418615763,0.6875621547885911,0.6023603027647393,0.23391142558729186,0.09122108766741722,0.6749814529872274,0.5156894136181523,0.14867772896770015,0.5550537111155088,0.7091729062180521,0.7113425273102618,0.7882664291359553,0.833221448010134,0.8066349822725828,0.48519912008982286,0.2835229549319267,0.4985954839871232,0.48237744087450596,0.43233226987522383,0.5578079563583035,0.7014639661827623,0.6532972108552006,0.6359520822805904,0.3849873236514589,0.17344328943618376,0.6116800473930191,0.6270808413877701,0.5430681383184326,0.6995553993731966,0.5998772152542697,0.5322458104281038,0.7790713178753892,0.6977875180095243
Os05g0213500,-0.41160011850215933,-0.5826174122255687,-0.6187984092123042,-0.3384981849019251,-0.538861161817735,-0.77524672614978,-0.41230355160097243,-0.5624991441657315,-0.6448639137067272,-0.5130514523932128,-0.7123223792587767,-0.7016040577658542,-0.82044899355119,-0.8369041776865687,-0.3066907373500325,-0.525892421920481,-0.3951540343034548,-0.5435978512938133,-0.4936159382338549,-0.5902772007731096,-0.7396333558338709,-0.5877488995269261,-0.6375228326606548,-0.6706506006782423,-0.4167882162366476,-0.25649262000538653,-0.6510998401211783,-0.5382117599142977,-0.6062492660194003,-0.3639437685226445,-0.39866297262554434,-0.21452759715478742,-0.5885400531534228,-0.7280073811229119,-0.6215518117233846,-0.5095088999664461,-0.8990483107192538,-0.7861484039925032,-0.7470339631034741,-0.8978564352447796,-0.9330505184188349,-0.7386930102528201,-0.7109763954931363,-0.8022801137742609,-0.8904079919362377,-0.8200496388524284,-0.8684245372118296,-0.8572630217675361,-0.8540543334927895,-0.8960971044592826,-0.9368641355317853,-0.8968355573916819,-0.882427746314738,-0.9034507103289594,-0.9161977921898649,-0.8858618669291497,-0.9205423761499679,-0.9141170874264657,-0.9318175475217843,-0.9374863935624815,-0.9028138948826807,-0.7209373570239496,-0.7803529807016372,-0.8294521170940715,-0.8551830067448248,-0.8323817732819365,-0.904605583028156,-0.901642288164343,-0.9034193305249584,-0.8879241840256086,-0.889421279319962,-0.836700242190506,-0.1225033967572696,-0.017857473975087752,-0.2244598401309057,0.4214410325731417,-0.1024291761715214,-0.17080410483917366,0.090653442930172,0.0038432187592912634,0.07907654009256673,-0.5929446200356928,0.15734942331501328,-0.4028772901718056,-0.5586943442403054,-0.07192700527548027,-0.30496504649827877,-0.42007098577741625,-0.35803762198793593,0.24759435501518304,0.038852601204900916,0.06842289011995085,-0.05335117432085769,0.33065667602867826,0.12440117285537623,-0.02460055946909471,0.6761960119360042,0.42555382803879943,0.6078796346515272,0.6069914785290712,0.6738520880410085,0.7592856967691661,0.7532415034895412,0.6892653079953716,0.6546264327452002,0.7570081912205869,0.546420667031119,0.5399915866182077,0.42904842549925054,0.3133593418735903,0.3257412061231891,0.8651929983979862,0.904553659779272,1.0,0.9349616159736935,0.945215142572375,0.913307810607188,0.898661045309523,0.8760375726989199,0.8767195313300201,0.828206960012572,0.7080282463430145,0.6744251699664184,0.6009162392833857,0.7613341431455776,0.710767636044215,0.7653117975992121,0.7608107724289235,0.06863064229460801,-0.06720733256977363,0.5695660567162489,0.4246658587642072,0.1833711287557858,0.700575404134942,0.5456369849021098,0.5865884871934396,0.7913430824500651,0.800327293264838,0.8068444014627922,0.6663541161645253,0.4143473140017975,0.5768936294961696,0.6133454132021005,0.4072026489669422,0.6150144095477564,0.8327160358536726,0.7264878708383582,0.6966845050623287,0.4585106681965522,0.41076025603575245,0.7169751596131484,0.7134262175951225,0.48461045342904413,0.6270900772935697,0.47769700496063966,0.41123540699284244,0.5949175110648715,0.6633950315391448
Os03g0324300,-0.5555491074515846,-0.6026632853862742,-0.5630744094987571,-0.1425656398423457,-0.27497075109727204,-0.5775255477738784,-0.3339391241207483,-0.4215053630092706,-0.6081594689460655,-0.4241203065824771,-0.5769274551455915,-0.6136408270508473,-0.721645589447383,-0.6556285668734754,-0.4308935952115021,-0.5365517531927934,-0.4301962161197486,-0.7156394588371041,-0.6690780736971474,-0.7875494196237632,-0.8754816882852936,-0.6293518777230238,-0.7210822958617149,-0.7248347324235912,-0.6353175416909224,-0.45315382082464584,-0.7921856819619408,-0.7039355990076097,-0.7680581092823919,-0.5209445435122478,-0.6161720150014167,-0.43657277024126045,-0.6109377589394686,-0.7874557930172096,-0.7527018302418822,-0.6246508207836097,-0.9656021997504259,-0.8884667054484512,-0.7642713818056801,-0.8120621114581952,-0.8838252576379763,-0.8642579062670899,-0.7295661329121238,-0.846086497424616,-0.8783116686781628,-0.7302978835536165,-0.8245248000974621,-0.8338554275376087,-0.895817125789929,-0.8226978402419335,-0.9147975883179587,-0.8675317074680666,-0.8671905882738354,-0.8899719931195351,-0.882367108169065,-0.9042460239624183,-0.8958327519676283,-0.8736395098218478,-0.8992829118914765,-0.90675754278565,-0.8992418769414723,-0.8092585040955242,-0.8639609010525912,-0.9176112008252065,-0.9262443084675088,-0.9146120424867299,-0.9232468286524815,-0.9159803252707562,-0.920247610854034,-0.937515272496949,-0.9116995494713648,-0.8887848708968089,-0.2526459550397445,-0.029278851664585697,-0.2953258792173827,0.1819344633204177,-0.38534523494341677,-0.42279708115115944,-0.12358871112234336,-0.1747665924533698,0.21333988576666052,-0.6071683819832945,0.3958724434590091,-0.15054930591509347,-0.366495444373921,0.040078523380847504,-0.07741961322102776,-0.4923901882302327,-0.26797160793682034,0.27134538145629794,0.14246889118099587,0.23643351341963403,0.15457045260072297,0.5228233481446667,0.16832793919787647,0.040466285773024045,0.6312161159228505,0.34158762981065843,0.3957896841796516,0.4967926612787983,0.5072223791362107,0.5960083730439495,0.6679741341866655,0.5559502831835431,0.5054015969834135,0.541793619162529,0.3891058803871877,0.35340317098460905,0.3110899871197884,0.17577322563836037,0.13778900992809257,0.9235664442776899,0.9446501299807348,0.9349616159736935,1.0,0.9461383641258516,0.771517994154285,0.8458738914932987,0.8317240711170124,0.8783573317107086,0.8083866189851082,0.7561690880294868,0.8000710730547916,0.5854857354677377,0.6655653630307354,0.6131262937101963,0.7744794064060089,0.6740847047716143,0.0842657149163693,-0.07461313128745872,0.5932450341245106,0.3542040941460125,0.07497447758499155,0.6148690431414346,0.7704841444074821,0.7299683411016005,0.8407916209771068,0.8364252487018062,0.9160509655474746,0.587848674642573,0.5234594938972831,0.648642469911192,0.6724727445984652,0.565490405066985,0.7626400353021922,0.8644724985965878,0.7990242935021359,0.774411387002371,0.5259534379166634,0.4325655056253168,0.7124739957278731,0.699624668689618,0.5434091864546805,0.7074935355693818,0.5680958431124703,0.4425114002589919,0.6818944465375888,0.7194580911389024
Os06g0614100,-0.45991349172211105,-0.47855164093884117,-0.6706470907870188,-0.31500278037503154,-0.5236091614381898,-0.734030364965945,-0.5059245321583978,-0.5338215439878888,-0.5806651737727903,-0.44679090629209495,-0.6258555530149755,-0.6525645379840808,-0.7976132594899124,-0.7316817121419312,-0.4249259172068435,-0.49078396741405983,-0.5609976767479521,-0.6973921086397922,-0.5971565929204443,-0.708621013825534,-0.8183267275378258,-0.7147846277074673,-0.7216131267330773,-0.7666329867553964,-0.6106498118712439,-0.49714909285581016,-0.7588081678428105,-0.702293141675275,-0.7132241743942682,-0.4817500611161882,-0.5181987350318402,-0.364190813410844,-0.6139504089151316,-0.7895512655944117,-0.651044259320793,-0.5758772874631599,-0.931638937991709,-0.8480095494907001,-0.8056393489641446,-0.8892388444390332,-0.9058020533654277,-0.888919450370501,-0.8464594812677263,-0.8704518212046437,-0.9022004949661008,-0.8035413987361251,-0.8860182648580741,-0.8615048603903475,-0.8857559983499922,-0.8677063267610159,-0.9232285155097247,-0.9072795170403055,-0.87048491493799,-0.9112369380083132,-0.9150529254594001,-0.9393773910366228,-0.9413684129977028,-0.9319873118696127,-0.9352613748043055,-0.9447492530055945,-0.8909901529729404,-0.8458579894032753,-0.8742256129108197,-0.8874585426520734,-0.9106940434193246,-0.9076064583570597,-0.9523930373483338,-0.9507818005036697,-0.9462927169694637,-0.9612796879623213,-0.9392845665180183,-0.8984442932016365,-0.2842407964019821,-0.11913002727371642,-0.26036013766282706,0.23543300759820734,-0.2462829969622989,-0.349220918740503,-0.019000448394053484,-0.14059912706254385,0.1730784674557544,-0.6088177525564026,0.3185426761495131,-0.2850333740461224,-0.42547708734729783,-0.05229608398036356,-0.16076387193614364,-0.40066860471594185,-0.3155363617934674,0.39841456795610225,0.10164474799457249,0.19653507348735663,0.07380604648872784,0.48377493551663914,0.11938225822420362,-0.061585978482853174,0.618963588666555,0.3245653995712709,0.47040577707537284,0.5241583406374841,0.6206319426537636,0.6899498733175653,0.7198660374037762,0.5882466904098322,0.563321671901669,0.5964956362480781,0.42852707824592046,0.40835861658901057,0.2680963483277362,0.20282928529729058,0.1893240046343081,0.8739354158481282,0.8788967311451178,0.945215142572375,0.9461383641258516,1.0,0.8344991538810128,0.8244653311922607,0.8392663855452208,0.8361327813337627,0.7877626742695444,0.6449217167999103,0.6523102927468459,0.5335659355438586,0.6316574455655134,0.6556696397606071,0.7952569300448574,0.6774668107446371,0.13302089583786197,-0.091828622709662,0.5069939829015676,0.326388876731927,0.06222429778171894,0.5862666554398773,0.664707965107875,0.5943842792351466,0.7781945264345755,0.830406499961575,0.84888825508356,0.6382259226870574,0.46006723074655276,0.6185219570091293,0.6394965999206252,0.523408691355566,0.7158632496968999,0.882279283297046,0.7840885589769065,0.7431095465118805,0.6002742340221311,0.5148997419606144,0.7993504118704403,0.7635052514200195,0.5519224199245283,0.6124839749877089,0.5202974932845849,0.42721675028647893,0.6240400707287788,0.6588418226394822
Os05g0149400,-0.461524628972288,-0.5557002250221368,-0.489425922149642,-0.32793239022717097,-0.6090204535620688,-0.8270359228248092,-0.4482720596088562,-0.6366016989194498,-0.5951535486724506,-0.6297069074686139,-0.7529458096614738,-0.8305751159946536,-0.9076991569951265,-0.9413950334121503,-0.02392298137880719,-0.3540249795545732,-0.30859565245170956,-0.2496902719558115,-0.19311379364600953,-0.3088056491771264,-0.5211727753755475,-0.44407659465108995,-0.3651602707450646,-0.5041603684440032,-0.20895131840685263,-0.1358996733739691,-0.4260575700954851,-0.353905592036654,-0.4514673271046204,-0.08691491448824311,-0.12471866679550213,0.024106796561457217,-0.3241030525136732,-0.5203998175951222,-0.4972057556143782,-0.39528257437325576,-0.7395033195941079,-0.6288046615942932,-0.7330793419375421,-0.8711002907239203,-0.9113462068179701,-0.538541548827421,-0.6086150199530059,-0.7807257619714567,-0.7401338840237526,-0.7482970448433286,-0.8455728264470836,-0.7525697166708806,-0.6889661650117447,-0.8684297659980617,-0.8514647419084926,-0.8115054711790229,-0.8020729925994607,-0.8390004994942185,-0.8596397103710003,-0.809466783796432,-0.8249773272510625,-0.8345816928750883,-0.8582548957347949,-0.8418946531206287,-0.8009427378553534,-0.5892327567997903,-0.5988895656815962,-0.6443446726554646,-0.7075472325566329,-0.6673248432967323,-0.7740338549328694,-0.7772838445594153,-0.7906335236615707,-0.7521254424801341,-0.7637959784660435,-0.7114605822380903,0.013887131011801342,-0.01574457776411577,-0.12991708932122498,0.6115825250557007,0.13228486927737027,0.08157659577651116,0.3088606615023949,0.12434023117293097,-0.11786030719839174,-0.5975741685128348,-0.023304078993827783,-0.6086379063326272,-0.6029420153420537,-0.3749939986455215,-0.5966493590882402,-0.4778912498619373,-0.4806553861828227,0.12626880063148013,-0.18991607441460892,-0.036235114489545056,-0.25689823933922445,0.0987830422760042,-0.11215127370573169,-0.11083766997560633,0.5879788180785933,0.4225662180682963,0.700929939439928,0.6555657996183425,0.7831870523883693,0.8386200142616278,0.8079158055473915,0.7974885607673423,0.8670663722289209,0.8836167755770836,0.6989290573743665,0.748187005002078,0.649285590738781,0.5545367326043653,0.6006197380465874,0.7428615283620037,0.8338992445894582,0.913307810607188,0.771517994154285,0.8344991538810128,1.0,0.9322404168042546,0.927829417347527,0.7857506307581887,0.8552973650451291,0.6592033006937438,0.5870782799418492,0.5247573275282017,0.6895954842139964,0.6432741787419564,0.694445202752811,0.7075120031014229,0.17486059022940936,0.1446917834747495,0.6055635574558176,0.5732265427154658,0.21182344320871044,0.5300657068068574,0.34346768224814106,0.34057855768227113,0.5581984852533523,0.6799243048386453,0.5748087458291311,0.4797250370259602,0.04458020701813183,0.26654163769898864,0.2938035885477393,0.1371953521425641,0.3156041818163268,0.6014503890926202,0.4888670952559877,0.43432684187893245,0.2506342391866599,0.16058752815434588,0.6015087331669076,0.5920834730040164,0.3445924513711037,0.5093017366412549,0.4491668615577956,0.3540020953988737,0.5082488589493357,0.48770339398363277
Os11g0186900,-0.6257666546293223,-0.7555799575418916,-0.31007651873121,-0.17653470533433094,-0.3620753022223133,-0.6678435091392612,-0.3965997542504282,-0.5826904998488003,-0.6200819660499597,-0.7153079033308019,-0.7335050004233162,-0.8722785525086074,-0.8966213769296622,-0.8829249216574302,-0.08002551048774464,-0.4021261752247804,-0.21482348774331617,-0.32218291663730725,-0.27731085892514584,-0.4269815560953199,-0.6134729329601573,-0.37863372174800874,-0.34803200443493265,-0.4651806345932124,-0.28916586325771315,-0.15612735419121826,-0.5380109980798186,-0.3871866567308203,-0.5520211409270765,-0.10742535124428583,-0.24761390052795443,-0.0741635291362871,-0.301496178928983,-0.5744310221484351,-0.6783580344038358,-0.559114774063688,-0.8062985164991162,-0.7229969738035615,-0.7006899091737816,-0.768850566051818,-0.8748750465956788,-0.5986418174245556,-0.5611636087484264,-0.7880586300639437,-0.7438937824458566,-0.7262741816561644,-0.804690287449614,-0.7689270677761444,-0.7641277145409093,-0.8608754161065822,-0.9083864725476981,-0.8569022593964595,-0.8578023109088553,-0.8723246990840238,-0.8797273992785811,-0.8401342162622285,-0.8281234388350402,-0.8174705683947128,-0.8644986948808229,-0.8467068546690422,-0.8306858913136709,-0.6010777661603485,-0.6055560457117602,-0.7182867079278472,-0.784220380425043,-0.7034016784626812,-0.8006624646817971,-0.7649032277455782,-0.8075071725509424,-0.7774938760295014,-0.7774943056954131,-0.740926369017783,-0.0016313310034567845,0.1851007976432116,-0.08454384900590112,0.4901432833461381,-0.08080311927957756,0.014521955681104072,0.28404227712345875,0.11879435624872624,0.027076268889968395,-0.5763398406977207,0.16892188831829166,-0.47952740298692487,-0.5065607452035701,-0.2849446459343708,-0.48197015966257434,-0.5170853261950905,-0.38391047482653523,2.9738459590010965e-05,-0.2315893391474936,-0.011419944555961209,-0.22920350554876248,0.13914546047917234,-0.1725992807655253,-0.16918037846480383,0.6354742762544696,0.5165416315207602,0.6497025373556841,0.7109091261163859,0.7257630580212392,0.7700706107911311,0.7859596180876675,0.7716515335765006,0.8254201861649962,0.8347732292961815,0.6971477952281798,0.7164689584564742,0.7198028932033718,0.5683891469682891,0.58775986852728,0.7679669479616565,0.9398270099602873,0.898661045309523,0.8458738914932987,0.8244653311922607,0.9322404168042546,1.0,0.943307209742064,0.886718363326202,0.9112148705587431,0.801028762997733,0.7465955397323185,0.6033138137943483,0.6921175287867789,0.5152688840706496,0.6744990085806839,0.6317023134914586,0.26631387341547136,0.17839704159493977,0.6890036671838784,0.5796878790757657,0.12283050117404029,0.5201838014831561,0.5095300560878798,0.5573767548799022,0.624239279335278,0.7644707960271139,0.6649091280348963,0.3758263840893397,0.10391193400811068,0.3227203179859817,0.31763169872613956,0.17396540418402273,0.33725470591809975,0.5645605214688328,0.4659704151336795,0.4240093468575556,0.32397641297130586,0.08973257577531407,0.5990063269686713,0.5913937892360772,0.36385227737017417,0.5565620264192618,0.4862486055980199,0.4148241830091954,0.686777464874139,0.5748476338639446
Os11g0593000,-0.6134464323268807,-0.6003504452808663,-0.40351878848920414,-0.149159301850454,-0.39406570120431006,-0.6560017688383961,-0.2971260881261121,-0.42893785540927337,-0.45608501536456186,-0.5999905096929352,-0.650992518536029,-0.8324872377435408,-0.8816076572493691,-0.8406743432719329,-0.06451875376092657,-0.32115291682993546,-0.2314308073766387,-0.3303626155547874,-0.2656235188702043,-0.4571297298552999,-0.6131239370347555,-0.37763569733733254,-0.3795866147005642,-0.5337593223587013,-0.32406781405689233,-0.25465674463703963,-0.49455599303195286,-0.45932656496256047,-0.5664310468027797,-0.1428978623421632,-0.2887043870796108,-0.10868407492285684,-0.335506354062491,-0.5594903231701855,-0.5048479150144874,-0.40843464126034795,-0.8234562686887634,-0.7694902161610772,-0.7518240761138046,-0.7941506923862615,-0.903388951484641,-0.6297059476165098,-0.5591521327471853,-0.8249922487423132,-0.7066438017626034,-0.6525760035197445,-0.7901281221907211,-0.7124869163478926,-0.6989907063597717,-0.7982860765382183,-0.8485173218855985,-0.776283501105544,-0.7711890692633552,-0.8322241780387862,-0.8175408248889703,-0.8166959404799407,-0.7926771567495716,-0.7717362461482649,-0.8206543274378973,-0.7899115251393264,-0.7803061924636229,-0.5896279332637383,-0.6328530232486237,-0.6939522950527043,-0.7382937355187725,-0.6938395032052141,-0.8223319024764357,-0.7893381061559417,-0.7661757216719359,-0.7605218943407335,-0.7571824691130047,-0.7284867119263729,-0.10664589530614908,-0.051570708430297506,-0.06395739093598692,0.5191652413504841,0.021397539590081904,-0.11944606351997941,0.22355389070438952,-0.007998863201557755,-0.030677688561443445,-0.6018720305550983,0.17192169919490008,-0.4826057848676229,-0.5493000084693292,-0.3765081856419484,-0.5500130753971566,-0.615418181918117,-0.3645355037410602,0.1085445875801947,-0.1313868888354442,0.14397445081019386,-0.09748087642984485,0.2594652514918872,-0.12741160818679576,-0.026825410889090174,0.5197569902288505,0.3205632486142623,0.5381825897469902,0.5694192806685505,0.6671874073270969,0.7305526694972853,0.7593134143949893,0.8065530463865834,0.7822861135377759,0.7514398075430937,0.6315604825950981,0.6998115950057726,0.6666040539525802,0.5057494108927113,0.5019662285623218,0.7965870364325598,0.8964383405340219,0.8760375726989199,0.8317240711170124,0.8392663855452208,0.927829417347527,0.943307209742064,1.0,0.7968428093412647,0.8797826057095415,0.7373500330682536,0.760404272189954,0.6014349243989376,0.7113235325043465,0.6488253837013221,0.785754819726673,0.7376002309885934,0.17499078729968823,0.24097358504207103,0.7790147476358159,0.6279778125247837,0.02948223576685351,0.38216322393390245,0.4462010585667682,0.46395510978098325,0.5341674740420553,0.6727270745048902,0.6298422706967989,0.41330113148268066,0.10582031950009142,0.2583933189006893,0.2577521551218501,0.16818712655470447,0.4078048216396562,0.6005547847511704,0.49764430244975305,0.45037158453087517,0.36122469423431003,0.13477002287193876,0.5762701349417503,0.6070581642800147,0.30273713994043094,0.5793205521144106,0.4806729278037309,0.41317648392077044,0.5653500278304339,0.495931318401208
Os06g0166500,-0.5423410458004222,-0.722736562310091,-0.3779160067130807,-0.26504668853333246,-0.3472162152782619,-0.703524540727088,-0.46116936172881223,-0.5580536038507219,-0.7730612256900413,-0.7643254719610579,-0.6158872009614159,-0.7114602450334003,-0.800606434086925,-0.7924195362394989,-0.3804616938279738,-0.5997145284877483,-0.30800962515931646,-0.46985882811804863,-0.4650422965282304,-0.5179362570421331,-0.7029791862647224,-0.35813014817578726,-0.38984422056781576,-0.3707347750993583,-0.35837824497055243,-0.12580624150333442,-0.540522965756888,-0.3484541981182548,-0.4575420120935369,-0.1647298746731406,-0.2484045215354616,-0.03981304898717452,-0.5146305826462249,-0.7233753959822323,-0.7176536804224565,-0.7400446939502839,-0.7864443865578633,-0.6935171102796747,-0.49867202662476157,-0.6733302739935216,-0.7501461083735735,-0.6904076708904693,-0.629698955974251,-0.7250267563252064,-0.891382080104667,-0.8326692113753709,-0.752351464751487,-0.8062481213083023,-0.8257948473868224,-0.8981140652921238,-0.9379347991628944,-0.9085166317149602,-0.8799956755071691,-0.8712498300601731,-0.8806434633296112,-0.8584540315896759,-0.8443836637123157,-0.8237688172158381,-0.85344731683655,-0.881461220982963,-0.7618185997152362,-0.6732992527801198,-0.6343184417091581,-0.8181505425129852,-0.805608136484641,-0.766654318822081,-0.773461656277433,-0.7076273177574255,-0.7957994388978783,-0.8080901381275232,-0.7966729314237105,-0.7047750986610947,-0.1845303057710726,0.14125510764882054,-0.1515120958226934,0.3438273972606295,-0.23668471078208625,-0.09055631031085831,0.2724568240268548,0.20628140619901647,0.143810855635357,-0.5124423029282981,0.22233728917901732,-0.2229393276900698,-0.47101557992281384,0.0964470050697498,-0.17383118226688754,-0.1900064070495245,-0.1550026515737429,0.16535339875110402,-0.2626824294942947,-0.18833447710843074,-0.31028236982242796,0.08902465284928847,-0.12090391381530644,-0.271926508809923,0.799494636027243,0.7290535572364525,0.7077542304364672,0.8027006757487971,0.7675685852130512,0.8251715635000421,0.7401324936932508,0.7027030893692391,0.6607843441424318,0.734309868041923,0.6937178022707375,0.5900183571764458,0.47155584573703946,0.42697036795207804,0.45114628590772643,0.7043160589958329,0.8982212323022466,0.8767195313300201,0.8783573317107086,0.8361327813337627,0.7857506307581887,0.886718363326202,0.7968428093412647,1.0,0.9037880818593914,0.834510858210095,0.7941963329892645,0.5311986498755475,0.637163578854911,0.5405774928469839,0.542787518350162,0.4933306190432288,0.25355102067831475,-0.03258597397752149,0.5072359163392712,0.39782465557315483,0.2584839431626349,0.7104372721928619,0.5772725336494279,0.7565605223838533,0.8026319709240921,0.8957885308746958,0.8159684535292492,0.5243867628098011,0.36268798292789933,0.6020256817157873,0.5340046156324577,0.4061926304234174,0.42462869778947643,0.6419205760869494,0.5552103709599394,0.5014828260333795,0.359558020422566,0.30388378380658704,0.6184518266379216,0.6944589717602342,0.40946563651885964,0.40098672739065283,0.41386346369496446,0.38433454847088866,0.6881924059189449,0.5342496904751952
Os05g0586200,-0.6447399825263564,-0.5576184112818762,-0.3365597166908833,-0.13977491645070084,-0.36355473073120415,-0.7135217878073126,-0.3439461668796433,-0.6505383599026825,-0.7465994998139096,-0.7691481625481126,-0.7121633588058185,-0.803487909180949,-0.8992225141489101,-0.8677211091065555,-0.12310602300243269,-0.3332718283206943,-0.21075090744572908,-0.23767962089429137,-0.31104962976325073,-0.39106299764187447,-0.6167382667730018,-0.26815490466243896,-0.28211212560758187,-0.338886884176877,-0.35174158420118257,-0.20537189675127537,-0.4727212878458047,-0.3877686070781632,-0.5161929867585411,-0.10348721282067289,-0.20571325086249725,0.0048690761921310706,-0.2977653992779624,-0.5880917170183647,-0.6394117258482107,-0.6287455011292823,-0.7556569320507358,-0.6370320315281212,-0.6131544652929576,-0.7537267336990694,-0.7922410054416861,-0.6106814990929663,-0.60469804198903,-0.8365142750167817,-0.8115963818234516,-0.7621628773976004,-0.7772227558927141,-0.7773796741400903,-0.7321231363351836,-0.906691996280093,-0.8934078488741969,-0.8449429758086172,-0.8531433058145114,-0.8957376402747408,-0.8899633937902864,-0.8638259447494404,-0.8123657499268903,-0.8230325851275745,-0.8488891826851928,-0.8373574590809676,-0.7661557567252074,-0.6638322576989051,-0.6349571223181096,-0.7639100327800689,-0.7641181035207353,-0.7268270380768123,-0.7475144931696269,-0.7057079626400565,-0.7845811354536053,-0.7831253119720331,-0.7942196511935851,-0.7457220374965116,-0.214810248081849,-0.08607830267781456,-0.19350320966537368,0.4036666722247577,-0.1421025687605176,-0.01195494413310171,0.2930395840118848,0.10707030273814702,0.1060541468833528,-0.5042834854036943,0.18844447550185284,-0.23988391060549677,-0.44464253021865646,-0.26118409815408483,-0.44795701642044117,-0.38769408165928976,-0.3697958415737684,0.14379370717981776,-0.35009545077083315,-0.08903214385407054,-0.33747953358254684,0.0406443663253927,-0.2643618444269423,-0.25127841060436046,0.5994990037361386,0.6121480603793827,0.6398935835140783,0.7535852942910725,0.7814917151415048,0.8191494581304758,0.896427633721657,0.843915375131137,0.848870338707795,0.7779000242807577,0.6903289498301614,0.6742839624204994,0.6196909046690615,0.6337209258168822,0.6114500684286682,0.6552586897467118,0.8960784993554987,0.828206960012572,0.8083866189851082,0.7877626742695444,0.8552973650451291,0.9112148705587431,0.8797826057095415,0.9037880818593914,1.0,0.8058473137571827,0.8400368996141493,0.4254315087042817,0.47323283502538727,0.5117698870255024,0.6099553894883137,0.57448763820302,0.4420049285168832,0.18218395523710015,0.6849474927662853,0.6596154137102331,0.2604230321866441,0.5092125874832029,0.4847293138395926,0.5640363910532163,0.6651748415114197,0.7783099157888776,0.6822199886623624,0.3897128717701355,0.06033976276949495,0.3330939618865036,0.279432897297153,0.27063577727344684,0.30295768398183764,0.5419475121872174,0.46203220431905684,0.4054658216912148,0.18919902138030661,0.05476097618566266,0.42244570021404804,0.5866200731282244,0.3455305859256886,0.4793122378036056,0.5843025859705029,0.403194076075312,0.6916586090152582,0.5509750703799411
Os01g0846300,-0.619780474767317,-0.663672692628371,-0.11611982892408831,-0.12458805469500261,-0.13295416176741756,-0.47064058191493413,-0.09607542220139419,-0.30980197527457304,-0.4861410966893737,-0.5908501321924247,-0.40406922605698203,-0.6214297051594769,-0.6063436886575589,-0.608524839399476,-0.2024243178585586,-0.33519984577217504,-0.02538465331427855,-0.26964198191089017,-0.15695792980175516,-0.3514636831959156,-0.4310828309472518,-0.17143467181627173,-0.16530336879434807,-0.220866779344885,-0.3118826892775525,-0.10560358158843396,-0.3911110002631635,-0.2719108791054871,-0.3958696040991293,-0.053089896471390105,-0.24584207322850493,0.017595459220990047,-0.20085240632546017,-0.46448703882218356,-0.5707512072494436,-0.4602244385079881,-0.6680125821655402,-0.7133454490367248,-0.4919361780086586,-0.5892508935620804,-0.5954610812537907,-0.5152752583778132,-0.4104291664425515,-0.5901865674494794,-0.6515198765322363,-0.49108513423377337,-0.47938613691890813,-0.4814692714067105,-0.565336059706383,-0.6302720534269831,-0.725152273095946,-0.6323999583865385,-0.5987782410455096,-0.6104289171678849,-0.6266786485098255,-0.6296461678791891,-0.5614710959461183,-0.5703856814792624,-0.6125911225224443,-0.6130786205290013,-0.6355197945598312,-0.4336549277540221,-0.4211713128007388,-0.5970629387609376,-0.5699137636155337,-0.5194147664373123,-0.5557350624170708,-0.5020611184838625,-0.5583411949874371,-0.5807430597300566,-0.5695097874565178,-0.5181507999500422,-0.13034081029835773,0.15211819204592553,-0.2955895043400577,0.298691097993429,-0.1332856006927973,-0.09401662612476468,0.2023931517676303,0.043147317567300045,0.3477132627545318,-0.25776401117288744,0.04414773724647086,-0.19846120932064604,-0.5258380044611588,-0.009878948236451026,-0.2063036391343895,-0.4339399835461889,-0.15977640619158548,0.20532766888489862,-0.06399182649098743,0.11100741431821347,-0.21300373907651407,0.0869302242352102,0.05365990721885701,0.1116865562398197,0.7371325844887058,0.5547715739045503,0.5156597675591489,0.764218067982608,0.6432210745276428,0.657427111453565,0.5605492587576113,0.6426058357491776,0.5623561488666539,0.5686479531206877,0.4887582904754739,0.5553285965939689,0.5500058301941811,0.5913027463024974,0.49781908572795724,0.6522975138673693,0.7871052462526468,0.7080282463430145,0.7561690880294868,0.6449217167999103,0.6592033006937438,0.801028762997733,0.7373500330682536,0.834510858210095,0.8058473137571827,1.0,0.8141362054110939,0.626940277607049,0.5270465531750831,0.4141395214100333,0.5942034881756104,0.5542468051374423,0.3603823571057266,0.39138595068311466,0.7415876137896161,0.6290048925734916,-0.09961929926697646,0.3332402370774902,0.5090937049468074,0.6823568861274084,0.563318558563275,0.572747600188918,0.6004400710089278,0.2615948940548515,0.15060223047022722,0.3544177625898802,0.2986678510379172,0.20397719483693177,0.33176401682330753,0.457396213154329,0.3681244254316423,0.3611417734576447,0.2486578440362543,-0.014416820651516473,0.2946491323061842,0.27117448447381465,0.34095029143711314,0.5188154725424877,0.562825806685787,0.10699031225938162,0.4594489021684653,0.3465104493443183
Os10g0575000,-0.6646779352775429,-0.5147142901797312,-0.1353901666509063,0.25297433296982325,0.05129618053780077,-0.3196702657746322,0.006723422378134866,-0.25443925371144344,-0.5104530955583692,-0.48500111316227834,-0.35200360939287756,-0.5436105034539207,-0.5751236801101748,-0.5272956139280416,-0.2946437042526171,-0.43269645226453723,-0.04822715631222662,-0.3754982944467302,-0.463926211119082,-0.5845581590043241,-0.6658231742544138,-0.2400062433133613,-0.3599926061082482,-0.3502833308980034,-0.5394094789276138,-0.34242216608872394,-0.5014102643381692,-0.4800144663390263,-0.5890988349196787,-0.30962048836755307,-0.46872665390634305,-0.21967840673666103,-0.35692620570130734,-0.49197623747689684,-0.6048805319269366,-0.5471896022509728,-0.7395061691557279,-0.7130659461678822,-0.4945866667191661,-0.5411812295058983,-0.6494458571855314,-0.6531100167706491,-0.4920612254031599,-0.7744187928719803,-0.6949445934713258,-0.4675196651966455,-0.5679020660175303,-0.5829373537700943,-0.6173548983078423,-0.6327474245806934,-0.7308658049980274,-0.6553971853059072,-0.6826817218571858,-0.726376665419106,-0.6671774505118342,-0.68326865224826,-0.5993428614157242,-0.586362798152889,-0.6471154793030811,-0.6349051540203666,-0.6851493321197105,-0.6112251492128278,-0.6410581416203469,-0.7687128951400666,-0.6944616350824954,-0.6743544169381495,-0.6552011357934128,-0.6046555908748074,-0.6242275219588188,-0.6752231674201574,-0.6639194184295527,-0.6546783273107278,-0.2977100664291094,-0.07718240509024656,-0.32330387680867756,0.11008014039683879,-0.38413188454525765,-0.35111335385881304,-0.06529512658620865,-0.20493077296351472,0.16599688073406582,-0.46487391670323613,0.40390052672440757,0.10937160529949129,-0.2594205432085488,-0.039010179772340434,-0.12773485093011835,-0.49143308958212273,-0.15674392135735654,0.16736586822672908,-0.0731913401984124,0.149456152925691,-0.005846403666093714,0.3001327459041317,-0.14664785107161182,0.03364322008365886,0.42773999073036345,0.4170661017653821,0.306307890857613,0.5241314357222885,0.4653715389901244,0.517423860943015,0.5821690361445626,0.5777869076367057,0.505750657708049,0.4211207499154621,0.3747730338684737,0.3423679029900784,0.41659334870661857,0.382941579442476,0.2910623871614272,0.6430742981602487,0.8640645034345577,0.6744251699664184,0.8000710730547916,0.6523102927468459,0.5870782799418492,0.7465955397323185,0.760404272189954,0.7941963329892645,0.8400368996141493,0.8141362054110939,1.0,0.3409408857915759,0.41874176572454996,0.3991713819746808,0.5313128113373742,0.48402371476897305,0.2578381511176979,0.23384766737528517,0.7541549990253713,0.6018817883880369,0.1452047339188073,0.37102291398816584,0.6360431975018784,0.7621601399313055,0.6997982899160106,0.6744933904898057,0.7145721972464351,0.4072460531464197,0.2428588833687076,0.44741823484784454,0.35965853149315086,0.4697449203705253,0.47809773551662466,0.5392445944920758,0.5503509517407359,0.5387589357618996,0.20609237655510224,0.009415818050976976,0.25530701801276634,0.41128914153574914,0.4465914289376695,0.6299531430061515,0.6237840013451679,0.4288785385760579,0.6608057223004132,0.4733144863777012
Os03g0402800,-0.374208399561329,-0.6680035382036671,-0.33872995671189843,-0.4219257205734794,-0.21411472782655022,-0.36731080583617776,-0.05529038524508252,-0.05918736423151752,-0.13947116848557523,-0.34897576140099196,-0.44803303494134467,-0.4589046285468916,-0.5110797800468747,-0.46476163034756707,-0.1099003860114702,-0.1348005321785535,-0.17492585428715157,-0.320966077301104,-0.12672682822301162,-0.37057141448052616,-0.3964128599998668,-0.12206736825863328,-0.2382449517886299,-0.3752335915280864,0.006162698550026957,0.11150560080311483,-0.41881759294982096,-0.23734458759228058,-0.320065706396509,-0.015097509825577074,-0.23091099459791678,-0.15333570016634318,-0.32094239625528087,-0.6090741352143352,-0.33563187631488467,-0.2131279107249917,-0.5952683914610902,-0.5759316312251148,-0.4242367411416599,-0.43107768307307337,-0.47761482119385773,-0.33626574028833467,-0.08359939743022726,-0.23283589097432597,-0.3811419162227597,-0.4555081231609439,-0.3790141815405501,-0.43709761206145675,-0.5548223168627424,-0.4539236095780409,-0.5531960829471391,-0.4320841139997678,-0.42122455927655905,-0.38836422582059144,-0.45420063689390844,-0.4986455456990645,-0.5196508521796035,-0.4678839285886764,-0.5080551817385971,-0.48687717488057225,-0.4274773850188239,-0.1591159473660771,-0.23491997565503198,-0.3588657492102532,-0.4422375840844044,-0.3957674505749815,-0.5225242525334773,-0.4759550289325085,-0.4255630722301129,-0.4156733822496484,-0.42135981513317555,-0.37138551404812814,-0.02018852197349519,0.2330207234459399,0.31436825386717704,0.43152960247502814,0.10984240782099426,-0.11723892051571841,0.2569537832385667,0.20151336358285196,0.3343082139754539,-0.06676894168840385,0.0075337163332215625,-0.525510607915838,-0.5142829954031662,0.02216962447050957,-0.2875541614653533,-0.3923272518609484,0.002380244879711872,-0.09405246475636411,0.13682376176372765,0.23346610948230695,0.04752589658145802,0.22132242337160016,0.3194367825576398,0.14829565503874928,0.6668549183637869,0.17563226847431648,0.3460582078716237,0.3462487456202313,0.2674281396061201,0.3510911801845043,0.35589953621314413,0.5480998916961414,0.29050450905732567,0.45625890563384,0.43456908798541205,0.5130066165138704,0.47908121921316765,0.17241993859000235,0.14971944131104425,0.6530882715052283,0.49453836402616774,0.6009162392833857,0.5854857354677377,0.5335659355438586,0.5247573275282017,0.6033138137943483,0.6014349243989376,0.5311986498755475,0.4254315087042817,0.626940277607049,0.3409408857915759,1.0,0.7664416650168153,0.6192670653492685,0.6945364487770012,0.6576068107062261,-0.09648822740760395,8.03974812463452e-05,0.5439529316984393,0.20662028830602516,-0.40063223829322264,0.27819177392618505,0.28010595801620264,0.356713061834099,0.22982838163339273,0.35345713551649227,0.48861200188577125,0.09912915140037025,0.36541906455496237,0.1863895211395137,0.29550529233372913,-0.11076855570947271,0.37529121088811146,0.43246953149389533,0.2529380392870202,0.2014337058389092,0.5186766627541072,0.3402326917804459,0.5322759329475154,0.4441274698253736,-0.15307028910081605,0.29148116535355434,0.044634170677138964,-0.12799107227709414,0.18714129267863625,0.35458283872096286
Os07g0615200,-0.24733330642853876,-0.6984411080844523,-0.45748853711898896,-0.3972913791620915,-0.3378540912523843,-0.5089995882685627,-0.23048731129492334,-0.0549969840618825,-0.27496246621771875,-0.3942470329021334,-0.45792749947658706,-0.5147695779536037,-0.5533124085315113,-0.5990576432391652,-0.16202355643432287,-0.48795594721022423,-0.1873346333926858,-0.3957647099778441,-0.26822794980432024,-0.3854508369832777,-0.4806365782576735,-0.2566440541163083,-0.3738692580605538,-0.41791477466569754,0.035578774778746776,0.17312517759912865,-0.30668937094347365,-0.1457019909108511,-0.2259239984933576,-0.03657576299702378,-0.15466852469725975,-0.02332148849521497,-0.5192040992071054,-0.5316145648007188,-0.2744520924670942,-0.19217965778368123,-0.6391434135296608,-0.6036024498589203,-0.41792305274882485,-0.49983200281456286,-0.6887908993124222,-0.3737768527647195,-0.2096290944196007,-0.3422883090533374,-0.5311966105696406,-0.5309876025014735,-0.5086188864293014,-0.5069218573701689,-0.5517897131609641,-0.5406674475530535,-0.6210331228327605,-0.540086036530601,-0.5160231794653594,-0.5047968806024214,-0.523274572894545,-0.5004274254299567,-0.5863267873004658,-0.5060856456476159,-0.5631716086567743,-0.5770048636549953,-0.5042793530267625,-0.22578452265110696,-0.33824132499126985,-0.4323715904886215,-0.47970529205444556,-0.4507945575205623,-0.6056513649051921,-0.562096772102911,-0.5036024352805719,-0.48407789973841714,-0.45858610746248846,-0.3801733201861182,0.17820268604841355,0.22810496568888644,0.20792234754811212,0.6431869275800931,0.21564981864528537,-0.05149020612470274,0.23569643281186298,0.26142775610141183,-0.18140764099367213,-0.4938110788392309,-0.027589019030610357,-0.5756435669996451,-0.6320885338585126,0.07529265594050341,-0.31625223316882883,-0.32017578542035696,-0.06845274133226675,-0.0934531563107138,0.051542346830596025,-0.03132447264557711,-0.01969831730547943,0.19301293379660123,0.23308491720526858,0.12656751812874822,0.6088565668169612,0.24653400680401139,0.5217721975566235,0.3670304689783647,0.4172658073648909,0.5441973293217411,0.361803745572116,0.5436093857544786,0.3838408565564838,0.627264212920975,0.5756156258497066,0.5806398888374339,0.47893742317548965,0.10477646996430684,0.20218911388399896,0.7088605732405131,0.6192571138810664,0.7613341431455776,0.6655653630307354,0.6316574455655134,0.6895954842139964,0.6921175287867789,0.7113235325043465,0.637163578854911,0.47323283502538727,0.5270465531750831,0.41874176572454996,0.7664416650168153,1.0,0.7275411309877805,0.5955189631763795,0.6560917983902369,-0.36817332372544026,-0.10746893093352965,0.43529372061561783,0.1798476523943469,0.019536837036389997,0.5702022790840964,0.21536267892871977,0.412398270357527,0.44098501659388223,0.5019426284987293,0.536020448021787,0.48426130159925146,0.4433704164695691,0.36909505080454613,0.41908126193108813,0.04869223895077041,0.4033068376593544,0.5341344701484814,0.40534362992638207,0.37584580261914696,0.3863690721047002,0.408110913508358,0.6691960242018012,0.613074584804075,0.05951204248756794,0.3093311071065832,-0.056055352950124954,0.2168030623560951,0.20479349435482844,0.32442862650921694
Os12g0617400,-0.037216024698373526,-0.24630586467224824,-0.7497445329467075,-0.43543059681458923,-0.5540899214030234,-0.6992940111376683,-0.15683065071897548,-0.18676048653673386,-0.3037962642168791,-0.24516732254654164,-0.3671831275631145,-0.41035168743785244,-0.5532306985154829,-0.6189454682656448,-0.26355290024901895,-0.3982356631879408,-0.3003161862481263,-0.36964331880768214,-0.2866633548727937,-0.4001578996406145,-0.49169598472397924,-0.2526220343596336,-0.42520541165671777,-0.5010496310631491,-0.0805327050293275,0.005432330614614581,-0.2749804156538091,-0.29398417802592786,-0.23023039111058066,-0.21440002621023438,-0.11712714828401571,-0.04883042547184169,-0.7058297573021887,-0.6993982692084535,-0.12380281898007284,-0.20429262524400388,-0.5608404590862337,-0.4659973505322362,-0.3867500067625015,-0.6373802888547332,-0.625024731530884,-0.4338653412234727,-0.3526577650978311,-0.43113445800573297,-0.5823178261311553,-0.6651353891340301,-0.6305748166348585,-0.6104853074937838,-0.587021058598754,-0.6260750146265551,-0.6094493767827749,-0.5314892132550868,-0.517869008370902,-0.5404018377075959,-0.5625603222232045,-0.5920187132680748,-0.6502604670748704,-0.6133310460456954,-0.6172648033683735,-0.617469279164736,-0.47385730016475675,-0.4100736451016826,-0.4722859855235883,-0.5175104121706738,-0.49381843147064897,-0.5643993059738899,-0.6362715097608173,-0.6126250859266611,-0.505575988892195,-0.516372395985813,-0.5865990196032356,-0.47353273510936594,-0.3816501090221918,-0.3906735844158875,0.059642391113117935,0.4705378633225588,0.21342779250576588,-0.29063822152292157,0.18968590881731506,0.1254186142810129,-0.035646698507308915,-0.27473769938770226,-0.15396105368178836,-0.47569604523467385,-0.6659918614704219,0.0003568612924257298,-0.342987482467651,-0.22317370576451925,0.07553369269002791,0.3141813050137838,0.10778693614422366,0.0668571326983002,0.010964126791084647,0.25018985882190264,0.2251153836587384,0.1525138689908299,0.5995648776996869,0.2005934879004244,0.5164864612402092,0.2945429185054772,0.43236567684136235,0.5850129351880987,0.47364323155202,0.6691058325488346,0.3687492789039911,0.5335515738541211,0.47734108619430804,0.4726003538677236,0.15620502142436002,0.028159944675086482,0.07569964214298998,0.6557318921560283,0.4693980418615763,0.710767636044215,0.6131262937101963,0.6556696397606071,0.6432741787419564,0.5152688840706496,0.6488253837013221,0.5405774928469839,0.5117698870255024,0.4141395214100333,0.3991713819746808,0.6192670653492685,0.7275411309877805,1.0,0.6777355099522874,0.7693682106594941,-0.33427412506535137,-0.22178393564381269,0.39760553789010655,0.18219105158046692,0.13805910384576733,0.5256085779218173,0.16475054947962683,0.2165654148054768,0.40858345292005804,0.45306091194476156,0.5982786205629091,0.5798618596087448,0.4951892664866848,0.4118463104729938,0.49583432174889747,0.26149733097528255,0.5218948635523346,0.6890622015017128,0.5634951241443521,0.4745826323971183,0.3649195080106882,0.6263306708600855,0.5157821596233717,0.6193569567579997,-0.022055680821739674,0.2683314306717003,0.15155422382527947,0.14683141456396506,0.1311590835487683,0.25913283662769077
Os03g0741100,-0.38773896223232135,-0.2982082928638641,-0.6356309595102012,-0.32915091212565734,-0.37912778669595937,-0.5231889829796644,-0.163077797561696,-0.2324271052698036,-0.20743794932150272,-0.18582019477574122,-0.5610811156233904,-0.6201378684591422,-0.6681672199893642,-0.5687124688656992,-0.03816447994164637,-0.02459504522873669,-0.21233821141733286,-0.47168138795293807,-0.2900806237834175,-0.5360441453163748,-0.5657941639838131,-0.4287819130512143,-0.5684294466126456,-0.6994749809104359,-0.4428965927720671,-0.43929586863823156,-0.6088421441375649,-0.6507457019139171,-0.6867451530264533,-0.3753306351524324,-0.5213570884996888,-0.3595085344013458,-0.3417147067214577,-0.6044069329605213,-0.35651569130111055,-0.17730485201934185,-0.8331412510665112,-0.8595643327858262,-0.8583767987432772,-0.8255575647551516,-0.8117777528341142,-0.6348991967196416,-0.5052945601613549,-0.6547268720260391,-0.5624800089315507,-0.4952290018803823,-0.6294542189848691,-0.5778773763238937,-0.6335980107775575,-0.5973918575176105,-0.6684687235828253,-0.5790303448896018,-0.5504422072491572,-0.654050014549397,-0.6531117403532837,-0.6983397164532497,-0.7046255418781198,-0.6901361404317473,-0.683844470698616,-0.650617698233678,-0.6952281209162695,-0.5127637360048969,-0.6596946595325688,-0.585540467540365,-0.6503888715267635,-0.6384276040747731,-0.8123698818687297,-0.8050619787148762,-0.7272106541799326,-0.7053007177018533,-0.7120328694154258,-0.7346708470887157,-0.26971050077878733,-0.3129663517280809,-0.17758032163860746,0.318626764476748,0.0033050856167698528,-0.33940664970439405,-0.03302518289061555,-0.2179081756893898,0.3101168297597651,-0.3786144793941992,0.1124664660628737,-0.3859867394905193,-0.5645473149675138,-0.3478366746775274,-0.3964648930040197,-0.6907054120556803,-0.3296138946706203,0.3422618814085297,0.30446854110353566,0.5617736166035885,0.28567460933246347,0.5436116723748308,0.40009651929401874,0.3348680759965949,0.40274481771049997,-0.0508859845221683,0.2026407060500538,0.2577909560498232,0.35952317132838946,0.4263861783991652,0.6212671155831998,0.6277540797803408,0.45579396641857367,0.4620231449621356,0.2096744671419306,0.4275891333634063,0.3447659572738435,0.25004297451115265,0.14801763186005693,0.8372513703879003,0.6875621547885911,0.7653117975992121,0.7744794064060089,0.7952569300448574,0.694445202752811,0.6744990085806839,0.785754819726673,0.542787518350162,0.6099553894883137,0.5942034881756104,0.5313128113373742,0.6945364487770012,0.5955189631763795,0.6777355099522874,1.0,0.913424447296154,0.13340685786994974,0.1974415561302336,0.7165692145134325,0.4879928784034619,-0.350107925436881,0.17385027322067234,0.42754020578136626,0.28836138217634744,0.3923162044103715,0.3877745351988568,0.5673609070255408,0.327870949519252,0.2887338854545514,0.2329355228812846,0.33730884978171827,0.1742749639411731,0.6446322968884648,0.7079137315721015,0.539601954613798,0.5586929353936082,0.5657198524278563,0.3171262955506012,0.5242967333017725,0.48242618315120384,0.23069796328724357,0.6627183849995791,0.5457120839580236,0.31624542045333887,0.3443505940220668,0.6234888675057145
Os03g0283000,-0.169376544394311,-0.21981501007768417,-0.6015048448990463,-0.36109127652854084,-0.4809980332048674,-0.5755132122503364,0.013778093485902169,-0.24247893033583948,-0.20370411746164865,-0.15357801420929443,-0.5715716110911468,-0.5557661345340871,-0.6033501531939286,-0.6325183174624317,0.03666939905900613,-0.05876431492509354,-0.010345192348694196,-0.256818532102169,-0.15106713616007333,-0.3601794328566295,-0.40835613693096584,-0.27628485983056805,-0.4825344601721703,-0.579613895365876,-0.21823246316480457,-0.17754701894700703,-0.4175682916478883,-0.44702404505782595,-0.4884194431821582,-0.286733901472788,-0.35976070421517437,-0.1594385276126015,-0.3677241876263085,-0.49352127826064524,-0.17017032375101068,0.0011336944404504287,-0.7127089248178156,-0.7037757949088714,-0.7067918741376744,-0.8155605112931813,-0.76079935117263,-0.4410092770098636,-0.36719744309247665,-0.5325718406243577,-0.5308301456373816,-0.48195185330213164,-0.5564198122224644,-0.5251701292914136,-0.522284272256162,-0.568799812662397,-0.6108036379685088,-0.5051401089981066,-0.4906373973608267,-0.5822846775367192,-0.582820839367821,-0.5661062642228029,-0.6164028702362198,-0.6199467756659608,-0.6177546151099953,-0.5808872161867571,-0.6507149782123539,-0.3492844252655565,-0.5424511996990116,-0.48272039387665916,-0.5089264294171304,-0.49938030066654704,-0.7065658259191507,-0.7010971046255916,-0.6001201003160043,-0.5584587960154166,-0.6135045144021355,-0.6130266215475214,-0.18517169886439372,-0.3414109710875096,-0.17829749832261188,0.4666126563965324,0.22912926630356428,-0.16772097875339123,0.05942553455461656,-0.1159145500596989,0.21703995793466738,-0.2591011275144209,-0.1219786895501942,-0.4631587587736788,-0.7212497882903736,-0.3327807916994141,-0.5252306424164905,-0.6090421546288223,-0.31763613030003085,0.3046864220474857,0.2980861741067979,0.41804921891740165,0.146623314705787,0.37021170558953537,0.41997667242890535,0.40199430255345003,0.388917799778065,0.02029586055277095,0.32522865652114635,0.2988472882178878,0.3951759957718045,0.47597483141275876,0.6003909747598164,0.6994654481610665,0.46571804289730634,0.5674489505664004,0.24896708574979473,0.4797468831953147,0.37816355883140124,0.31112569872384166,0.2249207258479197,0.7188749000626096,0.6023603027647393,0.7608107724289235,0.6740847047716143,0.6774668107446371,0.7075120031014229,0.6317023134914586,0.7376002309885934,0.4933306190432288,0.57448763820302,0.5542468051374423,0.48402371476897305,0.6576068107062261,0.6560917983902369,0.7693682106594941,0.913424447296154,1.0,0.027302339364204765,0.18816108016463617,0.7310266719250178,0.5775431520976573,-0.1789446701843612,0.27931693577243444,0.1877446369055839,0.223128638269486,0.38537706780337283,0.276735820157595,0.46121429587070145,0.45433921133771116,0.26829835365203686,0.22039769172022017,0.3312183111658716,0.09255291911828573,0.5346483837121898,0.6645804763848636,0.4975019839521667,0.534355524234843,0.406439620641935,0.24661324573869572,0.3405506968330069,0.38121399852201887,0.1684003010571197,0.639140481681082,0.4747905745011719,0.26419921824151327,0.22267635724862336,0.5464564284413538
Os11g0106700,-0.37201387407751063,0.013998647293338108,0.2405192883729459,-0.07840639176741825,-0.14075563365839244,-0.1998457447234483,-0.1668540492596618,-0.5129191103763893,-0.2830001572719489,-0.46611484045415563,-0.3919838250363762,-0.39811959067098535,-0.3846605452627061,-0.2871048704319941,0.22034887354834198,0.3788362535355672,0.1630491478956643,0.26520639053537487,0.2210637750456171,0.18316718575103164,0.07760255630940979,0.11038635687959389,0.22103261746876093,0.19403665721060523,-0.18725593696836873,-0.21232898449447069,-0.10721471556545725,-0.0691521150807733,-0.1795783271796709,0.18331585986063492,0.015416817547925628,0.20221866593793458,0.45037256547817045,0.06913844439808818,-0.21923033630221003,-0.21111788067693285,-0.13173414290915003,-0.16750159583802282,-0.24172157229134808,-0.23305001459198746,-0.08238068783026561,-0.13727346902156976,-0.2715679462078988,-0.30075730365791353,-0.2026771996244717,-0.14040467192993733,-0.05996851248369606,-0.1055779578032361,-0.06684722168182909,-0.2718694916887726,-0.23742841829725111,-0.256167240303525,-0.20523217841289906,-0.28429128734736847,-0.27946921981058587,-0.24400787473430757,-0.14243215763341163,-0.22235096037175003,-0.18691409686609198,-0.1650912237702126,-0.19616740351327322,-0.1524032194359321,-0.09296299235658728,-0.12465274052767812,-0.13536674074670577,-0.043467652568647284,-0.10807295764335398,-0.05967459583637807,-0.21168760972951373,-0.19346262743609074,-0.18843934013477473,-0.23230686505931009,-0.09337330546458224,-0.027054612558642867,-0.23680891687161448,-0.02623594733057041,-0.06033388188487186,0.3473890020933954,0.30547507223284176,0.026422419139000616,0.4732762139384098,0.11075878860297249,0.0757191510949349,0.10951791412148293,-0.05438851889476011,-0.39589957930300107,-0.2688914581112707,-0.058898998443964526,-0.3905601899242785,0.16919388505055769,-0.37411140557223677,-0.015665857346737862,-0.4370145298955211,-0.27424640244847875,-0.29947322287973355,-0.3274191182259923,0.03173149713472303,0.36042418476556015,0.15744428142493985,0.5131158002800636,0.4529480999276167,0.29993297819632586,0.5192294686605575,0.3456382250290438,0.4514746547055184,0.24950037615323956,0.13163113106479113,0.27692469326175156,0.3537869968000279,0.7297743965226677,0.5813562639295564,-0.11628344213952882,0.23391142558729186,0.06863064229460801,0.0842657149163693,0.13302089583786197,0.17486059022940936,0.26631387341547136,0.17499078729968823,0.25355102067831475,0.4420049285168832,0.3603823571057266,0.2578381511176979,-0.09648822740760395,-0.36817332372544026,-0.33427412506535137,0.13340685786994974,0.027302339364204765,1.0,0.5276402278017794,0.3452465714090225,0.5928061376046068,-0.17209695041968376,-0.21477690720793147,0.04962544600475766,0.13947104040010797,0.0655861600808381,0.10961914319486246,-0.06636208687022327,-0.21360408543146883,-0.4727748672712149,-0.17917129513101226,-0.30062920854739755,-0.1521433118289634,-0.2534660502918335,-0.1288540660748588,-0.20817755938393784,-0.1531642787790354,0.006943162537400036,-0.4808219748518371,-0.20847255956632782,-0.09278316688295676,0.20687367086280756,0.09703293894999149,0.4691910245050176,0.10090221747226152,0.35111522520678873,0.23842398392196004
Os05g0457200,-0.29795894741602247,0.03219070475351397,0.4271565360121098,0.14579411807934065,0.08625682777440069,0.07526541874050767,0.25109433153900573,0.1217456306990561,0.28092707264658756,-0.10121081157765342,0.06200555636948512,-0.29725293208238174,-0.07719154886635986,-0.07799069026462073,0.4890663221649306,0.42502606515380814,0.5236434964499945,0.43664131022538166,0.6115295041656539,0.3939907629641392,0.4295756045533097,0.267052221676412,0.434932760499714,0.27551924219440654,0.04473126456849346,-0.06059239870444807,0.2985808014277709,0.15582229532118244,0.06438577987475873,0.36765396806198025,0.1423494233501593,0.35555417926251165,0.6491462861058492,0.5064818106613213,0.21251499922113623,0.3773261932945644,0.049696566945587536,-0.21228186133178237,-0.21820797791838176,-0.10186294764325135,-0.0611372972261161,0.1623838487201756,0.08913781013309238,-0.09761746530787678,0.18953319826603243,0.3837212235944405,0.22688223859335832,0.38955982193682914,0.37460120760234006,0.16970021239397357,0.11550246988778573,0.18021719286495214,0.24630385743931965,0.1247851356872479,0.15883818869684407,0.17465847644059665,0.272594007241459,0.22119036184489868,0.20065096961940437,0.24454922461894793,0.031815549946348116,0.2544295982698881,0.22428968026561028,0.257266546305621,0.2618538102867749,0.33238064730170497,0.15027882804256604,0.1764113228648765,0.17522031029743632,0.18577418461060036,0.2120991192000829,0.1479426918510892,0.1889495509475088,-0.02871859934414023,-0.3105500254047435,0.21884206450028248,0.34974088416516497,0.27055159953798474,0.1817980758663381,-0.15114874388489022,0.08495274481560482,0.04864454844252455,-0.30236398060916414,-0.14865895149570285,-0.3170314866236119,-0.560438667518733,-0.42366382722161466,-0.47708983735046084,-0.2944188296499626,0.13604875384442025,-0.045241525777710595,0.3033116309524483,-0.16588207894254414,-0.17414577105302598,-0.056377366974954914,0.3816426167563911,-0.1347265084765178,-0.07861324190630492,-0.025039472969423937,0.25200072117241945,0.2510833990425451,0.1287316483993849,0.07112732841476413,0.2196256433835131,0.29878907208453115,0.10638210064840244,-0.023294789960636733,0.326765160893879,0.4628562424219228,0.7055751578453029,0.5552634501170557,-0.048744526151507254,0.09122108766741722,-0.06720733256977363,-0.07461313128745872,-0.091828622709662,0.1446917834747495,0.17839704159493977,0.24097358504207103,-0.03258597397752149,0.18218395523710015,0.39138595068311466,0.23384766737528517,8.03974812463452e-05,-0.10746893093352965,-0.22178393564381269,0.1974415561302336,0.18816108016463617,0.5276402278017794,1.0,0.5708059447349891,0.7450547204977933,-0.44559063544779975,-0.6052657514370492,-0.18553682240327937,-0.09946941033607057,-0.30398447416206675,-0.34531001974256786,-0.39342813626247736,-0.30485108969477615,-0.6557384157685168,-0.4840080695997449,-0.5782646325640043,-0.41442709517468207,-0.32503684332408045,-0.3178405379512364,-0.3644695543035776,-0.2600889043739979,-0.20534429955253178,-0.736216367159526,-0.4300713760121272,-0.5288110719105387,0.08195839120080056,0.22450671480928797,0.3969379926599546,-0.05114562120355683,-0.15659523140685364,-0.23842890387093052
Os10g0392400,-0.5910557021920668,-0.35391118564047436,-0.02974555765907068,0.11633604222157369,-0.10181017775968194,-0.2569830571408138,0.2845871552535948,-0.13980910268838928,-0.10212487992808499,-0.3246458490518978,-0.4300356971377214,-0.5483540808544772,-0.5558404881000532,-0.5176168920297235,0.06981982731884703,0.03963470101468732,0.16306068410019298,-0.04075365438751013,-0.03011431433846984,-0.30138360718529333,-0.3245889723047385,-0.08678801652843754,-0.18257462330441634,-0.32121129099159246,-0.2917352944042779,-0.23643128537340882,-0.35497301146341814,-0.3904389890340582,-0.5042902002144781,-0.11301168354947039,-0.38690905454101965,-0.11466905174978742,-0.02423333883084566,-0.23557819573760674,-0.24466313073964222,-0.04147387367008281,-0.6431791346950861,-0.6757756634432075,-0.600888914944472,-0.578241874215625,-0.5889351555685747,-0.412739903123613,-0.2600515445764017,-0.6095051107932745,-0.4282527608920978,-0.22383933039716392,-0.36424466194752536,-0.3380693484467112,-0.36018916983385346,-0.4250837628388281,-0.5382912565475272,-0.40666511963334273,-0.42161818211724145,-0.5097962544393836,-0.47220545741107456,-0.4811026559753326,-0.40553697355142154,-0.4232627387100431,-0.48477829837721514,-0.41587165588425623,-0.5828403751402953,-0.2736204614456302,-0.41034298668408586,-0.4501056872778946,-0.43246718859125627,-0.3721635083606579,-0.5300119453398525,-0.4991268232647874,-0.432166333984857,-0.4516171389866532,-0.45970731199162645,-0.5029335051915648,-0.09859807792089631,-0.10772039578504537,-0.1540224465438617,0.32039666331450695,0.06932858092775962,-0.12417133245404717,0.05630341970120502,-0.26828784166817987,0.2980450625341356,-0.18184933495687425,0.1565753932888789,-0.1990016989171902,-0.435628685574365,-0.40444679690055935,-0.5041291290109308,-0.7341568942742484,-0.35927552782964667,0.10420791436853857,0.10633131905373547,0.43858094828566063,0.03668085680936271,0.26309415219014903,0.015467987920153378,0.2866598573847786,0.22481107802501607,0.09047729026661958,0.16967170705729429,0.4041848839964981,0.3802027563014377,0.38564559751946037,0.5425427411210277,0.6642411907355644,0.5182584271507414,0.43107362619327244,0.255224298326755,0.4638869243794133,0.6317067421071842,0.5805557088163678,0.4070033832221941,0.537623562073128,0.6749814529872274,0.5695660567162489,0.5932450341245106,0.5069939829015676,0.6055635574558176,0.6890036671838784,0.7790147476358159,0.5072359163392712,0.6849474927662853,0.7415876137896161,0.7541549990253713,0.5439529316984393,0.43529372061561783,0.39760553789010655,0.7165692145134325,0.7310266719250178,0.3452465714090225,0.5708059447349891,1.0,0.8628198333306727,-0.30173246014796157,-0.022846514937593754,0.2807717079958945,0.4344302152080813,0.31238612980906866,0.26509570866467264,0.348371440199552,0.19271761076921254,-0.05371062272106102,0.030297248915665428,0.01654645628147916,-0.010219473585178837,0.29964532455506565,0.36330067323819204,0.2853785844928374,0.31700054019636587,0.2528819264973882,-0.2425838042503058,0.06076932403966467,0.15414527587199844,0.22343355387638014,0.6797548797518635,0.5590454900302896,0.1472260487807065,0.3601329526624404,0.3787071068571194
Os06g0649000,-0.4576892506384499,-0.13412829397376563,0.09157612248554134,0.04056028362100864,-0.23646131130279685,-0.342305740047495,0.20763431655803496,-0.3110029872185911,-0.1918383621091887,-0.40167597703933333,-0.4587970805064696,-0.5423651507930984,-0.525998626492492,-0.5558337441665572,0.3033059561288875,0.19859152683764036,0.32015629221897696,0.3020820071267478,0.2475102950410491,0.08643219574459719,-0.016638796611772266,0.06938000180884747,0.07813288001356965,-0.022992731369698535,-0.11013588162187743,-0.0959938485577846,-0.052477401901643454,-0.11956175636535858,-0.24495012620628395,0.13400619488196555,-0.07010378944980881,0.24035012728747146,0.2605465826681667,0.07668911652361186,-0.07128249612145823,0.09208326192702024,-0.39089642718342665,-0.42804693490415924,-0.47954587275020455,-0.5379539306925197,-0.4732868107980906,-0.16777766464480923,-0.22316400261744243,-0.5175581710038745,-0.34062924347251095,-0.13991169750896054,-0.23360056225379772,-0.17313215798203332,-0.10395368099458473,-0.37347967503821106,-0.38729821904440603,-0.2960044200411656,-0.2892197380761325,-0.40698838082029215,-0.37211099134093006,-0.3113174927741802,-0.23920996353837512,-0.30547085642468047,-0.33523729067952,-0.27837835571387143,-0.4386322424901646,-0.1288247846453703,-0.22321390809067468,-0.23610996909768828,-0.20321127528751168,-0.13871555828582638,-0.298744854182087,-0.282360444817577,-0.29006602184675395,-0.2779176742319774,-0.2894633798047935,-0.32941676194608926,0.05706488529498805,-0.17806263916117773,-0.31277458934111746,0.4203492920580873,0.27761748725465096,0.24752105923211706,0.22909659210183764,-0.12453622885019157,0.15804424434797473,-0.13993956214839223,-0.11081540609927018,-0.18618483857542864,-0.4678393062682662,-0.5602669210138241,-0.6411893331955297,-0.5542003548250504,-0.5426854838199513,0.14597732877705483,-0.12685945216166336,0.18545698660165705,-0.2846648083677033,-0.09963488839637104,-0.12606562362569734,0.17814037018117074,0.09366032835237618,0.2087267231577775,0.27994321203367145,0.5198322721259651,0.5458927725192275,0.4894906774316804,0.5996239925353133,0.6656786411703575,0.6542644437179633,0.516799454884423,0.2874752238652974,0.5413219025239615,0.6697926398767332,0.8411483271064238,0.683773637269044,0.25411701027171263,0.5156894136181523,0.4246658587642072,0.3542040941460125,0.326388876731927,0.5732265427154658,0.5796878790757657,0.6279778125247837,0.39782465557315483,0.6596154137102331,0.6290048925734916,0.6018817883880369,0.20662028830602516,0.1798476523943469,0.18219105158046692,0.4879928784034619,0.5775431520976573,0.5928061376046068,0.7450547204977933,0.8628198333306727,1.0,-0.10048638282459092,-0.09161364971738123,-0.002183715478595636,0.21291872150020552,0.1952483816782333,0.10822795630295465,0.057435347428151096,0.13180616928859867,-0.4063984584134788,-0.1648845286708668,-0.23358034673189615,-0.17327606320335462,-0.040967668815891464,0.11893367450170049,0.0459643197308875,0.10956538848938266,-0.07996354074184023,-0.529811362411756,-0.2047264363241392,-0.05950425304694583,0.24374257843700883,0.5104282484439387,0.5793192985892532,0.1365704005005536,0.22920142280226577,0.2297886961299601
Os05g0523300,0.1080604434842896,-0.051494285826577,-0.18153819541845753,0.07859128071375736,-0.1581175511308249,-0.3410839983864466,-0.26914754067606583,-0.43758419282388844,-0.6547797636260029,-0.2967032486252119,-0.1929363286776018,-0.06387937975944598,-0.17124098941804589,-0.32316751251528153,-0.10530716265472195,-0.485522688467995,-0.14514508792476535,0.06599137203206859,-0.26547231578334846,0.03380678938792894,-0.19590181811968,-0.041103427321279334,-0.05147865125590067,0.10247558486014909,0.10417626676504273,0.24051749458110308,0.11711024798929466,0.17063461195067495,0.14563271157768845,0.000280544228517759,0.27829965210853996,0.2314778758626583,-0.3024717084612868,-0.10465712060589444,-0.20676192844165214,-0.3782291220490852,0.05449328931220584,0.30498154818317674,0.1897238596880048,-0.07915111468822499,-0.14820885617115165,0.041035078104618414,-0.15335054860586125,-0.17834506094657054,-0.2989412855823282,-0.3933970409517696,-0.3367717254100169,-0.3508671049370077,-0.17907154586633,-0.3738348717314078,-0.20469879582629716,-0.2695443226123869,-0.35050042208097343,-0.29351141498008243,-0.28549332436100516,-0.17835264124562267,-0.23080946930537768,-0.24078432268243571,-0.23855083781993644,-0.2806372008016195,-0.12744866992714518,-0.25825306830518857,-0.15509475303586595,-0.23360059807639347,-0.1761550953633517,-0.23100599579958125,-0.03858661483859842,-0.07105086534014454,-0.17315346383352062,-0.1491722120322711,-0.19053423433732453,-0.10971029286996137,0.02894007632583088,-0.08695285580394362,-0.11866442377522343,0.1628517758386747,-0.10619602828164322,0.1891956036226104,0.10003489927505102,0.3039913531538653,-0.553526554133123,-0.3608595673949882,-0.056004603861632585,0.08337785608236677,0.06298995246428302,0.1383467351689359,-0.034959475523355966,0.33359689977251544,-0.07453201699725209,-0.13587444434781487,-0.4645284312205992,-0.6921146789525977,-0.39304612407451806,-0.3352521209340952,-0.40704152357662243,-0.42960969208749283,0.11852711438977749,0.47325818620213944,0.4406153161418225,0.2002039776893193,0.2763929310321313,0.3539256438462518,0.2632703611901401,0.14198753826784088,0.31802644590120827,0.3468846120720491,0.4002625076165985,0.11320018420535341,-0.005484647949109463,0.004934610226932934,0.18608317039761207,-0.03592252163752667,0.14867772896770015,0.1833711287557858,0.07497447758499155,0.06222429778171894,0.21182344320871044,0.12283050117404029,0.02948223576685351,0.2584839431626349,0.2604230321866441,-0.09961929926697646,0.1452047339188073,-0.40063223829322264,0.019536837036389997,0.13805910384576733,-0.350107925436881,-0.1789446701843612,-0.17209695041968376,-0.44559063544779975,-0.30173246014796157,-0.10048638282459092,1.0,0.6577131434014538,0.010709434802264202,0.058641799426072574,0.39678300421511753,0.3980466724034391,0.2244269263923134,0.37653049183874554,0.04081803130472143,0.26330795468491247,0.22253708775466596,0.32023279419359013,-0.09874674181859681,0.0950071462123355,0.20836766252463848,0.12835352538437325,-0.4727558830445618,0.09751737961224902,0.04265915742713771,0.2806231418642102,0.12673830975568948,-0.12817245527095514,-0.019075988872699554,0.3027276948309767,0.24475114448676397,0.07322318157023937
Os08g0529000,-0.042344150675408795,-0.4940711561775162,-0.5136360468154001,-0.31283927848964665,-0.39924533884705393,-0.6168863710035226,-0.42779651183802847,-0.5307739380820305,-0.7849923939204381,-0.45109580232707835,-0.5071079667744568,-0.29550941073659637,-0.47250049944263706,-0.584268138562616,-0.4816288299872408,-0.7521903720232792,-0.406546348387708,-0.4520304495251601,-0.6002706537318209,-0.44512351385895776,-0.6284929205964044,-0.3904825586810773,-0.5075656405399541,-0.35198227969020707,-0.13759114048898136,0.1253103781167441,-0.41655807070226436,-0.18140931582944247,-0.2203886874849266,-0.281875642562167,-0.13216496439526615,-0.07213369961378385,-0.7350390801073927,-0.6682226279776508,-0.5464871234972893,-0.6153255643096026,-0.5068337363547298,-0.2638223503629666,-0.16822644012061466,-0.4617445524751975,-0.5178252637585029,-0.44109255218965776,-0.45551547979154305,-0.3965408647282017,-0.750214997937785,-0.8017227656586825,-0.6427919841384665,-0.7599760146746404,-0.7142412773688258,-0.731583488664999,-0.6950705224752683,-0.7173556750505699,-0.7431934663929357,-0.6564955656778277,-0.6880289944878932,-0.6105095580662644,-0.7045110108248599,-0.6827867936189955,-0.6894071848116721,-0.7446880726637591,-0.5744835384630433,-0.5370850720901862,-0.5217438348381859,-0.6580118092821574,-0.6334834315400254,-0.6471288038802192,-0.5555939734093756,-0.5511826952013195,-0.6201494593802325,-0.6053085267407003,-0.6286701034843919,-0.5151838715314216,-0.055956549872593304,0.1496055455813328,-0.052167454107239365,0.25359469028948245,-0.2157527461702126,-0.03752389047963954,0.1069628777996076,0.30491554953470434,-0.10873274453320013,-0.4166516165125698,0.120217639844887,-0.13965478148263688,-0.26342574613004616,0.40983116715883977,0.054636167571440554,0.19187189883145073,-0.04148161079445467,0.01745768862066022,-0.15234429811397351,-0.45757452123609976,-0.23555288295437843,0.023045721119958618,0.0021077982770724515,-0.3391379090783448,0.6391827150836753,0.6295442523713809,0.6379980413490842,0.47726385679083594,0.46570435986099085,0.5831688671928118,0.4704157990971933,0.3662534279650095,0.34094240765811934,0.5784273007750249,0.5286607472695284,0.26167311179086494,0.09215369986648032,-0.046162687208615785,0.09054193042361783,0.4743902101539023,0.5550537111155088,0.700575404134942,0.6148690431414346,0.5862666554398773,0.5300657068068574,0.5201838014831561,0.38216322393390245,0.7104372721928619,0.5092125874832029,0.3332402370774902,0.37102291398816584,0.27819177392618505,0.5702022790840964,0.5256085779218173,0.17385027322067234,0.27931693577243444,-0.21477690720793147,-0.6052657514370492,-0.022846514937593754,-0.09161364971738123,0.6577131434014538,1.0,0.3696630613824264,0.5399153169443878,0.8015490061527613,0.7792256591300438,0.7259713594373687,0.6912913481124788,0.5939847001401628,0.7257575988093173,0.7403506707180096,0.50289578463067,0.4107435347794201,0.6266299245125716,0.6077183915235347,0.5387706387722556,0.18479618402243256,0.5619718412931037,0.5877458235196609,0.7014604007024428,0.3142448661732398,0.1827015750726223,0.04908618273657383,0.3080901986830429,0.48909173968042,0.486582035683273
Os03g0162000,-0.5661914108358135,-0.4740373891961261,-0.27350978685356153,0.2861519558693785,0.17750461728024466,-0.10929350799668806,-0.2420282282084595,-0.26582857306844837,-0.4348064040385102,-0.1130686002621183,-0.18280032201405297,-0.2728315357211564,-0.32583038167218253,-0.18634827821690092,-0.5551973929224796,-0.5024297232319651,-0.5137524563740219,-0.8161307574056678,-0.7746823977629037,-0.8719384234453196,-0.8359987387528595,-0.7019811094588094,-0.6917690904793831,-0.6888363493278614,-0.8454378996098119,-0.6895316255269417,-0.8566784912272942,-0.8059444782115613,-0.8352816991722748,-0.7081640089209058,-0.7606113710827952,-0.74772674089777,-0.4699584519432455,-0.6370300625329549,-0.8796899451196788,-0.7245684945880617,-0.7193330950816073,-0.6662741098760971,-0.5779047862847362,-0.45902868126916024,-0.5286343847650204,-0.8152832723921367,-0.6495935699216182,-0.7023851523464213,-0.5804922461210008,-0.41592619971384215,-0.6256311184173712,-0.6218633261102955,-0.7517966761203885,-0.4875987763354894,-0.6188548163861943,-0.6191883291891256,-0.6634008222402609,-0.6290122030071922,-0.6160653130395275,-0.6989340384815782,-0.6294317065806732,-0.6170042850093366,-0.6429805313132513,-0.6483539521823011,-0.7091718529625308,-0.8289285786357843,-0.7850506041911787,-0.8158953711188478,-0.82946145635599,-0.8299665772576692,-0.6672881253551411,-0.7021751654236466,-0.723031282129312,-0.7724292254330053,-0.7307940499588886,-0.7632486344306993,-0.3447609246844532,0.10063462670437856,-0.38481631402654864,-0.38083014612565264,-0.8435973399709659,-0.6852174218248328,-0.5009047725587255,-0.45694403185671106,0.30502144960479144,-0.45684500356858687,0.670598319884943,0.23003557873055772,0.20278715283412752,0.20184088309897502,0.38314021015182403,-0.4268255447619941,-0.09234947279921944,0.19954834310289404,0.2677732508574844,0.37928744273015935,0.4404660310939373,0.6856997974719049,0.07565921351004601,0.007870647620244675,0.381063844917698,0.13301116774925253,-0.020688893063073803,0.17571897761389418,0.08185324002058535,0.13467467549780174,0.28342203660258763,0.03518499289019011,0.14109769487395551,0.045315331283058445,-0.0019009382486756762,-0.14315549583550963,-0.0371178269529314,-0.15685795984369444,-0.2215118141255535,0.7254740879526396,0.7091729062180521,0.5456369849021098,0.7704841444074821,0.664707965107875,0.34346768224814106,0.5095300560878798,0.4462010585667682,0.5772725336494279,0.4847293138395926,0.5090937049468074,0.6360431975018784,0.28010595801620264,0.21536267892871977,0.16475054947962683,0.42754020578136626,0.1877446369055839,0.04962544600475766,-0.18553682240327937,0.2807717079958945,-0.002183715478595636,0.010709434802264202,0.3696630613824264,1.0,0.6880648786417521,0.7022386599359974,0.7159408135987948,0.8304857556720546,0.28275911828660577,0.4991035506732496,0.6117436405405112,0.6444994223037923,0.7405381437010646,0.7546690875268676,0.6769256694562529,0.7464676606915277,0.7063730027947758,0.4518086616920493,0.3652696279888306,0.572426547458595,0.4283736133050843,0.6103504639119023,0.6526535713704537,0.5882631830666857,0.33229649363178976,0.7123554813697949,0.5946797661533838
Os03g0645900,-0.4477248827452838,-0.570683181222788,-0.02098837844623022,0.14296808226036972,0.029851209637846852,-0.18542638397678418,-0.04951588981219553,-0.20249300523489722,-0.4283163336813953,-0.3791825273941113,-0.20664800064814365,-0.2295482829218575,-0.32010066583704133,-0.29933189677178534,-0.7090228145924493,-0.6683344628436886,-0.22579186193905904,-0.5948135067675837,-0.6380894014364331,-0.7010445223621962,-0.6819239129881418,-0.40321927348575487,-0.4955895473383166,-0.37253753010099194,-0.5736417393165105,-0.2880158915534863,-0.6331686729871852,-0.44895329638858056,-0.49784755765721384,-0.441271991916712,-0.5760947522383302,-0.34531402389209365,-0.5527938601419434,-0.5634803285021571,-0.6346617223778993,-0.5996396927853874,-0.6720231799798484,-0.63453492772985,-0.2513083126608029,-0.3379319403331827,-0.400717582184783,-0.7313163401231113,-0.5343796188617609,-0.5490597459610771,-0.7359796355355581,-0.4690391481655677,-0.4087075064487961,-0.5511251975024503,-0.6554164768009076,-0.502487424983166,-0.683982540694873,-0.6614028323690014,-0.6442371927832129,-0.5977438584238904,-0.5659358974625545,-0.5819724776449088,-0.5346444959999256,-0.518057501374436,-0.5788294825169545,-0.6042632259845787,-0.6384760336368601,-0.57878479073402,-0.5972746984766674,-0.7765466379784587,-0.6736120983043926,-0.6317141917142984,-0.5813257545274855,-0.5207022541725552,-0.5471833668199569,-0.6338535209453059,-0.5942911707602822,-0.554859873635651,-0.2274993588923666,0.3071582128260603,-0.22523442411668207,-0.16349986948648637,-0.5405584896783644,-0.39006059205698074,-0.16102767574438953,-0.19843520646820156,0.398488608910846,-0.2426392799087823,0.5658216193774883,0.2557309570762798,-0.0769366199488227,0.4846251840961904,0.33560927400511403,-0.09174834291383338,0.06849838809545457,0.1935755567995976,0.11459088186653033,0.04032451143026684,0.026658328207759253,0.35348052745038244,-0.02126028393268658,-0.12163938924944027,0.5194628474940494,0.5103773697723699,0.25232231816121053,0.5286642192551757,0.34475083549803626,0.36764147763476457,0.288803777620994,0.2228910152285573,0.1145215603104129,0.2109209067281234,0.1998277249022792,0.02699977514676984,0.11340877352119304,0.0664205380615486,-0.013375740654205619,0.4818980859027348,0.7113425273102618,0.5865884871934396,0.7299683411016005,0.5943842792351466,0.34057855768227113,0.5573767548799022,0.46395510978098325,0.7565605223838533,0.5640363910532163,0.6823568861274084,0.7621601399313055,0.356713061834099,0.412398270357527,0.2165654148054768,0.28836138217634744,0.223128638269486,0.13947104040010797,-0.09946941033607057,0.4344302152080813,0.21291872150020552,0.058641799426072574,0.5399153169443878,0.6880648786417521,1.0,0.8344516100023396,0.7431779315183263,0.7671320121515975,0.5584014287213566,0.5942688935982703,0.78215300173938,0.6666479372308654,0.6187185728704124,0.568517145437378,0.5944713194887767,0.620431894269063,0.6219727314617859,0.4995634424759625,0.27043980492351904,0.4084296501353904,0.4548395599985713,0.597740618175606,0.49316726185966375,0.3278800993513013,0.23542494716879517,0.6482211369072864,0.4347453001045473
Os01g0221100,-0.3158708105350304,-0.4221509066522475,-0.419102679330411,-0.02805536213549524,-0.27439089852566567,-0.49542228095545593,-0.27325259347293634,-0.5024832832001044,-0.7049448739378242,-0.34497396862770363,-0.4462258664518128,-0.3109211000434906,-0.4850697268009012,-0.5104474333491101,-0.6612036996009907,-0.7250855672599704,-0.43251719948690154,-0.66315252451142,-0.7792208309099625,-0.7326510510754348,-0.8120497030695023,-0.6445756181863993,-0.7365240163566872,-0.5841540098442239,-0.6397692919482304,-0.3754429238730565,-0.7145945310584294,-0.5845793721026962,-0.6025845945262025,-0.6070941164510649,-0.5723488652169032,-0.3803011107869675,-0.7038242036909432,-0.6719663712590013,-0.701085193494414,-0.6459048288965206,-0.7746805469622604,-0.6225976265877411,-0.46196688213527626,-0.6423942601990982,-0.6516197024422052,-0.8024323245647578,-0.7599557626809426,-0.7309454798913125,-0.9149279327447201,-0.7006427618349926,-0.6958793701337297,-0.7867536075805369,-0.8001000918009563,-0.737031174163839,-0.8085448263736887,-0.8187459529288039,-0.8274246784175848,-0.8032669868886478,-0.7850746831235185,-0.7574025489034013,-0.7665064799067511,-0.7767507621238736,-0.7944812613195146,-0.8301893742050372,-0.8256165550076585,-0.8032831534303047,-0.8328155499036788,-0.9115952134397678,-0.8332739852747957,-0.8381677645192434,-0.747078413126909,-0.7559495233116331,-0.7963016004498901,-0.8380025874724393,-0.820418678416892,-0.7783304337016473,-0.23735078707726767,0.03392422388254802,-0.4232861927652786,-0.0419774976754589,-0.5054546179079051,-0.3572964055792321,-0.23449157963920983,-0.19849758750370594,0.1984138473437433,-0.48024661911279565,0.4504271940769137,0.15483414321532463,-0.150440997472529,0.356689638886895,0.21149086305264064,-0.11283454779425041,-0.19704976505037414,0.3178972920480064,0.1255172047057491,-0.03163909839814999,0.034441552156127875,0.3901797995055456,0.06808537735938004,-0.1342234160064212,0.5263201366613841,0.49640224299826113,0.3851360234629229,0.5045517132382671,0.4615982454972985,0.5272808412561723,0.5236134798262362,0.31426753313258565,0.3078508609260302,0.40459479070262083,0.2544349651966658,0.06897929645308928,0.04079427170572798,0.034026184721990656,0.00955427282902787,0.6331828669924513,0.7882664291359553,0.7913430824500651,0.8407916209771068,0.7781945264345755,0.5581984852533523,0.624239279335278,0.5341674740420553,0.8026319709240921,0.6651748415114197,0.563318558563275,0.6997982899160106,0.22982838163339273,0.44098501659388223,0.40858345292005804,0.3923162044103715,0.38537706780337283,0.0655861600808381,-0.30398447416206675,0.31238612980906866,0.1952483816782333,0.39678300421511753,0.8015490061527613,0.7022386599359974,0.8344516100023396,1.0,0.8583426563858865,0.8779213215593579,0.788417904837059,0.621996412829728,0.8619504348475838,0.8220431695424181,0.7693199703874762,0.6977764496878853,0.8230258061457009,0.8458434480104462,0.8355506110732169,0.392115475311495,0.438550575725797,0.5463852890811427,0.622077397738403,0.7253006011443837,0.5972304733570969,0.4659979459676475,0.40739714372256103,0.6881241015019559,0.6437863588351916
Os02g0512000,-0.4973867668573121,-0.6377401098866337,-0.4194888486403775,-0.11136066418627998,-0.311746004465856,-0.6124869591857591,-0.5551234945235889,-0.611244176606926,-0.7773695136861387,-0.6383632765072342,-0.5468947784575474,-0.5508971108874707,-0.7169468854847472,-0.6702312855003053,-0.569733358836771,-0.7148468415875266,-0.5833024176500509,-0.6378431795971157,-0.7036128789503263,-0.6876883464053151,-0.8538185194235307,-0.5742070957499364,-0.5627634260326041,-0.5293743844511591,-0.5097873990245393,-0.30020208348428035,-0.6906807618590804,-0.5108547168235473,-0.5625538843824824,-0.3774641257037463,-0.3701080985783587,-0.288031973358416,-0.6566670217652799,-0.798485398207054,-0.809802594118632,-0.8661802141939576,-0.757777258673264,-0.5716922186036989,-0.45925197208705587,-0.5931453254515597,-0.6870558616859891,-0.7946583589319921,-0.740502727686635,-0.7685252143279087,-0.8857434631187856,-0.8598610273251347,-0.8385813546714918,-0.8998168344719827,-0.9045395547325118,-0.8746412750141531,-0.9076214223457056,-0.9291969393346963,-0.9371637398919042,-0.8903736455188513,-0.8946610203881243,-0.8994587047548436,-0.8844657195014484,-0.8599575861180232,-0.8891006891913108,-0.9177188536901042,-0.7742543750030274,-0.8395067018699842,-0.7569826309546215,-0.9070216245834865,-0.9025460118684522,-0.8877188174294723,-0.7959768150596078,-0.7673120338206976,-0.8407795129390815,-0.8750813887854947,-0.8579916404387913,-0.7782037987189254,-0.262339302514931,0.14799004948581404,-0.08854401115170261,0.09868475391744075,-0.4750649848874355,-0.2652928420164929,0.06735087614024929,0.0631117351674527,0.06343850153746529,-0.5686998964321692,0.4841373506084635,-0.08581247853377826,-0.13922857071609682,0.20362859416126455,0.035910611767664406,-0.07837545101295805,-0.11542832208119327,0.12605733752976309,-0.22153136654582606,-0.20625904897037917,-0.15140141491462647,0.24861227036766853,-0.2506137241459238,-0.4601909399638779,0.659078204221113,0.622668801661486,0.5632783349102573,0.6010482509232355,0.593103291894844,0.664963589346496,0.6420031903550162,0.4773461132055652,0.5232453976616585,0.5618288231619509,0.5803597237861993,0.3331549413703229,0.24503458940374884,0.12716224951045968,0.1924296059041456,0.658356970650842,0.833221448010134,0.800327293264838,0.8364252487018062,0.830406499961575,0.6799243048386453,0.7644707960271139,0.6727270745048902,0.8957885308746958,0.7783099157888776,0.572747600188918,0.6744933904898057,0.35345713551649227,0.5019426284987293,0.45306091194476156,0.3877745351988568,0.276735820157595,0.10961914319486246,-0.34531001974256786,0.26509570866467264,0.10822795630295465,0.3980466724034391,0.7792256591300438,0.7159408135987948,0.7431779315183263,0.8583426563858865,1.0,0.8958604606090059,0.5745373169381358,0.48125736891635973,0.713041713589856,0.6660078883223897,0.6087670455889154,0.5255671174336013,0.7059183635589997,0.6948169560261362,0.5942451530157046,0.426486143333767,0.48258779317566675,0.7525868311476962,0.8157058720344097,0.49285506955100594,0.36488091008531537,0.32704188522978056,0.42036399855991097,0.7950203778021341,0.5697936789428372
Os01g0853400,-0.4325027230629421,-0.5371392842387557,-0.5671345628758208,-0.059946519635556667,-0.1878625664367877,-0.48968483952834724,-0.3185180826608055,-0.40345137549730303,-0.6412192803978729,-0.3470383629024012,-0.4220733633103838,-0.3968636806592485,-0.5661970391205903,-0.505911668992499,-0.657182451743123,-0.6775063313987127,-0.562316853634491,-0.8049387059100253,-0.829379337192592,-0.8786419280216077,-0.9431544031593918,-0.6276289261541794,-0.7531301137785194,-0.704823497925824,-0.6539633334014042,-0.4281579147254353,-0.8154409593956137,-0.7025058736746361,-0.709735503930721,-0.6261608416456441,-0.6163097974961818,-0.5353431101365657,-0.7935938114090223,-0.9036429985725039,-0.7877616682249662,-0.7706210053804952,-0.8465129169163473,-0.6963643961476422,-0.5325607743996384,-0.6364275653024176,-0.6880472020115511,-0.8634256461607032,-0.6992895662979727,-0.7405345314238025,-0.854436916613521,-0.7717166803224718,-0.7986467119703674,-0.8705104747018354,-0.9367775698062788,-0.7774130161366404,-0.8553489552218226,-0.8335076070193496,-0.8601790688886451,-0.8240466503135572,-0.825425190201931,-0.8746895103359892,-0.864967927454047,-0.8351332428465158,-0.8565511333919604,-0.8772235819156468,-0.7979622353119818,-0.8593759144491602,-0.8534429092734773,-0.9526218341640861,-0.926771507635157,-0.9519025783487437,-0.843889669452427,-0.8372388688703533,-0.8428312847121309,-0.8901101039949405,-0.8897933837432833,-0.8358737997646162,-0.4347600355739886,-0.03665217432263892,-0.20555098651842224,-0.04800316242742199,-0.5792979998742736,-0.5729285335138968,-0.20636818425428696,-0.16159984482447928,0.24987492863090133,-0.4724103383517842,0.5072626088799557,0.028272500359436303,-0.1508810924734419,0.3032302476166781,0.177685472478332,-0.2418173135815683,-0.018931147298546967,0.2591289188195466,0.1343550507149281,0.11914224157745053,0.1897520039011199,0.5355567178656183,0.0935384321441827,-0.11449746093160504,0.6490313949998454,0.3936902147659749,0.34424336543311573,0.39426028158774595,0.3572574795458598,0.4718719786703471,0.5295840420702429,0.39628784163742004,0.30349260651778504,0.367271153066291,0.3280669679103355,0.1361765971662079,0.051899500487941064,-0.09291765799545366,-0.10046619453354502,0.8081842070035933,0.8066349822725828,0.8068444014627922,0.9160509655474746,0.84888825508356,0.5748087458291311,0.6649091280348963,0.6298422706967989,0.8159684535292492,0.6822199886623624,0.6004400710089278,0.7145721972464351,0.48861200188577125,0.536020448021787,0.5982786205629091,0.5673609070255408,0.46121429587070145,-0.06636208687022327,-0.39342813626247736,0.348371440199552,0.057435347428151096,0.2244269263923134,0.7259713594373687,0.8304857556720546,0.7671320121515975,0.8779213215593579,0.8958604606090059,1.0,0.6070095414692201,0.7141019219076362,0.7986748354783011,0.8258791478778511,0.7437136188490083,0.8063073061527033,0.8743900719048964,0.8631378672458687,0.78605798907066,0.5342364589441636,0.6333444105837973,0.7157265648436831,0.7550132097711899,0.48033728414083215,0.5506325978288044,0.43752179551612336,0.35992627509584,0.7045041785182958,0.655954478938661
Os02g0771600,0.12883541598546452,-0.059953590672560925,-0.49879532418319855,-0.17672735587914473,-0.5664343955464103,-0.5487976765326562,-0.16399209335176598,-0.3026718941543875,-0.3544734778422082,-0.0901990711062264,-0.22830752108544464,-0.11463145489489547,-0.2957387641276497,-0.435102150172632,-0.6533531557132719,-0.7117333637313293,-0.35341122612571313,-0.5143968173446529,-0.5534095548062093,-0.5117721022271161,-0.5289567508285773,-0.5957528687759879,-0.6806300157424031,-0.5516778363985898,-0.4160811010171947,-0.24406138375459374,-0.4037298292058262,-0.3931197444455871,-0.2807684901038734,-0.5347846003143842,-0.3630455467399886,-0.1727261552717769,-0.7882199418825037,-0.47704412394404083,-0.17431636884160714,-0.2058801262023018,-0.5432116097475275,-0.4451716822107095,-0.28690527989599746,-0.5880744154380881,-0.5294463237067059,-0.631186090773094,-0.6819717133121266,-0.52803320351774,-0.7654568215513489,-0.559612648088479,-0.5397158574878542,-0.5722489138845659,-0.5240324574769948,-0.5239270317435274,-0.5813635976982654,-0.6039364256572513,-0.5566340339534535,-0.5658517200104083,-0.5339298388521774,-0.4948108976918195,-0.5602140409038064,-0.5751337808977565,-0.5811213238016371,-0.6175446230869452,-0.6198600188065095,-0.5778483557527039,-0.6651974945294247,-0.6633014821897318,-0.5321836518878091,-0.579527562354149,-0.6011988332297283,-0.6098844553828784,-0.5339546396370155,-0.5882474691864109,-0.6043535915256589,-0.5251001587320763,-0.2455527319300756,-0.18983303012014552,-0.35769490871487175,0.0785964044990921,-0.06689855735388427,-0.3054780433419057,-0.16972833667979956,-0.2189212328024897,-0.0067723273339659,-0.3432985103928077,0.14582823763335648,-0.024659867234990293,-0.36063884955498315,0.34127896484849457,0.11593709909773366,0.052443865699986124,-0.05721740673769171,0.5312497355128489,0.2863276350543288,-0.04103279171317628,0.03388489261252027,0.34928510579463506,0.15562663587733963,0.03307566106750599,0.3527611361939244,0.2898604810282353,0.38514793997066166,0.3460554937728722,0.43727174141840125,0.5076039662616654,0.2962841957355425,0.24788856616237204,0.12649580226521526,0.3310316850211598,0.1414697142443746,0.018538215777509526,-0.1656819488504323,-0.10113280397103465,-0.09223405839170437,0.42429048350150866,0.48519912008982286,0.6663541161645253,0.587848674642573,0.6382259226870574,0.4797250370259602,0.3758263840893397,0.41330113148268066,0.5243867628098011,0.3897128717701355,0.2615948940548515,0.4072460531464197,0.09912915140037025,0.48426130159925146,0.5798618596087448,0.327870949519252,0.45433921133771116,-0.21360408543146883,-0.30485108969477615,0.19271761076921254,0.13180616928859867,0.37653049183874554,0.6912913481124788,0.28275911828660577,0.5584014287213566,0.788417904837059,0.5745373169381358,0.6070095414692201,1.0,0.629695117027555,0.8140054151523113,0.7672224164494545,0.6674756867948776,0.6193769572630244,0.7863795176493634,0.7909649384799647,0.7970433013956995,0.41358658678666776,0.550523259403779,0.442770745970479,0.520714258991275,0.640346540804716,0.43650270779486516,0.22201039820082671,0.3125855966298495,0.3005097207049838,0.30706289553872784
Os01g0178500,0.1448671709517851,-0.20267944008829672,-0.5001722525526903,-0.13895594716658416,-0.081533259853617,-0.1332605819972342,-0.07040344293126785,0.07389976083913077,-0.16655640911714478,0.1503060656470416,0.018744567519146983,0.14322708860053054,0.004413945022320394,0.0013813086639547485,-0.7884375166355967,-0.6433476469997516,-0.39984283543128707,-0.8052075652811619,-0.7617297054092271,-0.7648715657997768,-0.6539321755430878,-0.4692852307537285,-0.7327905207506292,-0.5739346278651013,-0.4376317257150613,-0.23242619768408176,-0.5812728585504566,-0.4729777976850103,-0.36570107701783994,-0.6671526138753059,-0.5727111616109188,-0.5495875689215455,-0.8954686832587491,-0.7182099481373309,-0.32061860585204816,-0.37108747912083134,-0.48271774396072525,-0.4194981911051654,-0.09178079603209637,-0.21630005341282102,-0.23089789387672288,-0.5915081647055791,-0.3663243073327897,-0.1804159093274716,-0.49960857380402424,-0.42587155786819686,-0.324587211091256,-0.47586105053935857,-0.5909271252320676,-0.2733628995397189,-0.4034246317898801,-0.4018504575754895,-0.3859635835725103,-0.32129687850124167,-0.31761351797796955,-0.3770878879061826,-0.44602678776840576,-0.38758429661232063,-0.3902703059757596,-0.43705009039879433,-0.3735562756468858,-0.4540845389254715,-0.5352802520116837,-0.5806903577654412,-0.505740909694912,-0.5612903798668823,-0.5033949180392111,-0.4785705771490135,-0.395586050600566,-0.45736426684712667,-0.46971040063944675,-0.4063181529692001,-0.42187917794077634,-0.015799548104027544,-0.04599234209487108,-0.2746045238981472,-0.44091173998525957,-0.6608500368411708,-0.3640333539732669,-0.18297268142535275,0.30098500881535145,-0.09729429862977228,0.37819865761549193,0.17738648563978826,-0.07176032225451533,0.6947239084749323,0.5421387472888447,0.13066669792609353,0.39741112377430776,0.3098750437519886,0.4825458115646898,0.1607426115500967,0.4217442233196402,0.5892008622504812,0.43671012796692715,0.09777455477511621,0.4146879139634173,0.09719224778191123,0.033762064970454655,-0.015435068398745588,-0.08911984041559835,0.03296781787721648,-0.03959155797803583,-0.06507760535982011,-0.35263630559278936,-0.08531067673567976,-0.1015692839592243,-0.29956257870443015,-0.4507343267639417,-0.6079795422389056,-0.6050095776011438,0.4557098906690192,0.2835229549319267,0.4143473140017975,0.5234594938972831,0.46006723074655276,0.04458020701813183,0.10391193400811068,0.10582031950009142,0.36268798292789933,0.06033976276949495,0.15060223047022722,0.2428588833687076,0.36541906455496237,0.4433704164695691,0.4951892664866848,0.2887338854545514,0.26829835365203686,-0.4727748672712149,-0.6557384157685168,-0.05371062272106102,-0.4063984584134788,0.04081803130472143,0.5939847001401628,0.4991035506732496,0.5942688935982703,0.621996412829728,0.48125736891635973,0.7141019219076362,0.629695117027555,1.0,0.8541087473599173,0.900248187348496,0.6965182964035059,0.7954260870097959,0.7284979382520955,0.7223997568510979,0.7042268903520603,0.6415318115548723,0.8502964525282373,0.5451810410986957,0.5407323532714743,0.28967521189364903,0.26262590042148837,-0.013039571841917773,0.16444484870298492,0.26764388959530444,0.37426076572907346
Os01g0190300,0.041119179623151036,-0.2619819666416708,-0.39495569060238417,-0.07467908102432659,-0.2546535676409085,-0.354183663254871,-0.24973371580497478,-0.2695174647414669,-0.4212842516332212,-0.09472195167589961,-0.07729638810941991,-0.04997621773895095,-0.17514130638351086,-0.2417757086339821,-0.8842901030224706,-0.8432316893719978,-0.4310539770743053,-0.7759695709276848,-0.7492576916005902,-0.7308835481937676,-0.68106422505216,-0.6213745359309635,-0.7205653426881992,-0.5611629085591665,-0.5892338313461212,-0.3352382779261058,-0.6147929494560077,-0.4920408850726011,-0.40291506520806625,-0.6724097865297359,-0.5177806932191059,-0.4106587117488242,-0.8742746124474895,-0.6857455842535464,-0.4975094439990295,-0.5612058381326104,-0.5514920247333854,-0.48171457374215876,-0.17743691959485303,-0.41048138456160543,-0.3694787666783182,-0.7455103545076881,-0.6806621882129431,-0.4531457353439331,-0.7424491981207134,-0.5918447675501183,-0.516707560968678,-0.6241401794533807,-0.6890444186155205,-0.4964043746498779,-0.6164148362502866,-0.6575164693946941,-0.6138059102901402,-0.5510449760352545,-0.5382917418081475,-0.5512127322651268,-0.5854235041744635,-0.577144094096103,-0.5809572482007357,-0.6366987217900895,-0.6033030205267353,-0.6880776728028062,-0.6866956981457158,-0.7712502847831175,-0.6570881794685425,-0.6867772164464637,-0.6051336579986779,-0.5811154826367249,-0.5594625013502632,-0.6295991762861696,-0.6477948734648001,-0.561347261724084,-0.4401003281197635,0.04918863546311289,-0.33542450004264823,-0.2840901204984237,-0.508285620810773,-0.538645237486665,-0.27561324685662897,-0.21146198856252002,0.28357098657060764,-0.2168836849809075,0.370598185833254,0.17880360541349266,-0.1323257274758522,0.6326393643090082,0.502778282653083,0.16441022145319079,0.2462846324159577,0.48978250130590006,0.3042114598845825,-0.0071290279527669075,0.14687559870606465,0.4619859591515275,0.17049864490452027,-0.08674908004616701,0.5382030624482712,0.4186941585354187,0.29845203279642885,0.3567093205127564,0.2795230085640614,0.34547113546222186,0.15531103895612633,0.049184531306080845,-0.07912254514586153,0.1332968396966872,0.04995562049187685,-0.18154066739777674,-0.34404469267953947,-0.29879773403931836,-0.2992284648674613,0.4602361574806195,0.4985954839871232,0.5768936294961696,0.648642469911192,0.6185219570091293,0.26654163769898864,0.3227203179859817,0.2583933189006893,0.6020256817157873,0.3330939618865036,0.3544177625898802,0.44741823484784454,0.1863895211395137,0.36909505080454613,0.4118463104729938,0.2329355228812846,0.22039769172022017,-0.17917129513101226,-0.4840080695997449,0.030297248915665428,-0.1648845286708668,0.26330795468491247,0.7257575988093173,0.6117436405405112,0.78215300173938,0.8619504348475838,0.713041713589856,0.7986748354783011,0.8140054151523113,0.8541087473599173,1.0,0.9540383894962948,0.8623071654169288,0.7354518198036046,0.799280108336206,0.8282304578522519,0.8122612561338545,0.5818922379427963,0.7031753990260006,0.5454427862508279,0.5303008045325317,0.6487816101146937,0.38385948019677396,0.25472803146024603,0.2908135237516863,0.502048957592241,0.38200383489528383
Os06g0130400,0.08120259641065455,-0.258170750772983,-0.5321974727868832,-0.1169626724635098,-0.26585143948165374,-0.35545831419438684,-0.2256659222423806,-0.27927746538250814,-0.4019185972017065,0.029035433363178393,-0.14162298863416434,-0.0423756058067378,-0.176366953538223,-0.23944182842197806,-0.813935932016141,-0.775410660905139,-0.4865816227493543,-0.8218934994148606,-0.7775292000363964,-0.7817511697838739,-0.7217010782084935,-0.6899985998338186,-0.8220399692437429,-0.6981661563071349,-0.5817192563341225,-0.350611635103304,-0.6991005813403505,-0.5825506420315961,-0.4952526000620118,-0.7638982374861701,-0.5847925122023955,-0.5434477229407975,-0.9032812355403771,-0.7511904694924663,-0.5328757467411176,-0.5217947282943833,-0.5904456522773994,-0.4860244975442746,-0.2799734923514774,-0.4823560103336407,-0.4253187390879578,-0.7227101171256408,-0.641488557988518,-0.4365640378895522,-0.6930458576922519,-0.6046537702389878,-0.578911732607048,-0.671511082360969,-0.7435889284593837,-0.5003860905692749,-0.607508037574423,-0.6338509795687334,-0.6220104206252826,-0.5487100194205263,-0.5569503462392762,-0.5746131377270657,-0.6342508498335125,-0.6264254877298668,-0.6209563269117351,-0.6635938287349684,-0.647890236664743,-0.6989024337922367,-0.7264884465239916,-0.7643491941682535,-0.6967508930462714,-0.7351142924834199,-0.6482803149384109,-0.6600150092226738,-0.6123005318620905,-0.6550351423060531,-0.6917675006563186,-0.6251477189634642,-0.42586921539313044,0.0092510536538978,-0.31093059755050034,-0.2696586200838034,-0.5121604628610575,-0.5943150635091429,-0.36362453352165564,-0.24873080342755652,0.2950447994779547,-0.21058671831110745,0.3338356026792033,0.08174189111093236,-0.12763311087756518,0.5691198835338918,0.4582194207921831,0.04121588359384648,0.18855590978717116,0.4338089590283413,0.4333728795570731,0.11792546992853939,0.29900911110626943,0.5711817970056435,0.32077699714618335,0.02089867124127029,0.5337597580769823,0.2767343297078641,0.23725345347929308,0.22461325276187177,0.15981245992495954,0.2558036541787773,0.15808069454194168,0.034466758773532204,-0.09379096833746074,0.1322838415307424,-0.0075277666927396234,-0.20959636087376934,-0.3596041757108639,-0.39847732030471145,-0.3952194802663293,0.5682473560248094,0.48237744087450596,0.6133454132021005,0.6724727445984652,0.6394965999206252,0.2938035885477393,0.31763169872613956,0.2577521551218501,0.5340046156324577,0.279432897297153,0.2986678510379172,0.35965853149315086,0.29550529233372913,0.41908126193108813,0.49583432174889747,0.33730884978171827,0.3312183111658716,-0.30062920854739755,-0.5782646325640043,0.01654645628147916,-0.23358034673189615,0.22253708775466596,0.7403506707180096,0.6444994223037923,0.6666479372308654,0.8220431695424181,0.6660078883223897,0.8258791478778511,0.7672224164494545,0.900248187348496,0.9540383894962948,1.0,0.8380476937740903,0.8277461143070017,0.870357752244912,0.8856881523979461,0.8621317987289122,0.6022712306767815,0.7851501107763551,0.6049165842060409,0.5392605456307273,0.579910791230406,0.46433728077578096,0.2754460007454648,0.25581703980122233,0.4730113184504254,0.48916907737749177
Os03g0856700,-0.028434003707836795,-0.013629223671946073,-0.3725905088298419,0.25967878929595994,-0.03805571073212469,-0.16930942361060852,-0.16011750008502904,-0.22398486387436725,-0.3616574324854671,0.13104895941200825,0.09231669011533751,0.053175725223764896,-0.05046961667505153,-0.05845474580359753,-0.8018095576467943,-0.7077188323637217,-0.46061332371805913,-0.7765171433389657,-0.8053875133958414,-0.7762804455827667,-0.6946129151481979,-0.6894515323720649,-0.7485168731020508,-0.6183357538125598,-0.8065227551202225,-0.630752576416758,-0.628103632601812,-0.6714633857260122,-0.549947419848197,-0.8406497997062893,-0.6296970965418022,-0.6019532940153101,-0.7472941260836891,-0.5577241866275621,-0.5230409903428646,-0.5545848199224401,-0.4716098938750733,-0.407335781854817,-0.24878880247096608,-0.3733650355484621,-0.3234231195371154,-0.7487431225665457,-0.7162562492686961,-0.5566542518023695,-0.5960133702689181,-0.40373296021568417,-0.5174450277578144,-0.5379518275152252,-0.5864131421226942,-0.36937344183518717,-0.45884252842630796,-0.5136564086940654,-0.5199271837991626,-0.491928063887717,-0.4488492914820678,-0.5016913031162719,-0.48249664137495135,-0.49446014192227716,-0.486814189230472,-0.5233285699893434,-0.5568488329894221,-0.8010529158363344,-0.7670800953963182,-0.7590555899234875,-0.6404265404796565,-0.7137725749016677,-0.5305905461380119,-0.5605242220841202,-0.5277831863120407,-0.6090843119503353,-0.6282575475800065,-0.6023214024139126,-0.5893492413153856,-0.2189582193472629,-0.5533113831803994,-0.5390670575593997,-0.7281952850055481,-0.7541098549483319,-0.5727021101799685,-0.5129151227652347,0.20264413779102064,-0.2897600787141891,0.49359682802262655,0.4114894121542602,0.15113612883285074,0.45573459564991775,0.5795277724267571,-0.00826967450738664,0.16835409574328528,0.5566717351363435,0.3723202395511232,0.19530297131263685,0.3825045493055765,0.6245879920785202,0.09488524186814087,0.018401213477860907,0.2557635919010795,0.16562482986107568,0.012170561106387905,0.09565674775668252,0.06981570359203897,0.1322494313289815,0.09164322514385848,-0.11935705323411432,-0.12589845836690644,-0.10698623456824728,-0.18825113742590818,-0.41068231135628513,-0.5069473934306589,-0.39803994429031364,-0.43740215321352327,0.43579071585425266,0.43233226987522383,0.4072026489669422,0.565490405066985,0.523408691355566,0.1371953521425641,0.17396540418402273,0.16818712655470447,0.4061926304234174,0.27063577727344684,0.20397719483693177,0.4697449203705253,-0.11076855570947271,0.04869223895077041,0.26149733097528255,0.1742749639411731,0.09255291911828573,-0.1521433118289634,-0.41442709517468207,-0.010219473585178837,-0.17327606320335462,0.32023279419359013,0.50289578463067,0.7405381437010646,0.6187185728704124,0.7693199703874762,0.6087670455889154,0.7437136188490083,0.6674756867948776,0.6965182964035059,0.8623071654169288,0.8380476937740903,1.0,0.7759698296180568,0.746632561225326,0.8668467955637048,0.8441640091748418,0.39596518234230677,0.5786354775551301,0.3812050327959511,0.3664100949850246,0.7159929977371159,0.4887865071825607,0.48091460606658676,0.3706008344956064,0.5173711163233438,0.3631643597441016
Os01g0867300,-0.18051109626387693,-0.14877088441614084,-0.6220057722100725,0.02077071605650172,-0.11460298201479878,-0.2106291259706266,-0.056412550187568994,-0.06214037275407151,-0.19855015972024473,0.21158823415225242,-0.14779330308744978,-0.07282731824504744,-0.21229981366158945,-0.1363721125724243,-0.6440740544379843,-0.4657267268070248,-0.5055769446415371,-0.8912656551835197,-0.8140134054572846,-0.9206969907622914,-0.8101832199653047,-0.7608867926374816,-0.934333562538089,-0.8808032350170736,-0.7978092207200022,-0.6753346855564614,-0.8232417909662372,-0.8691989125959939,-0.7760169876318865,-0.8836353270296018,-0.8596733599020454,-0.7876766302960279,-0.7455663345078645,-0.7006350006000734,-0.49219470455429754,-0.3452022972323894,-0.7701879704081155,-0.731851094680954,-0.6025622084040858,-0.5901675898325935,-0.5726979262174525,-0.8339672805805501,-0.6459387703748447,-0.5971689045186934,-0.6180088110805093,-0.40503297275692596,-0.5656579065275892,-0.5850323722501353,-0.6951020691749373,-0.406691199778314,-0.5446409532468915,-0.5182440845477444,-0.5270301333105747,-0.5440746543418326,-0.5209606152925479,-0.6068118279704786,-0.6172282474135313,-0.5992180960642617,-0.5988561583037644,-0.6069106587280384,-0.6827220572791737,-0.7331066102260827,-0.8506892872398891,-0.7706580623051562,-0.7320151916752399,-0.7918842209232366,-0.7405960535712522,-0.7868564815800414,-0.6808372174614808,-0.7377811787979561,-0.7221908366387828,-0.7428960087453954,-0.4490406846374098,-0.2546593782308418,-0.3887643061599321,-0.2769157276710995,-0.5387576316244934,-0.81952089566929,-0.6121328722585373,-0.5746938906049684,0.3401913022118573,-0.3544000138224513,0.4979496824062667,0.1591261286750443,-0.0641404968584042,0.2910664837780703,0.35178744560731284,-0.3925209087746319,-0.03660946120246331,0.47736418002034714,0.6571276544369198,0.5749651109740523,0.6604438848149019,0.8843452688727225,0.5020108229173773,0.3421858341245187,0.2972075589820013,-0.1401877705360833,-0.10911741447361108,-0.038472389564322855,-0.022015488419140267,0.08242367781716833,0.20466006854384444,0.05342778236827753,-0.09089235797575715,-0.026698875699211342,-0.2027796253035556,-0.2510119837563398,-0.2899815117091473,-0.4018559331358991,-0.49749506361621254,0.7633846937807269,0.5578079563583035,0.6150144095477564,0.7626400353021922,0.7158632496968999,0.3156041818163268,0.33725470591809975,0.4078048216396562,0.42462869778947643,0.30295768398183764,0.33176401682330753,0.47809773551662466,0.37529121088811146,0.4033068376593544,0.5218948635523346,0.6446322968884648,0.5346483837121898,-0.2534660502918335,-0.32503684332408045,0.29964532455506565,-0.040967668815891464,-0.09874674181859681,0.4107435347794201,0.7546690875268676,0.568517145437378,0.6977764496878853,0.5255671174336013,0.8063073061527033,0.6193769572630244,0.7954260870097959,0.7354518198036046,0.8277461143070017,0.7759698296180568,1.0,0.9138813910606086,0.9193218433643779,0.924568741649363,0.6480445163847196,0.6717126755264164,0.5828393104599633,0.5009133029591618,0.5619098798715783,0.7095595639256478,0.46008333744356195,0.28942225280652367,0.40623871183422144,0.6002841105891722
Os05g0148700,-0.15910093671441022,-0.243394295705873,-0.7214902603513988,-0.1883978191740167,-0.4474533474818635,-0.5630074793654426,-0.2603046592655516,-0.38566713535004743,-0.430890110135131,-0.07122188557888351,-0.3948842984805064,-0.32133366957994736,-0.48927867118365115,-0.4875239885348235,-0.6247282863975419,-0.5820134060095046,-0.5422619070393704,-0.8042930448080715,-0.7357064893212268,-0.8269441188109224,-0.8217343350047714,-0.7871406717001967,-0.9034577308763134,-0.88011969621953,-0.6968287815822813,-0.5497646579875729,-0.8007166166912861,-0.7894994298472013,-0.7171217221767271,-0.7701505634161414,-0.679006358973756,-0.5690771056771621,-0.8198697386137728,-0.802467578332332,-0.5430577237042672,-0.4547299470152978,-0.8407157240985822,-0.7420156692443715,-0.6635817602955689,-0.806589250676176,-0.7448321184907569,-0.8744734689435035,-0.8042779979533178,-0.7367695652932903,-0.8263007491315036,-0.6932394409171213,-0.7859325399851295,-0.7986341841734144,-0.8384959704777527,-0.6900573700907421,-0.7758404970762438,-0.7638912429734461,-0.7513431278183561,-0.7634231535746031,-0.759521387839272,-0.7934598303927655,-0.8260769391867034,-0.8290580759004692,-0.8214906164537037,-0.8323827771247054,-0.8458076942709633,-0.8361922900298584,-0.9156540338282291,-0.8807049295916117,-0.8470153968653665,-0.8875403003889034,-0.8797042815812546,-0.9094689943392795,-0.8338075138314115,-0.8669432996179908,-0.8887621890257135,-0.8565636189603621,-0.44714470938538275,-0.24428484591964475,-0.3773372363499959,-0.04120678623776584,-0.3664589480622543,-0.5991121545693762,-0.3242706221376812,-0.36446675049626637,0.2770080179523499,-0.41253396115619506,0.3352707228457617,-0.09061856298401151,-0.3092516314412448,0.18466040681795795,0.10860769179196264,-0.3158262908812809,-0.12880514967569237,0.5314999189504593,0.4376445616986757,0.3408474324832812,0.3416904778462668,0.6853417921925272,0.338413263882844,0.1382414903303483,0.5067308857990458,0.15179673817342612,0.26449517810234446,0.2785516821439826,0.3352811351507538,0.4339666219738789,0.46987618951347454,0.3378194335605533,0.21646717148126554,0.32853230800231803,0.10121908024536468,0.04020065791158177,-0.10424582829269419,-0.14483258213053393,-0.1917887943275727,0.8058791590238146,0.7014639661827623,0.8327160358536726,0.8644724985965878,0.882279283297046,0.6014503890926202,0.5645605214688328,0.6005547847511704,0.6419205760869494,0.5419475121872174,0.457396213154329,0.5392445944920758,0.43246953149389533,0.5341344701484814,0.6890622015017128,0.7079137315721015,0.6645804763848636,-0.1288540660748588,-0.3178405379512364,0.36330067323819204,0.11893367450170049,0.0950071462123355,0.6266299245125716,0.6769256694562529,0.5944713194887767,0.8230258061457009,0.7059183635589997,0.8743900719048964,0.7863795176493634,0.7284979382520955,0.799280108336206,0.870357752244912,0.746632561225326,0.9138813910606086,1.0,0.9581649471469545,0.9369361555896075,0.6498245723195458,0.6967324083799763,0.6841525003731922,0.6488698745960014,0.6128318653383067,0.6889514554176362,0.5095964355482963,0.35716693706046376,0.5228280428014661,0.6437277524715405
Os11g0572700,-0.1622137290241337,-0.18326116994040087,-0.6001888060051331,0.0555419654873475,-0.2930564355438443,-0.40692634637398656,-0.15990341322428908,-0.32851400156114596,-0.401189274644108,0.041636722438226456,-0.2410962086005325,-0.1700418328499003,-0.3406172336496561,-0.35033640746206357,-0.7037500016551878,-0.6588843041678133,-0.5624116563615971,-0.812312636886788,-0.8097314069785769,-0.8647575697351175,-0.8281098112418698,-0.8306892617672322,-0.9148123088344426,-0.8670636687708314,-0.7743292338163007,-0.6142831243302908,-0.7896954242357451,-0.8133112492427642,-0.7226402941136272,-0.8589372010111519,-0.7286035404262086,-0.6540042588500442,-0.8167114496953688,-0.7085326199971853,-0.5634755692186758,-0.46375361491037853,-0.758438706998062,-0.639964813287207,-0.5754321667661626,-0.6959308009503625,-0.6507010200551985,-0.8591295220076218,-0.792712984197983,-0.7367871516103013,-0.7663511337912036,-0.5785776445545611,-0.7382690251936475,-0.7364789134486607,-0.7721337013773543,-0.5856800956162305,-0.6814664995080822,-0.6835035026655171,-0.7034013250659149,-0.6950276206621382,-0.6748831168534616,-0.714852096273027,-0.7265743672435601,-0.7377496396725043,-0.7443297827632959,-0.7538643131063963,-0.8108567317075867,-0.8635650016742116,-0.9195973081189802,-0.8805093970503116,-0.817056154821071,-0.8737964393801102,-0.7854643912733916,-0.8423066200340547,-0.7600769737774725,-0.8158792547902021,-0.8311900345081229,-0.8149435460837415,-0.44557894798883757,-0.22479604249930826,-0.4574757506296314,-0.20781470835065707,-0.5126784606628589,-0.6942565373897162,-0.5009439775573048,-0.5063448953474532,0.1979352815951899,-0.42270890267170574,0.4436962093378341,0.08251576347968842,-0.0998403838373624,0.26280175491908536,0.25939603043641285,-0.3012922046049828,-0.10205502881929053,0.49778301506615,0.478903676886887,0.34007272367408015,0.42715372607469315,0.7344840972175053,0.25036472386975295,0.14300583709257492,0.38065787327333317,0.09456564040993275,0.13907625272614405,0.16991728924050747,0.20662932361269903,0.30511778165103665,0.33568028312005305,0.16369676107976336,0.11247589485919422,0.1767484620627036,-0.015496894183357507,-0.14495375234725266,-0.21463756786473434,-0.26026450661258343,-0.30857400159128706,0.7320761368430646,0.6532972108552006,0.7264878708383582,0.7990242935021359,0.7840885589769065,0.4888670952559877,0.4659704151336795,0.49764430244975305,0.5552103709599394,0.46203220431905684,0.3681244254316423,0.5503509517407359,0.2529380392870202,0.40534362992638207,0.5634951241443521,0.539601954613798,0.4975019839521667,-0.20817755938393784,-0.3644695543035776,0.2853785844928374,0.0459643197308875,0.20836766252463848,0.6077183915235347,0.7464676606915277,0.620431894269063,0.8458434480104462,0.6948169560261362,0.8631378672458687,0.7909649384799647,0.7223997568510979,0.8282304578522519,0.8856881523979461,0.8668467955637048,0.9193218433643779,0.9581649471469545,1.0,0.9704519453461216,0.5406568757307696,0.6401698661877321,0.5954924815645266,0.557110639359236,0.7005734689955146,0.7175880625377995,0.5224723026232575,0.34365227991964875,0.5380528137534477,0.5734599792391873
Os08g0109400,-0.10108400675568624,-0.12161598514018754,-0.5516971478423828,0.06640504047484398,-0.2514803012575879,-0.3313877192059437,-0.09841581409360363,-0.26961160224202546,-0.33005259249685914,0.13127593963724346,-0.22140607031894324,-0.14777967347310475,-0.267300833545317,-0.28543056570646624,-0.6395092836272394,-0.592087464537295,-0.419852876309425,-0.7909914286990822,-0.7698454207062285,-0.8314213302928549,-0.76105567562461,-0.8126342598315729,-0.9332403828991799,-0.8524979016520503,-0.7984324851078954,-0.6439208907573302,-0.7754872124753536,-0.8079454746729802,-0.7348068822913825,-0.887408019964776,-0.7862153442659321,-0.6577380131432436,-0.7416203332233682,-0.603829884086146,-0.5082510113822071,-0.35398867367817866,-0.7534013314894926,-0.6919617287262687,-0.6010831427608107,-0.6945133851172784,-0.6425130584511497,-0.8301504098743427,-0.7708392635430481,-0.6964919372848126,-0.7216053975043212,-0.4742499577555926,-0.6456642108366552,-0.6465240020399924,-0.6933768207656487,-0.5015723265995322,-0.6223649521668748,-0.6250244908122293,-0.628321956889991,-0.6454399885870843,-0.6093370709775553,-0.6283961419795561,-0.653271905289365,-0.6702514812418219,-0.6698442377583638,-0.6808021196785158,-0.8045715453630445,-0.7949732145327267,-0.9046953178477309,-0.8252857998515672,-0.7581437326689421,-0.7970330881439955,-0.7609102276363774,-0.8138715688861793,-0.7294076690740245,-0.7703035252269982,-0.7786917580048727,-0.7908201132260206,-0.3841464755168186,-0.2211519396963882,-0.5645880601944606,-0.23568255644927466,-0.49229764707111023,-0.6668042599146904,-0.5647569119422321,-0.5734281169458878,0.24737611348265603,-0.4089112785273741,0.4167325687995881,0.13297679783172126,-0.13623264743090033,0.23627313196892075,0.2760046959280726,-0.3456167624492146,-0.15228501679742262,0.5390566888213615,0.572829993223423,0.422840311039533,0.4833539338424521,0.7659107640804521,0.36485510326490717,0.2625790300552389,0.28920637335616173,0.028964370280162362,0.05962175323293825,0.13751032840801125,0.16292604665493315,0.24030811391445386,0.29272089901533344,0.10426092749068888,0.051775345201029804,0.1330910264098476,-0.14361856024042635,-0.2015873342522322,-0.23615655089860998,-0.23794804752066293,-0.31924729703054044,0.7019228396850753,0.6359520822805904,0.6966845050623287,0.774411387002371,0.7431095465118805,0.43432684187893245,0.4240093468575556,0.45037158453087517,0.5014828260333795,0.4054658216912148,0.3611417734576447,0.5387589357618996,0.2014337058389092,0.37584580261914696,0.4745826323971183,0.5586929353936082,0.534355524234843,-0.1531642787790354,-0.2600889043739979,0.31700054019636587,0.10956538848938266,0.12835352538437325,0.5387706387722556,0.7063730027947758,0.6219727314617859,0.8355506110732169,0.5942451530157046,0.78605798907066,0.7970433013956995,0.7042268903520603,0.8122612561338545,0.8621317987289122,0.8441640091748418,0.924568741649363,0.9369361555896075,0.9704519453461216,1.0,0.5462841084359356,0.5513777209204042,0.5099007368132105,0.4510946468097099,0.7728060999229881,0.7900792765700713,0.5760703845388397,0.41139157053923414,0.5071376341144826,0.6140443055539643
Os03g0180800,-0.030100520680070665,-0.2315937396462119,-0.3312577157516964,-0.23569593121455001,-0.31341208516264635,-0.22673672232825154,-0.24131311949696926,-0.12583655097315286,0.08206352198824363,-0.01842480111747113,-0.17763614706887568,-0.2409984162176109,-0.28781758037374877,-0.19949145647259922,-0.5601950989463993,-0.31837695558041385,-0.35098091774080237,-0.6964729629398647,-0.44024776152775924,-0.6634893577154632,-0.5255228419246749,-0.540676582801384,-0.6217955803522686,-0.6895106601002914,-0.5105321853027238,-0.4731697933540358,-0.6994733086455788,-0.6025748852700216,-0.5337632131998892,-0.542444974328742,-0.590294134232998,-0.5401167644970302,-0.5814189460051711,-0.6520178566237891,-0.3020664765670062,-0.2917277760287106,-0.5835356076615966,-0.6316641184054196,-0.4038112969993719,-0.4021461085978598,-0.3537381464878637,-0.7152399665715504,-0.5458657450525161,-0.3620537302513149,-0.4480678341361469,-0.4314092611363454,-0.4158754035671183,-0.49397689604530043,-0.6151419974548233,-0.3336384994536199,-0.5258646844465701,-0.5368096589319735,-0.4463970642487217,-0.44216146903559095,-0.43638882074679824,-0.5137934070707343,-0.5337137176103205,-0.5017858489101722,-0.5027221582730028,-0.49530192823231506,-0.5139862548320545,-0.4841826430177001,-0.5545676929872501,-0.5483243937046991,-0.5677467691070435,-0.5189037102900783,-0.6778660182107814,-0.6083009667259439,-0.49757209845884937,-0.5378929520420176,-0.5616465053037294,-0.5433646600273385,-0.44488912093027183,0.08580751042292456,0.08175223742594137,-0.22714701996824715,-0.2634881995049078,-0.5070701586709074,-0.10276405546815522,-0.2764503921355033,0.549172896716332,-0.00705109271212108,0.41922880190327966,-0.17844727853304443,-0.21174306604773863,0.1759926548903127,0.1769361423070381,-0.12180716849347276,0.21442902482216308,0.4009073923058553,0.40865332603330023,0.42691431946772546,0.3322422744725204,0.6316927610939866,0.2200827247835808,-0.041524693395582395,0.3414545209401659,0.023644028965466496,0.06808138869963984,0.16801241907678274,0.13157483350805285,0.13938047701197892,0.14541849451601177,0.13251063971864668,-0.09404427722508443,0.0690934504982827,-0.05408923493538791,-0.04914793827179803,-0.14450597949757818,-0.21477944086841866,-0.2812008670227462,0.4501100443087789,0.3849873236514589,0.4585106681965522,0.5259534379166634,0.6002742340221311,0.2506342391866599,0.32397641297130586,0.36122469423431003,0.359558020422566,0.18919902138030661,0.2486578440362543,0.20609237655510224,0.5186766627541072,0.3863690721047002,0.3649195080106882,0.5657198524278563,0.406439620641935,0.006943162537400036,-0.20534429955253178,0.2528819264973882,-0.07996354074184023,-0.4727558830445618,0.18479618402243256,0.4518086616920493,0.4995634424759625,0.392115475311495,0.426486143333767,0.5342364589441636,0.41358658678666776,0.6415318115548723,0.5818922379427963,0.6022712306767815,0.39596518234230677,0.6480445163847196,0.6498245723195458,0.5406568757307696,0.5462841084359356,1.0,0.6273799799356673,0.6357210236812844,0.49579261581377804,0.34732776437375384,0.35906822688466494,0.15873263864093998,0.21782287269088133,0.42540040186771033,0.4093474535914524
Os02g0149800,0.22836940887686938,-0.09433108882808904,-0.7337517231624746,-0.40718915226869834,-0.3775578990983757,-0.3927839232053762,-0.39965982441447595,-0.09337519834019622,-0.20308118076713993,0.06256902581677587,-0.0586238791341383,0.017200721027723225,-0.1566098897772825,-0.1405698374827195,-0.6712022994347904,-0.5518345265427324,-0.6291614593225845,-0.7567588903173038,-0.6277532951091293,-0.6150806175770552,-0.5830158667953841,-0.5162817394648264,-0.6475252466348406,-0.592477123978588,-0.3117807139244766,-0.22184869677656563,-0.47653522008308824,-0.4210324540442183,-0.25550375037046463,-0.5205988798849016,-0.3136531948781422,-0.41241996843268935,-0.8784926838201396,-0.7785346676956292,-0.2346355824922467,-0.394978418330732,-0.3877438459775052,-0.29142855087951147,-0.1411950755800865,-0.2992231701989023,-0.27377783809555495,-0.5451449780455608,-0.44556862322442825,-0.18837345335239367,-0.46452429048879046,-0.5737180169301067,-0.4723476891843247,-0.5411128298578717,-0.5995923304494799,-0.3766945775646666,-0.4039919943485827,-0.4380622407086039,-0.39649451582893025,-0.34432811754628706,-0.3760573227224849,-0.45567406008645805,-0.5366210031661987,-0.4793561189467863,-0.44596371365812504,-0.4956379244699519,-0.29609796771625435,-0.5022901374036091,-0.4923626148983721,-0.4991488460961307,-0.4837807208637366,-0.5708636526241904,-0.5169179992796403,-0.5053334599634252,-0.42962557769524423,-0.4702052572877492,-0.5000430928622418,-0.39553648710347455,-0.4942899901160626,-0.18576937086498083,0.09053362937816693,-0.12348832289508647,-0.2493895474111028,-0.5549318681984234,-0.14034524885898336,0.0007407957827475077,0.12405626922051782,-0.15594130456317254,0.18957884796115188,-0.10551124095631322,-0.15244542068536368,0.4916106044188838,0.35150404510480343,0.22989549420653468,0.3769451759576219,0.3836770145171128,0.2970517457485977,0.0421466317315369,0.28321803981051114,0.4687015621606972,0.3186258809045095,-0.0807497002717086,0.47086117250759185,0.08287268084619817,0.19354725896213013,-0.013616122226925443,0.055563177561103516,0.18317925416365224,0.06648264653136217,0.038818004725949394,-0.18556523214956325,0.039370846662660795,0.07662357085824713,-0.12146628962475506,-0.4619270776004964,-0.5812131839889656,-0.4929410135046186,0.44234760755022284,0.17344328943618376,0.41076025603575245,0.4325655056253168,0.5148997419606144,0.16058752815434588,0.08973257577531407,0.13477002287193876,0.30388378380658704,0.05476097618566266,-0.014416820651516473,0.009415818050976976,0.3402326917804459,0.408110913508358,0.6263306708600855,0.3171262955506012,0.24661324573869572,-0.4808219748518371,-0.736216367159526,-0.2425838042503058,-0.529811362411756,0.09751737961224902,0.5619718412931037,0.3652696279888306,0.27043980492351904,0.438550575725797,0.48258779317566675,0.6333444105837973,0.550523259403779,0.8502964525282373,0.7031753990260006,0.7851501107763551,0.5786354775551301,0.6717126755264164,0.6967324083799763,0.6401698661877321,0.5513777209204042,0.6273799799356673,1.0,0.7085859258864653,0.6652681515473918,0.12138062792698012,0.028051519234797616,-0.1034270297139861,0.13212110469239952,0.16510853581080906,0.2554362907831833
Os03g0821300,-0.3054937440717436,-0.5793607487149405,-0.6348388609655369,-0.40199451416032067,-0.4020917851557597,-0.5440948137244765,-0.7011781527142447,-0.3353400163717959,-0.4208598471902696,-0.3562049615451644,-0.46571273235357913,-0.47556479158118403,-0.59957439648475,-0.4971145911283201,-0.43431887905957595,-0.5396966891645326,-0.7199713880281247,-0.7718787256515628,-0.6053524019801862,-0.6522624813325606,-0.7430594345868766,-0.6880866956728546,-0.6416278247152996,-0.6894513284371973,-0.3775191945813346,-0.3090433692378042,-0.6624587532944527,-0.514070545370037,-0.5104528754334977,-0.3494740611384629,-0.36197256413500795,-0.394642744049894,-0.6250397571373062,-0.7586327596264608,-0.5896299523622477,-0.576577907729232,-0.7033008358971343,-0.6057882426157313,-0.5611200855295579,-0.5422347058038717,-0.6804715185551007,-0.7032929094347129,-0.6145768945023744,-0.5341885056626912,-0.6374655937404252,-0.7013127903454469,-0.7365647014002482,-0.7249158333295798,-0.7869454506923804,-0.6509423083244805,-0.7037454001124517,-0.730667799226588,-0.693333072692057,-0.6632475664566403,-0.6960048384444101,-0.7410334347253601,-0.7925343608138198,-0.723703062476839,-0.7322347980143442,-0.7653839472693356,-0.6052767345525405,-0.6473247785410924,-0.6243166577518199,-0.649942748216251,-0.7497029588090344,-0.7425276606179299,-0.763065452788764,-0.7573390149867244,-0.7559407222040346,-0.7570816679460086,-0.7007839145665407,-0.639979029739982,-0.08014848326653395,0.1842859458460139,0.13161351286651005,0.20592294618492332,-0.24636990960980407,-0.3015675436776982,0.02505449954807544,0.0827487565788662,-0.0551903268348853,-0.6111196215597725,0.3531509114705601,-0.3868429203678395,-0.20883430743228865,0.13951219893333178,0.02656132454272724,-0.14713095085743239,-0.08933501242283848,0.09358634660663666,0.037935073173896966,0.015720636097716775,0.1381025942220213,0.4332926540303707,0.09511892343014164,-0.2419036425875572,0.5650802301726008,0.20209826766895583,0.37943739990904124,0.26302491392930494,0.36229949105119164,0.4556159628768125,0.39921306156160186,0.27699047638211083,0.3094281993719225,0.427211610419205,0.4281671135983465,0.29158712805350173,0.12978180071211803,-0.16351460081142077,-0.0417990569784909,0.7317366206266923,0.6116800473930191,0.7169751596131484,0.7124739957278731,0.7993504118704403,0.6015087331669076,0.5990063269686713,0.5762701349417503,0.6184518266379216,0.42244570021404804,0.2946491323061842,0.25530701801276634,0.5322759329475154,0.6691960242018012,0.5157821596233717,0.5242967333017725,0.3405506968330069,-0.20847255956632782,-0.4300713760121272,0.06076932403966467,-0.2047264363241392,0.04265915742713771,0.5877458235196609,0.572426547458595,0.4084296501353904,0.5463852890811427,0.7525868311476962,0.7157265648436831,0.442770745970479,0.5451810410986957,0.5454427862508279,0.6049165842060409,0.3812050327959511,0.5828393104599633,0.6841525003731922,0.5954924815645266,0.5099007368132105,0.6357210236812844,0.7085859258864653,1.0,0.8344801525774302,0.2947709051195264,0.24501745460909888,0.0367349753970005,0.3327497015280747,0.4705057100682029,0.4873196235518723
Os01g0286900,-0.34381441676270036,-0.4710423701476538,-0.6711597910425735,-0.3852037282761096,-0.42630022817624436,-0.6174770811781279,-0.5712464796113219,-0.40675353656451496,-0.5973324826005597,-0.5367291573853485,-0.6270325766123842,-0.4684112069847065,-0.7156705915103129,-0.5990483763245208,-0.4079200303868754,-0.4667154264477857,-0.6331059042885925,-0.5948629759451618,-0.680233932743656,-0.6224116986008221,-0.8131024813373782,-0.4394849070578612,-0.5732653913240533,-0.5304920353115775,-0.2879222535283663,-0.1835593298780669,-0.5862708393643049,-0.44531564791974343,-0.45595623802502233,-0.266078857552645,-0.29893268260878225,-0.26223261531433517,-0.6876729770922202,-0.8273804238228164,-0.5035074937474109,-0.6291736523730872,-0.7148107368815528,-0.5000943085667626,-0.4284590581503416,-0.5067869283487478,-0.6548096991516785,-0.6660473309133379,-0.5415508607044556,-0.5717197339035965,-0.7509695835270938,-0.8247746496540767,-0.7282919792269249,-0.8259550687804557,-0.8052371524635699,-0.7779666955863073,-0.7593525556717203,-0.7649164153602332,-0.766994529096276,-0.7653580788877343,-0.7695411463587438,-0.7966504899205595,-0.8391055900188917,-0.7645923688559422,-0.7744974911727495,-0.8018116148577448,-0.5515641068830177,-0.6301934872424066,-0.64215077599028,-0.7180995481069121,-0.7551335518386476,-0.7721120419671001,-0.7682785045846425,-0.7273549511119823,-0.7507516168573634,-0.7682217453751269,-0.7316577287657732,-0.6562988869426036,-0.20682968487572514,-0.05938018211159704,0.27171625515239833,0.3074312088538533,-0.19713705940414125,-0.21442852741642085,0.16077992443684444,0.2117284152734581,-0.06520976394243806,-0.576563081973205,0.4408003498799139,-0.19538392187516107,-0.1967637416211337,0.1334089870677268,-0.11574282892681957,-0.0016580586754782224,-0.10568254187641637,0.014628917658684648,-0.20878517494065732,-0.19364821550801978,-0.05389926639612799,0.2579674377387897,-0.08698604349874356,-0.4438701458395356,0.4859705509859022,0.3479294435271989,0.43625806640929565,0.3019174219964253,0.4239632193904085,0.5434846761630946,0.6304082410704877,0.5177237232237496,0.41189019511686176,0.5068827545848533,0.5792358472387773,0.37757713038375135,0.20180284892732195,-0.07201352448046607,0.03641349010154326,0.6030349965237789,0.6270808413877701,0.7134262175951225,0.699624668689618,0.7635052514200195,0.5920834730040164,0.5913937892360772,0.6070581642800147,0.6944589717602342,0.5866200731282244,0.27117448447381465,0.41128914153574914,0.4441274698253736,0.613074584804075,0.6193569567579997,0.48242618315120384,0.38121399852201887,-0.09278316688295676,-0.5288110719105387,0.15414527587199844,-0.05950425304694583,0.2806231418642102,0.7014604007024428,0.4283736133050843,0.4548395599985713,0.622077397738403,0.8157058720344097,0.7550132097711899,0.520714258991275,0.5407323532714743,0.5303008045325317,0.5392605456307273,0.3664100949850246,0.5009133029591618,0.6488698745960014,0.557110639359236,0.4510946468097099,0.49579261581377804,0.6652681515473918,0.8344801525774302,1.0,0.1270692707202446,0.13011607273262388,-0.02663616016706229,0.4051516493927403,0.5381286158371872,0.5719988933445165
Os07g0164900,-0.16084114844566433,-0.07199381541938997,-0.10660767554701428,0.21528840716451741,-0.20383805563222768,-0.2130406480845478,-0.1876627305104084,-0.37489214761039424,-0.28230886365435603,0.03119425173311045,-0.09948987262279638,-0.1360909079606778,-0.1618860827896776,-0.2043733406443115,-0.5331411760138742,-0.5166464820703495,-0.2960023158689308,-0.5409576590983557,-0.491650974811637,-0.5206296092110857,-0.45078901429541096,-0.7794641481793894,-0.6366059411740826,-0.5630152519684556,-0.7764731743684533,-0.6583740690870457,-0.5737153482204951,-0.5963276730700886,-0.5554848302620619,-0.6598551389778906,-0.5893145231758885,-0.4145271237389382,-0.331182362027004,-0.18641723412298658,-0.4725874873319391,-0.290575380115594,-0.5113378319474816,-0.5350792247017585,-0.48985759035867116,-0.5407059580334844,-0.45779558570830425,-0.6954633073762572,-0.8075979546815325,-0.6540868676724869,-0.5923243870689375,-0.24639350297892426,-0.4490279723815617,-0.3907077599572727,-0.4162231198790732,-0.3374077886975483,-0.4639607394975936,-0.527038466703498,-0.4847036092368863,-0.504003017739935,-0.45943080563832267,-0.43451973682357914,-0.40740555418942814,-0.47451249873889956,-0.47778725821528456,-0.49627940628396655,-0.7002891923414519,-0.6866319556620797,-0.703920828947356,-0.6332654521283563,-0.5572110287922543,-0.5391381245666194,-0.5023560033101381,-0.5598168367093912,-0.5569347537357572,-0.6014637077932629,-0.5653479026584092,-0.599070910365636,-0.13220301849546623,0.04798626155884134,-0.7499368205963093,-0.33478639516231773,-0.4699074322483121,-0.35719449846976525,-0.4796110416176504,-0.5930912191807436,0.19665793841268728,-0.37020523846217673,0.37122559077452466,0.21681614815177733,0.017791683152568065,0.1431089919602752,0.323076696573134,-0.22657871260620951,-0.30673928182124177,0.5419299958490733,0.3791871036373621,0.263889074960614,0.2145954872166591,0.4957832131262727,0.07748302940077793,0.0986918654963801,0.13254337802491714,0.15123154618832615,0.0657609305980713,0.3169889407034715,0.30610664315330144,0.259555836733803,0.18401701636923862,-0.0886722637762328,0.11194638270134313,0.08908073467271785,-0.19468806215424542,-0.22859583455869445,-0.15545442563122575,0.0500202379025528,-0.0447806750656816,0.3905320956085146,0.5430681383184326,0.48461045342904413,0.5434091864546805,0.5519224199245283,0.3445924513711037,0.36385227737017417,0.30273713994043094,0.40946563651885964,0.3455305859256886,0.34095029143711314,0.4465914289376695,-0.15307028910081605,0.05951204248756794,-0.022055680821739674,0.23069796328724357,0.1684003010571197,0.20687367086280756,0.08195839120080056,0.22343355387638014,0.24374257843700883,0.12673830975568948,0.3142448661732398,0.6103504639119023,0.597740618175606,0.7253006011443837,0.49285506955100594,0.48033728414083215,0.640346540804716,0.28967521189364903,0.6487816101146937,0.579910791230406,0.7159929977371159,0.5619098798715783,0.6128318653383067,0.7005734689955146,0.7728060999229881,0.34732776437375384,0.12138062792698012,0.2947709051195264,0.1270692707202446,1.0,0.6948721234825687,0.6259400913417286,0.3569240352450574,0.4985202008910259,0.37516904421112207
Os02g0704000,-0.3737165658625601,-0.21564508775546953,-0.23338447248152822,0.294901832530398,-0.04179230161530631,-0.1446335135494884,0.1658535615185264,-0.23822124022248148,-0.17374650009562026,0.1147691382454165,-0.31527621692933294,-0.31942087524434387,-0.32123006994143327,-0.3126643252064897,-0.2063004024234086,-0.22698694009240683,-0.10398743982590936,-0.4720577550983594,-0.44347176716808684,-0.6386829020611025,-0.561233218761868,-0.6320316633599947,-0.696728017114719,-0.7474824254390865,-0.7139875116935065,-0.6286184195928542,-0.7081655740179003,-0.7709022370297466,-0.8228559360880254,-0.7030317584250265,-0.7818384842398853,-0.6146361806598322,-0.27368839961578967,-0.3102826723416676,-0.5105791666373027,-0.15129052593875306,-0.7357600082280428,-0.7337839243214831,-0.7732490234061772,-0.7074305869373678,-0.6741111830037326,-0.6392422989701408,-0.5619746307033198,-0.7243181983020909,-0.4952214129811026,-0.21329304560447718,-0.5346268264336399,-0.46647995345313853,-0.5194883833760067,-0.3835485775085431,-0.5311574626144474,-0.47410895003640274,-0.5210140738559759,-0.5705640781931295,-0.529321449942348,-0.5278358657747562,-0.5022369796662538,-0.5469070133484868,-0.5768338542040088,-0.5297000892274887,-0.8209678153863356,-0.6039793116514323,-0.7567890112469075,-0.6521443919767341,-0.6493356967930071,-0.6188673161624323,-0.6586051775594789,-0.7304714932091853,-0.6447946762644046,-0.646569756957939,-0.6534306059301198,-0.7514042833757174,-0.13862912547795525,-0.10108726960266408,-0.5835437678943315,-0.11689605854625548,-0.3801615028126851,-0.47600823389219626,-0.5364668825132948,-0.677330594072736,0.2934795785943229,-0.3541551393344738,0.3558634601253239,0.014952550377825785,-0.13621202390861253,-0.19693715316050583,-0.054234065905450324,-0.7819911998831955,-0.44267673666621427,0.2910000591966886,0.5492027336123706,0.6568585100665517,0.4963047142718582,0.7048572164488539,0.2968601321215667,0.4486714662714991,0.10803874425729067,-0.12875097962062265,-0.07088128500720428,0.13238777952631625,0.10830990794767315,0.13392302936746017,0.35100087106187594,0.20400394554845,0.2519124479416039,0.19324180665586033,-0.17273673661371852,-0.042843357167257665,0.16867341973144406,0.1236328322442634,-0.04138375874645421,0.7029478439478304,0.6995553993731966,0.6270900772935697,0.7074935355693818,0.6124839749877089,0.5093017366412549,0.5565620264192618,0.5793205521144106,0.40098672739065283,0.4793122378036056,0.5188154725424877,0.6299531430061515,0.29148116535355434,0.3093311071065832,0.2683314306717003,0.6627183849995791,0.639140481681082,0.09703293894999149,0.22450671480928797,0.6797548797518635,0.5104282484439387,-0.12817245527095514,0.1827015750726223,0.6526535713704537,0.49316726185966375,0.5972304733570969,0.36488091008531537,0.5506325978288044,0.43650270779486516,0.26262590042148837,0.38385948019677396,0.46433728077578096,0.4887865071825607,0.7095595639256478,0.6889514554176362,0.7175880625377995,0.7900792765700713,0.35906822688466494,0.028051519234797616,0.24501745460909888,0.13011607273262388,0.6948721234825687,1.0,0.7793983534680979,0.34073502088707963,0.5094485514558752,0.6376662046449697
Os12g0479400,-0.32828683095458744,-0.038866448242272165,-0.19262126981598077,0.23614032930046133,-0.07607198160175205,-0.2797290776217836,-0.03799228824816552,-0.45892817702517,-0.338524843376402,-0.05281579000858607,-0.24923395641306234,-0.4563558318330471,-0.3756996374787182,-0.3672100495713976,-0.06448038146495283,-0.09631482262658964,0.013807591145149421,-0.2834458595575841,-0.21793800433379668,-0.38768970228965427,-0.3748839918740093,-0.4278776393263203,-0.4033285917847587,-0.4822794495987986,-0.6891622277068478,-0.6404329400037349,-0.5066538750173534,-0.6240108759895517,-0.6731895757117606,-0.5209355170176355,-0.48723629593057166,-0.34834596248392163,-0.08556670766263108,-0.25949973527643405,-0.5238771518988065,-0.33046365265795585,-0.5217989716320617,-0.5738622584188574,-0.6621353211832152,-0.6844266042978692,-0.5439337457773761,-0.5354670540328251,-0.6146085170663934,-0.7176815069593719,-0.43469373033682435,-0.27304329963741797,-0.5337367223007414,-0.4247740376718652,-0.43849910139197923,-0.4459406742306902,-0.4954105211391021,-0.4782264615048142,-0.4882897212451428,-0.5641346190015398,-0.5316519827025981,-0.5316622727551683,-0.45789849247016995,-0.5372262515803522,-0.5154369196260496,-0.4809662534137985,-0.6847427451889762,-0.6452405963110432,-0.6505457942166574,-0.5758036025158219,-0.5609777848295497,-0.5434763849160863,-0.5360550437910991,-0.5716742161016072,-0.5797220653729745,-0.5644001698578136,-0.6249434311809728,-0.6874089303256594,-0.42667013333660886,-0.3229141569665177,-0.7595443457793696,-0.21125608139690769,-0.40901331972447025,-0.3572006909589728,-0.29843279616707163,-0.5084890496914378,0.36912189816115,-0.22865947554464897,0.1299848148381932,0.06059959664942337,-0.19044834467930474,-0.36603517064657504,-0.11328924777629548,-0.60706620526325,-0.3331246174951512,0.504338456396395,0.22069290070882597,0.48865158745210124,0.1918371167237975,0.41548294660450874,0.0709976462232671,0.26303563295601795,0.1892180717474794,0.11697970767310366,0.09454459453260025,0.33717066589791417,0.31818923108838054,0.29028774610790664,0.47876188066951386,0.31221083631364516,0.418683074003076,0.23994000562540768,-0.08704113659319176,0.06662546034700204,0.10650531365877716,0.3817937876309431,0.216548388023524,0.5217813997488855,0.5998772152542697,0.47769700496063966,0.5680958431124703,0.5202974932845849,0.4491668615577956,0.4862486055980199,0.4806729278037309,0.41386346369496446,0.5843025859705029,0.562825806685787,0.6237840013451679,0.044634170677138964,-0.056055352950124954,0.15155422382527947,0.5457120839580236,0.4747905745011719,0.4691910245050176,0.3969379926599546,0.5590454900302896,0.5793192985892532,-0.019075988872699554,0.04908618273657383,0.5882631830666857,0.3278800993513013,0.4659979459676475,0.32704188522978056,0.43752179551612336,0.22201039820082671,-0.013039571841917773,0.25472803146024603,0.2754460007454648,0.48091460606658676,0.46008333744356195,0.5095964355482963,0.5224723026232575,0.5760703845388397,0.15873263864093998,-0.1034270297139861,0.0367349753970005,-0.02663616016706229,0.6259400913417286,0.7793983534680979,1.0,0.4000211364465933,0.5430842185965136,0.49431687874715047
Os03g0320400,-0.05618721333689904,-0.18638570774249266,-0.2904532461531658,0.10526077370720535,-0.02283225475080921,-0.23052070636301064,-0.43966250325230355,-0.30198079451212245,-0.3571156883758619,-0.20341692433459035,-0.3311379534754696,-0.5695524515134791,-0.4120640649580924,-0.3733616870608742,0.05642754353843556,-0.3091300763426614,0.11816547198083745,-0.3610831050822752,-0.38420689843203465,-0.3721171819409658,-0.46404008587236734,-0.24329950233303052,-0.4175146773933324,-0.3752969567055541,-0.36796208798390434,-0.3511426326505331,-0.351028148646398,-0.33806157817647037,-0.4630929026726548,-0.34039577040599955,-0.2879353006885506,-0.2260575330849192,-0.29145433151054834,-0.29512617636516814,-0.3961674917894039,-0.4230612072278619,-0.427520625172628,-0.4506021058796416,-0.40073648203140505,-0.37272936372198556,-0.5662737378021367,-0.3940724008425372,-0.4154985341070277,-0.4882802041076264,-0.3256205597421762,-0.37406213163114715,-0.5164826695662702,-0.4805839769217107,-0.43824149088371567,-0.42872383935403235,-0.4546208529623231,-0.5108021783361987,-0.5007645819070573,-0.5811218530975277,-0.48614414460327876,-0.4226162402481729,-0.48105820456612686,-0.42933504412834617,-0.4187689045857457,-0.42703419070144283,-0.4520391411938838,-0.4589846339068408,-0.5242540909746382,-0.4529110725842234,-0.5045403003496466,-0.445413221655899,-0.5811536779199303,-0.507387233416114,-0.5316955372675043,-0.45434764922987503,-0.4915391364389828,-0.5239808832461015,-0.20930942943849154,-0.13474268930029273,-0.2088005628378064,0.025381247663465827,-0.3038491698900613,-0.17397495708800056,-0.04078198058336159,-0.04246219446001282,-0.22303261156537643,-0.6164880864008434,0.2688587416948815,-0.06256989121730608,-0.19614617139755186,-0.3090712031344867,-0.17137722908815517,-0.25378463002210655,-0.08356399393510601,0.07797196190681868,-0.17402218345472764,-0.000949633461698048,0.09494884736051146,0.2797120646624718,-0.16768327052848464,-0.16166825923114955,-0.008482138605509266,0.16003334140906492,0.2031726505170397,0.12233509351760946,0.22413035694183883,0.26169129792056256,0.40878776157307434,0.26530873553362344,0.3519903296283251,0.35468124626005815,0.15915077566282784,0.17509680352688475,0.10811425693682844,0.05987175636305821,0.13586843244331898,0.3724892858762584,0.5322458104281038,0.41123540699284244,0.4425114002589919,0.42721675028647893,0.3540020953988737,0.4148241830091954,0.41317648392077044,0.38433454847088866,0.403194076075312,0.10699031225938162,0.4288785385760579,-0.12799107227709414,0.2168030623560951,0.14683141456396506,0.31624542045333887,0.26419921824151327,0.10090221747226152,-0.05114562120355683,0.1472260487807065,0.1365704005005536,0.3027276948309767,0.3080901986830429,0.33229649363178976,0.23542494716879517,0.40739714372256103,0.42036399855991097,0.35992627509584,0.3125855966298495,0.16444484870298492,0.2908135237516863,0.25581703980122233,0.3706008344956064,0.28942225280652367,0.35716693706046376,0.34365227991964875,0.41139157053923414,0.21782287269088133,0.13212110469239952,0.3327497015280747,0.4051516493927403,0.3569240352450574,0.34073502088707963,0.4000211364465933,1.0,0.6393882759471607,0.55171983266635
Os07g0155600,-0.44519762976462085,-0.5270515501243731,-0.11707178564253949,0.21916328144333186,-0.04082119225693077,-0.30690612178582427,-0.3695449811394261,-0.6480462732520026,-0.5993556602948206,-0.4859707572442113,-0.527157425037618,-0.610706191366872,-0.6133600346181147,-0.5443425078226215,-0.301482278546995,-0.4581213641376987,-0.20357143162913424,-0.46862884218167583,-0.5666748383388659,-0.6291775586299944,-0.7274340505050153,-0.42952876527903355,-0.4880370917121088,-0.507458521620631,-0.5706862171431023,-0.42495114236689463,-0.7414089049015339,-0.5696047939540156,-0.7156194822790236,-0.4644827014768277,-0.4881201375055579,-0.44024882773403134,-0.3931404692909393,-0.6131193053649246,-0.8426062760357231,-0.81497685298613,-0.6484916221826248,-0.5125537872692306,-0.46704034758320057,-0.48740036090200456,-0.5697829653184509,-0.6706317442482548,-0.6135910958440126,-0.7259207675764453,-0.6156589426937525,-0.652199698792635,-0.7333469363101028,-0.8039246089870007,-0.8056720013720688,-0.707877359549886,-0.7855618422191547,-0.8176826356447304,-0.8621705865745922,-0.8317994209430624,-0.7961714686939683,-0.7708359592620209,-0.7419825729764776,-0.7377555253335706,-0.765135842981338,-0.7449205691983755,-0.7660392103449899,-0.7542658282613927,-0.7130289577253824,-0.8046608397296006,-0.8467616294769872,-0.7527756669587621,-0.7406572824941206,-0.6886484916654321,-0.7522497996052651,-0.7343211615101645,-0.7847742402383532,-0.7967717936880129,-0.3323997766480905,0.19122681989286544,-0.12050791566433487,-0.16561341376267177,-0.633529797254101,-0.25444451421984216,-0.028215681717562394,-0.1195362846334625,0.23842370039627847,-0.38368661757458195,0.5926767086484253,0.0012958323332834063,0.02516337986435717,-0.10823773440497572,-0.05048646412217999,-0.26579401942342934,-0.12569142436165287,-0.008101764036880012,-0.20865873978378652,0.0015695159710291382,-0.026334711378490697,0.3148854737567455,-0.3882474105991363,-0.46501079761866587,0.33336072312843906,0.4818508115409618,0.3319876084100001,0.4560637979763862,0.36357895883958596,0.3751624658690823,0.5961014666704831,0.3838598106636975,0.48246905702880566,0.44211402041842796,0.32412367217121646,0.18275310189301058,0.2777294967308622,0.20208357901436005,0.19895352385545376,0.490476872620629,0.7790713178753892,0.5949175110648715,0.6818944465375888,0.6240400707287788,0.5082488589493357,0.686777464874139,0.5653500278304339,0.6881924059189449,0.6916586090152582,0.4594489021684653,0.6608057223004132,0.18714129267863625,0.20479349435482844,0.1311590835487683,0.3443505940220668,0.22267635724862336,0.35111522520678873,-0.15659523140685364,0.3601329526624404,0.22920142280226577,0.24475114448676397,0.48909173968042,0.7123554813697949,0.6482211369072864,0.6881241015019559,0.7950203778021341,0.7045041785182958,0.3005097207049838,0.26764388959530444,0.502048957592241,0.4730113184504254,0.5173711163233438,0.40623871183422144,0.5228280428014661,0.5380528137534477,0.5071376341144826,0.42540040186771033,0.16510853581080906,0.4705057100682029,0.5381286158371872,0.4985202008910259,0.5094485514558752,0.5430842185965136,0.6393882759471607,1.0,0.7161761292999567
Os01g0235700,-0.3644863556709582,-0.3519394311945111,-0.49305972303096784,-0.10002635888680776,-0.1282612578313871,-0.318148773288127,-0.2524533408545167,-0.5128624085019154,-0.5634507062881746,-0.21663546053660546,-0.7501325553757504,-0.4718520631707218,-0.5757789504208719,-0.45508241932085985,-0.09693480522790061,-0.11611734363040314,-0.24234668745421428,-0.506290574604476,-0.637725560088288,-0.6462946316853491,-0.7474062072310051,-0.4758998861342774,-0.7165233258641714,-0.6507447741518598,-0.5331581199826141,-0.43022065172986695,-0.8202196323580878,-0.6904147222170686,-0.8287174721083314,-0.5635121134434389,-0.670443441502588,-0.5740773918647045,-0.3491020951898437,-0.6150368557064749,-0.7000810263868956,-0.49795292115703094,-0.790341667900159,-0.6277511469244424,-0.7063138642936536,-0.642574808189611,-0.6884362761753807,-0.6033601823153627,-0.49572889663644176,-0.6158061845959502,-0.5952264262121322,-0.5674062824117057,-0.6335183070565865,-0.7406921057573276,-0.7537934184854096,-0.6431311878479224,-0.6742484096863866,-0.6583565032831447,-0.7225324128687656,-0.7536405217113563,-0.7413055568046275,-0.7064791227879498,-0.7478724390103236,-0.7411750391621087,-0.7261967554722843,-0.7093677352226967,-0.7535326261845743,-0.6178540198883384,-0.7583395292208143,-0.699325435289664,-0.7892518751759263,-0.7342462656860527,-0.7671373148714582,-0.7853661848160914,-0.830545488256164,-0.7664516030818868,-0.7673573622007308,-0.8440270190812024,-0.11612556326527906,-0.04682804111484795,-0.17598950652672002,0.020701931311996682,-0.4596884188802398,-0.22361078844235804,-0.2308113640873262,-0.1737700109660325,0.3148576917234616,-0.43432373837257593,0.4898952448271586,0.014865274568860918,-0.06268856995740894,-0.14744770262955378,-0.12150685627089175,-0.43501218559166893,-0.46460031636744364,-0.019668198042326803,0.12663197008638688,0.2598747490488492,0.26058100048232263,0.4727630488136601,0.2173715322169442,-0.08682292394153139,0.20270088517441706,0.11324664307719509,0.08888192103624422,0.1587777656175441,0.1469436313628689,0.20487753184846966,0.6683619367682354,0.36540743386466334,0.3737270321237993,0.3878239330550406,0.10862873503227398,0.12191201002215314,0.23398362287298768,0.06447307088426261,0.005691652672299415,0.64936015127463,0.6977875180095243,0.6633950315391448,0.7194580911389024,0.6588418226394822,0.48770339398363277,0.5748476338639446,0.495931318401208,0.5342496904751952,0.5509750703799411,0.3465104493443183,0.4733144863777012,0.35458283872096286,0.32442862650921694,0.25913283662769077,0.6234888675057145,0.5464564284413538,0.23842398392196004,-0.23842890387093052,0.3787071068571194,0.2297886961299601,0.07322318157023937,0.486582035683273,0.5946797661533838,0.4347453001045473,0.6437863588351916,0.5697936789428372,0.655954478938661,0.30706289553872784,0.37426076572907346,0.38200383489528383,0.48916907737749177,0.3631643597441016,0.6002841105891722,0.6437277524715405,0.5734599792391873,0.6140443055539643,0.4093474535914524,0.2554362907831833,0.4873196235518723,0.5719988933445165,0.37516904421112207,0.6376662046449697,0.49431687874715047,0.55171983266635,0.7161761292999567,1.0
