"","baseMean","log2FoldChange","lfcSE","stat","pvalue","padj"
"Os05g0103800",3222.16185386114,5.83206573783785,0.206525596281742,28.2389487929707,1.94552752051403e-175,1.8581084839256e-171
"Os03g0223301",2022.61356074596,9.48640578154067,0.368564869764358,25.7387682868576,4.3061042006712e-146,2.46756995115262e-142
"Os11g0100100",2158.45267611359,9.26965387174053,0.437971165944999,21.1649866304318,2.00819245825569e-99,6.39319225710466e-96
"Os08g0205100",876.912442912742,4.46160084727057,0.222841761078225,20.0213856939696,3.58607787584094e-89,1.02748303298595e-85
"Os11g0684700",1030.2458871033,10.0269238921973,0.543095057845046,18.462557792338,4.13297847229121e-76,8.45843565629199e-73
"Os04g0688300",9383.50764294267,6.17214629527458,0.335987652393064,18.3701581034708,2.27747435717143e-75,4.35027968544506e-72
"Os03g0111600",1933.56186111434,1.85968811351114,0.108495712401905,17.1406599610335,7.3808163981773e-66,1.17486195244765e-62
"Os01g0270100",4642.96302258488,2.35211876680736,0.140879446621935,16.6959682424046,1.40225774479977e-62,1.8262494956365e-59
"Os11g0263000",1052.56579540376,10.0375370621338,0.60357291447047,16.6301979785491,4.21200222467266e-62,5.24705598875309e-59
"Os10g0394000",1295.69211602691,4.26342059392802,0.257152838631614,16.579325418358,9.83263313794576e-62,1.17385251945176e-58
"Os07g0539300",4157.98904592678,4.64143604091709,0.281988981334319,16.4596361849129,7.15290725530622e-61,7.88250379534746e-58
"Os07g0281000",3538.63439713443,2.04401807734532,0.125288904827774,16.3144380594203,7.79199301784531e-60,8.26874755360385e-57
"Os05g0281400",550.093070403948,7.67776894431871,0.492222652530291,15.5981625486979,7.49195280929398e-55,6.7081072466216e-52
"Os02g0228300",5041.26411604326,4.49159530874786,0.290413608493545,15.466201229505,5.86685450254012e-54,4.9440328001994e-51
"Os09g0365300",698.190364963967,9.67974936490701,0.64366075709601,15.0385886636602,4.10202435260636e-51,2.86661467685067e-48
"Os01g0124650",4394.49844681915,6.1772979860523,0.411165143711046,15.0238853670765,5.12155980365014e-51,3.49387932129009e-48
"Os10g0571900",371.26198839121,8.05799968199326,0.54900224724861,14.6775349688947,8.97959271006058e-49,5.25067939446236e-46
"Os02g0707200",916.86643301305,3.62802922201435,0.247259658631618,14.6729524827971,9.60720224746823e-49,5.50531117588919e-46
"Os06g0674000",1901.98206608893,3.34313510362056,0.235609397321258,14.1893113841386,1.06701336455329e-45,5.55855762203288e-43
"Os01g0138800",1588.49628760865,2.24369648508873,0.15867605080654,14.1401079349036,2.1495444684389e-45,1.0997990733877e-42
"Os03g0269100",720.063749378887,7.52081869661174,0.53371786406571,14.0913752433173,4.29122645902549e-45,2.15705650007015e-42
"Os04g0565750",775.855083695302,7.22835172781084,0.515602578428805,14.0192311486063,1.18895741286654e-44,5.58459144154954e-42
"Os12g0554000",1911.75337424092,2.39771111799022,0.17112662881909,14.0113267849448,1.32898705820128e-44,6.14163503090051e-42
"Os07g0110100",893.163884657689,10.3032338661828,0.753925156524283,13.6661229261567,1.61788560187397e-42,6.8452589812383e-40
"Os02g0729300",982.400685926013,2.47539617221698,0.181406801918592,13.6455532319446,2.14578849484162e-42,8.91030897886986e-40
"Os02g0687900",7629.28651207586,2.33814962514033,0.171569635858959,13.6279920012329,2.72988609527455e-42,1.11738137716866e-39
"Os02g0166600",3939.16972669923,4.29227469615118,0.318489915713924,13.4769563630599,2.13743778919891e-41,8.38929692275715e-39
"Os12g0179700",1183.16653802304,8.06835078789837,0.599496768557468,13.4585392466964,2.74285051681019e-41,1.04784204010194e-38
"Os07g0213400",1808.1285309085,1.48153041971657,0.11045763554382,13.412657372417,5.09788766095531e-41,1.89694386054145e-38
"Os01g0781700",965.199826233688,4.64145132915181,0.347858006622779,13.3429481017668,1.30206596406478e-40,4.78292230799794e-38
"Os01g0571700",8431.7014448394,2.46661980787212,0.186166134175496,13.2495623803783,4.53841931818586e-40,1.64601000385647e-37
"Os11g0226800",2092.36148160649,2.50500410718215,0.19031468834672,13.1624318067267,1.44363470960057e-39,5.10654588882413e-37
"Os02g0692700",2543.033006543,2.15989067209949,0.166596539855582,12.9647991127057,1.93737293813762e-38,6.30791016176355e-36
"Os10g0558700",1142.90332036703,2.92778156421502,0.226542266674861,12.923776243561,3.30513447839475e-38,1.06403048398839e-35
"Os04g0419550",365.176315281243,3.78815324522177,0.293495827321697,12.9070088654774,4.10956655097213e-38,1.30830334242726e-35
"Os09g0392666",1789.3568294013,3.84128495919644,0.298157485071174,12.8834094447754,5.58143405256111e-38,1.73825270080414e-35
"Os03g0122000",1096.75636426648,1.91027814982893,0.148941013270094,12.8257362286423,1.17663547642158e-37,3.58648507132246e-35
"Os02g0222100",973.449501995423,2.68227841917752,0.209431657249639,12.8074162922766,1.49014053445459e-37,4.49426385191504e-35
"Os05g0473900",2949.43878628282,15.0584885589368,1.19254127277259,12.627226329808,1.49453936082148e-36,4.19819036924088e-34
"Os03g0720400",969.080288093405,3.52759084779775,0.280619736736415,12.5707154059203,3.05942833003301e-36,8.3484514773434e-34
"Os04g0370500",290.04016440696,8.75039058844643,0.70551226028024,12.4028894763227,2.52067203619367e-35,6.54045853806427e-33
"Os12g0431100",3038.29038615177,5.09308741375766,0.410650970862448,12.4024725987161,2.53382276184955e-35,6.54045853806427e-33
"Os10g0132300",5346.04502776207,15.2560144925189,1.23304042612371,12.3726798970242,3.67356718966493e-35,9.31460593967076e-33
"Os01g0966900",265.354145991959,6.7821668209214,0.548550775365513,12.3637904192229,4.10341666252701e-35,1.03132538784846e-32
"Os02g0611200",26930.0093670401,1.01813085165396,0.0824088340638204,12.3546324034324,4.59853328009519e-35,1.14571456992424e-32
"Os01g0188900",2315.14094331075,14.6180531758065,1.18793641654871,12.3054171689391,8.46976785238721e-35,2.00558502898015e-32
"Os07g0124900",8002.08960182393,3.74418772041756,0.305186941764917,12.268505653501,1.33698082370104e-34,3.11440443582782e-32
"Os01g0716500",8559.47669013964,2.75289223546574,0.224440922409764,12.2655539190832,1.38660802622056e-34,3.20395912639285e-32
"Os07g0213500",798.25723489031,3.06910579272449,0.250561019779096,12.2489355903418,1.70215269261059e-34,3.9016063158943e-32
"Os04g0614600",11043.2016426941,1.48773112350304,0.12204100596321,12.1904200294081,3.49614730427543e-34,7.7652412838837e-32
"Os06g0542300",1150.98299333913,3.6070081436922,0.296032889029222,12.1844844858983,3.76023486189262e-34,8.28755763561133e-32
"Os07g0676200",2170.58315714285,14.5564028762481,1.19564506584084,12.1745184186507,4.24894508583095e-34,9.29318890070445e-32
"Os07g0571700",684.427586411458,2.706951152815,0.222635145798141,12.1586874485188,5.15807801697855e-34,1.11119737851481e-31
"Os05g0195901",314.174588239878,7.86121105432262,0.646651635941181,12.1567945047891,5.27897321602504e-34,1.12875478048917e-31
"Os07g0675400",2159.01932204621,14.4098278460416,1.18622386525202,12.1476462143005,5.90409746709861e-34,1.25306815279488e-31
"Os01g0267300",573.147307044473,3.88676066488732,0.322397246033298,12.0558122400521,1.80741864730293e-33,3.69901136303739e-31
"Os07g0646600",4672.19595438461,1.28825361295111,0.106996026514714,12.0402005094455,2.18424104616039e-33,4.40724467990052e-31
"Os11g0533800",1697.22954889646,14.4518280283028,1.2035617928418,12.0075496864849,3.24312382837716e-33,6.49804083431206e-31
"Os10g0131800",1356.44261982883,14.2946643144269,1.19260011955233,11.9861335581559,4.20058613158596e-33,8.35799957237506e-31
"Os04g0608800",3314.22770877504,2.16730244234079,0.181473646812219,11.9427943418331,7.08038274680955e-33,1.38004847933053e-30
"Os11g0237600",398.956097335071,9.53160543605371,0.800860282321793,11.9017082585497,1.15949061931477e-32,2.22964598822863e-30
"Os03g0183200",4231.93547182157,2.51504358345577,0.211362493599063,11.8991952670023,1.19493860536551e-32,2.2824920613955e-30
"Os12g0105600",713.920299691158,4.35804587552091,0.368157291018237,11.8374563857409,2.49917979450277e-32,4.50355342591782e-30
"Os08g0232700",473.328877068177,4.90545697008338,0.415753611127883,11.7989521649026,3.95201795390161e-32,7.03311915622291e-30
"Os12g0508500",1502.4721131496,3.72796563847717,0.316992636783165,11.7604171387339,6.24251132832315e-32,1.07747249746455e-29
"Os10g0382400",1553.94410960709,14.2241563025688,1.21104754616835,11.7453326647437,7.46282493558231e-32,1.28038838355871e-29
"Os11g0619500",228.864916493727,4.06119127135327,0.348504602405558,11.6531926503146,2.2102017843042e-31,3.59810804112977e-29
"Os03g0448500",1655.79120955157,12.5646044615433,1.07932863434404,11.6411295519639,2.54620914270495e-31,4.12169403145662e-29
"Os03g0608700",870.628127280777,13.9494175025491,1.20195341803129,11.6056223920867,3.85869824969712e-31,6.17650403633083e-29
"Os03g0757000",485.313810294291,2.05749819290139,0.177420090218146,11.5967599293384,4.27976450136931e-31,6.70960222298096e-29
"Os04g0226400",1046.71109146069,14.2151625928308,1.22579937313063,11.5966469753741,4.28541535252518e-31,6.70960222298096e-29
"Os01g0200700",4190.42128121783,3.65610131729328,0.316079683157778,11.5670241148282,6.05464346592392e-31,9.32675508525011e-29
"Os01g0598900",1117.44342638244,13.8354390418805,1.19886633519756,11.5404350223918,8.25068943345863e-31,1.25078705633575e-28
"Os05g0269000",1259.89462854936,13.7861877886344,1.19545602116028,11.5321580590258,9.08377033763758e-31,1.36266066865964e-28
"Os01g0932550",1280.40075788574,13.9179733501628,1.20891370640145,11.5127930773422,1.13734089705209e-30,1.68845033069101e-28
"Os04g0599400",1293.59101861058,13.6873534452891,1.18979658057794,11.5039441772816,1.2602210089396e-30,1.84223736470089e-28
"Os12g0299700",1425.00928158715,13.6684972758825,1.19121228774921,11.4744428146464,1.77316168353531e-30,2.55967273769599e-28
"Os07g0535200",459.09347225161,2.04802534744365,0.178742228764952,11.4579826020679,2.1445183969556e-30,3.05695229400855e-28
"Os06g0360600",1132.90365973525,13.804218022571,1.20710138689294,11.4358397500502,2.76845167399166e-30,3.92681571104995e-28
"Os08g0424200",6216.88249738691,1.33587545902994,0.116820426385058,11.4352900461661,2.78604140494785e-30,3.9322984401264e-28
"Os09g0390400",1294.24276529849,13.6492847880695,1.19417310140858,11.4299047365659,2.9643385320413e-30,4.16344253039448e-28
"Os10g0463800",4218.01587394667,2.28522059564412,0.200898612557139,11.374994414131,5.57064243939481e-30,7.63684436237033e-28
"Os08g0263300",1139.9810930142,13.4720424867875,1.18608739132593,11.3583894283937,6.73752876010718e-30,9.19255590640909e-28
"Os08g0246400",960.775531070484,13.6246809708764,1.20043290948662,11.3498062767232,7.43271946663265e-30,1.00929989648322e-27
"Os05g0569900",215.41880108371,7.06355023540989,0.622513577828211,11.3468211569823,7.69081676358364e-30,1.03942114108584e-27
"Os12g0529200",970.789337868548,13.4515225190198,1.18653449179633,11.3368154166806,8.62253620556746e-30,1.15445283813981e-27
"Os01g0105400",1182.78588992458,13.4193046058584,1.18560182439724,11.3185593423668,1.06202845287019e-29,1.40876107553873e-27
"Os12g0511500",471.568359931978,3.51909846871422,0.311535133728468,11.2959922901712,1.37343971329874e-29,1.80512819566218e-27
"Os03g0142900",3092.88018710426,1.01429299739468,0.0898226231147423,11.2921774294989,1.43438526173058e-29,1.86809120541384e-27
"Os04g0522800",363.928974024684,2.28980185791928,0.203197832522662,11.2688301321517,1.87038450556713e-29,2.41397553394186e-27
"Os06g0147300",156.530929489466,7.75529187035948,0.688574342793484,11.2628243435516,2.00236546610827e-29,2.56123997030956e-27
"Os01g0665500",242.099760867012,2.49359975524831,0.221441209759033,11.260775525756,2.04947109057678e-29,2.60984203054249e-27
"Os08g0182400",1344.57669977246,13.4262858842804,1.19430663857017,11.2419084435086,2.53834710004456e-29,3.189856189056e-27
"Os11g0237700",621.602574390802,3.01648563734858,0.269248786926818,11.2033397504905,3.92646383649422e-29,4.89134964535793e-27
"Os11g0311100",1113.60586616153,13.3367039504168,1.19203001035949,11.1882283453541,4.6564449871223e-29,5.77560440567221e-27
"Os02g0670900",6787.56548923144,2.00198948238278,0.179960206701412,11.1246231546314,9.52073414582462e-29,1.15588167265325e-26
"Os12g0511400",831.21871855537,13.4640747729664,1.21072438004125,11.1206770053707,9.95139624736802e-29,1.20306922058898e-26
"Os12g0272800",815.400227970238,13.234467416565,1.19046048312154,11.1170993109007,1.0358522523808e-28,1.24702683761406e-26
"Os07g0642100",1041.64288047871,13.1868587422874,1.18634925891116,11.1154945672494,1.0546462888287e-28,1.2643399777205e-26
"Os07g0535100",276.749529210055,2.88067547257374,0.259447976170071,11.1030947903229,1.21173956234857e-28,1.44661508085047e-26
"Os07g0129300",10189.6120742216,5.20990564027429,0.46967528667329,11.0925692453951,1.36315427353679e-28,1.62062640022307e-26
"Os11g0227800",646.319886111303,13.4235383422406,1.2105893236493,11.0884327822878,1.42767025439226e-28,1.69031438548955e-26
"Os10g0577500",982.828408601793,1.72104808343283,0.155314899867241,11.0810236809471,1.55089121356051e-28,1.82115307585802e-26
"Os02g0173800",3709.5986724603,0.881037075283895,0.0797597139064923,11.0461413680194,2.28840817721502e-28,2.63323177082589e-26
"Os05g0404901",1019.32726766201,13.1392964630106,1.19209403068301,11.0220302466261,2.99232681712372e-28,3.42944591856915e-26
"Os09g0380400",2212.20915341894,2.92485407277501,0.265650047453762,11.0101771138742,3.41332047077937e-28,3.89635291349683e-26
"Os02g0184900",221.0791511358,8.0818310036098,0.734545026373002,11.0024991163793,3.71685815000047e-28,4.2093051270282e-26
"Os08g0373000",782.329881960271,13.5536642907951,1.23262707720088,10.9957541429104,4.00551047204493e-28,4.51834197027682e-26
"Os08g0145600",800.548418554371,13.1139999284586,1.19721825891508,10.9537252967913,6.37698349534639e-28,7.10946813652393e-26
"Os01g0316100",927.541192395206,3.20596983520232,0.293378612401556,10.9277558065965,8.4922687131256e-28,9.39461324974805e-26
"Os12g0630500",372.461635606516,8.93319789967506,0.818144882176667,10.9188459089402,9.36785572203484e-28,1.02838238370782e-25
"Os01g0116400",1787.84455132342,6.95840491689389,0.637904491307121,10.9082237415127,1.05293566188586e-27,1.14709933780812e-25
"Os08g0198800",217.867446646772,6.18988221348372,0.569879053530675,10.8617471990494,1.75361470363482e-27,1.87479733166212e-25
"Os09g0325300",619.281450297531,12.9270364500696,1.19355250968499,10.8307228590064,2.46203977752744e-27,2.60303925113344e-25
"Os03g0594100",301.371671867745,5.68916624554047,0.52763869224084,10.7823143548837,4.1725340256862e-27,4.30041168719285e-25
"Os10g0382600",689.184764022538,13.2521060880579,1.22936716154498,10.779616133071,4.29675080816176e-27,4.41256287295522e-25
"Os11g0146950",262.465883079922,7.19328274581722,0.667935756749906,10.7694230667016,4.79999511994439e-27,4.91176643488024e-25
"Os12g0633700",677.624376900245,13.0833561353033,1.21530949460342,10.7654520872255,5.0114979694217e-27,5.10994447757547e-25
"Os10g0502500",1363.94239369801,2.05390814818956,0.191408830600262,10.7304774902415,7.32168599346232e-27,7.34109486088664e-25
"Os06g0547201",1076.05514781055,13.2775552501745,1.237846972606,10.726330107042,7.65772978347892e-27,7.64492243053094e-25
"Os03g0195100",2226.82631194475,4.06061402006613,0.378761058790733,10.7207800955843,8.13145879191056e-27,8.08967212867436e-25
"Os07g0137000",1067.45953705056,13.7603093720976,1.28564362896893,10.7030510337714,9.84811402144176e-27,9.72993665318446e-25
"Os10g0166600",170.924309279116,8.62787358024612,0.806602730316533,10.6965588584858,1.05628335217086e-26,1.04002167032301e-24
"Os10g0132500",769.104981460204,12.9596664138565,1.21248446532382,10.6885216136731,1.15192458855274e-26,1.13030627778127e-24
"Os12g0129700",583.967920303264,13.0253280980712,1.21901530322919,10.6851227081128,1.19490932535381e-26,1.16848266177602e-24
"Os07g0204800",624.987927125448,12.6445493262866,1.18752517279438,10.647815824007,1.78504153094615e-26,1.72787195759017e-24
"Os11g0623800",907.480555113139,13.2323138355496,1.24288471460087,10.6464531103345,1.81135738668081e-26,1.74744147620129e-24
"Os08g0293300",1315.01544530945,2.57268711632499,0.242299737008517,10.6177874895282,2.46330328224214e-26,2.35261885476006e-24
"Os12g0272500",698.343244098849,13.100306229804,1.23433620220061,10.6132398988609,2.58622520481373e-26,2.45365975391798e-24
"Os02g0616800",715.39109741961,13.0401276061169,1.23065798462323,10.5960614314051,3.10794987006773e-26,2.91009737507126e-24
"Os06g0586300",660.728256953505,13.0900539292706,1.23570655692966,10.5931734810854,3.20537139880697e-26,2.99154075956408e-24
"Os02g0203500",2243.29075851467,1.50265503686289,0.142194108306498,10.5676321948863,4.20989522936704e-26,3.87851826726123e-24
"Os08g0149000",303.331626282818,6.88581183527634,0.652365842876176,10.5551385169369,4.80929714020245e-26,4.38840705927008e-24
"Os05g0243200",608.949556447083,13.0916557725543,1.24182555531335,10.5422663566066,5.51534821725251e-26,5.00081509875693e-24
"Os11g0186900",4986.51880604585,3.17523379351637,0.301408273040828,10.5346603843427,5.97987304166107e-26,5.40489975992659e-24
"Os11g0655200",559.55034042788,12.7975118402958,1.21613025431972,10.5231423976492,6.75812931316228e-26,6.07002887400394e-24
"Os12g0539333",332.747302373215,7.9371167867949,0.756698123238864,10.4891455958976,9.69006541547259e-26,8.59565802737216e-24
"Os06g0274300",812.644144839706,3.29757827982842,0.315535680140484,10.450730257701,1.45401300482093e-25,1.27013355530882e-23
"Os01g0768600",455.927918052707,12.5510433333443,1.20189004380404,10.4427550573758,1.58152917983536e-25,1.37315072911038e-23
"Os07g0278866",557.443492051022,12.4518248702588,1.19245882345529,10.4421424248245,1.59177100514762e-25,1.3778677595012e-23
"Os01g0268100",3447.87425640252,1.75181224624874,0.168076430741178,10.4227120871359,1.95303107579438e-25,1.68042781932914e-23
"Os12g0541200",720.286671630799,12.3852541715238,1.19339703412005,10.3781506216463,3.11755743619722e-25,2.65845998993818e-23
"Os12g0210300",7233.58200145548,1.61062800155306,0.155325450372791,10.3693760274793,3.41748942274857e-25,2.90557587360807e-23
"Os06g0702700",730.215184004804,3.05899733599866,0.295197794044437,10.3625345368881,3.67103275581962e-25,3.10272656400424e-23
"Os06g0356800",754.108794084418,4.06386861728192,0.394164785866733,10.3100752857611,6.34515957431675e-25,5.26960904705286e-23
"Os06g0147800",1710.07371997792,2.48068182581423,0.240863532694501,10.2991175046851,7.11106486999203e-25,5.87164929841532e-23
"Os09g0327800",455.865874560621,12.3788543023705,1.20221321527863,10.2967212014064,7.29039292789838e-25,6.00242351063633e-23
"Os01g0733801",459.682569851854,12.3120302715849,1.19607664478252,10.2936800290282,7.52444454329564e-25,6.17737492992856e-23
"Os03g0416500",368.60713038713,12.3416288534664,1.20035476976041,10.2816510288286,8.52544711465778e-25,6.97917459226214e-23
"Os04g0458400",528.158634298276,2.87676732235541,0.280496167684555,10.2559951036145,1.11224409155523e-24,9.0022648901809e-23
"Os12g0245000",454.181223405012,12.4101783061418,1.21024492481818,10.2542700668679,1.13228228204247e-24,9.13863435072702e-23
"Os01g0521200",411.07962745975,12.2568511775846,1.19804792938736,10.2306851645345,1.44493431515489e-24,1.15967109237585e-22
"Os07g0541600",425.737949265329,12.1878434473981,1.19368941712796,10.210229958076,1.78441428107988e-24,1.42019549948613e-22
"Os01g0115800",1033.43844185523,2.68907587861799,0.263768388718429,10.1948375682294,2.09093765050585e-24,1.6549598221628e-22
"Os06g0689700",190.757903493875,9.0130742183435,0.888911212696734,10.1394538505146,3.69157661441972e-24,2.88991948514628e-22
"Os11g0685600",441.925249072877,12.827392085748,1.26558492455724,10.1355443138165,3.84227656009538e-24,2.99969776566357e-22
"Os05g0137400",29874.4121133341,1.90720257834676,0.188364757314894,10.1250499590985,4.27760230591561e-24,3.33048536057321e-22
"Os03g0247300",714.107839104295,2.93521310298643,0.290077771482511,10.118710882207,4.56386854109455e-24,3.53416111998489e-22
"Os03g0101000",315.02699197471,12.1019495953916,1.1995485026229,10.0887538677509,6.19509469624921e-24,4.77155519454119e-22
"Os04g0691100",5436.04062085908,1.42012938383893,0.140855687933567,10.0821585885032,6.62543395607019e-24,5.08932798148319e-22
"Os12g0194100",288.522091821128,12.2609318273473,1.21692166666796,10.0753665278381,7.09955906738785e-24,5.43894562563628e-22
"Os04g0269600",2935.18908681106,2.57212072129441,0.255446642146641,10.0691114969437,7.56584607997513e-24,5.78070991689193e-22
"Os03g0830500",272.713422150412,3.80775233234604,0.378263065216735,10.0664132517519,7.77623616246127e-24,5.92565740762874e-22
"Os04g0308000",722.191148973399,12.206328741195,1.21281864836948,10.0644302902213,7.93453760034724e-24,6.0302485762639e-22
"Os11g0229700",279.554531005987,12.1874164566299,1.21179184792672,10.057351415164,8.52612696656932e-24,6.41182650514814e-22
"Os09g0112100",424.178339271876,12.26567000151,1.22075729138311,10.0475910224653,9.41405600140356e-24,7.06103488356583e-22
"Os06g0566700",391.407906729662,12.0071407507167,1.1956534754096,10.0423249692837,9.93054650379942e-24,7.42898220435669e-22
"Os02g0772100",444.590810211686,5.8115498257817,0.580050751549633,10.0190368002384,1.25722171059096e-23,9.30798874724864e-22
"Os10g0125600",361.605961370112,12.2231843288148,1.22171577964866,10.004932843161,1.44990031700044e-23,1.06793171934952e-21
"Os08g0146001",345.384637863349,12.0845340039357,1.20824577704572,10.001718386704,1.49775194003183e-23,1.10034842527672e-21
"Os01g0114300",1150.66050625886,3.61813315698042,0.362284873633541,9.98698378072568,1.73789438087446e-23,1.27350766754003e-21
"Os07g0442000",333.189381143133,11.962573955636,1.19798492661036,9.98557969296286,1.76267719031082e-23,1.28837313410167e-21
"Os04g0288100",266.039065405493,12.2389539953279,1.22641087920936,9.97948909521916,1.87429359385022e-23,1.359550887367e-21
"Os12g0131701",353.079087261458,12.0678728854085,1.20935543469809,9.97876433938643,1.88803292299396e-23,1.36261761485196e-21
"Os03g0654800",360.493140541377,12.0165412574425,1.20708243613262,9.95502949735764,2.39751768070724e-23,1.72164602976501e-21
"Os07g0126301",8155.51456398706,2.97504443572261,0.299186293517904,9.94378586245155,2.68427247776545e-23,1.92274437582339e-21
"Os02g0712700",3511.31593599552,1.42590986952141,0.143442720691465,9.94062203120395,2.77091412794222e-23,1.97985614947133e-21
"Os06g0161100",350.376478839793,11.8448270508796,1.19243606361301,9.93330159353832,2.98214444960438e-23,2.11496046460556e-21
"Os03g0276900",3371.55783385437,1.49648166291126,0.150689647335809,9.9308856936693,3.05529497386802e-23,2.15616531012972e-21
"Os02g0522100",480.122565072884,12.1254250171476,1.22193838463882,9.92310673727762,3.30311603955577e-23,2.32532876573346e-21
"Os07g0492500",516.449312192551,11.8402817763138,1.19335522456002,9.92184182264689,3.34525315689758e-23,2.34922042773111e-21
"Os06g0609600",1862.50976708693,1.46738315459495,0.147910566688349,9.92074594431625,3.38218930410396e-23,2.3693517834031e-21
"Os04g0631100",823.088018576709,2.00326278373941,0.201955126524998,9.91934603596926,3.4299605679934e-23,2.39695683400358e-21
"Os02g0100050",357.671548689419,12.2415551508769,1.23480027612297,9.91379366168671,3.6261023291692e-23,2.52172533823679e-21
"Os12g0528801",358.027025053247,11.8360045017878,1.19460806563698,9.90785584180429,3.84815775673813e-23,2.66967109070366e-21
"Os06g0122800",298.99884347285,9.54039021036319,0.963450363772685,9.90231626775755,4.06743627294076e-23,2.81498029208451e-21
"Os04g0526300",436.951049497187,3.0508903057196,0.308113185471409,9.90184922158324,4.08647962705445e-23,2.82134492227384e-21
"Os12g0584200",354.978752029155,12.1549939577243,1.22941449066132,9.88681526861293,4.74895542765382e-23,3.25519308404635e-21
"Os06g0674100",297.553195036881,12.2809125266605,1.24306772059871,9.87952009625473,5.10769304303527e-23,3.49273558637343e-21
"Os02g0211200",632.322949067555,3.19114422350899,0.323388988998779,9.86781966012157,5.73986649119596e-23,3.91568225489873e-21
"Os01g0781100",452.903151683102,12.8059157015443,1.29871747163259,9.86043229667674,6.1782810710516e-23,4.20475318878315e-21
"Os11g0655100",135.284866255835,8.12596291119726,0.825440774070417,9.84439243427057,7.24757917531513e-23,4.92079712159074e-21
"Os03g0559700",1434.73808885699,4.37992753480968,0.444997465325434,9.84258984847604,7.37865055141625e-23,4.99794552243921e-21
"Os01g0124700",1967.55570635984,5.10991705388092,0.519227666901931,9.84138053422731,7.4678958584211e-23,5.04646585225192e-21
"Os09g0380050",2931.96359066076,1.54599274368574,0.157215255413898,9.8336051397533,8.06778121905769e-23,5.4390133526692e-21
"Os04g0508500",688.770071228592,3.18539549409381,0.324163637473872,9.82650465955042,8.6571425251527e-23,5.82263961574355e-21
"Os08g0236400",313.100797009338,12.0026230113632,1.22166270439438,9.82482559890646,8.80262620149621e-23,5.90662402635291e-21
"Os05g0124000",326.279187566622,7.28213971085043,0.74127866222422,9.82375465793153,8.89668026540845e-23,5.95578698515147e-21
"Os06g0698785",1860.30273624982,2.07242057980418,0.211138029413259,9.8154775128068,9.65796409561842e-23,6.45034935355848e-21
"Os08g0185701",286.340040278585,12.3188814789421,1.25565022892076,9.81075875686357,1.0120468291282e-22,6.74352691818169e-21
"Os01g0590200",6687.69362643036,1.68966741123725,0.173059635524528,9.7634980341662,1.61487014287877e-22,1.06122154435235e-20
"Os12g0534700",2101.01727652337,1.32282437561152,0.135532792977226,9.76017941158934,1.66859770588269e-22,1.0940197132483e-20
"Os03g0829200",1644.28433462301,2.96892726902039,0.305020627686762,9.733529471552,2.16932514686746e-22,1.41584291817874e-20
"Os04g0152500",310.950243680119,11.5659720552029,1.18862340530925,9.73056058255362,2.23358613393242e-22,1.45447067975981e-20
"Os01g0584300",269.274249906868,11.6277119154246,1.1951467012814,9.72910848765072,2.26569898057327e-22,1.46870604505397e-20
"Os07g0136800",515.003734565204,12.9891797038095,1.33568884801488,9.72470476422276,2.36590722810614e-22,1.53020257109926e-20
"Os08g0201100",291.76969175724,11.9913547829803,1.23311597902162,9.72443386265622,2.37221294752756e-22,1.53082534622882e-20
"Os01g0258600",389.96996737998,11.6851525062071,1.20195556919139,9.72178407066093,2.43477539481023e-22,1.56766706993489e-20
"Os11g0103800",260.351327948484,2.44670492877634,0.251712136457005,9.72025013658514,2.4717354899883e-22,1.58434374181532e-20
"Os12g0544600",261.599743879745,11.9375177786169,1.22822486318485,9.71932594465009,2.49427137066102e-22,1.59522016321829e-20
"Os11g0429900",313.074547000822,11.9163217721765,1.22733825931746,9.70907708752054,2.75823199371383e-22,1.75230295086228e-20
"Os10g0132700",261.175206633418,11.9828953222739,1.23571580253003,9.69712882018659,3.10102182717221e-22,1.96571852637474e-20
"Os12g0140600",309.788534807331,11.8574711585272,1.223190185971,9.69389003813371,3.20099152774704e-22,2.02460947578384e-20
"Os10g0529800",7355.83138217812,9.23352911590412,0.953474730269295,9.68408372322174,3.5235375960489e-22,2.21882196048336e-20
"Os10g0462600",858.771082423475,2.30426926654164,0.237959502678454,9.68345134615328,3.54540803642844e-22,2.22769804955587e-20
"Os06g0287000",264.601700687809,4.35295405474155,0.449688042064431,9.67994175419469,3.66924972203785e-22,2.30046702485401e-20
"Os03g0753600",316.602823375948,11.917335074323,1.23218348842167,9.67172112457714,3.97633677313848e-22,2.4821351029186e-20
"Os06g0200700",1588.21128325746,3.3035654820919,0.341594686648695,9.67100956546603,4.00408389287724e-22,2.4940219934504e-20
"Os02g0147300",261.273162896689,3.16301893137623,0.327100303837001,9.66987463561762,4.048737330289e-22,2.51636490211367e-20
"Os04g0219000",364.781646292489,4.10049939888903,0.424058763492281,9.66964900128439,4.05767338775016e-22,2.51646012783155e-20
"Os12g0553200",385.827310431592,2.77464177750972,0.287020440263658,9.66705289337905,4.16190495232578e-22,2.56997630806117e-20
"Os01g0781200",1898.01162283534,3.8363888558756,0.396911892580687,9.66559311420912,4.22167315936491e-22,2.59569483609707e-20
"Os03g0416400",355.275824731361,11.7366321420054,1.21489982108423,9.66057607246258,4.43363708751227e-22,2.72018350816706e-20
"Os09g0443400",285.823684900947,12.2275113722019,1.26957726694926,9.63116754727663,5.90546195440976e-22,3.59242666492035e-20
"Os04g0503100",117.690331987151,6.54320935512495,0.681090373989345,9.60696202003188,7.47210652740202e-22,4.51668346462284e-20
"Os02g0152200",399.880872797883,3.86041091337524,0.402138927264287,9.59969466183553,8.01815986653123e-22,4.83655403149164e-20
"Os06g0169001",1338.92492316127,14.5581140460433,1.52002745295892,9.5775336278987,9.93899588855793e-22,5.97006520333253e-20
"Os06g0286700",712.048293738436,3.05328436301383,0.31881039894157,9.57711659704495,9.9791975420143e-22,5.98167297016305e-20
"Os08g0453200",16140.926721172,1.27911761588554,0.133946782931553,9.54944633899252,1.3039125160645e-21,7.78327112714166e-20
"Os11g0111101",277.375575920355,11.4460458764834,1.19936583307079,9.54341499555446,1.38204709803673e-21,8.23251838938633e-20
"Os08g0246950",288.4496807397,11.5611340661122,1.21254791569021,9.53457914240972,1.50494739745549e-21,8.92748505836328e-20
"Os09g0361300",1470.29874406704,2.8074253601329,0.294576388084267,9.53038150270823,1.56706276480641e-21,9.25762522417183e-20
"Os03g0790900",23323.5944836022,2.16713636424254,0.227516866671121,9.52516794007705,1.64775280374478e-21,9.71428257878507e-20
"Os06g0346201",345.050292721974,11.9349494755166,1.25342676550349,9.52185624560395,1.70112848748337e-21,9.98785520970768e-20
"Os01g0189800",367.743683942095,5.25974113061746,0.553350073694696,9.50526869093625,1.99532231023999e-21,1.16435793957222e-19
"Os11g0471200",293.955144544426,12.3829261579484,1.3038790632558,9.49698979522543,2.1604520845217e-21,1.25815595783975e-19
"Os10g0503250",634.729496920561,3.28957619584315,0.346608481902648,9.49075503803479,2.29366821720899e-21,1.33302599917793e-19
"Os07g0164700",268.000404429075,11.3442586461187,1.19563794805253,9.48803830172538,2.35422791866667e-21,1.36545219282667e-19
"Os08g0260800",548.579188217099,3.43446248670392,0.362251319058727,9.48088331500908,2.52139544880736e-21,1.45945499796421e-19
"Os07g0108100",143.043840119791,8.75099611695317,0.923733566729664,9.47350668216456,2.70603429323883e-21,1.5631712614895e-19
"Os03g0754300",363.268837904953,12.4905678586746,1.32002402836738,9.46237916147868,3.01014830686524e-21,1.73186283711451e-19
"Os11g0623700",268.848396408891,11.5059694213174,1.21748145418549,9.45063218972403,3.3679037552031e-21,1.92609138511136e-19
"Os12g0545900",231.114924990628,11.4739457088722,1.21415259570647,9.45016775440483,3.38288102341777e-21,1.93080292993956e-19
"Os06g0712700",609.052754669838,3.14159978213364,0.332459387919254,9.44957458351771,3.40210564039757e-21,1.9379151254209e-19
"Os02g0469600",19994.0206664193,1.3278516556769,0.140895095029064,9.42439944699984,4.32573856910636e-21,2.44459687341293e-19
"Os03g0846400",9634.69418516623,1.70337805154979,0.180785493113029,9.4220947832624,4.42176819204818e-21,2.48904719525667e-19
"Os04g0556400",881.135276133065,3.83934130047833,0.408201715365652,9.405500163171,5.1783327518371e-21,2.89784355479759e-19
"Os07g0209401",209.704713070933,11.3943421717273,1.21263578326466,9.39634334478525,5.64922755133947e-21,3.15519820274812e-19
"Os11g0640800",288.913301159204,11.2288182206451,1.19565603835411,9.39134488552596,5.92389539017475e-21,3.28936919998618e-19
"Os01g0256600",1453.27868146726,2.30293242539186,0.245412607652923,9.38392060382161,6.35641486770193e-21,3.52270790695156e-19
"Os08g0198700",277.526113283452,12.0310870648404,1.28240193444915,9.381681937347,6.49285887099171e-21,3.59137823111302e-19
"Os01g0976450",382.87842287223,2.79665446492986,0.298254169425251,9.37674893302961,6.8038271431287e-21,3.75613208680007e-19
"Os01g0967000",201.206754906425,8.39319354548407,0.895823891684036,9.36924503063423,7.30531849313925e-21,4.00980815067865e-19
"Os07g0638100",10596.4168775232,1.74719719552457,0.186633152076282,9.36166579242281,7.84893187593701e-21,4.29174801735396e-19
"Os03g0390900",229.270573653616,11.2738920002906,1.2045435605601,9.35947222618365,8.01359727272811e-21,4.37343979158487e-19
"Os08g0188151",189.480935942715,11.3937460868405,1.21802113631105,9.35430900759903,8.41479358797419e-21,4.56630049020145e-19
"Os06g0331500",315.455870696101,11.1892709663626,1.19753155227978,9.34361265476578,9.31019845089821e-21,5.03312841537992e-19
"Os12g0471100",369.606370447426,11.7442467114842,1.25771356331346,9.33777535207924,9.83793892545419e-21,5.29843282128033e-19
"Os08g0528700",199.032094608923,11.2548794769707,1.20583096436071,9.33371244363232,1.022261317765e-20,5.4747348180566e-19
"Os08g0185900",217.361108892281,11.5572428878547,1.23923507994655,9.32611017463542,1.09827717341956e-20,5.87086521880921e-19
"Os07g0283600",216.556922187567,11.1988853855772,1.20123451868644,9.32281349841933,1.13295393992106e-20,6.04495275356018e-19
"Os09g0357300",228.666161971865,11.3579910486909,1.21857553173706,9.32071156270493,1.15562652911555e-20,6.15446306918563e-19
"Os06g0346100",951.383118036071,2.77229834002182,0.297505069117455,9.31849110418793,1.18006497030942e-20,6.26133732024177e-19
"Os02g0224100",3147.59701829704,2.40840314416471,0.258566253336761,9.31445272956007,1.22582846019948e-20,6.49213254004351e-19
"Os11g0684000",429.72150062412,2.47418843299551,0.265720953786152,9.31122818032145,1.26362592939702e-20,6.66766300719767e-19
"Os11g0111000",223.888369734415,11.2328838270337,1.20642194422442,9.31090807889364,1.26744038762837e-20,6.67549668866325e-19
"Os04g0106300",1410.76234140926,1.494175877831,0.160998262929427,9.28069564630004,1.683756184709e-20,8.80346390589091e-19
"Os07g0109700",387.654621878497,11.1860136341509,1.20582860402999,9.27661990830726,1.74940215142849e-20,9.13003104603445e-19
"Os07g0167500",290.855126699924,12.2852347086325,1.32477736806732,9.27343341210234,1.80248259946825e-20,9.38995117090261e-19
"Os04g0665500",3752.66618645918,1.11644844058106,0.120405235762037,9.27242435526269,1.81962106089918e-20,9.46202951667572e-19
"Os06g0158500",2181.66904934651,2.41747005723323,0.260780913202924,9.27011884244803,1.85938633112429e-20,9.63384035431703e-19
"Os02g0288000",450.573990866016,1.82347953324403,0.196812826907553,9.26504416351156,1.94996614593471e-20,1.00704906604603e-18
"Os05g0567100",36056.9924561578,1.24104278852728,0.133949508027493,9.26500445430943,1.95069185974992e-20,1.00704906604603e-18
"Os12g0450500",181.538484747648,11.162243505247,1.20526284027,9.26125251048682,2.02047969166154e-20,1.04120115333609e-18
"Os05g0243100",231.392948323822,11.1408935414119,1.20299316434401,9.26097825957886,2.02567663075456e-20,1.04200514945026e-18
"Os01g0663800",7910.13366659121,0.676244903793395,0.0730546137130644,9.25670357315792,2.10840960179678e-20,1.08261920986884e-18
"Os09g0273950",403.6766053073,11.4843616743852,1.24286096679022,9.24026257260649,2.4589307629903e-20,1.25809436109282e-18
"Os09g0328800",216.805944845375,11.3291466369797,1.22648892842509,9.23705577312239,2.53373005267479e-20,1.29226681441977e-18
"Os05g0157300",1028.5585805584,3.41716279900775,0.370245657679426,9.22944733619663,2.72031830596046e-20,1.38441492188951e-18
"Os11g0126900",1391.14810751791,3.71140174206788,0.402233249847821,9.22698892613187,2.78346380602321e-20,1.4140390952159e-18
"Os08g0144400",3776.82473899229,1.05470002183917,0.11436551890999,9.22218542696645,2.91105504507874e-20,1.47623980799285e-18
"Os09g0520000",272.630778171636,11.5623278909434,1.25587674307524,9.20657855533731,3.36685565887386e-20,1.69989337526784e-18
"Os06g0693600",7680.1134429349,2.47629715017066,0.269011006137758,9.20518898361566,3.41070522579274e-20,1.71746091615841e-18
"Os01g0750100",6241.95255459497,1.36956415134434,0.148853744048183,9.20073700599039,3.55502970465531e-20,1.78699493154007e-18
"Os02g0282500",248.596181971864,3.90145766824795,0.424219090664761,9.19679890439225,3.68771728860769e-20,1.85044616030101e-18
"Os12g0625200",203.581688666393,11.1709120588376,1.2182887232634,9.16934700742722,4.75892972446799e-20,2.36634825561214e-18
"Os12g0567800",3292.98294633047,2.59276709864361,0.282784839425283,9.16869201302662,4.78793054171878e-20,2.3693227267932e-18
"Os05g0410200",9916.47887814394,2.45910458391781,0.268244879534139,9.16738686005315,4.84623992927691e-20,2.39404252506279e-18
"Os03g0306700",705.383223180453,4.27586315108278,0.466712919625806,9.16165585154793,5.11069986152243e-20,2.52034031725199e-18
"Os04g0479500",1671.39365728885,1.32139809244773,0.144395049079027,9.15127008076665,5.62680600174835e-20,2.76533868888669e-18
"Os03g0714400",2171.79847668435,1.39281246450724,0.152318874916489,9.14405693497192,6.01523915092726e-20,2.95117520808849e-18
"Os03g0291500",65569.8656911305,2.76305500817282,0.302330620191195,9.13918347544635,6.29256309293655e-20,3.08195756818492e-18
"Os08g0185300",264.860972808266,11.1091146503956,1.21569669902212,9.13806433737256,6.35801071594407e-20,3.10869834527695e-18
"Os07g0115500",781.34358365817,2.23326933160987,0.244432263513483,9.13655709564986,6.44721919192092e-20,3.14159395045779e-18
"Os10g0161400",266.698871164315,11.9754837236767,1.31242873910472,9.12467349034575,7.19528208434911e-20,3.49422410645374e-18
"Os06g0272850",1500.59333139174,4.26816592842448,0.468234863391489,9.11543813185882,7.83532354627979e-20,3.79860728000015e-18
"Os01g0585100",1479.0116237067,1.6852361801774,0.184984103893862,9.11016754793338,8.22548429321839e-20,3.97430988143834e-18
"Os05g0298900",248.614598244173,11.0562358505445,1.21422830006982,9.10556593838958,8.58178342991856e-20,4.13252535855507e-18
"Os07g0541500",156.32090947274,11.1229716108032,1.22239673023661,9.09931394257761,9.09042222219225e-20,4.35549795167646e-18
"Os04g0622000",244.022758342414,10.8911514778955,1.19776920233509,9.09286317987045,9.64646044711919e-20,4.59403570865651e-18
"Os11g0182900",223.451619839342,11.8545080634398,1.30372526785337,9.09279612487581,9.6524134322603e-20,4.59403570865651e-18
"Os06g0146400",1083.67290263718,1.74922631635147,0.192580237778743,9.08310393905097,1.05521769082228e-19,5.01394648050414e-18
"Os04g0603800",258.579377100565,11.0939958346818,1.22366882508167,9.06617510169985,1.23268278085639e-19,5.84748792004922e-18
"Os08g0327100",2789.01036272102,2.22585765551428,0.245860679755078,9.05332913636959,1.38674528339583e-19,6.54580327180518e-18
"Os04g0450000",690.303849007983,2.54041510030321,0.281125432532263,9.03658938794752,1.61636183912131e-19,7.60285515456371e-18
"Os05g0199700",195.131533364081,11.1722969241129,1.23690105646837,9.03249040469923,1.6780853704269e-19,7.84347504624333e-18
"Os12g0505950",186.104373359157,10.8722424638146,1.20567680426745,9.01754303087917,1.92354843353037e-19,8.97614164780329e-18
"Os11g0615900",203.320242888542,11.5727967199065,1.28423728633465,9.01141622584129,2.03412441200115e-19,9.47670449636699e-18
"Os12g0198500",209.951522275657,11.0914623615803,1.23198610201104,9.00291191879118,2.19808683967754e-19,1.01908712185179e-17
"Os03g0231300",168.934104429701,10.8349926020829,1.20449598011408,8.99545766940346,2.35249992300535e-19,1.08715851280563e-17
"Os03g0789433",180.390631380567,11.065041758729,1.23012273169181,8.99507136455486,2.36078789733264e-19,1.0892318008756e-17
"Os03g0639600",1896.75658906774,1.56295455542972,0.173779276426376,8.99390645173901,2.38595558208961e-19,1.09907394434134e-17
"Os05g0170800",4658.07227513215,1.27862260170865,0.142272188870007,8.98715772818342,2.53706386080802e-19,1.16680503595299e-17
"Os07g0535700",177.480679171585,11.0401233430687,1.22948197035565,8.97949185857122,2.72020119721542e-19,1.24902571638808e-17
"Os11g0615600",72.4380625050454,6.8534501141175,0.763337591462122,8.97826884300324,2.75060305705732e-19,1.2609644606529e-17
"Os08g0376300",679.137200042652,3.45681268079322,0.385427395281889,8.96877783756141,2.99822616350253e-19,1.36791681587061e-17
"Os10g0156300",131.623405904462,7.02487719070436,0.783976727767037,8.96056852441651,3.23008643273359e-19,1.46902280112195e-17
"Os07g0209500",208.281613822802,11.2917027984842,1.26034594109191,8.95920907929576,3.27015549272828e-19,1.48488898855231e-17
"Os07g0125500",8337.49115069992,2.70088888558318,0.30152893110466,8.95731257258929,3.32687580550301e-19,1.50587117818756e-17
"Os03g0411100",3670.1649794236,1.78229652595436,0.199208618531271,8.94688462324027,3.65656123289609e-19,1.64988649519588e-17
"Os10g0191201",191.300350737341,11.3848679572591,1.27338316787479,8.94064586722931,3.86902382567092e-19,1.7402711248528e-17
"Os08g0161401",273.902520263078,10.9716354523821,1.22897708810083,8.92745321179004,4.35928418811434e-19,1.95159703996644e-17
"Os12g0539751",212.461677331451,11.6849506821752,1.30932685619721,8.92439548373184,4.48139946693985e-19,2.00313662288238e-17
"Os07g0584100",4059.62507034024,1.85730796886227,0.208575884918065,8.90471096211283,5.35253275709567e-19,2.38508193711206e-17
"Os07g0137600",202.897418230204,11.1667032212003,1.25479179718295,8.89924786428306,5.6226402428856e-19,2.49767268587842e-17
"Os07g0510800",155.722278939614,10.8267982780274,1.21864479946926,8.8842936701019,6.43281567177831e-19,2.84873314726108e-17
"Os05g0113500",8997.74583385419,1.16050754653312,0.131023561485049,8.85724318114761,8.20174853284333e-19,3.6264891815282e-17
"Os03g0125900",736.720407063108,1.66793698424199,0.188325778578222,8.85665784490148,8.24491100888331e-19,3.6287740434182e-17
"Os10g0490800",1060.04786665618,3.03704133913672,0.343346533732005,8.84541138693204,9.11917232479909e-19,4.00740069708809e-17
"Os02g0191300",6184.66458101973,2.49380991583206,0.282086551325528,8.84058422535078,9.52193757868889e-19,4.17798706745167e-17
"Os06g0115300",1245.49166177002,2.98211118156292,0.337357064345886,8.83962868050517,9.60372420334724e-19,4.20742975342974e-17
"Os09g0513100",1821.32099223608,1.74907722730523,0.198178284797173,8.82577639167344,1.08703028073743e-18,4.75505215323494e-17
"Os07g0644700",145.656956518856,10.6823373043305,1.21043305882551,8.82521939271523,1.09245433135758e-18,4.77149413141118e-17
"Os02g0212400",117.98327215377,10.7987649228592,1.22554531795628,8.8113958452938,1.23597086896235e-18,5.39011222793138e-17
"Os12g0198400",338.642219414288,1.80759035480997,0.205324872335867,8.80356254089442,1.32540260905385e-18,5.76258506139772e-17
"Os10g0142900",156.056060695206,10.7139165763032,1.21726129706416,8.80165713158169,1.34810519360513e-18,5.85241060714761e-17
"Os09g0567900",1355.66319762432,1.56515166759739,0.177854917367482,8.80015965127062,1.36621651276648e-18,5.92206286290246e-17
"Os06g0142000",451.043329140903,2.29327433352614,0.260670752913783,8.79758970997657,1.39786045034537e-18,6.05007516968209e-17
"Os01g0354200",310.084869128734,10.7652002447671,1.22486634518738,8.78887748615561,1.51061690272712e-18,6.49882815269333e-17
"Os02g0736200",2479.12697954289,2.51166572185208,0.28711321291288,8.74799768485124,2.17171720597316e-18,9.24577137972405e-17
"Os03g0681400",2718.24392376306,0.938804382878263,0.107358668927727,8.74456056744017,2.23885259859937e-18,9.5174487618797e-17
"Os05g0215033",1370.24823931121,13.0813169386265,1.49669207679105,8.74015246120174,2.32796048584486e-18,9.86697098231167e-17
"Os03g0164400",153.41026803148,10.8480915630133,1.2415262915636,8.73770586795308,2.37891911921741e-18,1.00680636046997e-16
"Os01g0970500",632.780539595685,1.42253712227244,0.162889843064853,8.7331235361684,2.47734257925935e-18,1.0469147430817e-16
"Os08g0109300",1971.26379104621,1.26431011884411,0.144885632660584,8.72626288491934,2.63226405944903e-18,1.11074565289151e-16
"Os12g0206950",150.74561002442,10.9991354621066,1.26142540713849,8.71960830966445,2.79165832286052e-18,1.17627344509705e-16
"Os12g0215950",151.495744243969,10.693350838946,1.22717992489179,8.71375958980827,2.93959442808814e-18,1.23497448025779e-16
"Os07g0442900",5671.54630850329,3.80435330549826,0.436714023722015,8.71131472507941,3.00370420725872e-18,1.26006051165998e-16
"Os05g0151300",5604.22550347937,1.30886476910956,0.15036034333829,8.70485355413692,3.17985076311262e-18,1.33200415299273e-16
"Os01g0847800",906.431638248454,1.51301044087108,0.173937880896266,8.69856774772029,3.36099133051547e-18,1.40377731198148e-16
"Os07g0534200",164.885195111581,10.8883980497234,1.25282384644786,8.69108460905764,3.589955505056e-18,1.49071601638934e-16
"Os05g0181650",104.582422057137,10.7424129673884,1.23628694286189,8.68925537830296,3.64822734617516e-18,1.51053482547125e-16
"Os09g0356200",262.241341893257,4.89530072196905,0.563491115119702,8.68744970527023,3.70666432502542e-18,1.53251581876808e-16
"Os03g0374400",644.406725531999,1.65553519753256,0.190632193580319,8.68444708335703,3.80589075507346e-18,1.57127351461621e-16
"Os02g0765900",4959.7567594461,3.34958774255415,0.385765841489686,8.68295577861243,3.85614340846122e-18,1.58972979768677e-16
"Os01g0665750",154.769435097792,2.69009832990924,0.309960768902946,8.67883487136254,3.99843728305053e-18,1.64602334818914e-16
"Os06g0142050",1180.17808214548,1.92966436731633,0.222728919814664,8.66373513112729,4.56553452469559e-18,1.87409305446387e-16
"Os02g0822400",9445.18357717239,1.16902109405823,0.135043635191729,8.65661748810675,4.85970113094187e-18,1.99199079833686e-16
"Os03g0339900",19295.0511537916,3.45035399169147,0.399181763860925,8.64356617476538,5.44851412752809e-18,2.22697327791633e-16
"Os04g0613900",2299.4167844819,1.21155617573041,0.140297677537619,8.6356110592461,5.84139401816774e-18,2.37738098591679e-16
"Os08g0426000",157.470354657174,11.130352510199,1.28991260141526,8.62876484653848,6.20180502637397e-18,2.52048393781088e-16
"Os07g0580300",272.417040937404,3.15877029535042,0.366393408432476,8.62125306474383,6.62253692764961e-18,2.68328978688645e-16
"Os07g0680400",1170.02258667093,1.69690145900238,0.196830844320657,8.62111558205762,6.63049409854671e-18,2.68328978688645e-16
"Os07g0469600",267.332981367538,5.10950933196666,0.592704627338551,8.62066718613304,6.65651182599577e-18,2.6900194194419e-16
"Os10g0130200",406.784856064879,3.87942762442166,0.450905176810271,8.60364401195158,7.72242505992779e-18,3.10326679967814e-16
"Os09g0519200",139.833643790142,10.7604667225132,1.25079624906927,8.60289334135771,7.77312058924176e-18,3.1192640213299e-16
"Os02g0682700",97.6093542866927,10.6316876692302,1.23638220210495,8.59903001768357,8.03926595999067e-18,3.21705374700632e-16
"Os10g0160600",309.33423688408,4.71131202807097,0.548222461437294,8.59379605811691,8.41423109486092e-18,3.35772352827235e-16
"Os05g0240200",1879.38087133088,2.18086180474555,0.253943491711298,8.58798069621299,8.85111363501939e-18,3.52715031808867e-16
"Os01g0392600",204.875321431536,7.71960387293145,0.899178540731085,8.58517360373721,9.06993590881826e-18,3.6093306063814e-16
"Os12g0210601",383.285854657758,7.02643545986695,0.819328352655639,8.57584805541344,9.83593285742253e-18,3.90872605035881e-16
"Os07g0483500",5305.09212828229,1.44675911823258,0.169062355306857,8.55754739490433,1.1529398623201e-17,4.5627117313806e-16
"Os06g0619000",817.469470504335,2.34095195693728,0.273660876748955,8.55420761910652,1.18681131329939e-17,4.69027831015918e-16
"Os07g0492300",164.016823223533,4.77334875525488,0.558679404173339,8.54398554805838,1.29670265460146e-17,5.11047103984057e-16
"Os01g0104900",2491.93093905542,1.72869994740671,0.202514743818707,8.53616835401504,1.38746158574454e-17,5.45316177705796e-16
"Os05g0295700",2035.57705386785,2.23614678300786,0.262365457963391,8.5230228108758,1.55442157383185e-17,6.07602823102733e-16
"Os07g0290500",222.796800525023,6.95637519770818,0.816173354329112,8.52315891080059,1.55259534982559e-17,6.07602823102733e-16
"Os03g0682600",157.813202315529,11.481124792543,1.34813081637238,8.51632842533563,1.64691353835796e-17,6.41132699742287e-16
"Os10g0495300",7884.85986950109,1.56165321276628,0.183404108278493,8.51482132774781,1.66847354235165e-17,6.48644558147348e-16
"Os02g0789700",97.2255187790139,10.451290712033,1.22789363020321,8.51156032978473,1.71608203327932e-17,6.66249084248226e-16
"Os09g0447300",1001.99943634455,2.76312158485342,0.324803228616139,8.50706317368216,1.78394343246516e-17,6.90723611175566e-16
"Os10g0467000",598.136105393747,2.60279657726736,0.306258047130366,8.4987042843626,1.91718616192403e-17,7.41311982610624e-16
"Os07g0541400",513.094060466904,2.18132827636328,0.256827482258721,8.49336004534697,2.00747174796678e-17,7.74132981463584e-16
"Os12g0545600",143.445096063295,10.3667169657655,1.22244271210843,8.48032947726875,2.24557124953409e-17,8.62770663221535e-16
"Os12g0216500",134.423891004002,10.3349782283317,1.22004041316047,8.47101302288772,2.43268036509903e-17,9.31833660706115e-16
"Os04g0435100",1464.68437570988,1.94220985956428,0.229298166264836,8.4702372077457,2.44893813714628e-17,9.36808751742526e-16
"Os04g0111350",164.591897205712,10.293830210026,1.21654242977577,8.46154639417164,2.63855057549357e-17,1.00665447522026e-15
"Os06g0564800",115.395096742625,10.2427424613343,1.21119687218739,8.45671145338755,2.75023326918521e-17,1.04647654221374e-15
"Os12g0281966",345.136413361835,10.496816846524,1.24235624629324,8.44911987028101,2.9350700103368e-17,1.11384935014795e-15
"Os04g0559550",104.144704305038,10.4842987884723,1.24094264900315,8.44865699224245,2.94672816981662e-17,1.11679438520616e-15
"Os08g0271400",109.772052902043,10.5610946360859,1.25022094289243,8.44738259755313,2.9790619359413e-17,1.12606969114235e-15
"Os10g0456000",7761.42328069944,1.94838911613397,0.230775645909477,8.44278480277003,3.0986525796383e-17,1.16973114244791e-15
"Os04g0302400",180.518310068716,10.3694754497647,1.22826574734444,8.44237126386045,3.10963823247512e-17,1.17233361364312e-15
"Os04g0345100",111.036485793481,7.78521019111873,0.922793807085832,8.43656527746355,3.26799191651051e-17,1.23041398675242e-15
"Os09g0325100",141.152475558662,10.2647717914561,1.21683756060932,8.4356138598451,3.29468894035888e-17,1.23883763148507e-15
"Os08g0477500",10069.4386242881,1.92488634531042,0.228241357502286,8.43355632990898,3.35316169672758e-17,1.25917154567023e-15
"Os10g0161100",107.26485531357,10.3210943874716,1.22472829250702,8.4272523551688,3.53876152757111e-17,1.32539340245709e-15
"Os04g0606200",299.942276740072,3.07133593650632,0.364561591694515,8.42473811415644,3.6155801270318e-17,1.35239689033571e-15
"Os08g0208300",157.768383128793,10.4628191894569,1.24308671266514,8.41680558794237,3.86888930247589e-17,1.44150086208764e-15
"Os05g0242000",90.8336489517339,10.3953310794649,1.23610759182328,8.40972998485643,4.10955673934281e-17,1.52918207396948e-15
"Os05g0206200",135.722894582231,10.687814175796,1.27186775715464,8.40324327405411,4.34313664735753e-17,1.61400196135004e-15
"Os04g0621900",216.109630648865,11.1490477647794,1.32704231110689,8.40142599182086,4.4108913094178e-17,1.63705774349014e-15
"Os01g0690600",86.3949874601242,10.3814439574579,1.23577212481079,8.40077531207255,4.43540355169965e-17,1.6440256476494e-15
"Os02g0557100",4106.82392340818,1.48259849250032,0.176990164025111,8.37672816829516,5.44193392789912e-17,2.00414255658311e-15
"Os05g0595100",5572.9907320898,1.69678436715843,0.202721190864323,8.37003946121275,5.75989418586824e-17,2.11851717860715e-15
"Os01g0662600",8794.31970205428,1.05130796715386,0.125636676852389,8.36784284249293,5.86825866361885e-17,2.15284695556988e-15
"Os11g0648700",129.412424612215,10.7623623352981,1.28671114245148,8.36424118842499,6.05030408394931e-17,2.21679427894266e-15
"Os03g0584400",1860.88384471948,3.54538813384372,0.423914154105609,8.36345778857968,6.09063247861532e-17,2.22872032921183e-15
"Os09g0533400",11503.6046906539,1.20297232708936,0.143877739824605,8.36107328733308,6.2150221408353e-17,2.27133691810221e-15
"Os11g0634200",2446.11179613336,1.40247896117381,0.168437387353877,8.32641127487502,8.33299443449344e-17,3.03376056590986e-15
"Os10g0437525",120.815107466499,10.4867106196989,1.25986463154487,8.32368046306683,8.52732895815723e-17,3.10057143793301e-15
"Os09g0518200",8796.69587920725,2.33795409359168,0.280925912844422,8.32231555259357,8.62612933784996e-17,3.13252037754217e-15
"Os06g0566850",146.034128292886,10.3038481600947,1.23988861478584,8.31030145548557,9.54592567341455e-17,3.4534073534681e-15
"Os04g0491100",657.083145474427,1.83662342240272,0.22115658920243,8.30462899173044,1.00131832868122e-16,3.61787802690724e-15
"Os11g0615800",1610.30639330157,2.38492862895748,0.287196665027065,8.30416547048945,1.00523468217618e-16,3.62745391860352e-15
"Os12g0432600",466.194766960156,2.65682044337945,0.320218496607688,8.29689874734007,1.06864384221495e-16,3.84658082501795e-15
"Os01g0107000",1573.28723642376,1.05756753164102,0.127482740776024,8.29577027606482,1.07883840412751e-16,3.87840375847696e-15
"Os10g0125700",108.914003605605,10.3924159114344,1.2538133677777,8.2886466028467,1.14544319429141e-16,4.10240480035469e-15
"Os05g0164900",2173.45301982586,1.36786241299966,0.165061074647967,8.2870077994885,1.16133024199512e-16,4.1541116221778e-15
"Os02g0290500",1709.32006892878,1.31043987361171,0.158232310638671,8.28174642917369,1.21381839900127e-16,4.33644947234218e-15
"Os04g0630400",536.778171248189,5.11063758508099,0.617173019730281,8.28072099994659,1.22431727770734e-16,4.36851041604866e-15
"Os03g0835150",8918.82651227216,1.57160768899337,0.18992139276132,8.27504298564436,1.28409286109266e-16,4.57609809154562e-15
"Os01g0114600",87.3430474995062,10.0597599050112,1.21837969158302,8.25667070331804,1.49791942776003e-16,5.32486196577921e-15
"Os05g0153901",113.836834929489,10.1343905953035,1.22817559772123,8.25158113718182,1.56312453673108e-16,5.54977004044843e-15
"Os10g0501900",117.944674660803,9.0076129111579,1.09165174219185,8.2513612748624,1.56600349348163e-16,5.5531104078262e-15
"Os06g0166500",2407.92786886864,2.47453596601481,0.300142650564162,8.24453292913741,1.65806593791655e-16,5.87229978407724e-15
"Os07g0110650",104.915723295982,10.2739143145528,1.24629927386343,8.24353711023555,1.67193036470496e-16,5.91409244562054e-15
"Os12g0539700",104.122056306246,10.770019944673,1.30774084940578,8.23559189847651,1.78672031168187e-16,6.30457024264889e-15
"Os01g0537250",319.240020282212,4.39185780220562,0.534469456653209,8.21722878180348,2.08259538169897e-16,7.30361357116755e-15
"Os11g0616900",115.769201284191,9.96888503339432,1.21342466107232,8.21549565721262,2.11289697512255e-16,7.40082202093049e-15
"Os08g0203700",1215.46670561999,1.97915169587065,0.241124059452805,8.20802246097731,2.24861156584543e-16,7.85697787617113e-15
"Os08g0156100",101.273548499399,10.450690538399,1.27383907610534,8.20409008832669,2.32343836202458e-16,8.1085451825491e-15
"Os04g0185000",88.335607320063,6.82159506890829,0.832681831416113,8.19231885641968,2.56240708080476e-16,8.90996209699249e-15
"Os11g0429200",213.83082718937,3.03855093461532,0.371198130024377,8.18579267739247,2.70517092402535e-16,9.39497664426354e-15
"Os09g0570000",1742.30278164926,2.34397459467362,0.286461040081681,8.18252490462669,2.77957275675845e-16,9.63002643611161e-15
"Os08g0535800",4996.83677303844,2.13944338243884,0.261635222058627,8.17719940612366,2.90517020065166e-16,1.00530116653468e-14
"Os06g0103800",2885.9558775452,1.08067154639125,0.132214351189441,8.17363271588293,2.9923985346591e-16,1.03423646339026e-14
"Os12g0265400",99.913070228458,10.453112958325,1.27938138750798,8.17044320043293,3.07258580933965e-16,1.0606714290265e-14
"Os11g0605500",4640.15034166492,1.78788471372991,0.219114134743964,8.15960465452881,3.36122935379047e-16,1.15891628694109e-14
"Os07g0534100",91.2221480544692,10.0636137180182,1.23403406597281,8.15505341020299,3.49025599511613e-16,1.20195690831812e-14
"Os02g0139600",4153.83400137771,1.22358016985626,0.150074053748727,8.15317597740738,3.54489193156066e-16,1.21930664613537e-14
"Os05g0128700",127.52620116156,10.1768921242157,1.24861581973973,8.15053915169601,3.62305318404895e-16,1.24469688044809e-14
"Os08g0234200",89.3756532494819,10.1831559307855,1.24964838595292,8.14881693542971,3.67501785595381e-16,1.26103726477591e-14
"Os10g0464400",4361.95908704044,0.827899454506611,0.101622586131645,8.14680560711305,3.73663636263611e-16,1.27911714530764e-14
"Os02g0577700",523.49212834118,2.89488791152522,0.355430296409479,8.14474157315537,3.80092805007617e-16,1.29957267888762e-14
"Os05g0128400",3629.94959766051,1.13000913025654,0.138747649047124,8.14434794403434,3.81331222899719e-16,1.30225294380486e-14
"Os06g0689600",3755.46308632083,2.13330334850207,0.262136009656999,8.13815450724783,4.01348460141033e-16,1.36898048570963e-14
"Os12g0431300",3305.66753041503,3.66794607887288,0.450820961451668,8.13614803327224,4.08052829953596e-16,1.39019377929018e-14
"Os02g0123200",4266.09475337228,1.00573745804121,0.123650560221018,8.1337072492313,4.16357322778837e-16,1.4168016641638e-14
"Os07g0534300",124.1362125976,10.984382486112,1.35076033966256,8.13199955874935,4.22266358009883e-16,1.43350422863734e-14
"Os02g0807200",538.214644303959,3.71789728790669,0.457562550327643,8.12544052227275,4.45740527732323e-16,1.50783442746004e-14
"Os12g0490050",1428.84971025878,2.15252090598301,0.26491846288849,8.1252204263659,4.46550136320689e-16,1.50879180493637e-14
"Os03g0189400",3731.11062284087,1.24591923768607,0.153348140319089,8.12477565814324,4.48190613240585e-16,1.51255093646281e-14
"Os02g0811200",89.0452390518931,9.88554618738651,1.21734648569937,8.12056904383079,4.64002911578651e-16,1.56407193206488e-14
"Os06g0288400",120.386407882808,10.6259902486383,1.30922282327169,8.1162580270977,4.80777915486507e-16,1.61681324348819e-14
"Os12g0587200",88.8264578057096,10.4092343720178,1.28296917032704,8.1133940025733,4.92251350828689e-16,1.65345670620675e-14
"Os07g0599500",818.212372086629,9.39358581422544,1.15982243512727,8.09915856921207,5.53406124986077e-16,1.85235891274545e-14
"Os11g0556400",240.502066801417,4.84738718762966,0.598567640727213,8.09831146525138,5.57272435442309e-16,1.86312366631191e-14
"Os10g0370800",4008.36473245971,2.56535534858876,0.316824721343555,8.09708073823876,5.62937130712789e-16,1.8798688425621e-14
"Os05g0166900",100.01241978311,9.94740202669557,1.22886358127958,8.09479764738216,5.735962257026e-16,1.91323388344946e-14
"Os07g0208801",88.5441824598455,10.1622762463117,1.25577446742971,8.09243738416794,5.8482467769859e-16,1.9484182169093e-14
"Os10g0525800",4084.47817510144,1.1581586096934,0.143149450948052,8.09055572356818,5.93931200951831e-16,1.9764595551303e-14
"Os11g0298200",93.9745044501139,10.3378278258168,1.27827381468308,8.08733442480778,6.09846507357709e-16,2.02471867077788e-14
"Os04g0531800",100.340128515335,10.2255791165158,1.26609962353431,8.07644116343003,6.66843142845282e-16,2.20628056914585e-14
"Os03g0601100",140.811236545978,8.73181685942447,1.08213878177728,8.06903606678206,7.08553345934185e-16,2.3415767552141e-14
"Os11g0114600",2334.13744181058,1.39664513396872,0.173091424581651,8.06882915975942,7.09754956319934e-16,2.34182378050534e-14
"Os07g0126100",66.5610864562899,4.45627628070301,0.552688937024121,8.06290117674009,7.45047524270512e-16,2.45368984659755e-14
"Os09g0357400",81.5959355945961,10.2958054908811,1.27794056198874,8.05656052959043,7.8471145806951e-16,2.58134933370926e-14
"Os09g0472100",2697.89851935999,3.05893489214871,0.380153537817408,8.04657746896454,8.51415004397657e-16,2.78797059497162e-14
"Os04g0674700",1463.0585808857,1.90106117766186,0.236603046333318,8.03481276814885,9.3721909624257e-16,3.0549717344189e-14
"Os07g0151800",2127.37641330216,2.795913154361,0.348331390214455,8.02658971572919,1.00219549986447e-15,3.25197117351267e-14
"Os03g0357200",75.363024513019,9.98922344181018,1.2466602296472,8.01278744942166,1.12137346518162e-15,3.63046243213375e-14
"Os12g0565800",95.9116275592342,10.5413704020332,1.31560259999775,8.01257948414756,1.12327194376929e-15,3.63250425878982e-14
"Os03g0608800",717.355054036355,2.03785822386642,0.254907613463005,7.9944972854339,1.30103625113846e-15,4.19431365745809e-14
"Os10g0161625",67.3778290911836,9.93111325526656,1.24283371042482,7.99070154918148,1.34173016179975e-15,4.31946658380748e-14
"Os01g0712700",4067.71651237168,2.00125250699196,0.250485182010498,7.98950457240257,1.3548210228858e-15,4.35671514564804e-14
"Os07g0215200",1010.26393094353,8.23422493760223,1.03080144308661,7.98817754168623,1.36948131814545e-15,4.39399537821987e-14
"Os03g0575200",2991.02617481819,3.31035132490117,0.414696363851914,7.98259066984073,1.43293476682358e-15,4.59244372919791e-14
"Os07g0504601",107.656572008033,9.8940649620817,1.2407896233883,7.97400685465388,1.53611015003807e-15,4.90664749374481e-14
"Os09g0357250",1314.67085578647,2.43708281218761,0.305680671408212,7.9726428267788,1.55316572932192e-15,4.95560183480308e-14
"Os01g0223300",94.0151197822253,9.89048969480299,1.24058973734291,7.97240973150914,1.55609891625317e-15,4.95943783631655e-14
"Os08g0121800",233.370874478761,1.92353911186057,0.241378596436583,7.96897131832455,1.6000058479672e-15,5.09370750621736e-14
"Os02g0627800",88.6110204308879,9.95840339919858,1.24970568317653,7.96859895354411,1.60483338216585e-15,5.10340577866991e-14
"Os04g0161100",179.571153844317,9.80494668379994,1.23191745994023,7.95909385380061,1.73303750677394e-15,5.49889154419568e-14
"Os08g0357000",6468.10761255393,1.79498873552667,0.225661044889953,7.95435799033022,1.80062774992005e-15,5.70703388171563e-14
"Os11g0676200",372.426118538325,2.99830535106261,0.376962477912099,7.95385622375329,1.80793930150756e-15,5.72387589688339e-14
"Os10g0322600",68.842328290948,9.79281266071638,1.23159651567016,7.95131565907992,1.84541064894658e-15,5.82962578981448e-14
"Os10g0141200",99.1311192737963,10.6639865931367,1.34128420560622,7.95057941379164,1.85641192356252e-15,5.85792009184066e-14
"Os01g0275900",904.333660839903,1.97901307058553,0.248979583208156,7.94849539502602,1.88790355852226e-15,5.9507384773135e-14
"Os01g0130000",7635.89152341118,1.62778624502427,0.204935678473206,7.94291290394853,1.97487620087533e-15,6.21803878104174e-14
"Os04g0688600",256.248035111053,3.92852643876015,0.494826997390392,7.93919179729144,2.03502886556131e-15,6.40040033546242e-14
"Os09g0274100",116.276404805568,10.016758397251,1.26193935287069,7.93759095828548,2.06145862697601e-15,6.47641585308297e-14
"Os06g0163701",1329.02215591603,1.75057556687334,0.220657500150818,7.93345146064301,2.13137887607039e-15,6.68142971084997e-14
"Os01g0908200",5025.09692938581,1.07120910830504,0.135173525171905,7.92469610408358,2.28704956631204e-15,7.14596992082581e-14
"Os08g0179900",7387.65658973684,0.968481292130885,0.122284319940931,7.91991395625134,2.3767499620678e-15,7.41815249598766e-14
"Os01g0588400",1191.74195645012,3.6721417346386,0.463788314677545,7.91771077111269,2.41923308971949e-15,7.54253171780663e-14
"Os07g0126500",69.810819059264,4.41320585229714,0.559230397244396,7.89157004705606,2.98408260777097e-15,9.25323970539544e-14
"Os03g0207100",277.8562160709,1.7887957687578,0.226938525340362,7.88229220259082,3.21429273841037e-15,9.93483447043515e-14
"Os12g0125400",1464.90796805308,1.89681595341476,0.241194214714281,7.86426803670118,3.71261846652038e-15,1.14627095153817e-13
"Os03g0857100",106.97627712227,10.2171139432674,1.30025343114429,7.8577865657127,3.90980769732524e-15,1.2032632668503e-13
"Os04g0654400",549.580454752558,3.04188892339759,0.387399592291884,7.85207053368732,4.09224221082991e-15,1.25670872266558e-13
"Os02g0523100",1569.74684504094,4.59339192032232,0.585031812518111,7.85152503169239,4.11008452376342e-15,1.26083663570524e-13
"Os11g0238700",109.62937092311,9.71659464723646,1.23883770144052,7.8433152590836,4.388044999058e-15,1.3432293302672e-13
"Os01g0190000",1477.9954761062,2.22870394476032,0.284243485934779,7.84082680885678,4.47589419997595e-15,1.36865870456468e-13
"Os08g0562200",9900.63483829893,1.14869148369407,0.146557929988864,7.83779822614408,4.58515006661453e-15,1.40057270478294e-13
"Os08g0461400",123.97639609451,9.94844034588866,1.26943158380263,7.83692518196825,4.61712967939164e-15,1.40883918609083e-13
"Os05g0148900",1148.8240836517,2.16559264467796,0.276612106210469,7.82898722093604,4.91815624412242e-15,1.49750279178104e-13
"Os10g0549500",1639.9279320997,2.18912621406171,0.279762394071032,7.8249481004437,5.07866389227155e-15,1.54473331041788e-13
"Os11g0686250",1213.52749314719,2.68685560524081,0.343472695298569,7.82261775686485,5.17360195659019e-15,1.57027588199388e-13
"Os01g0767900",8577.86919328279,1.32071094938407,0.169220234607596,7.80468690666139,5.96494434091304e-15,1.80282262928102e-13
"Os09g0549300",1833.19683499294,4.36224649530628,0.559044083615844,7.80304563298779,6.04306854790647e-15,1.82451001090217e-13
"Os06g0239300",77.0879526328644,9.70868296712923,1.24448269773089,7.80138043287495,6.12336080234259e-15,1.84680561798652e-13
"Os09g0397100",367.327618990663,3.20685875373506,0.41126123428612,7.79761982502829,6.30857255388778e-15,1.90066478248152e-13
"Os06g0507150",65.6686660732203,9.70654920500473,1.24553645390485,7.79306713550933,6.54018484899047e-15,1.96837580139995e-13
"Os10g0388600",75.868722811352,10.2351331432107,1.31374744067149,7.79079207033834,6.65904209391559e-15,2.00204484863452e-13
"Os06g0693700",2645.54390517187,1.22931019776611,0.15794958013989,7.78292792343833,7.08650113188574e-15,2.12609874796639e-13
"Os04g0209300",2660.31231703556,3.04546738284093,0.391309271658141,7.78276315799013,7.09573991714802e-15,2.12664372495947e-13
"Os02g0222200",70.0383836304698,9.59353894965767,1.23278096930549,7.78203037564924,7.13697255373024e-15,2.13676632820772e-13
"Os10g0466800",371.372551039016,3.11988395196273,0.401217863427823,7.77603450979937,7.4833300686819e-15,2.23812498045797e-13
"Os07g0546600",1017.88612409381,2.15235187045944,0.276951922826225,7.77157222269925,7.751785900123e-15,2.31229625434781e-13
"Os12g0210200",3871.6709312268,1.65166836472272,0.212563461942691,7.77023647256942,7.83397357057141e-15,2.33325374993776e-13
"Os03g0405900",19196.2156460449,2.0180240292982,0.259862926489211,7.76572501726977,8.11795042147974e-15,2.41532207140433e-13
"Os09g0327400",2427.10256027973,1.8972163185398,0.244325313068157,7.7651238617693,8.15654747464099e-15,2.42428836352089e-13
"Os04g0380300",1438.60337119593,1.51445712208405,0.195068123405432,7.76373451307768,8.24644267734588e-15,2.4484671045732e-13
"Os02g0603800",6761.49926738967,1.240809787086,0.159950977632223,7.75743796914455,8.66622419373043e-15,2.56513073965666e-13
"Os11g0593700",90.2929569628049,9.58295467426015,1.2361850769891,7.75203879470924,9.04287527417429e-15,2.67385410067742e-13
"Os12g0540000",72.5217009549017,9.63167168710867,1.24257361594559,7.75138918411611,9.08926458262183e-15,2.68203510629537e-13
"Os01g0766200",769.437713636586,1.78589258578281,0.230917784854812,7.73388930136188,1.04309744150954e-14,3.06531568144937e-13
"Os11g0668300",3305.47764714369,3.25731106585624,0.421915176507785,7.72029840883466,1.16057671472395e-14,3.38279186472744e-13
"Os10g0363600",2273.77031655124,1.17155448541333,0.151754756457879,7.72005117176353,1.1628301212923e-14,3.38591551171412e-13
"Os06g0490400",156.17884890926,9.91736696120886,1.28508260213166,7.71729921855466,1.18820490635108e-14,3.45628903317474e-13
"Os01g0753300",85.896316033204,10.6077837372223,1.37534985016588,7.71278939387162,1.23097133848104e-14,3.57343371734133e-13
"Os07g0125201",66.7532854296282,4.32093696031802,0.560389119871651,7.71060109323262,1.25226512100108e-14,3.62789689048765e-13
"Os12g0209800",2539.30537911944,2.30227076040851,0.29859065290848,7.71045824101591,1.25366771235453e-14,3.62829164589718e-13
"Os06g0136600",2421.71087262596,1.95146879530912,0.253220226920351,7.70660708681437,1.29206823356248e-14,3.73565479596691e-13
"Os05g0498366",114.060327848604,9.73928272066351,1.26413971391118,7.70427715662117,1.31585982731002e-14,3.79677903042162e-13
"Os04g0377600",1265.95508617543,1.12103612662389,0.14555417524163,7.70184795292123,1.34112410476665e-14,3.86578348589278e-13
"Os06g0159600",4459.20667302674,4.23006606143776,0.549288000788846,7.70099848415196,1.35007092157183e-14,3.88766151204783e-13
"Os11g0677000",582.412419268277,1.59933997213112,0.207694730314399,7.70043597018621,1.35602775177393e-14,3.90089429154886e-13
"Os12g0140300",95.7601606639942,9.51030577794411,1.23520344838567,7.6993840896198,1.36723628047907e-14,3.92919296973784e-13
"Os12g0105800",6944.87823505665,1.54186668183517,0.200478202731448,7.69094425642171,1.46053062069192e-14,4.18053180260388e-13
"Os03g0183300",13387.4382056924,1.28811989901933,0.167554214816736,7.68777974596598,1.49710246193093e-14,4.27240834056226e-13
"Os01g0134700",4574.98102122183,2.08860798357923,0.271780494199342,7.68490759328486,1.53107465096398e-14,4.36501003974328e-13
"Os04g0290000",122.475714339247,7.36378863930015,0.95920755679327,7.67695019409361,1.6292073697579e-14,4.64016397199836e-13
"Os06g0651000",3492.16862721504,1.78488790098218,0.232782722456043,7.66761330974305,1.75226208536347e-14,4.98568155609079e-13
"Os12g0551200",82.9158306437831,9.91862324622462,1.29360276808521,7.66744126630631,1.75461323489136e-14,4.98741849266938e-13
"Os04g0560700",8634.2161863264,1.46620967972058,0.191314066048488,7.66388854726959,1.80386446437335e-14,5.11725986467576e-13
"Os04g0185600",265.462022989727,4.40337371776232,0.574673478321674,7.66239244348341,1.825009569863e-14,5.17212405496684e-13
"Os07g0636100",930.566664173922,1.54698869611078,0.201966149350015,7.65964346544923,1.86449964127978e-14,5.27360747501958e-13
"Os03g0812200",10027.7793295466,1.14044679145239,0.149248743952802,7.64124883900556,2.15124836174152e-14,6.05477092933379e-13
"Os01g0505400",6866.01137119663,0.963584197472072,0.126161505329988,7.63770371122097,2.21130002908259e-14,6.21768090611133e-13
"Os11g0605600",179.088595533683,9.842974426827,1.28992071270423,7.63068173871854,2.33515515099835e-14,6.55307202609253e-13
"Os11g0591800",802.687340219491,4.24029857397259,0.555819925783675,7.62890709251564,2.36752175419061e-14,6.63740051869562e-13
"Os12g0616800",55.7491647270643,5.7560565493797,0.754742678491967,7.62651525269611,2.41184403848986e-14,6.74845267488394e-13
"Os09g0562400",79.1713572008359,9.44071033338356,1.23814142607144,7.62490466322452,2.44214805277264e-14,6.81992456218731e-13
"Os02g0525100",4775.18981891101,1.55429152957791,0.204021003799068,7.61829174759214,2.57054787636134e-14,7.15756440753209e-13
"Os11g0582100",1472.45331526256,1.69057941897777,0.221961955007446,7.61652788164103,2.60590320650576e-14,7.24193391588777e-13
"Os04g0160600",137.408257538222,9.27744707449566,1.21961876047066,7.60684188796457,2.80874574633512e-14,7.77547663033758e-13
"Os02g0528750",71.9983843032137,9.42868428121302,1.2400336625176,7.60357123053439,2.88068577901646e-14,7.96693136490152e-13
"Os03g0388500",7145.27625487816,1.25724193408833,0.165379248333822,7.60217467883611,2.91195305667525e-14,8.04563924588806e-13
"Os04g0128001",242.753735339067,3.00804916205477,0.396357091598537,7.58924017209604,3.21786832493482e-14,8.873759696442e-13
"Os12g0631600",685.805676572775,1.75925372229439,0.23188606529816,7.58671600224158,3.28115162559238e-14,9.03957272850701e-13
"Os02g0668500",1514.99075495559,1.2888650090595,0.16995720748939,7.58346779226742,3.36439090335714e-14,9.25110634961505e-13
"Os04g0687900",4384.0733014411,1.93191746398003,0.255104389426627,7.57304673715026,3.64571066993762e-14,9.99587580048352e-13
"Os05g0379500",623.973074592554,2.44228530548916,0.322774748231902,7.56653151731209,3.83321215472777e-14,1.04698946289094e-12
"Os09g0453400",8370.20039428064,0.980913355453745,0.12996781167455,7.54735609390757,4.44182903778708e-14,1.20518262869958e-12
"Os01g0218100",6714.51597912276,1.60151339946415,0.212302676035568,7.54353844883163,4.57387900804496e-14,1.23983709875595e-12
"Os11g0226700",2645.39338153909,2.44685495795228,0.324391733763969,7.54290169345879,4.59627644757289e-14,1.24473074457333e-12
"Os10g0392500",650.807768962617,2.06814579909222,0.274281261614378,7.5402372984557,4.69117023713883e-14,1.26922955273373e-12
"Os06g0363000",100.306634482404,9.46627158961697,1.2555621119785,7.53946897513506,4.71889050997219e-14,1.27552500841248e-12
"Os08g0101800",913.904005019146,2.26626095444623,0.300614242341972,7.53876774696584,4.74433060079333e-14,1.2811928404706e-12
"Os08g0485400",2785.37920136939,1.03977288034537,0.137985706908336,7.53536655094348,4.86964971348316e-14,1.31379664398041e-12
"Os01g0921000",86.541056727918,3.48008827588048,0.462164553412671,7.52997660721305,5.07494139568166e-14,1.36404522391249e-12
"Os05g0381700",2446.88229743973,1.29522325528694,0.172075021470476,7.52708466469181,5.18857292475773e-14,1.39328014470627e-12
"Os01g0716450",1206.12858223342,3.37535879097203,0.448477810567582,7.5262559516607,5.22159371040399e-14,1.40083429766381e-12
"Os09g0255200",147.057463703073,11.1589316576635,1.48381550705503,7.5204306765946,5.45960960872886e-14,1.46058575638935e-12
"Os06g0623300",855.086475977859,2.71180619346746,0.360621810309265,7.51980638980722,5.48574169853645e-14,1.46620775323196e-12
"Os02g0484900",316.066276251899,6.35403047103254,0.845053362779949,7.51908784805005,5.5159714684914e-14,1.47291346239716e-12
"Os11g0234100",304.888474118574,4.82577294797104,0.641877198653416,7.51821837275876,5.55277022442325e-14,1.48135914776699e-12
"Os04g0388000",63.3960488783169,9.72186112891962,1.29655429508227,7.49822908750825,6.46857779263333e-14,1.71768017529685e-12
"Os05g0491200",3261.34312097795,1.91401830673535,0.255286786336603,7.49752203865208,6.50355429964093e-14,1.72536886845659e-12
"Os01g0261200",10647.5013207817,1.88932157443747,0.252137526784994,7.49321847694873,6.72048932004384e-14,1.7796253234556e-12
"Os04g0165400",1437.86379228203,1.20212061873794,0.160477325313324,7.49090637191802,6.83995999241503e-14,1.80792005260771e-12
"Os02g0482200",61.804655017834,9.43785301512989,1.2600539906924,7.49003858949237,6.8853366775034e-14,1.81823655745463e-12
"Os01g0168400",1510.58269103829,0.940542121914223,0.125623111849171,7.48701499325604,7.04576561808545e-14,1.85888836546394e-12
"Os05g0494200",12049.6921471227,2.56716192959128,0.343004039678866,7.48434896567036,7.19026691291687e-14,1.8952670431361e-12
"Os06g0476900",60.3070243944587,9.55437386404368,1.27723136191061,7.48053496725239,7.40206692255703e-14,1.94930166787779e-12
"Os06g0216300",4716.87347313444,1.32466206359969,0.17708925266904,7.48019455520168,7.42126621166682e-14,1.95256308077757e-12
"Os05g0124600",114.036045436495,9.47648726781152,1.26738709829676,7.47718457963392,7.59317324455921e-14,1.9959596312212e-12
"Os12g0552400",332.019284034915,1.39980898132533,0.18728249557175,7.47431828613717,7.76051007425298e-14,2.03621002424447e-12
"Os10g0391500",3357.07391647782,2.56699678637847,0.343475343320421,7.47359842940392,7.80310228109499e-14,2.04365591396565e-12
"Os07g0194950",102.613886020504,6.54893527932232,0.876276147186372,7.47359756436398,7.80315360141849e-14,2.04365591396565e-12
"Os01g0128100",192.161962656111,6.81066020060425,0.911413152552465,7.47263760845518,7.86030997462252e-14,2.05674521819986e-12
"Os11g0693900",104.31365048086,9.38566441044936,1.25632668096962,7.47071964053616,7.97574223514111e-14,2.08504531497503e-12
"Os07g0539200",90.8985832305848,10.4845428998674,1.40470976925499,7.46384992070498,8.40303095884331e-14,2.19274720430582e-12
"Os05g0169200",85.701510795674,9.52656832123687,1.27656622752583,7.46265106801452,8.47987010780577e-14,2.21078469816971e-12
"Os07g0479300",8037.60196041731,1.10636268189004,0.148310939624397,7.45975101157031,8.66861358493378e-14,2.25793742214111e-12
"Os08g0545200",4318.66661229636,1.3692254723763,0.183568431833309,7.45893756732439,8.7222922138636e-14,2.26985573580036e-12
"Os04g0221600",3232.01267784314,1.23927158350844,0.166168399147303,7.45792575404105,8.78951719437277e-14,2.28527447053692e-12
"Os02g0717600",1615.20515235779,1.17527634106853,0.157609805934176,7.45687321992749,8.85998807712611e-14,2.29942371726284e-12
"Os04g0220501",73.3768640378518,10.3809233677757,1.39347382458901,7.44967231145332,9.35723540395776e-14,2.41752487641296e-12
"Os07g0162700",392.232458494305,2.89501925832733,0.388758042773691,7.44684081047454,9.56018592300745e-14,2.46329538728426e-12
"Os02g0600650",52.7910877966161,9.31298764617109,1.25058886691241,7.44688193903724,9.55720725762147e-14,2.46329538728426e-12
"Os01g0236700",4988.20555722918,1.17638665636653,0.158062853486944,7.4425244794388,9.87791469438417e-14,2.54287521853994e-12
"Os04g0485601",66.9590905893015,10.2485042000652,1.3777126327103,7.43878219357249,1.0161770747243e-13,2.61125610269065e-12
"Os12g0552900",110.769717214119,10.1225427192192,1.36106510503356,7.43722154199935,1.02825027189636e-13,2.63754939931733e-12
"Os09g0391501",595.680578521136,2.10751367612821,0.283537348987851,7.43293144148891,1.06216961432167e-13,2.71968577207726e-12
"Os11g0684100",187.960687523367,11.1171892841041,1.49586568623485,7.43194351364956,1.07013502109463e-13,2.73275477935858e-12
"Os01g0162500",136.558666366027,5.52297221495365,0.743228476264092,7.431055713467,1.0773431889186e-13,2.74871211477255e-12
"Os08g0120600",2576.06251769793,2.08924073766962,0.281175444086166,7.43038121433313,1.08285141459052e-13,2.76030771626757e-12
"Os03g0584300",472.320180186318,1.70319833487064,0.229637416347006,7.41690253254254,1.19891107836032e-13,3.04531916818972e-12
"Os05g0100100",263.099063619307,2.92312446435599,0.394161633703599,7.41605527887098,1.20660154649274e-13,3.06213884057663e-12
"Os08g0549100",8641.08777019696,0.815915189974756,0.110042141116669,7.41457028821085,1.22019782968418e-13,3.09390338195674e-12
"Os09g0373000",7398.84898364043,0.855025521736456,0.115324743966483,7.4140682418073,1.22482843508264e-13,3.10289870220936e-12
"Os03g0643300",3551.41315855393,1.18074635961595,0.159439913627846,7.4055883043939,1.30570320552311e-13,3.30485938556963e-12
"Os07g0679000",4304.43306724131,1.11024876446907,0.150015870730137,7.40087538115416,1.35289651603225e-13,3.42128781794847e-12
"Os02g0281200",899.07439939136,1.9627567391598,0.265489930369663,7.39296114329794,1.43594449862299e-13,3.62171494494243e-12
"Os11g0211600",73.5018544934357,10.123735382953,1.37078645863054,7.38534825699035,1.52054862779924e-13,3.83172904869867e-12
"Os01g0173900",11510.3547072594,2.20385933337614,0.298479770875187,7.38361372669944,1.54049961165789e-13,3.87859357409683e-12
"Os01g0297200",3354.9273891016,3.51111570476484,0.475937803859322,7.37725744055972,1.61583382811632e-13,4.06469454286119e-12
"Os05g0136400",76.0048856068636,22.8974914146187,3.10487555560277,7.37468893827324,1.64729210901211e-13,4.14019416731712e-12
"Os09g0281700",1709.69303153562,0.925227323767925,0.125613765310559,7.36565233500052,1.76282693656389e-13,4.41508019112137e-12
"Os10g0527601",1734.30540244249,3.02841111668466,0.411326664751744,7.36254509177626,1.8043644621562e-13,4.51516598862003e-12
"Os08g0387050",273.885022174204,3.2095892526632,0.436048328980998,7.36062734184463,1.83047919892136e-13,4.57651745266097e-12
"Os10g0133000",75.4489287985107,8.14995799853604,1.10863521337209,7.35134325541277,1.96224782239473e-13,4.89741503547508e-12
"Os07g0485100",5600.14018233821,1.16812885225759,0.158921212597136,7.35036458108828,1.97666952151751e-13,4.92911532902695e-12
"Os06g0154400",2867.14553781047,2.47853970721034,0.337349960957751,7.3470875768702,2.02572151061104e-13,5.04704110626326e-12
"Os02g0740500",1503.0851113356,2.298971243349,0.313017088491811,7.34455506702838,2.06444685988307e-13,5.13459474213278e-12
"Os08g0169100",56.4085912308636,9.49924351992872,1.29464623278324,7.33732758755819,2.17900821558914e-13,5.40855551827091e-12
"Os05g0318700",1585.1658556591,2.07238363361311,0.282548711700727,7.33460655735764,2.22373780619326e-13,5.51163802967555e-12
"Os11g0116300",2235.90119779957,2.57831696490259,0.351757281491277,7.32981831668644,2.30464952749296e-13,5.70724444785898e-12
"Os11g0116900",1453.30329664102,1.48938829338101,0.203272896262943,7.32703828578511,2.35294622524551e-13,5.8167916519184e-12
"Os01g0201100",305.426118991527,2.14360009101289,0.292644411635081,7.32493089150764,2.39021857472167e-13,5.90383987956252e-12
"Os07g0582500",59.6937397611609,9.26543351857224,1.26544037527156,7.32190445289365,2.44476206091583e-13,6.0333611170853e-12
"Os02g0573400",5955.23763263477,0.920919463487471,0.125828850554747,7.31882600395201,2.50149687131941e-13,6.16806268132906e-12
"Os11g0570000",254.265136967091,6.35997052777736,0.869537495664333,7.31419928351485,2.5892064720518e-13,6.3569789063606e-12
"Os02g0193300",282.915830450511,4.22979932544371,0.578766585049719,7.30829912214153,2.7054500952616e-13,6.63669144943796e-12
"Os03g0802500",3662.07679551353,1.87247273619259,0.256351974840386,7.30430392571952,2.78705761890416e-13,6.82519443562752e-12
"Os12g0581900",5172.10435120918,2.19984958544218,0.301191746909176,7.30381761126259,2.79715487470087e-13,6.84407185908875e-12
"Os03g0824200",1826.74089631947,1.17549031700194,0.160965856672981,7.30273078588385,2.81985048149529e-13,6.89371638189446e-12
"Os08g0208400",240.209084019747,11.1983724361684,1.53553728128407,7.29280400590725,3.03569559410905e-13,7.40244682233299e-12
"Os08g0243500",5271.65954496825,1.02568643702599,0.140682283804994,7.29080030039705,3.08119196147435e-13,7.50062124725259e-12
"Os01g0599550",241.652413246601,3.87136515732118,0.531579660200054,7.28275637157417,3.27067578785754e-13,7.94838020981292e-12
"Os03g0748700",5684.48716963054,1.28583731693203,0.176650189000521,7.2790033467116,3.36295341910485e-13,8.16570689527053e-12
"Os11g0129800",892.875069337232,2.30738158556511,0.31746364279062,7.26817586191098,3.64374236661780e-13,8.81016930703235e-12
"Os04g0664900",7031.65336415607,3.74383880395453,0.515211004687403,7.26661264975513,3.68613833513838e-13,8.8976609585834e-12
"Os07g0646400",50.6313797515057,9.62128241449239,1.32431427721877,7.26510510382648,3.72748328440156e-13,8.98988645325534e-12
"Os05g0335100",2119.86103159849,1.54978528088329,0.213399632874657,7.26236151396556,3.80389893533559e-13,9.15876573909541e-12
"Os11g0141400",1439.95556872704,1.77053510400197,0.244146977776039,7.25192308391429,4.10895220905794e-13,9.87665257499397e-12
"Os03g0299800",225.452532971117,2.05137103935875,0.282973420850063,7.24934176926,4.18801898073327e-13,1.00498425323258e-11
"Os08g0145501",83.0713164497836,9.09278855416938,1.25442202064178,7.24858811830915,4.21138408760253e-13,1.00974541320492e-11
"Os03g0360700",5533.24611127282,1.48855522508585,0.205463357049354,7.24486957899889,4.32855527036429e-13,1.0369712843351e-11
"Os12g0561200",3388.49576983477,0.839004889761827,0.115843494640556,7.24257233748972,4.40253481070408e-13,1.05205527436441e-11
"Os08g0114400",1094.34483429491,3.79295456436653,0.524696038598916,7.22886068378707,4.87062758928863e-13,1.16100849990264e-11
"Os01g0781833",46.3041683218722,9.2769256752719,1.28360980818964,7.22721625846391,4.92994729377888e-13,1.17417165304532e-11
"Os03g0746700",1951.04743811128,1.30827710718809,0.181128444547766,7.2229246513685,5.08812100806098e-13,1.20983272301214e-11
"Os02g0790500",6151.99927101188,1.53092659711283,0.211958173917392,7.22277687535414,5.09365533943832e-13,1.21014438462344e-11
"Os10g0501000",686.834008021173,1.60151787936883,0.221737568724626,7.22258248153579,5.10094454732114e-13,1.21087210579822e-11
"Os07g0605400",1968.64300745203,2.07166147383285,0.28684697009947,7.22218356747663,5.11593476214732e-13,1.21342518878348e-11
"Os04g0405300",181.742896892268,4.83583190786112,0.669951410099469,7.21818304277191,5.26867688093549e-13,1.24861976834213e-11
"Os01g0346700",394.873462805926,1.55914810654339,0.216126918464134,7.21403940621184,5.43160263323145e-13,1.28510552144796e-11
"Os03g0434400",935.605919413191,1.38095770519744,0.191426261231167,7.21404522198651,5.43137052921973e-13,1.28510552144796e-11
"Os09g0258000",8728.50833360892,1.152572920996,0.15980937164471,7.21217353609529,5.5065733257847e-13,1.30176847302296e-11
"Os10g0126500",50.7759567790297,9.33624917885154,1.2961631893714,7.20298898735066,5.89067323258169e-13,1.3902765194393e-11
"Os02g0173200",2402.50362682792,1.72350167818661,0.239539070917108,7.19507540706389,6.24262547630447e-13,1.46970998477466e-11
"Os01g0781600",44.0610107379362,9.20081777413388,1.27944174074579,7.19127528915127,6.41889103060935e-13,1.50996769958144e-11
"Os04g0401700",10894.9258284391,1.67208092236684,0.232994540384921,7.17648112957696,7.152851920358e-13,1.67711549281585e-11
"Os03g0621700",54.1188778141877,9.01127323949367,1.25593280327096,7.17496446945622,7.23259671559687e-13,1.69442650118791e-11
"Os12g0535300",1190.69340113354,2.01777775373143,0.281236902774149,7.17465501087469,7.24897467732844e-13,1.69687600044783e-11
"Os09g0332700",7877.52569985509,2.10606062960228,0.293572824722454,7.17389503471027,7.2893507282704e-13,1.70493450666452e-11
"Os03g0258200",479.436860609873,1.93053288497621,0.269365551124946,7.16696280171596,7.66798560263845e-13,1.79057150355988e-11
"Os08g0342300",1015.3207697192,2.35870911028306,0.329488294493551,7.158703813465,8.14434348431995e-13,1.89716853262386e-11
"Os05g0166450",81.1516511172791,9.39079242777976,1.31212047769201,7.15695897399448,8.24863694424465e-13,1.91978568624597e-11
"Os07g0117400",65.4934163883026,9.06231775226723,1.26624286509862,7.15685592555058,8.25483723808123e-13,1.91978568624597e-11
"Os05g0322900",3343.60030061734,1.83772936545061,0.257121535192928,7.14731795635748,8.84897531015311e-13,2.04964301201703e-11
"Os04g0507016",71.6778163570181,7.21456814597455,1.00989384017717,7.14388766319127,9.07275574531535e-13,2.09639191624819e-11
"Os11g0205500",919.152015766969,2.09963477210779,0.293920450762269,7.14354774110644,9.09523122545207e-13,2.09989174110921e-11
"Os05g0318901",42.4684150689789,8.95532038826413,1.25382197126305,7.14241781809174,9.17033460243896e-13,2.11552678767376e-11
"Os06g0524500",703.346571466283,1.59297390448482,0.223072484427799,7.14105959132943,9.26141866408603e-13,2.13482033437967e-11
"Os05g0202550",74.784969525869,9.69645563206601,1.3585314076035,7.13745414923527,9.50753196135202e-13,2.18803056832657e-11
"Os05g0180600",3539.6999946677,1.33391371985612,0.18694997932184,7.13513702806968,9.66907865074961e-13,2.22342248395889e-11
"Os06g0473200",3260.81711565145,1.7664313881018,0.247716386373993,7.13086208772201,9.97422199262009e-13,2.29175147179271e-11
"Os09g0569100",1631.97538831414,1.0775537185087,0.151119523780332,7.13047322776798,1.00024430533109e-12,2.29455563141283e-11
"Os01g0587400",160.314334591923,2.75129870791601,0.385941492470595,7.12879739958415,1.01249635475118e-12,2.31894848571788e-11
"Os03g0601000",52.3160865572979,9.72218838933336,1.36400385144279,7.12768397174951,1.02071798154314e-12,2.33591147022157e-11
"Os10g0327000",52.4392925596175,9.13648152372286,1.28197208395292,7.12689584905063,1.02657709805681e-12,2.34744509285904e-11
"Os07g0271000",516.909356085622,2.66479091316799,0.374015762467247,7.12480911389757,1.04225030542872e-12,2.38138403119168e-11
"Os01g0124500",82.8275594779322,9.23751842829101,1.29669691661525,7.12388400861136,1.0492735608805e-12,2.39552080209944e-11
"Os03g0277600",193.277311929237,5.97719087421203,0.839197663016308,7.12250657697062,1.05981694685055e-12,2.41599046326005e-11
"Os08g0387500",1002.53727892679,1.20575658970066,0.169288575155615,7.12249239851119,1.05992601295473e-12,2.41599046326005e-11
"Os10g0405600",2594.94909961444,1.8067314653108,0.253963084099436,7.11414996284815,1.12604664283827e-12,2.56262815016696e-11
"Os12g0152800",1354.02259332574,1.29257048638794,0.181725985492637,7.11274440407592,1.13757838425822e-12,2.5868171322037e-11
"Os04g0290400",46.9101788179289,9.06652530191395,1.27585648522689,7.10622660690682,1.19258546095937e-12,2.70331951166202e-11
"Os03g0808600",4093.5542063372,1.45601333973998,0.205008837217812,7.10219793204834,1.22788199365566e-12,2.77893166526239e-11
"Os02g0226500",47.2440842681575,9.35888253005704,1.32108184820675,7.08425639392507,1.39792882575527e-12,3.14638308841633e-11
"Os02g0327000",8834.69804284476,1.96933078963137,0.278003659677375,7.08383044999044,1.40223455699962e-12,3.14911534060746e-11
"Os11g0605900",62.8041804117997,4.3245424447996,0.610482543965102,7.08381015567058,1.40244003023004e-12,3.14911534060746e-11
"Os06g0480000",1319.24025959018,2.08192311609264,0.29416551112835,7.07738683609398,1.46898059464353e-12,3.29336713597234e-11
"Os06g0719500",2577.7466016336,2.31622180696842,0.327291654400283,7.07693513057209,1.47377476934421e-12,3.30153203215405e-11
"Os04g0114950",103.201037700195,5.81890581139516,0.822457401970275,7.07502394343515,1.49422959062008e-12,3.34212851135413e-11
"Os01g0113150",46.6184070709056,8.95257797521083,1.26612411017463,7.07085340470773,1.53983743687872e-12,3.44145259293675e-11
"Os01g0237750",88.7283132196623,10.5612803776968,1.49396099385324,7.06931467498162,1.55700716179467e-12,3.47711373341706e-11
"Os01g0603800",69.8859240247041,9.85204191838709,1.39371085915253,7.06892814509443,1.56134964011664e-12,3.48409578571821e-11
"Os06g0291800",679.717854533023,1.85818244524163,0.263385979470938,7.05497858684108,1.72627304307767e-12,3.83717418388374e-11
"Os06g0672801",556.648683801287,1.31171314771514,0.185992995219659,7.05248682169989,1.75748062876038e-12,3.90351433916609e-11
"Os12g0459300",58.4195503695234,4.80514491932017,0.68194483468559,7.04623699002805,1.8382107618763e-12,4.07650268957273e-11
"Os06g0158400",373.256106940014,2.17393522233228,0.308802620956813,7.03988591675945,1.92397292753322e-12,4.26009832455038e-11
"Os01g0151900",408.861463965164,1.41005854336842,0.200333702317322,7.03854881658869,1.94252248680198e-12,4.28921929326323e-11
"Os09g0397300",12589.3577985733,0.998189494288909,0.141818366983372,7.03850647501775,1.94311274698299e-12,4.28921929326323e-11
"Os04g0667700",4113.05031837137,1.42217810236967,0.20212754219089,7.03604311888655,1.97775757493421e-12,4.36233333618284e-11
"Os05g0166833",63.1952271891237,8.96048467482259,1.27367745021954,7.03512861382455,1.99077286644159e-12,4.3852382261204e-11
"Os11g0691100",9336.02232416443,10.1025395320754,1.43601963044825,7.03509848881522,1.99120303370886e-12,4.3852382261204e-11
"Os11g0648800",56.3343536602287,9.44676195032531,1.34320383703131,7.03300697175206,2.02129262667262e-12,4.44126352296195e-11
"Os06g0147400",1019.97388981737,2.3172348847808,0.329847014885706,7.02518070561814,2.1378937298946e-12,4.69386445585749e-11
"Os11g0598800",161.888293723292,9.59895093065805,1.3684417061723,7.01451211795311,2.30752728928527e-12,5.05181289547985e-11
"Os07g0672600",562.911793007881,3.17010269800533,0.451945076203384,7.01435387821046,2.31014016294271e-12,5.05268213348354e-11
"Os03g0734100",5228.58940472378,2.87364326586293,0.409763035109412,7.01293923473509,2.33362822537729e-12,5.10016139691153e-11
"Os10g0370100",783.50171282994,3.91621005746639,0.559037350253356,7.00527443415285,2.46502174117521e-12,5.3709355838899e-11
"Os01g0603700",101.641282215603,6.50351531350199,0.92842172361959,7.00491505966391,2.47135720815854e-12,5.38064792767161e-11
"Os10g0444700",5767.39879395032,1.75397630938537,0.250520763923024,7.00132109578074,2.53560066975961e-12,5.51632728853092e-11
"Os07g0672500",13364.1578408612,1.37089820832076,0.195949922050539,6.99616613252431,2.63061586149666e-12,5.71435979253998e-11
"Os05g0253200",2420.25893491241,4.27941297115475,0.612366975929017,6.98831442479812,2.78208346672466e-12,6.03423584319417e-11
"Os01g0223900",514.773832611549,1.92903303320368,0.276079622148793,6.98723440067599,2.80357630642386e-12,6.07166049370042e-11
"Os05g0179100",603.385661470792,2.09759517876328,0.30021680686626,6.98693454459967,2.80957236628382e-12,6.08005041078279e-11
"Os11g0479400",94.4686947263916,8.67518953614082,1.24177693389828,6.98610942055996,2.82613691612801e-12,6.10757351246242e-11
"Os08g0101500",942.333514005389,0.973153813330275,0.139319917939254,6.98503004972042,2.84795017819929e-12,6.14916868920618e-11
"Os08g0191000",2285.92942496982,0.877423156771944,0.125794993387879,6.97502446751979,3.05817587594599e-12,6.59314185083554e-11
"Os01g0736900",14141.9025274044,0.602416572075497,0.0863888301911531,6.97331554024433,3.09557240103571e-12,6.66373707246244e-11
"Os02g0179600",668.543942949422,3.06866636391722,0.440095241363201,6.97273243494292,3.10843483777811e-12,6.68640202492631e-11
"Os09g0344400",113.864825954292,2.98263410871257,0.427970445905321,6.96925252023691,3.18629337079356e-12,6.83335910628571e-11
"Os05g0542500",751.25078490206,2.43724803687455,0.349836272072609,6.96682485905491,3.24173818391236e-12,6.94706674984719e-11
"Os05g0501001",144.055018735932,6.65939304592007,0.956009839306937,6.96582061409308,3.26494953669073e-12,6.98635803773434e-11
"Os10g0160700",40.9711261784423,8.77984632857541,1.2609930627825,6.96264443295339,3.33943932038171e-12,7.14041906026692e-11
"Os08g0518000",60.7982123370272,8.74622725507533,1.25655011871251,6.96050808067801,3.39047712524537e-12,7.24414247520734e-11
"Os11g0606100",65.956031686984,8.69548000918295,1.24985587699785,6.95718615979106,3.47136129627584e-12,7.41143396877014e-11
"Os12g0133100",4426.7296969033,2.18370802248439,0.313918157406979,6.95629727353849,3.49332338365752e-12,7.45277003637791e-11
"Os02g0215950",57.697815811893,9.6541081218786,1.38792392668268,6.95579054174328,3.50590432942706e-12,7.47404544990656e-11
"Os06g0111400",3833.82717064705,1.0240805573707,0.147370638422757,6.94901350995683,3.6784932523465e-12,7.83032605246894e-11
"Os01g0159800",2124.08405538952,2.60655633101521,0.375528727127568,6.94103045312364,3.89250082918899e-12,8.27972782167208e-11
"Os07g0516500",2169.6338048895,1.99335176957823,0.287217103006842,6.94022656976227,3.91471583223007e-12,8.32080400779348e-11
"Os01g0155000",7851.73678424577,2.35763904413621,0.339940669675389,6.93544272413047,4.0495094243742e-12,8.59455881682737e-11
"Os06g0287200",367.377067643691,3.30068872869035,0.475924387554064,6.93532169186306,4.05297808492276e-12,8.59555352251717e-11
"Os09g0255000",1760.60214365998,1.68738186763588,0.243577910873079,6.9274831268059,4.2839361849075e-12,9.07864937647705e-11
"Os03g0207400",827.827583586034,1.68122147341887,0.242700897274185,6.92713332460222,4.29453818805349e-12,9.09439084731032e-11
"Os10g0131100",106.974385043679,9.99839841464207,1.44481969875939,6.92017033213716,4.51100918904555e-12,9.53870371103565e-11
"Os02g0525600",14928.6604652006,1.37341505057202,0.198479802463456,6.91967159139477,4.52691856022705e-12,9.55823659451918e-11
"Os04g0466600",4069.22874476641,1.01525230163513,0.146738908538052,6.91876688841427,4.5559182557142e-12,9.60531051234168e-11
"Os08g0326900",238.058039123588,2.75220300760742,0.397907570641349,6.91668922803204,4.62320746533711e-12,9.74001031594403e-11
"Os02g0628800",13833.2788476316,1.4273980637036,0.206491197167415,6.91263396834451,4.75736356673628e-12,1.00152814778933e-10
"Os01g0918200",1369.11994471749,1.36474835827375,0.197549923765282,6.90837198143022,4.90247107880348e-12,1.02829869216601e-10
"Os08g0537900",2533.80572459752,1.09192955255283,0.158072209738489,6.90778951189012,4.92263635723681e-12,1.03177305711448e-10
"Os11g0685400",69.1814868109619,10.2466828549893,1.4862412317718,6.89436050887507,5.41076486235249e-12,1.13242684321493e-10
"Os04g0109100",60.8835829969408,9.30991092410177,1.35050079333774,6.89367305078915,5.43699063410405e-12,1.13708507772518e-10
"Os03g0583900",8076.88778867675,2.35459565403389,0.341601548708234,6.89281317060122,5.46996955804615e-12,1.14314783207249e-10
"Os12g0431700",3520.32295990301,3.89515963295892,0.565775269504865,6.88464102781966,5.79334359165712e-12,1.20720640427753e-10
"Os01g0604000",56.5536153254532,9.16295032344395,1.33171058696657,6.88058682804024,5.96065011615071e-12,1.24116676691824e-10
"Os12g0198000",668.507657568547,1.54750230938409,0.224926171778842,6.88004555959665,5.98334217291908e-12,1.24498707290107e-10
"Os09g0273600",40.6094236174742,8.78704115629707,1.27731917349598,6.87928384590616,6.01541961820229e-12,1.25075328665263e-10
"Os10g0138100",2260.8757822061,1.61530517164775,0.235005714580782,6.87347188356345,6.26578638323171e-12,1.29998053187802e-10
"Os02g0215900",364.631800051457,2.0014954214832,0.291221510353343,6.87275956729557,6.29716534257068e-12,1.3051247792305e-10
"Os09g0342000",88.5885065097633,3.02233177731899,0.439758862175293,6.87270237686364,6.29969136421814e-12,1.3051247792305e-10
"Os01g0827600",1621.27642020228,1.43632134937416,0.209014667019706,6.8718687059351,6.33662638952439e-12,1.31182817422437e-10
"Os08g0170100",1389.36763163235,2.33297973058449,0.339595417227236,6.86987989894872,6.42559783611667e-12,1.3292868534326e-10
"Os07g0162900",632.15602528674,1.84347135756879,0.268356593439689,6.8694841216305,6.44344886326473e-12,1.33201801464835e-10
"Os04g0634000",372.782263289794,3.36870083875444,0.490746418929274,6.86444303782057,6.6751168679237e-12,1.37891455299027e-10
"Os06g0244100",1168.75444104757,1.44260385051959,0.210362784133503,6.85769517864938,6.99803790173461e-12,1.44250202849281e-10
"Os04g0194500",2130.05657940376,1.94838955500353,0.284403254651951,6.8507990788922,7.34386018835048e-12,1.51052607406043e-10
"Os05g0523100",53.4926960013546,9.11292842602389,1.33092587887282,6.84705930712066,7.5383472337496e-12,1.54719717006729e-10
"Os04g0614500",213.989026841071,5.52865911659484,0.80778586077559,6.84421377626804,7.68970177611929e-12,1.57487730728642e-10
"Os01g0639900",10388.5041830245,1.11926233131993,0.163556471823347,6.84327754715089,7.74014805810502e-12,1.58407658686304e-10
"Os11g0575600",1611.07999488043,4.86267836529908,0.710855553861237,6.8405998080565,7.88622797283025e-12,1.61167049841321e-10
"Os09g0555500",488.432327819869,2.88713812314737,0.422076514540881,6.84031928734033,7.90168677868608e-12,1.61367875682761e-10
"Os01g0660200",15951.0481155639,4.0890190946629,0.597836501641518,6.8396946045205,7.936218271789e-12,1.61957639546509e-10
"Os11g0480000",66.3774489339634,8.65866557797065,1.2664175004882,6.83713354769085,8.07934189136985e-12,1.64643886110618e-10
"Os01g0780500",2800.31719272553,1.28229201137386,0.187568120615926,6.83640699263362,8.12040359455985e-12,1.6536304462781e-10
"Os09g0513900",371.841594430892,2.10361936358504,0.307781869460913,6.83477349484417,8.21346983064856e-12,1.67139444309476e-10
"Os01g0956200",2308.78175841482,1.74744608175273,0.255694361383419,6.83412051911617,8.25096388273503e-12,1.67783262716909e-10
"Os01g0356400",12117.1264880468,1.18675009545194,0.173676196477931,6.83311887016562,8.30880501773148e-12,1.68839632175917e-10
"Os12g0639100",1743.00786588377,2.07095487913201,0.303143737213599,6.83159381146241,8.39763466940133e-12,1.70282398122921e-10
"Os06g0720500",1109.74150404788,2.06984423708338,0.303098303561648,6.82895355322367,8.55362600514264e-12,1.72955887296646e-10
"Os02g0614966",79.128234886153,10.4805441331113,1.53590073788201,6.82371189401459,8.87177214235062e-12,1.79136022144207e-10
"Os07g0683200",2127.62066545477,2.70123888610508,0.395913961006246,6.82279270788956,8.92874521455149e-12,1.80159442174176e-10
"Os10g0107600",45.826428597175,9.46614667455865,1.38745670554597,6.82266094265888,8.93694161947917e-12,1.80197924898886e-10
"Os01g0160700",172.557473305642,3.67618540148267,0.538947577535746,6.82104448505263,9.03809465654195e-12,1.8210934465488e-10
"Os02g0829500",4920.49784578835,0.861688519618905,0.126355846939356,6.81953815744254,9.133365312931e-12,1.83899636645186e-10
"Os10g0492900",419.834463958074,4.18998792163697,0.614923799019029,6.81383275183225,9.50321815960332e-12,1.90810235955820e-10
"Os03g0726200",1973.78194378344,1.36500115086481,0.200529085669359,6.8069983279906,9.96560892342589e-12,1.99535029262054e-10
"Os09g0425900",5289.50146544969,1.46232099445211,0.214838033634733,6.80662064212683,9.99179452948344e-12,1.99919620711424e-10
"Os10g0163040",348.99152486965,2.46449940260414,0.362262079582142,6.80308412474984,1.02402808619951e-11,2.04748448888962e-10
"Os01g0246700",2871.83857987214,1.51299985551392,0.222797661434256,6.79091443677645,1.11424998951634e-11,2.22167645787211e-10
"Os04g0488700",1657.93816171486,1.25901963660608,0.185438933533309,6.78940291888562,1.12598569447614e-11,2.24351475091309e-10
"Os05g0524300",2398.68873013481,2.36153618421592,0.348122563872383,6.78363435551861,1.17189705539898e-11,2.33013146643245e-10
"Os07g0584366",300.764959463971,2.34381757736341,0.345548595706195,6.78288844604726,1.17796595351976e-11,2.33978815603208e-10
"Os09g0380000",8201.48351949819,1.40785035444454,0.207640535976638,6.78022885956596,1.19985660563434e-11,2.37747520502317e-10
"Os01g0767600",1410.5148801434,1.22575960976323,0.180982363108034,6.7728124924059,1.26302605051965e-11,2.49746186331877e-10
"Os06g0329300",354.695738370155,2.02495783007585,0.299044994358196,6.77141523275375,1.27528673994797e-11,2.51996659813719e-10
"Os07g0655300",5078.54126584754,0.830350124956566,0.122635641228346,6.77087114838391,1.28009244717552e-11,2.5259785672502e-10
"Os11g0227100",564.870540778412,1.27879639071959,0.188865392404219,6.77094079778599,1.27947626975238e-11,2.5259785672502e-10
"Os12g0516300",934.397563451552,4.86891989606137,0.719158007527335,6.77030617068712,1.28510146996985e-11,2.53411750293023e-10
"Os04g0524500",1482.9282323396,2.12352264517752,0.313694911565045,6.76938823962148,1.29328069715959e-11,2.5484923339076e-10
"Os01g0976700",3753.67392729429,1.08864450530842,0.160825570123524,6.76910086171168,1.29585184327981e-11,2.55180391846412e-10
"Os04g0531900",267.355768706442,2.98570604553571,0.441110607265269,6.76861085714087,1.3002474243589e-11,2.55870118150626e-10
"Os11g0152700",7334.50452923908,1.49518406774032,0.22094119652857,6.76733941534066,1.31172110185185e-11,2.57950809953736e-10
"Os10g0485800",440.084193972733,2.4506782214199,0.36217030327565,6.76664596532277,1.31802062801386e-11,2.59011845225331e-10
"Os04g0274250",44.0505742547171,9.63658405277516,1.4253366877239,6.76091770861779,1.37120394334477e-11,2.68909893119194e-10
"Os02g0680600",981.630011998135,1.54042544604705,0.227926837417984,6.75842065593241,1.39504010119755e-11,2.73397325441259e-10
"Os01g0939550",110.601398481538,5.04744938413821,0.747091426470871,6.75613346010605,1.41722882721381e-11,2.77555983303691e-10
"Os06g0727200",68137.9833528526,1.26254352378257,0.186918994618757,6.75449558434484,1.43333033062084e-11,2.79943971594741e-10
"Os05g0106200",564.239617967629,1.42469904801313,0.2109479461283,6.75379435619923,1.44027855719058e-11,2.8110940885984e-10
"Os02g0708200",2242.04031303126,0.839094725440367,0.12437567034533,6.74645389335882,1.51502179671149e-11,2.95295268839304e-10
"Os01g0734800",2225.26532251636,2.90156667589745,0.430432903582958,6.74104291689732,1.5725374546772e-11,3.0608928771339e-10
"Os01g0923700",15707.9370650372,1.52448424823663,0.226246399597858,6.73815915279238,1.60405818484507e-11,3.11801052321444e-10
"Os03g0151800",14944.9199832803,0.860873501634445,0.127778509925921,6.73723227899223,1.6143200705926e-11,3.13583041780469e-10
"Os03g0277300",262.078458442553,3.55954827520958,0.528415807971781,6.7362637936064,1.62511134051641e-11,3.15465380274228e-10
"Os05g0551100",1172.07561357506,1.79471825415019,0.266592996504086,6.73205327103438,1.67285368013247e-11,3.24293664703353e-10
"Os03g0173500",1008.96718769281,2.11971921171754,0.314969594735701,6.72991694165353,1.69759963308228e-11,3.28868321075547e-10
"Os10g0524100",1539.93052816164,1.04619506983744,0.155480554221097,6.72878402754935,1.7108677141714e-11,3.31214741529994e-10
"Os01g0730700",1918.79021498616,1.73950196851589,0.258590735143791,6.72685341007529,1.73371241260664e-11,3.35410722795446e-10
"Os01g0832000",789.532349066509,1.72446959000614,0.256577409865094,6.72104995881301,1.80419716240084e-11,3.48811451397496e-10
"Os07g0142000",1611.31528723573,1.07379770377783,0.159872813640855,6.71657475291608,1.86045886864084e-11,3.59203958923836e-10
"Os06g0720900",2195.90452668054,1.9122461156236,0.284734925357693,6.71588184421484,1.86932224030048e-11,3.60672194135281e-10
"Os11g0142500",7033.11825016762,0.721694590641943,0.107863508567103,6.6908132345145,2.2193376327943e-11,4.26481970857293e-10
"Os03g0322800",3117.45715940854,0.898257362071202,0.134319984573525,6.68744390436935,2.2710221781417e-11,4.35829386792471e-10
"Os02g0575000",6380.6175656749,1.79850062684271,0.269037632591944,6.68494072563646,2.31018131051765e-11,4.42751270293991e-10
"Os08g0246550",35.5661103376389,9.33586596520401,1.39827639724709,6.67669566874216,2.4438970533314e-11,4.67128341374592e-10
"Os04g0626000",730.789980948195,1.02234852713277,0.15322510654004,6.67219981253933,2.51997140349017e-11,4.79748974437212e-10
"Os02g0201300",243.165730989104,1.82784221692642,0.274099837384439,6.66852718472348,2.58383196269737e-11,4.91580035824736e-10
"Os07g0676400",65.7788088198599,8.88230837452937,1.33250555804179,6.6658696625495,2.63102678651447e-11,4.99563813699222e-10
"Os05g0432700",6933.5956238295,1.57055511631299,0.235683631784935,6.66382771013194,2.66786201287752e-11,5.06222399953423e-10
"Os02g0511800",46.0338063076011,8.85032925547808,1.32847701595675,6.66201157353422,2.70104751354498e-11,5.12180101641897e-10
"Os03g0231600",2999.13615356638,2.17350746849755,0.326761936186863,6.65165439359683,2.89816611082511e-11,5.48831826882756e-10
"Os02g0704900",1669.03577110698,0.855100152157645,0.128630325962512,6.6477336954495,2.97640185620535e-11,5.62903405834956e-10
"Os06g0698802",932.135653872616,1.72540519393218,0.259678268441622,6.64439579132539,3.04463425630858e-11,5.74669701658455e-10
"Os09g0362500",2658.42425763625,1.64814353008755,0.248048502175514,6.64444056558484,3.04370894371699e-11,5.74669701658455e-10
"Os07g0159800",9138.43588009695,0.841918467409679,0.126743202928134,6.64271099324408,3.07965339240514e-11,5.80132998022302e-10
"Os12g0215100",57.8470447288573,10.0024952300915,1.50580761915837,6.6426116476168,3.08173058995780e-11,5.8014287032504e-10
"Os01g0733001",49.7482889706792,8.94963648375752,1.34753563753673,6.64148407986989,3.10540299247343e-11,5.84215407356197e-10
"Os04g0320700",6546.36345209558,1.22419036498252,0.184438243785258,6.63739981393362,3.19264814019894e-11,6.00234609665222e-10
"Os05g0444200",341.019148029376,3.19504608370264,0.481396674026453,6.63703398068568,3.20057885510179e-11,6.00936994471667e-10
"Os01g0233900",621.522035270777,1.62833868298667,0.245376267279972,6.63608873440377,3.22115974924957e-11,6.04405167881459e-10
"Os11g0264200",2403.6354781346,1.79028384910223,0.269793282000353,6.63576140898826,3.22831676883543e-11,6.0495573617183e-10
"Os07g0656200",234.702560562885,4.7000199029163,0.708627141926921,6.63257110098246,3.29889342406566e-11,6.17373575351595e-10
"Os01g0778800",11349.2053637749,1.5704385044167,0.236908330869381,6.62888678778694,3.38227854893054e-11,6.32565567780404e-10
"Os09g0325000",36.3557146638261,8.61881412088482,1.30139744922331,6.62273783157376,3.52606083031665e-11,6.58596446611686e-10
"Os07g0580900",2141.98631760332,1.95876404063184,0.295788824932229,6.62217053359144,3.53962355195925e-11,6.60698983783299e-10
"Os11g0569600",56.2719514055017,8.93690094786878,1.34991448288,6.62034600058676,3.58359076329669e-11,6.68470329101411e-10
"Os07g0602200",4528.46574998487,0.711243654491102,0.107610683493068,6.60941489640217,3.85841951409079e-11,7.18799973457277e-10
"Os01g0692000",582.669606998885,2.36604067087103,0.358229352290074,6.6048207823996,3.97998523483738e-11,7.40484006159484e-10
"Os01g0950300",3634.1844650887,2.36451023335958,0.358033113964033,6.60416632188138,3.99760522164419e-11,7.43279589945162e-10
"Os01g0578700",244.973100131457,2.47590937866082,0.374958742035605,6.6031514966671,4.02507832314174e-11,7.47902361314249e-10
"Os01g0191900",2383.73720837242,1.32680837200355,0.200971196649573,6.60198274241786,4.05694749833872e-11,7.53335448622172e-10
"Os11g0303600",40.253366527238,8.90918812163277,1.34984344890245,6.60016398855496,4.10703228616491e-11,7.60820687953983e-10
"Os01g0347300",226.068204045912,6.12794046635521,0.928675673926118,6.59857971776993,4.15115253882849e-11,7.67347242209767e-10
"Os01g0158500",1125.15826909797,1.29146843958265,0.195773234985196,6.59675690438638,4.20248986582579e-11,7.76336167863576e-10
"Os06g0109600",1851.32232896311,2.17280101633566,0.32967961164262,6.59064418788209,4.37922260249003e-11,8.08463183031858e-10
"Os05g0213500",3135.8282351788,0.698010269743149,0.105910951354962,6.59053913512456,4.38232260482004e-11,8.08514534921466e-10
"Os01g0185900",5207.95894385187,1.34407892493514,0.204028029018297,6.58771704751708,4.46640785281445e-11,8.22967960121155e-10
"Os10g0498500",2125.95152817752,0.880275344534227,0.13366909576565,6.58548140459884,4.53413842493595e-11,8.349108878616e-10
"Os08g0430100",2307.77899567484,0.882623328833154,0.134058714406826,6.58385642991227,4.58399793210911e-11,8.42467663571458e-10
"Os03g0246050",41.9691768042324,8.9113173485647,1.35409440476867,6.58101629929349,4.67243354005546e-11,8.5817029352352e-10
"Os02g0580900",1011.60676325805,1.83718480426554,0.279204910855513,6.58005906356091,4.70261423874237e-11,8.62055682459669e-10
"Os12g0246700",40.8627727138635,8.71275526160862,1.32423969821903,6.57943971421969,4.72224324796308e-11,8.65100470208684e-10
"Os09g0442300",17786.5430731304,1.3202685190355,0.200698898996118,6.57835456815851,4.75682816088248e-11,8.69767967234236e-10
"Os09g0456800",1817.19460183558,1.91314656495039,0.290821982524147,6.57841112403372,4.75501955186128e-11,8.69767967234236e-10
"Os01g0301300",286.307787742226,1.55785354967852,0.236857935231523,6.57716427425475,4.79504926849807e-11,8.76197395669686e-10
"Os11g0303800",158.140839554222,2.17494452663158,0.330760338414608,6.57559046243713,4.84604693980923e-11,8.84951796809523e-10
"Os03g0842700",1434.90592144385,1.55445560169328,0.236407703486541,6.57531704241517,4.8549607577696e-11,8.86014876634488e-10
"Os08g0215300",2404.74624758544,1.51152681711819,0.229962602225812,6.57292447766768,4.93364860802571e-11,8.99802036391805e-10
"Os03g0181400",46.2101098795627,8.66834537016158,1.3195536130683,6.56914981271996,5.06033526270883e-11,9.21148195343922e-10
"Os05g0297800",32.5282467373958,8.81713832694699,1.34377108245145,6.56148836813919,5.32733316873814e-11,9.68519986996733e-10
"Os10g0496000",395.680234933606,2.71436469329533,0.413725595510502,6.56078502937687,5.35252378424951e-11,9.72482634535935e-10
"Os02g0455400",395.942700475026,1.89646269367508,0.289215144887462,6.5572731138026,5.48005953456241e-11,9.95023230572131e-10
"Os06g0698822",288.358690762673,2.53643293629343,0.387031674070896,6.55355389809467,5.61836414293882e-11,1.0194893567035e-09
"Os09g0515300",676.464044762191,1.81199169257763,0.276579108112226,6.55144094196151,5.69845239916924e-11,1.03206105019594e-09
"Os11g0172350",224.553568071563,5.0282761578684,0.767500404140222,6.55149643015658,5.69633499959236e-11,1.03206105019594e-09
"Os01g0149800",5258.84900326857,3.06217325053381,0.46771086543635,6.54715012377779,5.86454047962306e-11,1.05946288664666e-09
"Os05g0165500",1585.79983631731,1.48521011844292,0.226881136077905,6.54620363824756,5.90180931797037e-11,1.06552388518265e-09
"Os05g0454500",8144.68154241964,1.55399868640288,0.237516232666159,6.54270518254261,6.0415859804929e-11,1.08938654193255e-09
"Os01g0976500",1136.6623209133,2.6467159239857,0.404960712563191,6.53573505250265,6.32978843908841e-11,1.13848774863001e-09
"Os12g0630100",784.51650544223,7.90996603816173,1.21089185321358,6.53234722586454,6.47468301436651e-11,1.16308851239893e-09
"Os02g0582800",430.827114813599,1.581628928777,0.242161025641316,6.53131082753044,6.51965334172765e-11,1.1697001098759e-09
"Os06g0673800",523.848986962974,1.80588172745459,0.276526420254497,6.53059380652515,6.55094421092968e-11,1.17384398706415e-09
"Os06g0570000",829.049966325481,1.81940852528382,0.278628391635966,6.52987484369834,6.58246728452995e-11,1.1787553289772e-09
"Os07g0127700",68.1754665596758,5.30728889447292,0.812982498915511,6.52817114950524,6.65775959476631e-11,1.19149361592282e-09
"Os12g0183100",3362.09090837123,1.1076321286081,0.169677182214451,6.52787908281146,6.67075136061033e-11,1.1930734580787e-09
"Os12g0140266",45.9870793265966,8.26552116738102,1.2666569233961,6.52546164214687,6.77924062181041e-11,1.21172053834131e-09
"Os04g0581000",753.201967560511,3.55219913237951,0.544372277415119,6.52531232715718,6.7859978304354e-11,1.21217213115733e-09
"Os03g0719800",10012.6188954894,0.910149963850728,0.139487056693907,6.52497791137695,6.80115563028606e-11,1.21340371502591e-09
"Os12g0630200",41.7679714019244,9.44677128104355,1.44856816617416,6.52145442764603,6.96288781139254e-11,1.24144780069707e-09
"Os10g0530400",237.330443274213,2.57339790661215,0.395042191097002,6.51423560472369,7.30607458254333e-11,1.29779075597664e-09
"Os01g0507700",3762.66131163706,0.800722090556462,0.122927627453256,6.5137683622906,7.32884875482646e-11,1.30102958192867e-09
"Os02g0713700",3705.39480301958,0.828707799236773,0.127228930959493,6.51351695708753,7.34113137345911e-11,1.3024030719031e-09
"Os01g0715800",1910.3144538157,0.71918133784422,0.11046965633233,6.51021612378949,7.50427574077346e-11,1.3305229487911e-09
"Os11g0649600",6118.03233932487,1.03570912718904,0.159162197996594,6.50725574430182,7.65360527611433e-11,1.35616016308737e-09
"Os03g0804500",889.131615983969,1.75880318812976,0.270303451962443,6.50677294485362,7.67823301239484e-11,1.35968314135437e-09
"Os06g0200600",397.076064274557,2.39346580796695,0.367903395223719,6.50569100214881,7.73370497227435e-11,1.36781552386176e-09
"Os05g0119300",14002.652429474,0.737555510680854,0.113385746433383,6.50483446007197,7.77789824147865e-11,1.37393551427156e-09
"Os05g0232500",2870.60867030547,1.3799922150821,0.212223860179297,6.50253093085868,7.89797748491038e-11,1.39428743621474e-09
"Os06g0268700",3368.69066434145,1.84253609500789,0.28347991903932,6.49970587423625,8.04771989593741e-11,1.41722968935709e-09
"Os11g0123033",40.8854303768288,9.4635639332884,1.45630625426936,6.49833364757218,8.12145313497448e-11,1.4293358428949e-09
"Os01g0591000",3757.47896805386,1.53504951587741,0.236226339857984,6.4982148764624,8.12786598258333e-11,1.42958634826874e-09
"Os01g0346600",559.554792515208,1.66821228783748,0.256740655179102,6.49765533500623,8.15814415982406e-11,1.43403157341889e-09
"Os07g0521600",837.421093678559,1.21725547158983,0.187440711087575,6.49408265966892,8.35408725254722e-11,1.46667468112735e-09
"Os04g0114801",139.038859976749,1.9685952773364,0.303183371927038,6.49308458054273,8.40964425374293e-11,1.47552435491882e-09
"Os06g0624900",4177.74646353335,2.79964270603173,0.431362351461025,6.4902342463345,8.57030161091517e-11,1.50003837358547e-09
"Os08g0203600",5785.52611856444,2.34985493243057,0.362092998477607,6.48964476615224,8.60389985112373e-11,1.50499962475212e-09
"Os06g0168500",3357.37511309429,2.53185272137157,0.390156393269146,6.48932777996283,8.62202013062878e-11,1.50724905907734e-09
"Os04g0398000",1700.78359709509,2.1540806308298,0.332055094204797,6.48711815726957,8.74937229026065e-11,1.52857935890578e-09
"Os01g0884300",11937.8445721111,1.79283435782964,0.276795519697435,6.47710757670277,9.34975356602536e-11,1.63048776125234e-09
"Os06g0725100",537.002562429086,2.15860458472964,0.333288559769198,6.47668370682891,9.37604459106146e-11,1.63407803906991e-09
"Os01g0131300",2346.11165119942,1.04276292962714,0.161123991788564,6.47180421768291,9.68395484297327e-11,1.68569060851075e-09
"Os01g0755100",2329.27436245496,1.22592035406817,0.189457787372963,6.47067809176322,9.75640864473106e-11,1.69727152695103e-09
"Os06g0147250",43.4271167650651,9.48416762333559,1.46579899365326,6.47030572704782,9.78048260198318e-11,1.70042710868945e-09
"Os07g0129100",38.7200696571589,8.33345245350254,1.28811223186137,6.46950805013347,9.83224927412726e-11,1.7083905773335e-09
"Os09g0133600",2331.9056293933,1.66332049518016,0.257134171812244,6.46868708059034,9.88580725891934e-11,1.7166554520155e-09
"Os12g0495525",114.377741011262,10.7762408761183,1.66663321406892,6.46587430584629,1.0071477053066e-10,1.74677942206082e-09
"Os07g0585900",213.813308888419,2.02195010307085,0.312733297640042,6.46541355950568,1.01022138850518e-10,1.75105040674232e-09
"Os03g0396900",1147.42141651919,1.32061069581039,0.204324608781009,6.4632973173867,1.0244572395108e-10,1.7735799895144e-09
"Os07g0256866",47.3747763006234,8.37358927047856,1.29579485242524,6.46212574066517,1.03242252050942e-10,1.78629046241763e-09
"Os11g0640500",46.4963407185673,8.33447861024288,1.29247752973103,6.44845145739389,1.12998743151726e-10,1.94803850107295e-09
"Os03g0598900",3550.38680085759,1.15217530041125,0.178709972591185,6.44717966045997,1.13950681779248e-10,1.96208830188642e-09
"Os03g0227700",1502.36905621616,1.39791042013681,0.216857284122742,6.44622303461842,1.14671876552157e-10,1.97332048466812e-09
"Os11g0671100",552.685473279326,1.87398515933499,0.290801867327551,6.44419919499411,1.1621237303695e-10,1.99623316082415e-09
"Os04g0452000",5372.89599362709,1.10258064042419,0.17116124666195,6.44176565622842,1.18091523310704e-10,2.02608282987921e-09
"Os04g0657100",34.5735136376881,8.21417649648974,1.27584740738094,6.43821231988222,1.20888820528876e-10,2.06911976451216e-09
"Os01g0638000",4556.90711732636,1.84353982770971,0.286368351152924,6.4376521367937,1.21335683948461e-10,2.07552836805451e-09
"Os06g0608500",6036.80168785768,0.72586966817196,0.112765266902492,6.43699685293716,1.21860459364578e-10,2.08326126593907e-09
"Os01g0275500",56.8972865929007,6.72661433281974,1.04570573019279,6.43260731829364,1.25433407992582e-10,2.14051102191988e-09
"Os06g0554600",1975.70300390711,2.58361011496897,0.401660689860982,6.43232006563345,1.25670759507233e-10,2.14328488178646e-09
"Os12g0634000",299.086921587441,2.18080550132858,0.339049420302015,6.43211688545578,1.25838908501213e-10,2.14487591099152e-09
"Os02g0556100",2843.14953814535,0.841950777943833,0.130907989113745,6.4316225743279,1.26248912091562e-10,2.15058491631833e-09
"Os07g0538400",1439.62728413718,1.49471930071905,0.232464232839605,6.42988937463928,1.27696845877346e-10,2.17266628745707e-09
"Os04g0593200",282.847010328063,2.12551359933852,0.330645992351318,6.42836643572598,1.28982512729933e-10,2.18804437817528e-09
"Os04g0518400",1359.00295958183,3.14208078763497,0.488848805640684,6.42751041094796,1.29710714997907e-10,2.1990955065799e-09
"Os11g0515500",2217.17205540007,1.0998954485646,0.171129968593596,6.427252091518,1.29931250048478e-10,2.20153174239444e-09
"Os05g0313500",6890.5332508803,1.11182269081638,0.173025181739026,6.42578542407399,1.31190352600013e-10,2.22155199922907e-09
"Os03g0833600",1126.11614279429,2.13128672172703,0.331846567277197,6.42250645897666,1.34048560553849e-10,2.26593472388724e-09
"Os04g0650000",21381.2070985265,0.85859226011792,0.133725688813784,6.42054842068176,1.35784270783146e-10,2.29392153683886e-09
"Os12g0143800",308.746139485108,1.95531385647547,0.304724564261038,6.4166597832936,1.39296740148904e-10,2.35048396475074e-09
"Os09g0286400",5619.34691635326,1.03646556714081,0.16168522000017,6.41039154438312,1.45146378889344e-10,2.44487598350234e-09
"Os02g0817700",32136.2141484569,0.98925149706749,0.154399851881913,6.40707542792257,1.48337444007956e-10,2.49422796110091e-09
"Os07g0120400",293.551802802599,1.75317288405859,0.273643119951132,6.4067859055681,1.48619280433524e-10,2.49603729365846e-09
"Os02g0174200",5992.52815056897,0.839044016022863,0.130985237189391,6.40563802476224,1.49741847713068e-10,2.513417352475e-09
"Os04g0490500",1202.22455632841,1.48837689277199,0.232549246178338,6.40026539424075,1.55107108244489e-10,2.59738682958568e-09
"Os06g0623600",2531.49984990848,1.56507619779185,0.244542040226717,6.40002919882756,1.5534724086421e-10,2.59988851941667e-09
"Os01g0969200",1307.98658774778,0.942403537871339,0.147325901431102,6.3967267718505,1.58743008548384e-10,2.64898350665597e-09
"Os03g0335300",10982.4480648862,1.07997787888777,0.168879820604698,6.39494923088359,1.60600707869851e-10,2.6768653181425e-09
"Os07g0129900",323.250531990359,3.64363360983072,0.569978087345644,6.39258541814987,1.63104056655060e-10,2.71701013446556e-09
"Os06g0271600",1524.0251262829,3.75785003121333,0.588069851884856,6.39014229205737,1.65731462097696e-10,2.75757134263833e-09
"Os10g0543500",973.974245046852,2.91145656110143,0.45589484587096,6.3862458360091,1.70007622060273e-10,2.82543989980914e-09
"Os03g0390200",2319.16386821594,0.938526559614209,0.146986169417669,6.38513516837994,1.71246140967583e-10,2.84437358319025e-09
"Os01g0142500",4529.66798362551,1.00189088394617,0.156939550181418,6.38392860682992,1.72601583244105e-10,2.86488298998852e-09
"Os12g0556500",732.247037123431,1.53437602941192,0.24035245743963,6.38385829609135,1.72680892213813e-10,2.86488298998852e-09
"Os02g0520100",1223.48829749075,1.05577712586062,0.165410914245768,6.38275370567113,1.73931529637544e-10,2.87753422289322e-09
"Os06g0528600",7847.28446890444,0.815013846585363,0.127775591863751,6.378478351753,1.78856120331106e-10,2.95535499407547e-09
"Os04g0269900",462.619314766402,3.63982095198542,0.57069117373483,6.37791702325618,1.79512722576519e-10,2.96449482839333e-09
"Os12g0477200",33.8427849114157,8.44832817621592,1.3246438440601,6.37781107284006,1.79636919799168e-10,2.96483699659318e-09
"Os04g0617900",59.0570757854883,10.0677558876476,1.57943430611777,6.37427960672449,1.83824952567173e-10,3.03221217095835e-09
"Os01g0946700",4224.20660006712,1.59287341040725,0.249905401948388,6.37390547778646,1.84274188107503e-10,3.0378734393879e-09
"Os08g0348300",44.5499289960361,5.91359109474668,0.928164925644454,6.37127188429437,1.87466967890751e-10,3.08873120414364e-09
"Os02g0193200",229.26186719891,2.60760593581133,0.409378003282337,6.36967769373025,1.8942584279752e-10,3.11742059037021e-09
"Os06g0587200",311.019226786758,1.53721621617292,0.241468324188637,6.36611953695438,1.93870361617976e-10,3.18507660612285e-09
"Os02g0709800",6635.89830418645,1.25927167181247,0.197848828897318,6.36481741555324,1.95522181430105e-10,3.21037337669649e-09
"Os08g0127100",16007.6459673769,1.83197160141318,0.287956335005557,6.36197707328724,1.9917317768042e-10,3.26825553401445e-09
"Os05g0299600",34.1718658325109,8.50363985648054,1.3366513595268,6.36189818375001,1.9927552763937e-10,3.26825553401445e-09
"Os07g0674500",989.416769969631,1.10521738007248,0.173931787540714,6.35431507776445,2.09357328034015e-10,3.42967762311641e-09
"Os07g0661700",2094.49407464176,0.96420900282582,0.151811785209189,6.35134486757526,2.13440594784818e-10,3.49257562637042e-09
"Os07g0616900",2090.47952220003,1.00604294142622,0.158417449010947,6.35058162915312,2.14502350137276e-10,3.50594485803378e-09
"Os04g0411800",2704.39162131198,1.9929923130654,0.314225600174555,6.34255233169506,2.25989405836616e-10,3.68528654298846e-09
"Os07g0106200",9250.61451745418,1.38635902431213,0.218598690032317,6.34202805198499,2.26760012311476e-10,3.6957496432016e-09
"Os07g0186000",35318.6274198266,2.12752912401955,0.335471976632835,6.34189819779812,2.26951273228702e-10,3.696764002586e-09
"Os02g0614100",2306.60436351942,0.940380666122556,0.148379105640363,6.3376892727863,2.33236603463355e-10,3.79698588774548e-09
"Os03g0341300",161.958881633153,1.69338109704752,0.267304698833245,6.33502181008765,2.37307702667543e-10,3.85992633368599e-09
"Os04g0584100",1040.4234106708,1.83307406874756,0.289401806792002,6.33401045096106,2.38869322979931e-10,3.88206684175892e-09
"Os02g0625900",487.266107632028,1.69538048798178,0.267667981387121,6.33389350192692,2.39050547901587e-10,3.88280969301376e-09
"Os08g0121900",3983.51485485162,0.808125526309533,0.127623029239473,6.33212932748337,2.41800670824408e-10,3.92525372264076e-09
"Os02g0125300",8553.74283399339,0.980669856241034,0.154932219734904,6.32967021268402,2.45685736269985e-10,3.98606325912095e-09
"Os05g0424300",1469.05134224383,2.57449789576191,0.406806969208529,6.32854914155176,2.47477044976173e-10,4.01285358950612e-09
"Os08g0414700",6280.11558877309,1.2978984094857,0.205210633920304,6.32471322119574,2.53703310713485e-10,4.11148600597443e-09
"Os01g0638600",296.026501975966,3.33428879596153,0.527813124311866,6.31717674756306,2.66384862328247e-10,4.3096889189322e-09
"Os02g0593700",73105.3990814329,1.91747156526081,0.303531500234526,6.3172078146066,2.6633133657583e-10,4.3096889189322e-09
"Os04g0420600",673.831563711903,2.50786555570738,0.397084082493716,6.31570406941979,2.68934244111063e-10,4.34847853401251e-09
"Os06g0591400",406.875602339569,8.03475102021898,1.27265002615151,6.31340184270143,2.72967485408396e-10,4.40871724460053e-09
"Os05g0217700",10902.7764163882,5.29639177322892,0.839185077989599,6.31135122888179,2.76609626418119e-10,4.46502479782082e-09
"Os03g0757200",211.838675150808,2.35276431027634,0.372867827614585,6.30991503162958,2.79188702925868e-10,4.50411864652701e-09
"Os01g0234200",54.1594540185596,8.22722711275095,1.3045144664817,6.30673505288133,2.849830507234e-10,4.59242652943019e-09
"Os01g0758200",552.553819171872,1.29649631445133,0.205603171374607,6.30581865923227,2.86674528700656e-10,4.61708746280563e-09
"Os07g0451201",74.573648724687,10.3548127376333,1.64224314401276,6.30528602015151,2.87662174209054e-10,4.63039135698754e-09
"Os01g0153625",49.609350715348,8.50052506113168,1.34838406216039,6.3042313385936,2.89627629970793e-10,4.65809313249613e-09
"Os05g0379300",36.3067236164707,8.92731627282861,1.41609291844127,6.30418820444011,2.8970829129234e-10,4.65809313249613e-09
"Os01g0620800",131.882547313481,5.04021128813597,0.79959998292235,6.30341595270573,2.91156127863933e-10,4.67874670530422e-09
"Os05g0100600",2124.95771826179,1.35671597655875,0.215261396068947,6.30264414026286,2.92610199802187e-10,4.6994772672266e-09
"Os03g0101100",3448.41657878361,1.28891469227487,0.2045554252302,6.30105356934125,2.9562918906077e-10,4.74530393555696e-09
"Os01g0128800",3349.8335901392,1.23297394752876,0.195914526507836,6.29342790198584,3.10530773436308e-10,4.97891870201293e-09
"Os11g0685300",42.4941561779439,9.59287516607352,1.52442638805084,6.29277690367138,3.11836367311184e-10,4.99705570257273e-09
"Os09g0272900",95.5980147245199,10.5864813486697,1.68264986940658,6.29155330597878,3.14304844619313e-10,5.03379676245531e-09
"Os05g0127200",8837.47453330777,1.52400684719419,0.242277411514751,6.29033816097792,3.16775148468184e-10,5.07052600777117e-09
"Os10g0524700",6741.76084448151,2.74525249617321,0.436639232057079,6.28723278767205,3.23174601595404e-10,5.16718676613365e-09
"Os02g0706600",173.228219692434,1.99843709982551,0.318065088496042,6.28310736420349,3.31871696230067e-10,5.29737484143948e-09
"Os04g0633900",978.304613715806,1.86929865926101,0.297874803657778,6.27545074745097,3.48622828102845e-10,5.55547345428404e-09
"Os09g0413600",4393.65275323653,1.82269402506866,0.290596539729111,6.27224958276429,3.55868524010487e-10,5.66463608330471e-09
"Os02g0534400",4340.79899403845,1.59828271745173,0.254887326997054,6.27054603413141,3.59784158528264e-10,5.72378440319368e-09
"Os04g0632500",94.5589280748679,5.93088358364587,0.945872256517807,6.27027967336752,3.60400183538944e-10,5.73040291828958e-09
"Os07g0232900",595.784298156458,1.64549102117085,0.262638939791401,6.26522107680519,3.72296835436937e-10,5.90318147700007e-09
"Os09g0514900",1627.22102378093,0.739333754005646,0.118012251130726,6.26488984763679,3.7308904438019e-10,5.91247085153828e-09
"Os10g0509100",13023.3036714934,1.15742447386844,0.184813750202226,6.26265346924659,3.7848107754808e-10,5.9912927259158e-09
"Os02g0226400",30.0626436325541,8.24406588161251,1.31642248963896,6.26247724153777,3.78909191360613e-10,5.99144931063151e-09
"Os12g0487832",38.6480903493455,8.21457639263684,1.31212897754387,6.26049461083727,3.8375833606321e-10,6.06477873407782e-09
"Os06g0275800",1460.82599202144,1.66922090740847,0.266640503675434,6.26019259789697,3.84502300677454e-10,6.07318628390872e-09
"Os06g0469800",81.3439219654164,9.25358997547219,1.47871469978583,6.25786027339313,3.90295256043668e-10,6.15112193408315e-09
"Os11g0479300",1719.39507073239,0.906235020612027,0.144894018707404,6.25446811881215,3.98872930504734e-10,6.28285167939617e-09
"Os03g0654500",1469.42651348871,0.978875206681214,0.156697438621844,6.24691261893258,4.18645107599726e-10,6.58705086378217e-09
"Os08g0458200",2176.03821527106,2.93398927860395,0.470033374822903,6.24208712776919,4.31770314043946e-10,6.78239201644032e-09
"Os10g0174800",45.7208640340912,8.74710705676793,1.40388287111658,6.23065302435874,4.64494860251877e-10,7.26457791262925e-09
"Os07g0271500",94.7335556406317,9.2255302450116,1.48073048609089,6.23039123707574,4.65271754205072e-10,7.27275848417006e-09
"Os08g0114000",30.5614531411249,8.38496802348634,1.34586498068314,6.23017029481685,4.65928421011136e-10,7.27905186412818e-09
"Os01g0575200",1835.14605386707,1.33971374020841,0.215162327869606,6.22652558871883,4.76892365231115e-10,7.43412407432095e-09
"Os03g0743500",4259.06145153113,1.06222913725474,0.170730406168294,6.2216752193963,4.91874424092376e-10,7.65934021689933e-09
"Os03g0138000",986.31928899725,0.795425064463704,0.127857669617452,6.22117599079978,4.93442290026561e-10,7.67537088118607e-09
"Os09g0484300",2632.7056249271,1.54023785149453,0.247583210434023,6.22109168386029,4.93707543418468e-10,7.67537088118607e-09
"Os01g0120400",1263.70257579481,2.15055276338904,0.345760866403606,6.21976913049121,4.97886928996522e-10,7.73614766247741e-09
"Os06g0215600",7831.64182639436,1.24059976842204,0.19953107866105,6.21757661386419,5.04891660943518e-10,7.84073488853858e-09
"Os04g0365100",280.425438706586,2.34446238455024,0.377114693300786,6.21684178897879,5.0726075385716e-10,7.87325846127593e-09
"Os01g0183300",506.855988374903,1.62185653891178,0.26091283493829,6.21608568737285,5.09709767048884e-10,7.90698659744701e-09
"Os05g0363100",4741.81360654522,0.734914180765458,0.118270010074687,6.21386757557022,5.1696099790259e-10,8.01079854618983e-09
"Os03g0571900",1485.1642470386,2.1862974931617,0.351878296312389,6.21322063927681,5.19094793786483e-10,8.03517235633188e-09
"Os04g0634400",661.954408073349,2.81231353294688,0.453168933063908,6.20588334229495,5.43905153235221e-10,8.4010622374639e-09
"Os12g0138050",1233.22304771703,1.38334930515049,0.223224068860273,6.19713327605545,5.75008100938479e-10,8.86713245860565e-09
"Os05g0373900",172.700183446531,2.50965382166376,0.405067617742896,6.1956416947076,5.80480438573988e-10,8.94670550081866e-09
"Os08g0180000",3368.78793442827,0.828777349143714,0.133783058881389,6.19493496466171,5.8309101226422e-10,8.97942640700048e-09
"Os07g0658100",1801.39977618842,1.38193075915889,0.223196276494519,6.19154934331007,5.95756814022605e-10,9.15261353103253e-09
"Os01g0114100",2377.85464560215,1.40932156551703,0.227685618557959,6.18976979944072,6.02521416668546e-10,9.2496421143072e-09
"Os12g0172400",32.6192304560108,9.21096912096647,1.48913439857848,6.18545185025555,6.19248349330006e-10,9.48807684759536e-09
"Os01g0951500",424.068096304528,2.28088743178671,0.368787914297322,6.18482152847294,6.21727689201892e-10,9.52097367771919e-09
"Os08g0515000",45.6609325399346,8.75429166725107,1.41555351752013,6.18435937525518,6.23551697579165e-10,9.53870968448384e-09
"Os08g0246100",540.201183006857,1.61941051385637,0.261877564880489,6.18384593042711,6.25584264291438e-10,9.55959484825508e-09
"Os02g0629000",645.625730170698,2.05314065270629,0.332103094270585,6.18223885331664,6.31988047554594e-10,9.6471611819575e-09
"Os06g0284500",386.495863805492,2.3736372484815,0.384009472040793,6.18119453113215,6.36183635951578e-10,9.69570932834288e-09
"Os09g0482680",456.86165526645,1.38816547331723,0.224889409118786,6.1726582801594,6.71512464117212e-10,1.02015774771402e-08
"Os12g0409800",60.6916449929101,8.43556132742319,1.36735547222226,6.16925261849688,6.86135324255426e-10,1.03961656851224e-08
"Os01g0348900",819.511199479491,2.65060653672035,0.429730163943722,6.16807187188163,6.91277244778218e-10,1.04685389098232e-08
"Os02g0181800",5249.21775218147,0.83752524932558,0.135824858879813,6.16621475798239,6.99440761837279e-10,1.05865698405503e-08
"Os12g0639800",824.524672946582,2.3135355189964,0.375268243952108,6.16501810713208,7.04750754178028e-10,1.06556826431181e-08
"Os12g0528400",7987.04733142383,1.16906737189067,0.189635968979033,6.16479762876592,7.05733381206584e-10,1.06649118345628e-08
"Os05g0489900",1121.34115209095,1.8167429095904,0.2948324321902,6.16195069210839,7.18542278284089e-10,1.08470354886173e-08
"Os10g0560000",2806.04082158135,1.27690878599993,0.207252788858338,6.16111750791796,7.22333634426781e-10,1.08985272741422e-08
"Os06g0193300",3343.42850940216,0.868658535545511,0.141100036748594,6.15633103691708,7.44495228680857e-10,1.12151825931461e-08
"Os12g0149900",8792.90638788687,1.3474275588106,0.218933812647961,6.15449729995439,7.53160071654295e-10,1.13397490136831e-08
"Os04g0681900",4166.39352531126,0.623217077247453,0.101287010121186,6.15298128063803,7.60397836366194e-10,1.14358228855365e-08
"Os11g0111200",33.0501876950003,8.00028971151614,1.3013448932122,6.14770899954775,7.86100832831057e-10,1.18046965735196e-08
"Os03g0134500",286.828084553197,2.33181510573637,0.379463245401479,6.14503547838809,7.99456435568447e-10,1.19989658417533e-08
"Os11g0501500",28.0397579254107,8.77924801879722,1.42973668617435,6.14046495672465,8.22802856359779e-10,1.23364455470541e-08
"Os08g0141300",9157.71579511582,0.830957095150687,0.13541139056268,6.13653764057648,8.43393880089147e-10,1.26187579385453e-08
"Os01g0623500",4485.01643306797,2.17020064306747,0.353776003482845,6.13439187989669,8.5485558786757e-10,1.27823507956777e-08
"Os03g0720300",10356.6088168618,1.17924093505806,0.192236490274108,6.1343240993247,8.55220105937254e-10,1.27823507956777e-08
"Os05g0474800",856.134197106034,2.10419784154369,0.343114877900933,6.1326336369221,8.64360462849803e-10,1.29122293960232e-08
"Os04g0439100",3725.69164875017,1.38295879053384,0.225569726999111,6.13095918912599,8.73508127081761e-10,1.30420817390029e-08
"Os02g0564400",2926.24546618855,1.07484644237085,0.175321309562784,6.13072332765083,8.7480422310263e-10,1.30546305210086e-08
"Os05g0569800",242.896827075645,2.54239591621336,0.414738975789425,6.13011090017305,8.78178372673397e-10,1.30981607151682e-08
"Os02g0636700",2935.21635521281,1.47664980008965,0.241037160584554,6.12623296967376,8.99840238772333e-10,1.34003235557718e-08
"Os05g0162000",34291.7272785728,2.51230150467406,0.410117224600479,6.12581319187813,9.02216113304286e-10,1.34287252355296e-08
"Os07g0205700",1438.13449236073,0.854377735933583,0.139475389838156,6.12565225252269,9.03128625500908e-10,1.34353278181994e-08
"Os08g0193900",38.1932862854247,8.09274746887334,1.32233139003995,6.12006001659604,9.35401194193451e-10,1.38793966939569e-08
"Os01g0916000",12521.9336315299,2.04109501765955,0.333566713551385,6.11900089169158,9.41638776794364e-10,1.39647175117557e-08
"Os01g0328600",2325.67797716889,0.980335588555789,0.160229843017233,6.11830836313278,9.45739249192124e-10,1.40182726165819e-08
"Os01g0804400",777.813765032683,1.41396350485722,0.231219654796685,6.11523923474645,9.64122161069178e-10,1.4283365128725e-08
"Os03g0113200",71.4327541273207,6.19856330707447,1.01393645683917,6.11336466428849,9.75521042047622e-10,1.44373083144362e-08
"Os02g0188000",1183.89145296467,1.85115343408529,0.303131003392417,6.10677698212508,1.01663135509615e-09,1.50379564203484e-08
"Os02g0725300",2353.58066308881,1.47968289607072,0.242307869176974,6.10662336760515,1.01760986152229e-09,1.50446634428982e-08
"Os10g0183500",269.598899404749,2.12492927252631,0.34808896532926,6.10455798423923,1.03085562865941e-09,1.52091016850409e-08
"Os03g0321500",3267.36278129925,1.21090295741369,0.198369380225081,6.10428361493963,1.03262782150834e-09,1.52274072783618e-08
"Os01g0307686",303.091716694139,2.75315642127397,0.451308882853291,6.10038163633697,1.05815514773564e-09,1.55797848370615e-08
"Os04g0521100",5288.20844334908,1.50657645484363,0.246987947902417,6.09979745019325,1.06202955688498e-09,1.56287985946937e-08
"Os02g0665300",85.3999092679709,2.12810284125223,0.3489643919185,6.09833808415973,1.07176882526699e-09,1.57559365733966e-08
"Os05g0522600",2792.39772613739,1.95843722260234,0.321274447744818,6.09583873336197,1.08865122063789e-09,1.59877164396293e-08
"Os07g0190800",2002.76220641392,2.54342285088496,0.417286146680209,6.09515286121909,1.09332924855697e-09,1.60481914086344e-08
"Os06g0120200",33.3157053092213,8.49321857903333,1.39378528849876,6.09363482963818,1.10375286731812e-09,1.61928966484377e-08
"Os01g0779400",10620.0959953149,1.28798299526471,0.211498373420883,6.08980094944565,1.13051159186578e-09,1.65512758339614e-08
"Os11g0209400",28.048525852043,8.45237669406711,1.38797414956393,6.0897219856167,1.13106931742623e-09,1.65512758339614e-08
"Os08g0104900",1051.67207469644,1.65824231290868,0.272390317342714,6.08774323950116,1.14513321875164e-09,1.67485232178009e-08
"Os06g0168901",44.137380589077,8.36582891789903,1.37465264203913,6.08577662607865,1.15927975834327e-09,1.69295023629212e-08
"Os11g0475000",200.594891208115,4.35336975286346,0.716023839066415,6.07992292343169,1.20240332271917e-09,1.75413747467157e-08
"Os12g0224500",803.578900036451,1.19348426487585,0.196380981350249,6.07739230484466,1.2215266450711e-09,1.77841369078136e-08
"Os07g0501900",5563.0095633636,0.773412169436254,0.127309653562865,6.07504731802877,1.23951165979304e-09,1.80368146655106e-08
"Os08g0230800",178.996386320068,2.57832095747006,0.42443640628023,6.07469321509555,1.24224981019801e-09,1.80674830262911e-08
"Os03g0220300",420.84197560715,1.26479024496571,0.208293057582345,6.07216706906182,1.26195539356804e-09,1.83447721646431e-08
"Os10g0481000",1581.79381342523,1.30237200364361,0.214581464252051,6.06935929057609,1.28421552088284e-09,1.8658896097533e-08
"Os01g0182600",38660.4509885184,0.705148013482941,0.116193842105337,6.0687210329415,1.2893287830471e-09,1.87236940151371e-08
"Os11g0100200",521.205444667579,0.903318654060495,0.149046435781538,6.06065250285163,1.3557044191244e-09,1.96279146118001e-08
"Os04g0588700",936.223848737015,2.67852023265803,0.441965708065599,6.06047071928138,1.35723758153725e-09,1.96381838731822e-08
"Os07g0459400",5651.16429745115,0.68707222421838,0.113370660901014,6.06040591770278,1.3577845264824e-09,1.96381838731822e-08
"Os03g0395300",2640.57516300414,1.351421626331,0.223010077030867,6.05991282691656,1.36195340502907e-09,1.96885413526201e-08
"Os02g0302200",464.640894873124,1.80067897885876,0.297264044206994,6.05750683256159,1.38247471727547e-09,1.99650532254923e-08
"Os05g0231700",4659.71980544328,1.33514806154073,0.220424464712247,6.05716821535078,1.38538695200286e-09,1.99970312084564e-08
"Os12g0573200",7969.31944602111,1.04926480889212,0.173248463952267,6.05641622993674,1.39187570882482e-09,2.00805754326529e-08
"Os04g0477300",584.716703346103,2.02494107690495,0.334516141120708,6.05334340555563,1.41869981167239e-09,2.04572657292589e-08
"Os07g0589200",1089.82924894662,1.3435669435527,0.222046143801332,6.05084565104992,1.44087450695207e-09,2.07352769327929e-08
"Os05g0216950",109.46886146651,5.77670780945708,0.955473597060976,6.04591045448682,1.48568599619399e-09,2.13479815260532e-08
"Os02g0725100",6350.54420092073,0.728330434885547,0.120502036244939,6.04413383857766,1.50214780635875e-09,2.15737037332286e-08
"Os10g0523700",2785.1258789077,1.66734736151073,0.276059857294889,6.03980375071215,1.54301781865938e-09,2.20942261570358e-08
"Os02g0792900",11202.7357215914,0.805049308081168,0.133294679818741,6.03962070486162,1.54476918111032e-09,2.21082550335529e-08
"Os10g0529500",5902.06778161927,2.18674675290716,0.362102347577517,6.03902948306359,1.55043917004664e-09,2.21783240639922e-08
"Os03g0324200",6328.24553707287,0.897752839859875,0.14868455903883,6.03796954884483,1.56065506453613e-09,2.23133178189068e-08
"Os08g0412700",1237.14007577077,3.48973371798697,0.578765934351176,6.02961147307181,1.64354318942454e-09,2.34866830241357e-08
"Os12g0150700",370.280245116678,5.77669813116679,0.958265622245033,6.02828484823768,1.65708804905849e-09,2.3656645132847e-08
"Os07g0658400",29473.9767643666,0.996828300602013,0.165467089445189,6.02432969567772,1.69811901341367e-09,2.42182707677095e-08
"Os03g0273800",27951.2623252336,1.2825992731143,0.212975304413293,6.02229106631694,1.71965282476455e-09,2.45131804652507e-08
"Os12g0273900",65.3123994161804,6.73301088217279,1.11824858676435,6.02103231952632,1.73308145020715e-09,2.46800445881388e-08
"Os10g0391200",1551.1524655434,1.87955072525136,0.312181443065894,6.02069971485985,1.73664679286419e-09,2.47095743390279e-08
"Os01g0939300",291.477276731585,2.19824415884589,0.365272962609109,6.01808615437629,1.76491258522548e-09,2.50834699364487e-08
"Os09g0437500",20064.4445492729,1.44138226986103,0.239676696396472,6.01386071959495,1.81156173164267e-09,2.56827643419227e-08
"Os11g0668650",1316.60497476499,2.95587462059202,0.491586067197576,6.01293408790613,1.82195130214829e-09,2.58172842280677e-08
"Os08g0269800",1375.85725051974,1.3033773298793,0.216795659310696,6.01200842315478,1.83238799014548e-09,2.59523384545963e-08
"Os03g0563400",927.452941033186,8.04763564413751,1.34028066875871,6.00444058600858,1.91992701605162e-09,2.71518997353954e-08
"Os03g0309800",1587.14479627025,1.55311617193003,0.258696712019521,6.00361774916118,1.92968704153254e-09,2.7263014356011e-08
"Os04g0591100",5141.00107438575,1.61865587925417,0.26966831641585,6.00239546405621,1.94427439057934e-09,2.74285326631607e-08
"Os08g0335500",349.182225718185,2.463878261827,0.410478516287401,6.00245363414316,1.94357773195781e-09,2.74285326631607e-08
"Os05g0406100",575.912916218829,1.92830880121764,0.321291737369696,6.00173791272701,1.95216631805551e-09,2.75263136539993e-08
"Os01g0136400",2291.22258730851,0.910869317923958,0.151875287643165,5.99748209243934,2.00400456982579e-09,2.82294685027771e-08
"Os05g0114400",2457.67390649872,1.91283506870337,0.318936532772677,5.99754142955693,2.00327267569971e-09,2.82294685027771e-08
"Os03g0351100",6064.56068136748,1.64514294797478,0.274466712768855,5.99396164066078,2.04789698406326e-09,2.87911405237392e-08
"Os08g0498600",699.72485249849,2.13905104443326,0.356863297740232,5.99403485306106,2.04697471979297e-09,2.87911405237392e-08
"Os02g0562600",5945.65958443526,2.05616656306584,0.34304918141598,5.99379527617222,2.04999420027954e-09,2.87923695227497e-08
"Os04g0504000",2184.95272103504,1.59649716322039,0.266356535222303,5.99383514989765,2.04949135542654e-09,2.87923695227497e-08
"Os05g0318600",1754.56251307817,2.51191603146549,0.419120584659111,5.99330150655459,2.05623106400296e-09,2.88658169749205e-08
"Os06g0667300",283.547249736629,3.58260884794196,0.59794174742177,5.99156834823727,2.07826945626034e-09,2.91609091384775e-08
"Os04g0512900",898.180859874325,1.60877981171061,0.268517550301858,5.99133952288063,2.08119628129135e-09,2.91876827467253e-08
"Os06g0343100",2238.00881750007,1.01511320236806,0.169490240571385,5.98921329597456,2.10858481170944e-09,2.95140068515382e-08
"Os08g0109500",4161.75342866838,0.708971215561352,0.118427714984839,5.98653124103688,2.14363430118016e-09,2.99314863535155e-08
"Os07g0141100",719.909628541931,2.0744192733517,0.346610712754461,5.98486774071872,2.16565765241616e-09,3.021870943166e-08
"Os02g0802650",31.269073384538,8.11564968984699,1.35617527508806,5.9842188830054,2.17430760589771e-09,3.03154557295286e-08
"Os10g0100500",1153.02927320009,1.50303895420154,0.251303863835818,5.98096237463149,2.21823113346102e-09,3.08827786374757e-08
"Os05g0425700",6790.53344521043,1.2768060242773,0.213540069058402,5.97923392039412,2.24189429300734e-09,3.11970642463556e-08
"Os01g0220400",2275.84847836371,1.95224817987251,0.326509072085901,5.97915447616996,2.24298780308455e-09,3.11971293854265e-08
"Os08g0334900",1000.97780792015,2.44144769191395,0.408334696517157,5.97903561156568,2.24462488529965e-09,3.12047511953448e-08
"Os03g0405500",9477.30052938477,0.983634403441009,0.164581758818573,5.9765700069187,2.27884648926969e-09,3.16497865295953e-08
"Os09g0392100",1707.33284836753,0.84846706558886,0.14197528845067,5.97616018145064,2.28458374477022e-09,3.17140956662579e-08
"Os12g0227400",5656.27379549439,2.83586405760015,0.474541642643093,5.97600674580424,2.28673534895124e-09,3.17285913889351e-08
"Os06g0677300",2428.74232908523,1.31475305373787,0.220036106558525,5.97516959512357,2.2985093912871e-09,3.18765203674531e-08
"Os10g0161550",29.8696906998166,8.71740805074282,1.45898578012889,5.97497807687522,2.30121127359517e-09,3.18985512390173e-08
"Os02g0451501",46.604482223333,7.71127562012916,1.29072457224788,5.97437732722441,2.30970655770347e-09,3.20008279938684e-08
"Os05g0316200",3759.63149223615,1.58220854635517,0.264849777012729,5.97398481584949,2.315273607242e-09,3.20477312122799e-08
"Os08g0527400",128.647076950771,3.09062963605874,0.51745162705597,5.97278948303403,2.33230782590909e-09,3.22671578116598e-08
"Os10g0547900",613.167052967584,1.05712179654768,0.177043852923368,5.97096018354979,2.35861305918449e-09,3.26153384998813e-08
"Os09g0255333",59.6363700463513,6.95165242523932,1.16511145340542,5.96651282151664,2.4237770104076e-09,3.34679801938307e-08
"Os03g0324300",8798.17508551833,0.740770825581717,0.124234227235921,5.96269516109271,2.48111038315049e-09,3.41772955278979e-08
"Os10g0503300",358.503137548755,2.51176607018048,0.421294738016821,5.9620162407065,2.49144377920924e-09,3.43031461614143e-08
"Os01g0842200",5603.87987117437,0.808832122928124,0.135757347785878,5.95792519609214,2.55460392010762e-09,3.51558652828643e-08
"Os02g0529800",384.008037595461,4.51255936117352,0.757446392624073,5.95759568613213,2.55975842570606e-09,3.52098888206096e-08
"Os01g0253900",441.351262974019,1.34309693706091,0.225489783573625,5.95635383464005,2.57927581754214e-09,3.54613295221773e-08
"Os05g0171900",3277.82127218623,1.01202328181382,0.170024177451089,5.95223160014965,2.64510698295251e-09,3.62967458216261e-08
"Os07g0683600",9176.59384942945,1.75594954681321,0.295226418499601,5.94780628284314,2.71759939082805e-09,3.7184650308503e-08
"Os12g0582600",33.8975034020024,8.94343229088284,1.50372944741491,5.94750093260306,2.72267216106421e-09,3.72362781664973e-08
"Os03g0168200",556.935009007645,1.51079294769867,0.254170796231049,5.94400682573035,2.78138011164615e-09,3.800291032851e-08
"Os09g0362800",9868.57825143897,3.17981466851073,0.535034951895687,5.94319054716763,2.79527183413202e-09,3.81563261512867e-08
"Os01g0690800",277.624898452335,2.71094213039332,0.456268770612553,5.94154652915168,2.82345570000048e-09,3.85226917697208e-08
"Os08g0535100",648.887510595021,7.96187967999722,1.34121066368036,5.93633788904523,2.91458822342906e-09,3.9690485635784e-08
"Os02g0226300",1134.22350700312,1.0668960024938,0.179783221773022,5.93434688716817,2.95017497684725e-09,4.01178991156276e-08
"Os08g0374400",165.657533580912,2.6224702206099,0.442199502959927,5.93051372300515,3.01988341470438e-09,4.09880149683136e-08
"Os10g0101100",1088.92284227096,1.81344417143487,0.30582927140831,5.92959648069056,3.03680035208601e-09,4.11396707744532e-08
"Os01g0801100",544.894107128312,1.41910703355254,0.239334145090735,5.9293964637371,3.04050155243441e-09,4.11703452175571e-08
"Os10g0493100",431.79648371789,1.81935369960595,0.307107642418852,5.92415638137915,3.13904636180911e-09,4.24445287204128e-08
"Os10g0562100",3516.4783295129,1.50919204809461,0.254939753058314,5.91979881517108,3.22335680972864e-09,4.35229120227828e-08
"Os04g0388500",5795.95593134666,1.05526781285452,0.178282013064847,5.91909298483569,3.23721913739364e-09,4.36894972796055e-08
"Os11g0406945",521.723921393582,1.27780120567686,0.215975145875631,5.91642709857309,3.29010199118542e-09,4.43822986117912e-08
"Os10g0106550",26.7232094363922,8.48324121574542,1.43570220023705,5.90877496346021,3.44661146881475e-09,4.63843643985346e-08
"Os10g0131000",31.7997090717214,8.07089042819005,1.36739744757339,5.90237347781568,3.58308886193205e-09,4.81758151441e-08
"Os06g0692100",1883.83666388464,0.957531082860206,0.1622390283535,5.90197742539396,3.59170320382542e-09,4.8268986958727e-08
"Os10g0159800",2884.52742274556,1.88794804241922,0.320031884663291,5.89924983382686,3.65157965991563e-09,4.9004712138596e-08
"Os01g0908500",3452.06460872849,0.486101395567331,0.0824369170492483,5.89664695098837,3.70962393116524e-09,4.96905773145144e-08
"Os03g0792900",3495.23851654487,0.564576649197936,0.0957550055222079,5.89605364355597,3.72297984121084e-09,4.98461768272772e-08
"Os12g0145200",23.0213293875304,8.2528174407307,1.39974467367724,5.89594487903992,3.72543330475882e-09,4.98557286538765e-08
"Os01g0854000",1645.73748346426,1.45524018395896,0.246875080654182,5.89464185734255,3.75494896191444e-09,5.02038253181394e-08
"Os04g0682900",680.159275527266,1.24535795047613,0.21129383205486,5.8939626318708,3.77042470004095e-09,5.03872241164054e-08
"Os04g0678400",1336.91901234424,1.70323335802973,0.289077033475664,5.89197051578682,3.81617278690489e-09,5.09273324128546e-08
"Os11g0182100",182.100923651775,2.15015190597328,0.364961878951513,5.89144244914121,3.82838992169966e-09,5.10505779034302e-08
"Os07g0484900",18.8097753426098,8.14024923173682,1.38171321875048,5.89141735149516,3.82897151732764e-09,5.10505779034302e-08
"Os04g0455401",1549.38638141933,0.809560587574805,0.137418685358682,5.89119729578067,3.83407462164652e-09,5.10710860341312e-08
"Os09g0506000",501.639481763325,1.02343837747557,0.173727183358999,5.89106642776039,3.83711259690342e-09,5.10878021033814e-08
"Os11g0705200",1067.67318122266,1.47795861070268,0.250912914589574,5.890324988334,3.85436869307728e-09,5.12937165787507e-08
"Os05g0176300",218.048988551611,2.46172065524415,0.417962517817444,5.88981200538985,3.86635192967853e-09,5.1405436421879e-08
"Os06g0297400",4205.9264772114,0.980882202052559,0.166577630889968,5.88843890270283,3.89860620936188e-09,5.18102342813714e-08
"Os11g0668100",1529.75101285659,1.65306211669782,0.280755839884492,5.88789931271925,3.91135276966137e-09,5.19314548453835e-08
"Os02g0176700",19343.7387665562,1.87956018848973,0.319357147158452,5.88544895648498,3.96974892974647e-09,5.26579844143962e-08
"Os04g0226340",31.556858865552,9.1634541335813,1.55760476011617,5.88304194248731,4.02793798719156e-09,5.33557462824838e-08
"Os12g0639200",2488.53362938678,2.44013620544809,0.414824501083597,5.88233385220499,4.04521337919872e-09,5.355982150684e-08
"Os05g0128300",538.961378489506,1.72445426069351,0.293307729865171,5.87933451834432,4.11919168852124e-09,5.44889567218424e-08
"Os04g0607400",23.8794250848006,8.23314553029799,1.40040762713762,5.87910646211362,4.12487023169355e-09,5.45388933449393e-08
"Os08g0316900",219.201117679682,4.48278343256991,0.763029444424635,5.87498092678477,4.22892035774071e-09,5.58630825679976e-08
"Os05g0594100",5962.16452021462,0.981248371412075,0.167068230729299,5.87333909701835,4.27103568136238e-09,5.63674409683993e-08
"Os05g0565500",818.724876053543,1.41300262483893,0.240686165347469,5.87072639924708,4.33889814244849e-09,5.71314841808061e-08
"Os12g0468000",130.479099529542,3.12702845231471,0.532748289076305,5.86961707138741,4.36802825395747e-09,5.74886290915891e-08
"Os08g0103000",2075.11473502849,1.35179441371047,0.230317902612456,5.86925461884335,4.37758717033729e-09,5.75879832894876e-08
"Os04g0102700",6117.21222097001,0.889633285875076,0.151620106735645,5.86751523283243,4.42374377502887e-09,5.81684748242896e-08
"Os04g0250700",755.108585183568,1.30682642133426,0.222880973747306,5.86333772399919,4.53654193001274e-09,5.9542372596759e-08
"Os08g0290100",1173.72238769584,1.3376290710192,0.228250295500212,5.8603607416489,4.61862721295272e-09,6.0536553936652e-08
"Os01g0256800",526.44492839184,1.72144757440068,0.293767859732729,5.85989078576146,4.6317168566841e-09,6.06803618553785e-08
"Os12g0118800",10589.6633338022,10.2052258234597,1.74165940918035,5.85948421928397,4.64307003886715e-09,6.07735234141716e-08
"Os07g0650100",387.313071193806,2.22043225104357,0.378967097257838,5.85916895453554,4.65189229887894e-09,6.08611955011322e-08
"Os03g0358100",3607.78270484405,1.35448654127368,0.231288716760547,5.8562586201556,4.73410820722494e-09,6.18521059523069e-08
"Os01g0372100",28.9224275652874,8.44426356348731,1.44190265147439,5.85633402841223,4.73196021691025e-09,6.18521059523069e-08
"Os01g0236800",1407.27018752248,1.32205442041847,0.22584937658339,5.85369966664633,4.8075645731736e-09,6.27831997039972e-08
"Os04g0686650",2186.33287607481,0.946658938614725,0.16172635562663,5.85346114395995,4.81446775148521e-09,6.2844706157428e-08
"Os02g0566300",1797.24492636237,1.69492921130945,0.289564753680586,5.85336851175987,4.81715125563195e-09,6.28511009910595e-08
"Os08g0171700",952.316747584529,2.00973017637572,0.343373664209646,5.85289550671154,4.83087665957352e-09,6.30014920573967e-08
"Os01g0284900",291.432543254183,1.79938759427699,0.307857809307519,5.84486584350239,5.06976678225002e-09,6.59069681692503e-08
"Os07g0170100",2408.60770394041,1.04050973079888,0.178027885310762,5.84464466891006,5.07650698273878e-09,6.59646612559781e-08
"Os09g0456200",1200.49238404433,1.12844910557521,0.193117202054154,5.84333810542041,5.11650218789317e-09,6.64542251529987e-08
"Os06g0125800",4379.0436847539,1.53220061485346,0.26223935248893,5.84275624657874,5.13441197627902e-09,6.66566252579731e-08
"Os02g0562300",9378.48996057282,0.373795899016375,0.0640034390295989,5.84024709740222,5.21234548443494e-09,6.75765261629095e-08
"Os01g0159300",3789.82387017182,0.966736889852437,0.165533344906454,5.84013384372049,5.21589012630316e-09,6.75918968334862e-08
"Os02g0102200",294.315398265622,2.18587514092871,0.374362749940355,5.83892265263298,5.2539452477161e-09,6.80542672864203e-08
"Os05g0161800",616.238325734324,2.26434047338415,0.388242746009827,5.8322801820664,5.46750085789005e-09,7.07564745168319e-08
"Os07g0238700",2808.75626513512,1.33056986160579,0.228207513216744,5.83052609815723,5.52528960996087e-09,7.14075768626969e-08
"Os01g0915900",4645.9785296749,2.44456715490639,0.419458206856887,5.82791590424272,5.61238462255097e-09,7.24025412901082e-08
"Os02g0780700",2672.60308638465,0.940743572997022,0.161508779705271,5.82472095147852,5.72081058745077e-09,7.37680760358413e-08
"Os06g0638900",3232.06081938205,0.767652700623626,0.131804885086437,5.82415970485618,5.74006667968193e-09,7.39830816492337e-08
"Os09g0538400",2381.49849336794,1.53133292984574,0.263002597692585,5.82250115885038,5.79733977172546e-09,7.4687670476384e-08
"Os04g0531500",4114.32758858554,1.44498123451564,0.248235282590496,5.82101472214717,5.84914165654423e-09,7.52873345657257e-08
"Os03g0129800",245.060745311087,4.55498233479549,0.782738715535459,5.81928840926119,5.9098684067815e-09,7.59665991884718e-08
"Os03g0719400",622.934079989954,1.90392973723247,0.327217230307743,5.81854976109251,5.93603888549688e-09,7.62687830256756e-08
"Os03g0679000",3831.09774636341,0.742932048200564,0.127703406686449,5.81763687811941,5.96853833341700e-09,7.65833230313765e-08
"Os01g0950200",288.276209694103,2.98948002109385,0.513944228229421,5.81674013811351,6.00063156673038e-09,7.69262172930465e-08
"Os02g0629600",22.9107562138757,7.88339435039538,1.35663991733427,5.81097036115954,6.21117605439313e-09,7.95541422934608e-08
"Os01g0931300",3411.98013432295,0.552203935723315,0.0950340000126063,5.81059342603768,6.22517804315411e-09,7.96968777226609e-08
"Os05g0357200",3273.44711551542,0.92618600650053,0.159425335931867,5.80952833554855,6.26490905649724e-09,8.01348992351603e-08
"Os06g0146500",26.3798919776355,8.68680774057607,1.49584000744043,5.80731074003048,6.34842486504656e-09,8.10679573712383e-08
"Os01g0702000",1150.96927230801,2.41851508504874,0.416512331419046,5.80658699061545,6.37591528497839e-09,8.13731513341652e-08
"Os12g0554100",361.772498226265,2.22952663291426,0.383988426319044,5.80623393857663,6.38936736306079e-09,8.15085279102484e-08
"Os08g0246300",284.772592704838,2.3640729092682,0.407294371028028,5.80433484337428,6.46220213894346e-09,8.23643308207331e-08
"Os09g0361700",1544.15340567414,0.971144597043177,0.167317477594146,5.80420295002793,6.46729044069198e-09,8.2392532550781e-08
"Os03g0845000",2740.67743656692,0.761202022660612,0.131202980022317,5.80171290721547,6.56408806667277e-09,8.35885561272481e-08
"Os08g0398400",8571.55598271399,1.23612913410871,0.213101246820443,5.80066589263209,6.60520909420452e-09,8.40002001629596e-08
"Os10g0497300",679.881820716588,2.12342778666333,0.366179383265666,5.79887313077581,6.67620150830964e-09,8.48277275459369e-08
"Os06g0328400",2493.78432281304,1.07966796391137,0.186237493973075,5.79726423975326,6.74054417054445e-09,8.55693715438367e-08
"Os03g0840200",2426.47815950345,2.11808983304311,0.365478214963424,5.79539284784753,6.81614365287742e-09,8.64142247532053e-08
"Os01g0605000",539.350038927939,1.54359930808874,0.266383798666202,5.79464410304842,6.84662145454123e-09,8.67622281802368e-08
"Os12g0126000",215.600756003265,1.75262416631198,0.302608798081347,5.79171583055177,6.96709518340306e-09,8.82498723231054e-08
"Os02g0150700",5712.22781481816,1.20859742514218,0.208753268345957,5.78959761788845,7.05552423618266e-09,8.93304818449428e-08
"Os11g0607000",53.6127803669816,8.14213300105095,1.40654070366162,5.7887645767056,7.09059943649566e-09,8.97349183102799e-08
"Os06g0589300",5658.18389186581,2.49924495323,0.431801536416163,5.78794826431852,7.12513474347377e-09,9.00923921756445e-08
"Os06g0698748",6647.08869194365,1.16944952408047,0.20205958620539,5.7876468325128,7.13792857195661e-09,9.01745720651238e-08
"Os11g0674400",466.181178423549,1.38368144548129,0.239144096447015,5.78597367043034,7.20935065651925e-09,9.10367188235299e-08
"Os06g0143100",9105.66136760909,1.6713213131173,0.288894026089327,5.78524013023558,7.2408818941555e-09,9.13946026569795e-08
"Os04g0630800",3034.44026352173,2.85327979431827,0.493214366879224,5.78507031815026,7.24820036353934e-09,9.14466916847773e-08
"Os09g0548700",31.7509769262522,7.87695539287249,1.36209400025672,5.78297488380969,7.33910241343293e-09,9.24713994501672e-08
"Os03g0218400",1730.06433242692,2.1512784086702,0.372062836388896,5.78202980321741,7.38046281514875e-09,9.29516573976448e-08
"Os08g0237200",1042.56861162624,1.72398154430407,0.298178962339801,5.78170079731997,7.39491451222403e-09,9.30927463111787e-08
"Os04g0373400",3066.77991164312,1.78300890810802,0.308398273848347,5.78151390362451,7.40313613375967e-09,9.31553168662635e-08
"Os03g0741600",1456.32449736449,1.23081887696152,0.21295556998848,5.77969797656903,7.48348456215493e-09,9.41037546002748e-08
"Os10g0162300",102.947172398223,3.92005896578519,0.678250538016752,5.77966215441228,7.48507806554608e-09,9.41037546002748e-08
"Os01g0598200",424.95814248238,1.4002607042765,0.242339839052433,5.7780871265394,7.55546831466961e-09,9.49470518210148e-08
"Os08g0327200",52.7131633797175,6.83248278142842,1.18252513144134,5.77787532777465,7.56498286590903e-09,9.50249404094807e-08
"Os12g0273266",255.813697813784,2.7769283332834,0.480653507315475,5.77740158142813,7.58630697887691e-09,9.52510374928927e-08
"Os08g0176900",6784.48888478245,1.43126199568148,0.247786975170785,5.77617929552187,7.64159439983778e-09,9.59031812282751e-08
"Os07g0204100",1466.33123764364,1.44238554533634,0.249755323933109,5.77519438873964,7.68642936302716e-09,9.62971465279642e-08
"Os11g0137500",88.4406756000573,2.38364219004553,0.412780882415559,5.77459444365896,7.71386533642904e-09,9.65986318266455e-08
"Os03g0802200",771.376514532124,2.24944668225934,0.389612971083418,5.77354156357829,7.76224476365402e-09,9.7162008286682e-08
"Os03g0567600",6564.4488067317,0.470631034168822,0.0815238589466575,5.77292390534119,7.7907630898834e-09,9.74763947822441e-08
"Os07g0665300",33.4290813234103,9.23724105708734,1.60135860823965,5.76837755738031,8.00383327838477e-09,1.00011265195063e-07
"Os05g0115800",3045.65034228713,0.80300416392775,0.139261498487143,5.76616058746405,8.10977892292209e-09,1.01246791154494e-07
"Os07g0595800",1306.0358400878,1.17580031471855,0.203964389202963,5.76473334052703,8.17870504546471e-09,1.02062829687567e-07
"Os10g0326800",482.590715024411,2.3020765729293,0.399405199573737,5.76376215278664,8.22593197290246e-09,1.02607489284981e-07
"Os03g0374500",718.606653527865,1.94269292119185,0.337078497449908,5.76332496996652,8.24727774581915e-09,1.02828982581902e-07
"Os08g0113000",4173.79199956712,2.05336786640811,0.356861840930592,5.75395750090152,8.71780815215677e-09,1.08318577266087e-07
"Os01g0201200",5589.8534111997,1.70754554889347,0.29677620796067,5.75364703466983,8.73384155472615e-09,1.0847075345731e-07
"Os12g0562300",2225.74787363041,0.501526313172303,0.0871759006504832,5.75303850525257,8.76535103436406e-09,1.0881492107305e-07
"Os02g0740600",313.863648241044,1.91736060037105,0.333477194030901,5.74960037655042,8.94546323062391e-09,1.11002777169266e-07
"Os07g0179400",885.390707081548,1.09486858911271,0.19059383833542,5.7445119877689,9.21864650136064e-09,1.14293664888354e-07
"Os04g0229100",461.381875718423,1.88410622332208,0.327995228821601,5.74430984893035,9.22966467040218e-09,1.14380775145486e-07
"Os04g0540200",562.103973057827,1.48362694047131,0.258470905958472,5.74001524453851,9.46680288144317e-09,1.17218166015173e-07
"Os08g0112300",260.497110941573,3.64220695886991,0.635599473162622,5.73034924139723,1.00224069064474e-08,1.23830100337874e-07
"Os12g0632900",533.214871573802,1.94621492248865,0.339648012465953,5.73009365889853,1.00375197599463e-08,1.23963369035337e-07
"Os05g0179800",2981.70232787899,0.895863183797545,0.156355960040714,5.7296388545999,1.00644675969107e-08,1.24236176835652e-07
"Os06g0700300",355.810996717359,1.37875680870321,0.240641187608427,5.7295129832335,1.00719380795311e-08,1.24236176835652e-07
"Os11g0207800",233.929852001941,5.00751561802829,0.873999142287956,5.72942852657682,1.00769536146187e-08,1.24236176835652e-07
"Os10g0396932",27.4733078438589,8.96348663489863,1.56479549865725,5.72821601454641,1.01492278996425e-08,1.25073409798089e-07
"Os02g0527300",264.303025817701,1.61881248273639,0.282885632428765,5.72249805986184,1.04969043629492e-08,1.29135810994942e-07
"Os08g0398000",9970.36571544724,1.5286763977654,0.267192605903983,5.72125262446347,1.05741532884538e-08,1.30030317605484e-07
"Os05g0515900",1031.7970697922,1.4809863238147,0.258996629790017,5.71816832140027,1.07678452032223e-08,1.32128608463694e-07
"Os02g0319300",2427.7521063958,0.902133519303165,0.157781728021749,5.71760450727739,1.08036231513414e-08,1.32454176522136e-07
"Os09g0497100",215.47226658327,1.94558300669313,0.340276838198115,5.71764748078556,1.0800892119393e-08,1.32454176522136e-07
"Os07g0545800",2422.14633321204,1.14578962304354,0.200455892018114,5.71591890619012,1.09112767074943e-08,1.33659640967561e-07
"Os04g0686800",2422.32110421941,1.41353177610342,0.247938471960295,5.70113933883477,1.1900930549483e-08,1.4516196768999e-07
"Os09g0572900",3380.59823728425,1.78687516671974,0.313493761922952,5.69987471444139,1.19895509033242e-08,1.4611850807403e-07
"Os06g0168800",3279.1212306915,1.19381592676005,0.209512658766343,5.69806108036386,1.21177640209325e-08,1.47618271567925e-07
"Os12g0135100",282.83509800499,1.66433524654415,0.292123958151682,5.69735963142047,1.21677087170387e-08,1.48163701725709e-07
"Os11g0702250",40.6403944924842,5.05146961668554,0.886672595892181,5.69710808712058,1.21856679002098e-08,1.48319352878849e-07
"Os09g0569780",24.9765157251009,7.71631338122783,1.35454254089567,5.69661944771817,1.22206282978561e-08,1.48618608654572e-07
"Os02g0579600",3792.89306651469,1.42875146257218,0.250854186281208,5.69554562254963,1.22977994005159e-08,1.4949365652252e-07
"Os11g0502700",1023.26179475247,2.02517493256567,0.355714237218951,5.69326363880996,1.24633711082024e-08,1.51313774996701e-07
"Os04g0301700",330.492509600078,1.91454421611708,0.33644651475433,5.69048610152809,1.26678223403214e-08,1.53665726373788e-07
"Os05g0258400",7819.77829671904,2.05106195800101,0.360445437649871,5.69035350086294,1.26776639823049e-08,1.53694236564606e-07
"Os06g0283300",2208.83735999308,1.21845010531621,0.21412719601956,5.69030990909209,1.26809009925565e-08,1.53694236564606e-07
"Os12g0133400",208.19461543812,1.7353012353867,0.305071637101946,5.6881762325444,1.28403275953072e-08,1.55560704549997e-07
"Os09g0345700",415.146020533186,1.19986477946998,0.211025622508484,5.68587247940352,1.3014648520117e-08,1.57472850252699e-07
"Os01g0559600",11622.2852451687,0.953383399743325,0.167694532070064,5.68523843905056,1.30630273292816e-08,1.57924835037374e-07
"Os01g0136800",810.055123094578,1.40269126715477,0.246792121072731,5.68369549667022,1.31814886460036e-08,1.59289756510036e-07
"Os03g0709300",476.882303682038,1.60013402675935,0.281553858834689,5.68322534587904,1.3217792060099e-08,1.59661120618026e-07
"Os01g0956800",301.914183286453,2.26428911234344,0.398906508087755,5.6762400874275,1.37687498295016e-08,1.65966436733226e-07
"Os07g0217600",52.211408599385,9.76488203083986,1.72146642181088,5.67242085417372,1.40793573064936e-08,1.69425344622282e-07
"Os03g0383600",32.9356156239074,9.17104324863994,1.61685434500286,5.67215177853497,1.41014953110997e-08,1.69620505312187e-07
"Os11g0634902",1704.59717968997,2.29669353275128,0.404920329003525,5.67196400932313,1.41169639161178e-08,1.69634326650422e-07
"Os08g0556300",5409.05764556884,1.60565207019876,0.283096518959245,5.67174784098958,1.41347924798346e-08,1.69735990834963e-07
"Os05g0244500",644.361081759129,1.56329449957095,0.275669738435002,5.67089629948462,1.42052367129368e-08,1.70439046188888e-07
"Os07g0550500",1061.24924808192,1.95598574158349,0.34557090071472,5.66015754665123,1.51234091451672e-08,1.81033673070555e-07
"Os11g0672600",37.6863506412135,7.93548329715355,1.40199754553203,5.66012638356097,1.51261557074867e-08,1.81033673070555e-07
"Os06g0722300",1102.23003769428,2.04202914087055,0.36090990307615,5.65800251937032,1.53144888150103e-08,1.83058295172163e-07
"Os08g0549000",2457.21280537776,1.895440283166,0.335051657747809,5.65715834957213,1.53899762030772e-08,1.83883902489811e-07
"Os07g0118900",1041.41286066117,0.70249483962271,0.124180373430296,5.65705207849956,1.53995047538559e-08,1.83921054692571e-07
"Os03g0307100",7163.07197350602,0.651319541396176,0.115161279127764,5.65571645547269,1.55197499753347e-08,1.85279948455537e-07
"Os11g0588300",4713.8623344789,0.700591459505619,0.123933097639424,5.652981107145,1.57688645317481e-08,1.87940726523979e-07
"Os02g0176300",579.236965105617,2.15920543096319,0.382346799517924,5.64724337613285,1.63040945362967e-08,1.93916528291396e-07
"Os06g0127000",12976.8007776947,0.948553708328763,0.167989490265713,5.64650625957858,1.63741206571089e-08,1.94668591314309e-07
"Os11g0283500",1371.15888030707,1.24033259028548,0.219669619586351,5.64635470585823,1.63885544298327e-08,1.94759378483437e-07
"Os02g0786400",1027.84587242693,1.39335888248127,0.246915964087468,5.64304899292653,1.67064780658269e-08,1.98290807598207e-07
"Os01g0957600",720.936416458256,2.06983551339323,0.36688245081751,5.64168580094549,1.68393188029626e-08,1.99784746311588e-07
"Os12g0290150",909.146647147514,1.54386891190056,0.273709692208349,5.64053431737945,1.69523276384394e-08,2.01042256414141e-07
"Os10g0547500",10063.2977593833,1.57032775460272,0.278559743976111,5.63731044618345,1.72726564100445e-08,2.04756372139261e-07
"Os01g0520800",45.1800379643698,5.50601419622769,0.977704732172293,5.63157159318874,1.78574817499542e-08,2.11339350309661e-07
"Os09g0385300",1090.85125406562,8.2092372080102,1.45835088933857,5.62912346268973,1.81127717566083e-08,2.14272145487342e-07
"Os01g0150700",368.572489836262,1.98775329261274,0.353261852158058,5.62685520802674,1.83524649501828e-08,2.16928558478811e-07
"Os10g0528100",2822.8028218122,2.25537799209539,0.400876884171961,5.62611136023477,1.84317380834056e-08,2.17775735903397e-07
"Os07g0680000",2452.68532485889,2.21979937766113,0.394558759136742,5.62602990367733,1.84404392201425e-08,2.17788732289994e-07
"Os01g0254100",12302.999666562,1.23436400030414,0.219445559741039,5.62492128690494,1.85592582174676e-08,2.19101716706585e-07
"Os01g0530300",434.280497739994,1.49316909208858,0.265507701176684,5.62382592094736,1.86773869888983e-08,2.20405474467016e-07
"Os03g0724700",4132.79404585895,1.86610905865368,0.331839749181319,5.62352479851358,1.87099890002374e-08,2.20608479355886e-07
"Os03g0827900",504.734947144008,1.45042045176888,0.257932305036927,5.62326014789512,1.87386878882286e-08,2.2085597917463e-07
"Os09g0570100",2079.84683749,3.88951301782107,0.691804584799443,5.62227123566788,1.88463049303466e-08,2.2185058704367e-07
"Os10g0555100",2589.83172105613,1.41681478802161,0.252255227113498,5.61659238634581,1.94760135859743e-08,2.28793251851306e-07
"Os02g0153700",1273.23242911167,1.44584390616112,0.25748948977192,5.61515698152117,1.96383871758111e-08,2.30606175967762e-07
"Os03g0334800",5190.78172708668,0.590064650651862,0.105112123378922,5.6136688298525,1.98081149833921e-08,2.32503937117636e-07
"Os03g0186600",3678.11610108335,1.35530692252237,0.241854867088155,5.60380255663148,2.09699572374957e-08,2.45810632686503e-07
"Os03g0709200",348.05810785014,1.87268669338794,0.334280610142417,5.60213974896749,2.11721744954168e-08,2.48007008848194e-07
"Os01g0574500",6924.89433780421,0.60804025783271,0.108566871213607,5.60060588497922,2.13603883383685e-08,2.50109459203487e-07
"Os05g0585500",5248.51529136902,0.72902187092577,0.130231281933316,5.59790136519627,2.1696212442266e-08,2.53937859026065e-07
"Os01g0949700",685.874792131754,2.0675193729776,0.369345623583218,5.59779036480653,2.17101044510785e-08,2.53996697726542e-07
"Os02g0123400",1161.04098920031,0.677513802879819,0.121147446128515,5.59247284636196,2.23858172173373e-08,2.61688467936004e-07
"Os06g0354700",1514.76327257797,1.29209658303902,0.231102316307507,5.59101528571327,2.25745704591947e-08,2.63572368702872e-07
"Os10g0141500",182.337323686537,4.9187110277711,0.879931507416234,5.58987942392703,2.27227340405745e-08,2.65086227903315e-07
"Os06g0677400",1909.43167947949,1.14283168799213,0.204532820850296,5.58752225310872,2.30332250812814e-08,2.68380628315931e-07
"Os01g0860450",6627.57368011783,1.18684821682992,0.212435933699771,5.58685245080644,2.3122201476727e-08,2.69198422068745e-07
"Os06g0557400",30.3034761387243,6.23830313478143,1.11688193820466,5.58546335238374,2.33077936745632e-08,2.71248945720383e-07
"Os09g0328951",65.3675352404194,5.58873625478178,1.00075207161898,5.58453628353779,2.34324594841185e-08,2.72478420916786e-07
"Os02g0819300",8271.35703932748,1.29746352971205,0.232371443188969,5.58357564038935,2.35623228516971e-08,2.73766291300416e-07
"Os02g0122600",1509.07344128369,1.24438659993411,0.222995951491539,5.58031027743265,2.4008990680883e-08,2.78617092340486e-07
"Os12g0579450",47.6281261924614,9.73211995353265,1.74496320221053,5.57726371605081,2.44331323374096e-08,2.82737523316421e-07
"Os09g0442400",949.236387776513,2.94410924414592,0.528043951346227,5.57550036628587,2.46819387972737e-08,2.8504107634804e-07
"Os04g0688000",1011.26274751681,0.678877985925425,0.121814045441665,5.57306822430859,2.5029149405218e-08,2.88701766810912e-07
"Os06g0232400",28.8958622639535,8.11468086887773,1.45660723291405,5.57094643326995,2.53359223394987e-08,2.9212267479731e-07
"Os12g0121400",2854.76976359682,1.126712697015,0.202259012525592,5.57064272660006,2.53801303289132e-08,2.92514679880941e-07
"Os05g0149400",1642.4515037057,1.97426534368479,0.354569383845482,5.56806490812291,2.57583878793255e-08,2.96754857064106e-07
"Os01g0627600",3223.02909636915,1.92194179100161,0.345200103059516,5.56761650407227,2.58247408887877e-08,2.97280223361006e-07
"Os05g0128350",109.235411623586,3.07567298148838,0.552445656061522,5.56737653331436,2.58603188937335e-08,2.97570223671988e-07
"Os09g0328900",18.0334681887984,7.93351108941057,1.42517267960821,5.56670163758088,2.59606339599379e-08,2.98365055844421e-07
"Os03g0208500",2202.03252605138,1.32771726692643,0.238534566436168,5.56614199259767,2.60441047131041e-08,2.99084444184313e-07
"Os03g0154000",3262.83517689822,1.43821221003363,0.258700136922329,5.55937939246408,2.70735606585912e-08,3.10533090468357e-07
"Os10g0446600",1635.92922145128,1.58514884710598,0.285156751657317,5.55886836939044,2.71529373774615e-08,3.1119438469561e-07
"Os05g0550000",3661.10958903504,1.75897596761334,0.31660524956985,5.55573847876227,2.76440502917087e-08,3.16569675842541e-07
"Os10g0520100",198.748527120122,3.079088823058,0.55421230705378,5.55579294048267,2.76354314476493e-08,3.16569675842541e-07
"Os01g0106900",3322.12220005512,1.32586743252748,0.238666702293731,5.55530964221273,2.77120070424108e-08,3.17205108843887e-07
"Os11g0644800",863.214073690298,0.839543824532279,0.151142016749773,5.55466866584299,2.7813883416282e-08,3.18133088879566e-07
"Os08g0516600",2832.88037795853,0.986520342152908,0.177605668476519,5.55455437101285,2.7832087500935e-08,3.18214274172701e-07
"Os05g0185800",2762.68830791502,1.89228570959799,0.34067797016454,5.55447042461848,2.78454652613584e-08,3.18240235607675e-07
"Os04g0422600",219.558984897281,3.47603955058278,0.62603233608895,5.55249202029859,2.81625576339589e-08,3.21607652980546e-07
"Os05g0100016",19.7320730592624,7.71316999427648,1.39001243928605,5.54899350270432,2.87318854639599e-08,3.27717349647046e-07
"Os12g0632800",2360.75307281417,1.75899497238459,0.317024966062408,5.54844305870322,2.88224721753933e-08,3.28619766322868e-07
"Os01g0105900",5416.9040950886,1.19780719082167,0.215944668043625,5.54682457165227,2.90904352137178e-08,3.31490587214045e-07
"Os03g0217200",1549.74612582566,1.4366399219292,0.259131131724655,5.54406532463931,2.95528498210264e-08,3.36545410600974e-07
"Os04g0156200",114.45409108528,2.41023915081316,0.435123168921941,5.53921124628863,3.03836966503234e-08,3.45869557578493e-07
"Os07g0553700",1935.47673814781,1.67693989663144,0.302793189801164,5.53823518201529,3.05534796925814e-08,3.4725041656162e-07
"Os01g0717000",3858.54720524455,1.44302135742879,0.260626781729221,5.53673474327754,3.08162722506364e-08,3.49682309910984e-07
"Os01g0185200",8660.31525006452,0.905814939789934,0.163706097632905,5.53317776727619,3.14480454572604e-08,3.56286832123933e-07
"Os09g0528800",3680.2961908102,0.490945332747135,0.0887524391184571,5.53162637132569,3.17275158238719e-08,3.58952887324073e-07
"Os01g0152600",507.143366713411,1.41702494297589,0.25622207142562,5.53045619798308,3.1939904764692e-08,3.61002821032724e-07
"Os05g0301600",3341.96036620725,0.76874294363142,0.139071740376694,5.52767184439615,3.24508310389121e-08,3.66344054738735e-07
"Os09g0569800",399.020686143615,1.46520602844654,0.265128238180691,5.52640502762276,3.26859065531957e-08,3.68707320693765e-07
"Os02g0628100",388.564688323367,1.80873453779069,0.32734110876049,5.52553434134699,3.2848431479848e-08,3.70394828319797e-07
"Os12g0600701",4921.31813789894,0.664857710510854,0.120333698901293,5.52511654325709,3.29266969941579e-08,3.71131283350359e-07
"Os01g0925000",1106.56784239733,0.751811628515944,0.136078338482507,5.52484426911628,3.29777990373959e-08,3.71561108147648e-07
"Os07g0120800",2113.31804597234,1.82237993998958,0.329902738291823,5.52399155407298,3.31383399626764e-08,3.73223159045049e-07
"Os04g0454600",1486.85493473163,0.581801549881968,0.105325326979356,5.52385230188748,3.31646289224199e-08,3.73340077588357e-07
"Os05g0215700",1037.53282023473,3.27436814347472,0.592774720535046,5.52379855287897,3.31747814302652e-08,3.73340077588357e-07
"Os04g0620000",66533.4643319138,1.41358780370185,0.256170372899805,5.51815492049403,3.42577372406645e-08,3.84771731642305e-07
"Os08g0535050",886.527829000077,1.83958324393138,0.333542240789274,5.51529317419678,3.48199017075988e-08,3.9077940608152e-07
"Os12g0511300",946.811126851482,1.31172834355305,0.237850929750861,5.51491787283336,3.48942867031813e-08,3.91460885912119e-07
"Os03g0668300",795.534026681323,1.03691059767589,0.188055593588222,5.51385139836027,3.51065049575309e-08,3.93687506866213e-07
"Os01g0655800",10100.9829306964,0.602201771858593,0.109228155005021,5.51324676161483,3.5227377398345e-08,3.94888426141386e-07
"Os03g0737900",5116.89105545501,0.538381613342278,0.0976852553507742,5.51139075604628,3.56009365216008e-08,3.98608062999963e-07
"Os03g0647600",1073.49513713804,1.09981921196483,0.199605529614336,5.50996364724877,3.58907814191211e-08,4.01382774871451e-07
"Os01g0950900",342.436111937773,2.21900469977796,0.40290729909546,5.50748200581052,3.64002604198613e-08,4.06921678326128e-07
"Os05g0163700",6348.14481862251,0.623091121367014,0.113150092325057,5.50676635399468,3.65484815413256e-08,4.08260075291252e-07
"Os07g0687000",1141.41728807994,1.53639724203207,0.279102956599348,5.50476878049546,3.69653098050378e-08,4.12594490274227e-07
"Os07g0188800",28000.7642908585,0.571468424139081,0.103826288015628,5.50408220366177,3.71096377234266e-08,4.14044135534119e-07
"Os01g0213400",297.189707166754,1.95364000565896,0.35506684009495,5.50217532320542,3.75133629303096e-08,4.1789769622054e-07
"Os10g0469100",51.9233505439303,9.84968649118799,1.79044915965366,5.50123774142422,3.77134268433758e-08,4.19799963448486e-07
"Os07g0661100",2516.21543139581,1.01213732704024,0.184010358437072,5.50043669083104,3.78851766930845e-08,4.21547993246701e-07
"Os05g0317200",11614.8703670016,0.952362736273596,0.173194233358402,5.49881319837486,3.82355923693984e-08,4.24458036640064e-07
"Os07g0462700",1539.41557335659,0.801795478914039,0.145833779161759,5.49800933310988,3.84102606163495e-08,4.26066893991345e-07
"Os05g0181300",54.1778961659226,9.7436455235989,1.77308148419402,5.49531739542587,3.90008319897701e-08,4.3194891309273e-07
"Os05g0495900",1350.01509990727,1.16679420347836,0.212476735736088,5.49139744375406,3.98765854561237e-08,4.40966393859072e-07
"Os07g0169600",4192.47800286884,0.872322184315832,0.158864622317265,5.49097824041488,3.99713602568543e-08,4.41843909752851e-07
"Os04g0640300",261.303552241986,4.66849770383252,0.850347398654888,5.49010640970658,4.01691664798889e-08,4.43688110247408e-07
"Os06g0632200",4960.46216250326,1.14644270189151,0.208994089338529,5.48552691379948,4.12238784538142e-08,4.54987120746797e-07
"Os09g0400000",1038.19387679493,2.338348669155,0.426388335030233,5.48408217825471,4.15621546973952e-08,4.58544034035336e-07
"Os01g0723000",82.1225173042337,6.50752139326977,1.18664222448303,5.48397929806081,4.15863458699188e-08,4.58634327122753e-07
"Os04g0224900",2015.44885852438,1.09593765616948,0.199851040527383,5.48377258020492,4.16349946361228e-08,4.58994177112039e-07
"Os01g0112800",76.3123070214752,5.19683886064574,0.947956443369542,5.48214941413702,4.20189113474104e-08,4.62870375980778e-07
"Os11g0102800",4669.51547081096,1.07357637564021,0.19592124810807,5.47963217878249,4.26210943606781e-08,4.6878295417357e-07
"Os07g0575700",240.025956498955,2.08332109193212,0.380305285344533,5.4780229784205,4.30104289821243e-08,4.72883657404384e-07
"Os01g0250900",3003.32366369133,0.719531415566924,0.131385473310477,5.47649140682852,4.33841832464365e-08,4.76444468523151e-07
"Os05g0556000",2533.15366548591,0.939244674882921,0.17151603210555,5.47613341652468,4.34719977299006e-08,4.77214222598882e-07
"Os04g0476800",3689.98919845947,1.63473122592931,0.29857035455261,5.47519605011979,4.37027494613135e-08,4.79391721885741e-07
"Os05g0194500",1361.01217333384,2.26168960731001,0.413111756742011,5.47476456527584,4.38093669045609e-08,4.80377336605235e-07
"Os01g0874100",871.718186941323,1.26338554813271,0.230786983321653,5.47424958699644,4.39369452163249e-08,4.81591948866925e-07
"Os08g0521000",5973.62535453192,1.36861626586013,0.250023899756096,5.47394175994876,4.40133767755906e-08,4.82245228058976e-07
"Os07g0661000",510.946587631078,1.73295917660684,0.316651136639357,5.47277105965534,4.43052335124649e-08,4.85257473470621e-07
"Os04g0656100",86314.3032544312,1.02255260594803,0.18686442995594,5.47216292682954,4.44575812228861e-08,4.86740014214036e-07
"Os03g0788800",3893.48244951271,0.928807962336573,0.169797968567363,5.47007699899597,4.49840103261493e-08,4.92315456021708e-07
"Os11g0474800",1780.4853896113,2.89709119537588,0.530448108051876,5.46159209807674,4.7188333226871e-08,5.15652221058852e-07
"Os06g0475400",1575.37365556441,1.1449894534537,0.209713985028183,5.45976680238958,4.76760380977708e-08,5.20386226124696e-07
"Os01g0802100",1886.34563046389,1.05995020304179,0.194226282390107,5.45729542880743,4.83441628724989e-08,5.27477895895978e-07
"Os03g0406250",363.960751945142,1.48044331815894,0.271369149592944,5.45545917942263,4.88464525487492e-08,5.32552723906683e-07
"Os12g0209200",142.26764952384,2.46958932402826,0.45283619800596,5.45360405131694,4.93590417714915e-08,5.37732039861891e-07
"Os02g0137100",5858.00937722807,1.11729381730907,0.204879954345973,5.45340719581738,4.94137397861349e-08,5.38123326625746e-07
"Os03g0332400",5233.06583886329,0.610908030184866,0.112025346376046,5.45330186379586,4.94430313301926e-08,5.38237740757097e-07
"Os12g0104200",354.456991262212,1.12479839394651,0.206407733034229,5.4494004532281,5.05399015427343e-08,5.49969334980032e-07
"Os06g0293500",806.068132502971,3.55260693423633,0.651967949375617,5.44905150266763,5.06391491412714e-08,5.50631082047707e-07
"Os04g0534000",1370.75932455334,1.11137843189747,0.204014129151895,5.4475561889638,5.10665856580788e-08,5.54857721757783e-07
"Os07g0606600",657.813991777666,2.10977772775312,0.387295363077275,5.44746446482028,5.10929185938732e-08,5.54933397858854e-07
"Os02g0465500",450.085112138202,0.915277635551651,0.168031479419129,5.44706050744593,5.12090467606533e-08,5.55983936258522e-07
"Os05g0446800",2571.85866523341,0.718987905533817,0.131997659893337,5.44697463663227,5.12337655337469e-08,5.56041609876105e-07
"Os03g0794200",548.041074508619,2.2664144920746,0.41611462685265,5.44661097163777,5.13385784002976e-08,5.56968174299632e-07
"Os10g0315400",4511.57780831591,0.714292659831374,0.131156482038631,5.44611023968288,5.14832358481746e-08,5.58326144406471e-07
"Os12g0109900",872.149887347108,0.750969949165013,0.137961775704258,5.44331895796146,5.22968824656127e-08,5.66720981998765e-07
"Os04g0588500",1307.50427336984,1.77308840003192,0.325767921434362,5.44279618516452,5.24506479502355e-08,5.6795765875667e-07
"Os05g0130600",501.088918309958,2.75498664004621,0.506213786568287,5.44233822378239,5.25857101525085e-08,5.69205049977209e-07
"Os03g0790700",2858.11749495218,1.65485741921722,0.304095589450892,5.4418987865145,5.27156260755365e-08,5.70395815074121e-07
"Os11g0249000",2562.39356107968,2.32297740312477,0.426916114927147,5.44129706493086,5.28940246977375e-08,5.71678459313306e-07
"Os04g0330200",20.9558767823414,7.18301742783216,1.32023382621598,5.44071609528439,5.30668259005563e-08,5.73329824925618e-07
"Os11g0199801",366.893220113877,1.90471352956981,0.350321946480493,5.43703741288691,5.41737662773042e-08,5.8440766241616e-07
"Os12g0560900",12195.8207767955,0.840395745776267,0.154574792336889,5.43682273850098,5.42390496472521e-08,5.84671651803261e-07
"Os07g0538350",202.255528686623,2.49602945665171,0.459133839222149,5.4363874831801,5.43716466758278e-08,5.85880564330883e-07
"Os08g0512400",4363.64314349049,0.647635020725436,0.119141141784743,5.43586380845289,5.4531596354104e-08,5.87383195014206e-07
"Os01g0377000",523.843606269656,1.37903181472841,0.253754798666118,5.43450536493261,5.49486440137961e-08,5.9143070934759e-07
"Os02g0716800",26.7463387292668,8.27387366180149,1.52287898096134,5.43304738277922,5.53996892170306e-08,5.95390808494509e-07
"Os09g0504700",5305.95572340464,0.957764439679007,0.176562521333191,5.4245059055971,5.81150689059584e-08,6.23171015828413e-07
"Os03g0845300",67.075448295344,3.66020502251068,0.674955399000934,5.42288427935904,5.86449607226043e-08,6.28617813177725e-07
"Os11g0642400",29.989359493244,7.5441900047352,1.39152079144912,5.42154314264951,5.90867324937695e-08,6.33116327379014e-07
"Os01g0811001",910.255697564066,2.33328670149788,0.430499215250651,5.4199557602895,5.96137856987818e-08,6.38524930034204e-07
"Os02g0141300",3120.48343380309,1.17274166716442,0.216428272426077,5.41861584911453,6.00622148112779e-08,6.43087660228974e-07
"Os03g0716900",25.6026861551287,7.43597497514993,1.37267535824456,5.41714028046618,6.05598260534128e-08,6.47931342823892e-07
"Os11g0593900",29.9756751412255,7.45421152682047,1.37640808323564,5.41569874342587,6.10498168981095e-08,6.52929956612405e-07
"Os08g0232100",558.286671170009,7.51440405774686,1.3877377905332,5.41485870674435,6.13371217237428e-08,6.55513320264334e-07
"Os07g0267200",66.5967556064533,3.4892117004457,0.644425678773459,5.41445168213463,6.14768008187782e-08,6.56761110014777e-07
"Os10g0445400",3282.54960148911,0.974689945275901,0.180088045823482,5.41229675084191,6.22214614584382e-08,6.64221055777635e-07
"Os12g0268000",611.940497014477,1.589241582789,0.293935801248702,5.40676425272987,6.41735201935048e-08,6.84040067181659e-07
"Os12g0169400",1227.94599815713,0.800991448353251,0.14816288716509,5.40615442692306,6.43922837946437e-08,6.85861604194845e-07
"Os01g0604700",2073.41619315176,0.649108455608823,0.120070052839288,5.40608120225984,6.44186003071047e-08,6.85886932738449e-07
"Os08g0118000",5632.33175899678,0.806975798046352,0.149297942069422,5.40513678126331,6.47589549038787e-08,6.88742975466196e-07
"Os07g0129200",4777.56012160594,1.44679517976329,0.267682921783132,5.40488414473984,6.4850296110455e-08,6.89458509891189e-07
"Os04g0442200",1057.23279557775,1.16904411340631,0.216389479765263,5.40249976419594,6.57185439085997e-08,6.97912424043439e-07
"Os08g0519800",7232.45109573499,1.32952687920908,0.246478138010089,5.39409657157772,6.88691730346712e-08,7.30288506953886e-07
"Os11g0565400",1519.16120956415,0.612283995045795,0.113522743354583,5.39349188499922,6.91014479886732e-08,7.32480461624664e-07
"Os05g0551000",5657.05045614817,1.53542197654217,0.284783231618805,5.39154629229503,6.98539581614611e-08,7.39362988268262e-07
"Os07g0672566",194.797517315847,3.96690034873921,0.736047402845788,5.38946314245786,7.06684709235022e-08,7.47707913183229e-07
"Os03g0336600",1042.01446016364,0.705352275374117,0.130904794173684,5.38828451491439,7.11333820211043e-08,7.52071461870362e-07
"Os11g0525700",913.251480302445,0.946638344552701,0.175695523985355,5.38794798569603,7.12666691879352e-08,7.53202731675662e-07
"Os02g0823100",47072.5242651911,1.14195529958116,0.212043950723191,5.38546511554061,7.22575489143951e-08,7.62830984338706e-07
"Os01g0543600",176.598418643124,2.73075852165239,0.507383159680271,5.38204406187464,7.36447314113829e-08,7.76045915556801e-07
"Os06g0225400",280.23022807765,1.21882441464321,0.226572040895087,5.37941226034848,7.47294039167201e-08,7.86607965107224e-07
"Os02g0118200",2789.21550563111,1.0823796781445,0.201231492945176,5.37877875029923,7.4992800629019e-08,7.89090607279711e-07
"Os03g0812400",82.9752886959127,3.40858194344677,0.634153001121,5.37501507904461,7.65762733215872e-08,8.0516087457252e-07
"Os12g0137500",3937.32020209904,0.793707166603798,0.147693766916643,5.37400584448331,7.70063598852947e-08,8.09385995390119e-07
"Os01g0793500",2772.00338185997,0.906329430979035,0.168673883583552,5.37326473858113,7.73236718015572e-08,8.12423118613207e-07
"Os04g0634500",3387.86433729245,2.10414897745012,0.391689984311411,5.37197544417481,7.78787162445597e-08,8.17954903899973e-07
"Os03g0617900",4319.79604610689,0.750062910773134,0.139645066845011,5.37120950792779,7.82102786221588e-08,8.20931043718231e-07
"Os05g0278500",5085.88753138808,1.08700526431776,0.202377045597314,5.37118852145247,7.8219382568434e-08,8.20931043718231e-07
"Os09g0434900",664.401899184265,1.41368162366348,0.263236709666619,5.3703817581289,7.85701361034858e-08,8.24310340401712e-07
"Os03g0229600",1901.11657562477,1.2169330755091,0.226710978993437,5.36777301616403,7.97147864324169e-08,8.34790957917255e-07
"Os01g0348600",7176.6798400787,1.00143330634726,0.186621778876903,5.36611167449977,8.04521404454455e-08,8.4158989705838e-07
"Os08g0447000",13167.9252556757,1.38210676840369,0.257621620856882,5.36487102210841,8.10070831788976e-08,8.46159295385262e-07
"Os08g0483600",1717.47468156414,0.906322251931656,0.169004041115583,5.36272532863175,8.19756109703518e-08,8.55340570110167e-07
"Os02g0182100",5304.72203939572,0.950231942139454,0.177211611574808,5.36213137330634,8.22456873510456e-08,8.57846171817313e-07
"Os04g0302900",24.2409688033748,7.80349580673787,1.45543790524321,5.36161369621185,8.24817819703318e-08,8.59995639379166e-07
"Os10g0184300",14700.6108728156,1.17763370420107,0.219700856796387,5.36016891956169,8.31441715234295e-08,8.6595667120658e-07
"Os01g0807800",1534.85160404931,1.0959051408066,0.204471738355462,5.35969004626663,8.33648558915395e-08,8.67939626091712e-07
"Os01g0693300",1273.92975881588,1.84754971932157,0.344737502357573,5.359294265018,8.35476760555342e-08,8.6952706659759e-07
"Os01g0231800",5099.62817342671,0.659656602195502,0.123124989808114,5.35761751715514,8.43265187429751e-08,8.77314239296922e-07
"Os06g0586400",151.106828746735,11.3359360274365,2.11837923283735,5.35123072003173,8.73580574737774e-08,9.06877921282127e-07
"Os12g0165000",7475.86270388535,0.526643215539985,0.098433836298175,5.35022544427388,8.78447302758562e-08,9.11269808784877e-07
"Os04g0219600",20.6293587600023,8.55012968655979,1.59894066095635,5.34737147871756,8.92407366007069e-08,9.23411189990413e-07
"Os04g0518000",1454.46577632542,0.57491850483163,0.107624677691106,5.34188363826468,9.1985697261201e-08,9.50784342686844e-07
"Os06g0163000",2011.7451776664,1.02053547227488,0.191055817353445,5.34155665298029,9.21518067993204e-08,9.51659402506563e-07
"Os11g0551300",1037.31596265386,1.75752541158317,0.329030731567669,5.34152358112395,9.21686235668285e-08,9.51659402506563e-07
"Os11g0615700",8428.14076313864,1.04839876890066,0.196352436031583,5.33937235559446,9.3268909355543e-08,9.61619572096084e-07
"Os04g0275100",115.497204405306,2.30057569588925,0.431088290940263,5.3366694114363,9.46694183057503e-08,9.74656188751835e-07
"Os11g0490900",515.468198282032,2.39277157496628,0.44840166631966,5.33622364654751,9.49023348737664e-08,9.76703196409179e-07
"Os06g0170500",6129.19580790689,1.31502088803164,0.24645553794993,5.33573276125288,9.5159469110277e-08,9.78997884720882e-07
"Os06g0723900",2358.15435012967,0.669735061857906,0.125592165654283,5.3326181483444,9.6806742266586e-08,9.94873306822892e-07
"Os05g0381500",1031.24883654732,1.95098792641745,0.366193702978271,5.32774843081672,9.94377192982689e-08,1.02117904420574e-06
"Os04g0629500",6806.4822571725,1.05317929533878,0.197779291158236,5.32502310616622,1.00940207533353e-07,1.03549546231494e-06
"Os04g0523812",558.835805816046,1.63447042264928,0.306993684707039,5.32411741371501,1.01444368554878e-07,1.04029493480113e-06
"Os01g0290000",10237.9329788452,0.865759269445934,0.162635310252612,5.3233167391583,1.01892099619042e-07,1.04451250028079e-06
"Os10g0345100",2323.92495013402,3.52554316049948,0.662428929836952,5.32214551886683,1.02550483982672e-07,1.05088571783674e-06
"Os08g0153101",57.9330104673324,9.75730915428155,1.83362958236175,5.32130875730851,1.03023377049975e-07,1.05535423640897e-06
"Os06g0556000",2321.49204150046,0.768031652325064,0.14434364219968,5.3208554295907,1.03280454504614e-07,1.05760957200364e-06
"Os12g0288400",6340.29467421176,1.05167727581349,0.197753061503181,5.3181339789097,1.04836862737023e-07,1.07239764053594e-06
"Os09g0111800",2848.20508867387,0.670686325013764,0.126155534823718,5.31634482744605,1.05872427427271e-07,1.0826041365618e-06
"Os05g0160600",2360.52578308862,0.90852575421421,0.170900803068703,5.31609997086426,1.06014918825346e-07,1.08367443959465e-06
"Os05g0136900",804.369645302523,1.19519756330114,0.224853133207168,5.31545878971563,1.06388926561623e-07,1.0867226247041e-06
"Os07g0130100",271.384383490691,1.82321737427918,0.343114302355752,5.31373178489311,1.07402669792168e-07,1.09629543814934e-06
"Os04g0474300",1312.12154149575,1.46199270294733,0.275176881268838,5.31291980709315,1.07882521659259e-07,1.10069254442222e-06
"Os09g0398200",96.3225096362962,3.36754688038554,0.633854416396751,5.31280810431031,1.07948696420021e-07,1.10069254442222e-06
"Os07g0484800",570.713568413614,1.22702442963518,0.231033559461581,5.31102248735957,1.09011876776259e-07,1.11074263634188e-06
"Os05g0445000",52.6605873583174,22.0072344808554,4.14404725148351,5.31056552817469,1.09285580719054e-07,1.11274003509678e-06
"Os06g0724100",6547.07760042682,0.780973105500943,0.14712101758502,5.30837210291606,1.10608656907867e-07,1.12581145212227e-06
"Os08g0120200",565.56278629797,1.39619425186421,0.263173880094053,5.30521589515357,1.12539719538233e-07,1.14502478517734e-06
"Os09g0499600",805.04321294789,0.833817428303866,0.157171121836674,5.30515668883711,1.12576253659241e-07,1.14502478517734e-06
"Os02g0575900",1338.41008527592,3.05679898361851,0.576275025870392,5.30440995426028,1.13038023503691e-07,1.14931350228096e-06
"Os01g0152800",941.517538981233,1.65337554887321,0.311721940872638,5.30400761731668,1.1328758213241e-07,1.15103397278646e-06
"Os01g0768200",1377.17394194,1.23896864272842,0.233625205584192,5.30323189927353,1.13770244666805e-07,1.15552819928866e-06
"Os10g0113000",548.17205522262,3.30682641102975,0.623674607416242,5.30216618042101,1.14436595803851e-07,1.16147266842789e-06
"Os08g0564900",853.226175704578,1.02522476571368,0.193395201379142,5.30119030049655,1.15050085671849e-07,1.16645967964254e-06
"Os02g0498666",33.1298105599542,7.80505584468535,1.47274491871722,5.29966577748146,1.16014855925661e-07,1.17540935360044e-06
"Os12g0287300",1442.29844207328,0.964882863279421,0.182178246844111,5.29636704707707,1.18129275188326e-07,1.19514124035872e-06
"Os11g0569733",39.0257082285276,8.38805290449141,1.58392700261553,5.29573199436607,1.18540589389331e-07,1.19887926833149e-06
"Os08g0542000",2862.32451116174,2.35759452206619,0.445270112234883,5.29475133696498,1.19178470107733e-07,1.20490526659377e-06
"Os03g0342900",8388.41842454149,0.897977549773986,0.169716173410923,5.29105465747081,1.21613011748769e-07,1.2282185451624e-06
"Os07g0471683",112.485614679476,2.52391951947228,0.477022646984471,5.29098468474695,1.21659554912663e-07,1.22825566150727e-06
"Os04g0348000",1297.88198678639,0.486001430014531,0.0919113214984449,5.28772105646152,1.23849647522344e-07,1.24904614600851e-06
"Os06g0722700",2397.17698691091,0.621065357136181,0.117511396425354,5.28515000271226,1.25601794984639e-07,1.26538067155411e-06
"Os02g0242900",425.91749038078,2.00911246764446,0.380340800945868,5.28240058034271,1.27502030550087e-07,1.28227033321204e-06
"Os03g0322200",725.926960553334,1.37638890055895,0.260594908253718,5.28171831822163,1.27977859118963e-07,1.28660407700931e-06
"Os01g0971000",1232.87056022785,1.62323500353264,0.307362282897691,5.28117825072556,1.28355734955103e-07,1.28995037458211e-06
"Os10g0442400",22.6353145062366,8.68391563177944,1.64477045461718,5.27971280576084,1.2938652758408e-07,1.29985371260135e-06
"Os05g0128200",8072.33064124715,1.25457173651058,0.23778421953219,5.27609333781187,1.31966891616842e-07,1.32391995049222e-06
"Os09g0120100",1669.05486290108,0.908877213895794,0.172366276398414,5.27294104674501,1.3425469930018e-07,1.34586226409692e-06
"Os01g0151400",949.274201912025,1.1188104090741,0.212194991278782,5.27255804829156,1.345352645801e-07,1.34779874152064e-06
"Os07g0241700",787.263087575491,1.21256158596593,0.230058840723678,5.27065850697877,1.35935175714671e-07,1.36039631665272e-06
"Os01g0824800",1914.07092378563,1.86173895507208,0.353303028756356,5.2695244691943,1.3677763749531e-07,1.368349465613e-06
"Os01g0958500",3289.66856639997,1.33634872206467,0.253618611940368,5.26912718211266,1.37073969718274e-07,1.3708353858178e-06
"Os06g0716000",3608.39661030932,1.28873894958778,0.244607075534277,5.26860863191663,1.37461685219898e-07,1.3742331489604e-06
"Os02g0597300",362.507412836992,2.28943182776379,0.434652788325343,5.26726594021091,1.38470540119221e-07,1.3833535270209e-06
"Os02g0194900",1152.16546889246,1.51510507758433,0.287651867544185,5.26714841283483,1.38559186463584e-07,1.38375664362307e-06
"Os04g0607200",66.77892665209,3.91268183018579,0.743828206283683,5.26019556280924,1.43902271729305e-07,1.43361887676914e-06
"Os12g0624800",275.082334773613,1.32245877154276,0.251433234642476,5.25968165434942,1.44305010271052e-07,1.43713144048877e-06
"Os07g0131250",181.930355562544,2.02702877069105,0.385399522875342,5.25955184263863,1.44406913138084e-07,1.43739507247819e-06
"Os04g0121800",33.8388798676881,9.10127029381271,1.73065155533161,5.25886927716586,1.44943876744081e-07,1.44148974539098e-06
"Os11g0265900",489.458247301228,1.14872101182225,0.218487987300565,5.25759345406023,1.45952729710739e-07,1.45101929620822e-06
"Os11g0640600",29.6883197428585,7.30794189531114,1.39065055044824,5.25505267513513,1.47982111046171e-07,1.46915573308901e-06
"Os06g0661700",2261.09881467896,0.988996927086336,0.188246776391846,5.25372570007618,1.49052819194322e-07,1.47927307778168e-06
"Os10g0130800",23.8779938809114,7.70537239995909,1.46680724755254,5.25315948146287,1.49511966129751e-07,1.48331608502411e-06
"Os12g0580900",386.274486251346,1.29181962121525,0.246025005309529,5.25076554551838,1.51468372452672e-07,1.50064723634646e-06
"Os08g0325267",21.7921554988311,7.69952651103524,1.46650579319841,5.25025304826294,1.51890408577173e-07,1.50430832580476e-06
"Os02g0316200",537.497335796663,1.10680299065029,0.210852713022468,5.249175952184,1.52781095693091e-07,1.51208426728789e-06
"Os10g0551900",54.9410602831712,8.08495388304061,1.54139469660236,5.2452197356472,1.56096176670183e-07,1.54276221247123e-06
"Os04g0482000",6724.820549181,1.18382991332731,0.225777512374505,5.24334731513761,1.57689305999292e-07,1.55797034327301e-06
"Os06g0707400",241.937032284318,2.03213198903296,0.387596390436118,5.24290741393755,1.58065865960814e-07,1.56115242726965e-06
"Os11g0303701",19.2993461769643,8.25190101285036,1.57400941323944,5.24259953176983,1.58329933383324e-07,1.56322165792522e-06
"Os01g0116900",706.549871726738,3.26503808655754,0.62320307668203,5.23912382451767,1.61340760849841e-07,1.59130309117716e-06
"Os01g0214500",447.898488259572,1.95961729649938,0.374141844336107,5.23763200017525,1.62649965535661e-07,1.60366373452435e-06
"Os01g0232500",3972.60724976319,0.923188582063189,0.176303904376743,5.23634791485068,1.63785082580184e-07,1.61430002961384e-06
"Os03g0133400",1604.61779290954,1.17081596731433,0.223671306944327,5.23453805188232,1.65397996333711e-07,1.62963665438565e-06
"Os10g0577000",1514.12675426595,0.873889709779025,0.166988994194347,5.23321739851887,1.66584617234448e-07,1.64020015567058e-06
"Os11g0210201",1114.70629760906,2.52773044879796,0.483217060381131,5.2310455404953,1.68553975163435e-07,1.65902043846882e-06
"Os03g0356540",49.7283079562894,9.78152380066101,1.87025816302797,5.23003935714662,1.69473955918998e-07,1.66693023858261e-06
"Os03g0656500",561.835044739215,1.09660028179169,0.2097051880706,5.22924726794313,1.70201598030373e-07,1.67293865755274e-06
"Os01g0337500",529.706538874427,2.00502405699738,0.383580828204411,5.22712270679206,1.7216824548007e-07,1.69168880984052e-06
"Os09g0256100",348.676868081274,3.67489858754579,0.703589661206453,5.22307076150664,1.75980101979369e-07,1.72618345837483e-06
"Os06g0166100",1392.23483636537,0.628466409860632,0.120359847383381,5.22156203687084,1.77420172510557e-07,1.73852352352e-06
"Os12g0210400",7373.32767217301,1.22996731158027,0.235583429692675,5.22094152880276,1.78015745020106e-07,1.74316716552156e-06
"Os06g0711100",1719.60012405627,0.74004348519534,0.14176418937969,5.22024277381692,1.78688733824473e-07,1.74915941289333e-06
"Os08g0295300",13029.2101316126,0.745139776768247,0.142795467774998,5.2182312812782,1.80639813808752e-07,1.7664477628834e-06
"Os05g0339200",1072.26722253618,1.19145555730638,0.228435476674087,5.21572031916152,1.83104276566812e-07,1.78749701267199e-06
"Os03g0704100",658.324487319478,1.36675716805737,0.262104141612986,5.21455769316106,1.84256351370701e-07,1.79751888984451e-06
"Os08g0351300",37.3774872837113,9.40778625311248,1.80483762935107,5.21253884566616,1.86273545849622e-07,1.8141093255212e-06
"Os03g0410300",1473.12596542419,1.24074872507186,0.238049614767837,5.21214338566324,1.86671174716312e-07,1.81736408357858e-06
"Os01g0126100",1577.86247539887,1.33610375054348,0.256352874223007,5.21197101687719,1.86844745482318e-07,1.81843602158946e-06
"Os03g0224200",5651.10672804056,0.734251737728276,0.140960101915868,5.20893307928022,1.89929594918834e-07,1.84657711354409e-06
"Os10g0462300",379.980517466653,6.58668613215371,1.26483685974085,5.20753809586418,1.91362558713167e-07,1.85987789425023e-06
"Os07g0121800",394.875185479881,3.68876561349271,0.708380792317056,5.20732020616632,1.91587322280351e-07,1.86143097930709e-06
"Os10g0142100",2675.84901535231,0.662842810474336,0.127326753617041,5.20584081227706,1.93120149300905e-07,1.87441684206285e-06
"Os03g0430000",851.737595614905,0.617438807204975,0.118645347334295,5.20407096508624,1.94969496883956e-07,1.8917257110461e-06
"Os08g0526350",165.893549252392,1.68794101307459,0.324356197323211,5.20397336941463,1.95071972922527e-07,1.89207927155594e-06
"Os07g0141200",691.980255094194,2.75772327315217,0.530077657871873,5.20248916776408,1.96636824216928e-07,1.9059669443381e-06
"Os09g0551251",482.555433153392,3.87719295776149,0.745332992948478,5.20196072687406,1.97196903450116e-07,1.91010333930112e-06
"Os01g0684900",2237.77019570561,1.58838248406526,0.305393991399514,5.20109278111943,1.98120161668202e-07,1.91645471712266e-06
"Os04g0544500",2711.12801683643,0.979859959419268,0.188428838566046,5.20015920533215,1.99117895896308e-07,1.92480632699764e-06
"Os05g0137500",244.772501335499,2.83671914110245,0.545529044186712,5.19994154542494,1.99351211273714e-07,1.9264117724838e-06
"Os03g0289100",13444.8969514205,1.42982452634959,0.274981529790699,5.19971114946483,1.99598466630454e-07,1.92815079767221e-06
"Os05g0166600",78.3945566049871,3.36556490804142,0.647369830339579,5.19882878427624,2.00548143673359e-07,1.93667186131752e-06
"Os04g0416900",671.391278132314,1.06619684365854,0.205088413138623,5.19871809109899,2.00667589005538e-07,1.9371724259389e-06
"Os07g0506000",4510.63208898646,0.830637915912326,0.159811883391993,5.1975979400412,2.01880181636437e-07,1.94822194821394e-06
"Os01g0139200",13680.9011289863,0.646948471006249,0.124505813060918,5.19613064724706,2.03479282260629e-07,1.96233200785309e-06
"Os09g0459800",6074.13440839189,0.870664578613829,0.16767244198256,5.19265162670196,2.07319900939591e-07,1.99735366567625e-06
"Os01g0748600",3837.18288143285,0.792102982819456,0.152552494144432,5.19233059585062,2.07677808440286e-07,2.00012926636339e-06
"Os12g0181600",1165.53583269382,1.89576220979933,0.365212073900394,5.1908530557409,2.09332785818819e-07,2.01336118807681e-06
"Os09g0135200",17.1758794902888,8.16319546354778,1.57280894683896,5.19020156895357,2.10066551608425e-07,2.01974054922302e-06
"Os02g0730700",20170.9203501241,1.22435978475938,0.23590846776242,5.18997811470003,2.10318798840717e-07,2.02148749560021e-06
"Os06g0275900",1646.52206353284,0.695495207814252,0.134033482791497,5.18896616971571,2.11464806108818e-07,2.03113966631909e-06
"Os12g0600400",4993.80480824794,0.549502108029048,0.105897342779357,5.18900751999003,2.11417859732325e-07,2.03113966631909e-06
"Os02g0216000",22.6726390472238,8.68673946791209,1.67432972991669,5.18818922742555,2.12348770398207e-07,2.03894670557957e-06
"Os03g0836500",1751.12935682226,0.783600626909509,0.151094196028654,5.18617291402049,2.14659516963144e-07,2.05975367716946e-06
"Os10g0139700",911.226573387275,2.00057950357517,0.385878243325177,5.18448380591724,2.16613965005936e-07,2.07642131995653e-06
"Os04g0644300",1929.43361317399,1.02972349100406,0.198761039750575,5.18071092954768,2.21041816506911e-07,2.11674135245856e-06
"Os03g0596900",12258.4958293388,0.569594881624021,0.109959269387364,5.18005334882186,2.21822451475058e-07,2.12350714322198e-06
"Os11g0104220",42.4666425539753,9.31176158906556,1.79770284513685,5.17981134326832,2.2211041401096e-07,2.12555363468338e-06
"Os08g0528100",33.7026982058171,7.35981412355219,1.42101669518715,5.17925943338962,2.22768483731092e-07,2.13042810275809e-06
"Os11g0609600",738.186731511409,1.12550543116916,0.217345603091351,5.17841361941932,2.23780647368208e-07,2.13868015623546e-06
"Os09g0255900",163.027332294948,2.69205897769295,0.51998163995627,5.1772192916645,2.25217439000196e-07,2.15169391871745e-06
"Os01g0796400",4778.56989404168,0.800001756250177,0.154566051986883,5.17579213524886,2.26946017920876e-07,2.16676351398498e-06
"Os04g0546400",2136.37012682975,0.501187112659146,0.0968347306109681,5.17569584277213,2.27063108344515e-07,2.16715928723752e-06
"Os03g0183600",1053.82062922447,1.2739502979559,0.246153415002427,5.17543215048768,2.27384053666631e-07,2.16949980208335e-06
"Os03g0257600",1345.85384115595,1.30024416554545,0.251243402340626,5.17523705471331,2.27621790830604e-07,2.17032264588302e-06
"Os10g0512400",1748.41308229847,1.72349826107075,0.33310506307506,5.17403802019782,2.29088176419489e-07,2.18357765494717e-06
"Os04g0647800",10212.8369005981,1.07521091676504,0.207823576935044,5.17367149878812,2.29538240399137e-07,2.18713989488396e-06
"Os10g0135600",1417.63773062339,1.13599012314712,0.219601171960143,5.17296931071616,2.30402868096341e-07,2.19464859597619e-06
"Os09g0135100",32.9178209794292,9.05401331219003,1.75085089184398,5.171207527932,2.32586085078283e-07,2.21323696767285e-06
"Os01g0777500",137.436285360329,1.65988327777421,0.321086226099069,5.16958730351161,2.34611514974595e-07,2.23028836332186e-06
"Os12g0267500",27.3244393599617,7.83639810125591,1.51657937742934,5.16715327788442,2.37686334919e-07,2.25652381315413e-06
"Os11g0671000",36551.5223039586,0.926459789363766,0.179345268132773,5.16578886641094,2.39426939841204e-07,2.26977435240422e-06
"Os04g0394700",2039.0185933324,1.1376846364275,0.22036658239298,5.16269129408501,2.43424404594309e-07,2.30412819307438e-06
"Os09g0525600",5254.21795271886,0.517818519230152,0.100307896240145,5.16229069335134,2.43946070836908e-07,2.30754137392509e-06
"Os04g0120300",100.182054995204,3.13027621953263,0.606652388648825,5.159917405921,2.47058812220722e-07,2.33621422037892e-06
"Os10g0447600",3494.06416293675,0.747496243338176,0.144888796618785,5.15910312448039,2.48135616444251e-07,2.34562246201276e-06
"Os01g0818000",6852.68797265557,1.08224730675204,0.210005240101677,5.15343001073713,2.55764558558587e-07,2.41330792365417e-06
"Os10g0578000",1450.35684856213,1.05922062638586,0.205547145093549,5.15317605556521,2.56111310951867e-07,2.41543820980674e-06
"Os05g0125250",163.584253490963,1.91111587626632,0.3708705071629,5.15305433933274,2.56277664191e-07,2.41604857371463e-06
"Os09g0563700",498.715090512477,1.1393829993172,0.221233451452782,5.15013887743995,2.60293649416702e-07,2.4492392916543e-06
"Os01g0183850",185.466473293692,2.12686260301701,0.413015737920217,5.14959215289723,2.61053488902744e-07,2.45558258832614e-06
"Os01g0629400",3566.75558442845,0.849058417407585,0.164912925236551,5.14852560034149,2.6254195822814e-07,2.46877328098217e-06
"Os03g0737300",1118.0259701794,1.33683761809948,0.259666947534161,5.14827794139495,2.62888759342259e-07,2.4708530865807e-06
"Os10g0208900",20.3039296605362,8.47864020629338,1.64845602058583,5.14338271716843,2.6983513363528e-07,2.52988097150459e-06
"Os11g0594700",19.0971941835791,8.05545540202401,1.56645795582752,5.14246512142647,2.71156793638521e-07,2.53977916029124e-06
"Os06g0267600",4286.20113322436,1.556094787219,0.302669231037381,5.14123877701602,2.7293292531798e-07,2.55474491218908e-06
"Os06g0172800",4579.36604775644,1.46655028008558,0.285266000752676,5.14099218349218,2.7329142451051e-07,2.55643026283876e-06
"Os06g0358800",111.809373898512,1.94667833391025,0.378786922491074,5.139243776179,2.75846345467779e-07,2.57780479137078e-06
"Os06g0650800",776.579832849437,0.795031596515007,0.154725794434047,5.13832615578455,2.77196465020171e-07,2.5887330885782e-06
"Os11g0181500",2253.96198357657,0.941883557018751,0.183308911447662,5.13823113988474,2.77336628538281e-07,2.58919813648707e-06
"Os06g0666400",556.350155732654,1.40382777778616,0.273227624095455,5.13794233812802,2.7776307725376e-07,2.5923347522719e-06
"Os03g0826600",9448.16904370941,0.886630426702417,0.172619549560439,5.13632684687307,2.80160238321194e-07,2.61300493111291e-06
"Os12g0574400",5366.19564192224,1.18923543873459,0.231577826922983,5.13535969542585,2.81604902599462e-07,2.6256243635795e-06
"Os02g0140200",696.332158869889,1.22833789404923,0.239262648512106,5.13384726654099,2.83878497103043e-07,2.64424144960871e-06
"Os07g0696000",24.5669239254851,8.2647298083971,1.61082060534396,5.13075744187685,2.88578578863258e-07,2.68540222201691e-06
"Os06g0706400",2681.20325920661,2.11307808879609,0.411877142331422,5.1303601769087,2.89188302626608e-07,2.69020235287584e-06
"Os01g0807000",22.2545343913704,8.58754282868663,1.67399118376866,5.1299809174344,2.89771552115817e-07,2.69475316819941e-06
"Os03g0283100",4725.69697286063,1.16208476549816,0.226666251516854,5.12685394372328,2.94623899154577e-07,2.73721269733364e-06
"Os12g0507300",2160.17592771545,0.961277561174734,0.187520360828833,5.12625699377881,2.95559105652581e-07,2.74234439610031e-06
"Os01g0495701",38.2088002753583,6.15880939249455,1.20145496177827,5.12612589603767,2.95764872355949e-07,2.74247738600085e-06
"Os08g0148600",2135.17286433291,2.97830221505905,0.581137934709529,5.12494889280924,2.97618464478679e-07,2.75787976851329e-06
"Os08g0535900",269.302463894076,2.18495078899862,0.426720763200364,5.12032921157082,3.0500273348677e-07,2.82265449607976e-06
"Os05g0275700",884.870408768056,0.679530989857404,0.132716186070965,5.12018171991507,3.05241379852278e-07,2.82395092525911e-06
"Os08g0386800",7730.94706973783,1.13983718874949,0.222741272445213,5.1173147043499,3.09916280089928e-07,2.86442621197955e-06
"Os12g0495600",20.3691761472173,8.2100418044281,1.60445309923874,5.11703446384536,3.10376925976059e-07,2.86683419828048e-06
"Os10g0518300",3077.70253590117,1.05258955756477,0.205712095281174,5.11680927718931,3.10747555948021e-07,2.86933257267892e-06
"Os01g0867800",4746.76070205045,0.495834541942641,0.0969571658788223,5.11395457415018,3.15483255477322e-07,2.91118397292632e-06
"Os03g0387900",10342.1863904606,1.25480028138821,0.245395423061709,5.11338094954063,3.16443219447707e-07,2.91910210032701e-06
"Os04g0486950",5099.59189566602,1.91023237467165,0.37360080519587,5.11303066830962,3.17030803239779e-07,2.92358113113169e-06
"Os06g0340600",14928.8475064488,0.826107435772868,0.16158461379971,5.1125377370203,3.17859461716508e-07,2.93027969662207e-06
"Os05g0346200",6054.1638225352,0.867918462937096,0.169781398222687,5.11197617655806,3.18806039727467e-07,2.93806067876211e-06
"Os01g0701900",234.81037695806,1.26016842087181,0.246626892730739,5.10961479877067,3.22816295569257e-07,2.96833520560024e-06
"Os11g0629200",5010.17079910818,0.538756617430996,0.105453163874827,5.10896589191483,3.23926816971958e-07,2.97759100413235e-06
"Os12g0597700",5764.05230119103,0.575340444235125,0.112639896563435,5.10778562293081,3.25956158941324e-07,2.99432377877102e-06
"Os02g0166501",50.9249487585177,9.81437660282938,1.92179715879974,5.10687434305449,3.27531394914963e-07,3.00782997663574e-06
"Os04g0390000",16371.5580332505,0.755084064392577,0.147881469344578,5.10600866855847,3.29034602553264e-07,3.02066627118107e-06
"Os02g0301800",1696.20330580468,1.58987102469585,0.311386276332522,5.10578386247846,3.29426056973386e-07,3.02315835809489e-06
"Os03g0302000",805.369581313344,1.30673260994506,0.255938329810804,5.10565420549173,3.29652032837045e-07,3.02315835809489e-06
"Os10g0380100",667.270257016296,2.23381839077492,0.437522282351845,5.10561057317429,3.29728112140392e-07,3.02315835809489e-06
"Os01g0283300",2681.05997108881,3.11087823944273,0.609611047979423,5.10305423393136,3.34215171858766e-07,3.06135968801067e-06
"Os05g0399300",6551.35475130661,1.7481198186188,0.342640370508959,5.10190849963807,3.36245318974224e-07,3.07798750135766e-06
"Os03g0719900",4590.24205077649,0.937574919142969,0.183824301508637,5.10038613746027,3.38961244616579e-07,3.10185805836928e-06
"Os03g0307800",2533.44041014598,1.22968171674734,0.241099583506965,5.10030626706501,3.39104318159217e-07,3.10217654019729e-06
"Os01g0188100",1962.01538060087,1.07994095118564,0.211767573828389,5.09965209338797,3.40278349515911e-07,3.10993788527269e-06
"Os02g0783700",3013.8823257201,1.07745850046666,0.211403320441111,5.09669620239858,3.45632320936065e-07,3.15383989154781e-06
"Os01g0605100",2199.22491207918,1.36594158865325,0.268050942732432,5.09582833296256,3.4721966376827e-07,3.16731544294443e-06
"Os05g0475300",6302.86757051599,1.42359625492477,0.279751409622918,5.08879028292893,3.60354852158353e-07,3.27774197588607e-06
"Os04g0606601",12.5948080021159,7.58905838292672,1.49154817827915,5.08804106594965,3.6178104151822e-07,3.28967007349414e-06
"Os10g0559800",457.643118797141,2.05177436621653,0.40331589997979,5.08726377095311,3.63266436809937e-07,3.30212879044363e-06
"Os11g0676800",28.4829391422458,8.76416534667767,1.72312327457386,5.08620913895153,3.65291231624848e-07,3.31948124596103e-06
"Os05g0312000",2223.1904803288,1.38363278511753,0.272045878845295,5.08602736784835,3.65641313836186e-07,3.32160904376487e-06
"Os03g0354500",91.6139140187009,2.15668732664649,0.424097192077957,5.08536101377925,3.66927450447334e-07,3.33118038980261e-06
"Os02g0582600",2115.54519417987,2.10890481633954,0.414839430121907,5.08366530086064,3.70220086292457e-07,3.36000820793522e-06
"Os08g0202400",232.128906089955,1.67821733604855,0.330494640298388,5.07789577021089,3.81637947830635e-07,3.45487850908163e-06
"Os01g0959800",1878.90973204799,1.3016121868543,0.25636778044609,5.07712858686626,3.83181560234782e-07,3.46775681106979e-06
"Os06g0567900",184.208216205689,3.38828737594575,0.667466018555063,5.07634438571232,3.84765639679852e-07,3.4809930874983e-06
"Os02g0823000",6464.9306497463,1.16412277441746,0.229326121839982,5.07627637478541,3.84903318564927e-07,3.48113948343506e-06
"Os04g0269700",379.571356028725,4.72318569633339,0.931311108637375,5.07154446299261,3.94600042858069e-07,3.56658688579476e-06
"Os01g0558100",116.448900128731,2.54118636732773,0.501152745049013,5.07068232676088,3.96391953520188e-07,3.57939560424218e-06
"Os06g0334100",1062.54566467524,2.28902019131561,0.451429748956427,5.07060112145278,3.96561139076787e-07,3.5797951344764e-06
"Os01g0948600",15557.3973338417,1.67930124984639,0.331265561320756,5.06935053300142,3.99175468349909e-07,3.6011257931869e-06
"Os12g0481400",731.518722580482,3.17622605470797,0.626827396184629,5.06714619373851,4.03824138907501e-07,3.63848088930117e-06
"Os06g0200250",261.495884259567,3.26250203047361,0.644146622766122,5.06484380289636,4.08735347551447e-07,3.68041646073037e-06
"Os02g0475300",2390.74254652074,0.867946336663922,0.171524073267938,5.06020128911062,4.18814105568184e-07,3.76643495064018e-06
"Os07g0481400",1660.38310339875,0.780915620629937,0.154327377519584,5.06012370054585,4.18984568357692e-07,3.76678564561801e-06
"Os03g0731900",6405.0173816934,1.19701130784197,0.236584267461663,5.05955582205371,4.20234242117941e-07,3.7756511461785e-06
"Os05g0130100",499.568353561221,2.27512120294717,0.449720185879629,5.05897060968512,4.2152582297434e-07,3.7860683008968e-06
"Os05g0443400",2164.54093728422,1.08450227425528,0.214571404266772,5.05427215691305,4.32035171054934e-07,3.87438864509107e-06
"Os10g0574700",3728.40656521318,0.938427503609323,0.185701438762029,5.05342074819297,4.33966435574757e-07,3.8904900851339e-06
"Os03g0242300",1304.36989683961,1.58754635812545,0.314254454446278,5.05178633322075,4.37697171789808e-07,3.92025613195423e-06
"Os04g0692300",1283.14695479527,0.673414819320167,0.133304600504158,5.05169976709966,4.3789562906092e-07,3.92080798870421e-06
"Os01g0136450",28.4445342424644,8.58808181002952,1.70067175916894,5.049817381707,4.42232623289026e-07,3.95716712132329e-06
"Os04g0186400",4607.89310197716,2.03985851544806,0.403954540411982,5.04972295488416,4.4245126951371e-07,3.95788753484447e-06
"Os07g0409900",5460.90789121257,1.04359454082925,0.206915101939044,5.04358807573499,4.56882317721755e-07,4.07933691722148e-06
"Os01g0157900",5544.59765421837,0.820912900020642,0.162776591866926,5.04318766356628,4.578398248877e-07,4.08533997592101e-06
"Os07g0538000",925.798514848845,2.64133853369552,0.523891227483306,5.04176896869243,4.61247958506279e-07,4.11318907784685e-06
"Os01g0390400",1610.08243420986,1.09253393118425,0.21689496287846,5.03715677249945,4.7249777658606e-07,4.21072703664034e-06
"Os06g0259000",3730.89935812086,1.26263322901934,0.250666471876951,5.03710456195017,4.72626628152845e-07,4.21072703664034e-06
"Os08g0235400",391.343853939885,1.73214016573883,0.344044180073077,5.03464457782986,4.78736244013104e-07,4.26250803712351e-06
"Os01g0850550",3057.43568603366,2.54874898357197,0.506273552911045,5.03433167487577,4.79518809062424e-07,4.26814939958266e-06
"Os10g0485300",5027.42814382664,0.94530327517929,0.18777565617067,5.03421633270769,4.7980758899858e-07,4.26939349067929e-06
"Os02g0599700",504.388384361422,6.15558037297142,1.22327781449899,5.03203793938871,4.852931931186e-07,4.3128475711024e-06
"Os11g0109500",911.474562010039,1.04752928665891,0.208211067278444,5.03109320917144,4.87690960793046e-07,4.3328128398891e-06
"Os05g0144300",3018.89597852758,0.714747619079089,0.142136797708377,5.02858957428842,4.94100689635717e-07,4.38567935546548e-06
"Os08g0152600",1608.11371427936,0.817146129291093,0.16252343883956,5.02786635039002,4.95967339091316e-07,4.39952204323356e-06
"Os07g0107900",1627.58712024293,0.747848777069721,0.148765641657163,5.02702619192927,4.98144337722299e-07,4.41609887512974e-06
"Os06g0641400",111.033260348173,5.93327252381814,1.18041451785186,5.02643133754034,4.99691279442579e-07,4.4284424802316e-06
"Os03g0829466",57.0429284030468,4.42025560142047,0.879483038057524,5.0259702690609,5.0089349176455e-07,4.437724281397e-06
"Os02g0796500",3664.48872224787,0.975364586008354,0.194158247019531,5.02355476000069,5.07237533052453e-07,4.49254089552361e-06
"Os05g0256500",17334.3404443455,1.19828333465153,0.238570701852191,5.02275981647546,5.09342250161044e-07,4.50978805674111e-06
"Os06g0574550",96.3828713850094,20.815561655227,4.14450525090455,5.0224478906581,5.10170413134832e-07,4.51572526324968e-06
"Os09g0129500",672.644102015636,1.50354284458596,0.299541741163224,5.01947688074185,5.18123804339274e-07,4.5776389891856e-06
"Os01g0349400",1892.99045583295,0.720637662676,0.143571915851503,5.0193497690827,5.18466735614917e-07,4.57925675364938e-06
"Os02g0515200",1822.5008771366,1.11606729967417,0.222386635654459,5.0185897924563,5.20521627747626e-07,4.59598942318181e-06
"Os05g0305900",2981.61215204596,0.718556311464781,0.143184950943045,5.01837872438566,5.21093724323065e-07,4.59894630226621e-06
"Os08g0557900",4779.69031435809,0.866611703296701,0.172694908213383,5.01816592198484,5.21671135564199e-07,4.60188466015561e-06
"Os07g0432800",212.608322559146,4.72556884524683,0.941707333115343,5.01808648937007,5.21886823571506e-07,4.60237035056042e-06
"Os09g0554101",20.0233361333086,7.6786921583541,1.53077035439943,5.01622737616101,5.26959610958909e-07,4.644246931158e-06
"Os09g0451000",2082.6815491552,2.00508565148127,0.399828378989886,5.01486576952554,5.30705027030117e-07,4.67438070533874e-06
"Os05g0568100",758.18695979895,1.48866309048634,0.29694118574558,5.01332641596517,5.34970292136186e-07,4.70760712846622e-06
"Os02g0265900",6733.17043659309,1.15481830130639,0.230357305372672,5.01316118209548,5.35430084222459e-07,4.71020656221735e-06
"Os06g0574100",761.569772261449,1.71497442979252,0.342350374546515,5.00941303792706,5.45962891614883e-07,4.79256396156545e-06
"Os10g0469700",724.201758311247,0.991578763043053,0.198022166548806,5.0074129594914,5.51664847390201e-07,4.84113360104871e-06
"Os12g0472300",25.1168090999919,20.7411783698841,4.14475656793242,5.00419699684091,5.60953695666872e-07,4.91361824770628e-06
"Os08g0416000",23456.6446682096,0.752706894088605,0.150464569437941,5.00255240752248,5.65761946698859e-07,4.95422105648402e-06
"Os09g0422000",5321.90202619777,1.23784718230446,0.247567856349539,5.00003191269208,5.73208260884346e-07,5.01482842468955e-06
"Os10g0532300",3148.70678395746,1.45156193224156,0.290439319138689,4.99781481566006,5.79836276231845e-07,5.07126647942454e-06
"Os05g0458400",9760.48313148997,0.516456202853136,0.103346205126954,4.99734075594457,5.81263035439609e-07,5.08219361959587e-06
"Os03g0656800",683.520086220546,2.08913975291681,0.41815505084911,4.99608876820831,5.85047385059472e-07,5.11216153605489e-06
"Os02g0319100",5164.42529196507,0.783614659858082,0.156855983667328,4.99575879438574,5.86048736117872e-07,5.1193501180638e-06
"Os07g0645100",10041.295299636,0.692503409191877,0.138672420193166,4.99380776817224,5.92003243568942e-07,5.1682135693898e-06
"Os09g0128400",2392.90119232529,1.50304829806801,0.301180226938141,4.99052780904079,6.02145305015082e-07,5.2503552280256e-06
"Os01g0327100",628.325815668885,3.02474996906462,0.606483147046111,4.98736029813315,6.12098502792083e-07,5.32741382199233e-06
"Os01g0259200",6158.15896450873,1.50875061291391,0.302631307455501,4.98544128034658,6.18205528948723e-07,5.37566762228795e-06
"Os06g0494400",258.740785758453,2.54124278995083,0.509784184480479,4.98493846477527,6.19815358959863e-07,5.38803084493871e-06
"Os06g0722650",1164.81361511879,1.8378415997903,0.368801855581214,4.9832764450004,6.25165334468282e-07,5.42959598762813e-06
"Os05g0533600",1837.00556542844,0.817393318092743,0.164097862376061,4.98113324730295,6.32129934394619e-07,5.48509596616433e-06
"Os01g0916100",3789.28662647284,2.35255920248673,0.47241239287752,4.97988460496774,6.3622197184173e-07,5.51559211413291e-06
"Os05g0426200",38243.7263285939,0.934565781434278,0.187752933310863,4.97763611440847,6.43655168369681e-07,5.57834479253723e-06
"Os05g0399200",7373.1375897391,0.750036862656764,0.150728049676521,4.97609346280554,6.48803294323799e-07,5.61786400391825e-06
"Os04g0608850",19.2201625837017,4.4143377539746,0.887183048302303,4.97567865213588,6.5019435323907e-07,5.62820803897457e-06
"Os03g0280000",6089.25308235331,0.783465454737795,0.15755007001612,4.97280296135466,6.59917258818662e-07,5.71064611889831e-06
"Os06g0183100",995.851054875568,1.51197502671245,0.304083942704026,4.97222909328066,6.61874245660186e-07,5.72412341885169e-06
"Os02g0637000",379.00923155678,3.53563106030571,0.711086168385734,4.97215558043,6.62125340602328e-07,5.72456706666804e-06
"Os04g0539800",3823.92268012999,0.763022104770919,0.153563050786535,4.96878709339775,6.73729939183443e-07,5.81962924856316e-06
"Os05g0128000",141.998602693596,1.76799332844488,0.355826163067502,4.96869964030576,6.74033814188147e-07,5.82049935024678e-06
"Os02g0139000",4143.15041208084,2.1200386217502,0.426687233634583,4.96860101412317,6.74376671015705e-07,5.82170544680385e-06
"Os07g0209700",71.951343295081,2.35812479674076,0.474623131010388,4.96841523867734,6.75022943619609e-07,5.82377518235141e-06
"Os07g0248800",2294.63768516099,0.937647388760199,0.18874363723955,4.96783575051144,6.77042694210661e-07,5.83944228613e-06
"Os10g0389000",2929.06341004755,1.87752258573681,0.377973957280106,4.96733319736479,6.78799009135794e-07,5.85282853137489e-06
"Os07g0675000",12864.5576908543,0.928185552683231,0.186906458244066,4.96604323576228,6.83327267409232e-07,5.89010014013517e-06
"Os01g0946500",947.756122208019,1.26098141262435,0.253984041441523,4.96480568411886,6.87698896056434e-07,5.92421791034544e-06
"Os10g0552400",1476.14370611705,1.75446628002897,0.35353626430198,4.96262040753578,6.95484237872482e-07,5.98588596681357e-06
"Os08g0356700",942.618372050484,1.20626895820422,0.24307804425633,4.96247598953113,6.96001727157248e-07,5.98854098693978e-06
"Os04g0109400",1351.06369653628,7.98833179780813,1.61033376760038,4.9606683772842,7.02510363276988e-07,6.0427279881754e-06
"Os01g0930950",175.959838685105,1.5424925712041,0.310949761963812,4.96058450555629,7.02813777956646e-07,6.04352351921184e-06
"Os09g0493700",3195.71381628545,0.926897156999054,0.186893975004797,4.95948120839778,7.06816843864876e-07,6.07430000312431e-06
"Os06g0207950",368.19016405534,3.349098914696,0.675899198104354,4.95502720537171,7.23201696757654e-07,6.20208770293334e-06
"Os04g0648800",8049.92141885301,0.77393322943286,0.156234304884138,4.95367025831363,7.28265777856784e-07,6.24178015768847e-06
"Os06g0318600",291.8462747753,2.24060367723379,0.452391510306377,4.95279780055192,7.31539786896014e-07,6.26796590135903e-06
"Os12g0556300",188.605585346641,5.54548068114633,1.12007850433866,4.95097500725687,7.38425874487334e-07,6.32318534244205e-06
"Os11g0655800",1479.6960108985,0.855541327403428,0.172821616226949,4.95043007976464,7.4049657947715e-07,6.33902240668638e-06
"Os02g0526400",2088.93516885965,0.796899586019631,0.16098129782573,4.95026190484755,7.41136766989912e-07,6.34260772036886e-06
"Os01g0650200",1154.87528918381,1.43518166714532,0.289929599338715,4.95010399220621,7.41738374703889e-07,6.34586082771449e-06
"Os10g0464100",5897.37383738906,0.739875238433442,0.149488203203485,4.9493887984346,7.44468979859678e-07,6.3673209584894e-06
"Os07g0187900",803.874687295054,1.27260102286829,0.257169742780539,4.94848658753099,7.47927431164332e-07,6.39308375826982e-06
"Os01g0748900",2589.07781939501,0.709179569471324,0.143338839633852,4.94757437190694,7.51439967286304e-07,6.4192778600737e-06
"Os09g0305300",15.5553547394985,6.88879319626493,1.39279395721116,4.94602461519763,7.5744385310638e-07,6.46478441441883e-06
"Os06g0271900",417.655765729669,2.0016970063362,0.404760824668031,4.94538227106813,7.5994587019821e-07,6.48420758574125e-06
"Os12g0112200",3948.18298869025,1.01947552307626,0.206220402036725,4.94362106274383,7.6684692307087e-07,6.53725023499749e-06
"Os02g0266800",1831.94652646133,1.01062120884001,0.204476937320469,4.94247039340236,7.71388225149191e-07,6.57278485662853e-06
"Os11g0237300",29.579029309278,4.62929793712566,0.936640563585925,4.94244870134859,7.71474084630802e-07,6.57278485662853e-06
"Os07g0471900",635.309860443235,1.42010400831192,0.28753994691458,4.93880597652678,7.86023704628743e-07,6.68085173094712e-06
"Os05g0564800",3270.31436165099,0.714126306507357,0.144607316456446,4.93838295327499,7.87730356707375e-07,6.69337193961438e-06
"Os01g0672400",5287.81141586874,0.450428786278248,0.091306262074427,4.9331642326031,8.09080693737385e-07,6.86867556650772e-06
"Os01g0939500",414.648853290738,4.66991458332172,0.947452991937801,4.92891428182676,8.26878408672874e-07,7.01140786760647e-06
"Os02g0640500",149.407159365381,2.49183627049608,0.505614384688539,4.92833342158781,8.29339999683768e-07,7.02817204109415e-06
"Os09g0484900",478.053877194946,1.63644381674087,0.332087389653188,4.92775054918487,8.31817211476601e-07,7.04708064554334e-06
"Os09g0325366",18.0633620877412,8.1171696236536,1.6491636171966,4.92199169264474,8.56678514470246e-07,7.24485029415629e-06
"Os10g0105700",2781.45073041497,0.956853335399775,0.194411364349668,4.921797337314,8.57529916569539e-07,7.24777202641606e-06
"Os10g0342300",150.268494630209,1.91138921281395,0.388502427594542,4.9198900111089,8.65928590767672e-07,7.31013140326321e-06
"Os03g0318600",8458.03691278253,1.08593508894361,0.220770198363202,4.91884818238501,8.70549546983947e-07,7.3451606568596e-06
"Os06g0565300",307.99967694678,1.56964109395116,0.31929090487307,4.91602194110462,8.83205032851202e-07,7.44063234379672e-06
"Os07g0290800",313.272897217043,1.07162791124042,0.218071073693639,4.91412223129566,8.91811010383423e-07,7.51092565241207e-06
"Os10g0536000",6581.08355880111,0.624892673802934,0.127170826317598,4.91380524840121,8.93254829860349e-07,7.51866550680339e-06
"Os06g0660800",5421.07819425533,0.904823604058404,0.184203229542936,4.91209413810791,9.01087685417027e-07,7.58236838841958e-06
"Os01g0135600",24.309592389529,8.14903247930213,1.65906124225884,4.91183343431439,9.02286885510098e-07,7.59023013612312e-06
"Os05g0557400",619.775221815515,1.45615728061856,0.29653579049141,4.91056164992921,9.08158978084679e-07,7.63514408453117e-06
"Os02g0613200",6749.2465074591,0.999053571622599,0.203471996393978,4.91002982881317,9.10625401914694e-07,7.6513897406627e-06
"Os04g0219200",225.532417958535,7.7442681629808,1.57723350680135,4.91003274377951,9.10611865629662e-07,7.6513897406627e-06
"Os11g0144900",453.591384049059,1.3899151172252,0.283126981879878,4.90915810282927,9.14682156696409e-07,7.68322285361052e-06
"Os02g0671100",1176.89126107073,2.04949790138538,0.417505804624005,4.90890875931917,9.1584572438278e-07,7.69074199736677e-06
"Os03g0837800",129.712791714467,2.08574527404319,0.424924456033409,4.90850842879987,9.17716858176646e-07,7.70419672442932e-06
"Os02g0798600",3217.43841139043,0.61303824644849,0.125012195540232,4.90382753298015,9.39870184218438e-07,7.86712255864057e-06
"Os01g0897200",3662.30716936639,0.674643956305987,0.137577060812656,4.90375322979662,9.40225957243015e-07,7.86780202305107e-06
"Os11g0112300",272.932406219533,0.860827273000931,0.175643940619223,4.90097904867161,9.53602268466446e-07,7.96809921146125e-06
"Os05g0135400",547.688791638352,1.0973614531214,0.223909862826746,4.90090717428783,9.53951249454347e-07,7.9686913117685e-06
"Os01g0151100",2991.69951351852,0.844120275660863,0.172350418860764,4.89769784860689,9.69659834400463e-07,8.08576646543716e-06
"Os02g0810900",862.78543642912,1.63148161410981,0.333171819147072,4.89681755883929,9.74011894393906e-07,8.11969415134542e-06
"Os08g0562300",2360.04397546442,1.25271650357609,0.255892101690176,4.89548718112775,9.80624843945143e-07,8.16769274090588e-06
"Os03g0374600",1595.12199705689,1.61604837943841,0.33012061136551,4.89532711318386,9.81423405486635e-07,8.17196844347662e-06
"Os04g0542200",3492.86124227482,1.63088321149193,0.333166451306342,4.89510034728062,9.8255578758471e-07,8.17902046074291e-06
"Os03g0718000",1343.57660820901,0.913525490889921,0.186790148329141,4.89065134891485,1.00502846146357e-06,8.34910857577684e-06
"Os12g0263600",665.792892788399,1.42215649619164,0.290927662938336,4.88835087673694,1.01684178593571e-06,8.44235028995365e-06
"Os08g0177000",212.04650330991,1.25292715805771,0.25637949475865,4.88700221223693,1.0238294392666e-06,8.49544196173374e-06
"Os03g0217000",241.035798065599,1.30294672393163,0.266625125213599,4.88681148443085,1.02482135413002e-06,8.49679711494185e-06
"Os04g0533500",472.849578630232,0.879867312519753,0.180047517711556,4.88686166687029,1.02456028153698e-06,8.49679711494185e-06
"Os04g0182800",1887.90800847799,0.674719083975382,0.138088903032462,4.88612096380236,1.02842027538169e-06,8.52119656744831e-06
"Os05g0150300",6605.33461025311,0.915848012289802,0.187458263595665,4.88561024050253,1.03108993449064e-06,8.54084671957957e-06
"Os10g0442900",2509.85606494929,1.65726628244589,0.339259051025097,4.88495819769093,1.03450799607595e-06,8.56668297790986e-06
"Os02g0193100",95.8362319381402,4.47512746766388,0.916633503240575,4.88213386467216,1.04943972067862e-06,8.67779130645998e-06
"Os04g0509600",6307.92009814535,0.76424024448272,0.156583503714628,4.88072003980407,1.05699204418989e-06,8.73519932221767e-06
"Os02g0827900",1303.59652576048,0.820799121935625,0.168212563022719,4.87953519752722,1.06336145785265e-06,8.78023991077637e-06
"Os01g0800300",885.354895408635,0.937291031079146,0.192197829463798,4.87669935552364,1.07875659451217e-06,8.90222751899844e-06
"Os01g0316900",3366.88104368699,0.708191093546086,0.145234267124465,4.87619834883162,1.08149864753699e-06,8.92228599171603e-06
"Os10g0210500",16117.678735002,2.131016664118,0.437186391071261,4.87438929399485,1.09145570812912e-06,8.99407217409133e-06
"Os03g0784800",2970.89068649298,0.714779036774829,0.146648797869004,4.87408725582133,1.09312670110209e-06,9.00525193788879e-06
"Os11g0569800",25.8818671941035,6.97779682795114,1.4318004142278,4.8734423866712,1.09670261215047e-06,9.03211360831711e-06
"Os01g0891400",339.05080594081,1.61920440503506,0.332264811590026,4.87323468677437,1.09785673885112e-06,9.03902048320751e-06
"Os02g0141000",628.352895939728,0.976452783846784,0.200543708696567,4.86902725691689,1.12148939458464e-06,9.22564287500404e-06
"Os09g0322000",2145.25599305433,0.974104408081765,0.200069309838819,4.86883474965014,1.12258231490476e-06,9.23198291809734e-06
"Os06g0524900",145.143146611072,1.82363679184721,0.374643944700528,4.86765318816225,1.12931287062541e-06,9.28466925944307e-06
"Os01g0510200",852.773423374997,1.74250921047802,0.358070914291068,4.8663802083114,1.13660762461399e-06,9.33660598063073e-06
"Os12g0153200",170.299410603374,2.60953270648715,0.536342115645994,4.86542568700597,1.14210718964124e-06,9.37909291991999e-06
"Os09g0453300",302.52334036464,1.23868306107616,0.254652187274049,4.86421528256156,1.14911787853867e-06,9.42855826342782e-06
"Os02g0715400",755.487577782834,1.22463624294853,0.251875897354961,4.86206205440405,1.16169190018099e-06,9.52082274713547e-06
"Os02g0208600",2636.28435340586,0.947079554198578,0.194806090129497,4.86165270073954,1.16409729725217e-06,9.53780833882448e-06
"Os12g0143900",6956.94001571726,1.00068079277854,0.205834637368663,4.86157629041928,1.16454682124446e-06,9.53876372850094e-06
"Os04g0291100",1666.474130906,1.19683954501229,0.246195801456618,4.86133206956084,1.16598469948641e-06,9.54781183471981e-06
"Os10g0134250",186.206992725145,2.92966088811602,0.602664173946715,4.86118308465279,1.16686270390252e-06,9.55227148349001e-06
"Os10g0437550",21.0612372173032,8.11634151057274,1.66985148089156,4.86051700013422,1.17079588817228e-06,9.58173201597032e-06
"Os09g0517900",635.476524508022,1.55232224019236,0.319611632567899,4.8569015705728,1.19236827769599e-06,9.74436277596852e-06
"Os02g0690200",3474.20705228815,0.948099024383494,0.195258202607163,4.85561687920972,1.20012540779956e-06,9.80216453371518e-06
"Os02g0614500",1002.48590936568,1.24793391465431,0.257024467569431,4.85531173921098,1.20197500496781e-06,9.81447359428259e-06
"Os08g0433600",803.760228224171,1.24813981924987,0.257151270558199,4.85371826684163,1.21167843224462e-06,9.88525354233283e-06
"Os12g0571100",17659.4305289374,1.14539485670001,0.23599082005897,4.853556830786,1.21266568848988e-06,9.89049168989812e-06
"Os11g0105800",1257.66522037617,0.974655776220794,0.200861383666515,4.85238007639631,1.21988550278991e-06,9.93806068408775e-06
"Os10g0418900",39.0174485712722,9.29655349265382,1.91608099746194,4.85185830085895,1.22310000130315e-06,9.96141592874868e-06
"Os02g0684800",856.040277473017,0.91361517910648,0.188351374408802,4.85058939428576,1.2309513856889e-06,1.00196645178291e-05
"Os02g0789600",873.103683606455,0.617466768749283,0.127303618534757,4.85034734955864,1.23245453853515e-06,1.00290506782474e-05
"Os07g0578200",2244.476620066,1.28522929098518,0.265083230073222,4.84839908820401,1.24461816207041e-06,1.01165388878415e-05
"Os05g0584400",150.409470068798,2.09622686498203,0.432479177298055,4.84700067660683,1.25342000376263e-06,1.01736515432881e-05
"Os08g0134900",1679.95482009621,0.963885272047444,0.198881426102553,4.8465323833228,1.25638088224465e-06,1.01919096936788e-05
"Os06g0651600",4571.93829255264,0.709241762094923,0.146407032121885,4.84431486531652,1.27049319013384e-06,1.02889120643626e-05
"Os12g0467700",83.3254662572627,2.44773519289004,0.505575308210049,4.8414848453657,1.2887250563719e-06,1.04277182477175e-05
"Os01g0275950",322.870865504502,2.24210282346045,0.463238092703409,4.84006574324614,1.29796183068284e-06,1.04906071573271e-05
"Os02g0745400",179.35181777643,1.91895235248484,0.396682709538013,4.83749935740759,1.3148280993802e-06,1.06179410099891e-05
"Os04g0162800",27.5435186821018,6.45482910314988,1.33529338116211,4.83401565095172,1.33806059578065e-06,1.07903496173113e-05
"Os10g0130600",139.708516683306,2.12902562748474,0.440489960659904,4.83331248752008,1.34279757464541e-06,1.08255025629545e-05
"Os10g0400100",5115.93163559019,1.19215591296098,0.246793374689877,4.83058313238373,1.36133759559839e-06,1.09687977472118e-05
"Os05g0196800",1590.22931494262,1.36302602359936,0.28216938263595,4.83052417263113,1.36174080255317e-06,1.0968961899003e-05
"Os01g0364800",290.518075602763,1.58637698084353,0.328575568645455,4.82804302031138,1.37881311507946e-06,1.1089512554181e-05
"Os06g0724000",1152.35012482876,1.56626899379016,0.324449647118646,4.82746400774295,1.38282670637852e-06,1.11169334430857e-05
"Os06g0275700",1905.81666477555,1.03589199674121,0.214601044801339,4.82705942881201,1.38563782665734e-06,1.11364081372752e-05
"Os12g0495800",26.6014269264472,8.0622829263945,1.67114903456687,4.82439492805863,1.40428922466524e-06,1.12736606514733e-05
"Os09g0451400",275.029990863621,1.99980089384281,0.414651068223646,4.82285238624829,1.41519704945212e-06,1.13485098966981e-05
"Os04g0456100",17.6217603715129,7.23122175559691,1.49935789777575,4.82287902463061,1.41500799113577e-06,1.13485098966981e-05
"Os09g0491788",453.193688252609,3.53939014057568,0.734260027519641,4.82034975066241,1.43306754376667e-06,1.14757549647855e-05
"Os02g0740400",344.551693712002,1.77415065590462,0.368112588977159,4.81958702046646,1.43855695609392e-06,1.15164945252872e-05
"Os05g0586200",3282.94783203902,0.858886780801182,0.178255519625504,4.81828996154292,1.44793842178592e-06,1.15657462116003e-05
"Os10g0574750",469.968263762093,0.912114211443641,0.189392648982167,4.8159958496041,1.46467567559748e-06,1.16929193249426e-05
"Os01g0237000",684.486710007755,2.84895621958269,0.591743861476549,4.81450912304157,1.47562162817598e-06,1.17737429380391e-05
"Os02g0512000",7067.34038747259,1.52923873931912,0.317683344036058,4.81372022810722,1.48146172628105e-06,1.18170493823509e-05
"Os05g0583400",300.912000410689,1.64381202410443,0.341675958227607,4.81102630876183,1.50157248250324e-06,1.19541691493978e-05
"Os09g0304800",414.211314946193,12.8776497562191,2.67804027795855,4.80860943810584,1.51983816801008e-06,1.20928639794015e-05
"Os01g0754500",4619.77859615643,0.673745273668103,0.140130609058638,4.80798077018401,1.5246242712352e-06,1.21242116623455e-05
"Os11g0158500",3558.73682696143,0.63368726760596,0.131887192068993,4.80476729896914,1.54931591217376e-06,1.23034921052114e-05
"Os01g0674450",366.727340497378,4.17987577012318,0.870393360682974,4.80228360984204,1.56866299189921e-06,1.24502304830737e-05
"Os12g0506500",479.682439619793,1.22381948634965,0.254839213186767,4.80232014157388,1.56837674669465e-06,1.24502304830737e-05
"Os04g0630300",24.6515828249489,7.32102333936821,1.52502330116071,4.80059769171797,1.58192781898104e-06,1.25520343033633e-05
"Os01g0689900",3993.54610668855,1.1526470853029,0.240154423945116,4.79960796210994,1.58976518674888e-06,1.26037498978221e-05
"Os03g0700700",5394.5763222511,0.621885124234149,0.129590556333933,4.7988460102884,1.59582426663241e-06,1.26482868291983e-05
"Os08g0171600",14.5971179262185,6.85653478373468,1.42904210053774,4.79799355187268,1.60262936998845e-06,1.2698710373039e-05
"Os11g0704525",190.543922914892,1.88475381959447,0.393020019501326,4.7955669586142,1.62215372222582e-06,1.28498613351436e-05
"Os03g0284100",12098.7999731847,0.85968188552646,0.179319159063479,4.79414408374586,1.63370828848586e-06,1.29306657131759e-05
"Os02g0175100",2146.60324400468,1.34519786958557,0.280607040590404,4.79388495297639,1.63582107821851e-06,1.29438126299687e-05
"Os05g0125500",12179.6400833995,0.455790062913857,0.0950817121457263,4.79366696947246,1.63760041264474e-06,1.29543144735222e-05
"Os04g0116600",13.4472352339044,6.82959429662295,1.42490598682082,4.79301396709041,1.64294181734833e-06,1.2992980665378e-05
"Os04g0122000",202.995820105068,4.38206539997772,0.914335604004033,4.79262251277092,1.64615184500861e-06,1.30147744655592e-05
"Os07g0669700",13322.615663846,1.05754800639637,0.220668492113594,4.79247397880424,1.64737143931337e-06,1.30172328955341e-05
"Os08g0465800",3926.36893292886,2.03709686292301,0.425075411845779,4.79231874193206,1.64864699851119e-06,1.30237203753357e-05
"Os07g0471000",3392.12642417607,0.921150551648607,0.192222726692153,4.79210012000215,1.6504449936735e-06,1.30307384840819e-05
"Os09g0417600",360.237078550128,1.58335047100619,0.330408137299622,4.79210495221664,1.65040523211036e-06,1.30307384840819e-05
"Os09g0441400",10334.7922944013,1.26356852339872,0.263739517120568,4.79097155099847,1.65975661291371e-06,1.31006464113509e-05
"Os12g0616500",2710.29354962057,1.6948915648473,0.353784574752647,4.79074466723799,1.66163467620288e-06,1.31082480018075e-05
"Os07g0258800",690.097784033733,1.2239915819971,0.255523085744039,4.79014089248747,1.6666424649255e-06,1.31441342981132e-05
"Os01g0289900",15.0207089226682,7.33823582002435,1.53240671019564,4.78869987399591,1.67865315928058e-06,1.32352147274924e-05
"Os01g0960400",8787.84448912047,1.62131539544583,0.338579336393423,4.78858341656708,1.6796274410987e-06,1.32392532166052e-05
"Os01g0743666",21.338127156346,4.64252501789488,0.969587346004203,4.78814522180734,1.68329824668443e-06,1.32645383289335e-05
"Os08g0484600",4175.70219058519,0.707195615251797,0.147722344395639,4.78733002881231,1.69014773285507e-06,1.33075330700092e-05
"Os05g0414700",2783.88630873749,1.35033856824041,0.282281441910897,4.783660445757,1.72131371571513e-06,1.35417574362081e-05
"Os01g0571300",370.391911582162,1.59406964557397,0.333324028734437,4.78234243005618,1.7326419334752e-06,1.3623396453878e-05
"Os07g0462500",138.48821425133,5.50154773254343,1.15088460597112,4.7802774526654,1.75053440410761e-06,1.37565309233383e-05
"Os02g0643000",1889.94656049315,1.07701423978973,0.225486864490794,4.77639459053146,1.7846603474791e-06,1.40093392536908e-05
"Os10g0194200",3805.80253840545,0.787206191984855,0.164821098664191,4.7761251342507,1.78705213501526e-06,1.40242721918536e-05
"Os01g0319200",408.583984979066,3.00924391054917,0.630272509434722,4.77451239821343,1.80143185741255e-06,1.4121648585112e-05
"Os01g0786900",3920.54858501325,0.925171402861379,0.193775443925033,4.7744512107494,1.80197960977439e-06,1.41220787142385e-05
"Os01g0374900",2155.69623066353,0.764282982747157,0.160093833829665,4.77396889351986,1.8063029373452e-06,1.4148220820343e-05
"Os07g0101400",1866.87373896309,0.49637641493781,0.104027461078055,4.77159021083254,1.82777083860355e-06,1.42831126794894e-05
"Os12g0595600",15.6299712210113,7.19850171626521,1.50862528658535,4.77156374102573,1.82801110553147e-06,1.42831126794894e-05
"Os11g0655500",488.736395987034,1.31960523052364,0.276594461174986,4.77090258755685,1.83402226322851e-06,1.4326173905677e-05
"Os02g0769800",2271.94504617685,0.893273718147643,0.187252313841464,4.77042819830748,1.83834707306345e-06,1.43521308821292e-05
"Os03g0381300",3351.24482320365,1.16600730630467,0.244542422100858,4.76811874311022,1.85954176924265e-06,1.44978478292083e-05
"Os03g0730400",2090.2390397661,0.913306699222979,0.191558715784578,4.76776374012687,1.86282050658584e-06,1.45194595088949e-05
"Os07g0476500",2243.1140790294,0.620804495805474,0.130250999746959,4.76621674314611,1.87717321995893e-06,1.46233733274234e-05
"Os09g0356000",22.67000410115,6.9520687243629,1.45903479284483,4.76484094721809,1.89002677912387e-06,1.47075087657406e-05
"Os08g0412800",10.5477855169016,7.3366851605993,1.54018971294771,4.76349445715873,1.90268839630244e-06,1.47939831562707e-05
"Os08g0536000",5540.42592287343,0.789899008632056,0.165832242294795,4.76324144027357,1.90507669937678e-06,1.48085343436092e-05
"Os12g0434400",778.391469229161,5.04222900642722,1.05889946132059,4.76176369014192,1.9190832705092e-06,1.49133642166069e-05
"Os02g0490500",594.249046900906,1.92144213251495,0.403607676833081,4.76066795258109,1.92953283130716e-06,1.49864393284394e-05
"Os11g0562600",197.804870095486,2.21041203660739,0.464386325410288,4.75985599846093,1.93731131421233e-06,1.50387005621272e-05
"Os01g0948300",4121.3583971568,0.881623797179085,0.185236251699907,4.75945604107433,1.94115395319385e-06,1.50644482846452e-05
"Os01g0866800",11455.0554639497,0.89929289364534,0.1889600786173,4.75916871026855,1.94391903726942e-06,1.50818218943524e-05
"Os04g0111100",123.296178588705,4.34701697330101,0.913550338391824,4.75837705993663,1.95155695180826e-06,1.51369815330835e-05
"Os03g0454100",1848.00096343401,0.70471571725858,0.148102407663425,4.75830020846186,1.95229995518677e-06,1.51386463642791e-05
"Os02g0817000",3046.63888591256,0.696478552090279,0.146431471490122,4.75634469149797,1.97129767183761e-06,1.52735589219825e-05
"Os02g0572600",8617.52406918235,1.41388871892635,0.297320947979605,4.75542920380888,1.98025248587265e-06,1.53346470878982e-05
"Os10g0102900",1554.51697788386,0.835686794175789,0.175800329973409,4.75361334249027,1.99813003730959e-06,1.54605513985942e-05
"Os03g0152900",1706.58565632724,1.0572931917238,0.222438337735825,4.75319678471739,2.00225294801374e-06,1.54882698343655e-05
"Os02g0574800",98.1473534681507,2.30341574218394,0.484687981740442,4.75236818109811,2.01047842080001e-06,1.55435045096498e-05
"Os09g0556400",720.955878800342,1.05902441687303,0.2228393315598,4.7524124644434,2.01003800425576e-06,1.55435045096498e-05
"Os07g0117800",17.9726950558195,7.35722154531339,1.54925687660218,4.74887131787286,2.04555040138046e-06,1.57890921606554e-05
"Os02g0165000",2295.70759895227,0.924976968914439,0.194805625840215,4.74820460099612,2.05230364842257e-06,1.58326882430273e-05
"Os01g0817650",25.4974679823288,19.6786923262039,4.14560501817424,4.74688066999461,2.06577742853441e-06,1.59323431715661e-05
"Os04g0495800",1834.461121669,0.815098398471072,0.171751114419913,4.74581140986512,2.07672137869704e-06,1.60124383591033e-05
"Os03g0187600",2257.3259369826,0.890349505336019,0.187671101756461,4.74420140875721,2.09330496590727e-06,1.61229499685955e-05
"Os12g0104850",43.688123589788,4.23780468775976,0.893281871460429,4.7440845080975,2.09451402475529e-06,1.61274445998894e-05
"Os05g0101200",4938.65070449394,0.670323785859802,0.141334197522217,4.74282797519284,2.10755228755525e-06,1.62108961457806e-05
"Os12g0607000",5037.39145862016,0.546492927015415,0.115232560102899,4.74252178835058,2.11074119066342e-06,1.62267122605013e-05
"Os02g0528900",10036.1378911297,1.40736028570182,0.296783078238145,4.74205030171069,2.11566073752658e-06,1.62601693807971e-05
"Os01g0106300",55.4429192524315,7.85352065683867,1.65647055995927,4.74111695473283,2.12543188669128e-06,1.63265078867235e-05
"Os09g0379600",778.421096985856,1.9213175675456,0.405790542175391,4.73475196648416,2.19323148833465e-06,1.68265179261011e-05
"Os10g0542800",2482.72964493524,0.728181705030477,0.153948776318547,4.73002593748288,2.24491153877965e-06,1.72073850746695e-05
"Os07g0592200",5050.62431550811,0.784213265952032,0.165905213375988,4.72687536451783,2.28001113368696e-06,1.74530801502535e-05
"Os12g0516700",1970.01674185885,1.15710411717886,0.24491981922571,4.72442010139045,2.3077292232019e-06,1.76511099047466e-05
"Os03g0673400",6333.54983314111,1.22892360904696,0.260160605495365,4.72371136555054,2.31579031270363e-06,1.7698592701943e-05
"Os03g0427300",50.8637046190516,7.28822586419535,1.54331942247732,4.72243513432649,2.33037426210315e-06,1.77958111294722e-05
"Os04g0447700",2819.67975707545,1.87523995182742,0.397227778655781,4.72081775895238,2.34898331303142e-06,1.7918815198343e-05
"Os02g0704966",423.791143900177,1.24439380032317,0.263605684158536,4.72066376070544,2.35076259252855e-06,1.79276150655118e-05
"Os02g0290000",1896.2515926538,1.24016292241993,0.263136386403194,4.71300430689839,2.44091035879624e-06,1.85457347605263e-05
"Os06g0132801",12.077125503119,6.93446237331541,1.47185623080265,4.71137209476895,2.46054506977995e-06,1.86704283207985e-05
"Os05g0529000",2730.91145341317,0.935868573072177,0.198654371625657,4.71103940685343,2.46456570164544e-06,1.86959853014416e-05
"Os09g0505000",607.170257861705,1.42061348363112,0.30159557342649,4.71032604189521,2.47320819966032e-06,1.87367428177333e-05
"Os04g0162701",19.9403697705423,6.97578686795732,1.48138438193692,4.70896477174713,2.48978093851966e-06,1.884734569365e-05
"Os12g0428700",17.735646877006,7.83612871321968,1.66426007502073,4.70847605541585,2.49575676488398e-06,1.8877619542623e-05
"Os04g0399300",2541.99322014405,1.57540728401451,0.334899205228483,4.70412368682601,2.54958654566584e-06,1.92593603233371e-05
"Os01g0803200",25650.230556368,1.40346518159098,0.298411812501065,4.70311536875229,2.56221541535572e-06,1.93410820748727e-05
"Os01g0228600",2652.64715965567,0.824669899242172,0.175367636887611,4.7025204529082,2.56969469171248e-06,1.93857009760258e-05
"Os12g0152700",16710.8055119768,0.624092125789668,0.132762891083648,4.70080246592743,2.59141102811172e-06,1.95392391519624e-05
"Os12g0193800",359.938989917517,1.66674853608942,0.354678989129653,4.69931568311802,2.61034689974285e-06,1.96613194982734e-05
"Os12g0406732",17.2546519280871,8.29241951493357,1.7647320656815,4.69896800550921,2.61479409062735e-06,1.96896400222483e-05
"Os12g0405200",1443.02375951235,0.700265486042844,0.149048749785059,4.69823119652252,2.6242427605206e-06,1.97452215269003e-05
"Os04g0191800",521.204635106771,1.07043702073112,0.227878263222292,4.69740731561977,2.63484682771218e-06,1.98124834102475e-05
"Os11g0140300",140.772307269642,1.43802378745275,0.306248106367934,4.69561691175021,2.65803286417045e-06,1.99680014746229e-05
"Os02g0233100",760.458518987848,0.773650183759765,0.164811454622944,4.69415299761611,2.67713619058317e-06,2.01062401396039e-05
"Os04g0529800",1585.0456078999,0.830210669076679,0.176873775998687,4.69380304903334,2.68172231552957e-06,2.01257136748753e-05
"Os08g0527700",12.4235810442828,7.21799026440198,1.5377705404056,4.69380188704758,2.68173755606695e-06,2.01257136748753e-05
"Os02g0620600",4104.08612550395,2.03643635849676,0.434027969275669,4.69194729983712,2.7061684478091e-06,2.03029951208762e-05
"Os04g0573900",767.828062355084,1.96268192608104,0.418446237469007,4.69040404796663,2.7266607329881e-06,2.04406811411761e-05
"Os10g0516300",4601.52835869526,1.22542423611511,0.261368811804383,4.68848684605972,2.75232603344473e-06,2.06061263418496e-05
"Os06g0687800",3871.02941601477,0.322146051166952,0.0687257612685648,4.68741335447821,2.76679778582163e-06,2.06928452517257e-05
"Os01g0953500",2829.61579598211,0.712604623736313,0.152051314547939,4.68660613592816,2.77772797673901e-06,2.07691706653252e-05
"Os02g0612200",217.027201288019,2.23302519914579,0.476500541822958,4.6863014900316,2.7818638125714e-06,2.07892441204475e-05
"Os07g0599600",1773.30592359105,2.18234946329396,0.465702107657501,4.68614899398084,2.78393629915873e-06,2.07949876365588e-05
"Os03g0600800",15.2922988492833,7.55102535656019,1.61141522984367,4.68595878747697,2.78652336348721e-06,2.0807784052811e-05
"Os03g0194100",2295.52314388199,1.34375450289469,0.286776410767672,4.68572188102082,2.7897488362085e-06,2.08264418069427e-05
"Os10g0473900",1619.98418572243,1.59086264540313,0.339539867736481,4.68534860429941,2.7948382559173e-06,2.08590012265024e-05
"Os03g0597200",1477.0853190528,1.1519253416739,0.245919596958885,4.68415431677242,2.81118162284536e-06,2.0975514546293e-05
"Os10g0343900",2042.83401944541,1.02716658903218,0.219292645231559,4.68399926476128,2.81331016406728e-06,2.09859314816079e-05
"Os08g0457400",653.666905183227,1.41425843595783,0.301940437953327,4.68389873693049,2.81469102811722e-06,2.0990767136287e-05
"Os03g0233500",2828.23461172555,0.844085582053728,0.18022879719982,4.6834112814829,2.82139601062361e-06,2.10243533150553e-05
"Os11g0498600",768.030349119013,1.50748443285946,0.321953807678192,4.68230037013962,2.8367339835976e-06,2.11331518715648e-05
"Os11g0667700",482.156990015046,1.56004212445691,0.333184485523071,4.68221718669696,2.83788568303112e-06,2.11362361814941e-05
"Os01g0191700",5435.94818525862,1.35286093526874,0.289029476034327,4.68070230701335,2.85893829304573e-06,2.12819693355018e-05
"Os01g0310800",2362.05689709774,1.39481406257867,0.298125760039977,4.67860966590619,2.88826679771457e-06,2.14753454335044e-05
"Os02g0697300",9284.654883338,0.541719786874085,0.115785661328192,4.67864311228133,2.88779578260364e-06,2.14753454335044e-05
"Os06g0624200",1266.62668658412,2.1057473659317,0.450082436269091,4.67858151361572,2.88866331497717e-06,2.14753454335044e-05
"Os02g0820000",9005.30731092649,0.37714799298052,0.0806246755569917,4.67782338812542,2.89936096686095e-06,2.15492841562905e-05
"Os02g0159400",198.584798927568,1.55222145777909,0.331889878486455,4.67691712943405,2.91219875690558e-06,2.163347647987e-05
"Os04g0611400",2239.17157936719,1.01413465470176,0.21692692417063,4.67500591998466,2.93945140112002e-06,2.18189537681065e-05
"Os08g0530300",461.853136877511,1.57981608206858,0.338412226834946,4.66831856769496,3.03674779946935e-06,2.24829193670273e-05
"Os06g0614100",879.582184283982,1.38249120034712,0.296149933746405,4.66821377556326,3.03829676622759e-06,2.24885763229018e-05
"Os09g0328332",80.2149981795049,2.50224254643336,0.536033726438412,4.66806923336542,3.04043453548682e-06,2.24985873736488e-05
"Os03g0825800",1443.62855183356,0.961210699489934,0.2059644770877,4.66687611903411,3.05813581313139e-06,2.26178903763141e-05
"Os08g0175200",5551.8087949379,0.622511599797646,0.133391728645337,4.66679310718572,3.05937106467523e-06,2.2621187030987e-05
"Os04g0247700",18.6662704110121,8.18299651757011,1.75539210548783,4.66163456699381,3.13707846456401e-06,2.31539340975497e-05
"Os04g0435500",710.816842339078,1.24293318938284,0.266764451805314,4.65929092490157,3.17300490810178e-06,2.34010132887857e-05
"Os05g0566200",283.623669853914,2.48213463163472,0.532746485860418,4.65912905577579,3.17550076776699e-06,2.34133937205507e-05
"Os02g0820800",811.183429459364,2.09683447917759,0.450165631812674,4.65791773293377,3.19423801518688e-06,2.3527328434739e-05
"Os01g0818700",4096.49423093075,0.955154923321389,0.205125862006115,4.65643344032804,3.21734227900017e-06,2.36853265616426e-05
"Os04g0491000",318.164946570104,2.05322395446044,0.440948642259144,4.65637890149974,3.21819426737955e-06,2.36855130102643e-05
"Os07g0684800",3729.17361365233,1.14548326952858,0.246082977936827,4.65486592828312,3.24191591124644e-06,2.38356106464031e-05
"Os07g0572100",858.983668821843,1.25475852072489,0.269634781049146,4.65354846226678,3.26270874920247e-06,2.39728789414862e-05
"Os07g0484300",5019.42576637805,0.878251967077319,0.188812068464075,4.65146096974423,3.295916605501e-06,2.41891912348398e-05
"Os02g0564700",584.433681939024,1.4552607271436,0.31298925741795,4.64955487338122,3.32652173805292e-06,2.43888180242303e-05
"Os04g0430700",1097.99599188996,1.46169656270821,0.314592400172071,4.64631873468243,3.37910778345698e-06,2.47363812497724e-05
"Os03g0363900",2683.60990419037,0.587953755041769,0.126597979375411,4.64425860462007,3.41299841261367e-06,2.49525977336583e-05
"Os02g0689500",1584.76348671454,1.19704703283331,0.257788113836371,4.64353074708916,3.42504993305686e-06,2.50343190515166e-05
"Os06g0700500",1802.91438848981,1.09506114057949,0.235885817780663,4.64233564731615,3.44492638607675e-06,2.5153932419437e-05
"Os08g0302000",240.48119169208,1.67838291139513,0.361600405533854,4.64154045656343,3.45821293354885e-06,2.52252334450208e-05
"Os08g0535700",932.959556211613,0.736006213829954,0.158574217464532,4.64139899662173,3.46058167767827e-06,2.52302325451905e-05
"Os09g0479600",950.668831873645,1.6710810796812,0.360042667487593,4.64134179246625,3.4615400019246e-06,2.52302325451905e-05
"Os06g0472200",1812.15940134638,0.965526611675385,0.208049514484518,4.64085010757012,3.46978755352749e-06,2.52774861387413e-05
"Os02g0527900",1108.73726496425,0.732724532024556,0.15790577532386,4.64026430016103,3.47963852149246e-06,2.53363666881327e-05
"Os01g0627900",856.286965263954,1.87965133038089,0.405206669567128,4.63874726541119,3.50527386041654e-06,2.55035821860474e-05
"Os01g0256500",101112.628636317,2.23808121566726,0.482590989018147,4.63763573418711,3.52417171899209e-06,2.56280629676552e-05
"Os08g0562700",18533.6727702211,0.478510726633638,0.10321639714047,4.63599524775524,3.55224126896854e-06,2.58190808824167e-05
"Os02g0798900",171.547284894817,1.51763489774078,0.327552652255865,4.63325479824018,3.59961050672122e-06,2.61368576377538e-05
"Os08g0192200",349.207211236542,1.16019755957154,0.250405724538139,4.63327091148365,3.5993302241229e-06,2.61368576377538e-05
"Os06g0318700",3985.73171172083,0.742499695264158,0.160309295270391,4.63166963594841,3.62728621429075e-06,2.6324469253257e-05
"Os11g0471300",581.651101530831,13.3615178872209,2.88491890557851,4.63150553777578,3.63016286602106e-06,2.63386747118854e-05
"Os02g0282301",166.966038329683,3.95357064869006,0.854256896901591,4.62808162629971,3.69068556503201e-06,2.67304152702975e-05
"Os10g0440500",1288.60918668572,1.5622744122207,0.337571709294863,4.62797790574351,3.69253399109669e-06,2.67370442034123e-05
"Os05g0535400",925.25074067191,1.19325551488316,0.257841796764513,4.62785913632522,3.69465169613164e-06,2.67456190999403e-05
"Os01g0623200",1412.20098437177,1.12097397111852,0.242330329534483,4.62580962635553,3.73137917824631e-06,2.69774100971772e-05
"Os06g0625400",9904.13662920428,0.643900574954947,0.139211139341357,4.62535238201052,3.73962067696457e-06,2.70301744794119e-05
"Os01g0209800",318.323707215518,1.69456318845988,0.366504875473864,4.6235761155126,3.77180246744965e-06,2.72421689683306e-05
"Os06g0232700",16.4053440737301,7.10379696461685,1.53664107434604,4.62293835770339,3.78342178635359e-06,2.73192038867447e-05
"Os08g0187800",24918.728254667,0.511630409174821,0.110692182029406,4.62210067409192,3.79873569782337e-06,2.74021589159202e-05
"Os05g0121000",6422.33337229109,0.457071907365307,0.0989057660227378,4.62128676360718,3.8136719077802e-06,2.7496056240996e-05
"Os02g0265200",476.004812345987,1.28957321077338,0.279087148041392,4.62068289358176,3.8247899901769e-06,2.75484873802284e-05
"Os08g0345500",510.534606933538,2.11700646921165,0.458175091230182,4.62051846495533,3.82782272630555e-06,2.75564765713836e-05
"Os02g0728300",738.380245294009,0.873043815531172,0.188967618837315,4.62007099895136,3.83608750501972e-06,2.76058645930701e-05
"Os04g0542302",13.4407783634697,7.0635526259756,1.52889335233127,4.62004273561988,3.8366101078321e-06,2.76058645930701e-05
"Os03g0582200",4599.8954052055,2.02287888615312,0.437960899316486,4.61885727541013,3.8585914119977e-06,2.77500906467264e-05
"Os01g0524100",25.0125881721764,8.38473656426363,1.81560257186045,4.6181563598865,3.87164481807197e-06,2.78230166359162e-05
"Os02g0719800",7461.37687072937,0.815400481322316,0.176573785559108,4.61790224828907,3.87638767738679e-06,2.78501152789584e-05
"Os03g0295800",6311.93232079302,1.07828583427048,0.233665948257529,4.61464685937924,3.93764262016319e-06,2.8219443810134e-05
"Os05g0443900",2075.19625489896,1.80551928060772,0.39136355004677,4.61340684484274,3.96121844254968e-06,2.83458618421412e-05
"Os04g0300600",60.7867319202883,4.5488971800745,0.986527564820016,4.6110188324078,4.00700231002868e-06,2.86448678111132e-05
"Os03g0287400",16.8434256569046,7.90900160393287,1.71563808388824,4.60994756307129,4.02770547854138e-06,2.87856865480588e-05
"Os02g0694400",1762.12111875921,0.902993166663696,0.195889601357197,4.60970444784929,4.03241813414452e-06,2.88049973521587e-05
"Os03g0655200",1417.56585718031,0.72667087334553,0.157701741573511,4.60788109310003,4.06793169721375e-06,2.90297332474641e-05
"Os05g0241100",300.385355131395,1.60569778635088,0.348501043717884,4.6074403944991,4.07656007507427e-06,2.9084063563503e-05
"Os04g0558400",2370.3634783913,0.516353840243435,0.112096592916271,4.60632947719579,4.09838847591174e-06,2.92325184495452e-05
"Os09g0442600",2286.57953452319,0.598777932467836,0.130017451474219,4.60536586187868,4.11741322085484e-06,2.93602777716812e-05
"Os01g0536501",22.1578676745211,8.65335612590189,1.87966918891967,4.60365907836973,4.15131829638797e-06,2.95732401362775e-05
"Os10g0499800",11.550468742408,6.91923902129831,1.50345258670913,4.60223294200693,4.17985336684735e-06,2.97617193506239e-05
"Os02g0631200",4682.75908232982,1.09999217596645,0.239082524091065,4.6008890869308,4.20691403311985e-06,2.99320836545691e-05
"Os01g0100900",6529.22834987133,0.670572654406231,0.145758295917276,4.60057968012203,4.21316816606968e-06,2.99691395963824e-05
"Os01g0727200",49.1500002934295,4.23192788027449,0.919960180189907,4.60012071326924,4.2224618138136e-06,3.00203414117587e-05
"Os06g0237502",4305.1491793211,0.713944824368957,0.155225794081997,4.59939553597528,4.23718602463851e-06,3.01175524628982e-05
"Os05g0478400",32.9887854058439,3.72941536121023,0.810876471083924,4.59923982776934,4.24035397928689e-06,3.01325947952699e-05
"Os02g0699400",3090.50525294581,0.888455794309577,0.193254398434727,4.59733802441583,4.27923064768782e-06,3.03937819825363e-05
"Os11g0303200",1963.70689884631,1.19343959953903,0.259675245391786,4.59589283429162,4.30900136116584e-06,3.0567345134965e-05
"Os09g0475700",764.280298148424,1.15348360610888,0.251083327346678,4.59402708375071,4.34772913516787e-06,3.08191823802152e-05
"Os09g0261300",2543.42010467944,0.970961245861535,0.211407843477093,4.59283454148069,4.37265745427884e-06,3.09805591938668e-05
"Os06g0714000",2865.52978273283,0.623000603925381,0.135674099453586,4.59189046718904,4.39248897938529e-06,3.11133731118288e-05
"Os02g0734600",3576.42402427091,0.927243983693557,0.201944264369392,4.59158365596095,4.39895248638725e-06,3.11514549283162e-05
"Os01g0275300",554.443398782202,1.11944703650499,0.243827238400923,4.59114840428242,4.40813744771851e-06,3.1208785310608e-05
"Os08g0292400",80.1836649540968,1.37786589000385,0.300186634512265,4.59003077283096,4.43180666926738e-06,3.13526988431481e-05
"Os02g0637800",1217.10022589314,0.956542476464669,0.208555075651628,4.58652216195632,4.50690581750871e-06,3.1837244941632e-05
"Os12g0162100",15918.9407424184,1.09403482612553,0.238555390759749,4.58608301678389,4.51639078725741e-06,3.18963837408182e-05
"Os10g0528400",13767.9378983288,1.59662914851104,0.348176302587222,4.58569160694408,4.52486085096623e-06,3.19483275263392e-05
"Os08g0245900",989.308055113839,1.5562251897218,0.339439737692846,4.58468769832128,4.54665494407693e-06,3.20784923559941e-05
"Os10g0101200",3481.90475048,1.96137759233056,0.427957503727326,4.58311298492913,4.5810434845988e-06,3.23052074626446e-05
"Os05g0580500",393.180765665882,1.79855285420005,0.39248102411194,4.58252181304716,4.59401769236775e-06,3.2388729065384e-05
"Os11g0147000",5298.545355742,0.876443526664954,0.191319698045907,4.58104176212243,4.62665432478812e-06,3.2562736358101e-05
"Os11g0106200",3251.79829011466,0.697366709235818,0.152376784494287,4.57659420724922,4.72606933106619e-06,3.32297763125665e-05
"Os07g0208050",33.5000211318596,2.69033223213196,0.587866791884693,4.57643171764608,4.72973988475503e-06,3.32474257060847e-05
"Os02g0556000",404.354905884421,1.46172277307283,0.31941569547365,4.57623965818364,4.73408192707052e-06,3.32697854732461e-05
"Os08g0226600",18.6619536677161,6.66064714873862,1.45573388371726,4.57545656059778,4.75182559639706e-06,3.33862940137245e-05
"Os03g0285200",713.712029043243,1.20541397374513,0.263458291968856,4.57535029448845,4.75423830999161e-06,3.3395056645717e-05
"Os01g0656600",4606.6637990766,1.52575286248816,0.333486045805872,4.57516253431584,4.75850416997365e-06,3.34149265261514e-05
"Os05g0557700",9948.82442856422,1.12152887297963,0.245139745536124,4.57505930148875,4.76085115344428e-06,3.34169297522012e-05
"Os05g0554500",2384.85926900424,0.593141966275706,0.129689193162105,4.57356508906883,4.79494627419336e-06,3.36059430158758e-05
"Os07g0670200",41.1644757984609,3.84418507770721,0.840531031880144,4.57351951552382,4.7959898433588e-06,3.36059430158758e-05
"Os04g0506100",3978.76833108703,0.799795463204389,0.174904814466551,4.57274698608906,4.81371279793352e-06,3.37218824172105e-05
"Os04g0562100",138.59068356556,1.81380811649517,0.396678962351769,4.57248376808728,4.81976571843661e-06,3.37560321106442e-05
"Os08g0538600",13839.657741939,1.89331971966585,0.414160436427601,4.57146446917272,4.84327420411139e-06,3.39041027354506e-05
"Os05g0591900",16986.3980214521,1.95793020403486,0.428339597616837,4.57097642834854,4.85456891989605e-06,3.39499899177109e-05
"Os02g0635000",3429.84122993317,0.609715704160058,0.13339063712902,4.57090330538208,4.85626337428345e-06,3.39535525134137e-05
"Os04g0430900",861.474416761758,1.9657247923613,0.430111649687245,4.57026633384768,4.87104768354781e-06,3.40486114244967e-05
"Os03g0760000",47.1284157108346,4.63480319104658,1.01439145958095,4.56904792254582,4.89944756863729e-06,3.42387735942916e-05
"Os08g0156600",1980.43283051041,1.15389494155183,0.252599124451083,4.56808765295338,4.92194211609674e-06,3.43875848598888e-05
"Os10g0559600",14633.0862554213,0.820198931966141,0.179582418271855,4.56725630414727,4.94149651552764e-06,3.45157869729152e-05
"Os12g0580400",793.816560443565,0.927358899160933,0.203055883324409,4.56701319842751,4.9472287216343e-06,3.45474036880979e-05
"Os08g0424800",248.71337745104,1.73326384178592,0.379523896775243,4.56694257334835,4.94889518849943e-06,3.45506201123016e-05
"Os05g0127400",1074.80946390342,0.895706511739299,0.196220376904122,4.56479865073832,4.99973973804874e-06,3.48546333271466e-05
"Os01g0125550",223.843525769038,2.2105111184426,0.484329350503365,4.56406599382261,5.01722958773918e-06,3.49680520914383e-05
"Os09g0482720",675.935974098811,1.18601189543584,0.260078714988273,4.560203611777,5.11040451313693e-06,3.55828214120047e-05
"Os10g0550900",460.625321213637,2.24825596857106,0.493208548237372,4.55842863349769,5.15377712746326e-06,3.58586746615049e-05
"Os07g0152500",16.8525338890889,7.91797132927802,1.73739538020091,4.55738021380165,5.17956121971734e-06,3.60205796279955e-05
"Os08g0157900",6955.73126335996,0.751102124646875,0.164839060594918,4.55657853142383,5.19936051699901e-06,3.61494970961067e-05
"Os01g0305200",1539.52431250329,2.02397357582884,0.444299289636119,4.55542834085212,5.2278936017517e-06,3.63302467808367e-05
"Os01g0626900",10120.2240845475,1.05485122616429,0.231590945953436,4.55480339190973,5.24345967764129e-06,3.64207531354614e-05
"Os06g0605600",1679.20534555122,0.97967701482045,0.215128600535936,4.55391339124525,5.2657042181426e-06,3.65663977843484e-05
"Os06g0726400",8240.12010990368,0.719791022566365,0.15811944624427,4.5521979722494,5.30883431115235e-06,3.6830198712624e-05
"Os03g0117100",1617.55416678237,2.02112215565773,0.444056858158184,4.55149406776588,5.32662999430989e-06,3.6944711352449e-05
"Os07g0182100",5937.722604225,0.791547204021509,0.173946571129748,4.5505191558567,5.35137147546342e-06,3.71073319252125e-05
"Os03g0844100",3634.28977753032,0.471270800334243,0.103568114344998,4.55034643929486,5.35576616332883e-06,3.71198384401784e-05
"Os01g0931600",678.711912589672,1.03945520872386,0.228471917858496,4.54959724795435,5.37486900132902e-06,3.72252227764271e-05
"Os10g0528300",16190.2865797957,1.06523060023218,0.23415501948963,4.54925374887963,5.38364931610349e-06,3.72680164786173e-05
"Os06g0563900",1128.96588354792,1.0946760906009,0.240660833457979,4.54862586018608,5.39973453048107e-06,3.73703366587786e-05
"Os06g0701200",5393.90966013491,0.655468566956928,0.144253988993227,4.54385054813078,5.52358269210634e-06,3.81445387549363e-05
"Os11g0202000",649.424788108486,1.03095978773763,0.226896497348175,4.54374483426076,5.5263549200568e-06,3.81544870287873e-05
"Os04g0105400",1018.64625825604,0.793489624818793,0.174740202819117,4.54096774535725,5.59965988964207e-06,3.86326643770827e-05
"Os02g0437200",2920.5797463863,1.13647957010736,0.25045750705312,4.53761431820976,5.68941901593443e-06,3.91858734722484e-05
"Os08g0296900",1776.5411630114,1.16733083767031,0.257346753999394,4.53602316535556,5.7324886387798e-06,3.94635426425562e-05
"Os03g0147700",2055.9883893568,0.725407873631212,0.159941697084131,4.53545189813535,5.74802780672269e-06,3.95610119428822e-05
"Os08g0516900",3348.86960557502,0.722898875533803,0.15942433196686,4.53443252115414,5.77585632321324e-06,3.97334538709978e-05
"Os01g0822200",2457.72547249028,0.872011254440507,0.192328052471393,4.53397849785959,5.78829241408622e-06,3.97998930281733e-05
"Os09g0572400",3345.08641214114,0.730107780523243,0.161056402710226,4.53324281579081,5.80849780866461e-06,3.99196639994863e-05
"Os03g0755100",5925.15775645896,0.597378070375871,0.131780656409904,4.53312410675606,5.811764452814e-06,3.99325359956899e-05
"Os05g0106100",3380.98045192474,0.434738284105325,0.0959567381646445,4.53056546544331,5.882602222774e-06,4.03998846804699e-05
"Os03g0103800",4949.84632267943,1.05156471634539,0.232183879719974,4.52901690510827,5.92587582270637e-06,4.06678309154929e-05
"Os02g0254550",200.020802691204,1.15967655847685,0.256082662689148,4.52852429094175,5.93970538924108e-06,4.07432221241407e-05
"Os05g0549800",729.870566133068,1.80348222948506,0.39835306013702,4.52734624120803,5.97290312751297e-06,4.09513329527403e-05
"Os09g0508900",1263.63435293449,1.00751413362631,0.222554270656601,4.52704920311727,5.98130172539017e-06,4.09991045540381e-05
"Os02g0452500",6175.26046673751,0.559705611089005,0.123640786138323,4.52686875076026,5.98640943944225e-06,4.10243011860558e-05
"Os01g0859400",2509.81462353202,0.614365527230566,0.135749797600561,4.52571965549674,6.01903270092024e-06,4.12182899012349e-05
"Os12g0620400",12510.2901433819,0.703943959354795,0.15562102953693,4.52345008543812,6.08396724000649e-06,4.16033005634048e-05
"Os07g0553900",2912.17339429981,0.887964190542441,0.196351198679151,4.52232630366278,6.1163673235564e-06,4.18095450982168e-05
"Os01g0110700",123.471032779193,5.10384683274968,1.12874130623264,4.52171529877346,6.13405261189834e-06,4.19157823601505e-05
"Os02g0182300",205.413491959063,2.66142086125868,0.588596687966714,4.52163750776862,6.13630774949303e-06,4.19211944774617e-05
"Os06g0642550",198.192529634536,1.37423777834285,0.303941347377698,4.52139134803245,6.14344907406773e-06,4.19499768518086e-05
"Os05g0274300",2334.59675536485,1.30507044233651,0.288668293875858,4.52100376114656,6.15470945473878e-06,4.20068449969451e-05
"Os08g0375900",468.954396366415,1.14965890962727,0.254290137390545,4.52105190325017,6.15330973122423e-06,4.20068449969451e-05
"Os03g0795000",442.771810473147,1.39837806483164,0.309346922228006,4.52042016374405,6.17170170281106e-06,4.21127880897696e-05
"Os01g0765600",1688.94069201094,2.29362558044618,0.507515845295045,4.51931816850522,6.20391031703404e-06,4.2314707431103e-05
"Os05g0550700",419.421958703606,1.49413397642999,0.330611326738303,4.51930667702949,6.2042470305062e-06,4.2314707431103e-05
"Os01g0831250",542.566254212662,1.04721110745456,0.231724763201312,4.51920240628226,6.20730308280333e-06,4.23254754708427e-05
"Os04g0107200",452.438342769925,1.30706625899163,0.28932519260038,4.51763722074825,6.25335027328603e-06,4.26191703211683e-05
"Os01g0741900",3604.52600659559,0.794287932484877,0.175850974790506,4.5168241656387,6.27739887335704e-06,4.27627276555934e-05
"Os07g0483400",727.10869257592,0.824668130703546,0.182580621970018,4.51673415177087,6.28006674413836e-06,4.27707326724631e-05
"Os02g0111600",237.792002172647,1.64096194547446,0.363478763069897,4.5146019855881,6.34357896077416e-06,4.31724998537058e-05
"Os01g0857700",3692.50678627285,0.955630792510176,0.211697088477313,4.51414235020331,6.35735071356537e-06,4.32559517086381e-05
"Os06g0488600",3683.58445324262,0.804473722014091,0.178327855212817,4.51120617726283,6.4460027202553e-06,4.38279235739807e-05
"Os05g0150400",1882.05641752674,0.441594313499885,0.0979011672814187,4.51061336409314,6.46404449737707e-06,4.39401667707824e-05
"Os09g0376800",7884.98137807918,1.88472352266411,0.417932085170153,4.50964065584193,6.49375278520865e-06,4.41211773302818e-05
"Os01g0278600",302.511694243191,1.55154471823597,0.34445248268359,4.50437954793667,6.6567141395487e-06,4.52069622010783e-05
"Os09g0245500",2139.23484892915,0.550357887717136,0.122190108041526,4.50411163831771,6.66511638918115e-06,4.52532973419001e-05
"Os08g0256700",1111.35236822216,6.20249536742058,1.37749224495599,4.50274430954689,6.70815716680958e-06,4.54808611319044e-05
"Os07g0637200",2907.26435799499,0.921228916423695,0.204616125809297,4.50223027525348,6.72440660298594e-06,4.55802455615692e-05
"Os06g0215900",4223.27454695111,1.1372320029882,0.252639598739573,4.50140044815574,6.75071823351354e-06,4.57477717186921e-05
"Os07g0192550",21.2676856065302,6.9412602028643,1.54212130479093,4.50111167085222,6.75989767857206e-06,4.57883187438408e-05
"Os08g0557700",2558.28267189876,0.512278721804975,0.113820720808195,4.50075098951659,6.77137952771284e-06,4.58552508220346e-05
"Os02g0807000",5144.65804555933,1.59176898644309,0.353677660669264,4.50062065958869,6.77553300812639e-06,4.58616989720854e-05
"Os03g0285800",2852.28969494216,0.977653651994925,0.217224680144999,4.50065642330482,6.77439301281391e-06,4.58616989720854e-05
"Os01g0862000",2121.9783039865,0.681240727672338,0.151404528978308,4.49947390787722,6.8121840123799e-06,4.60880038542406e-05
"Os04g0508300",7192.23067999295,1.07114747002418,0.23809327907906,4.49885639009786,6.83199880129335e-06,4.62111495879738e-05
"Os02g0743800",269.126153770458,1.68319264380936,0.374290415603479,4.49702309661203,6.89115048170838e-06,4.66002463067992e-05
"Os02g0799600",227.890786405052,2.10613231937114,0.468561442875819,4.49489037434375,6.96057975521141e-06,4.70364460250749e-05
"Os08g0460600",6684.87138065502,1.77240355750203,0.394434184316244,4.4935343537085,7.00507145707712e-06,4.73147825054629e-05
"Os02g0793900",1246.05276186629,0.726513843771209,0.161683234096542,4.49343958160437,7.00819112473089e-06,4.73246976445415e-05
"Os02g0259100",6667.61159562011,1.10431251581187,0.245767721470392,4.49331795568974,7.01219670164862e-06,4.73405890423271e-05
"Os08g0563200",875.55177840549,2.86251640235498,0.637235490254292,4.49208565143269,7.05290457278796e-06,4.75705795243693e-05
"Os02g0204400",1299.92850442948,0.902868221386344,0.200999670177842,4.4918890692084,7.05941932725537e-06,4.76033143244342e-05
"Os05g0475400",4741.11396955433,1.52620664386571,0.339814342556047,4.49129554799174,7.07912361839198e-06,4.77249529209805e-05
"Os08g0462900",1624.81162406074,1.93437624803941,0.430890750284475,4.48924987775285,7.14744163441588e-06,4.8140220430015e-05
"Os02g0597000",4052.5464825097,0.876408129083748,0.19527869508251,4.48798640688092,7.18995152035707e-06,4.83810453173487e-05
"Os05g0164100",3967.17116252693,0.801613049092054,0.178630484773009,4.48754897637258,7.20472527847785e-06,4.84690745900323e-05
"Os04g0509100",695.426259488112,1.2996901046053,0.289662136993755,4.48691747597417,7.22610476319084e-06,4.86014914729915e-05
"Os01g0219300",1624.32026309412,1.30017596017996,0.289830564442586,4.48598636475938,7.2577383024887e-06,4.87913462794243e-05
"Os02g0121700",21.3563258657797,8.4395756768369,1.88166843517291,4.4851555774019,7.28607520362961e-06,4.89703557903813e-05
"Os07g0142700",5038.13322960073,2.49909242345987,0.557267265416655,4.48454911772246,7.30682740175849e-06,4.90916021213634e-05
"Os09g0446350",89.299774112941,2.22846889005366,0.496923813111087,4.48452827426784,7.30754163924386e-06,4.90916021213634e-05
"Os09g0379900",8024.94107728354,0.991587738355038,0.221138128667726,4.48401975873171,7.32498751322428e-06,4.91900048955346e-05
"Os12g0550800",10.1769903146262,6.85147254604646,1.52798185235616,4.48400125661273,7.32562302419538e-06,4.91900048955346e-05
"Os02g0291400",688.650554452234,1.28610133469503,0.287073304355887,4.48004504487344,7.46272881560233e-06,5.00989001932142e-05
"Os05g0595300",4997.63520175079,1.43438436331479,0.320184915577924,4.47986239678334,7.46911752693732e-06,5.01300434251132e-05
"Os09g0270700",106.667161367591,5.99097834787613,1.33750012440818,4.47923573130657,7.49107696875322e-06,5.02538837060916e-05
"Os01g0872700",6953.43358288271,0.613954924775168,0.137077055015543,4.47890366995084,7.50273798204808e-06,5.03085533961249e-05
"Os01g0959100",108.242682239432,2.68066235758609,0.598575537403125,4.47840279142704,7.52036019753027e-06,5.04149181983241e-05
"Os11g0587600",9970.81367307177,1.08123690180114,0.241444198491878,4.47820617995718,7.52728831391868e-06,5.04495590106194e-05
"Os05g0479475",166.950933168348,3.91703451731389,0.874713131744363,4.47807901260439,7.53177263603922e-06,5.04678085986426e-05
"Os05g0215500",33.0988143596733,5.22273547762919,1.16661317640649,4.47683566691467,7.57575172194508e-06,5.07269077675089e-05
"Os05g0588700",1376.12619144411,1.94780015855225,0.435093866452565,4.47673550177385,7.57930538736106e-06,5.07388453174461e-05
"Os06g0493100",8804.02983892009,2.36404164926058,0.528493903979842,4.47316729948649,7.70694313910402e-06,5.14970463669796e-05
"Os07g0573800",4012.31891459434,1.00538300023047,0.224823882711218,4.47186921650075,7.753884505775e-06,5.17986241220484e-05
"Os06g0724500",1401.36028483358,0.842017959051365,0.188303810314875,4.4715927821289,7.76391618854249e-06,5.18535493319626e-05
"Os08g0375400",34.6911685566685,4.3986080477754,0.983890208850414,4.47062894640935,7.79899051229681e-06,5.20635312577652e-05
"Os11g0649300",204.981457759343,2.05722395826804,0.460295411684091,4.46935577902296,7.8455538006254e-06,5.23256069589197e-05
"Os01g0108000",1841.86913715082,1.07885745142843,0.241404589427734,4.46908426217551,7.85551825680405e-06,5.23798717928671e-05
"Os08g0517200",8761.84845332311,0.817995595289108,0.183154593669387,4.46614839901682,7.96403773476975e-06,5.30171025038622e-05
"Os12g0605300",1737.36468078812,0.64484277042135,0.144498211308233,4.46263496678046,8.09579031846801e-06,5.38069957368362e-05
"Os03g0720500",67.7124973469207,3.39540303578028,0.760918392534897,4.46224334842131,8.1106042820541e-06,5.38926330912371e-05
"Os05g0394900",560.731939607725,1.30523114726386,0.292610649527505,4.46064129713492,8.17147622060191e-06,5.42216620362867e-05
"Os01g0152300",2610.07030854777,1.41156551981883,0.31661632778731,4.45828403634021,8.26183789347443e-06,5.47831935486761e-05
"Os12g0515500",1113.41148591503,0.931587310972918,0.208972677139147,4.45793834737834,8.27516934123468e-06,5.48588967989486e-05
"Os03g0822300",1619.24662697472,1.09498141759101,0.245665910870673,4.45719723062205,8.30381973652093e-06,5.50106458013405e-05
"Os01g0851100",1004.28058979851,1.35691063751201,0.304467946630233,4.45666170291459,8.32458136805991e-06,5.51226959458407e-05
"Os04g0506800",797.153066504317,1.81677746682176,0.407669892481051,4.45649163779296,8.33118491930554e-06,5.51409356220703e-05
"Os10g0507000",41.5495661739984,9.47048944532399,2.12544108285977,4.45577603712331,8.35902626657082e-06,5.53124296974104e-05
"Os11g0492100",112.370474807041,2.6756248166828,0.600628792633583,4.4547062170479,8.4008148774113e-06,5.55632843646327e-05
"Os01g0103700",232.338143985139,3.16135258696082,0.710113984561072,4.45189456297622,8.51159597654283e-06,5.62570352756413e-05
"Os09g0345000",1244.21436355442,0.901380421566135,0.202559024697542,4.44996426553724,8.58845784578146e-06,5.6725793959735e-05
"Os08g0122201",20.51935771258,6.29214555600441,1.41442818917458,4.44854366178628,8.64544764707957e-06,5.70496006412077e-05
"Os09g0301800",75.9114694560346,2.67495565807363,0.601342606454902,4.4483055571986,8.6550348889112e-06,5.70865698980395e-05
"Os03g0244800",30.297100922239,8.76818123546943,1.97116236459786,4.44822881815635,8.65812693812989e-06,5.70938211809661e-05
"Os11g0245200",1720.57006628485,2.87709895987713,0.647111201381207,4.44606576695967,8.74571836803646e-06,5.76183772547667e-05
"Os05g0586500",488.869669026616,1.16162995479076,0.2613425400297,4.44485599114002,8.79507608892606e-06,5.78903101538961e-05
"Os12g0512400",940.929193570678,0.90929103717584,0.204717601960359,4.44168468401614,8.92572912864514e-06,5.86621727834644e-05
"Os02g0678200",222.933229940922,1.5094087491741,0.339851632133398,4.44137560764055,8.93856132559445e-06,5.87268193306425e-05
"Os04g0683700",14377.8043962891,0.561952992787968,0.126559468905433,4.44022875291825,8.98633054088126e-06,5.89958065289686e-05
"Os09g0367700",7393.50778421224,1.84014417672871,0.414424807785729,4.44023654510597,8.98600515627871e-06,5.89958065289686e-05
"Os07g0479200",2856.30606985891,0.563422046032706,0.126971662366707,4.43738418108985,9.1058688193298e-06,5.97301633267943e-05
"Os03g0335200",425.309867130196,2.78830174474765,0.628818731193548,4.43419002397596,9.24190852194876e-06,6.05255229647716e-05
"Os04g0631600",454.553521831605,1.73867605742375,0.392149089285614,4.43371183289277,9.26244112662043e-06,6.06461296069307e-05
"Os02g0228400",58.0075770013542,4.60945677052693,1.03988271405323,4.43266986577773,9.30733224109138e-06,6.09261328242518e-05
"Os12g0114100",2142.04438894544,0.805185064771675,0.18166024912321,4.4323679432233,9.32037877659643e-06,6.09975999787667e-05
"Os09g0544300",7633.16370137545,0.950840630180149,0.214530098944782,4.43220151790862,9.32757773701852e-06,6.10222495355944e-05
"Os11g0193300",14.512169420872,7.97885300976329,1.80020862801648,4.43218240685503,9.32840475240485e-06,6.10222495355944e-05
"Os03g0131500",1411.76797416857,0.782132052798425,0.176495417182632,4.43145813802688,9.35979858637425e-06,6.12136382325485e-05
"Os11g0210600",734.240214994442,2.44293474584268,0.551339169116566,4.4309109214154,9.38358490847219e-06,6.13551973522467e-05
"Os03g0809100",1578.3288184735,0.802695418705448,0.181177851001439,4.43042797046463,9.40462570689711e-06,6.14647207468102e-05
"Os08g0178300",2015.54872761827,0.485074222508081,0.109550171847046,4.42787276669306,9.51670087061611e-06,6.21546645418037e-05
"Os01g0125900",4769.45488620379,0.60253942494862,0.136095079459264,4.42734173301963,9.5401524208272e-06,6.22936297086465e-05
"Os05g0134200",1799.70656770546,0.517794846951329,0.116964069719993,4.42695648493513,9.55720031908669e-06,6.23907276241676e-05
"Os03g0253500",959.172461085965,0.620383281809412,0.140143148641862,4.42678281329907,9.564895104434e-06,6.24267367954996e-05
"Os07g0446100",7246.43471280684,0.797922850216073,0.180287086611766,4.42584582851647,9.60651184127514e-06,6.26589189595358e-05
"Os10g0359500",4432.87894694,1.43292615099497,0.323831593344702,4.42491152946186,9.6481814872707e-06,6.29129940767592e-05
"Os04g0454900",94.4945592389061,2.08984419808259,0.472302944837698,4.42479603594415,9.65334446164304e-06,6.29323380011368e-05
"Os07g0101300",6740.22113954207,1.46903541641004,0.332138273114855,4.42296337195092,9.73562516630818e-06,6.34110325676431e-05
"Os06g0697600",3995.21033449695,1.71635650852411,0.388072539126029,4.42277238268259,9.74423841070026e-06,6.34382910573469e-05
"Os03g0174800",1494.89405246765,0.801767440846407,0.1812880437342,4.42261620971506,9.75128691674324e-06,6.34697575507786e-05
"Os07g0621500",1139.4266906309,1.23318220102506,0.278912472933975,4.42139495610503,9.80657357128758e-06,6.38006235160154e-05
"Os03g0285100",667.351872754635,1.15630204579055,0.261527706003777,4.42133670447082,9.80921811402833e-06,6.38033410676821e-05
"Os04g0378575",478.795915493399,1.86840946512993,0.422699836099522,4.4201802450901,9.86186097166441e-06,6.41311939537287e-05
"Os02g0798800",249.362344920712,1.06279846967305,0.24046967704298,4.41967770216238,9.88482109905956e-06,6.42659165260392e-05
"Os07g0185900",17976.6598952472,0.802249017608275,0.181561105211264,4.41861717395243,9.93344207926804e-06,6.45673735152422e-05
"Os11g0379251",249.518531408096,1.3333137565356,0.301804895271986,4.41780029887858,9.97104818398789e-06,6.47971133063328e-05
"Os03g0157400",256.700498481956,1.01915758185932,0.230750385333679,4.41671020564303,1.00214441619661e-05,6.50950845904901e-05
"Os02g0822900",1365.96557163309,1.99997649542849,0.453037771078212,4.41459106305556,1.01201110067855e-05,6.57061909282618e-05
"Os07g0549700",13501.8695561221,0.471880144696446,0.106936050619955,4.41273211382646,1.0207426590552e-05,6.62280766921412e-05
"Os07g0187700",6269.79434371357,0.431332039998095,0.0977707439025063,4.41166777280742,1.02577425218859e-05,6.65394699427381e-05
"Os03g0607700",380.131476923124,1.32483251043616,0.30032315069445,4.4113565916337,1.02724980740317e-05,6.66201029463914e-05
"Os02g0248200",23.1898414736534,8.3494686921051,1.8929440490325,4.41083755030825,1.0297155027629e-05,6.67648983597252e-05
"Os03g0106200",2374.30125103624,0.87085896678446,0.19776098893439,4.40359330460964,1.06472459977396e-05,6.88048645664616e-05
"Os03g0137200",8228.44183756417,0.999537201815673,0.226972992110421,4.40377153476218,1.06384979528794e-05,6.88048645664616e-05
"Os12g0628500",10951.9356243598,0.372509820932364,0.0845919794358935,4.40360685985205,1.06465804264661e-05,6.88048645664616e-05
"Os06g0136000",2631.5035700618,0.805271074521887,0.18289343872741,4.40295223341549,1.06787684234589e-05,6.89497867626802e-05
"Os09g0570300",3321.92685508364,0.56076799245575,0.127361945528339,4.40294775750715,1.06789888234826e-05,6.89497867626802e-05
"Os01g0721400",102.251965503288,4.15431248248582,0.9435335763625,4.40293020466901,1.06798531918461e-05,6.89497867626802e-05
"Os03g0836200",10038.8108141072,0.537068169834122,0.122003152101905,4.40208437717682,1.07215842094549e-05,6.92036113469927e-05
"Os05g0142200",264.179799573972,3.69535121085111,0.839538618219469,4.40164529737581,1.07433086566824e-05,6.93120219970777e-05
"Os08g0518100",5225.76466914708,1.07368790565938,0.244046665962583,4.39951884376081,1.08491156914281e-05,6.99008011672584e-05
"Os03g0136700",309.990084052213,1.52872829144071,0.347488774061857,4.39936022557257,1.08570478866202e-05,6.99204621369839e-05
"Os10g0197000",254.65397974963,1.48358429984011,0.337223974851979,4.39940339500272,1.08548885169046e-05,6.99204621369839e-05
"Os01g0838800",862.168837050013,1.29695601921327,0.294861831015385,4.39852121499443,1.08990974098727e-05,7.01439665291265e-05
"Os10g0515200",831.018241870837,1.98110207748744,0.450465836212964,4.39789639574541,1.09305130632299e-05,7.03303526359002e-05
"Os04g0201000",15.2279169732855,8.11237185721742,1.84490343192168,4.3971796663457,1.09666563893308e-05,7.04995824247489e-05
"Os06g0676600",1193.53000871978,0.631504202339594,0.143619834568416,4.39705423862445,1.09729931953421e-05,7.05244955210727e-05
"Os07g0509800",8833.86121958801,1.14059249250098,0.259454126725372,4.39612391946372,1.10201036306646e-05,7.07955177636331e-05
"Os07g0589000",2212.64500194087,1.06650471083482,0.242775552649557,4.39296584518254,1.11814699233705e-05,7.17678038181926e-05
"Os03g0564600",243.875990647118,1.06192951197121,0.241745537013769,4.39275746344277,1.11921964402357e-05,7.18205626888319e-05
"Os01g0359600",770.724819110491,1.85447431195507,0.422185454008276,4.39255851746783,1.12024464140523e-05,7.18702406304132e-05
"Os04g0509400",196.160888674597,2.33960119805567,0.532656606979396,4.39232550089474,1.12144631476621e-05,7.19312285889441e-05
"Os01g0179000",926.424588073159,1.12534129354528,0.256387570446652,4.38921938214409,1.1375826584635e-05,7.29172669581568e-05
"Os12g0535400",2117.31680845412,7.18861389939078,1.6381746975959,4.38818516116776,1.14300446774203e-05,7.32320304332394e-05
"Os06g0704800",1089.02840962301,1.5667063387407,0.357067868175691,4.3876990297257,1.1455614816637e-05,7.33630477707385e-05
"Os05g0431700",369.932673113377,1.32442787975236,0.301866509595047,4.38746213195057,1.14680952365826e-05,7.34265619482824e-05
"Os03g0373300",20.6733469460557,6.47900748587664,1.47713994338082,4.38618393261219,1.15356585145172e-05,7.3809666761489e-05
"Os08g0412401",2190.27931027306,0.951093659484037,0.216842060943688,4.38611243291508,1.15394490572235e-05,7.38174356748309e-05
"Os09g0566550",1953.5683491658,0.91352409800778,0.208300084451889,4.38561559113902,1.15658218833137e-05,7.39696269198002e-05
"Os08g0117900",1452.6090288378,0.57487622806057,0.131110373367267,4.38467386901741,1.16159673287499e-05,7.4273754943839e-05
"Os12g0124500",195.107042427446,1.79389313169781,0.40917003189478,4.38422414122233,1.16399878865953e-05,7.44107391625899e-05
"Os12g0236500",6588.86531185751,0.433587612734153,0.098937365667749,4.38244549779327,1.173545296328e-05,7.49708357422294e-05
"Os06g0673300",1357.02472460458,1.34328301663879,0.306547465252432,4.38197398087321,1.17608857201127e-05,7.50830877122706e-05
"Os11g0614900",1956.84975459322,0.801000235542318,0.182861715593828,4.38036049777363,1.18483126403882e-05,7.55570562591593e-05
"Os03g0554900",12317.5368767808,0.94831898365003,0.216499493369365,4.380236502596,1.18550569500575e-05,7.55832424862146e-05
"Os11g0110100",730.633126974605,0.766931800647426,0.175105621473572,4.37982398391004,1.18775209290661e-05,7.56927779491994e-05
"Os02g0681000",893.146491663673,1.27804267887693,0.291818530972581,4.37958026386272,1.18908119520523e-05,7.57606279853683e-05
"Os01g0910500",52.1359623394027,7.56770886843292,1.72802795039138,4.379390314097,1.1901180509473e-05,7.58098319158337e-05
"Os03g0639300",284.220265242865,1.6944224157609,0.387005485660979,4.37829043396359,1.19613881832172e-05,7.61764156980528e-05
"Os05g0305600",1323.90629774895,1.17289928937033,0.267911852848157,4.37792981871202,1.19811915406466e-05,7.62855777828012e-05
"Os09g0499000",3813.07554020628,0.739326020662999,0.168937566414302,4.376326925711,1.2069594449802e-05,7.6763156531793e-05
"Os04g0151700",248.566377889476,1.99606285461857,0.456129723600252,4.37608590570147,1.2082940929152e-05,7.68309861300627e-05
"Os09g0440300",21145.0851198954,1.17614146188242,0.268913308421577,4.37368261461636,1.22167958468073e-05,7.76476563005152e-05
"Os09g0323100",2576.96737540787,1.06915660044083,0.244465556806762,4.37344472737298,1.2230122035464e-05,7.76978839379413e-05
"Os04g0637000",6983.19138464875,1.44427097553888,0.330276320660625,4.37291711573515,1.22597277952241e-05,7.78687033448816e-05
"Os04g0201900",379.725680210194,1.57710877269181,0.360777057969181,4.37142201216832,1.23439941796777e-05,7.83691826359684e-05
"Os11g0175400",2261.21548117666,1.05191217648161,0.240697838085728,4.37026017702309,1.24098583807788e-05,7.87524390533942e-05
"Os04g0539100",702.124804095464,1.10834721089762,0.253651717234545,4.36956320651582,1.24495302872538e-05,7.89867010164738e-05
"Os05g0195700",2452.83272003214,1.16822629147585,0.267423077590383,4.36845728499634,1.25127283599296e-05,7.93700892115793e-05
"Os06g0643300",8768.04364962928,0.551090299784765,0.126165293453725,4.36800236181352,1.25388137858093e-05,7.9505496332399e-05
"Os06g0289300",22.8270308177693,8.19816720999909,1.8769519706922,4.36780873352645,1.25499322236047e-05,7.95356465540197e-05
"Os07g0694700",53263.3213209566,0.606282792433306,0.138839352599135,4.36679357173178,1.26083785190442e-05,7.98883815408346e-05
"Os05g0529700",466.864459301926,1.47328114523785,0.337439741410848,4.36605700051217,1.26509479058937e-05,8.012267007066e-05
"Os12g0610600",1648.85663426468,1.1895974485593,0.272485683716149,4.36572458536396,1.2670204382202e-05,8.02268941345525e-05
"Os02g0147600",254.579156557428,1.30770502691762,0.299581312239598,4.36510881517118,1.27059492449113e-05,8.04354524448075e-05
"Os06g0496000",11219.5990756033,0.642870036880812,0.147370429287286,4.36227294708893,1.28718142591066e-05,8.13226464123593e-05
"Os06g0171900",12412.8498518062,1.08287952991544,0.248380268582892,4.3597647111572,1.30202364723738e-05,8.21527891227605e-05
"Os09g0547500",92.9021491906642,3.86096453086848,0.885978230833643,4.35785485071747,1.31343439463963e-05,8.27998289883712e-05
"Os03g0191400",1677.02370528515,1.12845340669116,0.258969329051926,4.35747897568553,1.31569132400676e-05,8.29056252813764e-05
"Os06g0638300",498.639984315371,0.968042623617022,0.222169444776603,4.35722664109105,1.31720853396654e-05,8.29829791451395e-05
"Os02g0810450",2390.73466778979,0.583278416496099,0.133894652874556,4.35624876702556,1.32310397138675e-05,8.32994396575988e-05
"Os02g0291500",592.204785189149,0.920265690426267,0.211261532897841,4.35604947953907,1.32430852579018e-05,8.33569593166523e-05
"Os03g0636600",619.271506505404,0.910407423103277,0.209032496703857,4.35533918151053,1.32861029895299e-05,8.36093614882518e-05
"Os01g0380800",56.6926296970859,7.03411963762853,1.61519400240098,4.35496889362661,1.33085815379585e-05,8.37324282445293e-05
"Os10g0326100",35.9911418979679,4.89605330840762,1.12427351507422,4.35485959845313,1.33152232988696e-05,8.3737440289555e-05
"Os08g0529100",761.87639040768,1.31733126122872,0.302514001004986,4.35461253645251,1.3330248670034e-05,8.37951480679715e-05
"Os03g0819700",1392.19743641417,1.25625352582217,0.288606092048497,4.35283093612267,1.34390786800253e-05,8.43544914543459e-05
"Os07g0680500",3639.70969102473,1.51550927498734,0.348167344709257,4.35281854549827,1.34398385274706e-05,8.43544914543459e-05
"Os07g0550900",386.763258274731,1.6282750100407,0.37410818174756,4.35241753450723,1.34644524190401e-05,8.4490471027231e-05
"Os05g0539800",6177.66606480144,0.607726930527568,0.139639905391165,4.35210070377217,1.34839297632316e-05,8.45756470175376e-05
"Os12g0152200",17.5904504364588,8.32060842438279,1.91218340212354,4.35136525876258,1.35292453082919e-05,8.48413080702953e-05
"Os06g0600800",486.101048212335,1.34162679961881,0.308404506766194,4.35021788003868,1.36002330009205e-05,8.52678065519417e-05
"Os10g0565100",4705.10816330293,0.806800366741103,0.185504191133749,4.34922985734268,1.36616459959042e-05,8.56341021821585e-05
"Os05g0456200",78.4003385159185,2.89731905773924,0.66640974383041,4.34765410404408,1.37601385223036e-05,8.61949035725934e-05
"Os02g0574900",1335.64230508761,1.19175959411942,0.274134839138571,4.34734818042228,1.37793386393296e-05,8.62963083484309e-05
"Os11g0156600",1041.43901924142,1.59672623614059,0.367298819394292,4.34721309143801,1.37878251097504e-05,8.63305867667327e-05
"Os04g0653400",9928.77146600864,0.684731469227349,0.157589253645045,4.34503910253703,1.39250855830916e-05,8.70948596653001e-05
"Os03g0288000",21123.4011510355,0.80606434958303,0.185545357993319,4.34429811826419,1.3972166655899e-05,8.73130902998515e-05
"Os04g0433200",1469.4287016286,0.989162897081806,0.227736598742831,4.34345161270634,1.40261381922831e-05,8.76312497787388e-05
"Os01g0373800",214.421840680143,2.3496819483371,0.540991782155539,4.3432858424854,1.40367306330668e-05,8.76424530485488e-05
"Os04g0474550",281.810100336449,0.849917662963356,0.195685110478884,4.34329245021975,1.40363082638994e-05,8.76424530485488e-05
"Os11g0635300",30.4845060684429,9.04775361974849,2.08334767749277,4.34289183581548,1.40619376283699e-05,8.77783522719072e-05
"Os05g0414300",923.337726115664,0.858056614684775,0.197612690953405,4.34211290046698,1.41118979447854e-05,8.80135176129714e-05
"Os05g0487600",1502.77848477387,0.533813641849845,0.122942227890319,4.3419877043881,1.41199437001055e-05,8.80445325126059e-05
"Os11g0257800",170.273059091293,5.03887505626146,1.16054318335761,4.34182469771036,1.41304259190147e-05,8.80907231139269e-05
"Os01g0808100",4676.44333965812,0.585116929618194,0.134815346978793,4.34013591724269,1.4239461358525e-05,8.86838533522646e-05
"Os01g0203800",734.152373796752,1.14117502000327,0.262949001149739,4.33991007767098,1.4254103284309e-05,8.87266059748037e-05
"Os04g0534500",1366.50087470355,0.630541657538713,0.145320805925807,4.33896339565193,1.43156362006136e-05,8.90709247383237e-05
"Os02g0811800",94.420630759546,3.03805793154209,0.700502508502271,4.3369693822192,1.44460738551443e-05,8.98629848236199e-05
"Os02g0108800",1143.25773783999,1.41928792497764,0.327281911509886,4.33659140656409,1.44709264390394e-05,8.99980430500016e-05
"Os01g0884350",67.6657795937844,3.04881270968529,0.703097558299701,4.33625842345154,1.44928544588509e-05,9.01148580631502e-05
"Os01g0536000",1633.40342228725,1.08467151227616,0.250165166596146,4.33582151757841,1.45216741978291e-05,9.02157435204249e-05
"Os04g0449500",1562.7771713939,1.07776344426728,0.24858911664853,4.33552143713148,1.45415001344033e-05,9.02997533270313e-05
"Os08g0550400",1352.09143568176,1.31131134008834,0.302487585571823,4.33509143064313,1.45699551210666e-05,9.04568481319175e-05
"Os04g0452400",2839.99119714786,0.491757777922683,0.113450405275762,4.33456166795856,1.46050843202217e-05,9.06356673040917e-05
"Os09g0421300",96.1603735830278,1.94218022062425,0.448167960007844,4.33359899398042,1.46691272260149e-05,9.09992320090845e-05
"Os12g0485300",27.0445476628259,6.21761097034507,1.43525604653295,4.33205697712582,1.47722698774527e-05,9.15740104995184e-05
"Os06g0183900",2454.06706335375,0.839357220829368,0.193782571366023,4.33143814179223,1.48138567672127e-05,9.18119455103132e-05
"Os04g0609600",2624.52868787782,0.816211402432331,0.188527890508544,4.32939338699778,1.49520633896065e-05,9.25883985820195e-05
"Os10g0506900",17.3694062481341,7.30740825599784,1.68838811929773,4.32803818771082,1.50443389108396e-05,9.30793345872115e-05
"Os05g0102900",3311.87023465345,0.551152831316269,0.127357450178282,4.32760573130772,1.5073898970877e-05,9.32420883664867e-05
"Os05g0163400",8508.14812548792,0.789122387943092,0.182387749692838,4.32661946469576,1.51415213947653e-05,9.3619954899183e-05
"Os02g0573200",849.893137941898,0.879230901143836,0.203277634698572,4.32527121071432,1.52344312219716e-05,9.40928914360701e-05
"Os03g0764300",3778.80840804193,0.75643389688464,0.174881549388376,4.32540710858384,1.52250417584256e-05,9.40928914360701e-05
"Os05g0126100",1289.37565556954,1.12361302643508,0.259774499286098,4.32533997572105,1.52296794163109e-05,9.40928914360701e-05
"Os06g0701300",3080.5345963199,0.795285658075361,0.183883777899315,4.32493647433554,1.52575824002712e-05,9.42155713216747e-05
"Os05g0511400",6601.67591784227,0.537789183186068,0.124353227270211,4.32469019897238,1.52746368140853e-05,9.43005589306554e-05
"Os02g0250300",2073.6175677907,0.408583759004026,0.0944950566052948,4.32386384729815,1.53319940485895e-05,9.45205660243059e-05
"Os07g0646300",2752.26002723421,0.758101558445593,0.175340646572747,4.3235928078494,1.53508516300552e-05,9.46080019153239e-05
"Os05g0142100",393.155360520503,2.06876798151181,0.478580557781572,4.32271630736828,1.54119856853909e-05,9.49643470661977e-05
"Os01g0627701",350.079738557915,2.23128858349455,0.5162597614052,4.32202691416669,1.54602324079098e-05,9.52411479147349e-05
"Os11g0426400",614.011017958721,2.14641215154909,0.496689397951759,4.32143742226114,1.55016017759375e-05,9.54754716431989e-05
"Os07g0102400",2464.61878869426,0.946208219161543,0.218995165797502,4.32068085026349,1.55548511483589e-05,9.57416960478582e-05
"Os06g0710300",1399.45935783471,1.05560394389256,0.244359235155128,4.31988561112667,1.56110099637225e-05,9.6046093510968e-05
"Os01g0280500",96.7021524687373,2.62647234608033,0.608068749681374,4.31936741931993,1.56477079896958e-05,9.62512085274289e-05
"Os06g0565100",529.442953862624,1.57068464186022,0.363935203676035,4.31583596748834,1.59000020343525e-05,9.76563468999505e-05
"Os05g0112101",200.240638373324,1.25893579442922,0.291796642238599,4.31442865404807,1.60016199398717e-05,9.81752493612856e-05
"Os04g0437600",5824.97601699484,0.962422470764515,0.223112284548663,4.31362384510298,1.60600107241871e-05,9.84702691884208e-05
"Os03g0597400",18.5680252521821,8.12529071289387,1.88363453372097,4.31362377756103,1.6060015633027e-05,9.84702691884208e-05
"Os08g0181750",23.5370745370436,6.7250245506341,1.55906070614975,4.31351038744489,1.60682586604021e-05,9.84997319507575e-05
"Os11g0508600",10580.1728121436,1.69240953047872,0.392364496237884,4.31336052753519,1.6079159089358e-05,9.85243939752536e-05
"Os03g0743800",188.623200226397,2.48488141090476,0.57619050660218,4.31260387394824,1.61343038726501e-05,9.88044862675346e-05
"Os09g0444900",555.231344547337,1.803861743854,0.418356076986987,4.31178568468627,1.61941362050947e-05,9.91229204333203e-05
"Os07g0622400",196.546865021974,1.63819417311751,0.379975487399577,4.31131540702467,1.62286222009126e-05,9.92915830238198e-05
"Os03g0309200",4184.05137683188,0.536044856411381,0.124348923031683,4.31081221567798,1.62655993092571e-05,9.94541082818684e-05
"Os03g0326100",750.236676117094,1.25611954689297,0.291572410897853,4.30808780235737,1.6467201833911e-05,0.00010063115427363
"Os08g0272200",202.105006403228,1.46946323336697,0.341095607244088,4.308068477456,1.64686403179202e-05,0.00010063115427363
"Os05g0358700",2283.9268157753,0.785560792483711,0.182349650998988,4.30799175199996,1.64743526978671e-05,0.000100644595628846
"Os04g0679200",278.903579881866,1.44277415915128,0.335067906989401,4.30591569367136,1.66296386443269e-05,0.000101506690762091
"Os11g0194900",4493.29718162746,0.763096391246168,0.177263124971245,4.30487949126449,1.67076659059357e-05,0.000101961244629791
"Os05g0395400",331.440833516474,1.1438259211158,0.265718586761737,4.30465153023503,1.67248784014586e-05,0.000102022826476175
"Os02g0174000",237.944539272961,0.81112577658409,0.188440685508395,4.30440896771177,1.67432119592965e-05,0.000102098206380305
"Os10g0566400",143.818004932331,2.21872810059343,0.515556822848669,4.30355685787266,1.68077687580655e-05,0.000102463019245977
"Os06g0194900",106951.731049495,0.692708619558717,0.160970877053343,4.30331642741292,1.68260269052039e-05,0.000102552504336929
"Os03g0672300",1833.05916784096,0.748935892905117,0.174071254500068,4.30246737208885,1.6890655014848e-05,0.000102880749890609
"Os02g0643800",289.559197167945,1.23257347443532,0.286577152284588,4.30101794441485,1.70015290301725e-05,0.000103534072215197
"Os02g0813500",14876.9536034217,0.578994047756634,0.134627450075533,4.30071317128706,1.70249307467389e-05,0.000103654550734289
"Os01g0946200",459.80806117539,1.39737905839319,0.325044068651727,4.29904493932,1.71535691832584e-05,0.000104393386626746
"Os10g0375600",5687.61504684258,0.669858080538996,0.155826859164832,4.29873312039504,1.71777162569908e-05,0.000104518141048057
"Os02g0779300",2228.72843127233,0.642089130929148,0.149417154095185,4.29729193289353,1.72897424046678e-05,0.000105110481514649
"Os12g0188900",1696.19586535748,0.766763983213809,0.178472959018125,4.29624738353746,1.73713719119533e-05,0.000105584333479272
"Os09g0551900",1450.54269571751,1.03822245891659,0.241866040713751,4.29255159530779,1.76631488207757e-05,0.000107198589284657
"Os03g0312600",2996.54515278775,0.40916610999751,0.0953347064577906,4.29189038494252,1.77158404061228e-05,0.000107427356469044
"Os04g0615100",4041.66178069029,0.663206311433157,0.154541417179716,4.29144706665862,1.77512520903589e-05,0.000107596546412728
"Os02g0224300",16652.1589992358,0.791762943087144,0.184545390694561,4.29034255533145,1.78397725714652e-05,0.000108087368094231
"Os12g0555100",17.8653045326129,8.31048731972052,1.93744514636696,4.28940521764143,1.79152247602599e-05,0.000108498630274988
"Os12g0514400",6049.28230150089,0.663706372723226,0.154735044182617,4.28930870979638,1.79230105220408e-05,0.000108499914954049
"Os03g0314800",1816.4954442161,0.631507926818668,0.147251638662771,4.28863089438969,1.79777841188096e-05,0.000108785527047969
"Os02g0598800",679.070682140025,0.936354207716914,0.218365270737194,4.28801798269392,1.80274501800005e-05,0.000108993986612656
"Os08g0481100",1289.80545788986,1.16322203283076,0.271296810333506,4.28763622912046,1.80584508461087e-05,0.000109158382625044
"Os12g0106900",4640.43518108107,0.593525297844644,0.138439535429344,4.28725288627948,1.80896316719659e-05,0.000109323798073226
"Os05g0117500",662.450521324002,0.803168947889021,0.187372213806877,4.28648907738711,1.81519123079311e-05,0.000109607711579946
"Os10g0109600",12646.3867513412,2.33617065809999,0.545058098529848,4.28609475650614,1.81841449554432e-05,0.000109779208020093
"Os03g0745700",20.6378555318828,8.21208622618173,1.91627119379664,4.28545095953325,1.82368875380256e-05,0.000110051242994842
"Os02g0616600",113.151361977224,1.94036503939689,0.453064593184797,4.28275585553306,1.84592681201119e-05,0.000111299442377409
"Os06g0527500",529.168410376492,1.21518972736755,0.283749629154777,4.28261256582895,1.84711633848614e-05,0.000111347732653703
"Os11g0112800",2590.23040872179,0.857959544691972,0.200391611817372,4.28141446096995,1.85709108259257e-05,0.000111854895308897
"Os12g0161500",147.882665611383,2.7332194932003,0.638572861143467,4.28019989497523,1.86725523374533e-05,0.000112419829706391
"Os06g0229200",5553.05389222008,0.71416546682651,0.16687841003715,4.27955579554915,1.87266688922683e-05,0.000112721957374217
"Os03g0399532",1074.52997164543,1.44708189509549,0.338240583010526,4.27826218313506,1.88358085110102e-05,0.000113331286320341
"Os06g0527300",988.506678663838,0.849370610982,0.198565955143481,4.27752386036295,1.88983706981371e-05,0.000113636121142293
"Os06g0200800",625.977230992787,5.62858345667525,1.31608188880943,4.27677297631307,1.89622002502207e-05,0.0001139481882486
"Os07g0461600",3843.65475430736,0.565585047037639,0.132254799937017,4.27648030398129,1.89871346892173e-05,0.000114074100045178
"Os07g0497400",6721.44348075881,0.6052437454738,0.141557789529152,4.27559477642987,1.90627682067971e-05,0.00011445650349144
"Os05g0519000",814.301217151314,0.899755486818939,0.210474691417619,4.27488683204036,1.91234405440205e-05,0.000114772689247439
"Os01g0513400",2788.84267637244,0.469451545992519,0.109825463977153,4.27452367594987,1.91546351208515e-05,0.000114924603066901
"Os02g0793700",5720.98943220236,0.523840292963637,0.122552783742857,4.2744055007577,1.91647966443408e-05,0.000114924603066901
"Os12g0555300",27.3581483224815,8.23531617308481,1.92721653162803,4.27316600803956,1.9271686633935e-05,0.000115410252873007
"Os10g0147900",759.895101492789,0.710890111980294,0.16638434577532,4.27257810022739,1.93225842727079e-05,0.000115636307450349
"Os03g0586300",1954.85181333911,0.844553762998387,0.197774830347858,4.27027929445286,1.95228331949495e-05,0.000116705240288273
"Os03g0740900",39.8828564836465,4.50051763835558,1.05415000552283,4.26933322086683,1.96058183869726e-05,0.000117128004258452
"Os03g0129100",1055.46348203653,1.31395449789303,0.308012418897951,4.26591402578595,1.99085440708277e-05,0.000118763190655289
"Os04g0188433",33.4318730430393,9.18662170923908,2.15419946476199,4.26451768256013,2.00334479279775e-05,0.000119384016229703
"Os06g0632700",1341.82016562422,0.548070461840017,0.128518488995395,4.26452618704268,2.00326849425573e-05,0.000119384016229703
"Os01g0588900",2006.37787859176,1.07329925285719,0.251704710990255,4.26412063816617,2.00690998545433e-05,0.000119571605122141
"Os01g0744300",8583.07078018105,0.512403714715848,0.120171560689874,4.26393492581998,2.00857963098358e-05,0.000119646202883454
"Os01g0839100",132.052256947448,1.42005879005652,0.333043953933194,4.2638780055481,2.00909163705863e-05,0.000119651826200382
"Os05g0361500",1713.2154168206,1.81917644699461,0.42670974905579,4.26326431730241,2.01461975065022e-05,0.000119906283954362
"Os12g0601200",949.806957506624,0.985542449388289,0.231227574276956,4.26221851987186,2.02407369815626e-05,0.00012039393730449
"Os12g0579000",4175.14580180159,0.60109814857467,0.141184220715533,4.2575448270937,2.06684225956063e-05,0.000122810378309687
"Os12g0140200",19.6106711722515,6.13586848471548,1.44141724873825,4.25683020658074,2.07345704969693e-05,0.000123177879717845
"Os03g0244700",729.311341274959,0.828962786074881,0.194758353619805,4.25636575103284,2.07776702280844e-05,0.000123382758005197
"Os08g0122000",4505.60565769267,0.656544636578383,0.154275070264776,4.25567549865046,2.08418806664491e-05,0.000123661537555415
"Os09g0482660",1095.12245704826,1.85684132408358,0.436570071576658,4.25324923757979,2.10690850083715e-05,0.000124906150146878
"Os10g0372700",246.254656117612,1.34059318575139,0.315217652964113,4.25291278310488,2.11007774372773e-05,0.000125068157867784
"Os03g0373601",13.8841126507351,6.59283978893675,1.55037862770969,4.25240626457555,2.11485747061939e-05,0.000125273715625773
"Os03g0107300",25848.7599422909,1.23126234969042,0.289577435890473,4.25192779922299,2.11938194115916e-05,0.00012548983545793
"Os01g0130100",134.223440386875,2.27198936142315,0.534553427795068,4.25025683736549,2.1352553065551e-05,0.000126346863463822
"Os03g0109300",95.2803327744053,10.6276655077447,2.50168488785195,4.24820310477633,2.1549198728113e-05,0.000127357186872503
"Os04g0382300",7643.97647107804,0.60022825908538,0.141351425395196,4.24635448427377,2.17276780479077e-05,0.000128200459519903
"Os12g0468600",2463.35591189604,0.550389568769039,0.129680357989879,4.24420149126973,2.19373174381382e-05,0.000129330868155871
"Os01g0649200",2120.69767534683,0.753188081780892,0.177467354249193,4.24409370933255,2.19478627310811e-05,0.000129366419043599
"Os06g0226600",1793.02319346763,0.730226228832666,0.17207805448805,4.24357557391711,2.19986240442037e-05,0.000129559008451084
"Os05g0350700",6637.1164131667,0.613653115189697,0.144645839099394,4.2424525932476,2.21090253878375e-05,0.000130182448707834
"Os05g0405500",334.825405851897,1.19518865233738,0.281781644609252,4.24154190027087,2.21989435561233e-05,0.000130658202705433
"Os03g0810900",1312.57309857328,1.01882497084978,0.240232952304302,4.24098759590334,2.22538436329499e-05,0.000130954431663849
"Os12g0130200",108.867910298656,5.01068112432942,1.18158429832637,4.24064633511693,2.22877074362883e-05,0.000131095156034473
"Os10g0340100",173.002681218103,1.54712689946702,0.364945099768738,4.23934148025942,2.24176429209496e-05,0.000131701928433678
"Os04g0527500",1009.99650187915,0.585670251675275,0.138159477333184,4.23908850105793,2.2442917506847e-05,0.000131819895602298
"Os12g0636200",16884.8252175852,0.732323966163776,0.17275668809637,4.23904842257255,2.24469241464335e-05,0.000131819895602298
"Os03g0248600",17916.6230678214,0.607314589926222,0.14328380932659,4.23854302018142,2.24975075965118e-05,0.00013208987451952
"Os03g0764600",9563.24176722406,1.04605045931355,0.246858552703895,4.23744872460738,2.26074027091277e-05,0.000132653553639551
"Os10g0390800",3152.1024676138,1.77272087746704,0.418385729646486,4.23704909573492,2.26476628199693e-05,0.00013286257885294
"Os01g0771350",1220.19035829548,0.665990600720681,0.157220111444159,4.23603949013371,2.27496784373229e-05,0.000133433733180384
"Os11g0266500",5084.65554666201,1.04919800757174,0.24772340022383,4.2353609171509,2.28184904396553e-05,0.000133809944346501
"Os04g0304200",2226.31660659263,1.59519807322243,0.376681418977479,4.23487327182921,2.2868063325798e-05,0.000134073204503942
"Os05g0113300",590.40403663288,1.65689117134884,0.391288414495358,4.23444985838827,2.29111896624963e-05,0.000134271099654294
"Os08g0559800",138.872833354083,4.13616270353113,0.976853728116396,4.23416790506254,2.29399506444452e-05,0.000134412160708516
"Os04g0111500",2097.15268634727,0.923270213658652,0.218055866731098,4.23409939617543,2.29469441610435e-05,0.000134425647945659
"Os02g0614732",717.689493520738,1.12989847804398,0.26704464856364,4.23112196451566,2.3252853854029e-05,0.000136106387870407
"Os04g0583200",771.88444636969,1.38019961831744,0.326243118943139,4.23058614320689,2.33083160614977e-05,0.000136375305655306
"Os11g0140800",748.910954193377,1.42573446116331,0.337041008965197,4.23015129684271,2.33534189859746e-05,0.000136583417184352
"Os01g0667700",3720.22129031338,0.73746192133863,0.174378588617371,4.22908527466522,2.3464340038903e-05,0.000137120185762727
"Os02g0682500",997.580595997417,0.74892096429236,0.177132002579622,4.22803871342061,2.35737236959226e-05,0.000137703227591351
"Os02g0806000",796.603380230415,0.858093130538416,0.202969215196083,4.22770088414361,2.36091361355075e-05,0.000137881974837864
"Os01g0110100",792.542985913261,1.3746825151898,0.325177673967309,4.22748123639017,2.36321875242392e-05,0.000137961998141718
"Os05g0475625",44.6226050340567,3.88393867879471,0.918736457957478,4.22747856053239,2.36324684796717e-05,0.000137961998141718
"Os10g0527800",8516.76165337484,2.21595315913728,0.524286185791678,4.22660985391244,2.37238477410909e-05,0.000138382672124946
"Os03g0235000",2883.18087105362,1.06680380381029,0.252446709365545,4.22585743538273,2.38032662649562e-05,0.00013881766436465
"Os03g0262500",3270.00542863323,1.22094550913995,0.288943142086933,4.22555628183973,2.38351241527854e-05,0.000138975168340579
"Os03g0386700",133.114169300266,1.37124840684682,0.324591838098752,4.2245313834097,2.39438485010443e-05,0.000139580701373738
"Os03g0655600",4159.9750164882,0.654917868684966,0.155036546488898,4.22428055524226,2.39705289003246e-05,0.000139661010210049
"Os10g0548850",753.237679862511,0.789948608166985,0.187011934686801,4.22405452085159,2.39945962329021e-05,0.000139734384403478
"Os08g0331000",2199.74041188446,1.22646330686379,0.290382779593319,4.22360895016382,2.40421063512246e-05,0.000139954171307454
"Os02g0581300",2388.34913925281,0.910725521482498,0.215675223878171,4.22267103799063,2.41424062966881e-05,0.00014045243151527
"Os08g0157550",106.232490135478,3.13722950808801,0.742942421321623,4.22270881033712,2.41383592553104e-05,0.00014045243151527
"Os01g0919600",1913.64563127829,1.61884081338203,0.383556092836007,4.22061034518405,2.43641759748318e-05,0.000141685076117491
"Os03g0858700",2781.12022651529,1.09823202693934,0.260296094758265,4.2191644402474,2.45209383688533e-05,0.000142538836710161
"Os03g0777000",299.670498582371,3.4915936854681,0.827572821857659,4.21907727422765,2.45304193527819e-05,0.000142565025414991
"Os06g0225600",16.3926550983801,7.85326042450279,1.86234276345307,4.21687166219694,2.47714859752227e-05,0.000143761923468115
"Os07g0569000",1888.91418875149,0.90181238921365,0.213878864184378,4.21646333616316,2.48163612783304e-05,0.000143964037932116
"Os01g0870100",1766.46184688481,1.07164872897443,0.254172319199734,4.21622910137712,2.48421387319186e-05,0.000144084404645128
"Os03g0317000",4933.62757869233,1.30470310301186,0.309468586450225,4.21594682024925,2.48732375127561e-05,0.000144225988162784
"Os05g0144100",2898.45048449401,0.841270795157002,0.19954810495358,4.21587965143895,2.48806429221391e-05,0.000144225988162784
"Os11g0384789",4146.2970453146,0.67974985381027,0.161362543454297,4.21256283681966,2.52489442433601e-05,0.000146148030396112
"Os11g0593000",531.754380298366,1.0642367115983,0.252640034592356,4.21246265785025,2.5260148462213e-05,0.000146183351593482
"Os01g0923600",3800.88355625172,0.692475718059257,0.164396576970066,4.21222710850815,2.52865114136463e-05,0.000146269567456617
"Os02g0742000",11464.9386627274,0.729181615795392,0.173112120656021,4.21219272822782,2.52903614819238e-05,0.000146269567456617
"Os08g0500100",7743.77468110308,0.701876325751129,0.166659527962667,4.2114383397771,2.53749819941921e-05,0.000146699754660531
"Os06g0644466",4216.11358361546,1.40972913980587,0.334767114075891,4.21107414835941,2.54159300382253e-05,0.000146906844352478
"Os04g0196600",2619.70484813417,0.536297307487821,0.127373813806121,4.21042042679299,2.54895892629354e-05,0.000147302886559424
"Os06g0273800",3636.63327368267,0.480392589784859,0.114115423491003,4.20970781239516,2.55701156396886e-05,0.000147738445918201
"Os02g0525900",36976.015208802,0.652338722958935,0.154972558964152,4.20938214687307,2.56069967823431e-05,0.000147891891112214
"Os11g0679700",19.3576979300655,8.4586631446652,2.00973608540552,4.20884274611531,2.56681944544242e-05,0.000148215458989956
"Os03g0318400",217.701313730439,2.73071275089374,0.648945028149529,4.20792614542466,2.57725064760233e-05,0.000148758916431471
"Os07g0665200",11360.8269112445,1.75572597803506,0.417373000647533,4.20661129328237,2.59228450018244e-05,0.000149523840350309
"Os02g0262800",241.252248391663,1.53867235175167,0.365808867859571,4.20621938651948,2.59678162334912e-05,0.000149734326971622
"Os03g0305150",222.907552674125,2.02381260821755,0.481431751996014,4.20373728950539,2.62543641726466e-05,0.000151204028597924
"Os08g0346900",38.9139354098104,4.89926272711159,1.16566110835624,4.20299063938086,2.63411485573725e-05,0.000151642874917789
"Os07g0173100",1091.24834622344,0.919115523561799,0.21876714198024,4.20134173369061,2.65337711147227e-05,0.000152536229409878
"Os01g0198500",1007.76919899594,0.966207298635387,0.230028873360605,4.20037399879237,2.66474433699993e-05,0.000153129271447497
"Os05g0173700",442.772388595873,1.03323676119423,0.246002393033682,4.20010857802007,2.66787011067474e-05,0.000153258594103026
"Os01g0173000",297.233326857834,1.36572199850493,0.325207305816124,4.19954279648664,2.67454477673072e-05,0.000153535979749835
"Os07g0489200",24.2394501175604,6.81155503012807,1.62225139653724,4.19882827326739,2.68299687818321e-05,0.000153961999907281
"Os04g0529100",985.08561896272,1.01213568471353,0.241100333694809,4.1979854162903,2.6929996935748e-05,0.000154505060513226
"Os04g0430600",1576.2732110976,0.969752304996304,0.231006891411431,4.19793668955591,2.69357905323142e-05,0.000154507361427801
"Os09g0266000",269.486068170586,2.9340267868068,0.699068313732755,4.19705303354435,2.70410628790309e-05,0.000155018113967586
"Os03g0183100",2563.75359720141,0.822953240455674,0.196092237344306,4.1967660301142,2.70753384656925e-05,0.000155183556255056
"Os11g0216000",2664.00773864662,1.10315804519595,0.262941689269848,4.19544747072731,2.72333399211852e-05,0.000155964352472876
"Os03g0400700",109.290784635881,1.34733429140561,0.321167256938896,4.19511722411337,2.72730500665117e-05,0.000156129356744394
"Os12g0564600",5512.70223305879,0.816959782816893,0.194782603792674,4.19421327628653,2.73820260862674e-05,0.000156721896009535
"Os01g0830700",2899.28367384071,0.665157444075636,0.15860716338913,4.19374150487595,2.74390650992776e-05,0.000157016994852108
"Os10g0507600",1354.07216589795,0.531898867349832,0.12694285546353,4.19006540704957,2.78874056317499e-05,0.000159455187818978
"Os01g0690200",104.410058880966,1.91145654598374,0.456317919191052,4.18887022752103,2.80346651266004e-05,0.000160265208540972
"Os08g0492100",2075.53580183556,0.564949110646311,0.134915102919195,4.18744157193934,2.82116615527567e-05,0.000161116309908229
"Os08g0150200",399.954543019226,0.999670522993051,0.238819620146752,4.18588105273246,2.84062084013955e-05,0.000162130414963503
"Os01g0799100",859.02892039734,1.32555934429614,0.316719462476472,4.18527909188596,2.84815940039368e-05,0.000162371650834112
"Os10g0494800",1887.52656767599,0.967119517490927,0.231075804537636,4.18529114039462,2.84800832647411e-05,0.000162371650834112
"Os11g0242700",1213.69266187218,0.565212873302949,0.13504806044132,4.18527205393328,2.84824765144579e-05,0.000162371650834112
"Os11g0459600",98.6770076756996,2.53059577452261,0.604834652959912,4.18394640938395,2.86491675474343e-05,0.000163212197739172
"Os09g0457800",24.1488243006774,8.37542310754306,2.00318640568504,4.1810502925607,2.90165669529349e-05,0.00016515349152473
"Os04g0185500",5133.76013618262,0.609884469882694,0.14587261577849,4.18093873636167,2.90308080915397e-05,0.000165201730573743
"Os04g0200400",13.9491555859815,7.98529298929774,1.91005405791837,4.18066334625121,2.90659925329967e-05,0.000165369106047542
"Os08g0530000",9797.56306718846,1.23335817546383,0.295198634225097,4.17806193006759,2.94003610739603e-05,0.000167205070561951
"Os06g0532500",84.5921782411195,3.18549225382875,0.762476816360241,4.17782178484457,2.94314113817177e-05,0.000167348441934704
"Os07g0290200",409.285797820626,2.75155878787503,0.65878626161932,4.17670942486202,2.9575644368436e-05,0.000168101837422025
"Os04g0218350",40.1836013593186,5.62508727314851,1.34686040118259,4.17644417209795,2.96101371577161e-05,0.000168164449919302
"Os09g0483400",1028.8875245483,2.29869206413587,0.550518665327037,4.17550250139171,2.97328986669448e-05,0.000168689678272646
"Os12g0556100",905.528887928458,0.701627133074039,0.168057645026386,4.17491946268721,2.98091491964261e-05,0.00016899322176019
"Os07g0640200",3762.44869026689,0.491050682848156,0.117628563263969,4.17458710046635,2.98526990752918e-05,0.000169206633809152
"Os01g0532300",11.8457136243229,7.16659534735054,1.71686830824879,4.17422542714444,2.99001583309324e-05,0.000169408609155206
"Os12g0124100",2812.50628110669,1.02957358445418,0.246811007691823,4.17150593923161,3.02593168517531e-05,0.000171375755373874
"Os08g0532400",659.541797691992,0.905304643718349,0.217042810177936,4.17108792028706,3.0314886200128e-05,0.000171656545337168
"Os03g0277100",4208.09231049481,0.999752152627753,0.239755409563041,4.16988360950779,3.04755239572507e-05,0.000172429840525898
"Os03g0777700",4282.08754181264,0.748198621858351,0.179442644894987,4.16956973798625,3.05175226067014e-05,0.000172599300775209
"Os05g0417300",1442.46694498592,0.705921639800407,0.169318267497489,4.16919952131494,3.05671314126511e-05,0.000172811651388177
"Os12g0127900",149.936734171857,1.16030776686349,0.278319747370578,4.16897391516584,3.05974000681443e-05,0.00017294864998076
"Os07g0537701",10.4680802392624,7.0823698154199,1.69902563654131,4.1684890816818,3.06625446042631e-05,0.000173282687968707
"Os06g0567000",3312.8130642749,1.27412988559168,0.305692882935044,4.16800637737586,3.07275339783594e-05,0.000173615717520796
"Os06g0694000",6199.38980138451,0.755380776028647,0.181261825902215,4.16734617048462,3.08166335671182e-05,0.000174050499697432
"Os09g0555200",840.000612128897,0.832724301577574,0.19981927458917,4.16738727177176,3.08110794989001e-05,0.000174050499697432
"Os01g0885500",478.332904374012,0.801564531548627,0.192373723889384,4.16670486666635,3.09034170826688e-05,0.00017447186330101
"Os12g0279000",3347.9583693646,0.430721497471464,0.103383629513305,4.16624468979427,3.09658329140965e-05,0.000174755376138407
"Os03g0440900",10228.5841094055,0.95224814344019,0.228594341215914,4.16566804923995,3.10442143437668e-05,0.000175163219648997
"Os11g0140400",5834.17730404269,0.532936519330173,0.127968260516032,4.16459923094296,3.11899951995655e-05,0.000175916484735817
"Os04g0397100",20184.229931432,0.337004587012007,0.0809558947356974,4.16281715015627,3.14345085919233e-05,0.000177225804835849
"Os12g0265100",559.774962435647,1.01983357098416,0.245028814137139,4.16209650516193,3.15339021690386e-05,0.000177681291041749
"Os01g0732200",1360.42089899621,0.607438233757166,0.145983189806837,4.16101493987713,3.16836355593192e-05,0.000178419718169342
"Os04g0523600",970.847818726874,1.15785635548811,0.278362939948584,4.15952050119164,3.18916396288855e-05,0.00017952048303474
"Os04g0481100",3746.28819347118,1.03590438117778,0.249179992101455,4.15725344736349,3.22096591270178e-05,0.000181203839251387
"Os12g0127500",493.561765969323,0.936525887930855,0.225325272322572,4.15632866334736,3.23402499285072e-05,0.000181867093415424
"Os11g0130400",191.030583067913,1.39386779090496,0.335373464760733,4.15616599810421,3.23632722069081e-05,0.000181925147198809
"Os02g0687500",3231.22998311009,0.513521381858947,0.123575632006652,4.15552300660135,3.24544283552688e-05,0.000182366009263613
"Os03g0191000",6212.56236084218,0.899863653099887,0.216739035104506,4.15183011526278,3.29827068866146e-05,0.000185044158550085
"Os01g0248400",4855.66869694632,0.706630065685396,0.170218502789827,4.15131172054715,3.30575153119119e-05,0.000185391256354844
"Os11g0294600",5178.9515281791,0.934417494847319,0.225132714102401,4.15051850004482,3.31722953367781e-05,0.000185998553031187
"Os01g0678000",154.805917170042,3.4517516996696,0.83208387418078,4.14832183001742,3.34921354429733e-05,0.000187461743448343
"Os08g0199200",13.3775936666686,7.62542854904699,1.8387357983824,4.14710398076512,3.36707170053493e-05,0.000188387694520068
"Os12g0580500",477.462503000469,0.63593794475609,0.153351974298528,4.14691723184547,3.36981811275177e-05,0.000188504546205708
"Os08g0150600",280.350986164803,7.08744513387746,1.7092456023591,4.14653407567372,3.37545963975349e-05,0.00018878327073632
"Os09g0417800",1161.58349790394,1.51311191378157,0.3649833972883,4.14570066754671,3.38776159413902e-05,0.000189323474147203
"Os12g0211301",16.8460128300327,7.8620308652526,1.89657170659264,4.14539077954371,3.39234670909068e-05,0.000189542741631954
"Os01g0536400",579.463859892089,1.64082277560175,0.395851847329524,4.14504261296489,3.39750522655787e-05,0.00018979395545201
"Os03g0752700",6836.57043099985,1.10763720027729,0.267240273785199,4.14472408888332,3.40223107914718e-05,0.000190020906198294
"Os02g0665800",1978.9711888942,1.51756433769923,0.366236104922862,4.14367758203104,3.41780180150192e-05,0.000190778993213779
"Os07g0593000",1022.23762714795,2.04772495765796,0.494199486254184,4.14351899306659,3.42016730570238e-05,0.000190873848155404
"Os12g0638900",4246.7831150027,0.509758599809611,0.123028352525184,4.14342376652782,3.42158844656492e-05,0.000190915973069091
"Os12g0139500",1240.86816694753,0.443546870942585,0.107073462644875,4.1424537881405,3.43609618802526e-05,0.00019157623658163
"Os04g0599100",2313.83183465476,0.71170410369247,0.171869485349268,4.1409567396223,3.4586019168121e-05,0.000192649257864847
"Os04g0671200",1985.21985935927,0.79548929448716,0.192105159609849,4.14090540880182,3.45937607048247e-05,0.000192649257864847
"Os01g0674400",434.787675560172,3.2997816851304,0.797405402574563,4.13814814205732,3.50120290637282e-05,0.000194789253734745
"Os03g0270000",1134.27600510109,1.22064901493792,0.295076038544246,4.13672699742067,3.52294832888185e-05,0.000195961008579155
"Os01g0504500",1914.22029359534,0.736855149916135,0.178185400497791,4.13532841555822,3.54447368508369e-05,0.00019700535407375
"Os05g0119000",1851.94010544122,0.854276681088081,0.206597690971276,4.13497690643045,3.54990331420767e-05,0.000197241472286268
"Os07g0416900",3538.10877627151,2.11923893110687,0.512516866781823,4.13496426842284,3.55009867576534e-05,0.000197241472286268
"Os08g0337800",511.400970362,1.97166303509436,0.476844401090452,4.13481427187892,3.55241814055167e-05,0.000197332075539136
"Os03g0326500",1205.2652357754,0.789175712485931,0.190876248307084,4.13448880877151,3.55745587435291e-05,0.000197493511669636
"Os07g0124100",78.7708342074261,4.66102660988563,1.12736358868323,4.13444842167533,3.55808148554607e-05,0.000197493511669636
"Os01g0949750",9308.34034836386,1.98692762449463,0.480606174317162,4.13421160749261,3.56175192842654e-05,0.000197658950713301
"Os12g0614851",210.789776941887,1.73943849441763,0.42074756306813,4.13416178036417,3.56252466939022e-05,0.000197663549239676
"Os09g0363500",2507.42127110031,0.706468525161285,0.170905317093362,4.13368370964934,3.56994689542038e-05,0.00019799868069606
"Os12g0547600",2710.44283574435,0.864483954686506,0.209184165921571,4.13264527397655,3.58611961581768e-05,0.000198818690465186
"Os03g0644000",1967.26858760111,0.700738590504852,0.169574445945173,4.13233601678059,3.59094945277302e-05,0.000199047946838562
"Os02g0231700",439.151374634158,2.39386594941421,0.579466036621467,4.13115833910037,3.60939848843593e-05,0.000199993203424224
"Os04g0617200",18.0744950198734,7.9108882880713,1.91521874930071,4.13054033172961,3.61911592015597e-05,0.000200376636414123
"Os12g0138100",77.6011496387193,2.88203920248523,0.698034603995039,4.1287913034548,3.64675212376996e-05,0.000201634005886254
"Os02g0313700",2331.05770114805,0.966373605399655,0.234082809132786,4.12834077384755,3.65390327959169e-05,0.000201990424014781
"Os02g0697700",3151.20802657736,0.672353533505492,0.162870939743114,4.12813688289607,3.65714396952161e-05,0.000202092649036802
"Os01g0121300",1921.27694451809,0.979838808438778,0.23750369570706,4.1255728906523,3.69813029102837e-05,0.000204002366381488
"Os11g0592000",1440.76841044718,2.27064472804897,0.550425003673951,4.12525723376114,3.70320622234278e-05,0.000204203742653128
"Os11g0684200",16.3589311006769,7.83141575711222,1.8987863375789,4.1244323292835,3.71650237402989e-05,0.000204897490899951
"Os01g0602400",1257.72284730116,4.70262912003092,1.14092643870193,4.12176364795371,3.75982845626588e-05,0.000207007311546752
"Os07g0529000",147.306243146439,11.3860849330331,2.76254064478534,4.12159906299508,3.76251613300866e-05,0.00020711548941972
"Os06g0126000",7614.08808685235,0.495709903234589,0.120288847133476,4.12099637703347,3.77237358675469e-05,0.000207618225139638
"Os04g0541500",4710.63882511607,0.768395832865858,0.186561338054445,4.11873028398634,3.80965734600746e-05,0.000209502634575828
"Os08g0263400",12.7935087706562,7.41602288270708,1.80100129468565,4.11772212745771,3.82635661075553e-05,0.000210306483045017
"Os02g0740700",643.104926193083,1.28778419371433,0.312776130487747,4.11727132663911,3.83384620720763e-05,0.000210646397706401
"Os05g0406700",136.467617466778,3.1582766562152,0.767081891955045,4.11726138934888,3.83401146181378e-05,0.000210646397706401
"Os01g0819000",1049.63176091711,1.13608705825979,0.275936660696509,4.11720231516944,3.83499398995411e-05,0.000210659984279458
"Os10g0533200",362.350609016505,1.12508923525327,0.273322020537824,4.11635049762694,3.84918810829217e-05,0.000211358638709826
"Os08g0342400",10338.3855131612,0.794215164836258,0.192975508927558,4.11562674066792,3.86128748172529e-05,0.000211941779552477
"Os02g0639700",1428.60311089109,0.576652219928193,0.140128099402705,4.11517905677855,3.86878967816493e-05,0.000212312893811112
"Os01g0692050",43.6959470415948,3.4082164421463,0.828389726613687,4.1142669116365,3.88411805631753e-05,0.000212990910142794
"Os12g0153400",15.3761274052063,8.1265095109519,1.97546416461295,4.11372155290102,3.89331019444629e-05,0.000213372463066708
"Os10g0393700",26.4845943918784,5.94153182450207,1.44501727247171,4.11173758105954,3.92692495567591e-05,0.000215173558672836
"Os08g0300366",9.78591175568786,6.80838553839779,1.6563173709427,4.11055613968643,3.94707297483985e-05,0.000216153545250595
"Os11g0109400",18.5517899991133,7.7785749054281,1.8925666110403,4.11006664708746,3.95544937677557e-05,0.000216570868609543
"Os07g0209100",945.474728040086,1.38777750249166,0.33768706443878,4.10965550249336,3.96249808860796e-05,0.00021691535199617
"Os05g0121200",1146.52123990729,1.07182081239242,0.260942985652215,4.10749041486383,3.99981371480446e-05,0.000218790879260362
"Os10g0390701",4661.25402287389,0.932788216127605,0.227135823087672,4.10674196367324,4.01279077891084e-05,0.000219375083757591
"Os10g0206800",3118.63959399342,1.42961883321325,0.348323496733664,4.10428480024812,4.05567593017739e-05,0.000221634992850358
"Os01g0758400",2444.3354022664,0.954525178557415,0.232615137019349,4.10345255596164,4.07029952397992e-05,0.000222306942358126
"Os01g0214800",7956.99202099052,0.575314851683869,0.140222351296418,4.10287551424453,4.08046824119081e-05,0.000222734951508095
"Os02g0819900",342.55839525073,1.13705169696876,0.277133076595009,4.10290864929992,4.07988367840508e-05,0.000222734951508095
"Os02g0536100",395.273723243547,0.999535656113858,0.243641514987238,4.10248498153614,4.08736394134843e-05,0.000223068860280981
"Os09g0314200",1226.50056914819,1.34155847258547,0.327124448642413,4.10106452805049,4.11253849100409e-05,0.00022431458755806
"Os02g0265700",4822.06339619415,0.40079136915406,0.0977382199425429,4.10066163870871,4.11970559641063e-05,0.000224619990006389
"Os10g0567000",1816.735135766,0.76540431091618,0.186741338409578,4.09874062933739,4.15404222285757e-05,0.000226386877116054
"Os03g0375900",409.719742516828,1.02937728465013,0.251283775610637,4.096473328406,4.19491793800056e-05,0.000228366120110406
"Os03g0344900",1600.69369715115,0.543218894407218,0.132621627834684,4.09600532941998,4.20340257220378e-05,0.000228664417206406
"Os02g0822000",3767.92965951179,0.565292564313752,0.138020777435379,4.09570627566145,4.20883282053558e-05,0.000228913207999213
"Os01g0743500",121.215083772702,3.01062684689137,0.735148909366325,4.09526125732328,4.21692583124147e-05,0.000229266335705371
"Os02g0506600",1144.79561615573,1.39505084290216,0.340691970316047,4.09475703700332,4.22611331740062e-05,0.000229722251508561
"Os08g0270400",47.72088984373,3.2929741633703,0.804292577332468,4.09424910309609,4.23538766849087e-05,0.000230139062161199
"Os01g0314800",1933.35648931442,1.37801146470571,0.336632198222755,4.09352246154972,4.24868897252384e-05,0.000230818044066653
"Os03g0360800",401.866716320371,1.32442889664135,0.32355815446524,4.09332566144189,4.25229824823321e-05,0.000230970330631996
"Os05g0410900",493.559575106977,1.48340454212985,0.362402045732394,4.0932565353818,4.25356669689018e-05,0.000230995437830359
"Os02g0732700",8834.63556352636,0.806092030422184,0.1969417189139,4.09304861797513,4.257384101504e-05,0.00023115893362951
"Os08g0109100",5487.57486358443,0.716996417337868,0.175212069656187,4.0921633923097,4.27367342662311e-05,0.000231999414588112
"Os12g0597300",2688.80079344329,0.496755047336744,0.12142198529601,4.09114581783294,4.29247119048756e-05,0.000232975723716328
"Os06g0608800",11804.0367323626,1.21609637261307,0.297257195958187,4.09105780835034,4.29410067934506e-05,0.000233020023985975
"Os11g0145200",1455.19303577592,1.62912848530292,0.398224858654133,4.0909763664901,4.29560909192667e-05,0.000233057738500062
"Os02g0573300",1397.65074428767,0.958954667277109,0.234520741503724,4.08899725085459,4.33241987158697e-05,0.000234832565570772
"Os09g0482700",69.4786447788073,2.23984548320182,0.547945487337188,4.08771590416163,4.35641179054771e-05,0.000235954462424901
"Os01g0762000",2103.12134754323,0.771280453088651,0.188738362725151,4.08650600732309,4.37918152428655e-05,0.000237046906792993
"Os01g0831300",144.510826457438,1.59707649423794,0.390820711906433,4.08646841270865,4.37989084378789e-05,0.000237046906792993
"Os03g0150600",5078.43482458359,1.29990626432586,0.318160148521806,4.08569794289231,4.39445177261042e-05,0.000237623586672187
"Os05g0149300",330.994435782104,1.21849960297357,0.298249962637066,4.08549792328504,4.39823939703684e-05,0.000237770481516792
"Os09g0388850",9.99151057654304,6.67581687862296,1.6345536735735,4.08418333796781,4.42320989435632e-05,0.000238940063901013
"Os07g0637300",1118.01307787018,1.35482388951003,0.33175967737295,4.08375092548393,4.43145290086955e-05,0.000239250025467711
"Os05g0463900",3767.30375096767,0.929182709018012,0.227553008374625,4.08336815959946,4.43876165769858e-05,0.000239599470641258
"Os07g0149300",9.43056886130666,6.5125005362919,1.59507946592919,4.08286902025796,4.4483096947076e-05,0.000239979230602075
"Os10g0167600",2278.55451108065,0.528786894307052,0.129578602918723,4.08081953653048,4.48771886027952e-05,0.000241877578601823
"Os12g0105950",9967.70473884753,0.412518991176039,0.101108259016942,4.07997324043447,4.50408854694535e-05,0.000242639577215149
"Os03g0710000",304.92391689026,1.50995379423795,0.370138779709292,4.0794260883009,4.51470209432783e-05,0.000243148955651656
"Os01g0272600",732.342595670997,0.804011908405003,0.19709731198004,4.0792636912594,4.51785680155687e-05,0.000243273131137394
"Os04g0550700",2413.41803505035,1.01873880375589,0.249766765379944,4.07876044759673,4.52764604072898e-05,0.000243708649932307
"Os06g0264650",345.300778424859,1.54792103454343,0.379821936392398,4.07538608550575,4.59380660701844e-05,0.000247037813258807
"Os07g0524900",452.06673162163,1.20264349725047,0.295239468882361,4.07345095763487,4.63216091326334e-05,0.000249006893971522
"Os11g0133300",1012.76631468711,1.16805890456925,0.286781812517622,4.07298808217649,4.64138002206266e-05,0.000249362123367971
"Os10g0415300",970.498302584072,0.936709965239031,0.229994648686079,4.07274678167644,4.64619291024238e-05,0.000249573901882761
"Os07g0181700",1112.77522763884,1.41175182309654,0.346669339146648,4.0723296342609,4.65452433842915e-05,0.000249927719911304
"Os05g0151000",159.660628173958,3.7921536905517,0.931321481808791,4.07179879839845,4.66514688087163e-05,0.000250404249589235
"Os02g0673700",2026.84931733162,0.552929097457478,0.135797735612668,4.07171073186805,4.66691139956967e-05,0.000250452042368365
"Os01g0934800",1128.95368470881,1.27669820904161,0.313598426500083,4.07112440993472,4.67867520582353e-05,0.000251036333328194
"Os12g0506400",3006.01664264513,0.641169988803093,0.157525907238381,4.07025104659655,4.6962502807662e-05,0.000251790724259942
"Os01g0852200",1931.01012950663,0.580759293698945,0.142712777771366,4.06942743858124,4.71288144419036e-05,0.000252493416490169
"Os01g0107900",4983.41937024435,0.765579617212724,0.188162618011146,4.0687126130833,4.72736120953134e-05,0.000253174492290639
"Os08g0559900",1445.81626481776,0.636422172148564,0.15644917985225,4.06791632113124,4.74354085233727e-05,0.000253993519905004
"Os02g0155700",43.4889204828458,3.69799835350952,0.909100687384149,4.0677544355952,4.74683657688008e-05,0.000254122499254051
"Os06g0699900",7043.14921247847,0.541836459362932,0.13320924856887,4.06755886084591,4.7508210544714e-05,0.000254288296007313
"Os08g0104700",4657.82772664128,0.871526999426076,0.214374568146036,4.06544025703822,4.79418745573939e-05,0.000256417881242944
"Os04g0431000",3713.70104852856,0.650746439154239,0.160139000434193,4.06363495082296,4.83143676788686e-05,0.00025826553409234
"Os04g0594000",438.376065010412,1.29239411850018,0.318270581383838,4.06067727931643,4.89305673234138e-05,0.00026131567846234
"Os03g0186500",3245.8744418669,0.705819961256003,0.173864862698174,4.05958944379288,4.91590746961997e-05,0.000262438197912337
"Os01g0229300",588.603915076576,0.840944302314572,0.207188534847763,4.05883608826365,4.93179146982438e-05,0.000263139086021244
"Os06g0646600",5917.6877615446,1.17703355401481,0.290182779297382,4.05617989070462,4.98818467788559e-05,0.000265900404447959
"Os05g0542200",6007.52379363434,0.671564716618482,0.165631218971433,4.05457812113493,5.02248639182086e-05,0.000267629310207274
"Os09g0495500",364.326318965,1.14764091719362,0.28305491530105,4.05448149866262,5.02456268503726e-05,0.000267640397939557
"Os01g0881500",8651.62641727421,1.1191804895412,0.276055775413791,4.05418248491132,5.03099326354547e-05,0.000267933120793875
"Os05g0468700",927.093053728032,0.92753813383738,0.228873083415588,4.0526309166428,5.06448668096804e-05,0.000269616633933661
"Os06g0328966",350.548865504227,1.35597333426934,0.334610999145085,4.05238721301389,5.06976663220723e-05,0.000269799890629163
"Os01g0196300",369.789828487946,2.47258717424552,0.610341725169778,4.05115212065458,5.09660579523475e-05,0.000271125045014976
"Os06g0604600",908.161985773888,1.65265026271312,0.407955509283914,4.05105513984606,5.09871892814204e-05,0.000271187107349407
"Os12g0586000",3757.33859279298,0.442182158139231,0.109159625242704,4.05078486808734,5.10461231238805e-05,0.000271450170702566
"Os03g0161500",298.787026047345,0.930440847937505,0.229699800164888,4.05068200873313,5.10685689752002e-05,0.000271519138667181
"Os05g0552000",46.9983535017683,3.91072789965256,0.965723301981991,4.04953250234971,5.13200501867311e-05,0.000272805580324716
"Os11g0692000",689.114421353857,0.920861674751187,0.227419456366335,4.04917718767136,5.13980206821785e-05,0.000273169372766793
"Os08g0409100",3226.65443480846,1.85673771238133,0.45860947535121,4.04862483698013,5.1519451848872e-05,0.000273763971508509
"Os08g0178800",884.173828447851,1.18675997068406,0.293135162005541,4.048507734673,5.15452310348782e-05,0.000273850168665183
"Os02g0182850",1141.21071180988,1.57992716122531,0.390279021541576,4.04819904227675,5.16132459287116e-05,0.000274160682675092
"Os02g0742100",5909.8379607541,0.623619253764569,0.154136795689996,4.04588178295084,5.21265352974342e-05,0.000276733275772111
"Os02g0218700",806.803451484531,2.93546555845188,0.725757968592462,4.04468939437886,5.23925391700321e-05,0.000278093929659088
"Os01g0747800",2507.01196811958,0.6305459871395,0.155938131618684,4.04356510235339,5.2644529557147e-05,0.000279055764203772
"Os03g0219400",440.557575229801,1.29297035133455,0.31975647360188,4.04360961568644,5.26345308747305e-05,0.000279055764203772
"Os10g0569300",1359.30091221473,0.74942414269614,0.185334297359966,4.043634412904,5.26289616498675e-05,0.000279055764203772
"Os11g0102200",5086.69105179535,1.31746928672142,0.325981429674102,4.04154705388755,5.30997232034843e-05,0.000281222415753462
"Os09g0471200",1406.04945276993,1.29480445962802,0.320435738803414,4.04076169675437,5.32778754565175e-05,0.000282061656980809
"Os03g0685700",4500.78831639869,0.80171039458238,0.198417977661302,4.04051288110039,5.33344354209276e-05,0.000282308931032776
"Os03g0232900",842.924574119279,0.635265267919758,0.157240959843355,4.04007498143369,5.34341155486049e-05,0.000282732092095776
"Os08g0504700",8141.90572830741,0.689049077832289,0.170576527985481,4.0395304440183,5.35583161227086e-05,0.000283127836447942
"Os01g0290100",7547.15557726999,0.48281493155641,0.119535044903291,4.03910779426257,5.36549044986999e-05,0.000283388227097817
"Os01g0923900",3636.35179472873,0.970486210399386,0.240271741930893,4.03911921809981,5.36522916342066e-05,0.000283388227097817
"Os07g0225300",2022.48657800752,0.993979833151059,0.246082683819405,4.03921079583365,5.36313502958624e-05,0.000283388227097817
"Os11g0163500",792.501632990384,1.28708491185799,0.318656479133642,4.03909851560932,5.3657026804609e-05,0.000283388227097817
"Os03g0278300",6533.64723027123,0.474735498019428,0.117539644454911,4.03893937420866,5.36934395930312e-05,0.00028352827704009
"Os08g0180300",4137.08210085144,0.661212246147341,0.163737015063949,4.0382576040555,5.38496990680411e-05,0.000284248632589815
"Os05g0408200",4772.04139841667,0.710684073018722,0.176037280628878,4.03712253722544,5.41108088668256e-05,0.000285574303859327
"Os06g0275600",1466.03852392462,0.677042336897665,0.167729685240966,4.03650871892476,5.42525103928502e-05,0.000286269415796675
"Os07g0479100",1161.6650703787,0.597235365917367,0.147970316854772,4.0361835982519,5.43277076872996e-05,0.000286591141818225
"Os03g0802600",894.987462198117,1.80446981525319,0.447089290620109,4.03603900408889,5.43611826462191e-05,0.000286684447851918
"Os11g0153000",196.235725369424,1.62654872195902,0.403068407605433,4.03541605163773,5.45056257995294e-05,0.000287340421418237
"Os12g0614500",55.5521354426641,3.55667277029369,0.881405037437661,4.03523081809621,5.45486457405014e-05,0.000287430054620753
"Os04g0436100",2333.39519547375,0.564722075225719,0.139953603064299,4.03506635671443,5.45868683672589e-05,0.000287557078959129
"Os03g0174600",965.208819571164,0.516355251845162,0.127998605464722,4.03406935544682,5.48191261083101e-05,0.000288621389425818
"Os08g0558600",4307.00364436182,0.608026959436454,0.150737400371803,4.03368346499754,5.49092727858042e-05,0.000288989802325287
"Os02g0555900",1655.97670505188,1.12933838683221,0.279996069115762,4.03340800604344,5.49737077884554e-05,0.000289222672705623
"Os03g0358000",3890.65804826698,0.831344949211234,0.206148864210247,4.03274086615079,5.51300612563404e-05,0.000289992016727862
"Os01g0533100",252.704172571013,1.87763530846443,0.465621942294279,4.03253184163246,5.51791356571511e-05,0.000290196878643299
"Os07g0631300",598.385002895584,1.22040720256388,0.302745277768883,4.03113538733885,5.55080560235577e-05,0.000291873154925119
"Os05g0573300",7412.16237537347,1.11562566464019,0.276813064751381,4.03024931515494,5.57177234158477e-05,0.000292921873635022
"Os01g0721300",146.172135210003,2.28345723375704,0.566759479847395,4.02897051562663,5.60216432544555e-05,0.000294411614550011
"Os05g0342000",802.015580486748,2.45793158156061,0.610100136849321,4.02873468321752,5.60778624777308e-05,0.000294653019569401
"Os02g0616300",424.410771264362,5.8784462880844,1.45923599128985,4.02844113164199,5.61479158257776e-05,0.000294967012145247
"Os09g0436700",2549.29861615252,0.832429415075748,0.206669449842839,4.02783002378322,5.62940170238222e-05,0.000295626131922023
"Os02g0194600",16.6171956690099,8.12781322354781,2.01801661000801,4.02762454146279,5.63432237546604e-05,0.000295776117079247
"Os02g0513000",3112.26636761084,0.536176773381279,0.133156891483949,4.02665432788293,5.65761110772917e-05,0.0002968355126509
"Os03g0255400",5308.12937750562,1.05564056226284,0.262162332749663,4.02666756582025,5.65729273536042e-05,0.0002968355126509
"Os09g0525300",2034.44877466178,0.577840045394796,0.143536527896509,4.0257351481389,5.67975892667926e-05,0.000297888436330247
"Os08g0369800",13.4753263040463,7.60606478786585,1.89014518835719,4.02406377812522,5.72024150412089e-05,0.000299737307198375
"Os04g0622600",372.813756710949,1.84593449000348,0.458747120656293,4.0238606563081,5.72517994060576e-05,0.000299886390600066
"Os01g0664000",937.08217820739,0.552620972688264,0.137341904562861,4.0236879956425,5.72938095969772e-05,0.00029998677273478
"Os01g0783500",2652.14412743977,0.66854329467748,0.166200465300572,4.0225115704004,5.758082461255e-05,0.000301114398028615
"Os09g0392700",126.337616881879,1.62146486140832,0.403196792072423,4.0215222275803,5.78232503635436e-05,0.000302326965221944
"Os10g0577200",1019.92691703918,0.536055385866572,0.133412102521115,4.01804165991409,5.8683823686879e-05,0.00030649087063005
"Os05g0157200",4090.83195816356,0.529768580135672,0.131853159011142,4.01786793815765,5.87270927750145e-05,0.000306572217842096
"Os05g0543300",1726.10027392166,0.548415756320877,0.136494896327965,4.01784807399072,5.8732042291538e-05,0.000306572217842096
"Os09g0371000",244.830447739328,2.20050657458124,0.547688428164589,4.01780731784962,5.87421986581428e-05,0.000306572217842096
"Os11g0106100",272.700110369965,1.67280108167357,0.416370778815148,4.01757560036706,5.87999739097987e-05,0.000306706144631996
"Os05g0475475",139.228729674088,1.69529326176945,0.422197284302994,4.01540541542849,5.93436950817381e-05,0.000309204501087827
"Os01g0949900",4277.4949248571,1.70527052699671,0.42470397100004,4.01519798126999,5.93959144815597e-05,0.000309420316677391
"Os06g0552400",1282.55047688088,0.460251523115164,0.11466739532461,4.01379591654844,5.97500124133442e-05,0.00031109528542016
"Os12g0484700",684.816172297505,1.08469963495544,0.270306137781512,4.01285610403788,5.99884844480066e-05,0.000312280170131592
"Os01g0138300",208.203918055219,1.45655214202235,0.362998068778938,4.01256168365286,6.00633771369273e-05,0.000312556462355111
"Os01g0585200",874.014484587552,4.66389726337756,1.16263878200004,4.0114757357005,6.03403795390459e-05,0.000313883906055327
"Os02g0644500",1775.4276682372,0.569417449409908,0.141979682606331,4.01055586938267,6.05759638663202e-05,0.000314995012104865
"Os02g0517300",5862.81510232251,0.556202203986745,0.138817276332942,4.00672177613354,6.1567315001468e-05,0.000319627959670604
"Os04g0432100",249.261965308677,1.26367848201549,0.315485690844822,4.00550173490137,6.18859795873997e-05,0.000321165927755511
"Os01g0170600",847.423904603997,1.04074516008876,0.259995468434264,4.00293576790511,6.25612916029422e-05,0.000324318097884476
"Os07g0106100",6030.11153493098,0.539363445228553,0.134761944229394,4.00234241434243,6.2718440657687e-05,0.000325073943871933
"Os03g0271600",1347.06631044597,0.686055452789255,0.171416841886539,4.00226398549189,6.27392403944167e-05,0.000325122936476909
"Os01g0369000",17279.4226064495,0.700598438791663,0.175113411186424,4.0008268586911,6.31215319139977e-05,0.000327044870235057
"Os02g0468400",1133.070879991,0.51122647330512,0.127829163002638,3.99929453730813,6.3531574781189e-05,0.000329007016751298
"Os07g0536800",10.7816726083139,7.50681115498519,1.87728875304418,3.99875146687599,6.36775023866532e-05,0.000329627425182003
"Os03g0856000",1980.65077433807,1.14694650045997,0.286879610838765,3.99800633131991,6.38782429849771e-05,0.000330487435537299
"Os03g0741050",251.010352812002,3.15112971158667,0.788232139801321,3.99771787075434,6.39561153918227e-05,0.000330721543535591
"Os03g0227601",73.4437959770696,4.30267922437881,1.07656968812368,3.99665648387129,6.42434201927357e-05,0.000332136859502393
"Os11g0209200",379.255414059282,1.02890662861763,0.257460495909714,3.99636699596216,6.43219929049598e-05,0.000332483085100651
"Os07g0120300",61.6220864601707,2.69876558177027,0.675518388105771,3.99510306349751,6.46661158018693e-05,0.000334141307476133
"Os01g0247500",10.3968163093563,6.89620729656504,1.72618654764837,3.99505331909806,6.46796949709606e-05,0.000334151211739626
"Os03g0387000",4123.14601008969,0.569710043928991,0.142616335515357,3.9947039858393,6.47751316175804e-05,0.000334523624929148
"Os03g0233000",520.242595456763,2.10406332904715,0.526980811104665,3.99267541570741,6.53319695496978e-05,0.000336852904721602
"Os05g0560400",378.361731492459,0.742479990037494,0.185960246354124,3.9926812563132,6.53303598328374e-05,0.000336852904721602
"Os06g0166900",2169.52025311991,0.714773008404519,0.17904558160047,3.99212871948715,6.54828096398174e-05,0.000337509167440196
"Os02g0799000",1393.64100585362,0.656135553988042,0.16440278453282,3.99102457937419,6.57884608889997e-05,0.000338901650735638
"Os03g0437600",5354.10370167908,0.684261945422402,0.171454420927522,3.99092622821115,6.58157521342982e-05,0.0003389812924954
"Os01g0115900",302.798389638315,3.14101789910955,0.787169347008793,3.9902695792783,6.59982389461691e-05,0.000339860090274198
"Os07g0687700",10770.1977423724,0.916016465587001,0.229569335894089,3.99015165513917,6.60310614731908e-05,0.000339906930170655
"Os11g0133500",355.070372711559,1.57585526586525,0.394933170942907,3.99018209106842,6.60225885812562e-05,0.000339906930170655
"Os07g0492100",1564.52796342573,1.17390796909806,0.294209001675301,3.9900477633707,6.60599910866504e-05,0.000339994766411839
"Os04g0302300",212.467775604751,1.16224276094715,0.291312266899332,3.98968012338727,6.61624601590574e-05,0.000340460992901816
"Os02g0768950",530.935175614885,1.12041979902549,0.281055592013234,3.98647040252709,6.70634891430375e-05,0.000344849800955907
"Os01g0206300",83.4092898794591,2.59167687586619,0.650326791688485,3.98519161287705,6.74256939631987e-05,0.000346463591003151
"Os01g0248500",1085.3340917571,1.34999770926571,0.338802737159597,3.98461275898658,6.75902566407214e-05,0.000347246912904778
"Os02g0776700",5375.81445546827,0.393833642655276,0.0988533138476754,3.98402063953203,6.77589837647924e-05,0.00034786425422484
"Os07g0655201",171.390666016721,1.06947583180902,0.268526373843168,3.9827589986883,6.81198242879267e-05,0.000349528869179383
"Os02g0797600",9646.55553126437,0.581614870832609,0.146070802200376,3.98173257126888,6.84147322632782e-05,0.000350790785398612
"Os03g0211100",1336.67725080581,0.663950214623537,0.166758809274057,3.9815000929419,6.84816943544008e-05,0.000351071301957826
"Os01g0731100",156.334581331446,2.00799221130295,0.504511653695517,3.98007101836901,6.88946832607964e-05,0.000352935895724717
"Os04g0685800",3833.93928671247,0.347241346525307,0.0872471745812208,3.97997239672271,6.89232707250831e-05,0.000353019226459614
"Os09g0358000",2327.16640404282,2.34922142682034,0.590425659681904,3.97886065467751,6.92463088086394e-05,0.000354483694833864
"Os04g0675400",191.020456928949,1.73267793232697,0.43548576823217,3.97872458464183,6.92859448287693e-05,0.000354496587720339
"Os07g0418600",2504.72433611101,4.27688636568444,1.07495954460217,3.97864867302264,6.9308066551236e-05,0.000354541816462007
"Os07g0687200",9965.65201561853,0.513206805282073,0.129035881712481,3.97724104699501,6.97194815323915e-05,0.000356523752430141
"Os09g0364400",87.3666869004108,3.11480229578929,0.783167227310821,3.97718671973118,6.97354062901269e-05,0.000356541552645381
"Os07g0438800",4454.32319011081,0.460018168004347,0.115700770399737,3.97593003413046,7.01047359738762e-05,0.000358365904571543
"Os10g0124200",8.66497817119668,6.49831248686269,1.63466829018527,3.97530956334032,7.02877689438884e-05,0.000359173382518333
"Os09g0531701",736.368908632206,1.50096490135583,0.377601603554174,3.97499609966696,7.03804095400376e-05,0.000359518540584981
"Os03g0329900",3717.26466417996,0.554088378757245,0.139399303645621,3.97482888555772,7.04298749859853e-05,0.000359707090570134
"Os04g0436900",248.307855202543,1.48816865906549,0.374516158690176,3.97357663890972,7.08013626399788e-05,0.000361282394009024
"Os12g0407000",11.5368878098611,6.39233317733433,1.60879731479667,3.97336141634611,7.08653962799878e-05,0.000361544753243271
"Os12g0485500",1231.59492759537,0.681238494654167,0.171473352923463,3.97285340864734,7.10167575403581e-05,0.000362252472324433
"Os06g0514700",23.824872318928,8.65457404147142,2.17879161432414,3.9721898985535,7.12149114638342e-05,0.000363133946122402
"Os03g0370200",405.267290039697,1.29499383409603,0.326042218233501,3.97185935340618,7.1313822164736e-05,0.000363573600118152
"Os12g0218500",28.9066319410259,3.30129600356132,0.831356512060367,3.97097509392169,7.15790628286219e-05,0.000364731159197168
"Os06g0170800",7.70506193951628,6.84073156378058,1.72357716570476,3.96891517240742,7.22005762569591e-05,0.000367767273051447
"Os02g0819500",5760.88522666529,0.665136634718692,0.167633465661146,3.96780339829755,7.25381349135862e-05,0.000369289737303495
"Os06g0606100",24.4469587621593,8.68529189768984,2.18893875601829,3.96780945735023,7.25362912153473e-05,0.000369289737303495
"Os01g0698300",1116.69039277327,0.651436447105772,0.164194256310922,3.96747402584045,7.26384257889226e-05,0.000369668947727213
"Os03g0292200",1447.42510627104,0.576023380463145,0.145194931342371,3.96724166014359,7.27092578857162e-05,0.000369963711053373
"Os06g0667100",445.70542390989,1.57674729475233,0.397484730373689,3.9668122427495,7.28403292598236e-05,0.000370564828471674
"Os03g0362200",246.072322265736,1.24800736778032,0.314670767901021,3.96607341732131,7.30663646465424e-05,0.0003715168553421
"Os03g0136800",1428.11391977264,0.605082963844975,0.152573521273804,3.96584517938149,7.31363255147893e-05,0.000371726710565352
"Os04g0690300",3325.07568063578,0.794433441932228,0.200320509243025,3.96581181295041,7.31465585008884e-05,0.000371726710565352
"Os12g0590400",14429.0713999864,0.619119159125446,0.156116754696604,3.9657444860972,7.31672107644324e-05,0.000371765724919758
"Os05g0479700",392.124089944986,3.48684617819769,0.879439331035022,3.96485130372095,7.3441713576938e-05,0.000373094322235182
"Os08g0231100",11.6658200803633,7.59914928769474,1.91734751401546,3.96336565601506,7.39004580636214e-05,0.00037509228068005
"Os04g0614300",83.7236196391508,4.96755825929427,1.25374292346586,3.96218249077881,7.42677379297373e-05,0.000376622872064218
"Os02g0669366",639.640721773778,1.44940809005091,0.365863185421256,3.96161228515533,7.44453578002424e-05,0.000377323260515221
"Os06g0654400",298.988472417023,1.33656337703822,0.337405787477337,3.9612935718478,7.45448124055863e-05,0.000377691186025126
"Os11g0604500",34.4817634679592,3.49804865253465,0.883066214094348,3.96125295782284,7.45574950494944e-05,0.000377691186025126
"Os06g0134900",3550.6184383835,0.65351691095401,0.165006380173538,3.96055540559525,7.47756401947056e-05,0.000378662361763645
"Os03g0803700",2289.27975093557,0.688123591249357,0.173757888687201,3.960243741728,7.48733016395068e-05,0.000379071654341765
"Os01g0685500",1516.02515560935,0.725463220013611,0.183189900677197,3.96017038784231,7.48963049792012e-05,0.000379072413047885
"Os02g0738350",22.3999898405369,8.34255952040675,2.10758774948959,3.95834504277562,7.54708793036973e-05,0.000381913040234817
"Os04g0491700",4051.65389116318,0.429164260904936,0.108433258965331,3.95786555711797,7.5622499588182e-05,0.000382603628574177
"Os04g0492400",3397.82538368222,0.594256655217268,0.15014712551536,3.95782905052335,7.56340552926196e-05,0.000382603628574177
"Os06g0631300",1760.88873773314,0.607601087598911,0.153529755434985,3.95754611786775,7.57236707097544e-05,0.00038298934036644
"Os07g0615900",2231.5429872099,0.610395104166184,0.154288404939064,3.95619557028448,7.61528252159219e-05,0.000385023954135626
"Os04g0344100",72.2779543799413,10.3589763630264,2.62001599455783,3.95378363511657,7.69249767166311e-05,0.000388448084752364
"Os03g0138700",114.250200051654,2.72635353988997,0.68962587221768,3.95338059333917,7.70547252840598e-05,0.000388966171395152
"Os03g0128700",7916.26886564949,0.602645309315749,0.152444537742754,3.95321025101403,7.71096246437993e-05,0.000389106193253635
"Os12g0597650",363.542831453143,1.07357550413906,0.271586700634032,3.95297524375362,7.71854254731825e-05,0.000389351551172117
"Os07g0230600",151.220862969731,1.65065104545412,0.417756304352587,3.95122952845008,7.77507097866564e-05,0.000391591888619382
"Os10g0536400",6473.00506150191,1.08098834740966,0.273650226210538,3.95025563245096,7.80677680509505e-05,0.000393041238832513
"Os01g0869000",3191.29604253911,0.746269882056896,0.188960672902037,3.94933967261953,7.8367079958977e-05,0.000394409551200528
"Os09g0101100",648.408733315611,0.822962462748607,0.208450536145893,3.94799878169956,7.88072055958161e-05,0.000396286903408742
"Os01g0555300",2232.72521342663,0.451334475782004,0.114338469043367,3.94735454793277,7.90194949677119e-05,0.00039713498856602
"Os03g0223400",55094.6437850972,1.2843022844383,0.325371305895421,3.94718975265477,7.90738854506603e-05,0.000397338647129484
"Os04g0669600",110.638357505279,1.24071454531109,0.314378296570479,3.94656551945831,7.92802339815877e-05,0.000398305674915036
"Os04g0615800",122.456860941091,3.60442262168986,0.913484604700582,3.94579460140031,7.95357736972025e-05,0.000399379423058578
"Os08g0502800",2261.23985087303,0.375557435037663,0.0951847954319619,3.94556119318564,7.96132960129255e-05,0.000399628619019331
"Os11g0592200",151.443227094475,5.06494284158743,1.28394498258075,3.94482856376511,7.98570898519464e-05,0.000400641803263521
"Os07g0627400",838.107350616049,0.823116386528105,0.208674380514749,3.94450140212554,7.99661857655692e-05,0.000401048688001941
"Os12g0477700",1098.92865264769,0.984325587903631,0.249655855701341,3.94272982357426,8.05593907681042e-05,0.000403811697741029
"Os07g0670300",362.025520643078,1.62098797102109,0.411206672481478,3.94202740252009,8.07957428764158e-05,0.000404925594699154
"Os07g0522500",2701.18343471901,1.22522716165695,0.31091608683674,3.94070044468399,8.12440302400757e-05,0.000407101076327151
"Os06g0515400",16.0192023799003,8.18560214615371,2.07730727101235,3.9404869276583,8.13163821050083e-05,0.000407392372805158
"Os02g0729700",4995.05420823623,0.671847976758994,0.170534054222476,3.93967046536354,8.15936086418943e-05,0.000408709803288034
"Os02g0752701",13137.2976870371,1.45312299127132,0.368879156289092,3.93929276430165,8.17221575393654e-05,0.00040928216357593
"Os01g0867200",1874.58105308505,0.435725318884129,0.110612051739599,3.93922101643955,8.17465982341702e-05,0.000409333018630801
"Os05g0508500",8588.70569443266,0.455644982134928,0.115679826841117,3.93884564471854,8.18745801553151e-05,0.000409830620302252
"Os05g0332600",403.062995958962,1.23325332348685,0.313151170559226,3.93820441828304,8.20936426627418e-05,0.000410711899698425
"Os01g0664500",1874.66032091769,0.544273392437559,0.138209243201064,3.93803901845958,8.21502380974871e-05,0.000410851566062
"Os03g0762300",2505.17803886986,1.4325348629554,0.363766796353129,3.93805833109836,8.21436279234375e-05,0.000410851566062
"Os03g0561400",40.1529057711004,3.58041568377312,0.909198288224312,3.93799210815252,8.21662962723529e-05,0.000410860160697287
"Os04g0452700",1055.10801561823,0.849429231779327,0.215756509695814,3.93698077975447,8.25132130049753e-05,0.000412450903527312
"Os02g0833300",1591.06503885132,0.661996624414346,0.168150114380787,3.93693829381056,8.25278172467645e-05,0.000412451948326234
"Os02g0569400",17.1541857971168,7.9119338418585,2.00988002521329,3.93652046022941,8.26715747909918e-05,0.000413026322739581
"Os11g0209900",643.737125712353,2.01800682067574,0.512957738755634,3.93406058279022,8.35227165045396e-05,0.000416842514072125
"Os02g0165200",1294.14233928126,1.48035972475724,0.376393532014845,3.93301052978472,8.38885614247238e-05,0.000418376860216046
"Os01g0822800",611.744886528114,1.68950893135084,0.429756471273076,3.93131702321078,8.44817819591511e-05,0.000421115521345441
"Os03g0265500",3026.34703939944,0.363564384169242,0.0924922150702593,3.93075659279076,8.46789672832976e-05,0.000421951612278442
"Os03g0133500",650.235739950219,1.75402433030891,0.446248671278079,3.93059843805316,8.47346920661193e-05,0.000422043258432313
"Os08g0356800",490.895836597014,1.23876809332376,0.315184642534255,3.93029331430426,8.48422983469443e-05,0.000422471590586835
"Os03g0682666",175.454871060168,1.64124918735792,0.418030276569456,3.92614908380979,8.63166679099709e-05,0.000428918690419092
"Os08g0133200",118.301679703169,1.57061392145175,0.400045428218244,3.92608891556911,8.63382508540811e-05,0.000428951545599295
"Os02g0281000",1429.08585578392,0.990684610283293,0.252347922781858,3.92586790238685,8.64175742463598e-05,0.000429271209657889
"Os02g0601100",2026.26611881183,0.839626781662101,0.213880676603681,3.92567853718699,8.64855936958568e-05,0.00042953462135096
"Os04g0564700",2448.81101075194,1.11568749928337,0.284241455986842,3.92513996739104,8.66793230883972e-05,0.000430347594026816
"Os03g0252800",2388.50433946394,0.544685949255362,0.138859344293247,3.92257324869027,8.76082463479839e-05,0.000434884177817469
"Os01g0766300",102.119455439829,2.20216701323915,0.561520533618141,3.92179249269756,8.78926708159298e-05,0.00043614492625875
"Os10g0340301",85.4234557886489,3.58070938740186,0.91305475321132,3.92168090118154,8.79333940829125e-05,0.000436195915384974
"Os05g0142600",212.566159327286,3.00207205101922,0.765740335645178,3.92048310801051,8.83716306450741e-05,0.000438066429280738
"Os02g0733400",142.172884836589,1.20091656998761,0.306322863853111,3.92042746950643,8.83920371674403e-05,0.000438091791890936
"Os07g0136500",10.8722910082409,6.84081390509443,1.74557075142884,3.91895539008938,8.89335712581443e-05,0.000440623324172289
"Os10g0369600",2171.74198830027,0.863744590487088,0.220407099716235,3.9188601074971,8.89687306610904e-05,0.000440721312396535
"Os04g0480700",92.791015065511,3.02253356804114,0.771388134523573,3.91830446018971,8.91740269622541e-05,0.000441661922302939
"Os11g0147150",362.894663703568,1.06143466463442,0.270933293279504,3.91769742207137,8.93988222253896e-05,0.000442545793780557
"Os08g0107100",2264.95195730347,0.542921723563547,0.138666514715211,3.91530518148944,9.0289926819178e-05,0.000446494128964979
"Os01g0958900",967.771293323895,0.782756524673243,0.199957339895388,3.91461761335073,9.05475927160565e-05,0.000447613807194694
"Os08g0503200",5225.65061660313,1.4645015170538,0.374117291596389,3.91455179952965,9.05722928108183e-05,0.000447658674075482
"Os03g0334200",739.69107468076,1.07815092154237,0.275438607859015,3.9143057319482,9.06646989946499e-05,0.000447960847662478
"Os03g0205000",2514.07990156509,0.619946180692253,0.158405369493694,3.91366897898579,9.09042334871117e-05,0.000449066913426332
"Os08g0277900",4851.32436200085,0.890366567197364,0.227654716208504,3.91103941102584,9.18997733964857e-05,0.00045367200333496
"Os01g0775200",3156.34874096897,0.761491083952978,0.194738346177954,3.91032941841417,9.21703330202761e-05,0.000454459539097737
"Os03g0757600",1288.72809343411,2.14702855037516,0.549176752637692,3.90954012540225,9.24719949523358e-05,0.000455711661399093
"Os03g0344400",8.34410307521343,6.95119583593081,1.77829775641345,3.90890435016366,9.27156613378245e-05,0.000456755352244042
"Os06g0610300",10.3064841928924,6.55543390690084,1.67723011895962,3.90848806779547,9.28755335467787e-05,0.000457307060866524
"Os05g0565701",566.542597515938,1.20831922443008,0.309164851779556,3.90833310279285,9.29351139426045e-05,0.000457521801492011
"Os03g0736700",3234.68404991549,0.654673268530679,0.167599124412349,3.90618549366623,9.37645446116125e-05,0.000461288072151772
"Os10g0487500",390.298314460748,1.00840029997318,0.258244487409254,3.90482797944534,9.42924325977099e-05,0.000463328207646987
"Os02g0190950",8.00878916183379,6.15054326434302,1.57509676329921,3.90486693113383,9.42772466694894e-05,0.000463328207646987
"Os01g0852100",602.532852469443,1.20452149670065,0.308506327398696,3.90436561498459,9.44728691914758e-05,0.000464135227721907
"Os11g0207400",766.085122894219,1.80881102850759,0.463289017519131,3.90428212219146,9.45054867847377e-05,0.000464215876454021
"Os04g0535000",791.616145980978,1.40382259008076,0.359653738606901,3.90326149678963,9.49050684773818e-05,0.000465779380269603
"Os01g0637600",842.427636477534,0.784929573764335,0.201110717434172,3.90297237153091,9.50185526172642e-05,0.000466256477066254
"Os03g0838400",1531.53843093069,1.45101012794058,0.37181487366692,3.90250694823044,9.52015044562865e-05,0.000466914328257707
"Os12g0567300",8243.14584152398,1.44672776117765,0.370733747390179,3.90233630297228,9.52686661841663e-05,0.00046716375552092
"Os03g0146500",971.759965502999,0.578566147625575,0.148283927954535,3.90174549330098,9.55015399357999e-05,0.00046814544435253
"Os07g0512200",19292.2763858555,0.530764109832183,0.1360540168564,3.90112781743434,9.57455779469847e-05,0.000469100940379105
"Os03g0622500",6513.66552434347,2.03289845645966,0.521401312332372,3.89891319484015,9.66254039268105e-05,0.00047308801662867
"Os11g0592900",216.047881104434,1.14467817626203,0.293654092237429,3.89804946200621,9.69706127555708e-05,0.00047453492684417
"Os01g0320400",14.0043806404703,5.53457846999103,1.41987439869162,3.89793525053413,9.70163468229683e-05,0.000474677658670028
"Os07g0578600",2633.39278649967,0.364035336902047,0.0934014720726115,3.89753318469157,9.71775094351838e-05,0.000475385009447991
"Os04g0637400",1738.7029057564,0.651914105929341,0.167266480402422,3.8974581420074,9.72076172504267e-05,0.000475451118036741
"Os07g0158800",997.078015637783,0.46624793724951,0.119665172163897,3.89627097691316,9.76850921213513e-05,0.000477704942731005
"Os04g0531700",1897.2633718353,0.862187647037788,0.221290202979574,3.89618535040781,9.77196163672261e-05,0.0004777922266474
"Os02g0153900",222.680969147118,0.900921521503432,0.231273736711443,3.8954769975784,9.80056634066479e-05,0.000479109071477099
"Os01g0855600",2137.97488745494,2.01795224632095,0.518067052550387,3.89515649834669,9.81353469995232e-05,0.000479659352646559
"Os06g0274000",1800.78814313857,0.973625440023335,0.249960570614181,3.89511608823355,9.81517096386561e-05,0.000479659352646559
"Os07g0681400",900.178520647774,0.818741739680898,0.210246598222995,3.89419732162568,9.85244272754284e-05,0.000481234553408724
"Os12g0641200",250.813491777168,4.07050404720622,1.045351618854,3.89390897167085,9.86416779176143e-05,0.000481643039484575
"Os04g0382200",1516.04191658685,0.469442184661459,0.120566289780771,3.89364378314252,9.87496267920202e-05,0.000482087971859765
"Os01g0199400",1775.95972596749,0.681779204058782,0.175113669509125,3.89335227780865,9.88684169815072e-05,0.000482503471870915
"Os03g0356484",1977.36819191408,0.638671519143482,0.164196035615978,3.88968903388878,0.000100372757184997,0.000489398315159278
"Os08g0191600",8803.90022740483,0.669784817734722,0.17231220622779,3.88704220320464,0.000101473117199432,0.000494541206667483
"Os08g0157800",1458.81717952657,0.705444617354766,0.181507161172968,3.88659385555873,0.000101660631624203,0.000495286586855409
"Os07g0600300",80.9237052371845,1.54279541869925,0.397064266618273,3.88550556774844,0.000102117152470943,0.000497172583279091
"Os10g0573900",3963.02047987219,0.465813306012737,0.119903989664647,3.88488579333802,0.000102378002847103,0.000498273235531711
"Os04g0653700",143.030693326386,4.44437410778012,1.14405581718404,3.88475285997797,0.000102434033632937,0.000498461265565714
"Os01g0113350",221.156972375301,2.93372687202703,0.755212609163632,3.88463703655056,0.000102482876256612,0.00049861425887323
"Os10g0457700",3721.36374920113,0.774226571707687,0.19933677952741,3.88401264203843,0.000102746561683061,0.000499812306509858
"Os02g0143300",58.1550687553454,2.29047350023734,0.589768084226375,3.88368506451457,0.000102885155541298,0.000500316611773469
"Os06g0270900",20658.0131627508,0.712886544696007,0.18355755844116,3.88372209104387,0.000102869481250351,0.000500316611773469
"Os02g0705600",2320.63819995447,1.21008352148573,0.311642976661501,3.88291606776717,0.000103211201832752,0.00050164670990874
"Os07g0537400",301.317495420415,1.64372695095606,0.423320644503225,3.88293595481271,0.000103202757671185,0.00050164670990874
"Os06g0115600",294.199538522302,1.58011158744367,0.407154490360423,3.88086494157271,0.000104085633132507,0.000505468061103828
"Os03g0254900",4077.02790081277,0.296059721752534,0.0762975369048638,3.8803313155665,0.00010431427077568,0.000506406724206167
"Os02g0712400",760.947496133964,0.7067688644549,0.182209118008819,3.87888856594264,0.000104934807340992,0.000509246629392632
"Os11g0429100",490.647827917565,1.3487402828999,0.347768533815292,3.87827003237806,0.000105201908355501,0.000510456406130706
"Os01g0390300",414.502087936806,1.15119748712969,0.296969670230247,3.87648168325453,0.000105977783973315,0.00051361222368123
"Os01g0825700",2454.8110954528,0.490125744650183,0.126437776181481,3.87641857878526,0.000106005260243092,0.000513658501012189
"Os04g0204100",12.1113028264628,7.78136225630513,2.00811599035299,3.87495657306992,0.000106643716160047,0.00051653441648573
"Os05g0493800",514.678498810066,1.63840707471653,0.422848708080613,3.87468861417021,0.000106761126210425,0.00051697140243047
"Os04g0643600",4620.3137753791,0.718819251084641,0.185535345050004,3.8742981877168,0.000106932415532777,0.000517713344008979
"Os04g0493100",1915.5779747418,1.0424415149253,0.269164508387878,3.87287878765611,0.000107557327498422,0.000520475012241983
"Os08g0519000",10.5866729780264,7.40541122932211,1.91238904293723,3.87233510705968,0.000107797602414125,0.000521285553480085
"Os07g0688500",541.724588832354,1.53110929608997,0.395422650458933,3.87208293281364,0.000107909220480004,0.000521649229828426
"Os03g0809800",899.517396508532,0.540699237527146,0.139658726901061,3.87157501378482,0.000108134368109985,0.000522649445864926
"Os05g0104150",471.670235302235,1.9629141940857,0.507450415108164,3.86818915827925,0.000109646595309993,0.000529422691072114
"Os09g0255800",78.0578422328592,2.41524172489758,0.624458968254144,3.86773486759281,0.000109851007041448,0.000530141663087682
"Os04g0648500",1483.91619646886,0.724033867425088,0.187202123144179,3.86765841788799,0.000109885441519826,0.000530218536616041
"Os02g0809700",295.592088126747,1.32746877988132,0.343273849941672,3.86708390431395,0.00011014453994099,0.000531200363304029
"Os04g0468600",10171.5921902026,1.42656461928153,0.368899041696968,3.8670868124764,0.000110143226946019,0.000531200363304029
"Os02g0184500",4016.7314817144,0.519057878493953,0.134228247548929,3.86697947691483,0.000110191697247926,0.000531338355696326
"Os07g0421300",6550.37530732271,1.74537589640064,0.451468175414879,3.86599984549679,0.000110635007439138,0.000532848248973978
"Os01g0280000",3564.89502081091,0.732115231394043,0.189398192123789,3.86548162463737,0.00011087019654302,0.000533891238882456
"Os01g0956075",180.378424148792,1.18583875424632,0.30693658915213,3.86346495060116,0.000111789939566653,0.000538139339459632
"Os01g0866133",12853.3482562331,1.04883818748165,0.27150784090527,3.86301251553024,0.000111997267457531,0.000539046817939386
"Os10g0103800",1286.41921476185,0.827255565173923,0.21415643101444,3.86285651687081,0.000112068837731236,0.000539224667450254
"Os01g0728300",985.959561145212,1.82055637047677,0.47136786578793,3.86228358488876,0.000112332062268666,0.000540204472662274
"Os03g0691800",2242.59268279515,0.62988544503675,0.163113668234423,3.86163496814684,0.000112630762783694,0.000541459163637315
"Os11g0531800",396.802610856672,1.46000388434886,0.378098891558262,3.86143391833743,0.000112723502100021,0.000541814088604227
"Os01g0804900",366.483987745163,1.12606299865147,0.291633516231545,3.86122628565582,0.00011281935353474,0.000542002031770185
"Os09g0533600",346.895457817736,1.42208344849191,0.368297370024281,3.86123704439746,0.000112814384987259,0.000542002031770185
"Os05g0495200",2526.6800958661,0.992101032386252,0.256951241234551,3.86104783000694,0.000112901797129516,0.000542307173739293
"Os09g0560200",97.4884796055175,1.80759405202501,0.468189562570935,3.86081663610591,0.000113008689437482,0.000542729629527778
"Os03g0862100",9125.79407910668,0.422289254771318,0.109405816714214,3.85984280775862,0.000113459986928762,0.000544714401052761
"Os04g0431200",3124.933098446,0.987545086149486,0.255855590819413,3.85977528568649,0.000113491341357647,0.00054477364928452
"Os02g0608300",1759.79110811815,0.487399268275824,0.126284411956405,3.8595362699561,0.000113602395956847,0.000545215385084686
"Os08g0482700",5197.57582996029,1.12910472319104,0.292610421996071,3.85873037429338,0.000113977597596326,0.000546649837015388
"Os01g0776600",1322.74877184389,0.646689064446879,0.167596820653112,3.85859983457192,0.000114038482989804,0.000546810030665825
"Os02g0773300",3257.09932139066,0.482454745794034,0.125056971537023,3.85787965168501,0.00011437493733287,0.000548280191477561
"Os07g0570500",3461.23679884076,1.21492140099251,0.314975314037305,3.85719561771314,0.000114695370420063,0.000549540426969173
"Os10g0548700",746.391409776703,1.34253120368636,0.348074889755527,3.85701825440294,0.000114778593708296,0.000549847227375038
"Os01g0881900",7586.33080750159,1.36083796160334,0.352834506289647,3.85687322907758,0.000114846685528806,0.000549897599226496
"Os04g0408700",3609.32214489705,0.63926733137799,0.165747017837127,3.85688587173358,0.000114840748074425,0.000549897599226496
"Os07g0623100",6724.07882117022,0.597196118874526,0.154837428046946,3.85692352557973,0.00011482306616405,0.000549897599226496
"Os06g0215200",4446.54056335531,0.588069557587491,0.152562937193283,3.85460301437736,0.000115917568035434,0.000554654335228999
"Os10g0529600",404.363148349443,1.89846584832882,0.492524692706337,3.85455973363911,0.000115938075169626,0.000554659831317438
"Os02g0832400",16373.2057486129,0.734145500838605,0.190478016217559,3.85422693608947,0.000116095874528641,0.000555322036226149
"Os05g0560300",6413.02760146941,1.27991405666154,0.33209234823823,3.85409077761521,0.000116160493830039,0.00055553838578172
"Os06g0253350",14.9812276154691,7.89621738457599,2.04901771350222,3.85365989397896,0.000116365210013657,0.000556331719891755
"Os12g0189300",116.826557986245,11.0516317571059,2.86821221376844,3.85314298016519,0.000116611248732939,0.000557241623103708
"Os12g0603700",1093.79491510637,1.2734902075692,0.330576108786873,3.85233588792175,0.000116996386726397,0.000558554222357647
"Os05g0443300",3493.16737090345,0.827291836915381,0.214760126633532,3.85216683321795,0.000117077210085696,0.000558803302244771
"Os01g0897800",8156.92629521582,0.571280756961434,0.148354760580417,3.85077468849923,0.000117744785479003,0.000561708890034034
"Os02g0644000",2063.83705370131,1.36974079866027,0.35572095017446,3.85060480128735,0.000117826496831416,0.00056200512522286
"Os05g0130200",220.51460536878,1.07412545406799,0.278954056646685,3.85054609701712,0.000117854744495146,0.000562046294819395
"Os07g0152800",6163.89445068828,0.376471661419187,0.0977899920582625,3.84979744343254,0.000118215546480812,0.000563391855916207
"Os07g0513600",257.009307023622,1.15717297645038,0.300687385270954,3.84842541833815,0.000118879477797084,0.000566273449350298
"Os01g0277600",1776.64208493979,1.19312638971175,0.310081019553678,3.84778917274298,0.000119188552784436,0.000567556990922331
"Os05g0583500",2132.2690336051,0.783222550382095,0.203595319321872,3.84695754789856,0.000119593681514334,0.00056939151923375
"Os03g0185700",1625.19746357545,1.09514219888753,0.284798831537389,3.84531844100546,0.000120395982257687,0.000573020877682265
"Os10g0200000",907.974075112739,0.833992770533429,0.216937272569771,3.8443959429111,0.000120849750374642,0.000574894080646563
"Os09g0309700",1467.47943748721,0.980151624864408,0.255014121410864,3.84351901550285,0.00012128259725175,0.000576665943653689
"Os08g0191700",29319.6058081399,0.509863793956411,0.132668836294211,3.84313157632376,0.000121474300429511,0.000577401174265074
"Os07g0492000",27630.3440325372,0.754734931369126,0.196427642539993,3.84230509316151,0.000121884195730139,0.00057923801228395
"Os02g0136000",2034.4462794226,0.639074433089949,0.166363153924242,3.84144215840587,0.000122313560553413,0.000580884883362462
"Os04g0183500",294.892541956928,0.795573352687597,0.207103734806565,3.84142446021393,0.000122322381431982,0.000580884883362462
"Os06g0714200",4676.60941358491,0.843339033827045,0.219539216245511,3.84140495830111,0.000122332101989707,0.000580884883362462
"Os11g0706600",161.661285971179,2.71265306098161,0.70647397635166,3.83970698395738,0.000123181240018755,0.000584723142647012
"Os12g0159000",1745.57734909949,0.782723671168029,0.203887210895802,3.83900327896507,0.000123534781039539,0.000586304215064581
"Os06g0255200",29096.2989557117,0.832232625705176,0.21692492660014,3.83650066752926,0.000124799856997028,0.000591916156708965
"Os11g0531300",3015.28706801645,0.465461776944042,0.121330610846982,3.83630951575005,0.000124896984997559,0.00059227878420226
"Os01g0187400",9353.73858549418,0.876747665376167,0.228568439966132,3.83582118995116,0.000125145436625574,0.000593358770510664
"Os07g0648100",121.843210418323,1.9962959255264,0.520623101772319,3.83443592635548,0.000125852772212061,0.000596613770585699
"Os02g0551100",1809.73118476092,1.2140291884375,0.316642468299532,3.83406936838642,0.000126040571542082,0.000597207616309532
"Os04g0385900",859.987034700527,0.818283937181639,0.213463958324528,3.83335877215209,0.000126405385242156,0.000598738154729418
"Os10g0563600",8121.34211048661,1.27582705223903,0.332945806054276,3.83193609602355,0.000127138767364047,0.000602112390498295
"Os01g0248600",1378.02921980769,0.426352052865108,0.111267895015397,3.8317616488216,0.000127228969506711,0.000602439999059047
"Os06g0132200",11.339108539027,7.11952591109526,1.85869725631022,3.83038490368707,0.000127942968231694,0.000605520635245209
"Os06g0638200",627.109836685418,1.50991032681056,0.394248521208911,3.82984398313182,0.000128224528969253,0.000606452493236552
"Os11g0649700",133.577902639478,1.97062677118965,0.514582297231251,3.8295658086039,0.000128369552047587,0.000607038191990008
"Os08g0434100",1118.91886164578,1.37266403198728,0.358454735356534,3.8293929374987,0.000128459754270331,0.000607364501543486
"Os06g0622700",2389.97316577874,0.890673544356193,0.232595314768925,3.82928411623874,0.000128516566628521,0.000607532860425734
"Os03g0345901",1936.55241298123,1.3502034446268,0.352611246564901,3.82915592676163,0.000128583520935973,0.000607749099613578
"Os06g0240800",14.8558360517657,6.94556654511235,1.81400182779308,3.82886413822546,0.000128736046834654,0.000608369654281132
"Os04g0442100",2118.73647079831,0.512841714680251,0.133996753994121,3.82726968671756,0.000129572526577354,0.00061212069769074
"Os03g0793000",408.265108713511,0.89945282880951,0.235049174548722,3.82665810478338,0.000129894731176329,0.000613440553430719
"Os04g0537900",5252.16612198285,0.598921509344822,0.156518834588326,3.82651398421219,0.000129970769221499,0.00061359737678932
"Os11g0425600",8576.73852831416,0.323458908094629,0.0845444866734132,3.82590185146097,0.000130294198280177,0.000614827170560781
"Os03g0758551",232.7062522837,1.31235759369229,0.343153482464931,3.82440412454915,0.000131088744655901,0.000618162394977101
"Os03g0139200",2856.03078537704,0.656816442488358,0.171749378544713,3.82427260030734,0.000131158736110956,0.000618390670898653
"Os09g0419500",76.7709390029442,2.81735907671946,0.736920124569939,3.82315393864925,0.000131755464084948,0.000621101934347144
"Os02g0273100",2597.04751673486,0.910014545659546,0.238054608008492,3.82271342391777,0.000131991149271238,0.000622110611765011
"Os02g0669500",364.172846668119,1.2804064647173,0.33497556754905,3.82238762691195,0.000132165713410221,0.000622830924445668
"Os09g0518000",20.3248194310431,7.79396915519111,2.03945228815239,3.82159916192594,0.000132589078763221,0.000624210036924712
"Os01g0935300",1095.22572732227,0.829601339204283,0.21709815070817,3.82131923509316,0.000132739692274147,0.000624508647461227
"Os05g0162200",5757.60037973781,0.443814114257975,0.116175405459723,3.82020714713014,0.000133339640595785,0.000626919491688615
"Os08g0474700",3779.19121690219,0.949707343965843,0.24859942623621,3.82023143956682,0.000133326508080258,0.000626919491688615
"Os03g0235300",1472.55947083326,0.638181633686279,0.167056023748562,3.82016535151594,0.000133362238199002,0.000626922862818342
"Os05g0145400",1972.81175556725,0.477933504483847,0.125156612436544,3.81868360911546,0.000134165706281163,0.000630492999240265
"Os01g0158200",2013.81159404802,0.762195427617422,0.199643504561452,3.81778224787079,0.00013465669401851,0.000632489114265302
"Os12g0428600",27980.2090260162,0.919387313737146,0.240851368553892,3.81723931758116,0.000134953254367777,0.000633570480771022
"Os06g0179800",1364.4319416691,1.4471130781844,0.379148112940185,3.81674872904537,0.000135221753622766,0.0006346230441932
"Os12g0277400",3116.81946676844,0.639190416699088,0.167517319280469,3.81566765421378,0.000135815203730216,0.000636990868763814
"Os01g0102900",4890.10801883167,1.94089039266629,0.508765988687216,3.81489807853396,0.000136239152186901,0.000638665606750505
"Os11g0246200",6368.88879120001,1.4456028450475,0.378951216155028,3.81474655158808,0.000136322773026066,0.000638953066046597
"Os02g0146900",674.064066875149,1.04626554055337,0.274276205730232,3.8146420239692,0.000136380485250319,0.000639119015929367
"Os01g0665300",4116.8629954609,1.38422013856255,0.362890490357093,3.81442935360593,0.000136497976759421,0.000639565009012417
"Os02g0272900",1228.33665033872,0.646048760677414,0.169395451943634,3.81384950578474,0.000136818803110185,0.00064085864749273
"Os03g0263800",2806.07824046311,0.291770080312156,0.0765272850232891,3.81262813940627,0.000137496903335709,0.000643613996793779
"Os01g0681100",122.778836391496,1.97106140701231,0.517004669749074,3.81246345022175,0.000137588580304555,0.000643803598582987
"Os11g0488900",225.761791959748,2.0575919380358,0.539697659390328,3.81249001591033,0.000137573788178933,0.000643803598582987
"Os09g0365900",1644.41609427979,1.33454822451593,0.350174896849037,3.8110905051291,0.000138355097045916,0.000646891357793664
"Os11g0212300",109.367011852938,1.58896527527139,0.41694493685244,3.81097150925167,0.000138421721661626,0.000647097270198875
"Os09g0347900",410.349406261032,1.8731928960287,0.491586940267219,3.81050174972195,0.000138685030634883,0.000648116701639317
"Os05g0398000",3324.00364424786,0.749946528719475,0.196838521868489,3.8099581403102,0.000138990322719156,0.000649437496175677
"Os07g0680600",212.729577669106,1.18221080629587,0.310324271409309,3.80959826612006,0.000139192776884906,0.000650277424312136
"Os03g0706900",4354.98785449382,0.953219323388426,0.250406164759605,3.80669271582645,0.000140837554912932,0.000657318394423414
"Os05g0376300",4762.26965004891,1.02144589247219,0.268337308278825,3.80657426663465,0.000140904993595144,0.000657526038515973
"Os06g0241100",249.802811126059,2.73764858027277,0.719242170145776,3.80629597916639,0.000141063555397157,0.000658158767177876
"Os09g0240500",2031.82473149458,0.751221537347245,0.197365319223687,3.80624894131394,0.000141090373082092,0.000658176712723558
"Os09g0511000",2274.26479868127,0.684570686629986,0.179865137127108,3.80602209835812,0.000141219770459051,0.000658673101610408
"Os06g0714500",3642.13351438424,0.564970360002956,0.148448036074726,3.80584597103435,0.000141320315336495,0.000659034777835488
"Os10g0177200",261.379086298685,3.21832173861873,0.845724544133176,3.80540184265001,0.000141574152012294,0.000660003677750774
"Os11g0672200",126.783127539119,2.80153183066933,0.736235009378686,3.80521408922616,0.000141681589494228,0.000660397088366456
"Os03g0124200",595.172063467517,1.43645736839208,0.377594094471268,3.8042368496348,0.000142242032956559,0.000662685972076639
"Os06g0667200",273.416452984737,1.56376310834181,0.411220765147082,3.80273381326572,0.000143108095777801,0.000666504089763584
"Os03g0326300",4325.91224570217,0.499648651215908,0.131393473635621,3.80269002250089,0.000143133402698624,0.000666513611916298
"Os06g0542350",43.8721343946509,3.77440112792049,0.992638419601426,3.80239274784068,0.000143305310789093,0.000667097281028286
"Os05g0409000",1775.21359401779,0.39433225287661,0.103709488668815,3.8022774766142,0.000143372022173797,0.000667217113580938
"Os03g0760200",6665.61237455832,1.28850434621199,0.338906426394631,3.80194722159568,0.000143563313965835,0.00066764747147364
"Os01g0150800",167.026935707476,1.61693400501898,0.425322119937792,3.80166920369783,0.000143724535050416,0.000668182647816844
"Os04g0630600",362.907029886732,2.99881483564534,0.78897205586292,3.80091387693757,0.000144163406265127,0.000669785943944937
"Os10g0558750",720.074335926419,1.59879357857338,0.420632586702376,3.80092657848364,0.000144156015802307,0.000669785943944937
"Os04g0606000",458.665176930834,1.29043719821188,0.339530053656014,3.80065677343324,0.000144313080050806,0.000670372628018106
"Os01g0934500",3540.83835568088,0.980156024672834,0.258025981283651,3.79867182287871,0.000145473562411958,0.000675106658605026
"Os01g0502400",3057.63102564513,0.633725165491607,0.16687626309784,3.79757524364057,0.000146118429507355,0.00067776999226886
"Os06g0594100",7283.59672697812,0.556120937386265,0.146496938190071,3.79612669218199,0.000146974408474744,0.000681409506734361
"Os06g0698600",2330.97341794358,0.666123738880438,0.17557650521731,3.79392298562942,0.000148285684349706,0.000686933133061889
"Os01g0499300",2816.56781918888,0.708886923910414,0.186852052536836,3.79384071133318,0.000148334852837734,0.000687049822746
"Os06g0472000",1334.78867549807,1.51117230495878,0.398345236413939,3.79362464218964,0.000148464052452088,0.000687537098894006
"Os07g0613833",29.2218096176273,2.32601209518301,0.613313349084,3.79253459696739,0.000149117467514693,0.000690451467231899
"Os03g0625800",527.182508935503,2.079741646462,0.548430509178678,3.79216985863276,0.000149336709592123,0.000691354888226453
"Os07g0541700",10.1100667617187,7.49138455127544,1.97584507176564,3.79148378500195,0.000149749926981453,0.000693043919863124
"Os01g0518400",44.7321248177062,3.3256444463054,0.877154848388229,3.79139949168185,0.000149800770451795,0.000693167260171969
"Os02g0668100",971.058870221923,0.491396976825013,0.129654978189895,3.79003555193466,0.000150625724727495,0.000696759487389761
"Os07g0621600",108.05639934005,1.30546990387429,0.344493384651152,3.78953548032937,0.000150929254054501,0.000698050845386533
"Os05g0333000",11.744187838435,5.84154279165915,1.54155059749666,3.78939413415641,0.000151015151508005,0.000698268818833928
"Os01g0550300",33416.6075145224,0.691027527314047,0.182365820657895,3.78923816327603,0.000151109989949491,0.000698548472415751
"Os06g0142650",261.969156124826,1.69758522786349,0.448020213632495,3.78908177847528,0.000151205136366712,0.000698875555279728
"Os06g0221100",2767.02938107965,0.846914591181922,0.223522499363995,3.78894560320196,0.000151288032995256,0.00069914592280324
"Os12g0128700",10639.2167278038,1.00429943221528,0.265120400195072,3.7880880968659,0.000151811023308279,0.000701449675831126
"Os07g0496300",1094.27781937994,0.70662880765994,0.18655790719996,3.78771834582464,0.000152037058005031,0.000702380810377322
"Os08g0383800",14.978304876802,6.09723336991132,1.61009292863256,3.78688289444861,0.000152548949904886,0.000704632034930645
"Os01g0692600",877.435311285035,0.850151629397821,0.224532927641874,3.78631160394345,0.000152899920550697,0.000705911782729388
"Os02g0727100",296.436153699757,1.74341449893313,0.460570734677288,3.78533495002608,0.000153501686074032,0.000708450091725734
"Os10g0135500",335.368163642432,1.05858627888336,0.279667569598675,3.78515921743248,0.000153610200127118,0.000708620102083753
"Os07g0119600",14.20091453524,7.50346372482893,1.98274864545818,3.78437465687689,0.000154095543993726,0.000710515855569396
"Os06g0326700",2911.64235659376,0.883084464237931,0.233355785802856,3.78428356168542,0.00015415199062131,0.000710661759498276
"Os09g0292400",11.8736226654744,6.38655694948775,1.6877498321173,3.78406611451161,0.00015428680923759,0.000711168863943925
"Os10g0574800",2507.03190482366,0.735621473650437,0.194411321465595,3.78384071516441,0.000154426675393638,0.000711584609742445
"Os03g0353400",8641.41649214544,0.839126099946719,0.221789296169765,3.78343822014035,0.000154676730905293,0.000712622237320864
"Os02g0584700",311.378600765446,1.63498451928204,0.432260415393605,3.78240630198179,0.000155319566328157,0.00071523886442211
"Os05g0407200",1455.74378164951,1.08447401406798,0.286754489242282,3.78189027461641,0.000155641968915021,0.000716608338960821
"Os01g0706400",3007.0141194636,0.683176128172566,0.18068071492663,3.78112367138898,0.000156122088938502,0.000718587966629069
"Os12g0102350",612.693656797094,0.887007232152415,0.234601023181961,3.78091800334748,0.000156251134829264,0.000718950941886633
"Os12g0114200",2300.52545117979,0.891369143427024,0.235823868374451,3.77980884450455,0.000156948806081887,0.000721697511131154
"Os06g0507400",3365.19954704824,0.498654925201758,0.131952974445132,3.77903512443448,0.000157437217993473,0.000723711081333064
"Os09g0553600",3610.02596108624,0.66398864828008,0.175702093100245,3.77905940995962,0.000157421866000478,0.000723711081333064
"Os05g0375400",11308.5468053818,1.80420746204831,0.477439633521632,3.77892268545101,0.000157508314191134,0.000723921754604485
"Os04g0596300",525.72110869842,0.849665580144946,0.224873249655448,3.77841998302069,0.000157826547231358,0.000725062909880222
"Os06g0338200",627.522215850675,1.133415718167,0.299971562412147,3.77841055683051,0.000157832520205324,0.000725062909880222
"Os09g0309200",449.771004390075,1.64413675669888,0.435223640536071,3.77768256033558,0.000158294463688849,0.000726835412437966
"Os06g0554700",2488.32407938051,0.77975841228506,0.206510319214905,3.77588110487401,0.000159443036505051,0.000731523119606521
"Os06g0669800",3178.60813972346,0.649247651415314,0.172017916418025,3.77430249670948,0.000160455969218845,0.000735478871710558
"Os11g0606500",260.791405668415,0.634306189895158,0.168059408891364,3.7742973992321,0.000160459249862582,0.000735478871710558
"Os11g0146800",474.853270010373,4.53294430761634,1.20102559608846,3.77422789520839,0.0001605039876862,0.00073556625962652
"Os11g0296500",1373.95915124921,0.89941848382563,0.238324424456065,3.77392491717289,0.000160699143430778,0.000736225113140173
"Os11g0501000",93.1483540940794,2.13249728423081,0.565112325607043,3.77358126446824,0.000160920769006948,0.00073698806493466
"Os09g0306400",5345.38865525517,0.541311523629981,0.143491719329967,3.77242342734223,0.000161669590263067,0.000739843012333077
"Os07g0416700",50.7696781053912,5.3577859586799,1.42035030456792,3.77215813693916,0.000161841625647521,0.000740471650674823
"Os04g0550400",5556.6596151277,0.622580730793648,0.165068779519368,3.77164435701544,0.000162175291340717,0.000741801795576984
"Os05g0478700",425.196652033965,2.27280356438586,0.60265182944582,3.77133770003795,0.00016237475288849,0.000742574914324628
"Os11g0297900",591.936382254356,0.660998577941027,0.17527052517709,3.7713048287678,0.000162396147325077,0.000742574914324628
"Os08g0369700",575.910153932602,1.01457609186041,0.269070487979097,3.77067027855999,0.000162809667786591,0.000744228238899396
"Os02g0293800",746.521964479295,0.801064922535231,0.212468820116498,3.77027049002297,0.000163070708479007,0.000745183722382857
"Os01g0645900",1046.68876785142,1.21537461749414,0.322363083418236,3.77020409597369,0.000163114098380915,0.000745263139341411
"Os03g0150700",146.0256495852,1.78327664642969,0.47299947517424,3.77014508477579,0.000163152672552717,0.000745320531565761
"Os02g0684400",1324.83308408343,1.18248732271528,0.313671868952663,3.76982267062569,0.000163363578368694,0.000746046102553365
"Os05g0372800",1749.39446437138,1.43823319496876,0.381522648560048,3.76971904655458,0.000163431418058471,0.000746234210916534
"Os05g0408300",3091.06073844322,0.64083989118601,0.169998476703397,3.76968019721794,0.000163456858429156,0.000746234210916534
"Os12g0143100",1959.20337147626,0.565527110798691,0.150024562627228,3.76956346944251,0.000163533319678558,0.000746464342110887
"Os06g0297800",1723.03862706219,0.864276440661263,0.229300815010098,3.76918172150065,0.000163783614542235,0.000747487754677306
"Os08g0504400",2256.64186251319,0.530480915161061,0.140746649226071,3.76904827275134,0.000163871195842618,0.000747768355356376
"Os03g0213300",9247.91162655656,0.620592168811633,0.16466949732507,3.76871356804191,0.000164091053641931,0.000748652367666977
"Os05g0186900",853.75368316784,1.13742559835412,0.301832813308402,3.76839610606533,0.000164299841615021,0.000749485601329979
"Os03g0165600",5444.57115365355,0.516927046902304,0.137195534009156,3.76781249211658,0.000164684324327472,0.00075111990777312
"Os09g0400300",635.140774907684,1.25142035280458,0.332246318348916,3.76654392747966,0.000165522971690483,0.000754704676141904
"Os02g0294600",5109.8315628129,0.513462327042795,0.136342903004508,3.76596299277725,0.000165908367125466,0.000756272785054356
"Os08g0495800",1778.52248861174,0.938095969394648,0.249099689765538,3.76594595632624,0.000165919681936747,0.000756272785054356
"Os10g0495400",365.987005563545,0.941616206264338,0.250236576534482,3.76290396593795,0.000167951708078791,0.000764804885548874
"Os02g0774200",683.454532263665,0.854976457654893,0.227217752457009,3.76280659591799,0.000168017135559132,0.000764981243928213
"Os06g0591050",21.2078212899609,2.83901806590733,0.754509467892954,3.76273351987959,0.000168066254523306,0.000765083305465802
"Os07g0597200",1053.09678746789,0.747763334686372,0.198767776749763,3.76199476048758,0.0001685635799261,0.000767103508901303
"Os10g0417800",1872.35735005834,0.767962229905177,0.204136727649939,3.76199931656643,0.000168560508581577,0.000767103508901303
"Os04g0519900",4432.10873096448,0.777471393051634,0.206689076961468,3.76155046256544,0.000168863343110411,0.000768223643505794
"Os05g0138300",15480.1690399766,0.686042095100256,0.182396997451332,3.76125761216716,0.000169061200338379,0.00076900166885144
"Os07g0575600",187.308824459398,1.42548034913353,0.379019431913247,3.76096904039422,0.000169256380117897,0.000769767270339362
"Os01g0236900",14.9847787536246,5.60718093704424,1.49140296836073,3.75966861807132,0.000170138572681215,0.000773165802452366
"Os03g0213400",6184.29769688462,0.701539174265325,0.186722470161002,3.75712239485918,0.000171878442421447,0.000780577133025727
"Os06g0479400",546.106009928915,1.21801037467829,0.32424408055307,3.75646140586655,0.000172332833694071,0.000782392703375458
"Os06g0663400",4030.75103489969,0.801820791495213,0.21347096223117,3.75611175925141,0.000172573651949308,0.000783361894114635
"Os08g0103300",5466.87224784321,0.525744963415996,0.140087173100047,3.75298431527719,0.000174741792326089,0.000792701366961228
"Os02g0550000",2809.53223165263,0.652138666270129,0.173804022942286,3.75214943377163,0.000175324901853682,0.00079496899634621
"Os07g0133100",14.4426365555796,7.9696868085234,2.1242967102286,3.75168250750893,0.00017565181635382,0.00079632529148254
"Os08g0266400",168.939905653921,1.29832566593276,0.346076928103263,3.7515522142677,0.000175743142318546,0.00079661327538538
"Os02g0771800",3977.36002927167,0.640238360570473,0.170668836377151,3.75134895251555,0.000175885703004725,0.000797133369581046
"Os11g0217500",3064.70558936235,0.807553881391715,0.215292858317756,3.7509552694954,0.000176162127856137,0.000798259890452956
"Os04g0506700",655.317432800505,1.97278258002901,0.525954568321469,3.75086119381936,0.00017622824361796,0.000798306978046135
"Os11g0487100",355.998622754225,1.94987092618484,0.519844964835902,3.75087008258386,0.000176221995655079,0.000798306978046135
"Os07g0621300",3313.75435497927,0.537546086291062,0.143347685317899,3.749946049697,0.000176872619538193,0.000801099319476494
"Os03g0359700",2159.83570798043,1.16305118038332,0.310219071938684,3.74912855329927,0.000177450112236464,0.000803460906415797
"Os09g0400200",486.455176306696,2.73930065395438,0.730672474613023,3.74901306553961,0.000177531837445787,0.000803703935297311
"Os04g0469500",1199.06514601663,1.08940580987311,0.290610809099915,3.748676152987,0.000177770456757681,0.000804657050082318
"Os05g0127500",302.623067969733,1.22899758338057,0.327856088032327,3.7485885674918,0.000177832538817081,0.00080481091489291
"Os02g0806700",8804.50948203656,0.479037821902243,0.127798381624108,3.74838723162576,0.000177975326339872,0.000805202755453971
"Os01g0511100",1464.92976452321,1.630586475389,0.435053431671291,3.74801428211927,0.000178240107211447,0.000806146101313716
"Os04g0390600",729.434065630891,0.860161937705448,0.229587122931734,3.74656002793855,0.000179276118192349,0.000810440962859512
"Os05g0148950",119.462773588928,1.90853017948042,0.50941376278204,3.74652260876785,0.000179302850187297,0.000810440962859512
"Os03g0223700",4883.54350302755,0.823764215098308,0.219978756531201,3.74474439299537,0.000180577524835485,0.000815687725301327
"Os03g0758000",422.675202046632,1.23040722450547,0.328573348597845,3.74469575744994,0.000180612507560118,0.000815717144800205
"Os06g0328900",279.893142648901,1.36614580607516,0.364936945084001,3.74351192576761,0.000181465985370315,0.000819254679476691
"Os12g0566300",12457.6434692205,0.476291737281511,0.127231991740935,3.74349038134464,0.000181481552793472,0.000819254679476691
"Os02g0260900",9.17225526830137,7.08983957873174,1.89414754694768,3.74302392131841,0.000181818912359049,0.000820519054482828
"Os01g0794500",3326.95377185519,0.707344272853556,0.188994941692213,3.74266245710162,0.000182080740798752,0.00082157047735872
"Os03g0756700",1308.73085158785,0.817125860493083,0.218329719842342,3.74262313478503,0.000182109245487409,0.00082157047735872
"Os03g0184000",2743.97605892875,0.666324271259937,0.178150073034313,3.74024135893337,0.000183843635433398,0.000828629515347359
"Os05g0464200",119.923336974881,2.58763716864407,0.691840981344635,3.74021955683347,0.000183859583032292,0.000828629515347359
"Os08g0313200",1294.44014428747,0.702013451284263,0.187696142965085,3.74015917532653,0.000183903757128683,0.000828629515347359
"Os09g0401200",3388.19216217561,0.491202035085152,0.131331927789307,3.740157045994,0.000183905315094718,0.000828629515347359
"Os02g0787600",456.24913683373,2.72783234696654,0.729408863963365,3.7397850255677,0.00018417770134292,0.000829726336301468
"Os04g0485800",2921.65882675605,0.659033125499171,0.176312223573857,3.73787541294948,0.000185581863222714,0.000834346704072994
"Os04g0467100",3042.21351220792,0.904756868039601,0.242103209825029,3.737070932242,0.000186176415355147,0.000836888398612436
"Os07g0299600",801.937863822857,0.92533304618559,0.24770356154386,3.73564691770387,0.000187233226516442,0.000841242967876603
"Os12g0169000",1243.32305042548,1.05183648316731,0.28157160272468,3.73559149072215,0.00018727447461509,0.000841296369813667
"Os06g0476200",60.1290758985819,5.87394688333106,1.57249829214066,3.73542337863833,0.000187399633870145,0.000841462828654976
"Os09g0503400",6101.00779864463,0.382670068487948,0.102442683055356,3.73545535000452,0.000187375825171573,0.000841462828654976
"Os12g0138900",4955.90099544089,0.68823823202616,0.184254481427767,3.73525911930652,0.000187522000694221,0.000841880345329179
"Os02g0748300",6791.3400283935,0.613684050662642,0.164390698540083,3.73308256557476,0.000189150556006036,0.000847863224450083
"Os05g0514200",1531.43108315558,0.893222256131864,0.239305057306463,3.73256740240124,0.00018953795555282,0.000849201173182077
"Os06g0691800",3262.24676464444,1.18751138443701,0.318223811078573,3.73168613753986,0.000190202390814367,0.000851778509161184
"Os03g0113900",69.0586021436584,3.65288936044105,0.979043123077506,3.73108116929377,0.000190659777013988,0.000853426641306794
"Os04g0584550",10.3726649382481,7.55822201212937,2.02627254936393,3.73011124021888,0.000191395249669578,0.000856584925575251
"Os03g0668033",230.465806233584,0.943685568896253,0.252999487134305,3.72999004695728,0.000191487334618335,0.000856729405291153
"Os01g0743600",1689.71688577218,0.721887505325597,0.193577780161627,3.72918578115143,0.000192099486906718,0.000859065787240721
"Os06g0716800",2419.48640930582,0.454333188721325,0.121854896285857,3.728477086842,0.000192640420509617,0.000861215997572404
"Os11g0303500",3253.6886144037,0.474410757386879,0.127247080088041,3.72826438971047,0.000192803047472342,0.000861674140723372
"Os01g0970600",1783.58185342558,1.3289572415542,0.356565979871439,3.72710049913724,0.000193695238321006,0.000865526507856122
"Os06g0704400",4239.22481694502,0.363731277807287,0.0976203480253425,3.72597808924899,0.000194559305384765,0.000868981016038081
"Os09g0133800",1828.96231972202,1.3519135241285,0.362857339428703,3.72574391428049,0.000194740036869156,0.000869652670881399
"Os03g0767900",323.754678388974,0.832385041791078,0.223425957772948,3.72555208037631,0.000194888207920882,0.000870043149477891
"Os01g0595600",211.074934559476,1.85623025609915,0.498267060352891,3.72537220257848,0.000195027240401494,0.000870528196289705
"Os06g0709100",3696.74298227268,0.454090025409564,0.121934537085192,3.72404764281268,0.000196053902660682,0.00087429360607531
"Os01g0626400",255.508574517307,2.5703155911412,0.690425795319627,3.72279774099589,0.000197027352963057,0.000878224598179451
"Os03g0189100",1234.98033917416,0.986263572761961,0.264922887785757,3.72283263633888,0.000197000114206186,0.000878224598179451
"Os02g0745600",3163.09560070068,0.426440350638454,0.114552538033369,3.72266174071352,0.000197133546424285,0.000878561264916568
"Os09g0123300",3868.70618374882,0.316891301169031,0.0851675754985201,3.72079749029063,0.000198594645839054,0.000884522585509181
"Os01g0187900",1577.85089311029,0.981120985335442,0.263725375050372,3.72023733077655,0.000199035652854307,0.00088634900926043
"Os03g0315400",344.287842815962,2.19912331484477,0.591166157485961,3.71997497995646,0.000199242514807014,0.000887132328554866
"Os01g0959200",60.2409831464492,3.8387458675842,1.03208220412605,3.71941871707283,0.000199681792936219,0.000888811982477638
"Os08g0482100",5141.22946342861,0.657886072024495,0.176904559148873,3.71887573270995,0.000200111462546704,0.000890586148631277
"Os10g0579600",2325.20910129851,0.674399283410719,0.181382917091336,3.71809701941845,0.000200729183434286,0.000893057851515396
"Os04g0685600",4440.54275987208,0.350759743147517,0.0943468636552236,3.71776792103356,0.000200990781651834,0.000894082887111992
"Os04g0429100",2085.10137460216,0.707183936255373,0.19026529665039,3.71683091296893,0.000201737358686787,0.000897125376547235
"Os07g0530700",1994.45877014836,0.892501068311813,0.240225388869656,3.71526537020646,0.000202990546951845,0.000902138227278466
"Os03g0758050",168.043902734255,1.47663267375474,0.397664367174095,3.71326373606988,0.000204603472099392,0.000908742626351231
"Os07g0203700",4161.27268032756,0.615829586607177,0.165917906253278,3.71165234972949,0.00020591067261372,0.000913981811266971
"Os09g0255400",227.411238840611,2.18484044214633,0.58879154580354,3.71071979161082,0.000206670768688011,0.000917071529262646
"Os01g0972200",3549.97214906393,1.04310938758642,0.281130388229475,3.71041136518822,0.000206922735866657,0.000918047418403757
"Os03g0140900",121.616290377909,3.29687486011402,0.888938463226082,3.70877737492559,0.000208262435169592,0.000923705153634543
"Os02g0642300",1113.49124967451,0.910161891843443,0.245431805535723,3.70841052917637,0.000208564327642834,0.000924757832810659
"Os02g0551400",2725.34662463332,0.482657937001766,0.130172286049744,3.70783944608089,0.0002090351135132,0.000926701852449357
"Os05g0387750",166.75549377291,1.34203661633394,0.362024332150669,3.70703429894155,0.000209700551354039,0.000929508075092191
"Os05g0443500",8999.50692788694,0.355788018812345,0.0959846301541693,3.7067186511099,0.000209961970361851,0.000930378963007693
"Os02g0654100",1523.58492658971,0.551779214028564,0.148863443991317,3.70661325060267,0.000210049331028686,0.000930622148234718
"Os12g0574700",394.726924979368,1.28508310796173,0.346716650898711,3.7064360901927,0.000210196246437374,0.000930841244655895
"Os01g0812000",779.87970669903,0.668566133494175,0.180390627217643,3.70621325401537,0.000210381176836966,0.000931516222953601
"Os02g0274100",47999.9638654885,0.585535883283122,0.158014754165612,3.7055772821659,0.000210909806740842,0.000933712574588782
"Os11g0114800",35.5878345046046,2.29333207726451,0.619062538729386,3.70452407275609,0.000211787995550236,0.00093731072729462
"Os03g0163200",817.962760870645,0.994509034234655,0.268526788392847,3.70357475388905,0.000212582499630175,0.000940128448274255
"Os10g0537300",4726.93017665283,0.752303959659083,0.203193759253852,3.70239697528909,0.000213572096744669,0.000944040067252123
"Os03g0703200",7717.1519762695,0.728056273734046,0.196655766910576,3.70218623725949,0.00021374961938947,0.000944589649668683
"Os03g0841600",582.954094436044,1.20151995164386,0.324604040715522,3.70149413111236,0.000214333614809817,0.000946530014107718
"Os06g0651100",984.946834089236,0.829050381567192,0.224023612015015,3.70072767825753,0.000214982091761465,0.000949101216201771
"Os03g0732000",976.086158822148,1.98461244559261,0.536485123583579,3.69928700415012,0.00021620599973409,0.000953769715840052
"Os11g0669100",1262.32129641773,0.93204461524771,0.251956945713227,3.69922175635732,0.000216261584805338,0.000953842282849562
"Os12g0273850",9.01120954306855,6.42755386658301,1.73755731853973,3.69918954500151,0.000216289030841603,0.000953842282849562
"Os07g0668100",13.0639374031344,7.44642722913521,2.01342678985443,3.69838489616678,0.000216975702861431,0.000956281777939659
"Os05g0389800",58.2789619796849,2.33235346046778,0.630662136321483,3.69826144006662,0.000217081238893953,0.000956599762656036
"Os05g0570000",9.1159587448314,7.12957357749866,1.92799067076006,3.69792950019203,0.000217365235640795,0.000957703941500853
"Os07g0241800",734.864145806152,0.940477398244248,0.254347600117278,3.69760673114509,0.000217641720622905,0.000958774689312344
"Os02g0244700",58734.6181471255,0.642494802829689,0.173764599563832,3.6975011276314,0.00021773225259274,0.000959026057077198
"Os03g0401951",54.3211948181919,1.89986651025494,0.513941940968736,3.6966559037269,0.000218458122709209,0.000961779676070109
"Os02g0282900",3748.10264431315,0.889682463832168,0.240738161495018,3.6956436748836,0.00021933040472866,0.000965323311257385
"Os09g0103700",2426.28985608659,0.52465299915307,0.141996059179982,3.694841970847,0.00022002358771463,0.000968065348051624
"Os01g0292900",5489.09913466608,0.812019364638995,0.219820710429339,3.69400755303271,0.00022074724027322,0.000970813496286769
"Os03g0617500",1830.99999651018,0.693921048262758,0.187959569102697,3.69186337027414,0.00022261705372362,0.000978285862467661
"Os03g0709000",16928.8967856776,0.863701670676611,0.233975075021673,3.69142598029558,0.00022300029663416,0.000979669503091378
"Os01g0565600",1290.49326577019,0.606922906799734,0.164451807574966,3.69058215746924,0.000223741408317544,0.000982623977791888
"Os05g0596500",1700.41003906325,0.929996097884065,0.252077418462744,3.68932728506784,0.000224847812992586,0.000987331729940776
"Os06g0708700",6017.83397106406,0.807531920328268,0.21901934099967,3.68703474607516,0.000226882388127481,0.000995384659527285
"Os10g0497900",1108.66678944154,0.522085368952536,0.141600674151727,3.68702601227105,0.000226890172112687,0.000995384659527285
"Os02g0161000",993.969671135625,0.565506172638639,0.153465881128299,3.68489835317774,0.000228793930540728,0.00100281531250618
"Os07g0598900",2111.22994986176,0.840621272700298,0.228158566306787,3.68437304944308,0.000229266257087503,0.00100473184430577
"Os02g0176100",5803.19816190298,0.708437998293048,0.192287599767479,3.68426252732739,0.000229365749441086,0.00100499071775213
"Os12g0160400",6616.55763200712,0.653170535146239,0.17734100831768,3.68313308547442,0.000230384802074841,0.00100901640920947
"Os07g0562950",847.585151179291,0.770666712694262,0.20928702378668,3.68234350486908,0.000231099732694457,0.00101199289945921
"Os11g0293900",6509.14869271443,0.714524076240901,0.19413975099368,3.68046251519175,0.000232811283354241,0.00101933204319464
"Os02g0193000",426.810112371948,1.2746460362709,0.346357916104583,3.68014119788739,0.000233104843406201,0.00102046141684866
"Os04g0287400",1304.46450450594,0.931563489060665,0.253192116693218,3.67927525243371,0.000233897713924173,0.00102346324058574
"Os12g0507000",4741.92413435239,0.671432137577242,0.182506547726584,3.67894821276838,0.000234197813361044,0.00102430709027944
"Os03g0568900",4336.38128071232,0.862769267595422,0.234568760092759,3.67810814728374,0.000234970334486993,0.00102737219956071
"Os03g0140200",862.123061727189,0.622562993105234,0.169290434276748,3.67748476613568,0.000235545138345528,0.00102957121340596
"Os01g0720800",522.005580097248,1.18208597420076,0.321550349131619,3.67620802587561,0.000236726508868383,0.00103426165478757
"Os03g0302200",3799.58722732412,0.451221765053561,0.122744630654855,3.67610185998562,0.000236824994357699,0.00103453418788486
"Os11g0673900",105.05755801109,2.55028640861385,0.693918633513017,3.67519516762769,0.000237667661105186,0.00103726638628877
"Os03g0151300",3343.22507999999,0.505162522301737,0.137519613858112,3.67338525850535,0.000239358184163432,0.00104416727963621
"Os08g0162400",725.56871242671,0.781440544115978,0.212756571182462,3.67293259039134,0.000239782753363395,0.00104576261974922
"Os01g0290650",927.517418496611,1.04547070683166,0.284662295533654,3.67267011906765,0.000240029255558745,0.00104661668395513
"Os05g0292200",3091.38610791104,0.338946467893146,0.0923671298888235,3.66955721479183,0.000242970954623041,0.00105783373223817
"Os10g0350500",2811.25262342737,0.478553795590716,0.130411417280084,3.66956977825743,0.00024295901444707,0.00105783373223817
"Os01g0667100",598.023019558626,0.760264665128181,0.207209500381449,3.66906277814781,0.000243441299003017,0.00105967632454685
"Os10g0511600",1596.59023379751,0.96181936914033,0.262207239275709,3.66816481420249,0.000244297693104997,0.00106296393361342
"Os08g0298901",45.5187908321276,2.56804096649006,0.700111386483389,3.66804627959153,0.00024441095126056,0.00106329525896106
"Os02g0539500",386.920596634814,0.784544833531007,0.213960631902327,3.66677190357688,0.000245631715031749,0.00106828170903001
"Os01g0743800",1713.5299672845,1.14201828931031,0.311471860541777,3.6665215513333,0.000245872206291612,0.00106900310389488
"Os09g0392000",4279.61450837647,0.727582312128262,0.19845383147555,3.66625479950938,0.000246128694210718,0.0010699559014604
"Os06g0296700",564.516181247619,1.02574707589794,0.279796031118028,3.66605298795407,0.000246322907333802,0.00107047534368695
"Os01g0588100",6659.52961875277,1.46592032405694,0.399884762514008,3.66585692048115,0.000246511730308187,0.00107113346933427
"Os06g0670400",330.646446622696,0.888662210694761,0.242466067110945,3.66509929114385,0.000247242642708235,0.00107398365659132
"Os11g0100300",367.786068583372,1.01927878139777,0.278101185132403,3.66513641756866,0.000247206778189912,0.00107398365659132
"Os07g0421000",292.171334922407,1.08280127501915,0.295532435153825,3.66389995215094,0.000248403845663859,0.00107853720047899
"Os06g0105500",1309.48533557459,0.529627360393501,0.144566515729148,3.66355485377944,0.000248738917269621,0.00107966481708971
"Os02g0128400",549.528546936473,0.916857557617612,0.250306604615713,3.66293793575775,0.000249338967397377,0.00108190234007157
"Os02g0273700",3737.81861342002,1.25257413546848,0.341961628513215,3.66290844067634,0.000249367689998348,0.00108190234007157
"Os08g0192300",54.0885313760598,1.4773614381323,0.403447332040173,3.6618446097078,0.000250405736019039,0.0010859126908457
"Os04g0534200",3462.67586386571,1.03097771410004,0.281553127914895,3.66175194619637,0.000250496345186282,0.00108614123521146
"Os02g0473200",4050.86932180815,1.4292243292933,0.39032902593959,3.66158864525359,0.000250656100608741,0.00108666948019998
"Os01g0383700",8820.13119117453,0.636727204834566,0.173974066110626,3.65989724255618,0.000252316410285174,0.00109337111123575
"Os03g0840500",523.864662962667,1.12726899404402,0.308065379384958,3.65918752796751,0.000253016145397928,0.00109590606166915
"Os01g0118700",2533.32209665568,0.447723748772007,0.122361134795092,3.65903560408927,0.000253166169326662,0.00109622443456967
"Os01g0633500",22.6808461276402,6.28350534167191,1.7178476489469,3.6577780023298,0.000254411250983141,0.0011007839267848
"Os12g0611100",1281.74533129266,1.16661827444397,0.318941230354188,3.65778445498698,0.0002544048479348,0.0011007839267848
"Os10g0163100",901.423266778593,0.888059370937681,0.242807216015354,3.65746696293213,0.000254720078353335,0.00110195374980821
"Os09g0436800",1439.99919900116,1.11200820617566,0.304049353111118,3.65732797914969,0.000254858187329924,0.00110221838239653
"Os07g0456700",3989.34436354544,0.520837153553571,0.14244784975341,3.65633566568529,0.000255846297297678,0.00110599096411784
"Os05g0169500",415.953197353767,1.89491015770407,0.518262189762724,3.65627706426281,0.000255904762677513,0.00110607682308585
"Os10g0476900",831.209617364816,0.669286130288482,0.183099266587142,3.65531846611713,0.000256862915897086,0.00111005071889643
"Os03g0169800",1089.54177044007,0.879177223926904,0.240582368788771,3.65437096805217,0.000257813279194947,0.00111348599268822
"Os10g0481300",1518.25309297586,2.04337919747864,0.559444657187465,3.65251356184447,0.00025968587670928,0.00112056020172806
"Os05g0573800",388.88316555135,0.81319869079598,0.222676237092229,3.65193296516488,0.000260273833258356,0.00112275908920783
"Os03g0265300",3557.87303872903,0.743395958005038,0.203683485253596,3.64976059340046,0.000262484833027239,0.00113144507836565
"Os01g0148050",7874.39460377454,0.605145290805055,0.165831514202313,3.64915736140951,0.000263101908013345,0.00113333437970551
"Os07g0587400",9179.2113379387,0.471160630851528,0.129115568279561,3.64913880742383,0.000263120909318759,0.00113333437970551
"Os05g0130300",61.1143550112456,4.41223722984197,1.20924824311409,3.64874396549002,0.000263525575669673,0.00113490677800804
"Os11g0245100",768.840862119283,2.00151075735278,0.548620069439614,3.64826383292397,0.000264018440982896,0.00113685848678118
"Os03g0248200",791.481629932648,1.318520571628,0.361438136086261,3.64798409460955,0.000264305996031052,0.0011379256796817
"Os09g0361333",25.2898627314346,3.226818295708,0.884596890040579,3.64778390251855,0.000264511962312689,0.00113834432735338
"Os05g0155300",2668.34736956801,0.34021848685333,0.0932950031410261,3.64669570072312,0.000265634185888928,0.00114261382586542
"Os05g0156800",7086.71721137229,0.665074411816164,0.182410762872215,3.64602615187828,0.000266326883996632,0.00114542147707468
"Os12g0605800",4740.36654128548,0.781299715424567,0.214303625528455,3.64576060483319,0.00026660208086281,0.00114643296126088
"Os06g0602500",405.132258212971,0.983297044994797,0.269721493209689,3.64560136937383,0.00026676723067139,0.00114697099237645
"Os03g0263700",2715.61283758554,0.648386603358728,0.177966290645316,3.64331133164399,0.00026915295757207,0.00115618748730959
"Os05g0105200",613.1105061541,0.609425036917043,0.167283521788481,3.64306675517999,0.000269408932307564,0.00115711358544091
"Os01g0530316",176.058184087942,0.951115747842795,0.26108124038891,3.64298770155221,0.000269491718947183,0.00115712224355982
"Os05g0514800",203.815135669225,4.26098547307987,1.1696312637797,3.64301605559888,0.00026946202324455,0.00115712224355982
"Os04g0555300",2738.80813483967,0.778241429752577,0.21365292888804,3.64254978297253,0.000269950748673653,0.00115891951618183
"Os08g0411200",285.807447875114,1.01288812840665,0.278112631577711,3.64200691878184,0.000270520800604688,0.00116084498710881
"Os03g0386600",255.350307478429,1.22920085062229,0.337514334191721,3.64192191589724,0.000270610162709946,0.0011610545645351
"Os09g0360900",719.977225359291,1.08462181379444,0.297832997320522,3.64171137366353,0.000270831621379821,0.0011617316306885
"Os03g0188100",791.789201846182,2.1379038437634,0.587069998236749,3.64165065526179,0.000270895519531363,0.0011617569863213
"Os06g0147200",10.0229667552498,7.50852954473462,2.0622528103844,3.64093553754695,0.000271649151124915,0.00116450368645487
"Os02g0570400",901.348330213843,4.63732922640187,1.27391521508591,3.64021810202584,0.00027240719970719,0.00116736630062974
"Os06g0712400",5737.58205884749,0.56285439196029,0.154665763099516,3.63916603571881,0.000273522408287417,0.00117179486277677
"Os02g0665400",1292.71017700508,0.609770449572476,0.167571534707202,3.63886653325654,0.000273840667712225,0.00117280759511071
"Os06g0714300",686.398022430587,0.819435440694158,0.225265588995314,3.63764143626573,0.00027514610579468,0.00117787034561918
"Os11g0700500",7505.79234217439,1.71151273603842,0.47051139374461,3.63755853480441,0.000275234654238665,0.00117807339606308
"Os08g0452900",1059.17436942461,1.04520656356454,0.287562998740746,3.63470463217299,0.000278299290935703,0.00119030172919686
"Os01g0612600",10168.4992921548,0.389422285364723,0.10714442492939,3.63455481348058,0.000278461052459037,0.00119081583209796
"Os04g0668900",569.883046833689,0.849898895582357,0.23384962307536,3.63438214868737,0.000278647590552907,0.0011914357207166
"Os05g0316800",505.025185121086,0.627698872277253,0.172738057471053,3.63381921428891,0.000279256569261527,0.00119368330933631
"Os11g0230700",10.7608679743538,7.2569420048586,1.99703828063,3.63385222769455,0.000279220821179651,0.00119368330933631
"Os03g0838100",1880.76382297606,0.704898600846698,0.194024151062983,3.63304566459811,0.00028009542478771,0.00119709041035463
"Os07g0539700",201.552053821289,3.0211103617113,0.831628275838257,3.63276532254282,0.000280400016821561,0.00119821346487269
"Os07g0147700",589.321877353925,0.989166321646085,0.272301806628799,3.63261020517031,0.000280568685417026,0.00119857670710729
"Os07g0192000",2092.56197728548,1.18927490896059,0.327433982997874,3.63210592276341,0.000281117679654692,0.00120074295728477
"Os02g0741900",3340.21843148135,0.249708037423654,0.068751370126869,3.63204452453616,0.000281184590406958,0.0012008497368222
"Os12g0182300",2052.25340206334,0.90008582781861,0.247831557040748,3.63184510708061,0.000281402015147053,0.00120159918599007
"Os10g0488400",282.634155524573,2.02512483913313,0.557638459643832,3.63160898268493,0.000281659665142438,0.00120234394940546
"Os11g0236100",259.663504170926,1.64570186150771,0.453160612041164,3.6316083476342,0.000281660358383689,0.00120234394940546
"Os04g0421800",3347.27227289013,0.374411086504734,0.103111745807988,3.63111965150848,0.000282194308636679,0.00120444381514347
"Os03g0356526",61.801979353888,2.96612586126492,0.817005195348612,3.63048592365351,0.000282888133312787,0.00120686581234038
"Os03g0802300",2759.17334655043,0.809426824123772,0.22296594382702,3.63027110880994,0.000283123681693013,0.00120769089293854
"Os08g0404500",341.663360220645,1.80916881432367,0.498428710154338,3.62974438965096,0.000283702016781586,0.00120997769943823
"Os04g0403701",18790.6736978606,1.22687751788178,0.338020204568235,3.62959817579222,0.000283862755063279,0.00121048305671574
"Os06g0698300",300.774242193677,1.52180388237274,0.419301332597023,3.62938002831318,0.000284102731256353,0.00121114587947583
"Os06g0314501",301.991645033956,1.59226647992429,0.438751515557485,3.62908485433066,0.000284427744154357,0.00121235104515184
"Os11g0575500",9.05639397229464,6.04221415568025,1.66521438725551,3.62849024241172,0.000285083522946944,0.00121496550639236
"Os01g0702400",2028.79092024732,0.748447888094971,0.206302420639333,3.6279161716839,0.000285717991323188,0.00121730734385011
"Os07g0185800",2315.55754097571,0.372362436249762,0.102656806524463,3.62725520943443,0.000286450131433726,0.00122006379750842
"Os06g0154500",4992.97792379816,0.467103323632134,0.128788578557163,3.626900217901,0.00028684407653368,0.00122156011903136
"Os04g0451700",76.6435502350853,2.81607086926339,0.776885865872944,3.62481928551902,0.000289163578985551,0.00123052352073281
"Os06g0697200",17.1443317667227,7.85111143271626,2.16596339623301,3.6247664417463,0.000289222709206807,0.0012305923766251
"Os10g0318000",858.805085889328,0.981053916375968,0.270672032431669,3.62451158164497,0.000289508047294279,0.00123144070235684
"Os03g0297000",1565.79179972697,1.55454647141239,0.4289779654848,3.62383757789413,0.000290263924653401,0.00123447260934678
"Os03g0355300",1611.12927860869,0.641672945693016,0.177085534628677,3.6235198263851,0.000290620915438135,0.00123580743085982
"Os05g0319900",39.0738312961251,3.56720873477852,0.984799591850929,3.62226869740468,0.000292030548779187,0.00124124896656598
"Os03g0137300",1478.90200112009,0.962344409980273,0.265689560706058,3.62206331111726,0.000292262566372336,0.00124205088277962
"Os04g0395100",45.4101595415141,4.153062856774,1.14682929642084,3.62134353363257,0.000293077037079558,0.0012451428330966
"Os01g0179500",2357.76806919915,0.546254561481811,0.150858837793774,3.62096493298291,0.000293506298868184,0.00124659686854005
"Os01g0677900",256.494559740681,1.61401138755733,0.44586257152009,3.61997505656203,0.00029463141668711,0.00125063397791394
"Os04g0398800",2408.54400353142,0.860367656342383,0.237670514647547,3.62000165488875,0.000294601131631164,0.00125063397791394
"Os06g0587500",477.658822302635,2.03682265162008,0.562653849001588,3.62002793588697,0.000294571210751772,0.00125063397791394
"Os06g0320700",2078.44100439975,0.534597009712817,0.147802042005164,3.61697986347264,0.000298060481526985,0.00126369176038934
"Os01g0729900",6127.74193164536,0.734752134863959,0.203166673733575,3.61649930749709,0.000298614116260768,0.001265851702782
"Os03g0327800",576.963987783813,1.79047610856654,0.495092151760594,3.61645019457376,0.000298670752062201,0.00126590449527902
"Os02g0620400",397.812744182997,1.0196375427545,0.281997188446126,3.61577201663943,0.000299453839286414,0.0012690358531629
"Os08g0522300",7.6512698308064,6.66339210572492,1.84318583238412,3.61514937270649,0.000300174494576459,0.00127190174779721
"Os02g0793000",1508.93699495999,0.513430614733271,0.142201878457086,3.61057547413634,0.000305518379527313,0.00129325363771228
"Os01g0644000",2501.02914871049,1.05291687100592,0.291656170173719,3.61013062188524,0.000306042846085792,0.00129523480443872
"Os01g0767000",7375.22576197058,0.474427892831976,0.131467975164957,3.60869551871243,0.000307740539214693,0.00130184289525755
"Os05g0527000",154.689063984754,1.89727625000794,0.525757856863934,3.60865030401048,0.000307794170154405,0.00130187755584057
"Os05g0148800",755.980696345118,4.14316011110077,1.1485662211871,3.607245306952,0.000309465060190833,0.00130855857505722
"Os02g0244600",7999.06207344142,0.578750943679799,0.160479698609463,3.60638104816127,0.000310497093169357,0.00131253507133202
"Os03g0201600",358.508405156102,1.09416264167278,0.303419492417201,3.60610530640632,0.000310827040749818,0.00131354223769378
"Os03g0680800",11298.6204285944,0.638920975213842,0.17718164632794,3.60602234179087,0.000310926378928467,0.00131376826560366
"Os11g0702100",168.333542687436,3.40874410577734,0.94536469583762,3.60574508524151,0.000311258569407228,0.00131459029048584
"Os11g0660300",891.673993683193,0.950099945507649,0.263702685290864,3.60292101106096,0.000314661170400911,0.00132739573826957
"Os03g0790500",217.467531751102,1.91204810688177,0.530871071183763,3.60171840333697,0.000316120684124151,0.00133296392075426
"Os09g0528300",2327.76089730167,0.508651869072068,0.141227764830559,3.60164213943579,0.000316213453190746,0.0013331588965305
"Os02g0627900",93.8720249466625,2.72754903623149,0.757425275531982,3.60108003303135,0.000316897998209182,0.00133565187477045
"Os07g0686800",573.039361318332,1.57265856015866,0.436778414880969,3.60058671989833,0.000317499908054694,0.00133779520082104
"Os04g0228000",737.780177753301,0.530458486950939,0.14739278888619,3.5989446360265,0.000319511195205288,0.00134547836052644
"Os12g0192500",1337.70724915868,0.578788028894019,0.160850831742265,3.59829055669058,0.000320315652988937,0.00134846959880091
"Os12g0481700",396.077052089495,2.13435294359299,0.593152659344931,3.5983197747948,0.000320279676975658,0.00134846959880091
"Os02g0159900",175.457936896246,4.48364006913982,1.24615399007211,3.59798235600109,0.000320695368438175,0.00134967151828593
"Os03g0232000",883.772531783756,0.929895506691473,0.258485495019343,3.59747654939743,0.000321319455472205,0.00135209943283736
"Os08g0133700",615.244987054865,0.748207815634088,0.207994317657315,3.5972512329246,0.000321597826937755,0.00135307209066381
"Os01g0118066",171.914588978284,1.2872330011338,0.357848029620954,3.59714989208486,0.000321723103961396,0.00135340043674966
"Os02g0566700",1183.99008720426,0.518044814403727,0.14402497920492,3.59690948933691,0.000322020471325472,0.00135445251679645
"Os03g0379500",1421.60189661251,6.17619356346677,1.71724985754083,3.59656082447508,0.000322452211203143,0.00135606939019411
"Os10g0494000",2878.31938996315,0.635965923413551,0.176849334026064,3.59608887936113,0.000323037467878114,0.00135799905174322
"Os11g0132700",2768.43155295197,0.473956245601039,0.131798166480221,3.59607616902748,0.000323053243636808,0.00135799905174322
"Os11g0642900",8.4449017336083,5.9407956981948,1.65374732220841,3.59232369928283,0.000327742380638335,0.00137649878188941
"Os04g0548100",157.037894799123,1.755221751883,0.488663832728637,3.59187980432697,0.000328301271644958,0.00137864400339606
"Os06g0149500",1004.97172946114,0.478212368327175,0.133160048534655,3.59126009332087,0.000329083017753374,0.00138172430021537
"Os03g0158600",108.57117801723,0.975669865222167,0.271706389795355,3.59089775531972,0.000329540902520401,0.0013834440936285
"Os04g0107500",1141.94645796398,0.802984678237694,0.223761049217368,3.58858112726158,0.000332482534908519,0.0013953844426833
"Os05g0488800",1257.28466364531,0.518260816828185,0.144496000036449,3.58667933159017,0.000334915763256395,0.00140477330534654
"Os02g0582300",854.385704807638,1.0577105954152,0.294920212566063,3.58642965231918,0.000335236446730112,0.00140591256904437
"Os03g0259400",11.4281975139353,5.92332453417179,1.65176625463214,3.58605493819763,0.000335718261857951,0.00140772715333734
"Os06g0606000",3447.68743384363,1.10178620980217,0.307291693675782,3.58547345234996,0.000336467231383156,0.0014102508392762
"Os12g0257600",13.3673821986752,7.83284869455352,2.18470260467195,3.58531576691634,0.000336670603788466,0.0014106882333646
"Os07g0130200",85.061225460255,2.43547149154801,0.679665517047826,3.58333831930542,0.000339230771089594,0.00142058463216297
"Os09g0376350",332.556185673519,1.18619558232012,0.33104336666961,3.58320299317151,0.000339406639721954,0.00142111340659264
"Os03g0326000",1357.51091892642,0.544046817272624,0.151841382181327,3.58299436857688,0.000339677933506162,0.00142204151823766
"Os09g0422600",1549.30535447513,0.91355462143952,0.255000198879921,3.58256434878199,0.000340237768055975,0.00142417714102846
"Os09g0293500",3375.69707738863,0.682980102297981,0.190652484965974,3.58232992567537,0.000340543322458106,0.00142524792215449
"Os07g0110400",3638.61183828006,0.654242445989772,0.182673949233072,3.58147644333802,0.00034165794814582,0.00142949525850964
"Os02g0536400",1453.76766035883,0.535427137687245,0.149508438851007,3.58125027458032,0.000341953890188444,0.00143052458193595
"Os08g0138400",11.9000590219711,6.90961237410895,1.92954958184816,3.58094574978001,0.000342352740032535,0.00143177502662563
"Os08g0292900",4901.21344858106,1.06226023232337,0.296667265589676,3.58064523975018,0.000342746758158689,0.00143300454031268
"Os10g0577800",27321.6125229775,0.870950013340903,0.243263255422256,3.58027771941599,0.000343229214502594,0.00143460298379698
"Os12g0446500",2438.70361571631,0.842974828646385,0.235495083143324,3.5795856855888,0.000344139395522293,0.00143735888637095
"Os10g0518800",4305.21620489001,0.502336308024951,0.14038047854267,3.5783914775035,0.000345715361290038,0.00144309972780917
"Os07g0573300",3256.25575748788,0.594563459887984,0.166192055537006,3.57756848224067,0.000346805373673247,0.0014472280172569
"Os06g0704000",237.753974936739,1.5350290845621,0.429214504700054,3.576368151013,0.000348400911710997,0.00145346285998012
"Os10g0562000",503.778796088144,0.780711337949097,0.218302979522796,3.5762743122229,0.000348525935679366,0.00145377276300556
"Os03g0197200",136.470260237511,3.20810125335364,0.897313597276049,3.57522861917215,0.000349921983226288,0.00145895876941205
"Os10g0481500",410.234374653067,1.76043864748942,0.49243659053775,3.57495499180308,0.00035028815057585,0.00146027296526979
"Os02g0282000",126.771713630264,4.29344364884798,1.20171543470709,3.57276234027441,0.00035323531930705,0.00147170254017531
"Os08g0432000",401.58954456366,1.73811851380714,0.486664010092891,3.57149589400575,0.000354948113832427,0.00147840868694966
"Os05g0554400",1299.4470392388,1.47357404309013,0.412675070487393,3.57078522177208,0.000355912655528001,0.00148134941984141
"Os12g0482100",362.758412280339,2.08967084065952,0.585206462725118,3.57082666334305,0.000355856342782536,0.00148134941984141
"Os03g0728100",1509.00394541226,0.606035404106546,0.16973887692389,3.5703983382563,0.000356438773161071,0.00148317246794044
"Os12g0183200",1647.16055722029,0.78793198754996,0.2206853168529,3.57038700529027,0.000356454195666546,0.00148317246794044
"Os01g0873700",1788.91414561779,0.652132595632107,0.182662726940212,3.57014595454693,0.000356782378230377,0.00148432244824405
"Os04g0432500",2504.72684016096,0.519012674363432,0.145401845287997,3.56950541676707,0.000357655822668014,0.00148767366476229
"Os02g0220400",47.2514252478477,3.23452933408538,0.9062110656123,3.56928916101891,0.000357951162649619,0.00148811013076605
"Os02g0687600",154.049621425948,1.44738171383643,0.405529749251862,3.56911352744556,0.000358191192832814,0.00148877720556072
"Os07g0490100",23.4888321645966,3.69890198172379,1.03636979491947,3.56909473805265,0.000358216880327222,0.00148877720556072
"Os05g0318100",298.313465781044,1.42597088822222,0.399733008108132,3.567308326553,0.000360667015652004,0.00149787379800858
"Os12g0527500",15.8198267114736,8.05560064711005,2.25817185915353,3.56731070509826,0.000360663742987773,0.00149787379800858
"Os02g0212975",10.977869857427,7.31426380936916,2.05055450566585,3.56696873414447,0.000361134549353713,0.00149959813160617
"Os01g0888900",1270.96068437885,1.71940072964842,0.482169054895579,3.56597071543876,0.000362511853407398,0.00150444519464495
"Os01g0851000",727.832606578539,0.609361395396334,0.170904014043564,3.56551833382338,0.000363137773755915,0.00150678105058441
"Os03g0758600",5083.02433925166,0.406351869330829,0.113968095696937,3.56548792752839,0.000363179880473821,0.00150678105058441
"Os03g0107700",1153.32568864364,0.771371201576605,0.216346289665865,3.56544687116171,0.000363236742683028,0.0015067987767995
"Os08g0440800",4539.45594233772,1.48504771068475,0.416547902756022,3.56513068691302,0.000363674930246279,0.00150796151974188
"Os09g0516900",2827.81101304934,0.794272587585797,0.222830700092739,3.56446659843205,0.000364596874588282,0.00151134688233557
"Os02g0227600",28.244696203631,3.30090090834517,0.926132164084147,3.56417910569971,0.000364996673960112,0.00151256648861804
"Os05g0422300",847.87044660532,1.06053488623603,0.297597866561322,3.56365083691722,0.000365732375347673,0.00151539609811446
"Os01g0283500",572.789809444637,0.987288439716956,0.27707806734527,3.56321396773237,0.000366341834896244,0.0015177018874273
"Os01g0695300",801.604586241555,1.44742882182094,0.406267749444978,3.56274605552211,0.000366995654478184,0.0015199710164945
"Os06g0681400",50042.43274548,0.620598722511277,0.174198736048853,3.56259027239575,0.000367213574154856,0.00152065375439875
"Os02g0196600",9637.29734795831,1.05933518835537,0.297357355415303,3.5624986873987,0.000367341745732335,0.00152096469634724
"Os12g0548800",634.473355576834,1.03125220237295,0.28952162243353,3.56191773762844,0.000368155749272637,0.00152389461545212
"Os02g0829200",2586.2277429559,0.428212823802541,0.120244050743545,3.56119759068852,0.000369167131236526,0.00152786026927473
"Os01g0911300",1905.65754313237,0.373946344909258,0.105059937720888,3.55936195110565,0.000371756884249426,0.00153658082047238
"Os10g0167200",1076.75111264055,1.57730368158325,0.443213591862123,3.55878905914493,0.00037256860145378,0.00153882594332618
"Os07g0639600",14003.6070726442,0.603969800687669,0.169745269165554,3.55809504239327,0.000373554156857702,0.00154267421480064
"Os08g0562600",1466.86192680638,0.727870564492129,0.204820590799713,3.55369819826312,0.000379854851948559,0.00156666204376423
"Os04g0528100",587.347590564937,1.04656297864805,0.294525529637397,3.55338628857242,0.000380305572004677,0.00156829522871013
"Os03g0640400",1014.96313905588,0.645402618890761,0.181663570376699,3.55273551847764,0.000381247566717821,0.00157172737864734
"Os06g0729300",1831.57078698283,1.07959637688149,0.303891057900339,3.55257698051629,0.000381477381753658,0.001572448560208
"Os01g0355500",1808.50339946221,0.804918380932774,0.226656896679269,3.55126357382266,0.00038338626851517,0.00157940810431296
"Os06g0716100",837.864344432319,1.42056998331265,0.400033298964638,3.55112933595616,0.000383581869961883,0.00157998673636399
"Os08g0566000",3393.46388170771,0.486014132078202,0.136870222334793,3.55091212527865,0.000383898570794062,0.0015810639428477
"Os02g0530600",544.668885833037,0.999279503661616,0.281431116160376,3.55070724692776,0.000384197514603029,0.00158206771894308
"Os09g0512900",5178.22346879143,0.711039028044616,0.200262728165928,3.55053101771131,0.000384454829687571,0.0015828998103475
"Os04g0388700",2561.43410620007,0.730161549900046,0.205693707933081,3.54975150789538,0.000385594937384831,0.00158736582556756
"Os05g0272400",10.0442663090849,7.51211770374949,2.11631667010826,3.5496189251135,0.000385789166522854,0.00158770916392025
"Os01g0935500",1290.78549005027,0.758638527153619,0.213737173826212,3.54939907538246,0.000386111440211903,0.0015888072648214
"Os04g0597600",34.2246355963378,2.62675025393091,0.740309701235265,3.54817753914067,0.000387906655053105,0.00159550695960114
"Os03g0398600",387.588117662865,1.22652138214573,0.345693334767994,3.54800413773927,0.000388162123469767,0.00159632857207633
"Os02g0241100",1387.23612998517,1.18328004433203,0.333738828106977,3.54552705492434,0.000391828762227811,0.00160979032052642
"Os11g0704800",1582.43127085031,0.692835342113819,0.195418185555558,3.54539850088233,0.000392019931667935,0.00161034481464512
"Os03g0695700",3343.82744851665,0.355797883648444,0.100368212901547,3.544925961743,0.000392723381800207,0.00161300320174019
"Os02g0584800",458.716633558953,1.71653602652763,0.484263878171869,3.54462949623183,0.000393165320103301,0.00161458689287656
"Os03g0421400",4124.43307922692,0.39737241264639,0.112111887687736,3.544427097269,0.000393467301174092,0.00161559545904845
"Os05g0179950",260.146529521449,1.35548235286876,0.382458387738016,3.54413028012151,0.000393910547005978,0.00161695200470133
"Os05g0129300",10978.010599506,0.451978289824922,0.127603123802928,3.54206289277812,0.000397010803755714,0.00162804544857717
"Os05g0527100",87.83469474486,2.08548336538742,0.588770921674072,3.5420964056066,0.000396960366600421,0.00162804544857717
"Os01g0193900",2507.07740951797,0.655858234905698,0.185172155772853,3.54188367126981,0.00039728063563449,0.00162891882830558
"Os01g0256300",10.125125212343,7.47131639374491,2.11007988239056,3.54077419347768,0.00039895485777171,0.00163484762369494
"Os03g0193075",753.436343016318,0.622613649861825,0.175955135425437,3.53847955819207,0.000402438440067065,0.0016484154660188
"Os01g0966700",3462.2464783647,1.31803604955073,0.3725404412288,3.53796770413239,0.000403219373852711,0.00165114213228925
"Os12g0556400",1298.05937820913,0.978999934429472,0.276711978083316,3.53797454382225,0.000403208929238316,0.00165114213228925
"Os03g0849700",335.256829192948,1.03226429587729,0.291790601283975,3.53768864156345,0.000403645734633685,0.00165265184177256
"Os04g0475600",4851.77024134621,1.89510891678285,0.535778921624721,3.53710987926893,0.000404531329134332,0.0016558045203367
"Os03g0650900",1325.04464175451,0.767741781751533,0.21706377681582,3.53694104568616,0.000404790012009522,0.0016566266853445
"Os02g0805500",488.427559484014,0.852619720523726,0.241105659813819,3.53629077468409,0.000405787786493944,0.00166047295895808
"Os12g0177500",3194.33999654095,0.729611499574235,0.206365485340871,3.53553065508544,0.000406957024687351,0.00166454427856417
"Os11g0676100",51.0399609188427,4.73150670917943,1.33841045983409,3.53516865802583,0.000407514964716092,0.00166635061639011
"Os01g0859500",4596.33113236213,1.01604320311991,0.287415975241609,3.53509648260089,0.000407626292894022,0.00166656799999993
"Os11g0704500",64268.2336829816,1.28815538514823,0.364462427364635,3.5343983039971,0.000408704677582798,0.00167026193440341
"Os05g0358500",1850.56381669344,0.604188049775263,0.17101188602292,3.53301787277105,0.000410844695805875,0.00167781103538055
"Os08g0430000",5075.50161112729,0.559293142329361,0.158326338130036,3.53253380918849,0.000411597592280255,0.00168037446530895
"Os04g0517400",1720.37722658599,0.706957261381944,0.200149310338463,3.53214937481644,0.000412196446697878,0.00168182539046792
"Os12g0193200",3164.81568918187,0.557774227813469,0.157917776940784,3.53205470985462,0.000412344036298372,0.00168201613439934
"Os07g0190900",1771.67809646075,1.03191676106148,0.292232933856895,3.53114465040688,0.000413765405761405,0.00168757386560509
"Os05g0520600",8.85210076129745,7.09903147154245,2.01047927004629,3.53101450848533,0.000413969040521089,0.00168816409749648
"Os11g0431400",659.029559633998,2.02364266430926,0.573141467951206,3.53079087357458,0.000414319183612289,0.00168911116233058
"Os05g0445100",249.023336091305,1.97765355685679,0.560156240198913,3.53053918698562,0.00041471357776525,0.00169046548964258
"Os11g0582300",281.938987757464,3.01689462305333,0.854522462504594,3.53050359169126,0.000414769384063498,0.00169046548964258
"Os05g0591600",566.992756501416,0.968529834607484,0.274357145398928,3.53017900517662,0.000415278594440041,0.0016920594834892
"Os06g0652000",2163.33650400994,0.382041863632774,0.108256190298247,3.52905328166679,0.000417049153624654,0.00169854901914053
"Os02g0671200",1200.14484033641,0.881261404043367,0.249736532949798,3.52876446883531,0.000417504538926381,0.00169992042764227
"Os02g0747600",1290.41897747047,0.715793184889296,0.202942669047113,3.52707091244141,0.000420184210851934,0.00170982189253636
"Os06g0115800",8490.31461626253,0.544941612161197,0.154516499607689,3.5267535411738,0.000420688163003552,0.00171045228414613
"Os06g0114650",487.368593801814,1.39102517875406,0.394438921182117,3.52659208828889,0.00042094474973287,0.00171125269145094
"Os09g0467200",6549.63102789981,0.81481604035895,0.231058287996151,3.52645233990708,0.000421166960871584,0.00171191314553733
"Os03g0306900",1022.90112402694,1.48509392605557,0.421208354057263,3.52579409157129,0.000422215102436316,0.00171544343661448
"Os01g0232300",2452.5372078041,0.444694288698402,0.126155588190644,3.52496702743274,0.000423535505678073,0.00172007644347104
"Os01g0580000",842.306606793087,0.747399705541913,0.212060720388861,3.52446084391012,0.000424345525873993,0.00172287771111544
"Os01g0855900",343.501677975858,1.1167774050446,0.316861847433222,3.52449313191598,0.000424293813828973,0.00172287771111544
"Os11g0128932",155.221179660296,1.79649904179171,0.509798432201932,3.52393991098057,0.00042518065905026,0.00172577932329056
"Os03g0201400",693.816572920236,1.17682190848939,0.333963579369611,3.5238031365898,0.000425400183027623,0.00172642578528434
"Os08g0549200",73.5955843881335,3.30619758795304,0.938347118946426,3.52342701458415,0.00042600440761792,0.00172838831592589
"Os06g0636100",236.083181305159,2.23267857385437,0.63369486409413,3.52327074174097,0.000426255689100067,0.00172891817725016
"Os05g0390000",771.369328669521,0.640102368683119,0.181690443949127,3.52303816739172,0.000426629917105674,0.00173019113728404
"Os03g0238300",2175.10752751205,1.41707514073257,0.402261979455686,3.52276678658535,0.000427066975168974,0.00173122849073874
"Os08g0386200",587.526639363433,1.0476467495557,0.297430796894055,3.52232102558255,0.000427785779496859,0.00173291646460399
"Os07g0542400",1354.92477844379,0.535674390250926,0.152083928811994,3.52222877483081,0.000427934677886691,0.00173327458168073
"Os04g0525900",4431.40676219513,0.826716253362797,0.234722146450032,3.52210588504818,0.000428133104725307,0.00173383317548968
"Os12g0206700",323.820188018444,0.947741190927907,0.269119248386079,3.52164030113623,0.000428885650127435,0.00173663533740125
"Os02g0200300",642.793912217962,1.30985854096318,0.372099388109935,3.52018461416064,0.000431246521089667,0.00174594818740443
"Os06g0650600",3315.2190632623,1.18251174660519,0.335948452692847,3.51992020539635,0.00043167664603242,0.00174744267619679
"Os05g0101600",306.637547460918,1.11953214368432,0.318123559839474,3.5191739469068,0.000432892777803301,0.00175137586410903
"Os11g0586100",2762.3462453668,1.06621361201217,0.303026666077662,3.518547149045,0.000433916702673319,0.00175527055837864
"Os03g0407900",1123.20664837785,1.8024572550183,0.512568330378022,3.51652091671168,0.000437242206238421,0.00176797399000046
"Os12g0134200",1971.0376897582,0.760577550655617,0.21634781989031,3.51553138386713,0.000438874885074833,0.00177382468714404
"Os06g0245700",3654.28488916114,0.514690601995257,0.146447586841706,3.5145038105106,0.000440576350900128,0.00178019935213517
"Os10g0148800",1459.4516579538,0.491320333626936,0.139796565786925,3.51453793490033,0.000440519748702349,0.00178019935213517
"Os07g0572050",146.75931891267,1.59237393167457,0.453122524550603,3.51422373728575,0.000441041165530666,0.00178182620907849
"Os07g0661300",5898.94320381844,0.381413610956118,0.108578646192202,3.51278657758314,0.000443433511338283,0.00179048153422555
"Os12g0172500",6638.62822149373,0.346865533085542,0.0987426667128257,3.51282322660309,0.000443372353901268,0.00179048153422555
"Os02g0594800",601.291725901681,0.815857503347053,0.232278538994628,3.51241017305487,0.000444062085964653,0.00179276692786519
"Os07g0274800",1722.62268357767,0.745015151489559,0.212154060487188,3.51167048030434,0.00044529975546447,0.00179649797149648
"Os04g0488500",786.315138192116,0.739118287323572,0.210482514195871,3.5115424677784,0.000445514275263621,0.00179711037798864
"Os11g0130600",209.719874895571,1.54903942927216,0.44115596018171,3.51131928181163,0.000445888514742846,0.00179836679679223
"Os09g0252800",10799.4314452362,0.798328104293418,0.227364140329691,3.51123138035662,0.000446035988915851,0.0017987083961178
"Os02g0621500",3686.32781899107,0.833461736441209,0.237389425984739,3.51094718302571,0.000446513104519174,0.00180018525667881
"Os07g0231800",1422.79085310275,2.40256392000138,0.684331643947154,3.51081809711975,0.000446729973543852,0.00180074665193844
"Os03g0661600",1060.06447901024,1.83483626453083,0.522759031379007,3.50990830266602,0.000448261251786386,0.00180641088413271
"Os09g0558300",5996.77470320607,0.443455034512918,0.126354896598318,3.50959912477836,0.000448782744449431,0.00180825807818381
"Os03g0843100",3231.51044619614,0.877640196532011,0.250109302117218,3.50902660997666,0.000449749904766609,0.00181190020688595
"Os01g0627500",5214.93747603357,1.12834293153638,0.321685543487752,3.50759601846807,0.000452175140557481,0.00182051075387782
"Os01g0738600",1912.42971241443,1.48163519349579,0.422441743955428,3.50731246306975,0.000452657289873944,0.0018220759580596
"Os04g0623550",110.750040744002,2.58898888019496,0.738429928460764,3.506072520099,0.000454771294174952,0.00182981422843712
"Os07g0633500",1109.50117880953,0.376604899200086,0.107419621356642,3.50592279551726,0.000455027185190486,0.00183058676075229
"Os02g0190200",823.178737080956,1.08638842345478,0.309904541033282,3.50555825943225,0.000455650767775995,0.00183283810168718
"Os01g0559300",538.921100120801,0.761008138520208,0.217120188239197,3.50500865300384,0.000456592443008704,0.00183636814669924
"Os03g0578300",2300.06813037077,1.38001457776614,0.393827138105645,3.50411244995502,0.000458131859895388,0.00184230091925932
"Os03g0698800",5271.83986628263,0.487884768175252,0.139241040928923,3.50388624589712,0.000458521177602544,0.00184360774356836
"Os03g0204500",23.6545427827424,3.1907417882008,0.910832751519056,3.50310392646662,0.000459870001683151,0.00184747550311633
"Os11g0189900",374.123350488846,0.86934972321902,0.248179617814931,3.50290539921494,0.000460212877897075,0.00184859377225669
"Os01g0109700",12749.6538230307,0.806739489028546,0.230388378816386,3.50165009699338,0.000462386437755514,0.0018565437520419
"Os02g0651900",892.170600746681,2.10147524463678,0.600168301831378,3.50147656619693,0.000462687659336283,0.00185723267235965
"Os08g0378800",752.817730912672,0.837454051099938,0.239270705275653,3.50002751124567,0.000465210143206731,0.0018665734523399
"Os07g0170900",148.547912554407,2.58540985652061,0.738714879813837,3.49987515774984,0.000465476101024523,0.00186737906000485
"Os09g0490200",3821.16114946086,0.662515084865872,0.189320644540775,3.49943391790632,0.000466247157535049,0.00187021049386731
"Os09g0491708",2993.44602826902,0.406900118388108,0.116297628990988,3.4987825798206,0.000467387533974311,0.00187425998928369
"Os01g0749300",1375.87740411384,0.657439228988278,0.187935187071459,3.49822318658346,0.000468369008002682,0.00187793294392567
"Os10g0475900",154.449824302203,2.52474060622729,0.722012856216649,3.49680838019553,0.00047085992080122,0.00188660025881647
"Os07g0151200",457.753226951076,0.79898180708686,0.228543657693023,3.49597015796448,0.000472341521820691,0.00189200744907122
"Os10g0390900",148.049046499509,3.22197126245473,0.921828713921472,3.49519516347936,0.000473715232732252,0.00189697957347931
"Os08g0419000",35.0644076510569,3.66280522568895,1.04797901299887,3.49511314659589,0.000473860829038718,0.00189725918929612
"Os05g0399100",4899.49253602221,0.428275652989529,0.122563159003539,3.49432616188656,0.000475260007183816,0.00190236794158015
"Os12g0137300",751.428088361983,0.922759516650166,0.264098398039122,3.49399891669723,0.000475842949218359,0.00190443528160419
"Os04g0625200",13.1912805756106,7.48140144788617,2.14238749789916,3.49208602795828,0.000479263861640728,0.00191666171383634
"Os02g0150800",3696.80067885698,0.391739463423693,0.112188128648398,3.49180851970014,0.000479762044288547,0.0019179771303133
"Os12g0145400",915.6320662925,1.31771878234501,0.37751114380208,3.49054274020545,0.000482040502901507,0.00192681703252427
"Os03g0663600",279.713969581991,1.76875511510637,0.506817719105341,3.48992359270441,0.000483158667490668,0.00193074785787205
"Os11g0187100",9.54934150752586,7.43892860132576,2.13160396061427,3.48982678714017,0.000483333714398798,0.00193117802049287
"Os01g0354700",109.533485991272,2.89135328587501,0.828604928382772,3.48942323034236,0.000484064076099637,0.0019338265349145
"Os03g0858800",1366.42441995843,1.63630288249331,0.469055725338367,3.48850423116127,0.000485731133963513,0.00193967504534112
"Os09g0426000",5271.45093320278,0.81141839080942,0.232596930920475,3.48851718549478,0.000485707597736429,0.00193967504534112
"Os07g0116050",263.96578259588,2.2654855088683,0.649440037745699,3.48836748151858,0.000485979653982484,0.00193988484248656
"Os05g0407500",8218.11149802018,0.813453643163969,0.233219049899263,3.48793824310378,0.000486760494812801,0.00194243199127805
"Os12g0104300",1578.12109490425,0.700185758985875,0.200789962745091,3.48715518153057,0.000488188001329614,0.00194758599472238
"Os05g0526900",177.008788564954,3.02248998535818,0.866781342570084,3.48702704697846,0.000488421959564157,0.00194824808372995
"Os10g0430200",349.684339958285,2.8006642726634,0.803208239806331,3.4868470389929,0.000488750809059344,0.00194928844392655
"Os01g0237100",137.133594478236,1.72882956848008,0.495822364295317,3.48679223241002,0.000488850974042096,0.00194941657734922
"Os07g0669675",59.6091561336095,2.46621897088953,0.707378038724174,3.48642286850974,0.000489526526101235,0.0019515672778423
"Os01g0114000",6.83501760217336,6.07112675292649,1.74183316241013,3.48548120677989,0.000491252729392178,0.00195817657241857
"Os01g0536466",9.71052691208322,7.46303248839057,2.14124881108595,3.4853644516938,0.000491467153580808,0.00195875878208336
"Os01g0152687",15.8678441123779,7.60801678698627,2.18291189330042,3.48526058717076,0.000491657977218595,0.00195924678209558
"Os06g0679700",978.841171609995,0.551287955301442,0.15818161153215,3.48515829344295,0.000491845982465059,0.00195972341671379
"Os10g0525600",550.343662957038,1.49113032863234,0.428038581858076,3.48363533529964,0.000494652962019303,0.00196981190657082
"Os03g0284900",642.482640772781,0.88071568429441,0.252852350370971,3.48312239535156,0.000495601724673839,0.0019733158164751
"Os08g0153000",8.31911377679653,7.04167482049713,2.02193918623396,3.48263432868764,0.00049650605545102,0.00197581826399759
"Os07g0540600",34.2811779921487,3.16190505854346,0.907962452395592,3.48241829846708,0.000496906825369576,0.00197713850305362
"Os01g0853400",7772.66855883419,0.710557598455176,0.20411628685946,3.4811411151351,0.000499282370287526,0.00198548764378601
"Os01g0707500",928.003767677983,0.762263751901074,0.219046848281088,3.47991198176434,0.000501578537820591,0.00199400153013985
"Os12g0620600",2451.37987476649,0.830325927332941,0.238607401124193,3.47988337084635,0.000501632103491834,0.00199400153013985
"Os09g0325220",16.7569173150887,7.16670412484407,2.06027836305678,3.47851254148542,0.000504204843588354,0.00200311663595307
"Os12g0634500",56.7652573556643,2.51753062148337,0.723980229014128,3.47734719898579,0.000506401599085886,0.00201123739500846
"Os06g0200350",166.234221831531,1.6793130938748,0.482939611086711,3.47727346302368,0.000506540896454793,0.00201128184107854
"Os06g0250600",1835.29705992816,1.09770273030646,0.315712268124957,3.47690869545808,0.000507230518126486,0.00201374100115839
"Os01g0198702",68.0030520075577,1.96133725525314,0.564353726609746,3.47536866113301,0.000510151733260297,0.00202326990518241
"Os02g0126000",205.977261902319,3.13399008231218,0.901777968924629,3.47534558428996,0.000510195625608786,0.00202326990518241
"Os11g0177200",385.315316466978,0.81713675045448,0.235189226266211,3.47438002763597,0.000512035280685928,0.00203000344018448
"Os07g0542800",9.73215721196453,5.86807837259135,1.68996165270435,3.47231451269974,0.000515991444502987,0.0020445563363158
"Os06g0318200",680.396851608345,0.754997069016958,0.217442798580989,3.4721640539213,0.000516280734682503,0.00204513695701964
"Os12g0477400",2069.79367652912,0.894680079846572,0.257686483438935,3.4719713192042,0.000516651530537094,0.00204632287157158
"Os04g0603200",2073.46617641286,0.645049588256033,0.185790378919219,3.47192137724472,0.000516747652682028,0.00204642069725577
"Os01g0766600",2248.5067994587,0.618982256599041,0.178287172870033,3.47182720234319,0.000516928954309856,0.00204685577651824
"Os05g0511300",4509.24743316753,0.49952962361076,0.143890155233995,3.4716038967254,0.000517359090051641,0.00204827589445345
"Os01g0277900",224.594826561735,1.21768128420684,0.350766500975144,3.47148681764546,0.000517584743397212,0.00204860313134644
"Os03g0231150",1846.35634390381,0.860844030940424,0.247975455279152,3.47148886155427,0.000517580803265808,0.00204860313134644
"Os01g0149700",398.993531291749,1.03078309601251,0.297072498804237,3.46980316307155,0.000520839910718661,0.00206058020364072
"Os01g0613500",11.2687310965004,7.60391670044532,2.19170626783591,3.46940500742986,0.000521612486987221,0.00206255050747417
"Os12g0488900",478.76479555953,2.82614213064532,0.814605021479017,3.4693404240427,0.000521737904418118,0.00206276175484862
"Os06g0498400",9895.4973274533,0.475724293661262,0.137192764524223,3.46756110142578,0.000525204325850163,0.00207474897894097
"Os04g0206500",207.393372365512,2.46966872906542,0.712336750641146,3.46699608976032,0.000526309546216899,0.00207825539115306
"Os04g0203600",10.2397708658818,7.53951311486177,2.17472556388919,3.46688025379092,0.000526536400734978,0.00207886467601744
"Os06g0675600",1015.42904561473,0.771998823126872,0.22269514397215,3.46661722998063,0.000527051848051755,0.00208032642931242
"Os11g0629550",573.283188185641,1.36056866472914,0.392581675612923,3.46569580102009,0.000528861282297567,0.00208603158871006
"Os10g0410750",160.620596608483,1.60782899894623,0.464008556217306,3.46508480803367,0.000530064295386885,0.0020902012374656
"Os02g0504100",1011.56283565904,0.626182766689974,0.180737092687381,3.46460572857103,0.000531009360796274,0.00209306372341929
"Os01g0853000",1049.64846440231,0.941801577886169,0.271904061408764,3.46372751111769,0.000532745872004662,0.00209904217886105
"Os11g0177750",57.0320123264313,1.50153692225585,0.433514867193649,3.46363420469527,0.000532930678689007,0.00209948161773648
"Os08g0433400",170.131118697289,1.47701992886478,0.426447679017945,3.46354312976019,0.000533111123203651,0.00209990375337242
"Os06g0258900",10295.2838921911,0.598196117823066,0.172769911187933,3.46238597745397,0.00053540872267157,0.00210866401676781
"Os01g0620900",173.378353084303,1.0967165012039,0.316834609872979,3.46147948181414,0.000537215068872534,0.0021151966680412
"Os03g0325600",142.919096989067,2.83806683582571,0.820011088544248,3.46101031495085,0.000538152191732481,0.00211859530056596
"Os12g0100200",344.267767753835,0.973495543823247,0.28136859585401,3.45985855624183,0.000540459199573002,0.00212680084963132
"Os05g0550600",123.413977927192,1.99023503609049,0.575290966736898,3.45952770191974,0.000541123612521544,0.002129123008235
"Os01g0257300",950.329471643071,1.24105077522893,0.358915877406665,3.45777619033212,0.00054465364780012,0.00214183589305092
"Os01g0175500",171.323137388375,0.97831665652351,0.282941362588676,3.45766574237409,0.000544876964564874,0.00214242003413102
"Os01g0978100",6392.03308269714,0.580696812568991,0.167979986922562,3.45694045586924,0.00054634555533869,0.00214642710154452
"Os11g0110901",633.091184731344,1.28647411776846,0.372139237689148,3.45696983139162,0.000546286002959392,0.00214642710154452
"Os02g0567800",208.122323510428,1.85802374172441,0.537597704178469,3.45616011244644,0.000547929745123886,0.0021517657699136
"Os03g0220700",4794.42571668174,0.936682131979007,0.271033704033302,3.45596181596631,0.000548332991824596,0.00215305425267347
"Os03g0219300",4298.92939085711,1.12914190339171,0.326767681122381,3.45548831363412,0.000549297003113355,0.00215595311413751
"Os06g0702200",12.7972729937236,7.75237355127996,2.24356092266028,3.4553880275681,0.000549501379682165,0.00215645987270968
"Os02g0578300",399.058310170754,1.10017115020879,0.318563659361026,3.45353626466847,0.000553287906655247,0.00216981536106246
"Os06g0224200",2079.22930857962,0.647104371824942,0.187385940806517,3.45332402761796,0.000553723442836417,0.00217094746635865
"Os03g0130100",328.746517535479,1.6315866268649,0.472502662526908,3.45307393219607,0.000554237078860361,0.00217266394630005
"Os03g0756200",4743.91062180127,0.578812551062537,0.167637067221024,3.45277187592045,0.000554858021692732,0.00217480055233107
"Os01g0805700",5734.78831780219,0.391153358741937,0.113298645294384,3.45240984766943,0.000555603103787608,0.00217682758508445
"Os08g0543500",745.080569971512,1.33024513773286,0.385398218995203,3.45161205259596,0.000557248318502129,0.00218237818776968
"Os02g0586400",6242.33632660664,0.394722143015898,0.114361810122419,3.4515205958472,0.000557437210432442,0.002182819591815
"Os03g0722500",870.594184653866,0.757694916857078,0.219560190464307,3.45096674973168,0.000558582381718541,0.00218700497417322
"Os03g0626800",2926.27195217185,0.717326828146491,0.207950356523925,3.44950997025081,0.000561604991681869,0.0021976381073025
"Os03g0183000",49191.106032623,0.819734969058411,0.237644603386521,3.44941546063699,0.000561801610904968,0.00219810729969263
"Os01g0178900",885.329453790156,0.882857740023362,0.255954706521416,3.44927331879123,0.000562097445663104,0.00219896450206708
"Os05g0125000",7792.43922054496,0.793808289875977,0.230141795635343,3.44921394084261,0.000562221069828787,0.00219914786248934
"Os03g0815800",2680.25334295183,0.82968760070171,0.240626842171541,3.44802596923178,0.000564699739748942,0.00220854176130039
"Os11g0533400",10.1396669741205,7.212378762108,2.09200259060219,3.44759552139555,0.000565600366300012,0.00221146038417412
"Os11g0211200",10.7226786817091,5.8096189665765,1.68520139761504,3.44743303370059,0.000565940687156092,0.00221248909379129
"Os02g0180400",136.055641428811,1.63260048279237,0.4735806350308,3.44735481569298,0.000566104578126209,0.00221282788164695
"Os03g0128200",10372.3879555402,1.16762303231451,0.338725194897528,3.4471100759651,0.000566617669269389,0.00221422933168392
"Os11g0633800",291.248020232502,1.01829715320525,0.295404024256185,3.44713365286501,0.000566568222003418,0.00221422933168392
"Os06g0527100",2912.93795275775,1.00578695110757,0.29187658206382,3.4459323320692,0.00056909284403507,0.00222299225184633
"Os03g0348800",418.168006185508,1.36854437226629,0.397322043039777,3.4444209583642,0.000572283935078317,0.00223484793619517
"Os07g0100500",2573.23767420293,0.513265988312393,0.149020580370993,3.44426244371479,0.000572619584113299,0.00223585395530311
"Os05g0129900",2043.21738934974,0.515333517710524,0.149629066754189,3.4440735940505,0.000573019705730054,0.0022371114059923
"Os08g0408200",2285.43452937603,0.638683071635011,0.185448278230932,3.44399569371943,0.000573184831399628,0.00223745119744716
"Os07g0199350",94.993965496659,1.38223945096207,0.401368867523439,3.44381331688948,0.000573571589665299,0.00223835101976166
"Os04g0674200",1187.73970511023,0.505796053391824,0.146935753306318,3.44229394147106,0.000576803117907022,0.00225034898342484
"Os03g0675700",575.565304391556,0.633128279847596,0.183956497525675,3.44172828012899,0.000578010535806512,0.00225471467341001
"Os12g0610200",737.14019825205,1.17752437535922,0.342134916832233,3.44169600186298,0.000578079505475009,0.00225471467341001
"Os06g0188000",4270.04350360416,0.709569263873846,0.2061766033228,3.44156054779364,0.000578369016666646,0.0022555368266684
"Os03g0247600",127.573356799254,2.13870967947489,0.621464165998657,3.44140466415808,0.00057870235982892,0.0022562226172021
"Os06g0489200",2732.85957359604,0.655727778000775,0.190616296473552,3.44004049040875,0.000581627164716535,0.00226608397109847
"Os02g0433600",2064.88653790198,0.59143524211701,0.171943902025957,3.43969885031296,0.000582361797041516,0.00226832928341945
"Os09g0365450",76.8378781333255,2.87304874826333,0.835374099456907,3.43923608612136,0.000583358261437015,0.00227190171356441
"Os03g0859800",2518.21892395078,0.87767205928313,0.255251395298721,3.43846135789381,0.00058503002809348,0.00227810279490818
"Os05g0421450",111.794436444367,1.29482720885794,0.376585157242225,3.43833840489122,0.000585295755036227,0.0022788278262397
"Os10g0406300",1386.08946553568,1.8011703211524,0.523859578085924,3.43826933113165,0.000585445087048459,0.00227909954267832
"Os06g0103500",10247.2782658595,0.496732375070974,0.144487844222192,3.43788349632447,0.00058627988406166,0.00228203929332084
"Os12g0510500",814.467298028363,1.02324103695062,0.297711495309086,3.43702226173121,0.000588147261051964,0.00228899691981267
"Os07g0661400",8404.75905360293,0.996158636261576,0.28986593189311,3.43661854208143,0.000589024533377132,0.00229209981397821
"Os12g0618600",1967.17740549189,0.91555250401369,0.266540793489611,3.43494326713399,0.000592677893322407,0.00230506406942766
"Os03g0265900",3249.30154164875,1.39544422889081,0.406265637995906,3.4348074224896,0.000592975059507938,0.00230590681392799
"Os02g0734300",5208.04527287745,1.02462201974035,0.298421650295221,3.43347079116652,0.000595906405023651,0.00231636281600023
"Os02g0777800",1490.40206126463,0.633478867093249,0.184535571745087,3.43282794261651,0.000597321024686358,0.00232091700560259
"Os10g0346300",15.4969342927141,7.96783195007718,2.3217291469709,3.4318524882511,0.000599473530753121,0.00232801783723752
"Os02g0620500",197.095714223081,3.44054450686363,1.00259733555036,3.43163140861032,0.000599962383127051,0.00232928485113228
"Os08g0360300",849.760884150172,1.81962584045819,0.530351838379316,3.43097866129535,0.000601407907019714,0.00233426433919383
"Os01g0121100",2571.07136262249,0.674425640687252,0.19664320838891,3.42969201027991,0.000604266721843383,0.00234381920984779
"Os07g0629500",18.3001174523593,5.39469916266873,1.57294228969487,3.42968664394879,0.000604278671755746,0.00234381920984779
"Os01g0689451",3484.77952307013,0.981831372373737,0.28631933689472,3.4291479682169,0.000605479331301299,0.00234815833790536
"Os02g0125500",8.58885923951865,6.91086609950371,2.01583308419151,3.42829282528391,0.000607389928425341,0.00235461185620929
"Os03g0704700",3891.98612678832,0.668567113265202,0.195065927683139,3.42739052999153,0.000609411957642625,0.00236181136350284
"Os02g0745100",32862.0864009367,0.795194188698843,0.232026759599798,3.42716585824153,0.000609916416601853,0.0023632578343553
"Os06g0650300",53.2990790005907,2.00355058020624,0.584647196784747,3.4269395136498,0.000610425024546435,0.00236477796150682
"Os06g0334400",3923.26523585079,0.79218721794603,0.231172650211009,3.42682067806438,0.000610692212201531,0.00236519850708444
"Os02g0149600",111.998165954369,3.43637553651219,1.00285946359795,3.42657736327633,0.000611239616085986,0.00236665371352644
"Os11g0199700",4167.04046501354,0.494654323562196,0.144357780479746,3.42658581974803,0.000611220583258437,0.00236665371352644
"Os01g0128700",101.995116745032,2.0820613869577,0.60777063600626,3.42573540676331,0.000613137355779312,0.00237271900564409
"Os02g0511400",144.574932084763,1.3003813972145,0.379636114366491,3.42533638925391,0.000614038640490543,0.00237588590510939
"Os01g0660900",99.1689123706557,1.82921939112292,0.534277453671861,3.423725591547,0.000617689593968832,0.00238794535782854
"Os05g0323800",3167.51670374333,0.822041929093294,0.24010566983181,3.42366729477534,0.000617822104480769,0.00238794535782854
"Os07g0173200",7861.35767375833,0.575786402166073,0.168208381721744,3.42305416812439,0.000619217364775996,0.00239237000209841
"Os09g0467400",2359.31388285274,0.792050649271318,0.231391149997859,3.42299456689958,0.000619353152408823,0.00239257199984058
"Os07g0227800",1942.00213161894,0.859819407982854,0.25132266408978,3.42117735818565,0.000623506567389166,0.00240602157156019
"Os05g0155700",1223.53915601514,0.62877331089309,0.18382721326647,3.4204582646947,0.000625157273276306,0.00241141709664953
"Os01g0231900",2671.29229671731,0.811981010462588,0.237448262137424,3.41961235324878,0.000627104298904544,0.0024186017461587
"Os06g0112400",5054.73523677744,0.43002915554524,0.125784262807892,3.41878344671794,0.000629017655755994,0.00242545985353275
"Os03g0809300",3995.64446186797,0.268789098929979,0.078635950606624,3.41814522310024,0.000630494560257052,0.00242971488103363
"Os10g0491450",110.671203647885,1.43430908507144,0.419688087093783,3.41755968105648,0.000631852391967127,0.00243462005576145
"Os03g0748800",2647.31352356869,0.437739042264319,0.128122618704272,3.41656334136202,0.000634169089423619,0.00244190468353253
"Os08g0447300",2003.49426580239,0.45101537959804,0.132015927798949,3.41637094188289,0.000634617367572999,0.00244297417918871
"Os04g0629300",1266.93792440524,1.50693922047985,0.441136768722446,3.41603631192208,0.000635397735642689,0.00244564964019805
"Os06g0711700",98.4201822620206,1.508963998881,0.44187362765428,3.41492206016334,0.00063800264675896,0.00245435712069518
"Os01g0528800",22669.0951729385,1.11146051904241,0.325512194086441,3.41449733446009,0.000638998187854977,0.00245785690407045
"Os03g0323600",726.344961629908,1.48142704143205,0.433958751173231,3.41375081716161,0.000640751498997724,0.00246427006030642
"Os12g0555500",3911.76970429783,4.51260469013084,1.3219251361695,3.41366130854192,0.000640962023978205,0.00246474888082452
"Os06g0105400",8153.91028992259,0.59209660194842,0.173597904020553,3.41073589159417,0.00064787814519808,0.00249034137593445
"Os10g0545000",2681.08109392803,0.647884185424779,0.189958484760865,3.41066199933311,0.000648053732853845,0.00249055866820364
"Os05g0323400",891.873317878772,1.10150900787287,0.32302132012,3.41001952274751,0.000649582294435428,0.00249521811236947
"Os05g0490600",11.7546262287722,6.18644637988949,1.81489400718652,3.40870946479118,0.000652709541039102,0.00250588687791134
"Os02g0675800",553.118456136466,0.76329904215627,0.223932216433558,3.40861647472125,0.00065293204947653,0.00250601827420593
"Os07g0116800",401.791169003826,2.30209776426506,0.675375732033999,3.40861783311629,0.000652928798574983,0.00250601827420593
"Os01g0176200",824.158479783351,0.994142801713249,0.291864584910519,3.40617825221253,0.000658791509493676,0.00252756138647122
"Os03g0851900",5273.92485249403,0.661519670758882,0.194211863347281,3.4061753971022,0.000658798399376885,0.00252756138647122
"Os01g0771400",3270.04747331714,1.08855966053945,0.319619283510708,3.40580095350529,0.00065970257846371,0.00253002252417912
"Os08g0323600",1528.01570792011,0.567430172777805,0.166637536323299,3.4051762003785,0.000661213755997201,0.0025342479373992
"Os01g0798800",257.166058473051,1.0420899761513,0.306050609291643,3.40495965214127,0.000661738302184293,0.00253545410994709
"Os07g0194351",242.028631935873,0.892487037062454,0.262239990802156,3.40332164568974,0.000665718606411299,0.00254831923993274
"Os07g0475000",486.235083478884,1.61229949060301,0.473772220617691,3.40311107413799,0.000666231900348632,0.00254959602051533
"Os11g0493100",171.776977733101,1.03774131420104,0.304939876746181,3.40310137616018,0.000666255549218484,0.00254959602051533
"Os01g0314100",2635.89672749606,0.59840462496379,0.175866665228857,3.40260403633105,0.000667469377263681,0.00255365637566551
"Os05g0464001",525.600024345735,1.97124117978909,0.579391321071576,3.40226218118578,0.000668304915025394,0.00255651167227071
"Os05g0417600",1357.71219712756,0.876356587823774,0.257594901956681,3.40207271637367,0.000668768410020367,0.0025579431963561
"Os02g0636300",1012.69713761235,0.719610598365453,0.211623742451836,3.40042468783591,0.000672812669662921,0.00257169538569664
"Os10g0124700",387.302477175393,0.741514285712929,0.218079253016764,3.40020554663184,0.000673352151322419,0.00257341414428304
"Os10g0544500",5931.23119504507,0.564156487002266,0.165938244937398,3.39979784175192,0.000674356909144458,0.00257656676367609
"Os02g0808100",11.3985511377659,7.02605523089922,2.06681365677497,3.39946235978651,0.000675184724199057,0.00257938569570018
"Os01g0640700",601.889933920685,0.782062373555178,0.230086470177175,3.39899331304862,0.0006763436994612,0.00258312445707309
"Os05g0383200",118.480866668543,1.1874432780066,0.349388738843127,3.39863065403421,0.000677241067047194,0.00258586234715301
"Os02g0754000",2972.60018741647,0.527989647237885,0.15544969675828,3.39653057065073,0.000682459336923029,0.00260197271078092
"Os08g0457600",2271.97963064439,0.52111294001554,0.153451439868767,3.39594689017713,0.0006839162847802,0.00260683376234167
"Os11g0706801",9.68658212467951,7.4597280189616,2.19683202821342,3.39567519189359,0.000684595467263474,0.00260872846495984
"Os03g0784600",1362.69722739245,1.45294257725725,0.427894469781976,3.39556287791605,0.000684876409177654,0.00260945197815933
"Os01g0178300",710.162905448508,1.52799227051048,0.450181157046472,3.39417198297518,0.00068836448317938,0.00262135431542626
"Os07g0667000",671.511473359031,0.638203565607176,0.188029275229003,3.3941712790729,0.000688366252592041,0.00262135431542626
"Os04g0543900",4746.4653885862,0.935715497699408,0.275725016961278,3.39365469267817,0.000689665946304107,0.00262595464365519
"Os11g0435300",569.025308860368,1.11949578823512,0.329902162794974,3.39341754764688,0.000690263349438147,0.00262746564433257
"Os06g0193400",4552.29450600088,0.848094434752539,0.250000857828209,3.39236609874081,0.000692917901889114,0.00263693501460046
"Os09g0299400",245.735863606274,0.850417943183193,0.250721704125019,3.39188003747432,0.000694148246098033,0.00264126634092973
"Os12g0614900",1310.0098507869,0.857213543021341,0.25280296370953,3.39083660429819,0.00069679630049276,0.00265096440883252
"Os01g0956700",400.775940413555,1.56027921711529,0.46018787860085,3.39052654289624,0.000697584990657643,0.00265292038244092
"Os07g0275300",755.965671481172,0.866261955440143,0.255497451060453,3.39049157572682,0.000697673987215285,0.00265292038244092
"Os01g0224000",487.28088412341,1.1099947349472,0.327431160796324,3.39000946717366,0.000698902100101772,0.00265653263095197
"Os07g0578050",21.1127644446327,8.21164874527079,2.42254404563666,3.38967985331829,0.000699742907314224,0.00265902304779405
"Os11g0433200",7010.76878707571,0.725353303879046,0.214031748745465,3.38899863282277,0.000701483602618473,0.00266436833331058
"Os11g0106400",10794.7351425784,0.371936531510869,0.109775864803298,3.38814485476678,0.000703670909399593,0.00267217745475376
"Os12g0163500",1343.46484330965,0.619629336424154,0.182899744977688,3.38780864073781,0.000704533999165841,0.00267439164601215
"Os03g0314700",966.801413903878,0.630497720823293,0.186169322159777,3.38668967318997,0.000707413573477987,0.00268339620517347
"Os12g0632000",66166.5584669597,0.843149976509587,0.24896169521906,3.38666546983344,0.000707475979561509,0.00268339620517347
"Os08g0260600",1460.83446604768,1.38576325250288,0.40923112360147,3.38626065463294,0.000708520516170628,0.0026859658414026
"Os03g0184600",2527.24511475541,0.527611468918206,0.155864033539243,3.38507516415175,0.00071158766233095,0.00269652290716921
"Os07g0497100",10511.9193109305,0.521231443760473,0.154124786896327,3.38187941249892,0.000719917395400858,0.00272614226759879
"Os02g0254700",5948.8643436268,0.330445749250835,0.0977198927314536,3.38156070390848,0.000720753058775586,0.00272872841438135
"Os03g0425300",195.502989693192,1.33458490539247,0.39468270684723,3.38141216283147,0.000721142845691057,0.00272984341587266
"Os07g0406600",6229.8959341089,0.620800627472312,0.183595644624668,3.3813472467794,0.000721313253510602,0.00273012778594264
"Os01g0925200",3462.28004563929,0.933167774269546,0.275998221432964,3.3810644482584,0.000722056050052238,0.00273257825202704
"Os06g0202400",567.538533180923,0.989885065479118,0.29281708174941,3.38055778564945,0.000723388623733656,0.00273653694840464
"Os03g0266900",61.946135335344,2.27717947375735,0.673779236060098,3.37971156112362,0.000725619375123112,0.00274285801622847
"Os10g0167500",1122.54839577847,0.816053915477915,0.241519621548765,3.37883071464297,0.000727948180977821,0.00275087988411719
"Os04g0195000",6193.54728938355,0.5857717120108,0.173377832353021,3.37858481710677,0.000728599530109249,0.0027529782060781
"Os11g0432900",7645.13324682711,1.19099616498849,0.352626258248982,3.37750277277295,0.000731472156262943,0.0027627392856902
"Os07g0486000",408.043434443343,4.00806092562282,1.18693411839092,3.37681836213151,0.00073329456697509,0.00276852759691267
"Os04g0544000",455.436903285729,1.35415689935975,0.401041591979891,3.37659965061092,0.000733877828513744,0.00276999967627134
"Os05g0462400",2280.41941990294,0.851312252089079,0.252173654322188,3.37589687700447,0.000735754908729195,0.00277635317330553
"Os11g0184900",8700.24207854868,0.706711749655104,0.209343759442589,3.37584340482294,0.000735897913196657,0.00277652712785233
"Os03g0797600",2866.00167475031,1.02883425577085,0.304903380570739,3.3742959945049,0.000740047463614625,0.00279058877331952
"Os12g0540100",15.6630968166967,6.90953804156012,2.04776296759996,3.3741883952801,0.00074033680931829,0.00279106977112995
"Os11g0113700",5764.50980637958,0.87879978954613,0.260520495622135,3.37324626781289,0.000742874781213577,0.00279953284642002
"Os11g0549700",3482.60823035416,0.616858829381571,0.18299985178605,3.37081600537446,0.000749458954196385,0.00282248921604033
"Os02g0101700",12182.5208329182,0.745490001326618,0.221236201292605,3.36965648917755,0.000752619425527454,0.00283327444228257
"Os11g0133001",1776.8521449559,3.26623998736418,0.969419395371411,3.36927443680121,0.00075366348626682,0.00283626283089613
"Os10g0452100",7.58783129018566,6.83676193917818,2.02946850367663,3.36874503190986,0.000755112450533423,0.00284116637330054
"Os10g0466000",3847.02341659375,0.800764542782557,0.237718812794975,3.36853668991352,0.000755683384902537,0.00284294122166853
"Os03g0317900",113.494966237898,6.51691934615237,1.93471819492904,3.36840753513015,0.00075603751816973,0.00284390008803979
"Os01g0953600",3166.16467804652,0.682559567908747,0.202689430166771,3.3675143659299,0.000758490745771147,0.00285237916364811
"Os12g0557400",2894.98892770662,0.43764310303079,0.13000080045447,3.36646467945455,0.000761383319596,0.00286251359167547
"Os12g0135800",1097.48025758601,0.97945460471051,0.290965950816318,3.36621725656424,0.000762066621764539,0.00286441972463493
"Os05g0247900",1531.94034988976,0.581282132106132,0.172689693417504,3.36604993964979,0.000762529019742114,0.00286568487324909
"Os01g0885700",191.976737184973,2.96713641045752,0.881515227999678,3.36595025952133,0.000762804620127975,0.00286634465257793
"Os06g0662550",135.711089292598,2.78219314448608,0.826862504575659,3.36475910939255,0.000766105132748023,0.0028779919055325
"Os05g0474900",1623.61651502214,0.655775453654783,0.19497441044999,3.36339241719613,0.000769908379931715,0.0028903845521231
"Os02g0314300",167.254024990369,1.67160169397785,0.497037729162854,3.36312838221211,0.000770645156960729,0.00289241814319667
"Os07g0612200",52.1325288979772,4.33253295020728,1.28859003141957,3.36222758563045,0.000773163715794746,0.00290070535353556
"Os12g0604000",224.096659888504,1.90868224116931,0.567743697246576,3.36187306072436,0.000774157034329653,0.00290405176061969
"Os06g0238200",158.664060505762,1.34278117681558,0.399493498623194,3.36120908461167,0.00077602057044272,0.00291028028590639
"Os02g0752800",19598.1892364025,1.01351243300582,0.301552856294611,3.36097772529682,0.000776670888452112,0.00291195685631117
"Os01g0765400",1254.94439309492,1.54952476022798,0.461043213768826,3.36091002741651,0.00077686127318364,0.0029122895720604
"Os05g0495700",661.413573780654,0.959928047586223,0.285628855009772,3.36075305680647,0.000777302883652055,0.00291318276290368
"Os12g0119350",26.0042375968283,3.89980568630778,1.16038613049039,3.36078274622232,0.000777219339597128,0.00291318276290368
"Os01g0951400",1414.62095725115,0.654701373558675,0.194846894332941,3.36008113344607,0.000779195862316426,0.00291951351472345
"Os01g0924400",4499.87718925827,0.469149149459439,0.139660985140241,3.35919977213637,0.000781685369192993,0.00292692749583346
"Os07g0114000",11.75047310316,7.65161854824686,2.27911753812876,3.35727246192362,0.00078715502651068,0.0029444977157518
"Os03g0101600",4809.63742758625,0.70298372668035,0.209514981852315,3.35529096995974,0.000792815469779968,0.00296472837903102
"Os04g0604600",2221.35619919704,0.414813722786788,0.123638896446936,3.35504226184046,0.000793528605989732,0.00296700791058564
"Os01g0886000",2054.65763534167,0.58821215969107,0.175343562980179,3.3546264812559,0.000794722129149014,0.00297108278240835
"Os02g0754900",1981.7278350173,0.374519863063525,0.111647389241789,3.35448831904565,0.00079511910072872,0.00297217905728367
"Os01g0647000",1549.69155378831,0.762323515506575,0.227279872744534,3.3541180145038,0.000796183978039928,0.00297577137213671
"Os04g0431100",1680.21628227244,0.564285399431873,0.168284529299515,3.35316265720155,0.000798937395064968,0.00298490720721711
"Os07g0601000",35.2494100042424,4.91668485893382,1.46642223372843,3.35284391210638,0.000799858008444599,0.00298755464189214
"Os09g0507400",1182.1708842525,0.691223712272197,0.206168469441466,3.35271302224244,0.000800236335272065,0.0029885781384535
"Os02g0781900",108.356930467801,1.55404054305051,0.463599896011913,3.35211581456131,0.000801964625324379,0.00299425207776832
"Os01g0807900",4103.21085253203,0.546164520342822,0.162938315004255,3.35197108383353,0.000802383990155101,0.00299542750305198
"Os03g0111100",6955.39567954764,0.334024126122569,0.099677496141756,3.35104852200078,0.000805061947801502,0.00300425044652366
"Os02g0272600",2069.27741924016,0.547456638908146,0.163467684760747,3.34902057069817,0.000810977743556819,0.00302514442239161
"Os02g0519700",12851.9737944686,1.68510322375544,0.503180900042452,3.34890140626021,0.000811326613240081,0.00302605182537813
"Os08g0364900",432.111745114149,1.33404707320377,0.398395207366418,3.34855201201453,0.000812350314086187,0.00302947562139756
"Os01g0782300",17.6912070431216,4.46789328954475,1.3345247720246,3.3479283286488,0.00081418064267343,0.00303496713619432
"Os01g0974000",2362.85127979799,0.350772534145012,0.104773713904273,3.34790589236434,0.000814246557864223,0.00303496713619432
"Os09g0512950",533.776527604836,1.33341223191915,0.398299684536012,3.34776120516508,0.00081467175094174,0.00303576212875312
"Os06g0203500",768.534613702735,1.00985579866513,0.301703638546229,3.34717805702031,0.00081638754089404,0.00304138196857975
"Os08g0520500",1788.45519618885,0.602804473964218,0.180093424169848,3.34717648211134,0.000816392179266607,0.00304138196857975
"Os01g0685400",323.276680711426,1.33977061721733,0.400362730616719,3.34639194600742,0.000818705812723657,0.00304920823425948
"Os06g0500300",779.864969911411,0.79864919100005,0.238715950798322,3.34560463315996,0.000821033749384998,0.00305470185526282
"Os12g0536500",9.16047198800043,5.74802563834039,1.71817001981067,3.34543471953596,0.000821536957181952,0.00305578046179116
"Os04g0254000",2180.76515910853,0.337699157957586,0.100949028634949,3.34524425369928,0.000822101371531923,0.00305748293057278
"Os07g0167000",2509.51859529413,0.602068528475892,0.180018282754992,3.34448545593181,0.000824353517981714,0.00306466549853537
"Os11g0428800",20784.6539905103,4.51428483880292,1.34985103885085,3.34428370899799,0.00082495327459898,0.00306649730459392
"Os12g0502500",3444.25445429185,0.651464989633252,0.194823962660367,3.34386479331056,0.000826199927274109,0.00307033467136936
"Os01g0833100",1255.93641234526,0.872176966056167,0.260839820998705,3.34372628656457,0.000826612494291909,0.00307146948339408
"Os09g0322600",588.201765072822,0.951536027269597,0.28458481214116,3.34359384856285,0.000827007163211214,0.00307253750522922
"Os03g0355100",1058.30296521466,0.640479033918111,0.191578473395592,3.34316806354115,0.000828277199140174,0.00307685703484562
"Os05g0559316",144.264680038876,1.46871877641056,0.43940364374808,3.34252753091098,0.000830191195112026,0.0030827329980215
"Os06g0153900",2489.02933063958,0.770312171006407,0.230468201993996,3.34237940133048,0.000830634409581962,0.00308361455083472
"Os09g0272600",1013.95978877042,0.839236342627955,0.251114617035989,3.34204496947972,0.000831635861307486,0.00308653247385779
"Os06g0360300",168.345550511288,2.04315471879895,0.611378208555337,3.34188345316861,0.000832119920732264,0.0030879290206995
"Os05g0533700",6716.60095230483,1.03323228095129,0.309346195582326,3.34005168224644,0.000837628002460119,0.00310675955035435
"Os03g0793500",5359.87455299232,0.429479982401523,0.128592536677377,3.33985154580967,0.00083823185188426,0.00310859681855913
"Os05g0375700",7.9546675441138,6.80337015807915,2.03719258273402,3.33958125301471,0.000839048017210559,0.00311122088638759
"Os02g0771100",3091.07956023499,0.56727779823305,0.169965685230611,3.33760192513778,0.000845047216534128,0.00313225004503698
"Os02g0314600",291.257529993828,0.683873066475233,0.204932184285069,3.33707010863622,0.000846665881039707,0.00313743802684295
"Os02g0664000",4877.33249590293,0.613094856650932,0.183793289888368,3.33578476680684,0.000850589895780396,0.00315075652151259
"Os03g0267800",2643.45772577946,0.774055594031357,0.232139132511288,3.3344468278898,0.000854692394774303,0.00316431664234053
"Os11g0602400",209.936235289083,1.17536342859343,0.352639202079861,3.33304811734246,0.000859000849983758,0.00317903452329569
"Os12g0552700",6474.66660104873,0.600186611768707,0.18007951420871,3.33289777244234,0.000859465154953646,0.00317993228560587
"Os04g0624800",59.0830970859535,2.08542904851556,0.625909204905152,3.33183955783423,0.00086273979218428,0.00319040017109757
"Os01g0558500",2108.20086637936,0.498994519575049,0.149777133740178,3.33158010915516,0.000863544418255669,0.00319296356586159
"Os08g0139400",445.860491912464,1.17117283217432,0.351631396534183,3.33068333407613,0.000866330941848684,0.00320203867603844
"Os01g0968700",1974.25460516261,0.738687890983097,0.222006790030973,3.32732116382584,0.000876852511069708,0.00323734451243191
"Os02g0704500",1848.06285085486,0.399591414733262,0.120094461191192,3.3273092761298,0.000876889921687392,0.00323734451243191
"Os03g0248000",2528.71004617324,0.536252271553303,0.161176324130029,3.32711565701599,0.000877499450025278,0.0032391283486375
"Os05g0440250",1798.15587689315,0.439806413940091,0.132223693836651,3.3262299757215,0.00088029265629305,0.00324818354000109
"Os02g0332800",3156.63630018212,1.48660656360162,0.446951550571852,3.32610226253736,0.000880696109457603,0.0032491307338712
"Os07g0602700",1651.19203048248,0.569851461026687,0.171328406695654,3.32607693036546,0.000880776155590452,0.0032491307338712
"Os01g0719200",11.8063665893687,7.02087156197716,2.1109219395762,3.32597403549024,0.000881101358398458,0.00324991196200214
"Os06g0283200",513.92910070731,0.550447087827209,0.165507853374508,3.32580645935676,0.000881631226836394,0.00325102933221575
"Os02g0307000",4155.63037439099,0.663592559774261,0.199534229356851,3.32570788437245,0.000881943054622522,0.00325176070017302
"Os05g0102400",170.8693892083,1.21716154957168,0.366096660768249,3.3246999495092,0.000885137384597045,0.00326269861616809
"Os08g0177300",5874.27206264281,0.581418703574267,0.174886036532052,3.32455760965061,0.000885589348918657,0.00326394469066341
"Os01g0923000",2261.24076844729,0.6767393661087,0.203634966164085,3.32329647926671,0.000889603105245277,0.00327663043726542
"Os10g0516800",4969.43074461586,0.553191124872095,0.166462372490849,3.32322023646819,0.000889846300305343,0.00327710490955639
"Os05g0357100",707.493479810253,1.23439066987614,0.371527279906097,3.32247653574222,0.000892221750283694,0.00328500868531591
"Os05g0428100",582.767653298049,1.09557277352318,0.329795110444005,3.32198003799453,0.000893810881246463,0.00329001405054903
"Os06g0214100",2082.0077839653,0.724990411082762,0.218430996032451,3.31908210945966,0.000903138691727709,0.00332008337123202
"Os05g0460000",945.48893251019,2.18701790568723,0.658993667329459,3.31872370572242,0.00090429856477204,0.0033234944173741
"Os07g0113700",6539.25459513199,0.62455062493722,0.188203514116642,3.31848545904485,0.000905070346952208,0.0033255983936269
"Os05g0508700",10206.4405736729,0.568559414257483,0.17134539631987,3.31820653760716,0.000905974667633406,0.00332794694577338
"Os07g0616500",3968.28927476078,0.559796119469041,0.168729836204487,3.31770676758444,0.000907597119682303,0.00333262497413012
"Os01g0639600",1344.0338275319,0.915950027833638,0.276090090513703,3.31757661468178,0.000908020089435752,0.0033336903812138
"Os01g0728900",880.196487451175,0.679752355055091,0.204896142514666,3.31754588794387,0.000908119971568258,0.0033336903812138
"Os09g0518500",3202.61199125294,0.682598850686102,0.205800300018979,3.31680201935154,0.000910541143651006,0.0033417221529254
"Os10g0397066",7.79535728589509,4.59148591147956,1.38450960480935,3.31632651411749,0.000912091969140883,0.00334655642205463
"Os03g0240400",236.523734534442,0.690554249772661,0.208244839214995,3.31606897138865,0.000912932947445924,0.00334878438230964
"Os08g0491000",327.654687736272,1.5496724029188,0.467442378330618,3.31521589560013,0.000915723710263861,0.00335816149321389
"Os02g0766700",2697.28943613234,0.429549924130366,0.129592979155953,3.31460798978502,0.000917717242718351,0.00336504152013901
"Os01g0931000",184.643516172418,1.66497705949961,0.502399811141298,3.31404794065765,0.000919557395045419,0.00337049488075238
"Os05g0592100",2367.38709013804,0.448044786249827,0.135225131381971,3.31332483593033,0.000921938356045064,0.00337813376804602
"Os03g0389100",169.199822125403,2.20670651063351,0.666050985338029,3.31311950467813,0.000922615489180391,0.00337954218818672
"Os05g0405900",9022.98546310876,0.477838886677732,0.144256603664596,3.31242296393399,0.000924915947824364,0.00338716552401481
"Os02g0650500",662.768840089088,1.62193651927987,0.489684982477399,3.31220392153793,0.000925640474858465,0.00338845673765743
"Os06g0320100",4599.42190577254,0.549050563627623,0.165762479012306,3.31227287923742,0.000925412326620659,0.00338845673765743
"Os06g0699400",3998.02185189046,0.424905027399174,0.128327536251563,3.31109783457718,0.000929307120286324,0.00340014143920875
"Os06g0574400",2892.25383123607,0.822739720799532,0.248538620722544,3.31030935316083,0.000931929123470947,0.00340842905867878
"Os04g0585050",73.8939761005192,1.2448061996211,0.376242768408064,3.30851860592044,0.000937909525517671,0.00342855112594186
"Os01g0960500",4384.46110128063,0.724519186005293,0.219064214240466,3.30733702223948,0.000941875005625827,0.00344129082647171
"Os10g0480900",34.8431986707228,2.73500003480402,0.827045391863466,3.30695275218404,0.000943167986917513,0.00344557556562037
"Os03g0775600",2520.82353976673,1.0035494301932,0.303490644922034,3.30668983372127,0.000944053594886561,0.00344837118825723
"Os07g0631000",2652.96410896113,0.804754717917375,0.243414306212484,3.30611101064405,0.000946006003457303,0.00345506233410563
"Os07g0416050",2508.15132069828,0.929913440416872,0.281306765765859,3.30569169882985,0.000947422705501402,0.00345901682525797
"Os07g0673200",523.950096590911,1.61322218971783,0.488073689474058,3.30528406777308,0.000948801826219684,0.00346306623246451
"Os04g0154599",20.8149581497874,6.37287207907766,1.92825150779218,3.30500043864844,0.000949762513349043,0.00346596677016409
"Os04g0309100",230.424913276385,1.11167062601586,0.336374723150901,3.30485779550433,0.000950246003873037,0.0034661296630134
"Os01g0970700",3640.99479477755,1.33283255103917,0.403311439364098,3.30472290382005,0.00095070343046812,0.00346691544988833
"Os01g0175400",167.947656196378,1.39869195374372,0.423269289155989,3.30449666341904,0.000951471084530227,0.00346839052340459
"Os02g0796700",3869.88105294057,0.720304527738867,0.217976030682746,3.30451254425877,0.000951417180679241,0.00346839052340459
"Os06g0644500",2099.33823751769,0.602291751581248,0.182300700862281,3.30383673091992,0.000953713576203291,0.00347479671736733
"Os11g0444900",1424.31030818586,1.62733125740834,0.492600641557129,3.30355082824148,0.000954686610308557,0.00347789965143812
"Os01g0925700",617.694755238382,1.15865625823089,0.350777436038777,3.30310943404812,0.000956190646199406,0.00348293597697755
"Os05g0110900",2913.83159136133,0.609633291219477,0.184626590428243,3.30197990335752,0.000960049483949015,0.00349610292502633
"Os09g0489500",1998.47232185836,0.887258138746384,0.26875564652439,3.30135626998208,0.000962186189940544,0.00350299348337693
"Os05g0513900",3650.48550138177,0.703381129108401,0.213063273318038,3.30127815157739,0.000962454151075278,0.00350352386438939
"Os04g0660000",409.509084912945,0.824657644162501,0.249811857524109,3.30111489636922,0.000963014370962853,0.00350511785528807
"Os07g0626300",1678.09873617771,0.77712661675384,0.235434352991246,3.30082083128597,0.00096402423467011,0.00350834781808307
"Os08g0538800",622.699994090457,0.570095449552526,0.172729888298764,3.30050262387975,0.00096511811155404,0.00351188266856062
"Os10g0209700",9.38225342675848,6.81114715895794,2.06369308311159,3.30046517803328,0.000965246911801099,0.00351190533548255
"Os02g0232400",17529.4747274816,0.577440618922937,0.17496975516446,3.30023105067605,0.000966052586724214,0.00351394423191852
"Os10g0572500",1282.12049467928,1.35448506666473,0.410534961744301,3.29931721505455,0.000969203224930723,0.0035240622843547
"Os10g0497432",138.525140351639,1.85968480759673,0.563849748749975,3.298192136681,0.000973095235735015,0.0035373159977518
"Os09g0514200",108.491136683652,1.82839858431873,0.554389325943532,3.2980407427703,0.000973620059767963,0.00353877482588756
"Os02g0232500",2249.21862945149,1.18033207874702,0.35797958538285,3.29720499978982,0.000976521977369363,0.00354752221320996
"Os12g0299150",1241.10526347159,1.04576552371194,0.317224647487324,3.29660867147384,0.000978597478915185,0.00355461143076545
"Os08g0434201",4.59086554230762,5.94338714549075,1.80306210328114,3.29627422964258,0.000979763280075273,0.00355839491706385
"Os05g0480500",92.3622353515178,1.43176390289436,0.434372015812628,3.29616975949934,0.000980127706811036,0.00355926730742076
"Os06g0361500",955.940877092922,1.21067091049135,0.367519394624519,3.29416876551032,0.000987132112872026,0.00358107233451624
"Os05g0200400",1596.93304754526,1.11547328891152,0.338712954472024,3.29327022832738,0.000990292463580685,0.00359121393350806
"Os12g0198200",153.003956960813,1.72060908554252,0.522482498166557,3.2931420508444,0.000990744054391231,0.00359235619418091
"Os02g0635600",282.576906231539,1.0142208015556,0.308032984641712,3.29257206897922,0.000992754506279725,0.003598735085264
"Os03g0137400",1877.13131267842,0.688747704755332,0.2092538191356,3.29144628088729,0.00099673651166666,0.0036122558224479
"Os08g0178700",2979.73724110614,0.538806763015588,0.163703428608158,3.29135906069067,0.000997045633065281,0.00361291911958852
"Os08g0374200",2961.08578950951,0.546116697710776,0.165929704431176,3.29125336287991,0.000997420360837628,0.0036138199517855
"Os06g0349800",907.595497035213,3.285667612516,0.99841224243216,3.29089275238856,0.000998699805555667,0.00361754068631871
"Os10g0205300",535.471673241025,0.779241000671624,0.236820024964235,3.29043542998236,0.00100032456907508,0.00362251005474459
"Os05g0374000",520.069345326689,0.91309767795059,0.277530065353092,3.29008562293561,0.00100156900610012,0.00362618262564837
"Os01g0221100",504.891018452603,2.00810887760983,0.610967862538939,3.2867667855146,0.00101344726240161,0.00366678759468757
"Os06g0676000",4413.29226868637,0.338731523876051,0.103114839088104,3.28499299297389,0.00101984907916984,0.00368715656988951
"Os06g0211300",4406.39480233726,0.575640347126599,0.175298287113145,3.28377622283928,0.00102426216121243,0.00370077672674131
"Os01g0251000",2350.45156228875,0.51919892903106,0.15815915342728,3.28276244390611,0.00102795250807443,0.00371177003923739
"Os11g0687100",1144.67479135824,4.24591739778841,1.2935342485125,3.28241591026368,0.00102921677538036,0.00371539864535694
"Os12g0121150",35.8434564575085,3.61787766260174,1.10249433298908,3.28153855702183,0.00103242408151776,0.00372603788684305
"Os10g0362300",6048.03563999904,0.88097975694366,0.268503319426528,3.2810758497335,0.00103411930554328,0.00373046704557461
"Os01g0818100",81.8576213301604,1.58523595423277,0.483240781844319,3.28042668125529,0.00103650201118302,0.00373793022333744
"Os09g0401000",158.493303074742,2.1120725505136,0.643900003893955,3.280125078026,0.00103761074216781,0.00374098691136178
"Os01g0738100",85.9196430092467,2.24394892225143,0.684247321057386,3.27944129731308,0.00104012847097826,0.00374770635695034
"Os05g0529200",1573.45836355259,0.679910841559137,0.20732052531994,3.27951533264682,0.001039855595005,0.00374770635695034
"Os08g0151600",517.603210034287,0.722729918822687,0.220378060540477,3.27950031436974,0.00103991094331221,0.00374770635695034
"Os08g0431100",4552.68726878334,0.474639473390267,0.14472688812399,3.27955281525597,0.00103971746861644,0.00374770635695034
"Os11g0600500",266.585690462518,2.15933550861868,0.658494262215385,3.27920170686679,0.00104101199650537,0.00374994665877194
"Os12g0586100",10080.2491645741,0.913763369702641,0.278711030434536,3.27853321154172,0.0010434808461834,0.00375678369383835
"Os04g0636000",580.566729245278,1.46293628881731,0.446283979652786,3.27803899650508,0.0010453095356575,0.00376211641950242
"Os10g0575700",511.390681465536,0.758987667589165,0.231583852027478,3.27737733414638,0.00104776245482009,0.00376999747023799
"Os04g0597800",1106.16844160235,1.07924005447972,0.329363862203583,3.27674094923209,0.00105012668885471,0.00377763433746706
"Os06g0130500",1419.32021861074,0.538166236175717,0.164294455205223,3.27562019974128,0.00105430239093516,0.00379067287050751
"Os07g0471300",861.07737883994,1.14267892570258,0.34886492994289,3.27541930307997,0.00105505251587175,0.00379289393786166
"Os04g0523000",93.1317807428138,1.81845606304842,0.555235927182124,3.27510518326373,0.00105622639270056,0.00379663763689079
"Os01g0939100",165.926068406216,1.48318008396733,0.453049197190686,3.27377267891519,0.00106121945610133,0.00381315022024269
"Os01g0931400",1171.32526320317,0.528368601049596,0.16139680635438,3.27372401588576,0.00106140221529392,0.00381332868621959
"Os03g0140400",215.417074667946,2.15947846998881,0.659679188179606,3.27352826750215,0.00106213766338519,0.00381549251897098
"Os05g0511000",1487.53351035704,0.628478595652365,0.192032365905371,3.27277431952312,0.00106497473544247,0.00382424565984429
"Os12g0507350",310.334509771833,0.890109727388435,0.272118771526167,3.27103390330734,0.00107155063368258,0.00384641302383781
"Os03g0392400",2224.1078597432,0.383705832594514,0.117350418557327,3.26974404788398,0.00107644836797935,0.00386214119204853
"Os08g0529000",21.3511321063726,7.73907309039388,2.36687866854829,3.26973798582612,0.00107647143514238,0.00386214119204853
"Os05g0256350",10.5499087998653,7.49163034534069,2.29154634977312,3.26924670150461,0.00107834237645242,0.00386836932141164
"Os01g0100800",1707.13850701462,0.614195110114899,0.187929392267544,3.26822272292834,0.00108225163077242,0.00388045770368196
"Os04g0617700",178.953538047291,1.60077120939649,0.48979877757496,3.268222140778,0.00108225385697761,0.00388045770368196
"Os04g0649500",4269.29478624902,0.750374359069561,0.229595616448212,3.26824340411053,0.00108217254646532,0.00388045770368196
"Os11g0100151",4.19602862514573,5.77110459431144,1.76638625171976,3.26718156274863,0.00108623991597645,0.00389328822523858
"Os06g0661500",987.586393696713,1.09407534975076,0.334900817101796,3.26686378139893,0.00108745991942432,0.00389668604444041
"Os09g0307800",1320.20470601308,0.657892806535728,0.201448524150545,3.26581100214007,0.00109151073393598,0.00391022324940408
"Os03g0308000",4984.56975539159,0.297018704200973,0.090958419491984,3.26543387472942,0.00109296521159517,0.00391474033720603
"Os12g0640800",2192.74137426234,0.542615485503847,0.166170542069428,3.26541322394637,0.00109304490777776,0.00391474033720603
"Os05g0231600",63.9677091078767,1.95147900083734,0.597737732206067,3.26477465900475,0.00109551193277,0.0039221051977666
"Os03g0333800",689.392895748101,0.458571774776478,0.140477050157056,3.26438926688584,0.00109700334327137,0.00392597299418078
"Os07g0405100",2585.55990972166,0.5239552672218,0.160518763529863,3.26413719928963,0.00109797982302348,0.0039289768813874
"Os04g0438101",151.552565721439,2.12504715267063,0.651148379873843,3.2635374952209,0.00110030623694408,0.00393631842938216
"Os01g0609000",96.3715750515549,1.45996231737715,0.447391097995402,3.26327976555348,0.00110130743963124,0.00393940833462102
"Os01g0930200",5771.78546511443,0.569830079749289,0.174665165655131,3.26241398857054,0.00110467689603547,0.00395096772253254
"Os07g0196100",718.19395576353,0.377433743273254,0.115705342221822,3.26202521012095,0.00110619305477919,0.00395589658082043
"Os04g0677300",393.700718703567,1.40428799526895,0.430502830026858,3.26197157677532,0.00110640236514673,0.00395615132487011
"Os06g0232200",1563.60190418086,0.649957820027252,0.199392333186141,3.2596931368494,0.00111532814003515,0.00398657458436716
"Os01g0197900",38.3725107364561,3.34192114908027,1.02530716342484,3.25943411720368,0.00111634705170362,0.00398971881319848
"Os11g0592500",4500.63330917296,0.94081707281648,0.288683545998194,3.2589909811568,0.00111809222233199,0.00399545751487356
"Os03g0195800",1273.70477230371,0.855727041211942,0.262641512920312,3.25815607630762,0.00112138712283426,0.00400673199195002
"Os04g0550500",966.474026137628,0.465747568802662,0.142961498477732,3.25785315460448,0.00112258480242874,0.00401051119191874
"Os11g0276300",2221.00982833674,0.805616493018492,0.247328500906718,3.25727318147752,0.00112488117711225,0.00401771322446027
"Os04g0321600",6648.09531455871,0.328344773794184,0.100806459857451,3.25717988964687,0.0011252509666851,0.00401853305465057
"Os01g0819200",69.0649282521279,2.27253598825517,0.697864065068449,3.256416402573,0.00112828149811289,0.00402739150632067
"Os02g0569900",234.76023553539,3.57185851266315,1.09690708425946,3.25629997646936,0.00112874429412144,0.00402799620315949
"Os06g0255001",108.849057314629,1.41980395450779,0.436033588326617,3.25618024050996,0.00112922042991311,0.00402919349413082
"Os02g0805600",3033.30092961058,0.536044763470335,0.164667646477965,3.25531320168631,0.00113267379570446,0.00404000617384838
"Os03g0448700",4686.52941676936,0.550467684036736,0.169097196609869,3.25533299825628,0.00113259483831188,0.00404000617384838
"Os01g0971200",2170.03337042115,0.580622281272318,0.17840547702666,3.25450928384645,0.00113588447451199,0.00405044952877628
"Os04g0372775",66.0133663077568,1.52671697759325,0.469124733131554,3.25439455601059,0.00113634335874418,0.00405158162204309
"Os03g0305000",1837.39310209645,0.6819469008231,0.209593414476798,3.25366568661245,0.00113926266909829,0.00406097959629315
"Os03g0795800",5361.05761184791,0.471197456832788,0.144850353666478,3.25299486612048,0.00114195560351837,0.00406956616318511
"Os01g0693400",1415.57245532787,0.859144036176615,0.264168724982285,3.25225492243349,0.00114493284918181,0.00407825509193946
"Os04g0514600",532.336760605641,1.35351410134292,0.41624045055486,3.2517601293643,0.00114692770525488,0.00408372966459088
"Os08g0310001",1415.97702108095,0.69465656461297,0.213630555267458,3.25167232628912,0.00114728203616154,0.00408448371025103
"Os12g0101800",6877.08503718635,1.31203851889372,0.403509833201559,3.25156516876835,0.00114771460937853,0.00408551608745355
"Os02g0232100",317.213693760159,0.863466588104151,0.265562761016639,3.25145959771841,0.00114814092575012,0.00408652593845867
"Os02g0165100",871.172665730802,0.616794376061801,0.189783123421702,3.24999591608192,0.00115406665782362,0.00410455783018402
"Os01g0168200",1445.55987852776,0.841091857203681,0.25882586735739,3.24964373071062,0.00115549669710655,0.00410863442618026
"Os03g0358200",49.9655476941014,1.48158716579968,0.455923055221795,3.24964300188532,0.00115549965817955,0.00410863442618026
"Os06g0693000",1672.97882166237,0.853347581344281,0.262640949119689,3.24910332605978,0.00115769418054174,0.00411541608695806
"Os02g0552100",386.359550869193,0.863925082819548,0.265950222541971,3.24844654974187,0.00116037007317999,0.00412339369177144
"Os07g0160400",673.596196607492,1.00725927317773,0.310087579168652,3.24830577180229,0.00116094438577898,0.00412492293419387
"Os11g0454000",8.96223965899933,7.34723253770526,2.26387799350693,3.24541894871455,0.00117277944523123,0.00416232833702034
"Os06g0722100",2409.03455530588,0.838633278634769,0.258511075934692,3.24409031838401,0.00117826378598708,0.00418023947450493
"Os04g0339800",27.9252716458661,5.45401070962317,1.68139994778025,3.24373193708222,0.00117974717078837,0.00418498402097666
"Os02g0206700",83.7913940447108,1.24020590297933,0.382429897117548,3.24296272944929,0.00118293684523362,0.00419422181532407
"Os05g0119200",829.950307265654,1.43420251391092,0.442269286469264,3.24282639059222,0.00118350303242647,0.00419571008229191
"Os05g0411300",3313.48203303997,0.576903185512809,0.177907243248002,3.24271893027205,0.00118394946944394,0.00419625435409547
"Os06g0213200",657.152661407697,0.650132790437963,0.200521944928542,3.24220269591761,0.00118609630200488,0.00420334338219466
"Os05g0339000",1913.23659868818,1.05216407588917,0.32457435314786,3.24167348924781,0.00118830081472525,0.00421063504124509
"Os03g0805500",2440.65598253536,0.572751033659702,0.176728526157842,3.24085220485662,0.00119172953103781,0.00422069648001177
"Os06g0583600",75.4833648525436,3.64007892973734,1.12348356604198,3.23999303573376,0.00119532618999298,0.00423238828419165
"Os02g0202900",255.458286881623,1.53681376753999,0.474393586836874,3.23953318548643,0.00119725533540235,0.00423817146898298
"Os01g0797900",1650.39421038578,1.409618618725,0.435292164157893,3.23832757580652,0.00120232672515603,0.00425507229856357
"Os10g0178800",155.879916122377,1.95160699728636,0.602708756378262,3.23805980356708,0.0012034557973815,0.00425854211517533
"Os10g0316400",2323.16045210699,0.794259965948005,0.245319065272221,3.23766098271508,0.00120513925716558,0.00426372583196155
"Os12g0556200",2333.88179550432,1.4322067489144,0.442361024619764,3.23764226322938,0.00120521832727407,0.00426372583196155
"Os02g0148100",5094.01603083626,0.548593830196917,0.169542386441321,3.23573261950507,0.00121330978790555,0.00428917360185932
"Os03g0210800",3386.24906990765,0.425247104895416,0.131440601197297,3.23527967022234,0.00121523635340196,0.00429545423114643
"Os01g0642700",138.952059665824,2.49309012281264,0.770748721968611,3.23463413140006,0.00121798695895375,0.00430333536832056
"Os03g0833300",6245.22137905539,0.533639880799744,0.164977845091341,3.23461541459879,0.00121806679593326,0.00430333536832056
"Os07g0588200",1012.55193606917,0.716459305561919,0.221510795389466,3.23442161950717,0.00121889371786784,0.00430545533208278
"Os01g0764800",1621.39739160323,0.875707589821253,0.270807295854498,3.23369275210282,0.00122200843314617,0.00431513256427213
"Os02g0111500",19.140010861719,8.02059992164993,2.48160263826402,3.23202425641385,0.00122916621691666,0.00433987312964833
"Os03g0158800",59.4499899360138,2.11669863259696,0.654951362667055,3.23184094766589,0.00122995496078984,0.00434212290987563
"Os11g0597601",10.8442147488334,6.72206436160943,2.08002146503695,3.23172836175035,0.00123043962898733,0.00434329878646607
"Os12g0265701",12.3729342849916,7.64343621838229,2.3652703350568,3.23152753623773,0.00123130459548613,0.00434581661368177
"Os12g0190000",18878.93242077,0.504016568157452,0.155975045080069,3.23139235445463,0.00123188714702397,0.00434733717656493
"Os10g0445900",75.4376690886111,1.51777945764102,0.469705998206404,3.23133931318046,0.00123211579228406,0.00434760858134519
"Os04g0469425",10.6676307104364,3.52492871651389,1.09088794556636,3.23124728881648,0.00123251257511234,0.00434847313164868
"Os05g0412000",1618.55659624544,0.625476309560831,0.193599767037388,3.23076994942891,0.00123457262073767,0.00435520496544887
"Os04g0683500",557.639436800422,0.922701304755341,0.28561267461981,3.23060349469289,0.00123529173409567,0.00435720531396147
"Os06g0152200",3046.31488275158,0.45705904934064,0.141515952270916,3.2297351783045,0.00123904928775634,0.00436884570425729
"Os08g0446200",863.236350523323,1.08252310803241,0.335193898950563,3.22954299413448,0.00123988237115731,0.00437124519483193
"Os02g0531200",508.426708092932,0.640346732521362,0.198358713071857,3.22822588735686,0.00124560572367207,0.0043898026069683
"Os02g0795100",8.65206981734959,6.85098105833109,2.12309802160737,3.22687930025214,0.00125148239256081,0.00440726075610279
"Os04g0618950",231.42035974041,1.22001251480559,0.378141982712804,3.22633447376875,0.00125386734725249,0.00441511702512946
"Os04g0613300",585.436434848308,1.23351092736989,0.38233757635197,3.22623514837148,0.00125430259194763,0.00441586612355397
"Os06g0260000",694.99427663623,1.00407969163023,0.311267018302401,3.22578247161011,0.00125628799238675,0.00442201026509399
"Os06g0141166",1580.83256014254,0.773240930619869,0.239737362338529,3.22536680589649,0.00125811362069114,0.00442680479676319
"Os08g0201500",8.53678988062661,7.27684089846984,2.25621595063782,3.22524131451722,0.00125866526741986,0.00442820201892361
"Os07g0661201",818.521115553665,0.84527869708192,0.262156797869613,3.22432492291247,0.00126270040212077,0.00444130762602067
"Os05g0489200",60.3166401217991,2.42637531677528,0.752627889421307,3.22387111995134,0.00126470304510359,0.00444780552943514
"Os09g0534000",774.414558886525,0.446184325478556,0.138414079581044,3.22354724916049,0.00126613408714287,0.00445119924721688
"Os02g0256200",3489.35394755884,0.92357269356334,0.286564658514356,3.22291205884019,0.00126894505476893,0.00445998696138854
"Os04g0576500",7374.59730231523,0.424346478082161,0.131676740531496,3.22263807844378,0.00127015930362854,0.0044633223468056
"Os06g0535400",609.121496573913,0.548343351323814,0.170182656311342,3.22208715746358,0.00127260416820264,0.00447065407397524
"Os07g0117200",53.0677116734512,9.83096639684434,3.05138038145356,3.22180953138371,0.00127383785648035,0.00447389093697902
"Os10g0542200",14139.069726804,0.351992025515191,0.109291152698545,3.22068179192949,0.00127886055710921,0.00448988024534898
"Os02g0105000",1088.08290488002,0.598524611712095,0.185846609526876,3.22053016321259,0.00127953727019769,0.00449170569293116
"Os06g0647801",926.513945434455,1.2469026167934,0.38730471445631,3.2194356801047,0.00128443171863224,0.00450612680326325
"Os11g0207000",4688.07350897218,0.512719988529723,0.159284286718094,3.21889873190788,0.00128683922529411,0.00451402025993227
"Os08g0308700",355.557454233331,0.954202121466094,0.296442303059744,3.21884600010609,0.00128707588256881,0.0045142977337938
"Os05g0494100",972.841813814819,0.594805100488883,0.184809600604167,3.21847511462817,0.0012887415304063,0.00451958657640162
"Os05g0463400",838.47078106948,1.40625412423422,0.436949763466227,3.21834279775943,0.00128933624724752,0.00452111885401247
"Os06g0199200",12780.5584622607,0.353314163402131,0.109799504878091,3.21781199099588,0.0012917245805117,0.00452893938825517
"Os03g0370900",1150.48331322069,0.648705508386527,0.201617621594454,3.21750402200147,0.00129311213976571,0.0045332496058445
"Os02g0204700",1317.94364906429,0.452398998241726,0.140608770155468,3.21743087391718,0.00129344191175611,0.00453385094881772
"Os03g0161800",24644.2298940498,0.845099217999907,0.262730176939188,3.21660506549088,0.00129717027534589,0.00454580757451205
"Os04g0437700",20.4084956504536,2.73268253257039,0.849853752696491,3.21547386700346,0.00130229351600086,0.00456097223083444
"Os11g0629900",6.67192228084515,6.00283563736637,1.8669103195752,3.21538510683913,0.00130269630324252,0.00456182528483314
"Os07g0178600",261.454258263093,0.751510991256076,0.233760954292641,3.21486962410016,0.00130503780050728,0.00456834979354119
"Os03g0603600",571.895984813266,1.4204568732828,0.441911046510823,3.21435022839606,0.00130740099970098,0.00457550426816081
"Os06g0210900",61.349633168247,1.79998169738493,0.559980295710478,3.21436613247471,0.00130732857913891,0.00457550426816081
"Os02g0767400",1338.03255536992,0.534452838627948,0.16629740219926,3.21383756787469,0.00130973742668126,0.0045820020450881
"Os01g0222600",2750.25531133688,0.987664555387392,0.307331716931374,3.21367597607225,0.00131047467226619,0.00458402152481638
"Os02g0656200",1939.31153278748,0.4850929420594,0.150981609068065,3.21292735621007,0.00131389517108484,0.00459318258198181
"Os07g0569700",1840.39728242501,0.478182283184306,0.148847616088831,3.21256259085085,0.00131556479410078,0.00459845827504887
"Os12g0113001",32.4006002067917,1.50254179566053,0.467752520929219,3.21225803909221,0.001316960303793,0.00460234985004634
"Os03g0333700",2354.00687396409,1.11789422250766,0.348183561575827,3.21064618171013,0.00132436889109306,0.0046258463327561
"Os05g0159000",6661.0084684398,0.585113116376597,0.182260982731977,3.2103037501835,0.00132594775517783,0.00462966793582197
"Os02g0133400",7.46950752604858,6.73287573049756,2.09766519883306,3.20969987691224,0.00132873629285217,0.00463883907186554
"Os02g0649700",2896.51210920069,0.647932607402288,0.201869381445176,3.20966261829189,0.00132890852106363,0.00463887511519434
"Os11g0553500",15.1701819986296,4.83104940728376,1.50556026816713,3.20880506043446,0.00133287828512847,0.00465103259353318
"Os01g0148200",4.79708879445493,5.9732927546259,1.86162522447462,3.20864407942885,0.00133362470900203,0.0046530705263427
"Os05g0224900",1716.01149598981,1.10877037097449,0.345693105505011,3.20738352405012,0.00133948289890767,0.00467066618224443
"Os03g0796900",2287.77780438916,0.583404223529038,0.181904588819492,3.20719904492329,0.00134034221907293,0.00467257405514791
"Os06g0238700",48.3673032641409,2.13157660385054,0.664713896881392,3.2067579959606,0.00134239872625919,0.00467855593051677
"Os02g0533000",1711.9858388653,0.540894441227215,0.168736350336655,3.2055596802233,0.00134800089754752,0.00469551137727472
"Os08g0519700",3796.77602915426,1.34009650725496,0.418086163662585,3.20531178433466,0.00134916250921383,0.00469812885439894
"Os05g0392700",4900.05643226849,0.698721969805616,0.218019871157253,3.20485452127271,0.00135130761436595,0.00470445513570025
"Os04g0162100",2932.38761147789,0.623671509235423,0.194616581181604,3.20461651031396,0.00135242541219303,0.00470777462157146
"Os05g0196100",3437.32950513281,1.15273877659103,0.359765617209346,3.20413825404625,0.00135467408065352,0.00471273940734394
"Os07g0654900",13.5140994328987,7.68515847450701,2.39930164714658,3.20308139814214,0.00135965544974274,0.00472834663745952
"Os01g0763750",1404.6793546081,0.691154298439817,0.2157853691324,3.20297108751494,0.00136017635888975,0.00472958410617828
"Os05g0104100",3490.1731738842,0.529849808259949,0.16543271724107,3.20281149397945,0.00136093031775095,0.00473163153309067
"Os08g0199000",799.773921816752,0.62140649300331,0.194077013341647,3.20185519296614,0.00136545619900116,0.00474506379791163
"Os09g0511600",11275.4282416425,1.64153098086402,0.512712722426311,3.20165837332025,0.00136638940736104,0.00474773093617614
"Os10g0541200",2005.34091180987,1.00692474293736,0.314508551020082,3.20158145039772,0.0013667542925718,0.00474842294055624
"Os08g0476900",879.78050543981,0.956195497583819,0.298679495365428,3.20140991404159,0.00136756830193552,0.0047506749499341
"Os06g0206100",6513.96559711487,0.333603607355908,0.104214302746096,3.20113073316517,0.00136889408424746,0.00475470400071018
"Os03g0762200",294.237817307927,2.78076441375566,0.868762519158753,3.20083377497496,0.00137030558900761,0.00475787636163913
"Os11g0594000",7.18894842585967,6.59048639912474,2.05955869394267,3.1999507557167,0.00137451069976268,0.00477132064085297
"Os11g0592700",838.90082521138,0.879862780079176,0.274974527729489,3.19979740430632,0.00137524220103452,0.0047732815922521
"Os04g0339400",23105.8894212758,1.91399539444176,0.598475062438339,3.19812054765265,0.00138326443349234,0.0047988004054271
"Os02g0100700",5989.37073821793,0.332459472653502,0.104011200469901,3.19638145845369,0.00139162996295616,0.00482723749377965
"Os11g0550900",1922.43494625903,0.508174623414108,0.159000985179631,3.19604701090372,0.00139324409283907,0.00483166663616861
"Os02g0661500",621.943406955901,0.980977040843143,0.307001035222633,3.19535417895823,0.00139659337201819,0.0048421095468375
"Os07g0417200",649.446433680471,3.30603081143827,1.0348318893331,3.19475157802574,0.00139951249292793,0.00485105636914722
"Os04g0576700",965.881426859713,0.477580794245426,0.149524900367303,3.19398837967633,0.00140321765516791,0.00486272281759445
"Os04g0404800",8484.32746317437,0.513822422952149,0.160914451158016,3.19314032552354,0.00140734538170068,0.00487643728098778
"Os02g0719100",1687.89932911082,0.48840377612768,0.152972961673831,3.19274576881799,0.00140926961754709,0.00488251427835058
"Os03g0741500",8.41422065543363,6.54891128087193,2.05215255224936,3.19123998539664,0.00141663557350726,0.00490447588836758
"Os05g0562400",8169.65680292176,0.655174749008046,0.205311880561121,3.19111951640325,0.00141722641172348,0.00490533596867616
"Os03g0792500",3806.01889324142,0.480659170534825,0.150650882234622,3.19054998819224,0.00142002273064493,0.00491442097819042
"Os03g0843600",1366.85538474965,0.767017003228149,0.240481996892968,3.18949864496313,0.00142519807247553,0.00492935480113097
"Os08g0326300",1754.05953470714,0.660696366894222,0.207164409432972,3.18923684190064,0.00142648952545265,0.00493263068830187
"Os04g0640200",274.474714202056,1.0313996501589,0.323421709937631,3.18902417020118,0.00142753941149992,0.00493566540585203
"Os02g0629400",1900.86915820896,0.713000944500464,0.223585523160548,3.18894056476315,0.00142795233742764,0.00493649739044122
"Os12g0148400",244.784863032718,1.44848810408506,0.4542452039348,3.1887801820203,0.00142874477346866,0.00493864100005116
"Os04g0677800",1295.28040204509,0.41840121749735,0.131269855821514,3.18733661188936,0.00143589558501828,0.00496036656642678
"Os03g0157800",1770.19716652841,0.607838131242622,0.190744178382532,3.18666675123169,0.00143922497359504,0.00496887262844259
"Os03g0850600",621.535163569137,1.28454451531816,0.40318846561303,3.18596543520922,0.00144271832762236,0.00497793419111704
"Os08g0427900",3838.57595122374,0.368333378458156,0.115622070974857,3.18566667551088,0.00144420886435432,0.00498247710794461
"Os01g0772600",10310.8858125925,0.48873315217366,0.153443089147098,3.18511022484133,0.00144698882702217,0.00499086600118444
"Os01g0740650",858.249266629034,0.500460295635873,0.157152867306405,3.1845444770671,0.00144982029271968,0.00499942845432714
"Os11g0473000",2324.86159618073,0.657229998931053,0.20640822685558,3.18412695532191,0.00145191318790651,0.00500544057994193
"Os07g0150500",5383.21771267515,0.556399668265942,0.174796719012038,3.18312421085904,0.00145695098592807,0.00502099586827173
"Os04g0613600",4869.37703575619,3.64403402584508,1.14519811890437,3.18201188570881,0.00146255816223288,0.0050370975909896
"Os03g0804400",1910.1905564263,0.83890538115182,0.263663260954522,3.18173028018688,0.00146398087310488,0.00503916145797706
"Os06g0727400",1254.14118388327,0.839604704171604,0.263875305447956,3.18182371308405,0.00146350869559142,0.00503916145797706
"Os09g0133200",5992.69626719245,0.514678144478673,0.16175999275153,3.18173941358443,0.00146393470988553,0.00503916145797706
"Os08g0349300",14.6417640932334,7.30356898036064,2.29566540696061,3.18146057270182,0.00146534466902465,0.00504324990473204
"Os08g0305300",10514.0090951188,0.508719808668318,0.159914815235044,3.18119248626588,0.00146670142817972,0.00504731315400015
"Os01g0171800",710.796369049707,0.781280102894905,0.245651457611842,3.18044155117295,0.0014705080023959,0.00505919732044275
"Os06g0691000",2698.33508106939,0.565127579812935,0.177695934074751,3.18030675690759,0.00147119225264305,0.00506033618520152
"Os01g0837000",1682.93448529836,0.513768249099711,0.161553409638689,3.18017583317333,0.00147185713595729,0.00506201544345796
"Os10g0196100",163.273167872256,1.63629865943127,0.514697993681134,3.17914326366112,0.00147711065043469,0.00507825466237757
"Os04g0675300",6542.47861293653,0.878953463012443,0.276545071952424,3.17833710363009,0.00148122424233609,0.00508934368526366
"Os03g0356400",754.613421157113,0.959511602940453,0.30194145536552,3.17780677641267,0.00148393609579263,0.00509805000199646
"Os06g0239700",1069.51466530189,0.870084448213569,0.27381024830359,3.17769131580807,0.00148452711517776,0.00509946899701152
"Os01g0510701",158.751347374688,1.3002624837835,0.409289830981682,3.17687463835791,0.00148871371774105,0.00511262440857204
"Os07g0418700",496.56789848104,4.18162197651485,1.31636118542622,3.17665244372949,0.0014898546538465,0.0051159294753128
"Os04g0564300",682.124394461898,0.783938131315427,0.246797029363599,3.17644881438371,0.00149090096743902,0.00511890886986973
"Os08g0557800",9616.74075322219,1.82078552121765,0.573306345330053,3.17593819787469,0.00149352765872708,0.00512511579118177
"Os11g0294300",209.56032108617,1.11240677966507,0.350262456259329,3.17592353900888,0.00149360312914867,0.00512511579118177
"Os11g0151500",3403.61685137966,0.819957129503846,0.25823525992841,3.17523304033369,0.00149716210971165,0.00513671282091464
"Os06g0336500",10.5017462926457,7.38109815588734,2.32507427471605,3.17456445850047,0.00150061556956372,0.00514794507891997
"Os07g0438500",5426.66947560387,1.00138814996437,0.315515772250975,3.17381328616379,0.00150450439226298,0.00516066800516209
"Os04g0450100",5322.61196109377,0.473912094175062,0.149326682918629,3.17365982363183,0.00150530000974575,0.0051627790135546
"Os12g0606600",226.641218022754,2.25655003600834,0.711186527603248,3.17293698407517,0.00150905274415123,0.00517379193794676
"Os12g0164300",796.058670488031,0.888998539129939,0.280230743323767,3.17238047683736,0.00151194780818912,0.0051830974635361
"Os02g0608100",1981.48891387304,0.637556804003294,0.200993232649449,3.17203119527538,0.00151376745445912,0.00518765561163554
"Os11g0130200",12.6466253847761,7.844398908665,2.47299715903519,3.1720209948504,0.00151382062574636,0.00518765561163554
"Os02g0568600",44.352859517637,2.86893031406688,0.904779844443843,3.17086010667089,0.00151988318624634,0.00520517654651414
"Os10g0572400",1532.20777130657,0.576685225230871,0.181887613495667,3.17055798439297,0.00152146463693833,0.00520762212131849
"Os09g0541100",183.704853055615,0.901217720363443,0.284251766864578,3.17049118218075,0.0015218145158257,0.00520819750447181
"Os06g0662000",23271.0625170858,0.589794845870855,0.18605332530175,3.17003119892804,0.00152422570678794,0.00521582646015624
"Os01g0855200",309.42081889449,1.54216813224015,0.486689812550005,3.16868792498445,0.00153128718540527,0.00523811371015184
"Os08g0494400",4368.24526388243,0.537375323377695,0.169656650923066,3.16742857090454,0.00153793485892529,0.00525646064391356
"Os04g0266400",2672.05342496907,0.658319245190691,0.207869373007817,3.16698528342573,0.00154028113015561,0.00526385197295068
"Os07g0647800",2329.86558481029,0.450473713097312,0.142256425168074,3.16663175364545,0.00154215468633229,0.00526962624600987
"Os01g0507900",1962.75676100328,0.374043687562757,0.118128632727802,3.1664100305355,0.00154333079439669,0.00527263671010452
"Os06g0697500",80.6713329718496,2.65257658850924,0.837820721466281,3.1660431886513,0.00154527848457844,0.00527778270832535
"Os07g0570300",9703.77846604188,0.573945939296819,0.18128106255153,3.16605568843504,0.0015452120816774,0.00527778270832535
"Os03g0340500",5684.75911945821,0.900839865725696,0.284577168664839,3.16553808568761,0.00154796395485198,0.00528569458162544
"Os11g0173800",198.547377497853,1.88847340157349,0.596604441642084,3.16536932976176,0.00154886213332583,0.00528813129695562
"Os11g0705900",425.038694455717,0.811246620222533,0.256385435043423,3.16416812088072,0.00155526926937287,0.00530874137551484
"Os01g0782100",1307.66907768026,0.864754488191098,0.273320009641991,3.16389015690362,0.00155675537645892,0.0053131671004484
"Os05g0392100",3180.21260762667,0.464856235730597,0.146927103622887,3.16385625434861,0.00155693672258009,0.0053131671004484
"Os06g0603300",473.451334271393,1.29753526690702,0.410160206896587,3.16348403645643,0.00155892901056485,0.00531869897722126
"Os07g0190000",1056.44834162746,3.23816772285494,1.02394705265411,3.16243668504291,0.00156454753868982,0.00533532683629382
"Os12g0566500",4548.07959916248,0.511118822519319,0.16163322452685,3.16221385804509,0.00156574529944989,0.00533877595142666
"Os03g0773800",5188.56787994567,0.857831845541455,0.271306951324577,3.16184985807898,0.00156770372279912,0.00534418168538257
"Os05g0479800",467.244905063863,1.56496710009566,0.49495198993513,3.16185636570684,0.00156766869011763,0.00534418168538257
"Os05g0539900",467.223915709378,1.1531195401641,0.364782244667562,3.16111750782984,0.00157165081119258,0.0053563624410955
"Os08g0538100",119.896380434312,2.17383244610928,0.687710469863691,3.1609704103242,0.00157244471328901,0.00535779354562454
"Os03g0830800",31.6949527345804,2.20386286693256,0.697300223637673,3.16056526618543,0.00157463323204345,0.00536397471935668
"Os01g0916350",1634.40479739794,1.41340274261733,0.447300642881545,3.15984956675242,0.00157850617113558,0.00537525063173004
"Os01g0305300",55.1013018527047,2.72311682014988,0.861811582098935,3.15975890404925,0.00157899740906321,0.0053762844639904
"Os12g0622850",160.052065366314,3.32078553890432,1.05122702522323,3.15896134633633,0.0015833248868906,0.00539037840532196
"Os03g0693400",1455.46085931057,0.524139946416703,0.16592909291843,3.15881884965386,0.00158409921006692,0.005391733258118
"Os08g0154225",30.7986641758246,3.53171457675182,1.1180433631241,3.15883506242843,0.00158401109270863,0.005391733258118
"Os02g0219900",1863.90825120544,0.708822868711122,0.224440260961572,3.15818055848939,0.00158757194746784,0.00540098687234012
"Os12g0231000",9.50793469283103,6.8907612179266,2.18190914397632,3.15813389249052,0.00158782611693055,0.00540121024602804
"Os01g0369200",120.459510337772,3.36888957197399,1.06736436900332,3.15626947067737,0.00159801151345775,0.00543134352118522
"Os08g0230000",3323.11751415219,0.558186930475013,0.176854793645126,3.1561877344137,0.00159845941444625,0.00543222146159577
"Os06g0523100",5731.30228085514,0.736698451530761,0.233447129627245,3.15574002861838,0.00160091481773778,0.0054396503680507
"Os08g0100500",2984.01768627037,0.74355053033759,0.235619936559898,3.15571993267457,0.00160102511356176,0.0054396503680507
"Os03g0854000",2642.14187234928,1.13246999728547,0.3588852528829,3.15552112601011,0.00160211663333952,0.00544271351416219
"Os09g0419100",129.361515986384,2.75691455417852,0.873739977661369,3.15530320766323,0.00160331387001483,0.00544613503303673
"Os09g0491644",808.567982296438,0.443991572664269,0.140717427255721,3.15519961758125,0.00160388327947183,0.00544677773182729
"Os06g0503600",705.209986443327,0.56255483054502,0.17834695160589,3.1542721951769,0.00160898939415272,0.00546217584375162
"Os04g0607100",1248.26594458975,0.676493756990727,0.214489719006102,3.15396821873537,0.00161066625205386,0.00546722064374449
"Os07g0406300",10198.4203945885,0.53760962033131,0.170483769868865,3.15343578303574,0.00161360726110238,0.00547655475540221
"Os10g0477000",3161.54253205058,0.695328554497398,0.220579871891595,3.15227562938798,0.00162003271534131,0.0054977114011559
"Os12g0595800",1032.13796120779,0.78553331148927,0.249209936118369,3.15209467055984,0.00162103706737025,0.00550046826791713
"Os01g0777700",816.506604071731,1.1760921237387,0.373232487981826,3.15109793924469,0.00162657937316655,0.00551862074599978
"Os04g0111225",66.98609413785,2.71174545458023,0.860696349018824,3.15064128908129,0.00162912438844467,0.00552660099191529
"Os01g0636700",3001.02616481378,0.633907256328797,0.201231099329743,3.15014557113788,0.00163189128539851,0.00553402167229709
"Os12g0580700",852.208221028722,0.667922615724864,0.212045950564784,3.14989564264657,0.00163328792434939,0.00553810243887086
"Os02g0137500",6779.0104573744,0.698331325705192,0.221762752084301,3.14900189117299,0.00163829135055695,0.00555375340465661
"Os07g0165650",171.507234296607,0.84789549434959,0.269305754154854,3.14844923017145,0.0016413923275753,0.00556294925120503
"Os12g0149100",391.278981786812,0.64978472337567,0.206411254787133,3.14801014143234,0.00164385990081471,0.00557065332680579
"Os12g0641100",10778.1707046673,0.762564666606618,0.242264989455517,3.14764699728367,0.00164590326223017,0.005576258752444
"Os01g0846000",9.59727202705287,7.32261302057482,2.32676914478165,3.14711626505688,0.0016488938226428,0.0055837496520933
"Os02g0739100",1012.703736641,0.573252965227429,0.182255170581416,3.14533169840221,0.0016589861760712,0.00561527134279881
"Os02g0512300",1075.41808009224,0.496214860272052,0.157766741903798,3.14524375850159,0.00165948497352817,0.00561570442185393
"Os12g0160900",993.073299490876,0.824315612398514,0.262104764157349,3.14498523156815,0.00166095214438391,0.00561993396798391
"Os05g0132100",439.128153703059,1.34256323048718,0.426908922750218,3.14484696604176,0.00166173730730562,0.00562192671258951
"Os10g0578800",833.107818689197,1.96638737678113,0.625355411042494,3.14443169765347,0.00166409752882198,0.00562858250452217
"Os03g0701300",310.836599190446,1.19078998278669,0.378757082498852,3.1439411638997,0.00166688950226315,0.00563669515152176
"Os09g0436500",16.8186527927354,7.7483431032784,2.46463560221392,3.14380880334532,0.00166764359748425,0.00563857969732341
"Os09g0420600",1238.42397478581,0.357607573677135,0.113751037911176,3.14377416016528,0.00166784102122133,0.00563858182183288
"Os02g0588700",875.717569052094,1.41913331372919,0.451454662043672,3.14346806677104,0.00166958631360165,0.00564381631162277
"Os09g0491852",391.782631601616,2.52713476222669,0.804029353277678,3.14308768942908,0.00167175750176103,0.00565048908109672
"Os11g0621000",1510.58413381081,0.39983537054688,0.12726075363512,3.14185920738206,0.0016787874131187,0.00567322428527095
"Os10g0365050",264.652745889175,0.991807265560952,0.315738365190536,3.14123139569192,0.00168239051683426,0.00568374638466397
"Os07g0232200",2557.97890508964,0.439157010591652,0.139844856105827,3.14031579580819,0.00168765803348754,0.0056988542104284
"Os08g0338200",2795.54841677915,0.455434089450911,0.145031998690084,3.14023176653671,0.00168814221963099,0.00569954075753779
"Os03g0753500",5315.01512580516,0.488360337322446,0.155524654765598,3.14008308238002,0.0016889992676184,0.00570136746180518
"Os07g0688200",361.172379450979,1.25592819551106,0.400054588862056,3.13939204917887,0.00169298778948674,0.00571415786834423
"Os08g0510500",1178.29981532593,0.565998394004132,0.180304097935419,3.13913216884765,0.00169449001342898,0.00571855451881826
"Os02g0277700",79.8831281189318,3.96511598253068,1.26375546557272,3.13756584287747,0.00170357006906763,0.00574784380816364
"Os06g0213400",2181.9143671759,0.872079466534646,0.277953404172008,3.13750237789845,0.00170393891979269,0.00574841138936772
"Os05g0561400",736.687237224323,2.23395430764165,0.712142458583427,3.13694862694378,0.00170716037079272,0.00575756495810533
"Os05g0195200",2568.00092975527,1.31814474797979,0.420214013465506,3.13684148015208,0.00170778434461833,0.00575851693335303
"Os01g0153400",1482.34383767467,0.551595831558561,0.176007153024567,3.13393985460107,0.00172476204635402,0.00581029101580896
"Os03g0800800",1612.60177609692,0.548230521948545,0.174956063837151,3.13353255625846,0.00172715757360015,0.00581646906426792
"Os03g0281600",10575.5305518602,0.457468947406358,0.146043182314102,3.13242248051304,0.00173370203147645,0.00583370882041846
"Os03g0669800",2329.64581240009,0.874170841642131,0.279070988391143,3.1324318112813,0.00173364692697721,0.00583370882041846
"Os12g0277000",921.945090228115,1.0343683908142,0.330248878087796,3.13208752381958,0.00173568124437454,0.0058396828339384
"Os05g0411600",16912.0248213676,0.987242765795348,0.31522391019596,3.1318777981709,0.00173692154180088,0.00584316966251954
"Os09g0325800",38.374977087219,4.27211315569178,1.36411734527382,3.13177834039948,0.00173751001038864,0.00584446311547962
"Os01g0646000",100.447375927144,1.47425888534119,0.470882281810313,3.13084382719473,0.00174304826928693,0.00586102793235642
"Os10g0506100",1635.9378879033,0.729453269704289,0.233014642275535,3.13050400000927,0.00174506622771954,0.00586712480129314
"Os06g0300700",1948.2480162995,0.390494836015316,0.12474564727683,3.13032834844126,0.00174611012203328,0.00586994570180658
"Os01g0846900",2597.39415219258,0.57356763254551,0.183237632030569,3.13018470163281,0.00174696423933949,0.00587212803678497
"Os01g0629600",350.209361600918,1.52803268665377,0.488355973969311,3.12893210711454,0.00175442840466393,0.00589376042331233
"Os02g0100200",1274.0932971957,0.634653160397382,0.202863660602412,3.12847140050985,0.0017571811061856,0.00590093214421352
"Os05g0270875",3.91093713909858,5.71109702601871,1.82564740766639,3.12825850272964,0.00175845450196488,0.00590451639403467
"Os03g0776400",173.867841343126,2.50421258774172,0.800537196755673,3.12816518444178,0.00175901292977885,0.00590569937473912
"Os07g0537200",110.119318998441,2.02683464564198,0.648352758575173,3.12612943931352,0.00177123571921096,0.0059446463426066
"Os10g0487600",1084.81782297019,0.555549477178302,0.177755402451068,3.12535917062341,0.00177588080358372,0.00595924260646742
"Os01g0965900",4323.11053453678,1.29838617323316,0.415451990226734,3.1252375816627,0.00177661506501863,0.00596060595350279
"Os07g0185700",1169.930856595,1.19768275984848,0.383289271736937,3.12474897724371,0.00177956850456538,0.00596981580526955
"Os01g0114800",11.3049836432048,6.55946543200914,2.09998374872728,3.12357914006934,0.00178665810132987,0.00599149437257763
"Os03g0700800",3203.05854096245,0.648424692019141,0.207634511704106,3.12291384846076,0.00179070155797154,0.00600154182231847
"Os06g0700700",9025.82032585626,0.445687618405243,0.142724971512671,3.12270245130632,0.00179198813072931,0.00600515133586623
"Os09g0559800",1980.77547546059,0.506574719996813,0.162225043721218,3.12266656477132,0.00179220662216412,0.00600518116457097
"Os07g0249700",3115.12271544133,0.828359789262365,0.265296936767288,3.12238731195371,0.00179390766069188,0.00601017800446022
"Os08g0459100",1047.79810674323,0.724899511610612,0.232176235705755,3.12219512650426,0.00179507919963489,0.00601269689360986
"Os02g0819600",2021.88573636775,0.607440506843837,0.194582077298894,3.12177007911556,0.00179767273433043,0.00602068020853715
"Os08g0520550",2411.12102273344,1.20869604924629,0.387227734326417,3.12140877860626,0.00179988000875315,0.00602666378529803
"Os12g0116100",124.74825203117,2.52404391854022,0.808620065447803,3.12142132800333,0.00179980329963504,0.00602666378529803
"Os06g0182500",2269.86243713997,0.333625084791652,0.106890327859148,3.12119058359778,0.00180121422229672,0.00602972191812659
"Os08g0172566",4.15981299902128,5.99297492501115,1.92024108127726,3.12094923051271,0.00180269110108023,0.00603396091450359
"Os07g0678300",1157.17469358753,0.522155959838702,0.167332836619133,3.12046320607821,0.00180566854141183,0.00604251518903665
"Os10g0112100",1126.74790619626,2.33049794845416,0.747291485578513,3.11859293652999,0.00181716823130274,0.00607815831931896
"Os05g0438800",5761.46925159778,1.17684719339993,0.377476474418776,3.11767030041274,0.00182286598198207,0.00609579319744985
"Os02g0195600",6512.71920257572,0.297592467909062,0.0954571960635405,3.11754880911201,0.00182361747500505,0.00609724550545207
"Os03g0609500",2219.26455639522,0.773798182010706,0.248215042050949,3.11745080240494,0.00182422390986911,0.00609819898093217
"Os11g0113300",1879.67199187448,0.614365163709931,0.197080506563361,3.11733095486241,0.00182496574086031,0.00609996714968847
"Os02g0733500",93.4595288702735,2.68090271517741,0.860072505803455,3.11706594163591,0.00182660710112221,0.00610474124126368
"Os12g0107500",650.360446003059,0.8819958117848,0.282962491129025,3.11700610305494,0.00182697789924273,0.00610526834255922
"Os03g0194400",1506.46504472382,0.298862958221448,0.0958845168443959,3.11690529458945,0.00182760272939163,0.00610664412857481
"Os07g0642200",1390.28211494692,0.844923035368766,0.271147357216554,3.11610278647843,0.00183258383624452,0.00612257370290089
"Os03g0229575",484.919557670318,0.751836476162786,0.24129122767708,3.11588814645582,0.00183391820335116,0.006126317402637
"Os07g0206800",1216.98032988492,0.871433543299504,0.279754005218663,3.1149993460089,0.00183945317700987,0.00614265879110568
"Os08g0512900",1065.45883987805,0.536559858056973,0.172289900623047,3.11428502841215,0.00184391268539309,0.00615683326673846
"Os04g0118700",75.9873891110028,1.60265149527313,0.514629865232331,3.11418284002933,0.00184455146240664,0.00615824848530355
"Os03g0269000",1919.0202949704,0.392181051449572,0.125946448706991,3.11387145470028,0.00184649917818572,0.00616403290846758
"Os03g0274800",3047.21007144552,0.618344998892589,0.198627348112907,3.11309094526651,0.00185138957331338,0.00617675990388623
"Os01g0686200",14.0552507374984,4.75245335045926,1.52663603161011,3.11302317779501,0.00185181474119318,0.0061769531581519
"Os11g0180200",5317.97663823316,0.36530538631487,0.11736044410737,3.11267897027265,0.00185397565788033,0.00618322786050368
"Os05g0463500",7120.47031723343,0.314059850379496,0.100899956484204,3.11258657905033,0.00185455607935033,0.00618444375995644
"Os08g0484500",6104.03961159941,0.840261360797614,0.269963468745986,3.1125002382757,0.0018550986415082,0.00618553314052053
"Os02g0168500",2409.68929044916,0.354401367914469,0.113880555855968,3.1120445913761,0.00185796432559964,0.00619436744904361
"Os03g0604566",155.689491418402,1.15545909205777,0.37129543724572,3.11196684944204,0.00185845367117119,0.00619455730414112
"Os11g0207200",5560.63663721277,0.413546786473532,0.132887978459729,3.11199546615764,0.00185827352986599,0.00619455730414112
"Os01g0765200",2648.23379681768,0.561819413193531,0.180553552116064,3.11164973831355,0.00186045094972399,0.00619977211112955
"Os02g0781800",2716.67611035001,0.647755191658597,0.208226989329876,3.1108128381591,0.0018657315174183,0.00621520049262518
"Os10g0141400",68.8886067074926,3.12168285150533,1.0036011639477,3.11048149767592,0.00186782597012664,0.00622000810042638
"Os06g0534200",301.104614938301,1.6742064009388,0.538361101774678,3.10982051901571,0.00187201056842429,0.00623249440001077
"Os12g0566000",17614.6745567663,0.766994416641038,0.246641963232312,3.10974826258014,0.00187246853941648,0.006233294828786
"Os10g0528651",323.076809746426,2.17824180073552,0.700568927851604,3.10924694792762,0.00187564877415902,0.00624170600199817
"Os08g0539200",22.9137925802588,2.75309322825197,0.885544911205239,3.10892558176973,0.00187769006247373,0.00624777327488065
"Os02g0565200",1058.77420366931,0.414741704103545,0.133412558711023,3.10871561201291,0.00187902487308376,0.00625148869758429
"Os06g0199000",339.187744439256,1.55166398920915,0.499142678001153,3.10865822057709,0.00187938987107357,0.00625197707953093
"Os03g0201500",509.800673024415,1.82264772434997,0.586494209766823,3.10769943504577,0.00188549719428934,0.00626865463109518
"Os06g0506100",322.213154606347,1.30194766966656,0.418939450885205,3.10772276737267,0.00188534835463195,0.00626865463109518
"Os09g0474000",1318.47982754407,0.889351083646471,0.286185491893094,3.10760366559285,0.00188610823196631,0.00626995858710972
"Os01g0558600",13083.2813298915,0.458258993214978,0.147465540491575,3.1075666334479,0.00188634455685702,0.00627001673353451
"Os01g0624000",7183.05784270179,0.687255737884428,0.221200791710573,3.10693163695208,0.00189040109395914,0.00628204269822747
"Os07g0498400",1619.04320376042,0.539154060927248,0.173539636691339,3.10680644034191,0.0018912018302783,0.00628251766274017
"Os04g0206600",50.2509090958774,5.42236353067921,1.74612325811612,3.10537271952345,0.00190039390310802,0.00631158990516412
"Os12g0182600",896.313546805132,0.676545330206705,0.21788885423933,3.10500200925186,0.00190277732024857,0.00631811988554694
"Os02g0530300",1480.33035927466,1.52584161259091,0.491498900736662,3.10446597195634,0.00190622853376961,0.00632803382569422
"Os04g0667400",148.603779165494,2.42461813217429,0.781022541465044,3.10441505007804,0.00190655668715723,0.00632838996761224
"Os04g0225250",6.08727517133026,6.56940061524929,2.11644601281321,3.10397741094144,0.00190937908346676,0.00633702415145251
"Os07g0601100",526.670142064156,1.14013415169843,0.367360686768219,3.10358237221444,0.00191193003821193,0.00634319700639477
"Os02g0582100",360.129382783905,0.81502131157577,0.26266791475119,3.10285827010045,0.00191661404117778,0.00635661830163512
"Os12g0278700",2423.7820476811,0.729494885696105,0.235184439485522,3.10179911261099,0.00192348440075923,0.00637866609381406
"Os12g0276100",912.980430844471,0.820928308129546,0.264768781042611,3.10054797584851,0.00193162918995828,0.00640345245293123
"Os05g0194000",338.790295014003,0.564239291489709,0.182017817685454,3.09991240783237,0.00193577879966714,0.00641572402175395
"Os05g0584450",57.1540203173262,1.55394961510248,0.50129974778288,3.0998412067335,0.00193624417957114,0.00641652419998522
"Os03g0785300",3666.36268090477,0.375600713882807,0.121183280406658,3.09944336068799,0.00193884644574504,0.00642440480669444
"Os01g0844800",8264.09897137129,0.564118896269712,0.182040548481546,3.09886396726001,0.00194264193678486,0.00643549274745749
"Os08g0474866",83.7483420188923,1.86723733005775,0.60260379545584,3.0986152827751,0.00194427311078617,0.00644015181158907
"Os01g0101300",796.221944228431,0.537684359794641,0.173535046670318,3.09841942657344,0.00194555865801599,0.00644285296008804
"Os03g0235700",1562.27557991135,0.926577145353212,0.299051333219315,3.0983882779539,0.00194576318105688,0.00644285296008804
"Os01g0103100",30.0023593918551,1.450812949044,0.468273591385694,3.09821646091726,0.00194689169315969,0.00644584478766021
"Os04g0464200",9538.58001575596,0.619659633389762,0.200047193971168,3.09756723445504,0.00195116130724256,0.00645923440498138
"Os03g0317300",343.766837841746,2.09437262011956,0.676252357548045,3.09702819774756,0.0019547127923347,0.00646949646828854
"Os04g0298600",3251.63702709429,0.560094993392211,0.180866161274022,3.09673733022751,0.00195663165981244,0.00647509936670663
"Os09g0397200",172.321216122905,2.46617350151971,0.796446785258633,3.09646990504063,0.0019583974027729,0.00647944600280014
"Os07g0673000",886.776148313558,0.502822489821455,0.162448401477727,3.09527508579638,0.00196630438422178,0.00650410450435494
"Os04g0530200",3200.20449957158,0.702534801108813,0.227151078996791,3.09280855812592,0.00198271995072455,0.00655386387034609
"Os03g0748000",7894.21169693807,0.275734770781527,0.0891723575391441,3.09215521929525,0.00198708916223955,0.0065660337534872
"Os06g0214300",453.172654414272,1.233934371486,0.399072943674541,3.092002078929,0.00198811456799873,0.00656866450672275
"Os12g0612100",3601.83072205023,0.534066920291482,0.172732902920728,3.09186559862645,0.00198902882965072,0.00657092747920586
"Os09g0560700",1250.99840111058,0.7012026636334,0.226792462224575,3.0918252606608,0.00198929912167547,0.00657106276622614
"Os05g0341300",521.448452084781,5.96690289813887,1.93047056267137,3.09090592393283,0.00199546845510667,0.00658840310851766
"Os04g0486400",1142.5438146348,0.730938884331102,0.236522395971734,3.09035802435578,0.00199915355550765,0.00659904927101443
"Os08g0475000",17.8074891350658,2.03854975168286,0.659643107452093,3.09038285802283,0.00199898639249335,0.00659904927101443
"Os07g0669100",16207.4392467368,0.518057969303161,0.1676401553483,3.0902975974152,0.00199956036133132,0.00659963177892696
"Os01g0223200",807.163703525867,0.874754546442777,0.283092986593257,3.08999017237969,0.00200163118272456,0.00660570567235937
"Os07g0108300",14707.6850968146,0.607557177319557,0.19662943676762,3.08985870735915,0.00200251733448504,0.0066078690162001
"Os11g0170300",570.990755548541,0.999607116868954,0.323581010130832,3.08920204082677,0.00200694904736185,0.0066217300903975
"Os03g0616400",1618.8007475013,0.539787496980092,0.174765121798822,3.08864544266137,0.00201071246454303,0.00663338325090235
"Os02g0326000",887.047326643155,0.469734232517192,0.152105677336893,3.08820972853496,0.00201366304700053,0.0066415878465131
"Os07g0638400",18198.9504683194,1.24653090735196,0.403666341225823,3.08802290418019,0.00201492940664694,0.00664499969604604
"Os09g0250700",1141.75485369931,0.693721170730649,0.224657585074882,3.08790451254704,0.00201573228406971,0.00664688242642023
"Os08g0237100",1294.67399136784,0.590986998821626,0.191390226597533,3.08786404263154,0.00201600679968397,0.00664702264954491
"Os01g0823600",162.350663562574,3.47945216211776,1.12683302070697,3.08781522921184,0.00201633795661924,0.00664734957232246
"Os05g0150500",7169.15087581812,0.360294504678097,0.116691323997661,3.08758605468661,0.00201789337547666,0.0066509468531183
"Os10g0527900",192.715450294703,1.89145687176172,0.612618059416731,3.08749773645681,0.00201849308954568,0.00665215827026256
"Os04g0616800",63.328982031729,2.67132032939707,0.865433883688706,3.0866833154385,0.00202403102837582,0.00666887500287764
"Os01g0357800",3768.25773330686,0.866193420437839,0.280690567214844,3.08593704816181,0.00202911776958627,0.00668332938661751
"Os01g0864500",239.621595426403,1.45314298020309,0.471082331440357,3.08469004931693,0.00203764380414496,0.00670986901233898
"Os02g0275200",137.231949396929,2.69348143994431,0.873671677467128,3.08294466835987,0.00204963260678108,0.00674547133580191
"Os03g0197000",1818.46860230165,0.507073029648912,0.164524650984462,3.08204896114201,0.00205581020290372,0.00676424826982054
"Os12g0293100",1321.33976144486,0.945777341439197,0.30699219598853,3.08078626687479,0.00206454788527938,0.00679143811814293
"Os10g0452300",22.6225285840152,4.05313335387133,1.31587817028745,3.08017371622323,0.00206879891791423,0.00680307891611139
"Os06g0125700",180.198025671251,1.40172570077523,0.455091622969504,3.0800955896065,0.00206934168483839,0.00680408284989552
"Os03g0152100",349.677769999047,0.843491857737393,0.273922713208473,3.07930601247894,0.00207483442844211,0.0068205777929926
"Os02g0787800",2566.93491509097,0.448514292242848,0.14566913996461,3.07899320577999,0.00207701418445257,0.00682696001066137
"Os09g0247700",18152.2664323409,0.650394351804259,0.211240652338229,3.07892607130789,0.00207748227668497,0.00682771532364967
"Os01g0735900",217.813906364453,1.01657298459664,0.330208008749785,3.07858367350183,0.00207987113639502,0.00683399860091628
"Os03g0123100",9420.71052818536,0.434297625483919,0.141083815241928,3.07829515908109,0.00208188601536038,0.00683826643495422
"Os05g0391500",4487.02689564711,0.618866311149168,0.201060862617397,3.07800485431529,0.00208391520441544,0.00684414700102146
"Os11g0136500",708.606327307521,0.754426453395505,0.245121615439255,3.07776387669272,0.00208560098154321,0.00684889848976231
"Os01g0259933",180.248217949777,1.38687923199657,0.450647422658521,3.0775261596192,0.00208726517473786,0.00685211401728251
"Os05g0136800",5.27955706925846,5.69952228554522,1.8520050865061,3.07748738222835,0.00208753676032595,0.00685211401728251
"Os09g0249900",1740.19955321687,0.672406509784285,0.218490331229103,3.07751151275989,0.00208736775327942,0.00685211401728251
"Os10g0389200",390.164227966971,0.769812438009884,0.250146962744119,3.07744067553338,0.00208786392348971,0.00685240287924711
"Os01g0542700",356.848520611551,0.968067516093105,0.314576822778028,3.07736440194196,0.00208839829296392,0.00685337165158657
"Os01g0722700",1941.7291014297,0.746356461819301,0.242535676816399,3.07730586945482,0.00208880845409887,0.00685393264164462
"Os01g0168500",1748.58379329802,0.424940929732833,0.138109711672847,3.07683597761342,0.00209210385732155,0.0068631737714652
"Os06g0625500",3222.20827139586,0.409232101939505,0.13301185168973,3.0766589348301,0.00209334671414646,0.00686567880651608
"Os01g0589300",3343.82235581789,0.542414703870613,0.176343110149264,3.07590528153605,0.00209864501133174,0.00688148052926036
"Os01g0176000",3638.40379252836,0.492803473721578,0.160230700577577,3.07558708752562,0.00210088565388675,0.00688803933575504
"Os01g0799900",8680.28657140112,0.417732213951088,0.135829495272067,3.07541608039084,0.00210209074953589,0.00689077007052217
"Os06g0111600",922.513868088477,0.65608109805839,0.213347053762845,3.07518236829127,0.00210373875545164,0.0068950266324869
"Os01g0707300",9770.40969774633,0.341092483759327,0.110931471897544,3.07480355146066,0.00210641247512235,0.00690300014150813
"Os10g0190800",709.044044569031,0.673089252752723,0.218940956413191,3.07429575434234,0.00211000143685071,0.00691159953911588
"Os06g0107800",256.569080386657,0.970769071048994,0.315799812126625,3.0740014204307,0.00211208426943348,0.00691702123309608
"Os08g0180500",1261.64662665512,0.653285092377582,0.212519988984309,3.07399362996305,0.00211213942371763,0.00691702123309608
"Os04g0485400",1516.71094382987,0.303351704801657,0.098727409420234,3.07261890677631,0.00212189277818587,0.00694499336081582
"Os12g0144000",1205.41733562702,0.45474644115966,0.148033145663234,3.07192310966747,0.00212684502983199,0.00695961212822594
"Os10g0519300",285.830410323188,0.909988385995151,0.296250214377689,3.07168853162417,0.00212851699805076,0.00696349269560978
"Os07g0584200",645.136310960296,1.20483443942845,0.392244317959702,3.07164281103042,0.0021288430144728,0.0069637641341106
"Os01g0838300",50.9124847221481,2.53921767506365,0.826961633710131,3.07053867018177,0.00213673014754115,0.00698876623143255
"Os01g0722100",770.970513579831,0.694305354313492,0.226204090116338,3.06937577457775,0.0021450659420407,0.00701362882247519
"Os11g0528300",3608.39062067569,0.633936900815045,0.206553557441548,3.06911635252006,0.0021469295777709,0.00701892129875536
"Os01g0757900",679.085094721827,1.02856609548526,0.335143390131957,3.06903291477799,0.00214752929312034,0.00702008092486982
"Os07g0175100",1167.18497701446,0.661250988408258,0.215493245979038,3.06854623403176,0.00215103041117147,0.00702911990657904
"Os06g0624850",15.2021282562439,5.4563720034777,1.77829698849268,3.0683131326127,0.00215270916531901,0.00703380351291142
"Os04g0665000",1115.98504153744,0.568357925125884,0.185242680311928,3.06818020646663,0.00215366701303144,0.00703613081612049
"Os05g0364500",1251.27875956399,0.675014418159232,0.220032809321193,3.06778984571286,0.00215648215857137,0.00704452477566832
"Os07g0480900",14.8280196914315,5.11840688883664,1.66878650647562,3.0671430221751,0.00216115425156792,0.00705576476936235
"Os09g0376300",673.43259053798,1.29365477539172,0.421795608525174,3.06701812262826,0.00216205748597067,0.0070579094323837
"Os05g0437401",136.029358816263,1.59666588920611,0.520601342798373,3.0669646002517,0.00216244464895074,0.00705836911389116
"Os09g0280500",3687.61758259206,0.929220691915515,0.302993379517727,3.06680196575434,0.00216362148256777,0.00706140593672761
"Os02g0580800",2730.68481199762,0.656190546273928,0.214124800575181,3.0645237941204,0.00218016831189607,0.00710812272103394
"Os05g0353300",957.665300899246,0.859772831668025,0.280615369999304,3.06388360577027,0.00218483896570304,0.0071217299255203
"Os09g0325700",93.6302167311065,1.66678561760567,0.544046318462218,3.06368329504912,0.00218630226534225,0.00712568905773931
"Os04g0589200",582.900570891711,0.918854733676734,0.299932936237031,3.06353395263861,0.00218739381837375,0.00712843581483675
"Os03g0678400",1228.61955596415,0.575476948398672,0.187883281636917,3.06294920646946,0.00219167257360562,0.00714075535353062
"Os09g0529300",90.7196015682533,3.36500453769528,1.09865787091352,3.06283204879542,0.0021925307718283,0.00714273924666567
"Os02g0535700",2656.98438298251,0.438420050757658,0.143154521868525,3.06256515711259,0.00219448694519268,0.00714829922165309
"Os01g0910200",307.834911563603,1.03122939435019,0.336754623429743,3.06225756857452,0.00219674338886427,0.00715152158748286
"Os02g0494400",3238.13556844508,2.08657711147831,0.681369660701883,3.06232759076609,0.00219622952507927,0.00715152158748286
"Os04g0538750",13.1035403649082,4.05825488562703,1.32526294602463,3.06222617768082,0.00219697378936982,0.00715152158748286
"Os12g0267400",8.93607628607094,6.34091938465454,2.07076078357713,3.06212066354711,0.00219774839637766,0.0071532303820303
"Os10g0578950",8.12884399388046,6.42088831884011,2.09789404905874,3.0606351744603,0.00220868036484949,0.00718228462304705
"Os12g0290200",48.2301952998789,2.11899769075086,0.692380599615826,3.06045214427818,0.00221003075828334,0.00718504496611077
"Os01g0737900",1192.87237491372,0.609458088442811,0.199159669003382,3.06014812884862,0.00221227545107763,0.00718989521600229
"Os05g0549900",413.650291854697,0.873567419915565,0.285594518698928,3.05876815806985,0.0022224907332176,0.00722063776937871
"Os08g0517500",3751.88591395816,0.397582950745746,0.129989929529705,3.05856732274703,0.00222398102178574,0.00722384131461341
"Os02g0116700",540.386658447894,0.794665533606243,0.259836299659315,3.05833147504091,0.0022257322871424,0.00722789090912435
"Os01g0359400",564.839071507977,1.45301056617497,0.475274588490969,3.05720230233302,0.00223413437680986,0.00725296058844064
"Os01g0751300",1307.32102273543,0.519560406106922,0.169976947395883,3.05665217587915,0.0022382383470151,0.00726356383720427
"Os03g0784500",2136.96333660978,0.964593885329853,0.315621432128818,3.05617359006268,0.00224181423814058,0.00727434445653499
"Os01g0795000",6590.05799897889,2.6837456095607,0.878166479339468,3.05607840050937,0.00224252609801154,0.00727583034313518
"Os06g0509100",2119.72539381801,0.735240488188841,0.240604877860301,3.05580042569101,0.00224460607400921,0.00728175421563768
"Os11g0491400",766.593214223195,0.699555937907109,0.229009821882767,3.05469840618985,0.00225286945858059,0.00730690691954392
"Os03g0190400",78.7522173019717,4.12061803912711,1.34915108700157,3.05423023323874,0.00225638843572891,0.00731666381400008
"Os02g0809800",15989.19392344,0.621865816799605,0.203618337144976,3.05407570614251,0.0022575510288223,0.00731877710769593
"Os04g0596500",838.784502013385,0.573495761189956,0.187792329810493,3.05388277449184,0.00225900333105602,0.00732265679844067
"Os06g0269200",146.028833704382,1.25045002314291,0.409478437432338,3.05376280857164,0.00225990681181562,0.00732392828550403
"Os11g0104240",38.2393012528413,3.34590331695851,1.09565626621268,3.05378924041952,0.00225970772130175,0.00732392828550403
"Os03g0646300",207.798269343318,1.08314647253538,0.35472161536857,3.05351133285167,0.00226180178641321,0.00732841171370702
"Os11g0249900",4355.45028699616,0.61754998005719,0.202349511374889,3.05189756012341,0.00227399692453183,0.00736542616795005
"Os03g0703900",749.260866215723,0.565698408370461,0.185373595147371,3.05166659750399,0.00227574720775085,0.00737026212235531
"Os05g0516900",2230.27045356686,0.59826794490675,0.196075723051891,3.05120866364686,0.00227922117649357,0.0073798446320368
"Os05g0404400",539.385954322667,1.41761481984108,0.464616640755952,3.05114947569368,0.00227967054132387,0.00738046557627248
"Os10g0569800",1949.83391460797,2.039760259355,0.668555270432672,3.05099720182434,0.00228082700300389,0.00738170736361318
"Os03g0702600",84.0502487197846,2.04680596069453,0.670985096110938,3.0504492164698,0.00228499319014622,0.00739205455967674
"Os07g0496600",988.785249979704,0.422264352799328,0.138427315850212,3.0504409495034,0.00228505609503898,0.00739205455967674
"Os01g0889900",79.7511031742628,4.14833519246711,1.36016763732636,3.0498705296513,0.00228940035930022,0.00740443606441698
"Os10g0522400",554.327314699713,0.741819498112563,0.243285590238127,3.04917154109487,0.00229473410588109,0.00742001146616693
"Os02g0639900",2347.88813554798,0.449567595119438,0.147444552400522,3.04906209012201,0.00229557031938292,0.00742187776923486
"Os05g0533400",261.961743948402,2.70582705256336,0.887474983956937,3.04890515392223,0.00229676981055554,0.00742491804265344
"Os01g0246100",2874.94198730372,0.610242526253027,0.200172514886497,3.04858300151273,0.0022992338774956,0.00743120688753568
"Os05g0462700",520.237791719518,1.64786207217877,0.54064711523809,3.04794389118877,0.00230412944820627,0.00744451025597723
"Os03g0266700",2060.70065703346,0.58380297231087,0.191555862889642,3.04769044133725,0.00230607351081014,0.00744995131714196
"Os02g0770100",655.928523068771,0.921817132159924,0.302525588075448,3.04707161474893,0.00231082647422279,0.00746278180110813
"Os02g0599150",72.4421123724202,1.52341722354366,0.500206329663973,3.0455776610565,0.00232233794373386,0.00749645987933678
"Os08g0432500",415.088382930857,0.850340013412023,0.279206034360791,3.04556459662047,0.00232243884131029,0.00749645987933678
"Os10g0544950",299.276965678597,1.115643281038,0.366469362113491,3.04430164258179,0.00233221170053517,0.00752336519294458
"Os03g0345700",4103.84173245943,0.95327242629497,0.313160779427209,3.04403516953358,0.00233427849974619,0.00752833718761006
"Os07g0665700",3785.80684479989,0.608032260314258,0.199776940222578,3.04355577594106,0.00233800096161782,0.00753694909454024
"Os04g0488650",59.6871270648285,2.62244501477583,0.861651250413427,3.04351094891067,0.0023383493185347,0.00753722406059808
"Os06g0705700",889.949357640035,0.718784376800431,0.236175591010828,3.04343210796698,0.00233896211748669,0.00753835124749478
"Os01g0723600",2012.30112698909,0.491804886418987,0.161602227956989,3.04330511179514,0.00233994951689545,0.00753983733221866
"Os06g0167000",20940.6032313536,0.413006131047975,0.135709199651183,3.04331712300666,0.00233985611299042,0.00753983733221866
"Os11g0216300",2598.58281197707,1.16703454768445,0.383529324419543,3.04288218234868,0.00234324056013434,0.00754874393174828
"Os09g0286600",2656.33807154113,0.658986491405051,0.216592541767042,3.0425170046429,0.00234608561509397,0.00755621009933368
"Os02g0776400",376.966554205451,1.03358568182225,0.339719577880787,3.04246722626315,0.00234647367725632,0.00755661052048421
"Os01g0608400",563.280195214779,1.2848425727814,0.422460417127642,3.04133244368122,0.00235533617060161,0.00758344667491599
"Os10g0412000",4603.24674244238,0.724362870590578,0.238178397937698,3.04126183089053,0.00235588865825633,0.0075843732400405
"Os05g0502500",246.683367200001,0.97463003330316,0.320500817939736,3.0409595818455,0.00235825485246314,0.00759113785336187
"Os07g0620200",2296.93264646311,0.506369676558455,0.166542751914278,3.04047862028299,0.00236202460649707,0.00760156453165831
"Os05g0158500",618.375084707056,0.782669253134101,0.257431184661345,3.04030474848537,0.00236338876272964,0.00760510049749882
"Os06g0122600",7.28024149854039,6.89816788215743,2.26976658079523,3.03915298626901,0.00237244344244564,0.00762824032240519
"Os09g0394100",1223.50387085662,0.602585119848144,0.198294566495111,3.03883828235405,0.00237492303360867,0.00763449958027101
"Os02g0786200",3004.41308842994,0.635332961113173,0.209079348344259,3.03871695671763,0.00237587960685336,0.00763671780295743
"Os09g0479900",428.994157808823,1.11713767378526,0.367798220987311,3.03736562614804,0.00238655783400218,0.00766759980486999
"Os12g0438300",209.509578270084,1.80862899323285,0.595505613100387,3.03713173049129,0.00238841053394503,0.0076709717092919
"Os03g0689300",115.632246893397,2.40105446579705,0.790594492939937,3.03702402083323,0.00238926415056872,0.00767285322148567
"Os02g0521700",828.531421480801,0.527018590698564,0.173554238447583,3.03662183887105,0.00239245397723128,0.00768137509587973
"Os02g0203200",949.575641379418,0.914691300117365,0.301223787672313,3.03658388730048,0.00239275518381111,0.00768148140353568
"Os02g0176900",209.404193228334,1.15153331689038,0.379250578395863,3.0363389866433,0.00239469969822301,0.00768686262082521
"Os07g0147800",648.616379419506,1.03370574594288,0.340492650221798,3.0359120682033,0.00239809289537152,0.00769430656642606
"Os03g0196600",848.518526515312,0.76403240953462,0.251712759861114,3.0353344421482,0.00240269094023596,0.00770647048244046
"Os07g0669800",5932.11388687196,0.796852789655089,0.262562062930856,3.03491212995586,0.00240605775411417,0.00771640550379217
"Os05g0253100",8.5072932104376,6.63612923627975,2.18670348690218,3.03476409857511,0.0024072389315268,0.00771932958770073
"Os10g0532100",904.645180780161,1.30672266336114,0.430593449931427,3.03470167409475,0.0024077371903134,0.00772006333671212
"Os06g0622300",2887.24812808851,0.533267985213813,0.175760749521913,3.03405616250702,0.0024128950630886,0.00773400484926889
"Os12g0155100",47.4024768648928,2.39001986783088,0.787883570900208,3.03346833987175,0.00241760077621248,0.00774648819503914
"Os01g0602200",2315.30762624226,1.05086290860296,0.346439307712839,3.03332469846064,0.00241875194921691,0.00774931016984938
"Os02g0738100",133.126521958276,1.98819175936178,0.65553215723839,3.03294314002472,0.00242181227698557,0.0077582474687154
"Os12g0618300",2192.15005403708,0.69002394573203,0.227520046289985,3.03280505161538,0.00242292070204319,0.00776093057070335
"Os09g0519150",9.30730660832307,7.27457868735241,2.39930257866933,3.03195551575114,0.00242975008249508,0.00777932722803094
"Os01g0269000",4014.93383920738,0.579039580034998,0.191031734892156,3.03111721391153,0.00243650641860547,0.00779834471692181
"Os10g0331500",19.5725451633259,7.50797636340414,2.47700916731607,3.03106523079174,0.00243692594480349,0.00779881628175021
"Os02g0288200",3483.36718353526,0.316332306509542,0.104365394113985,3.03100763615239,0.00243739083558221,0.00779943290385318
"Os07g0110800",2423.08451431177,0.631809089953088,0.208456543703225,3.03089113313028,0.00243833146952801,0.00780157155387121
"Os06g0154200",7009.63400114518,0.833957898331829,0.275248636852949,3.0298347990634,0.00244687538116559,0.0078245394443255
"Os03g0344650",135.067046762105,0.976019354111533,0.322179746453377,3.02942492461355,0.00245019792613945,0.00783341564156968
"Os05g0103700",1230.94406563994,0.48870433974036,0.161321265932244,3.02938572243551,0.0024505159250406,0.00783355821535905
"Os01g0795832",34.1661762099812,3.56986196200802,1.17849890228205,3.02916019276329,0.00245234610275396,0.00783765984786462
"Os03g0401200",985.819367028138,0.372663509056698,0.123036562844439,3.02888426367921,0.00245458697398959,0.00784394668511596
"Os06g0166000",2805.03833563174,1.30685340654504,0.431492669259555,3.02868043804223,0.0024562434828717,0.00784836492374708
"Os01g0218900",1057.26560160451,0.578281710352884,0.19095433147945,3.02837702539947,0.00245871123897015,0.0078553740431504
"Os01g0924600",6707.41045412355,0.454324223657534,0.150026149258254,3.02830023901677,0.00245933612782934,0.00785649445139551
"Os07g0220466",5.87634443461122,6.51470328117065,2.15200902737931,3.0272657773672,0.00246776877266938,0.00787991874228498
"Os08g0516550",9.02708833343421,7.20819329824394,2.3816168242082,3.02659656455878,0.0024732380951708,0.0078947435274993
"Os02g0150600",1057.67351242349,0.98043331706078,0.32395029617063,3.02649304121756,0.00247408515752897,0.00789656766553637
"Os06g0139700",1666.23621658771,0.902952181478474,0.298358815204102,3.02639685997137,0.00247487238229218,0.00789820043410957
"Os11g0691900",150.204368076596,1.19114344761134,0.393599717199054,3.02628125875647,0.00247581885898474,0.00790034101209831
"Os04g0682100",3840.76720085987,0.479415619488363,0.158430373480121,3.02603351211891,0.00247784838242846,0.0079059367319978
"Os07g0116900",163.891679984104,6.25223405967446,2.06649329708745,3.0255283520573,0.00248199133594107,0.00791827366188436
"Os02g0167000",1152.26516265153,0.885276967697845,0.292671531729712,3.02481407216407,0.00248786015412595,0.00793434652003746
"Os03g0347900",1131.59406480182,3.02808864506812,1.00115325739855,3.02460050216133,0.0024896173973603,0.00793906707503255
"Os09g0431100",66.2976380939779,2.54156868545507,0.840474121971881,3.0239701842243,0.00249481024496287,0.00795474105705275
"Os05g0501600",532.778467047831,1.21226533323209,0.400931826280326,3.02361961253856,0.00249770270135882,0.00796307753414185
"Os07g0627300",1381.12713235172,0.552121349779243,0.18263889923958,3.02302166777182,0.00250264323479501,0.00797527905275794
"Os02g0208200",4589.86751488749,0.434200954944409,0.143654126863587,3.02254424863634,0.00250659433911381,0.0079843180660688
"Os01g0363900",3985.28882105655,0.681027461511278,0.225350840011687,3.0220764274762,0.0025104715456065,0.00799400208098661
"Os04g0691400",293.356951139486,0.685555687799084,0.22684772367411,3.02209639442516,0.00251030595158424,0.00799400208098661
"Os03g0744200",5.74420849545324,5.87839665158086,1.94564366419429,3.02131205202734,0.00251681834021677,0.0080113084583176
"Os10g0544900",3011.8970323397,0.320627454486496,0.106122799108243,3.02128719917633,0.00251702494561549,0.0080113084583176
"Os08g0234700",78.1158734158649,1.55626859930293,0.515277352368149,3.02025422260559,0.00252562596692197,0.00803177494226414
"Os08g0538300",4032.7232055105,0.435364177998585,0.144180967424065,3.01956760158288,0.00253135794306267,0.00804798799208075
"Os04g0530600",1905.45748865177,0.559718746358564,0.185499414200084,3.01736126107029,0.00254985732044165,0.00809781777269942
"Os11g0265200",1958.05431159374,0.921921442312328,0.305607389738496,3.01668569958731,0.00255554633834478,0.00811408617977113
"Os06g0207700",1953.54663011755,0.899306061327519,0.298135837764631,3.01643059107001,0.0025576976681391,0.00811911739281205
"Os08g0326000",193.553769522062,0.949724471178712,0.314871451597716,3.01622921468312,0.00255939704451853,0.00812361184441618
"Os08g0177600",31.9068894761534,1.48925291063218,0.493803753334719,3.01588009523026,0.00256234564304901,0.00813116927285858
"Os04g0556300",15884.8782552049,0.525673122335018,0.174309782389378,3.01574079853277,0.00256352298404291,0.00813400448934634
"Os08g0132600",2904.27864828413,0.354188340757068,0.117455432972121,3.01551262291237,0.00256545260199896,0.00813922577261368
"Os05g0456800",2252.63371173642,2.70049717635753,0.895547273134938,3.01547138533984,0.00256580147840034,0.00813943135065617
"Os08g0376200",1096.7199638724,0.482390779017089,0.159985554600841,3.01521459372154,0.00256797495266226,0.00814462345906559
"Os03g0797902",8.61864554709629,7.29137031912223,2.41843016429259,3.0149186967551,0.0025704815007597,0.00815066799023538
"Os07g0535800",466.601494947882,0.863533722756969,0.286428203713326,3.0148348226952,0.00257119240616581,0.00815202000901435
"Os07g0637100",237.296691342471,0.616207243606024,0.204428246014265,3.01429599686055,0.00257576371166874,0.00816380330384212
"Os03g0401100",10190.2346741793,0.689240296376705,0.22867998675182,3.01399482380029,0.00257832204870237,0.00817010432862424
"Os06g0216400",130.183540724131,1.13758525567415,0.377460282175137,3.01378796497142,0.00258008057225715,0.00817477259275813
"Os05g0475600",82.0875119959342,2.2482694172046,0.746027960157244,3.01365302277775,0.00258122831770453,0.00817569685594408
"Os09g0572150",13.2440031779736,7.00856379173493,2.32557860552259,3.01368604574,0.00258094739907829,0.00817569685594408
"Os03g0117050",9.30615093019754,5.85091593380433,1.94190350373771,3.01297975030309,0.00258696178861425,0.00819204566394513
"Os01g0846300",2369.11282339813,0.695606309463648,0.230905970344449,3.01250898114931,0.00259097769177938,0.00820294948341027
"Os03g0107800",5733.52020073599,0.506515564917787,0.168145595111763,3.01236297377352,0.00259222436743729,0.00820508313917514
"Os06g0355500",3222.1223803317,0.377135256278961,0.125214367535845,3.01191679278337,0.00259603745808263,0.00821533744742473
"Os02g0274700",3188.43439884102,0.597555945267061,0.198494811054426,3.01043610204608,0.00260872831184524,0.00825118284009149
"Os02g0634500",3583.07037974626,0.574511740708901,0.190897120028767,3.00953592501723,0.00261647133702526,0.00827269220353649
"Os04g0463200",166.487557695563,0.959998214055756,0.319114883905035,3.00831538256123,0.00262700359807021,0.00830324402558276
"Os02g0146500",1777.88780829662,0.849357695084954,0.282393583916889,3.00770889800006,0.00263225145361291,0.00831891337402573
"Os10g0498700",7795.39870799869,0.659575169413835,0.219329443550532,3.0072349554923,0.00263635910345453,0.00833097618089547
"Os02g0777700",2169.85989125376,0.465550717645821,0.154813910877961,3.00716334214186,0.00263698028419245,0.00833202019217931
"Os01g0347200",422.163182904745,0.962576271580237,0.320175750343966,3.00639967438551,0.00264361273336906,0.00835113473390192
"Os04g0500700",21822.8659580061,0.336041101845665,0.111779487589589,3.00628593932617,0.0026446018251185,0.00835333827508492
"Os12g0175900",477.299977247461,0.69456615627924,0.231055726749367,3.00605471264799,0.00264661372033386,0.00835877163966114
"Os04g0284500",1347.23315198169,0.522450428721561,0.173848663002496,3.00520245424067,0.00265404127787601,0.00837945902960919
"Os03g0219800",2579.17220818901,0.598785859773058,0.199270116889205,3.00489541091595,0.00265672187076105,0.00838607414796138
"Os05g0447000",590.717188286284,0.743777976741469,0.247529086407982,3.00481041454482,0.00265746435524851,0.0083874937989183
"Os05g0501200",386.39142203233,1.19208812110395,0.396748608468397,3.00464348370589,0.00265892312905717,0.00839091870079941
"Os12g0202850",147.236166706842,1.03753830984016,0.345314408561959,3.00461922269888,0.00265913520184485,0.00839091870079941
"Os11g0102700",604.224640521269,0.716930129723986,0.238631107586434,3.00434481059561,0.0026615349974792,0.00839664179121052
"Os11g0702400",408.202379691844,1.89541587229783,0.630918713655615,3.0042156481864,0.00266266523680522,0.0083992826560545
"Os04g0589600",2503.36980562291,0.4206856341021,0.140040224527123,3.00403427317143,0.00266425310452962,0.00840336635303639
"Os04g0193300",38.4048691043812,1.76160812167708,0.586707410043883,3.00253259379377,0.00267743300603358,0.00844122034428633
"Os09g0491740",6682.53420495801,1.76030780570664,0.58666340110896,3.00054137070619,0.00269500141226476,0.00848872013929238
"Os04g0671100",978.540935008011,0.648579568162236,0.216205415351522,2.9998303562736,0.00270130011650923,0.00850430182817518
"Os12g0116600",1254.06900010856,0.517378007842249,0.172538780993519,2.99861865757406,0.00271206526422948,0.00853350471674752
"Os02g0525400",2059.70283496697,0.413917468645842,0.138060856652267,2.99807982278694,0.0027168650374328,0.00854673002333383
"Os05g0200500",1622.5613440913,0.605340635884402,0.201925333625545,2.99784393080147,0.00271896873169162,0.00855240883746056
"Os07g0647200",498.217659889014,0.734427310766673,0.244999647059706,2.99766681128196,0.00272054926887963,0.00855644101558058
"Os10g0134900",7.27916743236836,7.04742053623831,2.35138772292648,2.99713248798767,0.00272532242376731,0.00856769125365164
"Os10g0503800",1332.42346591673,0.834517289721448,0.278444965936553,2.99706366360238,0.00272593779370363,0.00856868564620914
"Os09g0281850",20.8192404406364,7.04313144680901,2.35026056076584,2.99674494155405,0.00272878919450523,0.00857670776667001
"Os03g0776000",11564.3609882036,0.688459281547482,0.229769384663356,2.99630554591149,0.00273272465219052,0.00858719310534796
"Os05g0553400",2054.31473000967,0.736210309634291,0.245792694163217,2.99524895213287,0.00274220929507404,0.00861416299994096
"Os02g0745700",1459.1620092703,0.65715698109107,0.219412571286191,2.99507442640516,0.00274377883738089,0.0086174748972588
"Os04g0566100",1946.79414414331,0.656634873910274,0.219238951468969,2.9950648345589,0.00274386512242398,0.0086174748972588
"Os01g0206200",452.400471359717,0.802762873790656,0.268088644979139,2.99439341734567,0.00274991113060901,0.00863173244020697
"Os07g0678600",17248.660272526,0.595232257773553,0.198780354299689,2.99442195819893,0.00274965387717212,0.00863173244020697
"Os04g0187001",7.62773678911297,7.11499158795529,2.37680601475224,2.99350958546651,0.00275788845425731,0.00865173159630824
"Os09g0536400",3182.59073049187,1.0840406436806,0.362127449482895,2.99353347896871,0.00275767251764733,0.00865173159630824
"Os04g0188500",2955.41934786448,1.34157105669543,0.448290112459957,2.99264030012544,0.00276575509807137,0.00867481281553814
"Os06g0507300",226.749995212672,2.39941177898735,0.801794396346456,2.99255244227295,0.00276655131176113,0.00867636035295313
"Os05g0467300",2805.06539041802,0.396619370237437,0.132544263861122,2.9923540912567,0.00276834964211627,0.00868010001596797
"Os04g0398600",3046.10731965312,0.373947686758258,0.124985658942594,2.99192475298315,0.00277224585362259,0.00869041446367554
"Os12g0130900",167.388233394482,0.818350152507732,0.273531814543145,2.9917914809089,0.00277345630565102,0.0086927729378251
"Os07g0626900",2168.16052784605,0.560610117473839,0.187404878287792,2.9914382304015,0.00277666706165391,0.00870046638785081
"Os12g0264500",19719.9549410271,0.481812321147839,0.161073484203676,2.99125783197557,0.0027783080439416,0.00870465632312899
"Os05g0224800",3258.23590367328,0.475534481867087,0.159002829592279,2.99072968126711,0.00278311742592121,0.00871781791707603
"Os08g0424700",586.913715024963,1.39919456255482,0.467932720781558,2.99016183398724,0.0027882967696166,0.00873117803749233
"Os07g0479600",1845.72903516826,0.461074515918122,0.154236989428908,2.98939001354564,0.00279535067022499,0.00874944149041801
"Os06g0602800",4465.87932369972,0.427865814135994,0.143138386234548,2.98917589747652,0.00279731042747893,0.008754619155448
"Os01g0329400",1341.47824763413,0.402375109171683,0.134617495589157,2.98902536710164,0.00279868894994676,0.00875582281649303
"Os05g0220900",1345.81850982897,0.558019812284246,0.186696876768152,2.9889081271414,0.00279976303621914,0.00875751206481997
"Os02g0160500",440.482249077631,1.30209512871374,0.435769705712169,2.98803499106427,0.00280777406497037,0.00877873663351497
"Os08g0422000",942.983609097682,1.05334148104819,0.352670607248048,2.98675721594041,0.00281953539585909,0.00881262443134664
"Os08g0121500",24.7568458928962,5.23791723331875,1.75389018352201,2.98645678191801,0.00282230727689641,0.00881744063871288
"Os03g0210600",2728.45401899187,0.5553376529689,0.185990507618086,2.98583868650563,0.00282801781045776,0.00883064250826032
"Os04g0538700",2924.8482757217,0.484573731423447,0.162289470983748,2.98586056437372,0.00282781550262335,0.00883064250826032
"Os10g0446200",2903.38417552065,0.67556374445711,0.226290625417612,2.98538104797924,0.00283225269136036,0.00884272682934043
"Os05g0316000",1757.04428524234,0.6226915904125,0.208589475277755,2.98524932565908,0.00283347269195048,0.00884557197317118
"Os12g0140050",7.22456820279308,7.03621311299599,2.35797490812734,2.98400678003143,0.00284500467521909,0.00887867051022519
"Os01g0104600",1224.03844939829,0.78084621021477,0.261729892090124,2.98340477650101,0.00285060722600118,0.00889421738423017
"Os03g0598100",2042.34097139705,1.03274121707878,0.346203204408464,2.98304927258936,0.00285392045486473,0.00890358546088679
"Os02g0211000",9.5460955164349,7.17852520160019,2.40681067916625,2.98258822920252,0.00285822252795327,0.00891409512037849
"Os04g0438600",1731.83967497765,0.832126242188658,0.279016021771857,2.98236006987822,0.00286035371007791,0.00891977084252853
"Os04g0311400",5673.9420275462,0.564140181139529,0.189171624685615,2.98216068121779,0.00286221734003204,0.00892461108135794
"Os04g0443200",96.9847740899701,1.18526348147616,0.397458311050458,2.98210767902571,0.00286271292314033,0.00892518505699854
"Os07g0595700",303.402966656681,1.00112314597394,0.335742773599016,2.98181591592379,0.00286544238037081,0.00893272278124083
"Os01g0869600",1523.5911187611,0.872778803573047,0.292789252901212,2.98091133784725,0.00287391985836879,0.00895622708092045
"Os02g0555300",362.665368980332,2.16006745453117,0.724718618879451,2.98056017640479,0.00287721701980905,0.00896552713992049
"Os04g0186800",268.766919713365,4.91350995655464,1.64875666848168,2.9801304525303,0.00288125652602752,0.00897616200758296
"Os09g0571200",4073.5348835749,0.737440372332739,0.247468377289767,2.9799378021914,0.0028830691650188,0.00897973174810267
"Os12g0291301",7.18679510136423,7.02904780254721,2.35878717630373,2.97994150263352,0.0028830343379102,0.00897973174810267
"Os01g0687300",7017.33365822661,0.517958083810044,0.173822542230991,2.97980962171026,0.00288427578646731,0.00898166175783734
"Os06g0150600",406.228122431126,0.78561842793999,0.263657157315127,2.97969695167807,0.00288533678163444,0.00898398929226146
"Os05g0310500",22053.7231285008,0.35999296361542,0.120827138649678,2.97940485588401,0.00288808905897154,0.00898865171818951
"Os01g0610100",4766.82790812252,0.441577214799624,0.148227923607654,2.97904203238009,0.00289151110636997,0.00899832477676901
"Os02g0743500",6216.64443238988,0.54409988069939,0.182660407438705,2.97875105135727,0.0028942582300311,0.00900589561325491
"Os01g0961300",1267.21928350133,0.644887661606957,0.216504677439102,2.97863154383051,0.00289538717899986,0.00900843017186493
"Os01g0171100",78.4381431157138,3.97092660873244,1.33389786767027,2.97693452023272,0.00291146185105806,0.00905549337348193
"Os07g0609766",3701.72000854601,0.290195078995637,0.0974836110344748,2.97686017081384,0.00291216796801281,0.00905670646038241
"Os02g0639800",2082.67267008908,0.736922549404135,0.247585646960438,2.976434855781,0.00291621030766219,0.00906632570910776
"Os01g0710250",112.393168264779,2.82225600278886,0.948260647250794,2.97624499231426,0.00291801648781992,0.00907095675480269
"Os01g0165000",1181.56529000879,0.590386833996971,0.198430793123753,2.97527830586642,0.00292722846447245,0.0090948098982662
"Os07g0494300",351.235613316077,1.041735231755,0.350159004577403,2.97503482171548,0.00292955291163007,0.00909990785169391
"Os05g0406000",1562.28609910325,1.05706438507595,0.355324371684123,2.97492789494231,0.00293057423156767,0.00910209353743922
"Os05g0537400",1317.73588636306,0.600536865132583,0.201887581090656,2.97461023549991,0.00293361029896209,0.0091104828059697
"Os11g0549695",281.626532675259,1.04119237751492,0.35003019245464,2.97457876480139,0.00293391124007687,0.0091104828059697
"Os11g0264300",5037.94847990968,0.572022587552564,0.192319637655306,2.97433270219548,0.00293626520524302,0.00911581651973376
"Os11g0114700",1941.38664273266,0.758886049990195,0.255162040876796,2.97413379898706,0.00293816927821717,0.00912073956224033
"Os06g0608401",69.2725928820178,1.68184385696669,0.565565095317841,2.97374054886028,0.0029419371239143,0.00913144648189713
"Os02g0543100",153.005756113901,0.956693708054896,0.321762546962791,2.97329107158494,0.00294624909821552,0.00914383981391585
"Os03g0765100",1031.21228876789,0.671461549411863,0.225915464667187,2.9721805472726,0.00295692743927531,0.00917399945751124
"Os03g0160100",6870.2598171516,0.681781313070954,0.229390549834032,2.97214211119086,0.0029572976561902,0.00917415466058485
"Os08g0254600",1248.31567701201,2.11888395288416,0.712934951499436,2.97205789732674,0.00295810895325028,0.00917567800460399
"Os02g0206400",148.853926930652,3.28500228877198,1.10538922171962,2.97180597044505,0.00296053717172778,0.00918221596063482
"Os01g0949300",3166.63565937994,0.606625809611525,0.204140722949439,2.97160606099045,0.00296246530993044,0.00918720165170765
"Os05g0120700",4980.87262597,0.649461751188007,0.218627438966467,2.97063238840584,0.00297187282950825,0.00921238778654878
"Os07g0496200",5811.91014842843,0.541475509263496,0.182300210564868,2.97024072317691,0.00297566473817546,0.0092231443182825
"Os06g0129400",5817.47685264751,1.06851910766985,0.359781867249869,2.969908171964,0.00297888779889913,0.0092321355558743
"Os05g0455600",1870.09661903149,0.539783157087466,0.181811099052342,2.96892301900703,0.00298845452827938,0.0092577791268527
"Os11g0148700",2296.18726901442,0.530446574599167,0.178687976326031,2.96856333316643,0.00299195438367512,0.00926661733878062
"Os01g0905700",4792.13357420153,0.557350864751256,0.187759623142313,2.96842769187287,0.00299327518643523,0.00926970607887399
"Os09g0243200",62.2083634430819,3.71092924556184,1.25043992041579,2.96769895536277,0.00300038034515275,0.00928869774708984
"Os09g0361500",908.360314917412,1.61214465642997,0.543282253330825,2.96741637803559,0.00300313960275369,0.00929623551189484
"Os02g0286850",195.627941837967,1.20838337844475,0.40740720639569,2.96603339232816,0.00301667733806074,0.00933202237112849
"Os07g0531600",3792.96979433277,0.53887836623651,0.181682042956288,2.96605188640553,0.00301649593707064,0.00933202237112849
"Os07g0661600",1337.95847457433,0.468505308163862,0.15795850107566,2.96600249415796,0.00301698042802468,0.00933202237112849
"Os12g0416500",3542.59557970347,0.919284752762506,0.309947840933059,2.96593371967075,0.00301765515853891,0.00933310185691459
"Os09g0516600",4186.24724166558,0.233216546598866,0.0786328327583842,2.96589272467739,0.00301805741636938,0.00933333848826933
"Os02g0621800",760.444754087958,0.83443762127381,0.281385437798548,2.9654612825814,0.00302229385076927,0.00934442251130258
"Os11g0300400",461.456703328467,0.522155661361331,0.176170214472135,2.9639270345778,0.00303740298269663,0.00938708556360952
"Os05g0150000",2866.9855062491,0.407868218621609,0.137617426221864,2.96378322004112,0.00303882278065114,0.00939046055988098
"Os12g0163800",5090.67055672972,0.474776169480095,0.160203328200949,2.96358493179721,0.00304078135876641,0.00939448646661366
"Os06g0618700",548.3309317284,1.0298599355158,0.347564379266994,2.96307676203112,0.0030458060271272,0.00940798127309707
"Os01g0143900",1988.70788487946,0.71421093433615,0.241047542529521,2.96294634179347,0.00304709681367385,0.00941095374640327
"Os10g0500350",316.60931144287,0.803067385304759,0.271049700067762,2.96280492139999,0.00304849703402537,0.00941324895127654
"Os06g0557600",136.139260013485,1.39118003164924,0.469565507459215,2.96269638538148,0.00304957206021081,0.00941555373590088
"Os01g0743300",6173.74711582531,0.56187322538671,0.189652966203127,2.96263874293913,0.00305014313690847,0.00941630224746272
"Os08g0499700",165.811459738017,0.924157276109233,0.311993133294581,2.96210774368759,0.00305540845591648,0.00943154094795508
"Os09g0452900",478.565816891475,1.13897457272235,0.38458713786652,2.96155138999385,0.00306093407773784,0.00944554477063484
"Os04g0661600",12027.1458754193,0.342448356723897,0.115637960178467,2.96138358196035,0.00306260251011541,0.00944967554596454
"Os11g0671600",5.43446054939453,5.46588689010174,1.84673350439365,2.95975942229758,0.00307879363947086,0.00949222478314724
"Os09g0372900",1257.35844591096,0.712684465595992,0.241007232453621,2.95710820932786,0.00310539116364255,0.00956727608824583
"Os07g0583200",637.728304341158,0.540789307275381,0.182964893397518,2.95569984620185,0.00311960520501136,0.00960487087190905
"Os04g0461300",183.35043614712,1.09265086127571,0.369683658048858,2.95563744159689,0.00312023639974831,0.0096057820270322
"Os03g0829000",3849.34126321312,0.332184881450589,0.112422092954313,2.95480072218175,0.00312871069716734,0.00962876679862929
"Os10g0419600",109.124662984401,2.5243908693726,0.85437888003637,2.95465036456091,0.00313023574188367,0.00963242556937503
"Os10g0537800",6250.28068517107,2.30853536059826,0.781419491733556,2.95428433129668,0.00313395117126028,0.00964282312703495
"Os02g0571100",238.310889907054,7.41085413291805,2.50882202795649,2.95391783487903,0.00313767532943463,0.0096511726826582
"Os02g0802400",3199.10644519036,1.30233453223667,0.440917474440765,2.95369226154731,0.0031399695010684,0.00965615607433851
"Os03g0126900",130.04821904074,1.36116898406935,0.460915982893131,2.95318243365179,0.00314516029083744,0.0096690056494715
"Os07g0262800",49.9867165414742,4.35004095822094,1.47305756950441,2.95306921350294,0.00314631409762991,0.00967151502256113
"Os01g0830000",2342.16994911076,0.741909528356065,0.25125668922706,2.95279513010539,0.00314910883153055,0.00967802920100969
"Os07g0283050",7.75985192731271,7.13885517878476,2.4178243393225,2.95259463753481,0.00315115461803315,0.00968327779020656
"Os02g0820500",239.167362744714,0.946446876084586,0.320603226913434,2.95208156572964,0.00315639541932684,0.00969522315121705
"Os05g0312600",313.605373189739,1.62798690262851,0.551718215552329,2.95075793536873,0.00316995242519836,0.00973373452864468
"Os01g0235800",1905.33629152254,0.3641165334814,0.123401135330278,2.95067409636756,0.00317081291325193,0.00973533343232902
"Os10g0412600",1051.61192554669,0.630418110634487,0.213688772064477,2.95016955988811,0.00317599575959507,0.00974706839159361
"Os03g0239200",7970.80076937141,0.400849919838973,0.135893246544608,2.94974128613074,0.00318040125544573,0.00975954340484428
"Os03g0828300",105.81480280987,3.00548294997703,1.01917326111016,2.94894211284863,0.00318863695589857,0.00978376805101797
"Os08g0112000",7.61074320350957,6.63245791172649,2.24983547342946,2.94797463639264,0.00319863307215979,0.00981233777125507
"Os10g0482066",21.7390248145574,2.33866642901867,0.793620701530337,2.94683143283564,0.00321048163380173,0.00984763085019667
"Os11g0551800",2121.70571571755,0.969482224171141,0.329011100158459,2.94665506332223,0.00321231314620317,0.00985113949106424
"Os03g0428000",160.321125565388,1.11170743243225,0.377291419526024,2.94654841032125,0.00321342114814009,0.00985348274149292
"Os01g0127700",240.319729461012,1.75449986863416,0.595462467604399,2.94644912834334,0.00321445288661058,0.0098555916647583
"Os05g0247400",5.74440497450266,6.08471135298931,2.06525764308321,2.94622386382044,0.00321679495545078,0.00986171721202393
"Os06g0707100",1744.09247753141,0.7823457840442,0.26555779466561,2.94604714965844,0.00321863333585442,0.0098655041080075
"Os01g0850900",3416.24362893869,0.961064916949397,0.326358567069807,2.94481289576145,0.00323150015784736,0.00989621018839704
"Os10g0135100",67.0865266042909,2.05007318292845,0.696307341948272,2.94420733406649,0.00323783012663237,0.0099134760406359
"Os05g0235300",10159.7365494355,0.721200625560714,0.244962681372623,2.94412447446909,0.00323869714058573,0.00991507110503925
"Os01g0904700",2080.88667880877,0.723187534928726,0.245672950266853,2.94370028993094,0.00324313897407762,0.0099276087484265
"Os02g0707100",3802.59384226453,0.514022711478298,0.174653839912962,2.94309424708015,0.00324949476096631,0.00994387737810603
"Os06g0665000",4848.95622048838,0.344556231705903,0.11707221850055,2.94310841734228,0.00324934602290916,0.00994387737810603
"Os07g0242000",8.15551076419773,7.01168811931289,2.38240782308211,2.94310992911444,0.00324933015496948,0.00994387737810603
"Os12g0501900",6.49854084096422,4.7648742364619,1.61902625181676,2.94304939843631,0.00324996555532856,0.0099442559900976
"Os07g0257200",2475.00052347397,1.06086344771678,0.360511969292057,2.94265804766486,0.00325407636064517,0.00995577105020881
"Os02g0521100",110.862377536563,2.28043769173385,0.775170660550426,2.94185243042426,0.00326255359831869,0.00997638054418647
