"","baseMean","log2FoldChange","lfcSE","stat","pvalue","padj"
"Os01g0200700",3504.96464587682,4.41173574421033,0.306347689949358,14.4010739723209,5.0945657419229e-47,6.97726251185051e-43
"Os10g0558700",996.34436332541,4.01561913854238,0.282632214116379,14.2079315024185,8.1806358103926e-46,7.46919318274879e-42
"Os07g0147500",9420.67378794095,8.80517445309845,0.632381731311942,13.9238279936253,4.5392644713312e-44,2.48669986268466e-40
"Os12g0105600",623.211627164498,4.66994664112301,0.33994041708982,13.7375446000265,6.04927744993429e-43,2.76159597718584e-39
"Os02g0707200",798.694023232776,3.86625456419949,0.286018817919353,13.5174831933248,1.23323126348158e-41,4.22242969225298e-38
"Os07g0643400",268.397604366449,5.39982237218467,0.400259872485007,13.4907912168661,1.77188748261421e-41,5.39264111514286e-38
"Os02g0611200",23480.9285108873,1.18635525619592,0.0907574765491935,13.0717082636478,4.77803524020988e-39,1.30875163264589e-35
"Os02g0668500",1276.64743172861,2.0055811416267,0.156261176392093,12.8348012470754,1.04671245027386e-37,2.60640915685921e-34
"Os10g0456000",6805.60367994714,2.85968165183329,0.228604002969828,12.5093244854978,6.63863706649407e-36,1.51532423240283e-32
"Os01g0138800",1367.72439819255,1.9400094082883,0.161080114989403,12.0437548012424,2.09211705294333e-33,4.09322701408363e-30
"Os11g0227800",556.315746393148,3.51875832053143,0.297878586249073,11.8127266710914,3.35501463494402e-32,5.40571799210304e-29
"Os04g0320700",5588.78940762286,2.58884692525212,0.219559189549071,11.7911116841389,4.33777065222019e-32,6.60088199638684e-29
"Os02g0583700",45249.5073165197,13.1310148844447,1.11478925399658,11.7789212959933,5.01304982840443e-32,7.22697093946451e-29
"Os02g0580900",879.96680296939,3.39955790402096,0.292302019840969,11.6302922089643,2.89106209706071e-31,3.9594540950295e-28
"Os04g0631100",720.312462711456,2.12637242396796,0.183565209043952,11.5837441911927,4.98214505372599e-31,6.4983778650766e-28
"Os12g0431100",2666.30886874637,4.82308699636765,0.417421219651301,11.5544844615151,7.0066686671792e-31,8.38780088186461e-28
"Os12g0431300",2909.16681431043,5.37582929401649,0.465277096964895,11.5540380755559,7.04316820426001e-31,8.38780088186461e-28
"Os02g0160500",350.970767658157,5.18770049680577,0.449308990139247,11.5459530315608,7.73789899119657e-31,8.83119963616105e-28
"Os11g0669100",1122.80576844847,3.11309424969424,0.270590638973122,11.5048113323812,1.24761877161445e-30,1.36694103093165e-27
"Os02g0523100",1353.46960839167,6.94427141676055,0.60599412007505,11.4593049449069,2.11202888240104e-30,2.2250224276095e-27
"Os03g0122000",982.621113585306,1.68973595190193,0.148529574725662,11.376427590417,5.47987821685135e-30,5.55923497176946e-27
"Os04g0226400",918.671523598989,13.9026062138245,1.22264438393377,11.3709320522897,5.83610342258976e-30,5.70916817314843e-27
"Os03g0608700",750.077597833537,13.6100791720606,1.20273412262259,11.3159499810178,1.09410712389057e-29,1.03340304243057e-26
"Os04g0504000",1865.56694105301,2.89221550182272,0.256360895248444,11.2818123022227,1.61386504319028e-29,1.47351257993417e-26
"Os05g0318600",1528.00847345089,4.85369247105201,0.436881189135363,11.1098682931577,1.12325063925254e-28,9.61467445617694e-26
"Os12g0508400",2269.84510282405,3.11096076459291,0.28132738287206,11.0581512998601,2.00180921030438e-28,1.6126928258661e-25
"Os03g0195100",1928.15534178388,3.9163370896284,0.356254001239521,10.9931034486693,4.12493870818353e-28,3.22817703302443e-25
"Os04g0442800",1265.13990765443,12.9966525881911,1.18317125059596,10.9845912682925,4.53285735468409e-28,3.44887488339311e-25
"Os04g0269600",2573.19701077308,2.86360576206735,0.263438279918434,10.8701201775003,1.59989969190121e-27,1.18440141786125e-24
"Os08g0185701",251.00507231941,5.1163676290814,0.472011014462243,10.8395089782183,2.23668292503227e-27,1.61223636840944e-24
"Os08g0203600",5061.76707368133,3.86294272686535,0.356950747677737,10.8220608921456,2.70622589912078e-27,1.9006726564825e-24
"Os08g0398000",8745.96052938782,2.85502564154682,0.264212273811425,10.8058024722369,3.23119242539162e-27,2.21263979309755e-24
"Os01g0316100",857.227649506486,2.96192592104967,0.275279284026756,10.7597123827225,5.33363703340523e-27,3.56325980443909e-24
"Os04g0209300",2328.66715685712,4.01345537194219,0.374737024679959,10.7100582745189,9.13043218358903e-27,5.68390154410653e-24
"Os02g0692700",2165.39124428325,1.87670381412137,0.175558333389293,10.6899158695011,1.13473863489267e-26,6.90702798852116e-24
"Os06g0589300",4938.10789356077,4.6425657091096,0.434504180252968,10.6847434848767,1.19980275722345e-26,7.14430376589292e-24
"Os12g0194100",250.219503133133,3.41568602741953,0.320727819448232,10.6497965573917,1.74746536489729e-26,1.01840050659365e-23
"Os04g0219000",333.640559879521,4.59869432585143,0.434727968901078,10.5783263438885,3.75607534573269e-26,2.14338874572842e-23
"Os08g0293300",1135.97451447772,3.10697351834307,0.294181406487943,10.5614204358983,4.49803188394952e-26,2.51439982312778e-23
"Os01g0966900",230.433483703755,5.79582070209352,0.552491408165148,10.4903363499203,9.56871511521229e-26,5.2419335144156e-23
"Os06g0528600",6764.72181003771,1.36984408094442,0.130826107550279,10.4707241283469,1.17738868331162e-25,6.32350067148797e-23
"Os09g0478100",1530.13246918021,2.93376775113217,0.282099653766732,10.3997566532219,2.48567167439038e-25,1.28462326100428e-22
"Os01g0155000",6860.0092063178,3.35160796030582,0.322337146491156,10.3978334386533,2.53634407116648e-25,1.28653704543187e-22
"Os02g0543000",10633.3792366959,4.68226255707599,0.453764343227508,10.318709759723,5.79972680101644e-25,2.88836939648439e-22
"Os04g0420600",579.367155117619,12.8628267097473,1.24742632605833,10.3114921026173,6.2522963883694e-25,3.05815447096118e-22
"Os03g0306700",623.001025585035,4.7442477986852,0.461079582601365,10.2894337066903,7.86374862058836e-25,3.778876113448e-22
"Os01g0134700",4003.53485326407,2.8629606472681,0.279442761476786,10.2452489094298,1.24304514682775e-24,5.77088976555236e-22
"Os04g0490500",1007.7605122171,2.85040306383812,0.278184838371592,10.2464357170703,1.22788179163164e-24,5.77088976555236e-22
"Os06g0725100",460.746051055899,3.41171614496106,0.335209128980175,10.1778736018936,2.48941639420813e-24,1.13646007422925e-21
"Os09g0379600",650.081101360287,3.96827028532153,0.390269263475825,10.1680318095748,2.75417511912814e-24,1.23671492931211e-21
"Os01g0299300",210.970043185894,3.7969966630004,0.373923772607753,10.1544671431828,3.16534545288879e-24,1.39841898871092e-21
"Os01g0854000",1445.47533173943,2.50597170570042,0.24884573189319,10.0703825082121,7.46870463157765e-24,3.24722680259593e-21
"Os03g0227700",1324.11391189366,2.10692214729088,0.209524042359727,10.055753619308,8.66558480948286e-24,3.70873489869601e-21
"Os04g0186400",4042.29354796658,4.02861598986648,0.401303209120206,10.0388332271217,1.02883872590596e-23,4.33552639096773e-21
"Os11g0144900",403.634858819152,2.75437050511281,0.276775591813644,9.95163802943779,2.48065960884795e-23,1.02951132342355e-20
"Os01g0716500",7521.42789943643,2.28354620303028,0.229893622690509,9.93305589039532,2.98950411790895e-23,1.2221717506514e-20
"Os02g0211200",558.371602281731,3.25126129126864,0.327567620635332,9.92546603038079,3.22592214834076e-23,1.29942990537061e-20
"Os03g0255500",14621.2928779128,3.25245929902501,0.327760441574352,9.92328202696541,3.29731836311606e-23,1.30893981571177e-20
"Os11g0229700",245.022480861797,2.90070802968591,0.292568458165843,9.91463005913521,3.59586071726683e-23,1.40706029866651e-20
"Os07g0129300",8958.54863338541,4.58627076482183,0.467878845081275,9.80226144660409,1.10092765830046e-22,4.07506884979836e-20
"Os12g0639200",2191.9655348081,4.09578286929747,0.420734091925779,9.73484903624117,2.14135412107625e-22,7.82051076405326e-20
"Os08g0535800",4327.07619687582,2.48419673746996,0.255855219269336,9.70938464559863,2.74992242495704e-22,9.91093751868399e-20
"Os07g0683600",8042.63746821652,2.94211057234656,0.303758382987575,9.68569342320639,3.46846759122634e-22,1.18755994739101e-19
"Os12g0556500",647.703306046824,2.4896481407402,0.25698995940149,9.68772533580068,3.40016792527872e-22,1.18755994739101e-19
"Os04g0288100",226.394346172156,11.8818354359468,1.22661313733371,9.68670159670259,3.43441133345757e-22,1.18755994739101e-19
"Os12g0438300",175.694301668001,5.0723884372952,0.52438878393967,9.67295371801614,3.92872160384228e-22,1.32853843766474e-19
"Os12g0609050",1620.34577136676,5.67660410009798,0.58927425183175,9.63321251938692,5.78907290919075e-22,1.84381972157725e-19
"Os03g0575200",2620.06901085037,4.27299907066876,0.444672806230629,9.60931051055227,7.30364064984358e-22,2.29691484782835e-19
"Os07g0290500",189.770478798871,7.51117472491815,0.78174237427469,9.6082481544986,7.37937667879577e-22,2.29691484782835e-19
"Os08g0556300",4608.27057375648,2.67597652759333,0.279834026054942,9.56272746855998,1.14693461345763e-21,3.45227318650746e-19
"Os01g0967800",2614.93871660804,4.01812078680306,0.422434817687896,9.5118125177166,1.87368970796244e-21,5.51851986997841e-19
"Os06g0314501",261.243686127069,4.66789884580194,0.491335897475934,9.50042296885213,2.090394815085e-21,6.09127706170142e-19
"Os01g0956500",1322.36138264712,8.23439284531735,0.868582743077942,9.48026300423337,2.53642966424067e-21,7.31319420349643e-19
"Os09g0472100",2380.32552299067,3.77606866002534,0.398356551070654,9.4791177649181,2.56441971695891e-21,7.31687713200223e-19
"Os08g0203700",1076.04709959154,2.27464749234902,0.240270696307762,9.46702002076622,2.87940898173606e-21,8.13091664110645e-19
"Os09g0471200",1243.58972009942,2.860883152217,0.30325616208324,9.43388300031222,3.95182227231948e-21,1.1045343251133e-18
"Os06g0673800",458.543716590735,3.17027380278557,0.336762164917015,9.41398450614781,4.77677345248232e-21,1.30662846657364e-18
"Os03g0142900",2700.7805517737,0.928389933865973,0.0987338730808275,9.4029526534015,5.30529609348929e-21,1.42468005192907e-18
"Os04g0488700",1475.1222750794,1.85303116141761,0.197272685323215,9.39324751615545,5.81782188875678e-21,1.5404356256317e-18
"Os11g0114600",2030.02517564505,1.64253973037829,0.174893066234747,9.39168010339312,5.90506884346423e-21,1.5404356256317e-18
"Os11g0118400",390.865829319776,2.50088580665702,0.266403827739602,9.38757460009745,6.1397749811976e-21,1.571725014112e-18
"Os11g0619500",203.682540241656,2.72587867625755,0.290739423042389,9.37567615610258,6.8733787813708e-21,1.74322887222711e-18
"Os02g0101500",1404.04785332215,6.52148624653818,0.697198100668947,9.35384970251776,8.45143047025367e-21,2.12379020193319e-18
"Os11g0245200",1505.70624633993,5.85257190396385,0.62804936019824,9.31864957575393,1.1783040194742e-20,2.93408412703798e-18
"Os08g0477100",1130.65808059675,3.84815168831153,0.413043664400584,9.31657357315003,1.20158012711428e-20,2.96508840196283e-18
"Os09g0533400",10105.6400288725,1.37129708537518,0.147245520492097,9.31299696447327,1.24275215012394e-20,3.03930572714686e-18
"Os04g0654400",448.392618094513,4.28082714161493,0.461328929902237,9.27933815579723,1.70534548807935e-20,4.12629568116142e-18
"Os11g0471200",258.205061889206,12.0715490877402,1.30108581404692,9.27805757115484,1.72596248907166e-20,4.12629568116142e-18
"Os12g0431700",3120.0102017061,5.2986760762284,0.571782387405303,9.26694524515404,1.91553307850222e-20,4.52313504769434e-18
"Os07g0209100",806.879857072485,3.02538456494797,0.326851163960251,9.25615356020542,2.11929435714674e-20,4.96150356723131e-18
"Os01g0173900",9997.57857311206,2.7601291299154,0.298961524612844,9.23238912930274,2.64661597268139e-20,6.14351339895897e-18
"Os01g0807800",1366.31453010883,1.92539365959973,0.20879096318684,9.22163311195015,2.92609137961728e-20,6.73517386378967e-18
"Os01g0183600",207.146934632214,4.04241279866358,0.439753368979553,9.19245441608324,3.83978174439814e-20,8.69218692238096e-18
"Os01g0956800",271.110390850373,3.97266087867358,0.432708007035661,9.18092758645479,4.27393765211636e-20,9.59569067451796e-18
"Os11g0707000",17238.2013227755,7.52329420891731,0.820801286864456,9.16579241445521,4.91842711891977e-20,1.08645675172848e-17
"Os05g0135400",483.039033847874,2.0263403766262,0.221203507596352,9.16052552079701,5.16451925799856e-20,1.13169077596671e-17
"Os01g0201100",269.570955759675,2.8007098626201,0.306981304339388,9.12338902412029,7.281105013739e-20,1.58283132882004e-17
"Os02g0258000",29.309404442122,21.6336663316724,2.37270159634601,9.11773581852371,7.67101396313441e-20,1.65446254696232e-17
"Os06g0207950",313.908527720086,6.07082849791889,0.668080553680419,9.08697082181936,1.01836705736047e-19,2.16233271846207e-17
"Os08g0232700",415.411081971787,4.25327843158987,0.468791114809925,9.0728648586149,1.15928027090437e-19,2.4426035307955e-17
"Os11g0186900",4350.24359717955,2.62049769212786,0.289000715117632,9.06744362574064,1.21841977913822e-19,2.52831334624052e-17
"Os04g0440300",382.446905136092,10.92572423888,1.20892381790284,9.03756223269157,1.60204511717558e-19,3.29936975974107e-17
"Os01g0356400",10482.1067326234,1.58652601862859,0.175679958159609,9.03077411475245,1.70461625789417e-19,3.48441372537158e-17
"Os04g0269900",411.087975522515,4.91502185754656,0.54588521429507,9.00376439741748,2.18107904580734e-19,4.42532860323769e-17
"Os01g0850550",2737.68249802863,4.5615977941914,0.507659118622978,8.98555275942782,2.574369629818e-19,5.18489400958418e-17
"Os04g0117900",2625.87206380806,3.98238721934092,0.443763028261063,8.97413025809376,2.85599191681597e-19,5.66873004300769e-17
"Os03g0277300",226.560512142304,4.50263916704385,0.501842461939749,8.97221639962469,2.90606777906e-19,5.72662608174333e-17
"Os09g0570100",1783.64257363173,6.14476803514234,0.684975319131909,8.97078750651892,2.94401926362656e-19,5.75997368928536e-17
"Os11g0156600",916.687522845125,3.14727640242988,0.351168496486506,8.96229711354765,3.17983687487177e-19,6.17722779004346e-17
"Os03g0348800",371.353784129234,3.47995562808824,0.390342988614131,8.91512267312249,4.87276515303949e-19,9.26874377131282e-17
"Os10g0380100",563.72362880719,4.27881113053905,0.480246446332429,8.90961539271284,5.12098989842812e-19,9.67372650398928e-17
"Os05g0106200",496.892472335596,1.82664161170233,0.205046515195396,8.90842553438013,5.17623841437128e-19,9.7111196169893e-17
"Os04g0399300",2124.08548851872,2.9162771512444,0.327398036836161,8.90743627978376,5.22262027898587e-19,9.731482453177e-17
"Os03g0757000",416.630058579477,2.15964809622001,0.243122646410983,8.88295733902661,6.51059362509005e-19,1.2049437161138e-16
"Os08g0127100",13962.9171888437,2.57391366993839,0.289837903050239,8.88052819472766,6.65436240728423e-19,1.22328617918069e-16
"Os02g0327000",7524.59769401788,2.45273848862517,0.27629648451114,8.87719759795305,6.85659322817155e-19,1.25205963408565e-16
"Os04g0584100",920.088764878724,2.56165260594648,0.288920204247493,8.86629791993411,7.5617986552144e-19,1.37169024480118e-16
"Os11g0265900",436.326503164123,1.92939055589054,0.218443992367158,8.83242672404398,1.02428823558312e-18,1.84580783295113e-16
"Os01g0248500",944.40062075279,3.02916317022078,0.343544309149111,8.81738713042111,1.17161601842155e-18,2.097498977816e-16
"Os12g0209800",2206.90613507379,2.49240586574051,0.283387412977118,8.79504788006149,1.42986995792485e-18,2.54321870243633e-16
"Os04g0468600",8690.06182363772,3.16119279503442,0.359601267192771,8.79082774015867,1.48462051620088e-18,2.62356390704893e-16
"Os11g0591000",615.454829016543,3.5357120328517,0.402449448743845,8.78548111790841,1.55696701005851e-18,2.71636199824922e-16
"Os10g0523700",2392.97538054828,2.34193181917975,0.267253769994162,8.76295147952788,1.90203542895097e-18,3.27664480719472e-16
"Os05g0595100",4906.53851627028,1.7401894102478,0.199076920912643,8.74129156845562,2.30460390983025e-18,3.9208326518112e-16
"Os10g0131800",1191.56410885255,1.72087889003892,0.19820553838952,8.68229467259885,3.87862979769885e-18,6.51776372937234e-16
"Os03g0682600",141.078439585634,11.1962387244859,1.29309448380649,8.65848463874623,4.78077049802498e-18,7.98476126289037e-16
"Os01g0373800",193.60951408003,5.34210249751279,0.61779445513713,8.64705478188052,5.28456049965305e-18,8.77269070581798e-16
"Os01g0766200",670.27311571437,2.18387264006028,0.252626720066963,8.64466213028222,5.39647396011427e-18,8.90450712298132e-16
"Os11g0668100",1322.92963620554,2.29562789122556,0.266287305494223,8.62086867777991,6.64480803011154e-18,1.08986788474722e-15
"Os04g0524500",1313.15255019939,2.78955311766782,0.323671612942281,8.61846700830471,6.78564249394965e-18,1.10634246161771e-15
"Os01g0842200",4858.33802327254,1.20834537555173,0.140367829419447,8.60842103599788,7.40737559504358e-18,1.20056464451976e-15
"Os08g0230800",158.030472764587,4.00630919862342,0.466084456798638,8.5956721795472,8.27788038733607e-18,1.33376130405601e-15
"Os04g0365100",249.938901235381,3.12692308531304,0.363979013612464,8.59094334664674,8.62581600829499e-18,1.38169430574976e-15
"Os03g0322200",576.415220745683,2.23221498609307,0.259985606718006,8.5859175600988,9.01142737453245e-18,1.43506980939429e-15
"Os05g0148900",995.944853093531,2.15724343295854,0.251681649030186,8.57131793784381,1.0230736096525e-17,1.61982712381454e-15
"Os01g0665750",134.245376410298,3.10359933743699,0.362461977019104,8.56255147908496,1.10396721769888e-17,1.73641012767537e-15
"Os02g0772100",382.686658567,4.38876421724158,0.512622888259585,8.56138950826395,1.11515259666383e-17,1.73641012767537e-15
"Os04g0194500",1865.84714900764,2.3597900977,0.275633574969706,8.56133037478964,1.11572480913755e-17,1.73641012767537e-15
"Os05g0494200",10172.5013732702,2.75014394927319,0.321439860849465,8.55570289884215,1.17152671743131e-17,1.81295414221249e-15
"Os11g0229400",2103.51803656326,1.26157145256014,0.147697484021735,8.54159067716066,1.32386651384375e-17,2.03719256633113e-15
"Os01g0261200",9279.36294452397,2.17773502761277,0.25498573488766,8.54061513900855,1.33509184156321e-17,2.04298886213731e-15
"Os07g0638100",9201.06966247605,1.74904645064391,0.206198661702672,8.48233657872112,2.20715986889793e-17,3.32177560269139e-15
"Os05g0518750",50.9000533086855,24.5849721318152,2.90167902978619,8.47267112573329,2.39828976224702e-17,3.57019319987544e-15
"Os03g0374500",626.213851149538,3.19174160853292,0.376865392649599,8.46918202303741,2.47122246970898e-17,3.65887863069182e-15
"Os04g0667700",3550.67375904913,1.54385415301819,0.182320051561908,8.46782424528859,2.50019178999086e-17,3.68186845804514e-15
"Os03g0584400",1634.3870678041,3.36962588019765,0.398563249376844,8.45443197652088,2.8044923273689e-17,4.10790638176264e-15
"Os07g0687000",1015.20594929596,2.3637803012828,0.280472877215725,8.42783917200204,3.52106532827156e-17,5.13007980886629e-15
"Os09g0572900",2976.31527515717,2.58650495492784,0.30737814343309,8.41473283051069,3.93791382565249e-17,5.70705807399193e-15
"Os10g0512400",1483.38489774898,2.77362055439309,0.330611722140863,8.38935938639025,4.88798327835554e-17,7.00977748572966e-15
"Os07g0545800",2120.53568086004,1.41189063205884,0.168390193867079,8.38463689384033,5.08825749378913e-17,7.2589823443947e-15
"Os07g0271000",455.789346467173,3.25080090510897,0.388562113870844,8.36623229353112,5.94898613613808e-17,8.39941645644114e-15
"Os08g0562200",8387.23133530058,1.29228409306365,0.155082268469776,8.33289392665479,7.88898385342593e-17,1.09688912045274e-14
"Os01g0778800",10045.1791070231,1.93834076533727,0.23284283398266,8.32467434012431,8.45608916408573e-17,1.1639233080074e-14
"Os02g0302200",395.250520137363,2.73161650499778,0.330011019541646,8.27734937091416,1.25947296291425e-16,1.70783286768238e-14
"Os03g0207400",714.350359517414,2.11091737996733,0.255046330922983,8.27660359719022,1.26738249635863e-16,1.71009231319011e-14
"Os04g0638700",256.916945022237,4.33938113982491,0.52452475317612,8.27297684913618,1.30655076276738e-16,1.75430058543927e-14
"Os05g0137500",211.765312805221,3.65664784212435,0.442929507721232,8.25559773819753,1.51143879378741e-16,2.01950341466493e-14
"Os06g0125800",3850.19558276429,2.21637910756559,0.268528416014061,8.25379727205309,1.53439548278873e-16,2.04022459558574e-14
"Os01g0766300",85.5207694933954,4.63594068211792,0.563770621730048,8.22309730842584,1.98313802080669e-16,2.59904945109646e-14
"Os06g0109600",1608.54490055737,2.53964088618797,0.309142911827243,8.2151030770105,2.11982091040617e-16,2.76495307413978e-14
"Os01g0185900",4417.06444449801,1.70915323080506,0.208156212761141,8.2109162543532,2.19506948177942e-16,2.84953308888247e-14
"Os09g0570000",1529.91918394245,2.32118500230731,0.282990257256393,8.20234952542654,2.35733715710053e-16,3.0314470455465e-14
"Os02g0515100",446.349309907781,1.98471722946801,0.242139765773622,8.19657697746155,2.47328922017223e-16,3.16569462755783e-14
"Os02g0282500",221.157672868691,3.37966474440919,0.412769895689735,8.18776945630154,2.66111950907805e-16,3.39026625456543e-14
"Os05g0410200",8477.5293736557,2.22444173347527,0.271884904956747,8.18155658119064,2.80200475052562e-16,3.55322741303922e-14
"Os01g0346250",1113.74304191482,1.70895141022732,0.208906462812554,8.18046214185685,2.82757318461267e-16,3.56912705528689e-14
"Os03g0812200",8594.035186088,1.26138639374423,0.154254550057467,8.17730428875065,2.9026434531962e-16,3.63077274862797e-14
"Os01g0183300",416.877081435655,2.50283520858725,0.306134091257026,8.17561741755152,2.94354620545775e-16,3.64826579699969e-14
"Os03g0183200",3610.74193637206,1.6401291741814,0.200607844763393,8.17579779153628,2.9391455657582e-16,3.64826579699969e-14
"Os02g0670900",5801.77353295613,1.57370373145584,0.192582496782183,8.17158234912567,3.04370636622753e-16,3.75541266114136e-14
"Os06g0293500",718.347990174304,5.05492759928769,0.619545566724446,8.15908929187119,3.3756003914819e-16,4.14623633735788e-14
"Os01g0144200",1271.48200869347,1.49929693656141,0.18387926175856,8.15370326279666,3.5294626248655e-16,4.29668936700849e-14
"Os11g0490900",437.499819860394,3.45978954538852,0.424311057248144,8.15389909427973,3.52374912003805e-16,4.29668936700849e-14
"Os01g0346600",481.967665436057,2.15507429659802,0.264447455567009,8.14934782404039,3.65892144966754e-16,4.43458041716122e-14
"Os01g0283300",2357.43665329758,5.14529910133436,0.632467697339217,8.13527571918781,4.11001863517629e-16,4.9593621337495e-14
"Os03g0129800",206.664056813305,5.54342059295799,0.682473592818786,8.12254225114012,4.5651849695818e-16,5.48442901323751e-14
"Os10g0100300",1202.28280511121,12.6102339926095,1.55339338353579,8.11786256222262,4.74465665662024e-16,5.67514805596005e-14
"Os02g0790500",5295.01894613606,1.66663614951846,0.205488563538835,8.11060294946042,5.03691916408825e-16,5.99853273145831e-14
"Os04g0522800",305.32655948516,1.52101315287127,0.187605807076951,8.10749505343076,5.16739712395089e-16,6.10086959578185e-14
"Os01g0364800",245.145301706361,2.77341222398981,0.343373803183605,8.07694762464696,6.64080515862292e-16,7.80679373819057e-14
"Os06g0674100",264.327885593182,3.04772383554176,0.377477743438287,8.07391664414785,6.80783605446832e-16,7.96895031486931e-14
"Os09g0551251",424.50978393616,6.21241275170126,0.771310046678703,8.05436513948211,7.98923887449443e-16,9.27259500047784e-14
"Os12g0170800",695.025382863601,3.2921133936302,0.408784258587728,8.0534250633912,8.05086986737859e-16,9.30469943195641e-14
"Os01g0124700",1750.84620964971,3.63025202292768,0.451480268296684,8.0407767024319,8.92708041453084e-16,1.02740193123703e-13
"Os06g0701300",2691.62683043193,1.3935514591983,0.173341731703388,8.0393304341903,9.03306902116606e-16,1.03525018225422e-13
"Os08g0453200",13174.1163940831,1.03853418216407,0.129228657332068,8.03640774116715,9.25105451064245e-16,1.05581514208753e-13
"Os07g0575600",165.694355646597,3.23032153313693,0.402099517839654,8.03363692275076,9.46249450937123e-16,1.07102143432309e-13
"Os07g0555000",29.7492354180202,20.6103591921193,2.56722163706187,8.02827418348944,9.88533608094442e-16,1.11427671025987e-13
"Os11g0684700",896.299658473009,1.55450725573192,0.193698725850213,8.02538710003713,1.01206296337008e-15,1.13612363236351e-13
"Os01g0602200",1911.76364321066,2.77287913733178,0.34564897126025,8.02224038804963,1.03833685641833e-15,1.1608606054757e-13
"Os04g0626000",632.552929703466,1.12596400629835,0.140370159003827,8.02139154282535,1.04553874172323e-15,1.16416063717646e-13
"Os06g0272000",26.5709153859903,21.1212884853702,2.63454804036005,8.01704435136573,1.08320017742345e-15,1.20121198622695e-13
"Os05g0414700",2423.05229067951,2.06498386530283,0.257892286028154,8.00715638728873,1.17391171652448e-15,1.29135003322578e-13
"Os06g0154400",2473.77458149705,2.75898914752314,0.344859070510751,8.0003380611012,1.24078077730865e-15,1.35944905085045e-13
"Os02g0188000",1012.10849151921,2.50565098965843,0.313309596309315,7.99736432964129,1.27110708491485e-15,1.37776984359842e-13
"Os04g0290000",108.656829609966,10.7883593896121,1.34918819573609,7.99618572390948,1.28332759173973e-15,1.38392228603713e-13
"Os01g0292700",55.7328551746934,22.8589419229691,2.85907700292695,7.99521730249571,1.29345533196242e-15,1.38748829885478e-13
"Os02g0575900",1196.18299318663,4.62651286565397,0.578682844001186,7.99490241263225,1.29676537733863e-15,1.38748829885478e-13
"Os04g0634500",2963.52711556696,3.12697857846065,0.392438941905769,7.96806393187017,1.61179481121447e-15,1.69802583361444e-13
"Os04g0450000",600.417621715314,2.5355259718364,0.318538821973957,7.95986484825922,1.7222729740363e-15,1.80746279815434e-13
"Os04g0608800",2868.62115699389,1.47751466973718,0.185813749000455,7.95158957657951,1.841334072395e-15,1.91771793068332e-13
"Os05g0305600",1172.58646955451,2.03108643878142,0.255738413137691,7.94204677295732,1.98871913414135e-15,2.05558512465153e-13
"Os05g0305900",2582.34730010112,1.12816812496754,0.142042560794106,7.94246540375207,1.98201647922919e-15,2.05558512465153e-13
"Os02g0582600",1800.48326396119,2.91398607517703,0.367076914564697,7.93835286164104,2.0488377548781e-15,2.10976371969421e-13
"Os06g0542300",974.280193992004,2.2580215758297,0.285042389919564,7.92170447513752,2.34276597543947e-15,2.39442921019637e-13
"Os02g0469600",17079.7079466711,1.13307195049004,0.143257111487509,7.90935918450954,2.58717157245494e-15,2.63439466695588e-13
"Os04g0221600",2824.67873645158,1.33822794305215,0.169223653778209,7.90804307302146,2.61466355061805e-15,2.65252775240663e-13
"Os06g0287200",324.685639982019,3.40801776891393,0.431192370764858,7.90370609495877,2.7073094396497e-15,2.7363805483928e-13
"Os10g0485300",4429.79533398464,1.41056277994606,0.178642717551693,7.8959993403475,2.87998210463122e-15,2.90020550838066e-13
"Os05g0162000",29696.2109426319,3.15610364379606,0.400874130532728,7.8730539174525,3.46087410216662e-15,3.47241034917384e-13
"Os01g0935600",1641.84771708598,1.33383520403919,0.169555444812196,7.86666099408712,3.64231904684213e-15,3.64112266467346e-13
"Os03g0150600",4465.52156372285,2.38955350547406,0.303904503191157,7.86284336159055,3.75510468981325e-15,3.74022082031545e-13
"Os11g0444900",1250.65759314644,3.79537465853879,0.483100101264987,7.85629033941556,3.95677305321073e-15,3.92681053262664e-13
"Os03g0324200",5736.90166014744,1.18881721498983,0.151355792407074,7.85445469964229,4.01515156808566e-15,3.97036161016008e-13
"Os08g0256700",953.125226220987,13.9398846780675,1.77768412518041,7.84159822356113,4.44847754955808e-15,4.35172316285519e-13
"Os05g0439000",183.437278595696,2.97097444100376,0.378978930652322,7.83941850247435,4.5263761701608e-15,4.39652374740689e-13
"Os06g0674000",1663.96110517749,2.26384908785726,0.288765770841766,7.83974181308964,4.51473747868505e-15,4.39652374740689e-13
"Os10g0552400",1296.51374395745,2.64598060570532,0.337575183945067,7.83819644199881,4.57063592780032e-15,4.4238264557731e-13
"Os10g0558750",638.485401679692,3.11413580386588,0.397513505588382,7.83403773730021,4.72446879028173e-15,4.55661706459883e-13
"Os04g0497000",229.43401218025,4.00708804930078,0.511713393892701,7.8307273116658,4.85055695271747e-15,4.66181071901348e-13
"Os05g0557700",8836.05015381052,1.94322920146904,0.248307655977582,7.82589322032214,5.04065046204887e-15,4.82756841978953e-13
"Os01g0155800",70.2273868415034,24.1213859734825,3.08287971417231,7.82430331699093,5.10475935856663e-15,4.87193252928566e-13
"Os03g0643300",3118.74470375777,1.2364410254895,0.15852797682255,7.79951305928493,6.21465086736434e-15,5.84967360508511e-13
"Os04g0691400",255.142515151707,1.92763038558106,0.247184353726195,7.79835113559125,6.272128419012e-15,5.877059500696e-13
"Os05g0568100",646.616933132207,2.39360059834429,0.30694825131592,7.79805908026081,6.28665778432305e-15,5.877059500696e-13
"Os12g0291066",1293.61808998514,7.46697934753666,0.958431385242422,7.79083350410942,6.65685856115049e-15,6.20197322613854e-13
"Os06g0111400",3358.48309098984,1.23431255715218,0.158549939436637,7.78500806457553,6.97087607754704e-15,6.47251751322342e-13
"Os03g0117100",1393.99565598305,3.40146712796344,0.437096740331262,7.78195491777307,7.1412318313355e-15,6.60829328013888e-13
"Os08g0260800",479.355317791031,2.83949470414843,0.364953891750075,7.78042039922389,7.22839369390429e-15,6.66642867574857e-13
"Os06g0498400",8756.91717653562,1.04772144608398,0.134894198012857,7.76698673121671,8.03752596894087e-15,7.38778100051206e-13
"Os08g0458200",1872.94377374718,3.82045698323914,0.492849376254294,7.75177400502159,9.06175595836803e-15,8.27839130677849e-13
"Os08g0535900",242.405133702981,3.34404055472191,0.43139437445132,7.75170181339318,9.06691026991912e-15,8.27839130677849e-13
"Os09g0347300",192.890657798651,3.96895209265305,0.512687920176843,7.74145817846464,9.82830257723465e-15,8.8991805933614e-13
"Os09g0442400",827.613707697724,3.83386393683753,0.495251182337078,7.7412514569791,9.84429819936659e-15,8.8991805933614e-13
"Os04g0531900",232.711442767879,2.94472562561297,0.380770236640886,7.73360242541807,1.04545183276306e-14,9.38884300039766e-13
"Os01g0921000",75.6346387822287,3.54637733621197,0.458772807256483,7.73013849146757,1.07429646353433e-14,9.61635765773495e-13
"Os06g0700300",279.858138654996,1.74813874178644,0.226299957604964,7.72487436713552,1.11963714825782e-14,9.98957039997718e-13
"Os06g0297400",3695.94765917642,1.27019606229006,0.164468054049599,7.72305642959087,1.13572862811763e-14,1.01002411859643e-12
"Os07g0491800",21.5784952963942,20.6077515018917,2.67118153283817,7.71484500343772,1.21129346576319e-14,1.06683406175947e-12
"Os01g0292900",4843.16042841313,1.63468068369288,0.212179207590235,7.70424539830412,1.31618708034588e-14,1.15550257428699e-12
"Os02g0671100",1009.98227443021,3.01906885821866,0.391971020005795,7.70227568909056,1.33664118957919e-14,1.16971050555155e-12
"Os12g0292301",669.807637173411,12.5052737944509,1.62492726515099,7.69589757193771,1.40504333502879e-14,1.22565420349598e-12
"Os08g0503700",810.781427385023,3.69315037880815,0.480124347790246,7.6920705975561,1.44772692034214e-14,1.25887898651085e-12
"Os07g0537250",1070.16104866537,1.90060369003461,0.247242389508137,7.6872080625643,1.50380475382701e-14,1.29939167230523e-12
"Os06g0693600",6556.23541851225,2.01428049367739,0.262120894444687,7.68454761282849,1.53538567537941e-14,1.32250783126784e-12
"Os04g0638100",114.380046427933,3.89602201620219,0.507832227589727,7.67186839380691,1.69508828693892e-14,1.45094260211074e-12
"Os08g0357000",5603.62849130228,1.69985585560319,0.221564490553486,7.67205905313078,1.69256989831598e-14,1.45094260211074e-12
"Os04g0373400",2709.53069532598,2.32343386646481,0.303166732001022,7.66388136036304,1.80396546174495e-14,1.52979622175405e-12
"Os09g0572400",2950.51835190292,1.2140682539654,0.15846959436677,7.66120629523102,1.84194706545901e-14,1.55718432314777e-12
"Os11g0582100",1272.5089119581,1.70579337219754,0.22290559181914,7.65253737367689,1.97051811155553e-14,1.660752664419e-12
"Os01g0956200",1960.61832713717,2.00892657838718,0.262550896367515,7.6515700619628,1.98540088886552e-14,1.66816305972133e-12
"Os09g0447300",866.724017860196,2.49951646111655,0.326768481442785,7.64919691789246,2.02238340874148e-14,1.69403987611125e-12
"Os09g0467300",69.4078817347241,4.07448136376753,0.533435802166093,7.63818503974144,2.20305097849008e-14,1.83415712315568e-12
"Os07g0268800",331.533030438375,4.85151596268251,0.635303476244232,7.63653300209146,2.23149077718908e-14,1.85220496599958e-12
"Os10g0528100",2366.37246109065,2.88769916193291,0.378345944739677,7.63243058920537,2.30368494649559e-14,1.9063514915245e-12
"Os04g0613900",1990.00553484015,1.03456544117707,0.135656929667356,7.62633684629252,2.4151825388625e-14,1.99259834102358e-12
"Os12g0145400",772.860558304209,2.4761814005832,0.324713598603227,7.62573976339342,2.42638878562063e-14,1.99583228909714e-12
"Os04g0664900",6117.19446792804,3.74268186898714,0.492170038667492,7.6044488183802,2.86120673294922e-14,2.33247957208965e-12
"Os03g0741050",217.00890040128,6.03347369697016,0.793868691741846,7.6000902412866,2.95924320290013e-14,2.40524126322366e-12
"Os02g0179600",583.061669389473,3.70258722387458,0.487434656551759,7.59606887632418,3.05262095078524e-14,2.46840053128655e-12
"Os06g0493100",7263.07134327021,3.94753774516269,0.519688492080798,7.59596913404223,3.05497345882275e-14,2.46840053128655e-12
"Os04g0614600",9628.88746538879,0.957957944152998,0.126414853388893,7.57789071831623,3.51218031998167e-14,2.81292781124613e-12
"Os07g0669700",11708.3184734178,1.72706536135665,0.22796621685362,7.57597062053113,3.56452475061665e-14,2.84652762227815e-12
"Os06g0673700",904.683117199818,1.47568248373301,0.195262880855104,7.55741427797559,4.11160814731452e-14,3.26437851487223e-12
"Os04g0687900",3808.5418424167,1.77484086846009,0.235354247592008,7.54114653387017,4.65857281043634e-14,3.68794704770699e-12
"Os04g0573900",658.079237372646,3.29208696374817,0.436680574587698,7.5388903361604,4.73987344017687e-14,3.74119363506679e-12
"Os05g0491200",2801.98355337063,1.91188733224564,0.253618236504438,7.53844580972074,4.75605539154366e-14,3.74119363506679e-12
"Os12g0292400",13088.5552197851,7.42438974620306,0.984908569472756,7.53815123182196,4.76680872782414e-14,3.74119363506679e-12
"Os02g0713700",3151.19319076731,0.935715305382266,0.12422291584362,7.53254984418664,4.97589215926875e-14,3.89413320384372e-12
"Os01g0730700",1641.93800338582,1.80162572151304,0.239304011559612,7.52860643568545,5.12847046364189e-14,4.00210639514573e-12
"Os01g0884300",10228.9249896729,1.99283616212578,0.265526360972795,7.50522906586274,6.13212754433456e-14,4.75821828801326e-12
"Os03g0339900",17010.5508658538,2.94255670530665,0.392105769547349,7.50449734188704,6.16647621817063e-14,4.77135452237039e-12
"Os10g0163040",307.91536074159,2.55697293111646,0.34131941913704,7.49143701691883,6.81235733948878e-14,5.25626140523767e-12
"Os03g0251350",543.462685164608,12.123042502578,1.61888486823418,7.48851431034827,6.96575934067223e-14,5.35952567697621e-12
"Os04g0433200",1286.56149878798,1.63094159224797,0.217871560744248,7.4857938625706,7.11159425539564e-14,5.45640555320846e-12
"Os08g0342300",891.877416949801,2.6773926717067,0.357900429177635,7.48083112908995,7.38540307608102e-14,5.65065853790322e-12
"Os07g0141100",627.419866821257,2.99513293100287,0.400827516038442,7.47237355510197,7.87610391226637e-14,5.99262117391356e-12
"Os09g0479600",841.74259215039,2.60947046786233,0.349247224405473,7.47169994637597,7.91653619412783e-14,6.00669924912342e-12
"Os06g0147400",874.013366228435,2.37676534520504,0.318354509495651,7.46578193275917,8.28063858960764e-14,6.23118053867975e-12
"Os09g0441400",8872.0773963207,2.03639035069674,0.272822919763154,7.4641468996248,8.38410243661464e-14,6.29175205044689e-12
"Os03g0724700",3575.84885741805,2.51499154139508,0.337255491188602,7.45722933237171,8.83608314920596e-14,6.60498333224923e-12
"Os10g0363600",1973.05410260727,1.24058157077245,0.166562010781338,7.44816639132127,9.46464069447887e-14,7.02563613177427e-12
"Os01g0232500",3468.69560888948,1.29269036252232,0.173638261009001,7.44473225549818,9.71412306563971e-14,7.19133905110641e-12
"Os02g0573200",735.061748498317,1.41768254893897,0.190440681294773,7.44422115747744,9.75180157691009e-14,7.19977350385833e-12
"Os04g0378575",420.581551303553,3.02088843568816,0.406050726260111,7.43968238528163,1.00927666607156e-13,7.41155419848959e-12
"Os06g0143100",7656.41589307118,2.14598948371759,0.288773819831365,7.43138517532779,1.07466269312663e-13,7.87061118380521e-12
"Os01g0623500",3911.75479001747,2.55986462984785,0.344630989907232,7.42784225683512,1.10383483003415e-13,8.00360031726234e-12
"Os08g0326900",198.070260928995,2.75917764544514,0.371468262808988,7.42776145822162,1.10450911610572e-13,8.00360031726234e-12
"Os08g0557800",8407.05483886347,4.19025045095606,0.56497090404607,7.41675442212573,1.20025198415352e-13,8.67443327122668e-12
"Os11g0444700",2275.72319759079,3.4650410635771,0.467542993357841,7.41117097850524,1.25189057187199e-13,9.00014032917207e-12
"Os08g0562300",2068.94921544144,1.9398161874745,0.261775203789868,7.41023656706475,1.26074318948312e-13,9.04005672856862e-12
"Os09g0506000",449.412131500395,1.47734125858573,0.199449629208895,7.4070895215274,1.29101318969197e-13,9.21044561905905e-12
"Os12g0616800",47.7320002958875,9.48161945156435,1.28007742949404,7.4070671297689,1.29123110427464e-13,9.21044561905905e-12
"Os06g0354700",1340.61613113076,1.6562263031107,0.223613219561377,7.40665648640735,1.29523386433401e-13,9.21500020207089e-12
"Os12g0153200",145.480001169124,3.75617048675293,0.508360659845562,7.38879064303292,1.48170249134553e-13,1.05143297773175e-11
"Os03g0639600",1704.12060828358,1.12488699746393,0.152477402247902,7.37740137804197,1.61408849738078e-13,1.13654236585493e-11
"Os04g0480700",84.7509842762297,10.273923065244,1.39284077174096,7.37623659049143,1.62826558938789e-13,1.14066042861697e-11
"Os12g0123800",225.12413810056,2.85691797741238,0.387313240511663,7.37624661020684,1.62814311530048e-13,1.14066042861697e-11
"Os09g0456800",1547.34699949384,1.82842826034219,0.248092665387152,7.36994081420708,1.70703805034461e-13,1.18975774139922e-11
"Os02g0665800",1742.98718177891,2.65176971936741,0.359915904343394,7.36774809717042,1.73534288593029e-13,1.20641565960702e-11
"Os03g0726200",1685.38785673482,1.37159645562992,0.186186958032254,7.36676977875276,1.74811986153025e-13,1.21222154752342e-11
"Os01g0264000",591.287982778539,2.49494800458545,0.338831475863334,7.36338912501673,1.79298726940698e-13,1.23936702965326e-11
"Os07g0584100",3516.41443310796,1.53401430960936,0.208336926554089,7.3631416906359,1.79631525235422e-13,1.23936702965326e-11
"Os04g0591100",4410.18962432332,1.91486645075801,0.26008183738328,7.36255353324075,1.80425032458592e-13,1.24171408645057e-11
"Os01g0916000",10840.3925546988,2.36252950108123,0.3210826353618,7.35801080746427,1.86670936488888e-13,1.28147960435266e-11
"Os04g0491100",583.691263071128,1.59117152623192,0.216348818181121,7.3546578142148,1.91416835373699e-13,1.31077463443025e-11
"Os09g0315100",998.30131029914,2.52213383352916,0.343283880447065,7.34707912950803,2.02584948781829e-13,1.38379160401074e-11
"Os09g0453400",7390.27473229295,0.999693295546363,0.136378783560478,7.33026992503595,2.29689635635054e-13,1.55343921226661e-11
"Os09g0443400",245.134622962846,3.61017084130415,0.493159679746549,7.32049068399008,2.47065865450356e-13,1.66274720406651e-11
"Os01g0753300",72.1969502669726,10.2328376427444,1.39863367392911,7.31631007710391,2.54882330377264e-13,1.71114752729501e-11
"Os04g0692300",1122.23541982048,1.01340130517766,0.138612260353535,7.31105100366269,2.65060890795686e-13,1.77513028356592e-11
"Os02g0736200",2183.72852272089,2.02874346844116,0.277989659965419,7.29790981683825,2.92272419994955e-13,1.95259362343459e-11
"Os11g0133001",1580.29128101402,7.30502040871029,1.00237632793932,7.28770243779393,3.15285358247182e-13,2.09611195333703e-11
"Os04g0220501",65.9978927243318,10.1037361970327,1.38753637444273,7.28178113607334,3.2944124675697e-13,2.18492135349156e-11
"Os10g0101200",3040.58473547066,2.92708833156101,0.402302690057906,7.27583584176306,3.44282042287246e-13,2.27783319330675e-11
"Os05g0312000",1985.60035431998,1.86791788401666,0.256968666597749,7.26904921423995,3.62026501562585e-13,2.37800189551577e-11
"Os02g0577700",440.007257533966,2.64491111079742,0.363905962473137,7.26811699600186,3.64533016034408e-13,2.3887377612915e-11
"Os03g0594100",253.231157245846,6.1234606475648,0.842647975183671,7.2669261991997,3.67759588454967e-13,2.40412956739141e-11
"Os01g0663800",7029.79894291831,0.499126793619832,0.068711895063073,7.26405221631082,3.75662883019926e-13,2.44994810209495e-11
"Os02g0176300",495.778591906334,2.63349502351129,0.362590712602193,7.26299635368918,3.7860814488553e-13,2.46329113932531e-11
"Os10g0527900",168.193609712913,3.97665653896214,0.548026279789863,7.25632453335443,3.97750118853598e-13,2.58169988282438e-11
"Os03g0732000",833.678015080488,3.85676191473012,0.531600417460186,7.25500166677157,4.01656889276233e-13,2.59530099029931e-11
"Os08g0327100",2454.73609586815,1.74263112514698,0.240198138978331,7.25497346715159,4.01740578981018e-13,2.59530099029931e-11
"Os01g0124650",3718.9375930627,2.32818725339772,0.320960732053078,7.25380715112746,4.0521696548932e-13,2.60546899101361e-11
"Os05g0113300",510.112363323821,2.94072691024732,0.405402278111722,7.25384900140325,4.05091714796196e-13,2.60546899101361e-11
"Os10g0485800",368.993959657963,3.14021828926998,0.433099054864077,7.25057756188246,4.14998145754406e-13,2.65650859265755e-11
"Os01g0753400",712.275554135644,8.99842949611593,1.24407478496237,7.23302940055015,4.72337091489028e-13,3.00180632783665e-11
"Os04g0439100",3253.824429635,1.54830201360669,0.214089363992006,7.23203612144182,4.75805594959913e-13,3.01684978045069e-11
"Os09g0456200",1047.89016491974,1.22898792189792,0.170131468333504,7.2237542762446,5.05716032279533e-13,3.1917207004997e-11
"Os01g0665500",210.718435981069,1.73988814589327,0.241071779496579,7.21730328421936,5.30286234531946e-13,3.32757280209666e-11
"Os02g0515200",1591.44922580622,1.5009815970351,0.207974295771654,7.21714955911238,5.30885807205374e-13,3.32757280209666e-11
"Os01g0546000",85.3260414767054,10.3078518162944,1.42915682159741,7.21254075166711,5.49173874279743e-13,3.43434282885763e-11
"Os05g0542500",634.485331706636,2.51204438672021,0.348723423970235,7.20354359371804,5.86675128808502e-13,3.66050534241314e-11
"Os02g0582800",366.157661111933,1.8311397840857,0.25432608955192,7.19996830569706,6.02265573599785e-13,3.74924007419811e-11
"Os11g0634200",2083.3836496713,1.39962109558685,0.194516307081326,7.19539208094093,6.22815315514962e-13,3.85962314644125e-11
"Os04g0611400",1930.13214167255,1.49413796637208,0.207683896448705,7.19428897435533,6.27870920855318e-13,3.87342621467297e-11
"Os10g0139700",775.441954323419,2.9291385039193,0.407145945012084,7.19432070932787,6.27724916274855e-13,3.87342621467297e-11
"Os07g0120800",1855.02233996249,2.55458597897744,0.355512302822763,7.18564718771774,6.68895704026997e-13,4.09881929060481e-11
"Os04g0457100",397.939598435506,4.31565562784466,0.601100331325542,7.17959282825184,6.99193365309011e-13,4.26832650968512e-11
"Os04g0485601",55.8021108154,9.86132999351227,1.37354017593435,7.17949876260743,6.99674565678004e-13,4.26832650968512e-11
"Os01g0767900",7430.9180147302,1.18895569990717,0.165752462705527,7.17308014915859,7.33288926873705e-13,4.46344822133281e-11
"Os01g0290000",8964.41284850788,1.20727590081538,0.168551281916068,7.16266223010132,7.91251423265925e-13,4.78122623039517e-11
"Os07g0680400",1007.02284468366,1.4973018963702,0.209038872280238,7.16279168576317,7.9050429303804e-13,4.78122623039517e-11
"Os08g0412700",1007.00651980799,4.24460509868266,0.592619163877671,7.16244994662177,7.92478079880036e-13,4.78122623039517e-11
"Os06g0200600",340.828155326122,2.56800788843882,0.358855179293381,7.15611209372947,8.29972853786368e-13,4.98547948203123e-11
"Os11g0705200",935.48530169918,2.01588451208776,0.282011450657198,7.14823638327435,8.78998551669524e-13,5.26841341986432e-11
"Os11g0210201",922.965565099501,3.67976486114625,0.515281196631233,7.14127525941863,9.24689667226991e-13,5.51812084422974e-11
"Os01g0916100",3163.44489602707,3.00085524820391,0.420447488676937,7.13728902899858,9.51895573908398e-13,5.64358694045994e-11
"Os06g0494400",226.648966939343,3.19127847626118,0.447364478122299,7.13350887771818,9.78419956294809e-13,5.77584073768774e-11
"Os05g0444200",294.410175256584,3.45386711760078,0.484576364345666,7.12760128584607,1.02133114661739e-12,6.01618955634343e-11
"Os01g0639900",9001.47575045652,1.11683910195307,0.156703072873925,7.12710402846806,1.02502623621658e-12,6.02499863437945e-11
"Os07g0471300",736.592042763965,2.44239081096886,0.342729008616909,7.1263031420223,1.03100517439725e-12,6.04716546721951e-11
"Os07g0650100",342.329751825536,2.53894047333744,0.356317889271023,7.12549257218535,1.03709124842384e-12,6.06986461230286e-11
"Os09g0425900",4573.39539343489,1.52895817051703,0.215038008623675,7.11017638371443,1.15894744748884e-12,6.72557829113702e-11
"Os03g0324300",7526.5685935194,0.876207827571462,0.123267641204357,7.10817388092026,1.17588359603788e-12,6.80943500614666e-11
"Os02g0191300",5419.00530343142,1.96126281294958,0.276180698487891,7.10137538100104,1.23521363611853e-12,7.1379191364816e-11
"Os05g0474800",730.760058602922,2.48630443795216,0.350180115369937,7.10007315899584,1.24690865150967e-12,7.17582117765273e-11
"Os06g0329300",303.575063029892,2.1195922380092,0.298531524076147,7.10006169220691,1.24701211367336e-12,7.17582117765273e-11
"Os02g0685200",204.985302874025,3.24518984134376,0.45741101680633,7.09469103739971,1.29640781029379e-12,7.42885069702036e-11
"Os08g0480400",20.7862603451809,20.9219908214405,2.9514218500341,7.08878360482382,1.35295885284257e-12,7.7367214902319e-11
"Os05g0318100",265.470456704848,2.92699031250656,0.412949356081104,7.08801277784702,1.36051412167435e-12,7.76371714724628e-11
"Os09g0397300",11026.5881055982,0.950427808810448,0.134106461223181,7.0871142235924,1.3693735748128e-12,7.79802735710965e-11
"Os02g0573400",5174.2415297802,0.887678110853471,0.125349928185905,7.08160047397051,1.42498993753624e-12,8.09790443548861e-11
"Os01g0706400",2647.47845547177,1.14758348904939,0.162198644654309,7.07517310946224,1.49262314361431e-12,8.46468747965625e-11
"Os03g0326500",1044.02612815628,1.19901822472851,0.169492712937998,7.07415796198345,1.50358936263533e-12,8.50925955205462e-11
"Os04g0291100",1463.36331830107,1.6482833614068,0.233022004540417,7.07350949391095,1.51063582929319e-12,8.53151051549893e-11
"Os03g0734000",2948.65227038934,4.03696163275208,0.571897803124833,7.05888641413595,1.67842193874031e-12,9.44017563121884e-11
"Os01g0884350",64.541981485504,4.89931476334118,0.694755737566885,7.05185218116967,1.76551707285149e-12,9.88942293302153e-11
"Os10g0503250",567.971702723764,2.55549076515926,0.362382066015668,7.05192393557571,1.76460664337453e-12,9.88942293302153e-11
"Os06g0693700",2301.29882639762,1.17651467868669,0.16687401404013,7.05031688399225,1.78510791007767e-12,9.97875321733418e-11
"Os04g0269700",322.353573375657,6.29019158656723,0.892612750420455,7.04694346300152,1.82890583963703e-12,1.01613711670381e-10
"Os08g0404500",302.971916607719,3.99369874369613,0.566708103973827,7.04718834209679,1.82569134457476e-12,1.01613711670381e-10
"Os02g0579600",3310.45727340425,1.77133966102985,0.251455103123464,7.04435757726549,1.86319110852173e-12,1.03309043833034e-10
"Os08g0476900",754.820802908726,2.22460091582462,0.31640552706953,7.03085352657498,2.05273909171484e-12,1.13360033187825e-10
"Os01g0510200",726.037180367203,2.5800976848943,0.367133500093803,7.02768253029233,2.0999200960536e-12,1.15732215997996e-10
"Os06g0168500",2901.52185290872,2.62752934020661,0.374204326562736,7.02164340092445,2.19273601791256e-12,1.20363190915116e-10
"Os06g0716000",3170.33895407092,1.75878688332942,0.250631141353142,7.01743156829529,2.25983776310141e-12,1.23551329678864e-10
"Os08g0431100",3886.14893951105,0.981929293702419,0.139969801293432,7.01529390360359,2.29466082594109e-12,1.24956371139866e-10
"Os02g0575000",5474.00304953051,1.86988941631048,0.266758423339181,7.00967337002486,2.38875126123493e-12,1.29821995627948e-10
"Os02g0822000",3308.32328995733,0.955355822966618,0.136333091848125,7.00751233626304,2.42592635211101e-12,1.3158128457559e-10
"Os11g0209900",564.55446056363,3.78650148259296,0.540750065244422,7.00231350112079,2.5176991547372e-12,1.3628912558776e-10
"Os01g0246700",2465.61117537396,1.42003344198052,0.202831789604911,7.00103985054097,2.54069657672551e-12,1.37262761209247e-10
"Os07g0646600",4207.99665484046,0.81409586315425,0.116297182500813,7.00013401570206,2.5571778439131e-12,1.37881217170519e-10
"Os08g0387500",872.908533939463,1.16303577832313,0.166191282320847,6.99817560874094,2.59316941437482e-12,1.39547158014029e-10
"Os09g0133600",2090.46467330444,1.81106010282709,0.258924590078984,6.99454656768841,2.66118183040811e-12,1.42646637018999e-10
"Os11g0260100",1639.84803211455,3.45183775244946,0.493534722458652,6.99411327181474,2.66941828638643e-12,1.42808664614083e-10
"Os11g0684000",363.246321876094,1.77910803207884,0.254422310862701,6.99273592023513,2.69576654721494e-12,1.4390434294432e-10
"Os09g0569100",1419.39338819479,1.1149015736522,0.159496188165095,6.99014557324822,2.74601165227617e-12,1.46050495470867e-10
"Os02g0704000",1412.67488244146,3.64844653099724,0.522522282193164,6.98237502080054,2.9023112763976e-12,1.53173811506371e-10
"Os01g0923700",13762.5207179084,1.59081982168692,0.228016380410095,6.97677868066224,3.02024919324527e-12,1.58179054784285e-10
"Os01g0349400",1640.44613832007,1.00709019700137,0.144371061697835,6.97570680133381,3.04336840949796e-12,1.59085694856028e-10
"Os06g0614100",752.530926315572,1.92003332838842,0.275394510350438,6.9719375522235,3.12605321799231e-12,1.6278654694682e-10
"Os03g0824100",1887.31906927372,1.22900156922652,0.176312135881403,6.97060110515144,3.15589620684513e-12,1.64028753323899e-10
"Os02g0689500",1374.99183373196,1.84768079893767,0.265116423895827,6.9693185046268,3.18479942259475e-12,1.65014545742398e-10
"Os12g0500800",444.331246462884,3.05830801105598,0.438830416926509,6.96922522480514,3.18691156575986e-12,1.65014545742398e-10
"Os05g0406100",502.227763574241,2.35346523691728,0.338226909332146,6.95824362870586,3.44541024983797e-12,1.7806270217606e-10
"Os01g0102900",4245.13032406305,3.50914023453382,0.504828567901477,6.9511522478234,3.62314591012646e-12,1.86895649009932e-10
"Os03g0129100",914.844838256116,2.17068827422034,0.312686565210014,6.94205800867207,3.86428462549304e-12,1.98586529412532e-10
"Os05g0164100",3468.58549990931,1.15277696712337,0.166157124409058,6.93787263846344,3.98048313316098e-12,2.04174931648712e-10
"Os03g0808600",3605.61280158104,1.37558227242535,0.198686211507933,6.92339071737963,4.40959345868866e-12,2.25376740228565e-10
"Os09g0569800",354.741990218117,1.77493323273632,0.256513349913617,6.91945753830761,4.53376351427412e-12,2.31255710278366e-10
"Os03g0154000",2789.58818762519,1.72989275412569,0.250014822729048,6.91916077312122,4.54327020909135e-12,2.31309877875876e-10
"Os06g0645600",90.4818956675231,2.38559486872639,0.344988984694176,6.91498852011511,4.67901262470932e-12,2.37778914292046e-10
"Os07g0541400",456.859522062576,1.43072807253353,0.20692011055548,6.91439835737917,4.69853147753776e-12,2.38328658705994e-10
"Os06g0486300",74.8145061442919,9.84357001126636,1.42411109924616,6.9120801154327,4.77597980629417e-12,2.41809358362668e-10
"Os03g0326100",644.125478657074,1.96666532601641,0.284580626425287,6.91074916349843,4.8210085701398e-12,2.43638829787268e-10
"Os07g0116800",347.916109841904,4.60485463569291,0.666490481319208,6.90910787889778,4.87710982354134e-12,2.46020101614403e-10
"Os01g0149800",4532.10663107889,3.22576762229692,0.466982183736516,6.90768884689824,4.926129641385e-12,2.48036060674957e-10
"Os02g0526400",1848.24350544714,1.21141022380223,0.175575885577588,6.89963897842283,5.21348619372741e-12,2.61065082874566e-10
"Os08g0519800",6428.17475121695,1.66773000557004,0.241790075091371,6.89742953650935,5.29518927738113e-12,2.64672499081655e-10
"Os12g0567800",2757.43268261056,1.9466593357476,0.282330895367178,6.89495683147223,5.38811626606951e-12,2.68826762557213e-10
"Os03g0327800",502.585364095302,3.21093900860131,0.465916514127879,6.89166172744848,5.51443800481989e-12,2.74629038890948e-10
"Os06g0169001",1124.55642799702,6.40410343721571,0.929610348873226,6.88901908738223,5.61784020752887e-12,2.78764965805114e-10
"Os08g0414700",5509.92280857985,1.52847543653429,0.22212176979555,6.88125003659551,5.93296082876784e-12,2.93338862925595e-10
"Os09g0332700",6928.87253003233,1.97729518917185,0.287743089980259,6.87173822074234,6.34242659215126e-12,3.12455767600027e-10
"Os11g0671100",440.902948162234,2.00974430852291,0.292637380356949,6.86769511834576,6.52474779510729e-12,3.20860622721335e-10
"Os08g0337800",440.846094073391,3.15472551313632,0.459404238006187,6.86699262250566,6.55694594505194e-12,3.21866140467594e-10
"Os09g0413600",3880.1192248548,1.96324403729936,0.28612103121062,6.86158591345974,6.81002273414552e-12,3.33310722418492e-10
"Os05g0170800",4124.87753388562,0.986795684258127,0.144034469527913,6.85110784586806,7.32802428281752e-12,3.57793071534144e-10
"Os04g0688300",8230.49582431886,2.23139771685811,0.325791765448377,6.84915321228918,7.42884014331859e-12,3.62070036237793e-10
"Os05g0294800",1048.08303628218,1.48374610106928,0.217080176238227,6.83501426422739,8.19968695424005e-12,3.98222740006364e-10
"Os03g0231150",1612.55494633464,1.77950428246133,0.260712274552412,6.82554853052607,8.75899842408716e-12,4.2371184742861e-10
"Os05g0594100",5204.22491742218,1.18455214143262,0.173630819981197,6.82224585221045,8.96281037980568e-12,4.32218906889538e-10
"Os03g0125900",620.839699759124,1.59681795353997,0.23409599187588,6.82121014009762,9.02767709269391e-12,4.34581903771492e-10
"Os09g0437500",17448.4472668931,1.71821658913282,0.251943573712469,6.81984685623989,9.11376123197266e-12,4.37956199833268e-10
"Os07g0106100",5296.96202938962,0.833742367644946,0.122346116287558,6.81462062666006,9.45128423642229e-12,4.53380256602177e-10
"Os07g0416050",2223.04441358467,1.9454118916539,0.285616974810274,6.81126145582266,9.67466158101071e-12,4.62475838334143e-10
"Os02g0731700",305.197785723264,3.07968212459514,0.452465055236516,6.80645298228678,1.00034402644374e-11,4.76529099622966e-10
"Os07g0108100",120.211303155692,3.30451824234074,0.486282714190353,6.79546721672529,1.07962066398654e-11,5.12511085047754e-10
"Os10g0572500",1122.507156552,2.5534193214294,0.375962644340716,6.79168358842418,1.10832423800966e-11,5.2522680282565e-10
"Os05g0549900",353.623823831984,1.92630499133614,0.283924713236128,6.78456260246043,1.16438737641349e-11,5.49891976333482e-10
"Os10g0378100",305.233018667755,12.1136202177667,1.78603778517324,6.78239862466946,1.18196799246231e-11,5.57233825843979e-10
"Os11g0668650",1149.01198758413,3.58710212819479,0.529010024351538,6.7807829021612,1.19526375200406e-11,5.62533839023078e-10
"Os03g0434400",827.16426211535,1.25721291119027,0.185418363186688,6.78041208855053,1.19833578019267e-11,5.62733402797938e-10
"Os05g0365600",94.5822328662656,9.31610708179434,1.37405934028146,6.7799889049086,1.20185112130551e-11,5.62733402797938e-10
"Os06g0246500",206.131394180417,3.2100891371991,0.473450000295367,6.78020727679047,1.2000358700164e-11,5.62733402797938e-10
"Os02g0730700",17788.5041692443,1.55206403283237,0.229023651700937,6.77687226321531,1.22805371264132e-11,5.74020806193828e-10
"Os10g0569400",375.503931186179,3.38310390829187,0.499385737979401,6.77453049015873,1.2481091181322e-11,5.82401309280395e-10
"Os11g0686500",738.825164650801,1.73302751284122,0.256518974292289,6.7559427820982,1.4190941798097e-11,6.55546541616945e-10
"Os03g0704100",568.557931079689,1.83405371316015,0.271601357171278,6.75274134217067,1.4507745124053e-11,6.6786831376964e-10
"Os02g0211600",247.378415915037,8.39872518688808,1.24424856222737,6.75003808873468,1.47806348601173e-11,6.78151372618885e-10
"Os02g0316900",1717.76961825089,1.49136293232483,0.221031596786787,6.74728389065313,1.50638360570042e-11,6.88837284536564e-10
"Os12g0562300",1952.03755475614,0.610108713270647,0.0905053207933155,6.74113640969171,1.57152575794807e-11,7.16233977303752e-10
"Os05g0253200",2128.21493829952,4.37925830240495,0.64986837193988,6.73868508069212,1.59826380925047e-11,7.27210033208965e-10
"Os03g0757600",1101.38946170866,4.00357097907244,0.59420026960781,6.73774682349928,1.60861537735291e-11,7.30706199022777e-10
"Os05g0550000",3114.69054081742,2.09016399645988,0.310380165695519,6.7342060720153,1.64827436057593e-11,7.47481506796944e-10
"Os01g0575200",1584.27190921433,1.39182861125757,0.20704374602978,6.72238905036705,1.78768853921958e-11,8.0936490541758e-10
"Os02g0222500",384.887006878054,4.35189938070274,0.647426011394877,6.72184821756943,1.79433816536696e-11,8.11034928837727e-10
"Os05g0565500",669.080412002988,1.67824551824312,0.249809364880851,6.71810489988465,1.84103144628008e-11,8.30769231384804e-10
"Os05g0456200",71.0976420344839,5.27715428111072,0.785850739751708,6.71521195332596,1.87793048119326e-11,8.44637008380371e-10
"Os12g0291100",22263.5565653594,5.51901449633756,0.821848497176994,6.7153672669538,1.87593121813934e-11,8.44637008380371e-10
"Os06g0147300",122.518592611516,3.2092374563374,0.478348901058562,6.7089888766035,1.95977605263082e-11,8.77127873490371e-10
"Os02g0208600",2306.25365228431,1.20226950246696,0.179304345173783,6.70518888597882,2.01146009641972e-11,8.98791247977693e-10
"Os10g0560000",2396.70373103974,1.37766449006195,0.206175973215147,6.681983688877,2.35729269659927e-11,1.04989600410651e-09
"Os06g0348800",1327.59106328846,3.22649254269811,0.483386156732337,6.67477232800586,2.47616269109398e-11,1.09926373211921e-09
"Os02g0455400",334.302403189056,1.94821780974706,0.291932080670343,6.67353106679301,2.49720689126003e-11,1.10681219997579e-09
"Os02g0686800",93.5574598570388,9.70661067866697,1.45593557444101,6.66692321354515,2.61221671766069e-11,1.15591644771315e-09
"Os01g0214500",390.788598650175,2.60528925410792,0.391176357764609,6.66013986375846,2.73567121525158e-11,1.20470691731441e-09
"Os05g0404400",465.500937251793,3.11435916795312,0.46793428099321,6.65554821361403,2.82246010173807e-11,1.24093105371922e-09
"Os10g0529500",5118.53025195261,2.31682250400982,0.348243472803865,6.65288134578961,2.87409898873322e-11,1.26160970192935e-09
"Os01g0960400",7731.17715557161,2.22691838207751,0.334856802202178,6.65036029560169,2.92376406061353e-11,1.27931024575504e-09
"Os02g0193100",84.6216777818169,6.98716986561879,1.05078413110401,6.64948171445801,2.94126884722859e-11,1.28491698555723e-09
"Os08g0435900",16240.5907398719,3.89817184597384,0.586283997176796,6.64894806057334,2.95195135981378e-11,1.2875302499468e-09
"Os11g0158500",3165.78273938943,0.857441734608709,0.128981242505616,6.64780178847616,2.97502561470457e-11,1.29553142468002e-09
"Os07g0683200",1857.98027362194,2.84883708655164,0.428937941658667,6.64160665185137,3.1028210927466e-11,1.34476855302883e-09
"Os01g0275900",794.047003653709,1.70393772855041,0.25668899545561,6.63814093598367,3.17664063122395e-11,1.37458710157749e-09
"Os04g0398000",1466.93456363938,2.31650795528398,0.349498790839849,6.62808575021787,3.40067914904053e-11,1.46459123539889e-09
"Os05g0128350",86.2236491981631,3.67984790527691,0.555614077192814,6.62302856664285,3.51912978220278e-11,1.5132258063472e-09
"Os08g0203400",377.442551450818,4.09581025202267,0.618661457908586,6.62043869011777,3.58134432151175e-11,1.53756429953806e-09
"Os06g0288100",876.671188946287,1.68944136575164,0.25520518383947,6.61993357789444,3.59360305046864e-11,1.54041285063203e-09
"Os02g0793900",1065.41534215583,1.14033887705001,0.172340985023654,6.61675965756783,3.67157695238194e-11,1.56892612016683e-09
"Os03g0604566",134.745476547322,2.62523135836323,0.397379002411684,6.60636657304678,3.93866920639405e-11,1.67262152298201e-09
"Os12g0573200",6876.18578594406,1.1442008744187,0.173373687461372,6.5996224177537,4.12206259231825e-11,1.7450914446088e-09
"Os02g0822900",1172.43699832561,2.70294049400677,0.409669419871853,6.59785759662576,4.17141638873867e-11,1.76326028246822e-09
"Os12g0210400",6515.25447376337,1.58691784020293,0.24060748777331,6.59546323719589,4.23930078692504e-11,1.78644135161021e-09
"Os05g0509101",535.012432669312,8.27621455862127,1.25525189281602,6.59326992931633,4.30243284677348e-11,1.81026018595964e-09
"Os08g0270400",42.0018422155603,9.32934044927023,1.41574325600954,6.58971208915817,4.40680301184224e-11,1.85133038799649e-09
"Os11g0453900",219.1568937142,6.72382979363508,1.02044040105429,6.58914502668474,4.42366522279191e-11,1.85556836320817e-09
"Os02g0301800",1489.35459605764,2.04905986837206,0.311022762515127,6.5881347455153,4.45386357551317e-11,1.86537885622142e-09
"Os02g0281000",1245.20667379635,1.64217642999958,0.249467273390767,6.58273290792442,4.61878448606668e-11,1.91811430586087e-09
"Os01g0850800",246.263023738391,6.63818333089127,1.0085724673962,6.5817613959152,4.64907261652233e-11,1.92651661178764e-09
"Os07g0130100",241.761491769343,2.60806300860769,0.396556430014871,6.57677649687811,4.80756581304783e-11,1.98618454276309e-09
"Os04g0674700",1278.85489038914,1.57143148192322,0.239126391312154,6.57155186134133,4.97935368339838e-11,2.04792098944938e-09
"Os09g0314200",1076.23976957666,2.15491551900127,0.327915886869046,6.57154961162904,4.97942893276364e-11,2.04792098944938e-09
"Os11g0184900",7265.45810094685,1.44999145446417,0.220663799161251,6.57104364184624,4.99638112418193e-11,2.05181222447477e-09
"Os01g0908500",3004.65294478127,0.553786058179474,0.0843266061514201,6.56715695619333,5.12849821888820e-11,2.09762611178801e-09
"Os05g0258400",6867.86752122994,2.4367916705417,0.371367937816885,6.56166411367273,5.32105684021462e-11,2.17211725648761e-09
"Os05g0213500",2715.10259934235,0.774207917551242,0.11806976222942,6.55720739105824,5.48247437831324e-11,2.22804830410056e-09
"Os07g0418600",2135.6487318567,6.87745766800308,1.04957102092815,6.55263677337554,5.65299015150793e-11,2.29054812485139e-09
"Os04g0274250",40.2198950481846,9.38039153859642,1.43283360936438,6.54674169930845,5.88059429111591e-11,2.36527691964693e-09
"Os02g0197600",9263.18791417074,4.85040813657073,0.741572111736254,6.54071001296744,6.12274508667623e-11,2.45530708999104e-09
"Os05g0522600",2440.79400512009,2.09591982182853,0.320634840515212,6.53678127573629,6.28568675637404e-11,2.5134488458955e-09
"Os07g0677600",599.011633488279,2.36067909573931,0.361256341839455,6.53463710483014,6.37639591281692e-11,2.54600379661761e-09
"Os05g0158500",562.794465674505,1.78455486874647,0.273185818520283,6.53238472777449,6.47306147061246e-11,2.57303804342541e-09
"Os02g0525600",12574.4285951239,1.31930277259814,0.202032308387279,6.53015739477244,6.57006111863539e-11,2.60434940811204e-09
"Os11g0242800",17339.0675308378,3.88766402616356,0.595711581532536,6.52608434464561,6.75113126911385e-11,2.66840168242854e-09
"Os11g0178200",485.863040321613,7.8527096643916,1.20399536129789,6.52220923503104,6.92792769931507e-11,2.73433526818356e-09
"Os01g0716450",1104.64356921205,3.07806219013887,0.472094647261942,6.52001078171728,7.03023379279003e-11,2.76277092996143e-09
"Os02g0612200",193.11867081038,3.27196319425004,0.502433461876445,6.51223185261228,7.40423139004413e-11,2.90557739261746e-09
"Os06g0667300",258.284205232172,3.88598661994932,0.596897923097786,6.51030346994975,7.49991331980757e-11,2.93891453137123e-09
"Os02g0810900",721.998533755065,1.97339412832726,0.303219028628398,6.5081473852543,7.60832531999213e-11,2.97713769771292e-09
"Os08g0157900",6106.4460458366,1.06125441463375,0.163169089998651,6.5040162609384,7.82034377351762e-11,3.05138228348178e-09
"Os09g0342000",76.1137947295535,2.89841043173651,0.445985003489037,6.49889661997964,8.09112362320073e-11,3.14806771538482e-09
"Os07g0585900",173.175048724488,2.14617774585257,0.330611116727177,6.4915474322166,8.49591530699311e-11,3.29153629665981e-09
"Os04g0506800",675.655990062191,2.69637956229593,0.415544527004933,6.48878612775934,8.65306966844414e-11,3.34768688260386e-09
"Os03g0786100",2874.17854305372,4.19683268288315,0.646971600119851,6.48688857765269,8.76270916880086e-11,3.37579981494549e-09
"Os02g0153700",1118.28954440485,1.71062441432306,0.26381414251626,6.48420284828976,8.92021425460055e-11,3.43165152595174e-09
"Os04g0165200",205.260656882733,2.70015091668508,0.416540267303065,6.48232866936852,9.03176213068985e-11,3.46969139581663e-09
"Os07g0141200",604.351336733938,3.68054792688574,0.568160444294555,6.47800804129477,9.29414017410674e-11,3.56050060851689e-09
"Os07g0550500",918.755656946347,2.12359706564507,0.328133272038017,6.47175171373365,9.68732117175472e-11,3.70594153932309e-09
"Os06g0731200",1373.91415799665,2.62061868254405,0.404975204921844,6.47105958758587,9.73180442972663e-11,3.7177664593395e-09
"Os10g0481500",351.656983568779,3.51855035160696,0.543811950770673,6.47016003716098,9.78991747719909e-11,3.72956369426927e-09
"Os08g0343000",633.002407147855,2.35853289459889,0.364808566437393,6.46512475743534,1.01215268854158e-10,3.84519754394486e-09
"Os03g0603600",506.195659000284,2.69352891926346,0.41729798184544,6.45468954187537,1.08440977319122e-10,4.11399835145162e-09
"Os04g0182200",862.000192617665,1.92256268024518,0.297897270338656,6.45377743159435,1.09096001300624e-10,4.13312388883179e-09
"Os01g0114300",994.329654621089,2.47080136751835,0.382970096635515,6.45168223113224,1.10615332160037e-10,4.18489580551876e-09
"Os02g0818000",1338.8433298497,5.92035728762961,0.918678271294048,6.44442942934768,1.16036109751813e-10,4.35986979727284e-09
"Os01g0213400",250.276121310091,2.26176912116031,0.351448853830917,6.43555697082583,1.23021374932395e-10,4.57215533347792e-09
"Os03g0804500",752.93682212592,1.70233245440138,0.264551786607868,6.43477965591915,1.23652576620862e-10,4.58938716290249e-09
"Os02g0786400",895.526825526807,1.47834926930939,0.2297653745225,6.4341690839262,1.24150597057923e-10,4.60163600001835e-09
"Os07g0690900",180.438475241852,3.67022769088926,0.570464825533202,6.4337493332017,1.24494108442545e-10,4.60813260047264e-09
"Os07g0483500",4692.02163765487,1.19313776442125,0.185631029658543,6.42746940862178,1.29745695471839e-10,4.79603825191518e-09
"Os02g0593700",64519.6241152706,1.93589805928768,0.301265305201721,6.42589115262192,1.31099189465365e-10,4.83953894696201e-09
"Os07g0258000",465.002359614063,1.2719532793277,0.19796935867613,6.42500075685227,1.31868861123086e-10,4.86139969720382e-09
"Os05g0130100",431.65165667781,3.15357386009997,0.490986582728798,6.42293286829363,1.336734538334e-10,4.91469741469888e-09
"Os04g0634000",330.507663886813,3.20939584154092,0.499846683806233,6.42076049620257,1.35595220096238e-10,4.97867114431107e-09
"Os02g0828200",986.340832406356,4.15256372908147,0.646974394468792,6.41843597611154,1.37681487182581e-10,5.04850550926115e-09
"Os08g0537900",2198.72531147441,1.15546948898443,0.180037903439471,6.41792348672236,1.38145651860475e-10,5.05875340923833e-09
"Os04g0588500",1142.30428458714,2.32908277807784,0.363201053775373,6.41265424168703,1.43007615652583e-10,5.21587430138467e-09
"Os09g0508900",1115.2036675116,1.59995688522898,0.249561574280983,6.41107065396044,1.44501204186744e-10,5.26334106898817e-09
"Os01g0589300",2907.26112099206,1.12851548738522,0.17613477318534,6.40711352435627,1.48300397824051e-10,5.3945500621495e-09
"Os03g0790900",20684.5042966416,1.43182834214967,0.223521631442975,6.40577081021783,1.4961156788229e-10,5.43502712979284e-09
"Os05g0475300",5496.51384956502,1.79060179111996,0.27961579650352,6.40379339619111,1.51563176674162e-10,5.49863175136685e-09
"Os10g0442900",2213.01661871605,2.09753862503676,0.327627471081727,6.40220619507675,1.53147643005249e-10,5.54143604961264e-09
"Os02g0651900",739.312388426296,3.8659433089533,0.603921663222833,6.40139863227073,1.53960015790008e-10,5.56348125660174e-09
"Os06g0178650",90.893499072024,8.23878850797869,1.28720958139668,6.40050278295723,1.54866127920046e-10,5.58851588313646e-09
"Os02g0282000",109.611058261455,10.741414379762,1.67859535622365,6.39904926457503,1.5634739597129e-10,5.62747900532141e-09
"Os07g0616900",1824.99268717661,1.0371483432926,0.162095890885698,6.39836295433265,1.57051611955253e-10,5.63800878514591e-09
"Os10g0356000",38.58021116633,8.61892277279214,1.34784880639151,6.39457684862067,1.60992565451888e-10,5.77192062865532e-09
"Os01g0824800",1667.75149248636,2.20873093336916,0.34558385736798,6.39130238950163,1.64478745206966e-10,5.88151084851698e-09
"Os01g0723000",74.1037381968865,10.258203186578,1.60541126928133,6.38976652454302,1.66139225327893e-10,5.93314148755712e-09
"Os05g0582600",1248.98444267443,5.77436714228303,0.904044796583672,6.38725775990747,1.68886835991272e-10,6.02341057895433e-09
"Os01g0168400",1308.39189266776,0.960296802448468,0.150479240958671,6.38158988795148,1.75258799428258e-10,6.24254066988221e-09
"Os07g0521100",978.836787167945,1.74788985910531,0.273994727393161,6.37928282684515,1.7791919201696e-10,6.3290708942033e-09
"Os12g0281300",1177.78175157223,1.86441211863202,0.292361223408388,6.37708413207623,1.80491321441746e-10,6.40672354027307e-09
"Os01g0864500",202.67493266343,2.73234810810975,0.428525081267979,6.37616846142332,1.81573196691173e-10,6.42950250921963e-09
"Os05g0472400",576.093742449027,4.86602033224496,0.764105389818061,6.3682580925173,1.91187011793524e-10,6.74510077142564e-09
"Os02g0227900",76.1717899285516,4.01499631244849,0.630505553022071,6.36790000215581,1.91633782132725e-10,6.74683923701475e-09
"Os02g0215700",136.72659243477,8.30268184384973,1.3043575256748,6.36534207870226,1.94854967132809e-10,6.84265692914715e-09
"Os12g0547600",2360.8735368743,1.39178957287778,0.21870373079063,6.36381266952491,1.96806152876592e-10,6.89350042639734e-09
"Os01g0627701",315.077946218909,3.40183400566763,0.534577262210295,6.36359652036489,1.97083446012865e-10,6.89439676850368e-09
"Os12g0130200",89.2956525017857,10.4510905069275,1.64391556248088,6.35743753843136,2.05147044331054e-10,7.14908739347571e-09
"Os06g0585950",373.682476078372,3.47083459904534,0.545984999489122,6.35701457419709,2.0571248243477e-10,7.15968310847622e-09
"Os03g0741600",1222.27116739631,1.28594627107646,0.202466185640543,6.35141254332472,2.13346697950552e-10,7.39718911843488e-09
"Os06g0283200",456.986943904319,1.06074932867995,0.167086841346835,6.34849112072248,2.17436984478396e-10,7.51048731632753e-09
"Os02g0552700",318.727819685526,2.43554471900265,0.383723108651161,6.34714111319466,2.19352914028307e-10,7.56712300774479e-09
"Os02g0103800",1072.67690952516,6.23167880760797,0.981907709395131,6.34650155812177,2.20266317184695e-10,7.58907508679996e-09
"Os04g0476800",3117.16144601971,1.92100254428673,0.303270433822085,6.33428890537246,2.38438368318534e-10,8.14347300076431e-09
"Os05g0148950",106.326287317792,3.4874223198817,0.55063601414565,6.33344392718787,2.39748462841285e-10,8.16784843990752e-09
"Os03g0347900",1000.17744137327,6.49566699593788,1.02575552237715,6.33256838908787,2.41113355276743e-10,8.20414399302519e-09
"Os08g0126700",1580.47779332279,4.09736342879249,0.647078489685912,6.3320964830423,2.41852163010643e-10,8.21907270102297e-09
"Os01g0627600",2773.68236608418,2.27971345869504,0.360065840105313,6.33137944446009,2.42978980041998e-10,8.24713412928174e-09
"Os01g0693300",1111.94546106148,2.20107898123892,0.347657714496082,6.3311668041922,2.43314126198697e-10,8.24828865186698e-09
"Os07g0658400",25564.1811427278,1.06140991854127,0.167799930784391,6.32544908439262,2.52497154622829e-10,8.54901058377493e-09
"Os02g0129700",698.783351391579,1.89171486016575,0.299179657356633,6.32300630624347,2.56522827961959e-10,8.67458861815559e-09
"Os08g0327200",45.9281408843841,9.57032347993322,1.51377964539456,6.32213777550086,2.57969209297877e-10,8.71274304793854e-09
"Os06g0713800",762.589847935066,2.8686603287343,0.453869182396342,6.32045629004448,2.60792091974688e-10,8.79723668876684e-09
"Os12g0467300",2013.80161801762,1.43563810137531,0.227262336167111,6.31709646916439,2.66523223521367e-10,8.96847372908324e-09
"Os05g0322900",2872.17571032346,1.68800799383668,0.267276228939135,6.3155934238397,2.69126744289264e-10,9.03388560395495e-09
"Os11g0141400",1266.54000004593,1.71048715392245,0.270943334424579,6.31308076854937,2.73534643938638e-10,9.15939783878145e-09
"Os12g0610200",636.682392933177,2.06079523777244,0.326465143176616,6.31245105593878,2.74650337966143e-10,9.18552796975655e-09
"Os01g0710250",101.900215113783,8.05684909595796,1.27639164791071,6.31220762776537,2.75082822101096e-10,9.18877265874527e-09
"Os06g0193300",2902.583703586,0.89335239017904,0.141534236564099,6.31191725667345,2.75599576760759e-10,9.19482095865282e-09
"Os05g0432700",6021.9949929308,1.51034931089648,0.239298746654331,6.31156381724888,2.76229849405434e-10,9.20463723243825e-09
"Os03g0233000",440.33941785073,3.0161336404711,0.478040605457889,6.30936704128326,2.80178943221008e-10,9.31356970117308e-09
"Os02g0208100",8065.26961190314,0.901157557523406,0.142844669447633,6.30865373561435,2.81473054286939e-10,9.34524658178613e-09
"Os01g0855600",1883.12629611634,3.33987664683292,0.529544553656231,6.30707392564573,2.84360031569983e-10,9.40689085112731e-09
"Os06g0200250",226.957656516496,4.42034916681826,0.701152772359604,6.30440232296645,2.89308103108748e-10,9.54917560115126e-09
"Os12g0291400",6171.91066270947,5.33650834488786,0.846476931752099,6.30437539962486,2.8935839322973e-10,9.54917560115126e-09
"Os01g0818700",3617.42586263957,1.25378620738509,0.199048273238381,6.29890522026057,2.99755201439927e-10,9.85665632970112e-09
"Os05g0180600",3136.84869973203,1.11642823002078,0.177237464000229,6.2990532860442,2.99469038501665e-10,9.85665632970112e-09
"Os09g0467200",5686.18313198903,1.45958098595336,0.231974044553511,6.29200128299985,3.13398892927728e-10,1.02683122920854e-08
"Os03g0757200",189.343464244931,2.14154207235499,0.340434154297649,6.29062050713803,3.16199473435225e-10,1.03476938791688e-08
"Os01g0115800",908.437555795615,1.63110923538716,0.259499639306735,6.28559345879918,3.26603608728446e-10,1.06499993412867e-08
"Os01g0157900",4802.90322016186,1.01915985078894,0.162155692541537,6.28506982897243,3.2770635944036e-10,1.06732519517609e-08
"Os01g0595600",182.846613441797,3.23096190854086,0.514154661347911,6.28402726150638,3.29912814996405e-10,1.07323538189626e-08
"Os10g0543500",856.168719387753,2.91855860551807,0.464468168719518,6.28365688345055,3.30700157507558e-10,1.07452052364051e-08
"Os04g0509400",170.759158034754,3.30983847551631,0.526856055451396,6.28224434600174,3.33719778020632e-10,1.08304720850274e-08
"Os01g0660200",14062.7755789015,3.71603704626559,0.591778385246275,6.27944030892429,3.39794019374611e-10,1.10145538280355e-08
"Os07g0190800",1719.73830931877,2.64275285199716,0.421015708818275,6.27708847115219,3.44971810364752e-10,1.11691759547292e-08
"Os03g0126900",106.044237329334,3.29361395128359,0.5251110263998,6.27222394064898,3.55927153254507e-10,1.14503302044837e-08
"Os05g0121000",5537.41200790403,0.663882546940364,0.105849668223342,6.27193791046728,3.565817846893e-10,1.14503302044837e-08
"Os11g0258500",301.780167064734,7.61983198928503,1.21537584502214,6.26952725816778,3.62145897594611e-10,1.16017991590807e-08
"Os12g0277000",802.121049047985,2.06043378099323,0.328840498814458,6.26575433506986,3.71024877472059e-10,1.18723626388285e-08
"Os01g0896500",2337.10509972263,4.1584175168108,0.664205593089788,6.26073848229197,3.83158620147749e-10,1.22178088061315e-08
"Os02g0780700",2301.40397824629,1.11539327526423,0.178202531716202,6.25913259773748,3.87124615404281e-10,1.23299190006263e-08
"Os10g0112100",980.880196686535,4.5694508915308,0.730520710235031,6.25506002432246,3.97363050806625e-10,1.26120177574093e-08
"Os07g0476900",669.035564234492,3.58225627373052,0.572739545815336,6.25459914529024,3.98538215827257e-10,1.2620069675982e-08
"Os09g0491852",339.888550432662,5.09788949421091,0.815215338208945,6.25342686192723,4.01542654585478e-10,1.27005252329686e-08
"Os12g0136900",3581.97008798553,1.32978303942023,0.212698478714509,6.25196309563225,4.0532518574609e-10,1.28053773503704e-08
"Os04g0443000",442.740883969131,1.65840503043963,0.265330893643029,6.25032768581716,4.09592406781402e-10,1.29252829656099e-08
"Os04g0518400",1201.78972091556,3.12124033477621,0.499406466553967,6.24989971858709,4.10716307566369e-10,1.29458347302076e-08
"Os11g0207400",677.346895682472,2.94069233040218,0.470630291013074,6.24841279143353,4.14644630959792e-10,1.3024691613096e-08
"Os03g0711100",730.818185137251,4.1739176784837,0.668224664064269,6.24627898811329,4.2034609134252e-10,1.31886595509312e-08
"Os02g0613200",5924.44895709839,1.2087257705539,0.193547003696295,6.24512778534445,4.23453777558778e-10,1.32709638685498e-08
"Os03g0183100",2250.48947383848,1.28405012239078,0.205668642810717,6.24329554978653,4.284462285075e-10,1.34120807371988e-08
"Os10g0515200",718.366810936531,2.86751466699182,0.459670337262608,6.23819819235718,4.42639628484688e-10,1.37620227739206e-08
"Os05g0231700",4046.5599011166,1.4221111173548,0.228015897280553,6.23689459513878,4.46342513299312e-10,1.38517698131782e-08
"Os03g0208500",1931.08773404979,1.54339198327161,0.247572374987547,6.23410420225295,4.54370572488497e-10,1.40470252268989e-08
"Os01g0719100",19853.4813080532,2.70257924595413,0.433658841411954,6.23203999981824,4.60399874296482e-10,1.42013659424042e-08
"Os11g0116900",1259.11183761316,1.29584282524435,0.208211538886646,6.2236840098945,4.85614657917624e-10,1.49454731404738e-08
"Os12g0181600",1001.9730790929,2.2495968945482,0.361517446692975,6.22265098165154,4.88823993243497e-10,1.50273602681623e-08
"Os04g0282000",665.799235265608,1.50382302040649,0.241835676591621,6.21836712267205,5.02355098216613e-10,1.54260184924341e-08
"Os06g0688100",21462.9745149399,1.72540795689952,0.277485100073637,6.21802019799133,5.03466765442184e-10,1.54428422981264e-08
"Os09g0517200",650.73656674606,3.04014077167624,0.489170307094718,6.21489229330426,5.13598667389399e-10,1.57008717616775e-08
"Os12g0268000",528.65895977066,1.91772167998138,0.30864264852437,6.21340469034355,5.1848686323082e-10,1.58326350844542e-08
"Os06g0328400",2140.75195437937,1.16011756418902,0.186888203315131,6.20754838245635,5.38175430365443e-10,1.63790702368221e-08
"Os03g0411900",348.931818092831,3.19960318469369,0.515655786504462,6.20492054667557,5.47245434998543e-10,1.65997781949558e-08
"Os01g0795000",5711.7458916075,5.46967198189044,0.881679087225521,6.20369935177036,5.51511004286244e-10,1.67106614141643e-08
"Os11g0177750",45.450009538903,3.0435013591265,0.491074368147427,6.19763839560203,5.73166345552217e-10,1.71956181500775e-08
"Os12g0432600",409.783126846061,2.39983176331824,0.387389506482983,6.19488066443963,5.83292063823749e-10,1.7480254836101e-08
"Os02g0193200",182.69901311337,3.0318072041788,0.489582801613628,6.19263420648397,5.91669328831832e-10,1.77119285093254e-08
"Os06g0624900",3634.11824766182,2.8079440477069,0.453454837854082,6.19233452441513,5.92795710215564e-10,1.77262743433564e-08
"Os01g0307686",273.854231587988,2.66738773089129,0.430956238358028,6.18946309039222,6.03694860718731e-10,1.80325037404e-08
"Os05g0195200",2161.6251440233,2.55759992815919,0.413348899066677,6.18750874608384,6.11224568131757e-10,1.8237529570476e-08
"Os11g0685600",382.556941910167,2.83099282937575,0.457742296905603,6.1846869920338,6.22258134568403e-10,1.85465425070328e-08
"Os11g0585900",4548.93913334777,0.44321464526942,0.0717288476263655,6.1790292181762,6.44969598317813e-10,1.91817179886245e-08
"Os01g0543600",156.879478278819,2.98919222792576,0.483794506924942,6.17864028040632,6.46560242955117e-10,1.91873581958652e-08
"Os05g0325200",1217.84904150195,1.3502378978488,0.218601488812642,6.17670952372175,6.54513317981086e-10,1.93831010726001e-08
"Os02g0182850",965.708537596719,2.24899444483694,0.364210634956052,6.17498290545064,6.61706298364065e-10,1.95732151387582e-08
"Os10g0445400",2759.8873165061,1.06273499947678,0.172147977857076,6.17338067345238,6.68450045506746e-10,1.97300810306846e-08
"Os02g0313700",2019.44707473134,1.51507415640003,0.245474755706751,6.17201614902497,6.74246117744425e-10,1.98370305167965e-08
"Os04g0669600",95.986060072052,2.33253095784982,0.37790800536384,6.17221896531171,6.73381525885671e-10,1.98370305167965e-08
"Os07g0471000",2995.50676263922,1.200904283741,0.194571177876997,6.17205640035841,6.74074442988801e-10,1.98370305167965e-08
"Os05g0316200",3273.818550986,1.60365881179763,0.259902240641912,6.17023850135682,6.81870597494115e-10,2.00183467695191e-08
"Os02g0517300",5200.60018276759,0.825628884519831,0.133815654597466,6.16989758786762,6.83342385945682e-10,2.00400763313042e-08
"Os06g0343100",1931.76141434049,1.16084585339417,0.188273917770173,6.1657284617151,7.01593917820478e-10,2.05313664562187e-08
"Os04g0219200",197.96773417072,11.6720794595679,1.89349855932244,6.16429275961241,7.07988516946969e-10,2.06743213941305e-08
"Os04g0380300",1256.92595527698,1.12455527927061,0.18257759696273,6.15932785828137,7.30543425944013e-10,2.12875691276941e-08
"Os11g0702400",347.594886956916,3.6979388895976,0.600415960238805,6.15896167737914,7.32234416957898e-10,2.1302351677301e-08
"Os08g0376300",594.346015373844,2.24685516973068,0.364909193987003,6.15729942340316,7.39958686769426e-10,2.14933280904574e-08
"Os02g0588700",734.864451075133,2.87316117255717,0.466737387385262,6.15584105797284,7.46800928597612e-10,2.16690934695097e-08
"Os03g0194100",1990.45213789891,1.67609617752072,0.272392909210111,6.15322984133872,7.59206527771984e-10,2.19592671617766e-08
"Os04g0486950",4378.49229985785,2.33554619842251,0.379629642578692,6.1521702640446,7.64297594025305e-10,2.20237149248501e-08
"Os07g0442800",1530.95155470805,0.848346267680691,0.13789546384496,6.15209698728386,7.64650903345348e-10,2.20237149248501e-08
"Os11g0133100",101.388112918716,10.3967267758171,1.68992235296148,6.15219199722255,7.64192836522303e-10,2.20237149248501e-08
"Os07g0210100",1854.50941897169,0.877548738270928,0.142655321508548,6.15153174091962,7.6738163994535e-10,2.20559816366664e-08
"Os04g0617900",51.0918773398576,9.73437706304356,1.58286991140489,6.14982759663662,7.75672152911863e-10,2.22708972121686e-08
"Os02g0118200",2459.8960963877,1.18563262802888,0.192816265302012,6.14902807173346,7.79591819210111e-10,2.23599994973656e-08
"Os08g0246550",29.0480248140364,8.91958283542649,1.45064573869461,6.14869819522782,7.8121466101695e-10,2.23831075103716e-08
"Os10g0463800",3701.10290951076,1.28891017360851,0.209680802696829,6.14701087095752,7.89567196734578e-10,2.25751932001637e-08
"Os01g0704700",612.843501033219,0.788651486378083,0.128315219448948,6.14620377664445,7.93593183086765e-10,2.266664325123e-08
"Os11g0266500",4493.26712522015,1.49424409632094,0.243317935485449,6.14111776569095,8.19428025778544e-10,2.33801594313543e-08
"Os09g0283600",72.8159195514742,7.27803662478061,1.18538770656224,6.13979425000766,8.26284331441807e-10,2.35512529890973e-08
"Os07g0681400",770.887587755352,1.27983931196588,0.208483289057059,6.13881005885131,8.31419051663038e-10,2.36729721872165e-08
"Os09g0493700",2837.28306723676,1.1441505893232,0.186411224935284,6.13777732387314,8.36840494549811e-10,2.38025939628389e-08
"Os11g0105800",1103.41037402406,1.32048101452277,0.21520402277438,6.13594949341243,8.46520505790795e-10,2.40529493507424e-08
"Os02g0810450",2115.99890986746,0.819382166722709,0.13357236673051,6.13436885771335,8.54979382187104e-10,2.42681246191575e-08
"Os07g0130200",77.1187731768313,4.4737548637548,0.729387141560728,6.13358065811518,8.59228232122973e-10,2.43634787847623e-08
"Os12g0210300",6337.58847334309,0.963046272885497,0.157021181709188,6.13322522733979,8.61150939095799e-10,2.43927459904581e-08
"Os03g0309200",3648.28638125658,0.747443614878545,0.121887748479774,6.13222923715403,8.66561141309097e-10,2.45206365925594e-08
"Os02g0734600",3084.23968869143,1.30391030119766,0.212859402588246,6.1256880614287,9.02925514286353e-10,2.5444478150018e-08
"Os11g0558500",159.996374649536,4.76928753941679,0.778703821204489,6.12464894809392,9.08837603703223e-10,2.55847593042497e-08
"Os01g0855200",263.630972599812,3.0584615045509,0.499395772942046,6.12432397361486,9.10694300168493e-10,2.55897730091069e-08
"Os04g0564700",2148.12478310468,1.64453609562665,0.268602615085821,6.12256174460998,9.2082714863703e-10,2.5842598799505e-08
"Os03g0726400",1817.31882806442,0.735643418219463,0.120209702149881,6.11966758974446,9.37707629347069e-10,2.62356993620486e-08
"Os12g0548800",542.814288129989,1.78881238989001,0.292480265747821,6.11601054627167,9.59469782763911e-10,2.68171804282513e-08
"Os12g0611100",1125.13470071938,1.91798889883204,0.313719573725263,6.11370491186407,9.73442349539119e-10,2.71799789971723e-08
"Os11g0600500",222.135754281048,5.37902099400165,0.879871384490968,6.11341735714428,9.75198839767928e-10,2.72012947251358e-08
"Os05g0401100",883.740083564456,4.24611169844623,0.694688317220828,6.11225436384656,9.82334412480126e-10,2.7336852549734e-08
"Os01g0915900",3674.89368079462,2.50345569929427,0.409743467383956,6.10981235473457,9.97483499431715e-10,2.76539175434556e-08
"Os01g0919600",1685.32821265904,2.23107251003392,0.365241506274302,6.1084856778527,1.00580883652607e-09,2.78068727835331e-08
"Os12g0267800",466.418563283649,2.38373490483219,0.390235920138361,6.10844563972228,1.00606113943743e-09,2.78068727835331e-08
"Os01g0310500",2470.96265748773,2.06096620692228,0.337486243337045,6.10681545577553,1.01638642617278e-09,2.8005629704105e-08
"Os11g0687100",995.616840222307,8.41481812977477,1.37797215172923,6.10666777206994,1.01732691597914e-09,2.8005629704105e-08
"Os07g0575700",212.136907132635,2.19102864382618,0.358836596077739,6.10592305181581,1.02208243986134e-09,2.81082932833753e-08
"Os01g0316900",2951.11414279366,0.894875476152478,0.146740099002128,6.09837039935145,1.07155222583575e-09,2.9350887017867e-08
"Os05g0468700",797.222890905627,1.35931715024418,0.222951801468696,6.09691036936985,1.0813811112372e-09,2.95905194983998e-08
"Os02g0752701",10915.3310043298,2.1524601521533,0.353065268454292,6.09649360747575,1.08420283217549e-09,2.96381235290608e-08
"Os11g0106100",242.956048257706,2.67257919590205,0.438657072510437,6.09263901891942,1.11064319819827e-09,3.02702764595511e-08
"Os04g0534500",1193.35265315712,0.980510051291218,0.160983924145523,6.09073270201113,1.1239507902151e-09,3.0572131176546e-08
"Os02g0228300",4347.78656666197,1.70634924326307,0.280194809808506,6.08986741913329,1.13004232091889e-09,3.07073305677473e-08
"Os11g0240800",80.1510659260688,4.77069094913454,0.783466269424074,6.08921039145881,1.13468923776044e-09,3.08030455019785e-08
"Os04g0634400",584.255814437421,2.69752829400582,0.443520190896406,6.08208678967647,1.18628320530681e-09,3.20448553023263e-08
"Os01g0686100",989.706185578276,1.52427389711737,0.250727347931062,6.07940820853922,1.20626911266545e-09,3.24634711124598e-08
"Os04g0532400",33.3420853903112,8.44270807949752,1.38898937053354,6.07831007105151,1.21455726961069e-09,3.26160301286215e-08
"Os06g0587200",279.736103702909,1.52730623672079,0.251282903899831,6.07803480864589,1.21664349011862e-09,3.26396492045437e-08
"Os01g0141600",607.619810433725,2.09886160334508,0.345456058473827,6.07562539970362,1.23505420052303e-09,3.30927066951363e-08
"Os04g0420500",162.893274580063,7.65364740090845,1.25975402559278,6.07550938152945,1.23594753565494e-09,3.30927066951363e-08
"Os03g0335300",9534.95442227628,1.016352588446,0.16729975012095,6.07503948876929,1.23957213698118e-09,3.31340154759128e-08
"Os06g0702700",640.028598336255,2.22580047118854,0.366396770138117,6.07483649582801,1.24114116239058e-09,3.31345980302538e-08
"Os02g0140200",613.133304322606,1.43917705600617,0.236970839468568,6.07322428039534,1.25367165486872e-09,3.34040080724798e-08
"Os03g0731900",5585.98286986413,1.43793394289135,0.236888741915216,6.07008138616396,1.27845444055352e-09,3.39652236481102e-08
"Os08g0335500",305.148890013505,2.63048599958807,0.433643515432797,6.06601022723174,1.31126784076287e-09,3.47695425230744e-08
"Os10g0536500",350.078900926348,4.64518112557065,0.76599372978436,6.06425476469415,1.32566880778808e-09,3.50496084113158e-08
"Os02g0689200",1006.66545234327,1.17895792935628,0.194462562347712,6.06264730405136,1.33899078115972e-09,3.53676918869296e-08
"Os05g0119300",11901.0815468933,0.69483425937754,0.11463689068201,6.06117503051378,1.35130681580392e-09,3.56586175257082e-08
"Os07g0689950",1214.33741527493,1.55585016208506,0.2567487238132,6.05981653570764,1.3627689622174e-09,3.58919275424007e-08
"Os01g0851100",890.55166101087,1.81763262704476,0.300501713152707,6.04865978291807,1.46055721856319e-09,3.82102414266135e-08
"Os03g0306800",2904.49251216774,3.43114496132518,0.567311456587892,6.04807980075333,1.46582352097819e-09,3.83114237243451e-08
"Os01g0136800",703.754264747237,1.45855358852572,0.241167330131094,6.04789043247639,1.46754701036214e-09,3.83199048244322e-08
"Os04g0229100",406.102431346388,1.98875891548922,0.328855698888785,6.04751239589068,1.4709935275078e-09,3.83733178209201e-08
"Os01g0750100",5368.81858123263,0.966447014091944,0.159828577306553,6.04677230053976,1.47776374869302e-09,3.8476641483318e-08
"Os03g0772600",802.707125146391,2.61291041101329,0.432288972184372,6.04436055310447,1.50003725581619e-09,3.9019014725809e-08
"Os04g0512900",805.943412700727,1.51921827612047,0.251351030876413,6.0442094501194,1.50144359537814e-09,3.9019014725809e-08
"Os04g0648800",7000.2553084498,0.97987340602338,0.162171306841507,6.04221193691821,1.52015598131205e-09,3.94304853069303e-08
"Os01g0702000",990.91993086499,2.464336764576,0.407885053121534,6.04174324534937,1.52457942205017e-09,3.94704678160457e-08
"Os11g0685300",37.3132042802504,9.28100433857929,1.53613013643337,6.04180864528067,1.52396143505615e-09,3.94704678160457e-08
"Os07g0601100",435.411324561763,2.94277240789287,0.487260226570601,6.03942667064061,1.5466277943025e-09,3.99657376544715e-08
"Os07g0481400",1460.94322421762,0.932900601926661,0.154534449016191,6.03684555686947,1.57156002727585e-09,4.05717254543947e-08
"Os10g0134250",156.979076514274,3.38095275056331,0.560236640196488,6.03486546216885,1.59095180366727e-09,4.08613992300557e-08
"Os03g0334200",647.336606035759,1.61993950253417,0.268726575703351,6.0282072894883,1.6578832818295e-09,4.24402625912073e-08
"Os04g0234600",4629.50934036612,5.7917768875689,0.96092037479104,6.0273223874854,1.66698281208395e-09,4.25935878785368e-08
"Os01g0588400",1021.80690104669,2.69089496114976,0.446612769401218,6.02511872814899,1.6898552782765e-09,4.31377688045402e-08
"Os04g0459500",4755.02250929483,5.69471710662625,0.945434028389761,6.02338919017474,1.70802061689302e-09,4.35608870738516e-08
"Os03g0388500",6313.89081702909,1.00073609155003,0.166192468083753,6.02154900934319,1.72755695602878e-09,4.39772421771229e-08
"Os07g0416900",3046.112844881,2.90448791655314,0.482340761900812,6.02165138419386,1.72646439354545e-09,4.39772421771229e-08
"Os01g0159800",1840.86523843705,2.35891639601202,0.391863122759292,6.01974582196401,1.74691169839586e-09,4.43874381546949e-08
"Os04g0388500",5126.54023366598,1.04634181567546,0.173846641189139,6.01876348325346,1.75754449776085e-09,4.46162199612301e-08
"Os10g0119200",136.600699939826,6.76972301263864,1.12507869025767,6.01711068857612,1.77557676372196e-09,4.50322436436186e-08
"Os06g0690200",2885.14256252497,1.69662540837578,0.282006996162741,6.0162528996149,1.78500631472739e-09,4.52295170829768e-08
"Os02g0834700",128.287686213936,9.296144781682,1.54549512014263,6.01499458686358,1.79892711345279e-09,4.55401225181011e-08
"Os03g0794200",475.323972739915,2.28152502364528,0.379397891019339,6.01354166074946,1.81513254680504e-09,4.59079368324441e-08
"Os08g0230300",1319.59631470583,2.40483587933156,0.400046464066308,6.01139141410573,1.83937697625431e-09,4.64538472161497e-08
"Os06g0698748",5556.69581742855,1.27663990723597,0.212413448306658,6.01016516333231,1.85334415538953e-09,4.67448892820208e-08
"Os03g0244700",646.038654312193,1.16807004266238,0.194411334317716,6.00824044936322,1.87547557031689e-09,4.72151847192102e-08
"Os04g0643600",4107.92967378732,1.06915262550467,0.177952025635223,6.00809471928286,1.87716170126026e-09,4.72151847192102e-08
"Os02g0281200",795.094667342229,1.45449188996176,0.242145876314119,6.00667627341686,1.89365079186388e-09,4.74556165049803e-08
"Os02g0629000",546.875212596239,2.16419276173291,0.360294517669488,6.0067324247165,1.89299537219453e-09,4.74556165049803e-08
"Os08g0538600",12079.3146886862,2.4381222742567,0.406090091178846,6.00389501546081,1.92639287764666e-09,4.8187970147598e-08
"Os02g0194900",997.200678682647,1.70795076889915,0.284607544128477,6.00107342245347,1.9601732294807e-09,4.88545085793502e-08
"Os10g0370400",565.78844352558,1.30759843590342,0.217951764222076,5.99948543922349,1.97943777410517e-09,4.92450318533285e-08
"Os03g0690600",2180.00269974346,1.3460526936319,0.224437163307562,5.99745903840044,2.0042890003074e-09,4.97277898617934e-08
"Os01g0841800",598.347071557,1.13936369700335,0.190027444235228,5.99578498563068,2.02504817460333e-09,5.00614571755955e-08
"Os01g0220400",1811.98364201127,1.88219869295457,0.314000093982166,5.99426155923848,2.04412144402087e-09,5.04874034924939e-08
"Os11g0514100",588.368891649741,7.0666748975692,1.17916339245262,5.99295648321543,2.06060006277252e-09,5.08485552427046e-08
"Os11g0629600",1189.45564001648,2.17668949645101,0.363296701032746,5.99149260167604,2.07923785974521e-09,5.12622900236552e-08
"Os01g0113350",186.779707197205,4.14853580549239,0.692590794811249,5.98988008008826,2.0999582034256e-09,5.17265783723297e-08
"Os09g0129500",573.41681523157,1.78579792455936,0.298189838090632,5.98879537946085,2.11400925169195e-09,5.20259006406957e-08
"Os05g0500400",109.602549188103,2.96090432099553,0.49469846695747,5.98527086450438,2.16030048248467e-09,5.30222137237793e-08
"Os02g0173200",2023.45132990524,1.41402553086176,0.236396021158431,5.98159615349063,2.20961558043789e-09,5.41513371940291e-08
"Os08g0104900",925.076939383092,1.4849960243801,0.248282838583792,5.98106592002303,2.21682131042829e-09,5.42635858033434e-08
"Os01g0662600",7476.70533852331,0.781379462027083,0.130693388250263,5.9787222023109,2.24894694778438e-09,5.50008087917517e-08
"Os05g0313500",6047.27920743666,0.987240456630464,0.165130635302706,5.97854210892316,2.25143418753895e-09,5.50125190284383e-08
"Os07g0442900",4776.03768751117,2.4543816898951,0.4107213388999,5.97578323168955,2.2898731849324e-09,5.58521072203771e-08
"Os11g0102200",4414.30101598526,1.90562944871905,0.319181080069486,5.97037095151189,2.36714755349246e-09,5.7583071614309e-08
"Os05g0394900",471.747318755002,1.8362410345806,0.308074214871708,5.96038534203608,2.51643818593074e-09,6.06224787606236e-08
"Os12g0288400",5603.0649214172,1.14948798255596,0.192851240093535,5.96049048996754,2.51481939848999e-09,6.06224787606236e-08
"Os08g0430300",531.006257640974,2.14263272775734,0.359602185393723,5.95834178652557,2.54810168702034e-09,6.12774831511625e-08
"Os05g0424300",1255.14712746156,2.32322667290763,0.389936168312759,5.95796661530567,2.55395671733665e-09,6.13644109162878e-08
"Os01g0851000",640.103324692932,0.845336866330203,0.141901127931215,5.9572244326343,2.56557805874131e-09,6.15896131524831e-08
"Os01g0677900",218.263962042959,2.75241922266595,0.462277202817913,5.95404490182074,2.61594980873778e-09,6.27438539502071e-08
"Os05g0550700",372.11885977557,1.82916947111143,0.307496929546339,5.94857800307165,2.70481982775871e-09,6.46489702461944e-08
"Os01g0867400",241.512906893408,2.51414291337847,0.42295922903954,5.94417319864994,2.77855697661483e-09,6.61371413270493e-08
"Os03g0758000",372.070657179168,2.22315783556468,0.374011805527282,5.94408465912052,2.78005903130968e-09,6.61371413270493e-08
"Os07g0558400",12084.8201882329,3.57630423426335,0.601666699301385,5.94399563481892,2.78157010728928e-09,6.61371413270493e-08
"Os07g0281000",3099.33737457677,0.840982545682307,0.141502251715623,5.94324496950359,2.79434355684929e-09,6.63832301523494e-08
"Os04g0186800",236.220113041905,11.9048486720259,2.00599951418021,5.93462191185575,2.9452341749976e-09,6.95456114546201e-08
"Os08g0101500",802.114183400454,1.01065925657528,0.170338795930631,5.93323001406478,2.97032260320486e-09,7.00015854467018e-08
"Os12g0172400",28.3173098729475,8.88264018626658,1.49778265059662,5.93052682425473,3.01964245089827e-09,7.10575827942908e-08
"Os06g0623600",2219.20492383129,1.37921205928242,0.232620349063442,5.92902583473585,3.04737144549756e-09,7.1607789023495e-08
"Os02g0614966",68.8326597695271,6.5891008065872,1.11231675646653,5.92376296435434,3.14656917756443e-09,7.37276957593389e-08
"Os01g0183850",164.909858912009,2.69220009223521,0.454574117645017,5.92246673915911,3.17147965365337e-09,7.40387315946791e-08
"Os08g0179900",6427.08332299651,0.750482169420904,0.126719919655585,5.92236935961335,3.1733588000494e-09,7.40387315946791e-08
"Os07g0646300",2442.97032992443,0.886592610003198,0.149713163628094,5.92194158828679,3.18162641033413e-09,7.41684502174145e-08
"Os11g0245100",676.519987920606,3.40353388243573,0.574814557206421,5.92109896968648,3.1979732311028e-09,7.44861265077695e-08
"Os11g0667000",32.2172503610067,8.26913017840886,1.39692941446277,5.91950465986072,3.22912690663783e-09,7.50203690413204e-08
"Os02g0578300",349.34245145916,2.01866989923802,0.341039744766368,5.91916317736201,3.23583797917688e-09,7.51125746505373e-08
"Os02g0806000",696.049329960934,0.912983357791464,0.154310197443681,5.91654584671684,3.28772860442957e-09,7.60592687533195e-08
"Os08g0101800",806.10436726201,1.82877087478475,0.309232250182673,5.9139073421496,3.34085871474981e-09,7.72231738866769e-08
"Os05g0181650",87.0161103878469,2.63980061887043,0.446583504891071,5.91110193269301,3.3982664800651e-09,7.84177903584357e-08
"Os07g0474700",3457.26415340678,1.63953737204198,0.277452529217517,5.90925365382638,3.43661183523317e-09,7.91692470806322e-08
"Os05g0346200",5271.47836353367,0.939710939108871,0.15907173623053,5.90746641343642,3.47409127847492e-09,7.99654068980727e-08
"Os06g0480000",1151.93871224096,1.67682966307611,0.283897363313348,5.90646437679427,3.49527833351138e-09,8.03855321857348e-08
"Os03g0370900",982.744176345272,1.21644017431463,0.206016915444984,5.90456454358221,3.53579426059901e-09,8.11810063638453e-08
"Os08g0485400",2444.87792216403,0.818116244496705,0.138612848067431,5.90216748232974,3.58756685562991e-09,8.22318357678316e-08
"Os12g0138050",1042.66832755696,1.2380671018893,0.209816709785776,5.90070782805322,3.61945371200385e-09,8.28241074565559e-08
"Os03g0374600",1345.18804677871,2.004682728758,0.340096313676065,5.89445591776518,3.75917932458942e-09,8.56636280198242e-08
"Os02g0120100",11322.579415696,0.935151121319796,0.158697748014603,5.89265527091,3.80038707000546e-09,8.64588058426243e-08
"Os10g0527800",7370.60812820185,3.02227527682176,0.513003711995552,5.89133217977176,3.83094586962664e-09,8.70094845065865e-08
"Os05g0242000",76.9766226684503,2.0078047279227,0.340938633676692,5.88905019730523,3.88421464035669e-09,8.81462495559321e-08
"Os08g0416000",20197.8766806051,0.885954102511803,0.150449989318869,5.88869501767846,3.89257024677692e-09,8.82627414151213e-08
"Os08g0202300",46.1452526541593,8.81826093529689,1.49766662007335,5.88799991740818,3.90897314504507e-09,8.85613593183867e-08
"Os03g0178100",1566.17285218569,1.23354439950656,0.209593339187043,5.88541794453562,3.97049340799e-09,8.9732495823642e-08
"Os02g0203500",1951.07257978113,0.827523344539511,0.140647765383989,5.88365796129254,4.01296730302868e-09,9.06176318196691e-08
"Os03g0583900",7202.08525803516,1.9572196430811,0.332712662817121,5.88261242150829,4.03840849183249e-09,9.11170074133309e-08
"Os01g0925000",964.543117193285,0.884766455924953,0.150419084306843,5.88200932083923,4.05315510221534e-09,9.13744620615477e-08
"Os12g0507300",1879.93809171098,1.15006741836593,0.19555497626085,5.88104399262055,4.07686780220614e-09,9.18334588570956e-08
"Os11g0515500",1945.04516244158,1.02082857135072,0.173604545509636,5.8801949473959,4.09783564548116e-09,9.22299228967744e-08
"Os01g0136400",1977.07841244404,0.903148256949471,0.153600283073441,5.87986062836648,4.10612068717696e-09,9.23405186719738e-08
"Os03g0429800",7205.97143677121,1.08490956735502,0.184527518191713,5.87939174593928,4.1177679303121e-09,9.2526481853305e-08
"Os01g0248300",1300.62438911898,1.63225753609053,0.277636413486,5.87911908094446,4.12455582693268e-09,9.2603039881568e-08
"Os04g0658300",234.627118081242,3.12889266186703,0.53266287601589,5.87405806327245,4.25254315178732e-09,9.51645502210837e-08
"Os07g0461600",3402.54733090151,0.697010281792627,0.118721900397941,5.87094950010346,4.33306255989202e-09,9.66505835325752e-08
"Os03g0668300",701.15709548989,1.15916345939474,0.197590066917358,5.86650674033913,4.45072182515882e-09,9.89526960332185e-08
"Os04g0668900",496.614567931899,1.23586169072275,0.21072130343957,5.86491100116586,4.49373664960752e-09,9.98280134382804e-08
"Os04g0208200",34.3048304029253,5.51872387305551,0.941253422881795,5.86316473214946,4.54127278643158e-09,1.00802271388288e-07
"Os09g0279400",284.252131614856,5.12456013851231,0.874182548645691,5.86211672430595,4.5700357602139e-09,1.01358582597586e-07
"Os08g0447000",11465.3072524453,1.60060928980932,0.273133357972697,5.86017505034783,4.6237949504433e-09,1.02467934860512e-07
"Os04g0429100",1815.7252796569,1.14875060353773,0.196063242995669,5.85908192675924,4.65433052575938e-09,1.02978002771466e-07
"Os07g0142700",4370.107735691,3.17747008642799,0.542307179056808,5.85917024361416,4.65185619255581e-09,1.02978002771466e-07
"Os04g0556400",771.351271666777,2.67301410408,0.456308332421647,5.85791210494494,4.6872259702776e-09,1.03622119896589e-07
"Os10g0538450",80.7645030104232,9.28701087581618,1.58552290049268,5.85738047235417,4.70225016988134e-09,1.03870430970339e-07
"Os09g0442100",404.832027915438,2.52430870073548,0.431055593712526,5.85610936861884,4.73836240750861e-09,1.04583791058879e-07
"Os10g0481000",1293.32738575624,1.45289664976861,0.248478612749984,5.84716983763307,5.00006933296306e-09,1.10005541445133e-07
"Os11g0454300",207.684011790543,11.247609506176,1.92413645204176,5.84553631539009,5.04938760265799e-09,1.10912410444591e-07
"Os03g0321500",2866.50207480864,1.16042784278373,0.198569985584833,5.84392368950427,5.09853910989153e-09,1.11811082625737e-07
"Os09g0371000",205.466598280315,3.19851169898821,0.547328719046939,5.84385870443226,5.10052952782281e-09,1.11811082625737e-07
"Os02g0150800",3259.00930962969,0.606301200344488,0.10378129711516,5.84210466816302,5.15454015416010e-09,1.12679975548762e-07
"Os07g0167500",255.194781634115,3.73265408409224,0.638914410821378,5.84218170833494,5.15215627825057e-09,1.12679975548762e-07
"Os04g0644300",1637.62140599204,1.11899602904004,0.191626961355168,5.83944984112156,5.23734811879786e-09,1.14216721593943e-07
"Os02g0581500",2499.36196722506,1.24049095941391,0.212523399145472,5.83696178586339,5.31612825150772e-09,1.15611248948355e-07
"Os10g0527601",1481.73971383381,2.36519921865959,0.405315106650856,5.83545784464681,5.36430585408845e-09,1.16511207416141e-07
"Os03g0270000",968.514144169236,1.64494757118396,0.282002555620088,5.83309455322816,5.44087147068313e-09,1.17997553803232e-07
"Os03g0840200",2057.40647734376,2.0827017185839,0.35714045502476,5.83160403499936,5.48970671444079e-09,1.18868424201777e-07
"Os04g0453200",1843.36258205453,3.05688730232833,0.524303980359945,5.83037210632983,5.53039119050906e-09,1.196547749599e-07
"Os09g0315000",2466.32633321862,1.96350381363499,0.33684708593894,5.82906575594039,5.57385387354638e-09,1.20310032663758e-07
"Os12g0149900",7658.31663739738,1.25069732674264,0.214704851525826,5.82519359881441,5.70464304947052e-09,1.227461726379e-07
"Os09g0484300",2287.55835043884,1.53206093298325,0.263191505509624,5.82108807051611,5.84657495969144e-09,1.25406056946678e-07
"Os11g0670100",255.830263730232,4.15864150904831,0.71463609498879,5.81924358174708,5.91145345202224e-09,1.26599391324739e-07
"Os01g0874100",781.466904782508,1.33355922520221,0.229232936407957,5.81748524491668,5.973953346785e-09,1.27738139049015e-07
"Os09g0572700",980.323167734702,1.87917778929044,0.32306758144575,5.81667086768964,6.00311764329105e-09,1.28161648766473e-07
"Os03g0189400",3177.02504391167,0.864659937619177,0.148688638467465,5.81523878711403,6.05473925141634e-09,1.2906253917163e-07
"Os01g0944700",10.9255071090561,21.2027875225229,3.64878055833295,5.81092427553658,6.21288634940125e-09,1.32125131984821e-07
"Os07g0101300",5940.24270527929,1.89138068265785,0.325543458907083,5.80991763436931,6.25035854632113e-09,1.3261314557884e-07
"Os03g0211100",1192.52346774572,0.873313500844195,0.150349207377478,5.80856737509491,6.30096729001976e-09,1.33583432694219e-07
"Os03g0280000",5342.19636423399,0.922051941858789,0.158813901262691,5.80586418775545,6.4034852963283e-09,1.35337859376334e-07
"Os01g0359400",490.233851405773,2.70140874779433,0.465385523330361,5.80466862927469,6.4493424320778e-09,1.36201957252924e-07
"Os05g0443400",1899.0191139626,1.2379156139349,0.213308339194136,5.8034093679209,6.49798833634157e-09,1.37018012718038e-07
"Os03g0153400",112.937544173316,3.49250689818418,0.601853075491175,5.80292274046109,6.51688244688855e-09,1.37310713155942e-07
"Os10g0524700",5804.94542103688,2.55161986204242,0.439725927793694,5.80275053337215,6.52358146179303e-09,1.37346210468849e-07
"Os09g0549300",1598.25884379238,3.29542059251061,0.568149348415697,5.80027170971857,6.62075527979751e-09,1.38964833616041e-07
"Os11g0487100",302.758738681896,3.42902652563435,0.591429573515469,5.79786111345795,6.71660397816718e-09,1.40868682669201e-07
"Os01g0916350",1466.05430007529,2.49585651831217,0.430641397452543,5.79567253189404,6.80479294292784e-09,1.42391202062442e-07
"Os01g0859100",105.455115684363,6.51271878330399,1.12426173555148,5.79288485710965,6.91875437482926e-09,1.44554997010639e-07
"Os02g0176700",17069.8701928901,1.81938360214866,0.314237145859991,5.78984256355004,7.04524294021765e-09,1.46749999525096e-07
"Os01g0881500",7542.72020936887,1.56766892371566,0.270873337426662,5.78746117505974,7.14581964324929e-09,1.48731873744864e-07
"Os06g0477600",526.191096848675,1.67426223037802,0.289331351148047,5.7866602555674,7.17995878730421e-09,1.49215668545561e-07
"Os05g0318700",1385.88405444058,1.59299842828236,0.275328922000848,5.78580127618215,7.21674900142038e-09,1.49866544274379e-07
"Os06g0275700",1645.48099546207,1.26506611126503,0.21869823108287,5.78452832014755,7.27160725153108e-09,1.50771917393071e-07
"Os04g0623550",97.2123140919135,3.91699835286144,0.677255702480934,5.78363288564811,7.31043888281986e-09,1.51353160573937e-07
"Os04g0551700",402.664277508202,3.05208714207292,0.527917392635161,5.78137258717329,7.40935867226242e-09,1.53285304676692e-07
"Os01g0608400",498.082756787415,2.42647931513749,0.419830176233956,5.77966866723107,7.48478832649043e-09,1.5472893362332e-07
"Os04g0492800",345.782237619866,1.64273323978588,0.284262432332274,5.77893190566134,7.51763427364089e-09,1.55173715440315e-07
"Os08g0109300",1752.72474323887,0.745483827224269,0.129004353227536,5.77874938770008,7.52579283807625e-09,1.55225144298002e-07
"Os01g0873900",2291.95409912834,0.924275251099822,0.160058339835931,5.77461475638979,7.71293486332962e-09,1.58687926054588e-07
"Os08g0481100",1144.94001870438,1.56532266753755,0.271126972801959,5.77339337123392,7.76907778534648e-09,1.59531089798312e-07
"Os11g0671000",30439.2286477297,1.06834512265988,0.185046602956062,5.77338413995934,7.76950362494791e-09,1.59531089798312e-07
"Os03g0120900",310.7976012661,1.84808386685949,0.320115417028624,5.77317982374539,7.77893456427948e-09,1.5960509112373e-07
"Os04g0452000",4672.78697701809,1.01499681826594,0.175819471182118,5.7729488744428,7.78960825075645e-09,1.59704460775801e-07
"Os05g0101600",268.712171451599,1.84528231432924,0.319664240289289,5.77256408993167,7.80742331080396e-09,1.5994998646689e-07
"Os10g0132700",228.91644363863,2.07924578578293,0.360260509065641,5.77150626688335,7.85660365369777e-09,1.60837242659518e-07
"Os01g0187000",72.581700406508,5.66500254923851,0.981998041879537,5.76885320300205,7.9812788620725e-09,1.63267520023172e-07
"Os01g0690800",230.294521600775,2.87889963064771,0.499065043535458,5.76858601486715,7.99394091261051e-09,1.63404504132324e-07
"Os07g0129900",273.077333849437,2.69837050477807,0.467796190408439,5.76826096514828,8.00937136090139e-09,1.63597830683408e-07
"Os05g0486100",3488.73844660908,1.51629226698385,0.262935384820959,5.76678664994574,8.07972296490173e-09,1.64666437300315e-07
"Os05g0333500",1453.55753705014,0.640317514956333,0.111048425638751,5.7661106969615,8.11217873333957e-09,1.65204972256434e-07
"Os02g0291000",1022.42066551819,1.41552863243317,0.245548859303828,5.76475344437123,8.1777302259458e-09,1.66416202540031e-07
"Os07g0502200",680.204223940495,1.77307368199878,0.307772000635441,5.76099735628323,8.36183499504775e-09,1.69784301222649e-07
"Os02g0712700",3070.44259849092,0.898738985156864,0.156087846109205,5.75790497184561,8.51642722924879e-09,1.72539540115646e-07
"Os02g0173800",3228.21417356265,0.447072260766498,0.0776991470419637,5.75388891367164,8.72134773697715e-09,1.76560558657458e-07
"Os02g0709800",5967.70858089819,1.03599321624201,0.180061320551813,5.75355780501399,8.73845494157699e-09,1.76776232869081e-07
"Os03g0317300",300.581688133007,4.53325154213846,0.788198385041879,5.7514093255819,8.85025447897557e-09,1.78905771537727e-07
"Os06g0129900",3465.07917539005,1.52242258635808,0.26492203832039,5.74668153699202,9.10119105294070e-09,1.83167321183761e-07
"Os11g0126900",1211.91179337694,2.28161468606136,0.397099077570435,5.74570633611372,9.15380554386454e-09,1.84090960096912e-07
"Os06g0632700",1176.18477672239,0.934334456963047,0.162642171005285,5.7447244536147,9.20707921162376e-09,1.85026490598376e-07
"Os08g0242800",1403.07628871177,3.46780991913321,0.603725129669044,5.74402115915604,9.24542275141355e-09,1.85660831806429e-07
"Os07g0290200",343.161038478505,3.69854273707238,0.643950750930516,5.74351801240692,9.27294946374687e-09,1.85940965418368e-07
"Os08g0170700",4294.01775328686,1.41527929710582,0.246418655803336,5.74339346382661,9.27977569795626e-09,1.85941723586481e-07
"Os10g0531400",1989.01160083405,1.63384898958613,0.284575387308349,5.74135734309232,9.39206614224763e-09,1.87916788679551e-07
"Os03g0826900",1771.2005228472,6.0285808109198,1.0500752770285,5.74109394135958,9.40668867572713e-09,1.8807197774952e-07
"Os07g0171100",752.309593510095,2.81560419109801,0.490975001517951,5.73472006190332,9.76735327805044e-09,1.94998231515364e-07
"Os07g0122900",508.26502459867,1.60604865483159,0.280286485177989,5.7300253125359,1.00415649021348e-08,2.00180861888191e-07
"Os01g0310550",47.8052596655935,9.1597542584447,1.59902564590737,5.72833480306503,1.01421250617874e-08,2.02038507321758e-07
"Os07g0225300",1771.27168902145,1.37486854860883,0.240051572468392,5.72738822108677,1.01988593762484e-08,2.03021044458445e-07
"Os08g0292900",4256.47685106163,1.63895269050536,0.286177512854103,5.72704918062838,1.02192550290556e-08,2.03279313363007e-07
"Os07g0535800",403.256330369515,1.62805182729806,0.284282186804125,5.72688653341412,1.02290534608148e-08,2.03326562659781e-07
"Os10g0326100",32.4964571566944,8.99596666836297,1.57192942359862,5.72288204121052,1.04731984935042e-08,2.07426883539823e-07
"Os07g0680000",2112.21767594565,2.25148360073921,0.393516725410074,5.72144322047048,1.05622957446868e-08,2.08889417142754e-07
"Os02g0139000",3646.82784913175,2.4929037471327,0.435729078225886,5.72122420032834,1.05759227465393e-08,2.09008008622264e-07
"Os01g0950300",3151.07144387995,2.24358074998306,0.392188232198878,5.72067330374498,1.06102740305215e-08,2.09535700050479e-07
"Os02g0316200",451.883730221892,1.15397825597379,0.20172644326973,5.72051059478996,1.06204405118834e-08,2.09585364597261e-07
"Os01g0522400",621.144418555862,3.66054246418457,0.640052375070602,5.7191295693275,1.0707112646417e-08,2.10991742804323e-07
"Os09g0484900",418.920690484282,2.10336022497267,0.367788960442147,5.71893246182284,1.07195388901588e-08,2.11084751790324e-07
"Os04g0639300",95.003033855899,5.27009558531828,0.921608875537439,5.71836461779408,1.07554158697959e-08,2.1163907765056e-07
"Os03g0195800",1109.75385656882,1.5485630193371,0.270824973819896,5.7179476378974,1.07818353782802e-08,2.11854557278675e-07
"Os02g0218700",700.895177306387,4.21394574682994,0.737174049790932,5.71635117653022,1.08835701054379e-08,2.13547183924104e-07
"Os04g0657900",148.006523019183,4.84068380873093,0.846852493336155,5.71608851225219,1.09003975532073e-08,2.13724258682822e-07
"Os06g0605900",7172.83842411159,1.0699272557037,0.187210361490747,5.71510704420377,1.09634988268899e-08,2.1480772272342e-07
"Os08g0334900",852.942623144622,2.4892004906901,0.435636689758439,5.71393674869387,1.10392044415643e-08,2.15982034899206e-07
"Os01g0803200",22331.4732496388,1.68660543407491,0.295191993001778,5.71358801749325,1.1061861705569e-08,2.1627084509439e-07
"Os12g0446500",2137.60778684441,1.40834106166467,0.246610233073013,5.71079733438192,1.12448090860126e-08,2.19377895779894e-07
"Os10g0206800",2711.31108198735,2.04622479015817,0.358406300376813,5.70923219822545,1.13486973789548e-08,2.20932601213184e-07
"Os01g0277600",1563.3245216507,1.87150893087217,0.3279619502466,5.70648189360061,1.15335169554995e-08,2.24211897039097e-07
"Os03g0654500",1307.76535414994,0.955643636107568,0.167492692044022,5.7055840732227,1.1594480989582e-08,2.25237183535915e-07
"Os08g0122000",3946.70975696986,0.89206498068542,0.156357734943533,5.70528206364451,1.16150584188552e-08,2.25477012863828e-07
"Os01g0601651",39.1977094911996,8.56161201802199,1.50180727720791,5.70087264055569,1.191956668806e-08,2.30734170425903e-07
"Os03g0802500",3142.03526061505,1.4322952887033,0.251276206305036,5.70008322620315,1.19748951264696e-08,2.31641491814357e-07
"Os02g0182100",4635.29285097424,0.999739438171639,0.175446970878042,5.69824279762905,1.21048578768961e-08,2.33825220103004e-07
"Os12g0586000",3273.99743866424,0.634998697653755,0.111450023880042,5.69760934584658,1.21499056186781e-08,2.34529996336301e-07
"Os05g0117500",588.068245072517,1.30524635344036,0.229117950396712,5.6968314843091,1.22054458865761e-08,2.35436174844511e-07
"Os08g0103600",2953.81057083478,1.588253061147,0.27880520032216,5.69664073450484,1.22191032763002e-08,2.35533749360407e-07
"Os03g0358000",3426.20817913436,1.17721501424944,0.206672675381504,5.69603607286925,1.2262494322077e-08,2.36132642203469e-07
"Os04g0622600",335.426744972394,2.84298762444014,0.499133355185236,5.69584780280825,1.22760352852302e-08,2.36132642203469e-07
"Os02g0506600",979.402319795486,1.93284242774926,0.339398659899777,5.6949029448732,1.23442121058296e-08,2.37111019488625e-07
"Os09g0514900",1415.38421119185,0.693934115538439,0.121850562191771,5.69496031086266,1.23400623574697e-08,2.37111019488625e-07
"Os04g0405900",880.739938944632,1.42601399125149,0.250424957767416,5.69437648693111,1.23823584630551e-08,2.37510630715366e-07
"Os10g0124400",485.256498822658,1.524644440783,0.267764240917197,5.69398077786825,1.24111063283252e-08,2.37895460769179e-07
"Os03g0407900",968.577440522078,2.87578574695326,0.505157776182442,5.69284663632427,1.24938603293421e-08,2.39314215581125e-07
"Os02g0717600",1387.17783980791,0.940381168146852,0.165249898596687,5.69066109046137,1.26548459957291e-08,2.4205927840015e-07
"Os08g0559900",1278.98794078955,0.95695479861622,0.168242448249025,5.68795098131107,1.28572713929359e-08,2.45759609716613e-07
"Os10g0566400",117.269024070542,2.69557703659432,0.473954420741259,5.68741828038752,1.28974285825665e-08,2.46355276363374e-07
"Os05g0232500",2483.57187293885,1.32572346148887,0.233240316830329,5.68393783504104,1.31628139712922e-08,2.50725060839822e-07
"Os12g0133100",3860.74857380808,1.76248221037206,0.310173952633788,5.68223796810226,1.32943504451168e-08,2.5304456401854e-07
"Os02g0682700",86.9256561366833,2.40841620399392,0.423858291603928,5.68212596450621,1.33030620344893e-08,2.5304456401854e-07
"Os01g0533100",225.015886160435,2.70169419523764,0.475641297964989,5.68010853304102,1.34609298924896e-08,2.5551512867996e-07
"Os01g0966000",5060.63405829181,0.848381741713833,0.149385243280228,5.67915359700137,1.35362886573046e-08,2.56767647238387e-07
"Os02g0211800",405.370355876638,1.19652592641907,0.210703023815956,5.67873163255696,1.35697183959264e-08,2.57223637773578e-07
"Os01g0310800",2112.45401072398,1.60307596828185,0.28244842081597,5.67564146278706,1.38169905065913e-08,2.61187844697061e-07
"Os10g0525800",3434.61270958077,0.840146956893639,0.148024129951929,5.67574325325526,1.38087760646755e-08,2.61187844697061e-07
"Os03g0719900",4093.98795125973,0.996769879529214,0.175712125664733,5.67274384598304,1.40528279729649e-08,2.64732469743797e-07
"Os11g0488900",189.793872655626,3.24843294099848,0.572695861116453,5.67217813424697,1.40993254208599e-08,2.6542585745895e-07
"Os05g0319900",34.5164059329796,6.2591011491139,1.10367534595314,5.67114339562284,1.41847605031637e-08,2.66850806965767e-07
"Os03g0648400",84083.0816617038,1.67769501716592,0.295851195374139,5.67073935612893,1.42182571052473e-08,2.67114046892887e-07
"Os10g0400100",4458.08592961625,1.40683310252838,0.2481822998273,5.66854728764837,1.44013326043152e-08,2.70367992710622e-07
"Os03g0592500",17543.8460282648,4.33703202466366,0.765443304907808,5.66603953141379,1.46135823795859e-08,2.73789763994006e-07
"Os01g0869000",2802.84944166263,1.06680017757889,0.188327030735299,5.66461528870128,1.47354761612712e-08,2.75884776167723e-07
"Os03g0191000",5485.73287144832,1.25003904584181,0.220813200610166,5.66107027291671,1.50431804390949e-08,2.81069410236867e-07
"Os07g0148900",4742.22521484212,3.42991067653749,0.605971690961693,5.66018302124664,1.51211642988087e-08,2.81949497146813e-07
"Os06g0355500",2843.07522327676,0.714071172732078,0.126203913401047,5.65807472596293,1.53080486765724e-08,2.85046064785856e-07
"Os06g0199000",254.075465579831,2.70850203106138,0.478932042634523,5.65529509398112,1.55578737374623e-08,2.89304629696423e-07
"Os01g0949900",3655.29510428669,2.34294425446107,0.414388627148162,5.65397817644103,1.56776125481898e-08,2.91333436436545e-07
"Os05g0395400",260.727202662823,1.37477043043215,0.243301544686541,5.65047966383998,1.60000735780344e-08,2.97124078220976e-07
"Os03g0582200",4034.3167407243,2.46142560505617,0.435882588264498,5.64699226655631,1.6327917234833e-08,3.02596739498857e-07
"Os01g0178300",601.351273980903,2.42027588589968,0.428665565207577,5.64607022896202,1.64156810011177e-08,3.037541263321e-07
"Os07g0182100",5193.24028911905,0.927275936886537,0.164260576980586,5.64515207441486,1.65035303480034e-08,3.04744573174648e-07
"Os12g0614900",1167.6313692633,1.5175542073833,0.268827819559772,5.64507873429326,1.65105672151866e-08,3.04744573174648e-07
"Os08g0545200",3596.29578200472,0.97229165312984,0.172260193107109,5.64431999983468,1.65835377941918e-08,3.05885308902833e-07
"Os03g0622500",5751.13717360413,2.87867817231437,0.510044828833884,5.64397090133408,1.66172171326554e-08,3.06300265464714e-07
"Os05g0508900",495.766411347649,4.4005754293296,0.780055559862086,5.64136153341131,1.68710688305603e-08,3.10561455872229e-07
"Os01g0730500",54.7450305156804,8.34905755418514,1.48055986663744,5.63912189052309,1.7091952033342e-08,3.14205139694813e-07
"Os03g0571900",1296.11891365793,1.99692093043772,0.354296528196619,5.63629833067266,1.73744285758693e-08,3.18542820027869e-07
"Os05g0471000",1386.34059261117,1.10927542326656,0.197062672438873,5.6290489189963,1.81206004762954e-08,3.30453640243813e-07
"Os02g0643000",1695.7018347226,1.35035332694045,0.240031249024416,5.62573970026333,1.84714709900373e-08,3.35957544414417e-07
"Os11g0454200",25.3087418036587,8.08563917514518,1.43863177241338,5.62036744231022,1.90551749096379e-08,3.44970453370714e-07
"Os07g0106200",8108.75450612552,1.16310267331925,0.2069636358638,5.61984074383322,1.9113356139122e-08,3.45339009239242e-07
"Os10g0178500",321.555101816946,3.0990873330009,0.551805714951343,5.61626537933587,1.95128897083397e-08,3.51861462805222e-07
"Os08g0560900",6333.58018849419,3.36931758847604,0.599941943546866,5.61607272956543,1.95346462767521e-08,3.52022036951655e-07
"Os07g0675000",11190.8015394779,1.04792703200296,0.186646044258642,5.61451509012864,1.97114227758216e-08,3.54974083663727e-07
"Os08g0245900",852.875623032369,1.81170088245344,0.323122629500651,5.60685237444749,2.06039254678031e-08,3.70073522943341e-07
"Os08g0398300",5453.61056245129,1.46801009517729,0.261843854577046,5.60643325980881,2.06538564687742e-08,3.70727249368409e-07
"Os01g0791033",42.9050762793491,6.2661631133195,1.11771751567557,5.6062135785106,2.06800749873762e-08,3.70954770123918e-07
"Os03g0764300",3312.4785613331,0.978970980879706,0.17477088831207,5.60145336751771,2.125619753014e-08,3.80044717067927e-07
"Os01g0359600",687.729409829555,2.25959247307848,0.403593312711522,5.59868660334711,2.15981838429059e-08,3.8515355054755e-07
"Os09g0250700",1007.3058287675,1.14900556746967,0.205253453973843,5.59798407882624,2.16858662117175e-08,3.8621427919711e-07
"Os02g0766700",2374.72087357479,0.735896226439401,0.131472571088142,5.59733654212969,2.17669914997675e-08,3.87155626084502e-07
"Os06g0245700",3251.83028252445,0.742854871000592,0.132740150853233,5.59630877489319,2.18963584059689e-08,3.89203863139451e-07
"Os04g0544000",362.12561133228,2.25364391264898,0.402994979967585,5.59223817832731,2.24161027789191e-08,3.97668051306588e-07
"Os03g0616400",1440.10047142405,1.02263444231246,0.182879213629816,5.59185717181872,2.24653590773402e-08,3.9828391617309e-07
"Os12g0193800",320.761077943486,1.94183744769432,0.347298611372874,5.59126176755565,2.25425430331719e-08,3.99106934186375e-07
"Os07g0231800",1241.93238499483,3.70882144764911,0.663451486507077,5.59019238494019,2.26818169742103e-08,4.00307763363785e-07
"Os02g0669366",559.136317813942,1.88452772633807,0.337242922854402,5.58804232387607,2.29643682811594e-08,4.05033491042651e-07
"Os03g0293100",1053.52956944716,3.69668399846992,0.661709031068367,5.58657026714811,2.31597864953804e-08,4.08217317821727e-07
"Os06g0495100",119.375653868699,2.9534196095603,0.528945871229461,5.58359516578792,2.35596763931787e-08,4.14732066893032e-07
"Os06g0677300",2164.78888699982,1.25742249562932,0.225217965905115,5.58313583277399,2.36220105655659e-08,4.1556229377098e-07
"Os02g0749800",75.6989325462984,5.68975549164963,1.01919889801355,5.58257618089968,2.36981749486546e-08,4.16634602065853e-07
"Os08g0105800",42.8089682176205,5.26006458928833,0.942529343630973,5.58079663496163,2.39419449408557e-08,4.20380649919858e-07
"Os04g0637000",6103.00444006969,1.78225234283975,0.319386936535294,5.58022930484762,2.40201706575822e-08,4.2148398109022e-07
"Os01g0589000",535.561918598562,1.25604906802893,0.225095052133258,5.58008297439315,2.40403874872985e-08,4.21568664317921e-07
"Os02g0562300",8203.42746838025,0.445027443121354,0.0797726829752094,5.57869469251339,2.42330141549878e-08,4.24403127058357e-07
"Os01g0588900",1726.17940506697,1.32360618356431,0.237284215977452,5.5781467726875,2.43094506006778e-08,4.25469751695314e-07
"Os09g0441250",31.9413930748137,18.6173919205362,3.33983388705769,5.57434667415082,2.48460521519496e-08,4.34306454686695e-07
"Os12g0117400",829.841347909747,1.91150279335739,0.342968256395802,5.57341024339996,2.49800381552967e-08,4.36091921677331e-07
"Os06g0308800",2500.40731631215,0.985792821087678,0.176945688729748,5.57116044004494,2.53048160902664e-08,4.41199374620297e-07
"Os03g0169600",1009.53615279923,2.34625961573557,0.421179015220066,5.57069448132322,2.53725915474612e-08,4.42099653356558e-07
"Os03g0190400",66.692899049233,9.9002049802615,1.77757354254539,5.56950513905879,2.55463855564664e-08,4.44562291472154e-07
"Os07g0179400",789.233808665757,1.01343928783444,0.182008361963164,5.5680919101923,2.57543975086489e-08,4.47897588672636e-07
"Os02g0562600",5181.54532702503,1.88659406326087,0.338884165164376,5.56707647389125,2.59048725569988e-08,4.50228657492864e-07
"Os10g0578800",724.963331086861,3.48720052698542,0.626878551304305,5.56280083236191,2.65478826118656e-08,4.59945004820753e-07
"Os03g0824200",1586.16067658451,1.01153431459259,0.181903016710897,5.56084408539661,2.68472968752027e-08,4.64544730706682e-07
"Os04g0105400",880.120558382034,0.91740388930287,0.164973567472712,5.56091441409011,2.68364788897377e-08,4.64544730706682e-07
"Os04g0469000",304.598457859741,3.01525009422439,0.542582518695364,5.55721939120807,2.74106146179644e-08,4.73096499685359e-07
"Os11g0297900",508.628798174281,1.15944008614986,0.208670189707972,5.55632832735937,2.75508424423018e-08,4.75217333335698e-07
"Os05g0128400",3150.11288519438,0.798777487239587,0.143837583812657,5.55332942939284,2.80279150109091e-08,4.82231545266213e-07
"Os05g0149400",1456.92794195554,2.04908392424044,0.369088049370885,5.55174822845965,2.82826741410724e-08,4.85699515610103e-07
"Os01g0107000",1358.8481722243,0.81915221106388,0.147566679703901,5.55106486577827,2.83934698660924e-08,4.87296699938683e-07
"Os01g0150700",325.234954593951,2.06105875913194,0.37130515752358,5.55084872205432,2.84286015069892e-08,4.87594128915429e-07
"Os12g0116600",1117.1528028115,0.940832891875782,0.169515417031146,5.55013171281594,2.85454452768546e-08,4.88985798360428e-07
"Os08g0323400",222.270263741721,4.15905692721574,0.749540275047082,5.54881047179818,2.87619762086603e-08,4.91772341030846e-07
"Os05g0565400",1511.11666901383,2.44258881194364,0.440231045467499,5.54842471264098,2.88254961585048e-08,4.92550945276111e-07
"Os05g0100600",1849.66441142525,1.32657802622364,0.23916242957881,5.54676597223016,2.91001823658182e-08,4.96315750424736e-07
"Os03g0840500",465.735345454355,1.71513734543522,0.309378310202591,5.54381897138195,2.95944805479106e-08,5.03492184278149e-07
"Os02g0265900",5835.99909577414,1.26934574307441,0.229007080922084,5.54282312129151,2.97633478238681e-08,5.05827966385857e-07
"Os05g0119000",1571.6412111566,1.25939492876305,0.227213112000142,5.54279160069894,2.97687080359973e-08,5.05827966385857e-07
"Os12g0273300",276.370442783898,1.41230486112533,0.254830279065427,5.54213913003143,2.98798740553255e-08,5.07087751083903e-07
"Os03g0103700",584.358233947671,2.93353079801181,0.529528158230888,5.53989575891962,3.02651744392513e-08,5.12673712470954e-07
"Os09g0417600",315.262453822874,1.72950366211147,0.312255739309376,5.53874098819339,3.04653818595543e-08,5.15427593894411e-07
"Os09g0258000",7631.97209403094,0.939611138052976,0.169668348765979,5.53792822813974,3.06070632539165e-08,5.17185730776081e-07
"Os11g0629550",492.371259760569,2.18458617824249,0.394602061633243,5.53617527795107,3.09148193010437e-08,5.21742338555076e-07
"Os06g0689700",167.000975084958,1.65794588360415,0.299515387552556,5.53542806982906,3.10469132713318e-08,5.23649015649661e-07
"Os09g0414600",31.1316834804418,7.93295132406117,1.43339002746025,5.53439829501057,3.12298579821985e-08,5.25539963179449e-07
"Os04g0490800",1109.9845149108,3.21781655257893,0.58165673212425,5.53215732727315,3.16315986647419e-08,5.31873001243674e-07
"Os11g0226933",1720.10243328185,1.17475522577186,0.212365875075803,5.53175139533383,3.17049048794032e-08,5.32426566998836e-07
"Os01g0603300",3019.29063749202,0.930165629092229,0.168197326036954,5.53020461744953,3.19857469720737e-08,5.36510468654054e-07
"Os01g0866400",1844.4788303004,4.6224194001907,0.836347031741948,5.52691553237547,3.25909772394935e-08,5.45659815138733e-07
"Os01g0684900",1941.99245400758,1.61960194694962,0.293102156916171,5.52572510550592,3.28127559425198e-08,5.48702196594359e-07
"Os01g0930800",1215.14569634218,5.10275718971478,0.924022308624995,5.52233116244565,3.34531204951004e-08,5.58387826618705e-07
"Os08g0178800",716.570076385864,1.61472759539269,0.292536324282018,5.51975075011888,3.3948084600686e-08,5.65615562832963e-07
"Os08g0487100",191.898117025629,3.86182962411568,0.699729951674689,5.51902861221393,3.40878694911052e-08,5.6759929071785e-07
"Os03g0825800",1260.75478038283,1.32852894628254,0.240754862406368,5.51818116155065,3.42526233772283e-08,5.69996115993718e-07
"Os04g0409900",649.162591807988,1.21000966644609,0.21933340009678,5.51675971790974,3.45307036825525e-08,5.73926277044171e-07
"Os12g0226900",189.617573345589,5.20912329772309,0.944918028687533,5.51277797605198,3.53213696384525e-08,5.85646268624002e-07
"Os12g0169000",1099.95598238426,1.65083716108915,0.299608794981221,5.50997563737278,3.58883367255453e-08,5.94327346583683e-07
"Os01g0777700",729.272501205243,2.10303935567754,0.381824802307608,5.50786471430758,3.63212357517036e-08,6.00407343678282e-07
"Os06g0689600",3212.98673055022,1.36205580356635,0.247359057630924,5.50639146434099,3.66263596941068e-08,6.04721288957974e-07
"Os02g0819300",7294.44887765925,1.27841302001513,0.232192008727202,5.50584418052522,3.67403393939076e-08,6.06237732734049e-07
"Os03g0857900",1387.50156996829,2.66164701268285,0.483486719829004,5.50510883447677,3.68940275026679e-08,6.08041099473873e-07
"Os06g0275800",1301.44453251133,1.35109013652837,0.245424268642762,5.50512035341953,3.68916152314065e-08,6.08041099473873e-07
"Os05g0463400",736.804475223103,2.39255398282203,0.434642038140675,5.50465388266852,3.69894249260462e-08,6.09246745730206e-07
"Os02g0669500",306.43026726171,2.00693536379308,0.364667578526009,5.50346529819057,3.72397857832558e-08,6.13001786291563e-07
"Os09g0401300",3300.30011113136,0.667896162548393,0.12136386818322,5.5032537488018,3.72845180335863e-08,6.13369509584361e-07
"Os02g0681000",788.135153546406,1.47926706608469,0.268871569954513,5.50176080845938,3.7601686028901e-08,6.17474689459009e-07
"Os06g0624200",1128.89002667689,2.46890837347852,0.448745049346506,5.50180637552195,3.7591966929065e-08,6.17474689459009e-07
"Os03g0784600",1185.6248282651,2.3878617634005,0.434092827392342,5.50080907289975,3.78052416995339e-08,6.20445401672818e-07
"Os01g0867300",1820.97650141086,1.58402530237726,0.288236872845221,5.49556788741549,3.89455082940073e-08,6.36869503093226e-07
"Os06g0334100",915.169228932167,2.27162703714061,0.413447469368968,5.49435467728882,3.92141682219304e-08,6.40821504666454e-07
"Os07g0180300",442.66528605922,3.56600284982668,0.649040858979443,5.4942655774151,3.92339696734564e-08,6.40821504666454e-07
"Os12g0203000",387.679150927082,1.79668490498639,0.327047837159094,5.49364557978221,3.93720259472358e-08,6.42693183981368e-07
"Os06g0667000",25.9120775045975,8.45184753690114,1.53958456601481,5.48969359882493,4.02631583187815e-08,6.55676676284033e-07
"Os05g0549800",599.370157961586,1.95595489055383,0.356404614144825,5.48801786768963,4.06468958593425e-08,6.61532456615122e-07
"Os04g0633600",124.738468325039,7.01553131027036,1.27840786638591,5.48770974798791,4.07178393095143e-08,6.62293549006477e-07
"Os12g0636200",14713.6821578235,0.975736539492121,0.177831883939785,5.48684812799098,4.09168621050844e-08,6.65135768498734e-07
"Os08g0530300",404.757448611411,1.67267795917972,0.305037463141138,5.48351648992632,4.16953391853652e-08,6.76986980217154e-07
"Os10g0503800",1128.94229896466,1.59106104080378,0.290243231605437,5.48181961730191,4.2097334487292e-08,6.82300644344032e-07
"Os11g0429100",434.521606289828,1.90963843644616,0.348439336515656,5.4805477921703,4.24010957338095e-08,6.86411591752231e-07
"Os03g0150700",122.41949933213,2.53521273943453,0.462718024655608,5.47895825178076,4.2783728563663e-08,6.9178813995708e-07
"Os01g0892600",341.28405880821,5.30308054520236,0.9681248045122,5.47768275379988,4.30931843914992e-08,6.9597017315304e-07
"Os10g0577500",846.592657995794,1.01655855968238,0.185641470315657,5.47592387602763,4.35234776286003e-08,7.02505348099582e-07
"Os02g0225000",385.633624877966,2.02192348397917,0.369274184797921,5.47539895074342,4.36527008771782e-08,7.04176165916837e-07
"Os02g0578000",45.7074078305058,5.40445201966698,0.987204633686341,5.47450025582448,4.3874800764154e-08,7.06989802225128e-07
"Os11g0587600",8712.41941068194,1.29319363753981,0.236221999511455,5.47448434190864,4.38787435209637e-08,7.06989802225128e-07
"Os06g0574200",1863.18024433184,1.15325715633593,0.210669964590904,5.47423624708636,4.39402547647355e-08,7.07564678577818e-07
"Os11g0171300",36096.7434067053,4.79126046825324,0.87531829658417,5.47373508237013,4.40647658563942e-08,7.09152762381018e-07
"Os01g0106900",2931.44660791227,1.36873149058203,0.250120707670848,5.47228377581292,4.44272660993566e-08,7.13310226100514e-07
"Os03g0746700",1722.10942329133,0.986420877659687,0.180278483474562,5.4716506298927,4.45863144219066e-08,7.15025607921805e-07
"Os05g0529700",404.729369435327,1.91453360003797,0.349895300647105,5.47173281978119,4.45656369182154e-08,7.15025607921805e-07
"Os12g0631600",582.971704348727,1.27635014065497,0.233276784794645,5.47139802950623,4.46499223919022e-08,7.15626696452073e-07
"Os10g0396932",24.2625759282931,8.65996224548498,1.58292105310247,5.47087438663588,4.47820626261159e-08,7.17324840580083e-07
"Os02g0603800",5899.92928253798,0.899919284274497,0.164502534778275,5.47054965133183,4.48641993100263e-08,7.18220504559282e-07
"Os03g0187550",114.853016026757,4.03007516079027,0.736793463736888,5.46974879547714,4.50673879257727e-08,7.21051882403528e-07
"Os08g0373000",692.610157924722,1.94200661417844,0.355107911966664,5.46877878170382,4.53146892217351e-08,7.2441415933852e-07
"Os08g0547900",501.136518829741,2.13536010999409,0.390585547497282,5.46707404735438,4.57524959870714e-08,7.30732721622083e-07
"Os12g0281600",191.156274940665,1.95966309594261,0.358515706395956,5.46604531121518,4.60186750879582e-08,7.34127856339117e-07
"Os01g0100900",5815.61834643124,0.753290937031857,0.137848720764893,5.46462043936284,4.63898328063248e-08,7.38758087440722e-07
"Os02g0823000",5634.0012320742,1.2551032275964,0.229715413184742,5.46373101480576,4.66229838866387e-08,7.41178265605875e-07
"Os01g0755100",2012.29223497618,1.03355096311725,0.18925065073643,5.46128089438743,4.72711410606512e-08,7.50610912923071e-07
"Os03g0137200",7279.23215077933,1.25507539015688,0.229851570449696,5.46037335181729,4.7513433211869e-08,7.54021117674568e-07
"Os04g0275100",102.809689257953,2.18895142147999,0.400908395330978,5.45997900511128,4.7619089147967e-08,7.54386622817793e-07
"Os10g0331600",35.7414979483067,9.0062557869753,1.64945050496196,5.46015522131898,4.75718480375871e-08,7.54386622817793e-07
"Os04g0599100",2069.64162363896,0.968285775845413,0.177368262194475,5.45918285416664,4.78330935958507e-08,7.56882617393287e-07
"Os10g0518300",2660.8068652454,1.13306175881957,0.20766589628489,5.45617638278536,4.86496687964094e-08,7.67605459678831e-07
"Os05g0524300",2087.53585175158,1.91088616523157,0.350434777918329,5.45290104076632,4.95546492579794e-08,7.81434310780261e-07
"Os06g0649600",4793.6849799552,1.03729134076295,0.190241978427743,5.45248398558328,4.96710466510092e-08,7.82241235001844e-07
"Os10g0577000",1321.1649552334,0.924397317100336,0.169539190723888,5.45241081518322,4.96914953416527e-08,7.82241235001844e-07
"Os10g0197000",217.402698149935,1.80859963165724,0.331719029111073,5.45220344007353,4.97494941246351e-08,7.82704419051051e-07
"Os01g0690600",70.4641075134182,2.38517987603245,0.437678084745232,5.44962144362525,5.04771455720432e-08,7.92786407318712e-07
"Os11g0158400",1736.26417726158,1.4985198671633,0.274993893941915,5.44928414839573,5.05729596908637e-08,7.93836068133208e-07
"Os09g0128400",2086.90545684531,1.70383572528123,0.31285070803087,5.44616227978332,5.14681835043879e-08,8.0558000821068e-07
"Os05g0318166",459.300892466533,1.70740640379665,0.313596952256888,5.44458864000057,5.19252421729211e-08,8.12269736355501e-07
"Os12g0590400",12630.4129973583,0.840868243577081,0.154447702990998,5.44435577411009,5.19932105921279e-08,8.12868739343022e-07
"Os01g0581300",963.958311018612,3.7771989940149,0.694293834936104,5.44034644116136,5.31770589651849e-08,8.28416103881124e-07
"Os09g0429500",27.251613466137,7.4792503989998,1.3758238582388,5.43619763112265,5.44295819247257e-08,8.45649846001226e-07
"Os01g0107900",4314.72644195666,1.03232990204917,0.189912303946683,5.43582422305293,5.4543705723555e-08,8.46462687520621e-07
"Os12g0156100",95.3321164279686,4.7259204421817,0.869646092797785,5.43430308181767,5.50110095549458e-08,8.52266155384344e-07
"Os03g0183300",11393.2637976185,0.977764577663709,0.179938309871099,5.43388774944116,5.51392750151555e-08,8.52909110629897e-07
"Os05g0137400",26079.6531045333,1.00495235781291,0.184943617779627,5.43383096901662,5.51568327936193e-08,8.52909110629897e-07
"Os08g0176900",5780.20397351039,1.36692608753821,0.251561476253934,5.43376556654642,5.51770634163111e-08,8.52909110629897e-07
"Os11g0435300",507.640044661429,1.8098938011021,0.333313269482373,5.43000824393466,5.63514487960646e-08,8.68611442866069e-07
"Os02g0110700",3614.991692357,1.84673382526412,0.340194253455993,5.42846860728354,5.68396408119519e-08,8.74659888472009e-07
"Os05g0380300",500.658485299023,2.26212561116088,0.416755579427277,5.42794319459284,5.70071760846846e-08,8.76745401535989e-07
"Os11g0533100",830.397146580882,1.82873986211991,0.336939217755516,5.42750670076893,5.71467221275906e-08,8.77869884432053e-07
"Os04g0442200",933.52270790389,1.27645048179867,0.235213337103949,5.4267776543409,5.73805350093864e-08,8.80016928579005e-07
"Os12g0614851",185.65592936139,2.53065757340783,0.466361394670861,5.42638735179585,5.75060898637352e-08,8.80955988510945e-07
"Os04g0650000",18499.009414537,0.747248361388337,0.1377213594698,5.4257986144277,5.76959822028127e-08,8.83370960602149e-07
"Os01g0808100",4124.59711153738,0.774462648469751,0.142742959172209,5.42557512441239,5.77682260382613e-08,8.83982949393305e-07
"Os03g0698800",4563.0928567185,0.744233068527926,0.137175963661785,5.42538975970218,5.78282122464586e-08,8.84406790420295e-07
"Os01g0259200",5401.94867196031,1.66051147534798,0.306139860498068,5.42402898023945,5.82704282565144e-08,8.90672600655238e-07
"Os07g0241700",638.307408439706,1.33940239841139,0.247180990559464,5.4187111855965,6.00302007696287e-08,9.11972950238991e-07
"Os04g0509100",614.915887413781,1.53750360061335,0.283922170439116,5.41522910393168,6.12102793672441e-08,9.29385123142008e-07
"Os10g0122000",360.623960576928,1.93875696442119,0.358293119580027,5.41109180855524,6.26416444783051e-08,9.48599357690336e-07
"Os08g0425200",130.522323874603,9.08520837098268,1.67958806418944,5.40918845798487,6.33109806360784e-08,9.58094514145207e-07
"Os02g0786200",2663.84071817171,1.08863651314447,0.201366062402966,5.40625614938992,6.4355742623538e-08,9.71757522712972e-07
"Os05g0482400",518.96008029035,1.72484456747453,0.319054344416513,5.40611528305287,6.44063505749299e-08,9.71985866996091e-07
"Os05g0379500",546.363201183005,1.72377595333155,0.318864709035621,5.40597910174806,6.44553120235409e-08,9.72189125350666e-07
"Os10g0467000",494.964898291588,1.81158129379247,0.33523235088829,5.40395725231229,6.51864860131665e-08,9.82135884701125e-07
"Os12g0620400",10960.0380031927,0.857163331646005,0.158678682457378,5.40188082212142,6.5945759966702e-08,9.92483687498865e-07
"Os07g0416600",137.967973920985,2.21176123844533,0.409473535386057,5.40147542468171,6.60949952349778e-08,9.94183423658032e-07
"Os10g0473900",1427.42457424876,1.90235328295523,0.352230808670421,5.40087134948845,6.63179750690795e-08,9.96989931458374e-07
"Os11g0671950",80.2148269379754,4.0856942924477,0.756511203595032,5.40070559832027,6.63792854297504e-08,9.97364238730825e-07
"Os01g0117700",36.5000346867721,7.46114156555566,1.38160258735209,5.40035291903679,6.65099221460616e-08,9.98779209157222e-07
"Os03g0106200",2066.75515365584,1.13165623711664,0.209675784396363,5.39717183066499,6.76995456531388e-08,1.0133105218498e-06
"Os06g0692100",1651.20938576673,0.852583806907992,0.158008131863142,5.39582233429894,6.82104169525755e-08,1.0198425386179e-06
"Os07g0686800",492.451783031617,1.98986787730546,0.368833044747207,5.39503687547651,6.85094809687764e-08,1.02263934235191e-06
"Os08g0457400",562.222331386015,1.56334436251872,0.289810819299891,5.39436162630284,6.87675975903509e-08,1.02530398320564e-06
"Os11g0307950",319.314428433124,2.2834155863314,0.423303418018756,5.39427627827523,6.8800289187396e-08,1.02530398320564e-06
"Os01g0559600",10049.2441887342,0.897014324455502,0.16631948001955,5.39332088069336,6.91672724663918e-08,1.02965258702551e-06
"Os12g0566700",1294.31259950717,1.15848055525486,0.214855664610823,5.39190138343927,6.97160275308903e-08,1.03725785448051e-06
"Os12g0169400",1079.83104231155,0.680728961259225,0.126266667582905,5.39120081562513,6.99884078493108e-08,1.04021650821288e-06
"Os01g0638000",3973.47680099042,1.57168411479007,0.291795017370363,5.38626097509813,7.1938487914098e-08,1.06684738627778e-06
"Os02g0798600",2844.91608814177,0.674150059507998,0.125188689396105,5.38507162875507,7.24158041510292e-08,1.07291790143252e-06
"Os06g0158500",1928.30367056098,1.38908932778741,0.258023621681013,5.38357425857972,7.30211020134174e-08,1.0805090310382e-06
"Os12g0528400",7000.03207124088,1.00679680919709,0.187093158263589,5.38125936053016,7.39665331202494e-08,1.09219261924353e-06
"Os08g0235400",318.940176164841,1.52807427117389,0.283999896797415,5.38054516359175,7.4260604924869e-08,1.09593625186986e-06
"Os09g0346500",19781.1484269544,2.90513552656149,0.539982612228211,5.38005384020347,7.44635652798486e-08,1.09775646748134e-06
"Os09g0376800",6960.19616834873,2.20367883417953,0.410217557978319,5.37197589747243,7.78785204224192e-08,1.14073291598422e-06
"Os06g0690700",1946.44630835595,1.39850407352879,0.260340084891671,5.37183535954795,7.79392549017253e-08,1.14101236291457e-06
"Os01g0720500",67280.9617751782,4.9603324522137,0.923563873961833,5.37086019934415,7.83619425956268e-08,1.14658759061796e-06
"Os03g0760000",41.413353491973,6.95927528691059,1.29603875025078,5.36965062623628,7.88893229778517e-08,1.15368790479783e-06
"Os04g0599000",1456.67854303881,0.880662741479537,0.164018495341185,5.3692892356293,7.90475569975146e-08,1.15507601111909e-06
"Os04g0549600",31364.0618389171,2.73024256954893,0.508543664000897,5.36874758810114,7.9285291773306e-08,1.1561903753469e-06
"Os05g0429500",413.598922432921,2.66596915077152,0.496592758811911,5.36852200009884,7.93845088183924e-08,1.15660695800244e-06
"Os08g0143600",24.2515276624728,5.3451556964715,0.995686627826885,5.36831122070752,7.94773214598537e-08,1.15734360026946e-06
"Os03g0187600",1938.61997303445,1.00616194022618,0.187453516989843,5.36752767503796,7.98232629533041e-08,1.16176354705311e-06
"Os05g0533400",230.421576301504,4.51638888529015,0.841498199038504,5.36708086891996,8.00211836883834e-08,1.16402561997266e-06
"Os08g0180300",3642.91693678008,0.871492182337593,0.162399308257913,5.36635402999094,8.03441656978597e-08,1.16810352581214e-06
"Os05g0142600",177.058304519456,5.21516756165448,0.972223576071185,5.36416487936786,8.1324593637953e-08,1.18173047444943e-06
"Os02g0743800",230.43009855549,2.11142253811805,0.393841254600389,5.36110047755258,8.27164910043827e-08,1.19941101381739e-06
"Os06g0125000",307.906328523072,1.73291104890069,0.323254208428422,5.36083059003518,8.28401773428221e-08,1.20056894052764e-06
"Os12g0609025",52.3819209421275,5.26817563130284,0.982818608672388,5.36027257198478,8.30964787821312e-08,1.2036465628352e-06
"Os04g0657500",126.781801406701,6.15378688986149,1.14830807681572,5.35900340170561,8.36822797189509e-08,1.21149118593118e-06
"Os01g0337500",464.0822448574,2.13242953447015,0.398028526237827,5.3574791601645,8.4391098071032e-08,1.21917540467491e-06
"Os11g0704800",1380.39242284624,0.954785892366059,0.178242382634829,5.3566715068108,8.47690340610039e-08,1.2233448956612e-06
"Os09g0482720",588.551442960532,1.53505833518183,0.286646511023381,5.35523118596974,8.54470937765368e-08,1.23183228717533e-06
"Os03g0859800",2216.95243527514,1.3621147065574,0.254418859213059,5.35382758483607,8.61129178346129e-08,1.23882296870162e-06
"Os05g0399400",560.695660160832,6.18662456856805,1.1559952222869,5.351773475611,8.70963856123732e-08,1.251656399952e-06
"Os01g0254100",10891.8511539966,1.14953000586321,0.214798938103409,5.35165590674288,8.71530031294817e-08,1.25181327148381e-06
"Os02g0161000",880.789688441016,0.821441845672213,0.153521086193319,5.35067765634375,8.76254819938238e-08,1.25794003002769e-06
"Os12g0114200",2015.02900175525,1.25474573721542,0.234543236575024,5.34974171729768,8.80798460305615e-08,1.26380045187172e-06
"Os07g0416700",45.0104135267678,9.52368140261988,1.7802942466909,5.3494985002181,8.81982918925722e-08,1.26483738912536e-06
"Os03g0139200",2497.50390955582,0.881384344293057,0.164772576062998,5.34909610174496,8.83945972531269e-08,1.26571046651571e-06
"Os12g0478200",262.47229943644,3.49498057498978,0.653457975010018,5.34843969872155,8.87157239183321e-08,1.26959895185321e-06
"Os07g0597200",923.240959210931,1.25200180957162,0.234147481062141,5.34706503735289,8.93919019391992e-08,1.27794028497735e-06
"Os02g0610700",446.251613725833,1.69898405899281,0.317970924257589,5.34320571278541,9.13170298490473e-08,1.30138645400377e-06
"Os02g0698000",3844.53780808922,4.51013248769781,0.844165465915748,5.34271143490244,9.15664688000824e-08,1.30358479568766e-06
"Os06g0129100",2147.12124719985,1.74513831560143,0.326654947158983,5.34245181583633,9.16977505133395e-08,1.30477562821345e-06
"Os06g0134300",536.241224569609,1.60379838850362,0.300228254224378,5.34193023453753,9.196204982022e-08,1.30717825979535e-06
"Os12g0567500",271.550957744806,3.55280241634219,0.665295944949085,5.34018348272676,9.28525575254091e-08,1.3184678088017e-06
"Os01g0191900",1997.73536467609,1.04975442218499,0.196588667159591,5.3398521763861,9.30223993514727e-08,1.31995815360036e-06
"Os11g0676200",321.304867593078,1.89945564778949,0.355717240016258,5.33979080604212,9.305389341763e-08,1.31995815360036e-06
"Os04g0149400",538.280873659638,2.78953802957032,0.522459886187706,5.33923867327896,9.33377017878218e-08,1.32261406604771e-06
"Os01g0182100",604.335808235045,2.0596132182387,0.385932697686784,5.33671604034506,9.46450862343477e-08,1.33906175467201e-06
"Os11g0492100",93.9510214722379,2.80889144724268,0.526475162115531,5.33527818474044,9.53981855395909e-08,1.34693386603863e-06
"Os09g0520200",4181.72800670315,0.677684374703535,0.127110849857182,5.33144397559267,9.74348817792509e-08,1.37215364874831e-06
"Os02g0719800",6611.77898160623,0.914056757479368,0.171454774593467,5.33118287109048,9.75750984105342e-08,1.37342215856266e-06
"Os06g0666400",462.025372060516,1.5735394394398,0.295255334368464,5.32941917139453,9.85273575959702e-08,1.38611343190099e-06
"Os01g0763750",1245.09572001469,1.1619571543188,0.218201134957254,5.32516549259209,1.00861167912994e-07,1.41531160363976e-06
"Os06g0238200",140.311744642167,2.05697689416225,0.386443516330448,5.32283970939579,1.02159759602817e-07,1.42987121884556e-06
"Os06g0271600",1290.26384563324,3.04432281944515,0.57201227489196,5.32212848058226,1.02560092125296e-07,1.4346779399767e-06
"Os08g0364900",369.268605260431,2.11969233820451,0.398322105771361,5.32155335466424,1.02884925776981e-07,1.43676771391874e-06
"Os11g0668300",2917.62676268186,2.2113390272957,0.415548016745624,5.32150061649642,1.02914762320053e-07,1.43676771391874e-06
"Os02g0155700",38.40244424397,7.22396037166835,1.3575949343187,5.32114564444339,1.03115805252961e-07,1.43884107064893e-06
"Os06g0479200",3256.99010314055,0.942471158709242,0.177171454308356,5.31954293872267,1.04028260456969e-07,1.45009571612052e-06
"Os09g0380000",7098.57508368936,1.13413869446422,0.213264956728285,5.31797962432802,1.04925815688421e-07,1.4611199885722e-06
"Os06g0166500",2095.54028913416,1.712569667618,0.322046510367661,5.3177712301955,1.05046026970591e-07,1.46205067314607e-06
"Os12g0420400",4569.66741576092,4.24993018742075,0.79956254654957,5.31531924020315,1.06470496313359e-07,1.47962118950747e-06
"Os11g0118300",1223.49873491705,2.048853114759,0.385844284944182,5.31005173513299,1.09594120617225e-07,1.51840797057482e-06
"Os06g0267600",3796.02765656989,1.56508585005808,0.29476099168001,5.30967765150258,1.09819293216576e-07,1.52075847345563e-06
"Os02g0631200",4132.78276147869,1.31346732202505,0.247402103427844,5.30903862104038,1.10204981652709e-07,1.52439263162515e-06
"Os10g0495300",6824.45739696912,0.985296593905471,0.185593331213323,5.30890085039187,1.10288305078754e-07,1.52439263162515e-06
"Os02g0556000",335.753475729875,1.85060280535085,0.348602360493047,5.30863532516945,1.10449066243711e-07,1.5256229820885e-06
"Os03g0293850",3901.33267400755,2.08379771309965,0.392618022191534,5.30744284602169,1.11173848363176e-07,1.53486032284061e-06
"Os09g0547500",76.2655794059875,4.72209069661644,0.889728582004897,5.30733843120536,1.1123752980013e-07,1.53496583312613e-06
"Os02g0227700",35.4278017335233,8.53753775564979,1.6087224227033,5.30702974929839,1.11425997973042e-07,1.53679230134924e-06
"Os11g0635300",25.9144857615079,8.75516702741867,1.64979922988876,5.30680756106852,1.11561847976285e-07,1.53789158425688e-06
"Os01g0275950",287.002285076584,2.57780974546057,0.485791294936778,5.30641403485019,1.1180285064194e-07,1.5404385724011e-06
"Os07g0539300",3626.18133247691,1.44203814581712,0.271792478823119,5.30565875870167,1.12266807778926e-07,1.54605335941305e-06
"Os02g0174200",5181.89554281381,0.700944960924516,0.132115925951132,5.3055296390519,1.12346310704027e-07,1.54637075200704e-06
"Os03g0341300",140.730356771359,1.88727272001162,0.355846955045982,5.30360789448866,1.13536047235914e-07,1.56117764550147e-06
"Os03g0185700",1382.46832587056,1.55102610641963,0.292591060485984,5.30100305813661,1.15168159496723e-07,1.58123862494974e-06
"Os12g0632800",2062.72683030236,1.59942451788921,0.301778424158978,5.29999625502262,1.15805056149079e-07,1.58838646250623e-06
"Os10g0423000",6971.62506442033,0.856616356405551,0.16164054719149,5.29951408411621,1.16111279783925e-07,1.59020203228074e-06
"Os08g0140500",374.699609739055,3.83917095423752,0.724467808328709,5.299298202213,1.16248638797684e-07,1.59128758885925e-06
"Os01g0940800",1043.97830832638,5.83521575515033,1.10137427683762,5.29812242565261,1.16999513938134e-07,1.59996689280051e-06
"Os01g0734800",1928.18798495951,2.14266748095472,0.404444677658624,5.29780115628882,1.17205498178586e-07,1.60198393243995e-06
"Os04g0339400",20082.7125714082,3.13990060369104,0.592840802782286,5.2963638618581,1.18131334757311e-07,1.61302860934073e-06
"Os02g0241100",1150.52333107685,1.75952540321943,0.332275064619216,5.29538804013425,1.18763941610373e-07,1.61961575292424e-06
"Os02g0827900",1150.0183072587,0.889791052694673,0.16803264956049,5.29534620219363,1.18791137513227e-07,1.61961575292424e-06
"Os03g0755100",5206.02287972512,0.659958054735586,0.124744477391362,5.29047913411906,1.21996340204648e-07,1.65885066765615e-06
"Os02g0324300",7291.06142096766,1.26149182651575,0.238558844241512,5.28796922422476,1.2368178066615e-07,1.67633683741703e-06
"Os03g0599000",2983.57771927057,0.964917075453149,0.182474237207229,5.28796333236527,1.23685763514286e-07,1.67633683741703e-06
"Os06g0329900",334.893411909167,2.04100244517445,0.386098784928214,5.28621825513885,1.2487089876674e-07,1.6907260445476e-06
"Os03g0342900",7238.88723822331,0.938748255153988,0.177601603921953,5.28569694430532,1.25227063055858e-07,1.69387381933975e-06
"Os01g0781200",1695.3056921228,1.96857473928972,0.372538866559158,5.28421304727709,1.26246263841565e-07,1.70437484172072e-06
"Os04g0623650",85.2754027904269,3.59405601818442,0.680138944753409,5.28429675422789,1.26188557544428e-07,1.70437484172072e-06
"Os01g0327900",545.346859958301,1.31571808650992,0.249014642583651,5.28369766877438,1.2660212084623e-07,1.70772649655103e-06
"Os03g0151300",2921.86196222845,0.710849592927644,0.134537934357042,5.28363688891763,1.26644151856405e-07,1.70772649655103e-06
"Os02g0181300",1209.30257476018,1.79896810269121,0.340668353706627,5.28070213484058,1.28689760035063e-07,1.73300944794514e-06
"Os05g0417300",1271.3572329011,0.890778768293935,0.168703437514954,5.28014592598313,1.29081040438765e-07,1.73742446125711e-06
"Os01g0681700",206.226013046658,4.88543242891067,0.925447036707027,5.27899732252022,1.29892702861451e-07,1.74749067980256e-06
"Os04g0672200",2976.29867961536,0.659105791230684,0.124876325222968,5.2780684413466,1.30552707129031e-07,1.75398910484604e-06
"Os07g0262800",42.6399174057059,9.40662988779639,1.78270683590131,5.27659943764142,1.31603115784927e-07,1.76616410801809e-06
"Os12g0137300",659.566957879779,1.52970711151393,0.290198804051608,5.2712385101418,1.35506241291369e-07,1.81410139550923e-06
"Os04g0620000",58666.5549611075,1.34713017773291,0.255577407882475,5.27092824398772,1.35735531805333e-07,1.81539646078119e-06
"Os01g0300400",87.436292123379,3.39499280961036,0.644128922192899,5.27067283060712,1.3592456704654e-07,1.81703748949331e-06
"Os03g0826600",8304.83159124506,0.859246475347526,0.163086471180252,5.26865575745913,1.37426406083091e-07,1.83442821102434e-06
"Os02g0555900",1439.45997299676,1.52905434122886,0.290342135257275,5.26638801451932,1.39134053364045e-07,1.8563180008254e-06
"Os07g0680600",187.620254353082,1.8814798606709,0.357399704746319,5.26435762448758,1.40680370774718e-07,1.87421013418789e-06
"Os11g0183900",5359.87778533044,2.32972284376428,0.442692152209929,5.26262512704202,1.4201294928034e-07,1.88920674780854e-06
"Os04g0652600",1311.2631853288,0.960696387005269,0.182694216383836,5.25849370615472,1.45240155694566e-07,1.92745789952996e-06
"Os01g0664000",831.350473792934,0.768472434763075,0.146265905459723,5.25394098062508,1.48878606152468e-07,1.97001637735375e-06
"Os01g0267300",499.203082867405,2.69823500261469,0.513591084685244,5.25366402002151,1.49102769318134e-07,1.97102094468522e-06
"Os07g0569000",1668.29275644086,1.10559616255649,0.210460188518057,5.25323183610866,1.49453217574574e-07,1.97380572930818e-06
"Os01g0187400",8270.66156857688,1.18454433278593,0.225510524860786,5.25272305368978,1.49866798800865e-07,1.97736102406286e-06
"Os01g0779400",9327.17267486988,1.07483622401325,0.204630973689265,5.25255881177304,1.50000544642416e-07,1.97817280611479e-06
"Os01g0885700",162.469461444762,4.45359722897314,0.847909945734649,5.25244131334542,1.50096297044862e-07,1.97848299920877e-06
"Os04g0422600",188.465390340828,3.1647235550029,0.60284994144966,5.24960415089826,1.52426400494532e-07,2.00630059391914e-06
"Os10g0130600",122.789164661755,2.32702752125683,0.443494186940345,5.24703049054811,1.54570325638161e-07,2.03099183029453e-06
"Os02g0207800",63.3155327891623,9.06514213452601,1.72817423303266,5.24550242750591,1.5585700769255e-07,2.0445782077139e-06
"Os04g0103900",119.438596706875,5.3860470869551,1.02684860844894,5.24522022296039,1.56095764077893e-07,2.04673004971641e-06
"Os08g0518100",4563.64822874146,1.2718046208518,0.242480541954889,5.24497599105665,1.56302679556553e-07,2.0484625338438e-06
"Os06g0710300",1193.6688543669,1.21022132661513,0.230746015945602,5.24482003147755,1.56434948661781e-07,2.04921553266133e-06
"Os03g0354500",81.5191645589974,2.18334642018132,0.4163265879273,5.24431175787068,1.56866766434839e-07,2.05290855203854e-06
"Os05g0591900",14791.5455243098,2.21034494292271,0.421589880103917,5.24287950739683,1.5808978355585e-07,2.06496769736685e-06
"Os10g0525600",476.263046600922,2.35204223116133,0.448634607479084,5.2426678458393,1.58271304295447e-07,2.06635333458369e-06
"Os09g0124100",86.7846434561163,9.98839816875811,1.90526098862296,5.24253539457463,1.58384996872649e-07,2.06685252469686e-06
"Os01g0743800",1494.20829440036,1.60943115581557,0.307056883034958,5.24147558559154,1.59297556685567e-07,2.07777113103541e-06
"Os10g0464000",7564.1882377276,4.75586123787111,0.907658935217952,5.23970078775141,1.60837163288271e-07,2.09286971003754e-06
"Os04g0623066",152.229455309955,1.68965364749753,0.322477672093796,5.23959887370457,1.60926007448157e-07,2.09303146724239e-06
"Os06g0694000",5441.88372031063,0.986755007556507,0.188360886633943,5.2386407029085,1.61763622127627e-07,2.10192949416405e-06
"Os11g0655500",432.98488886307,1.49523335043486,0.285494045523147,5.23735389189975,1.62895162942591e-07,2.11446235825483e-06
"Os10g0343900",1751.12526538792,1.18838152852683,0.226969015315156,5.23587559683739,1.64204530263743e-07,2.12759048649678e-06
"Os04g0111900",1247.3195962682,0.94463527688827,0.180476824519867,5.23410847570782,1.6578307532109e-07,2.14440514612974e-06
"Os04g0602100",1308.70716063226,3.7286752514749,0.712396974931017,5.23398523953019,1.65893706131537e-07,2.14440514612974e-06
"Os09g0436800",1281.26997430876,1.53929246093689,0.294114612632147,5.23364836300093,1.66196489216132e-07,2.14730567741465e-06
"Os02g0699400",2738.61923768813,0.991081618682769,0.18955977700732,5.22833290020432,1.71045325957872e-07,2.20268101707196e-06
"Os07g0300200",31.5372441721695,21.6730725959491,4.14525168087719,5.22840933782886,1.70974638937026e-07,2.20268101707196e-06
"Os01g0361800",461.959332114871,2.33567137712374,0.446800035361934,5.22755414562962,1.71767105014122e-07,2.20989796779794e-06
"Os01g0793500",2456.49973517746,0.850321531898,0.162693303875004,5.22653060479549,1.72720241069721e-07,2.21903382886526e-06
"Os12g0105800",6110.43697438938,1.01368172727915,0.193955651384041,5.22635829399998,1.7288120144903e-07,2.21927590107472e-06
"Os10g0481300",1293.8083435343,2.83219574918923,0.542022623439529,5.22523530700045,1.73933773337496e-07,2.23044006811205e-06
"Os03g0787100",517.491893934648,1.80833816935451,0.346101722707149,5.22487480041994,1.74272986735167e-07,2.23374421135374e-06
"Os04g0226340",26.8867099950763,8.80807802145357,1.68606985489877,5.22402912065727,1.75071228569208e-07,2.24292610932608e-06
"Os01g0253900",390.818329761893,1.18869189985996,0.227623742638846,5.22217887325566,1.76830033625737e-07,2.26334179955259e-06
"Os04g0683700",12261.3189580054,0.783572673479226,0.150079392143837,5.22105441850569,1.77907248233004e-07,2.27603964073527e-06
"Os06g0710700",483.128417093651,1.86812423104635,0.357826517550495,5.22075402302381,1.78196095696929e-07,2.27763381112207e-06
"Os07g0469100",1131.90361167223,2.78707101227924,0.534245349278206,5.21683720044493,1.82004091123526e-07,2.32197208195832e-06
"Os04g0142400",3708.08420767438,5.06872374944125,0.971676432607796,5.21647287033375,1.82362270827424e-07,2.32545854759495e-06
"Os01g0933200",6151.19647294094,2.03111789523719,0.389488204446037,5.21483801576486,1.83977933384834e-07,2.34278920192653e-06
"Os08g0170100",1220.75876071943,1.61022130530302,0.308785313101429,5.21469524936277,1.8411967892143e-07,2.34350470508219e-06
"Os09g0286400",4980.63769523011,0.832213383538279,0.159633750421261,5.21326712767276,1.85543410918331e-07,2.35724469780334e-06
"Os01g0552300",818.423119388976,1.97917591737872,0.379734643566621,5.21199724836666,1.86818321012085e-07,2.37014387718482e-06
"Os11g0667700",401.747120692148,1.80854774375146,0.347078670651695,5.21077178368706,1.88056667060762e-07,2.38364653746475e-06
"Os12g0539700",91.4997734575452,2.99293840176215,0.574520301745054,5.20945629366164,1.89394814543164e-07,2.39949739368723e-06
"Os03g0267300",1255.63433092479,6.6057851422009,1.26808781898943,5.209248952068,1.89606565218207e-07,2.39995999440476e-06
"Os11g0416900",256.411833676935,3.61232961071257,0.693557484769368,5.20840693098972,1.90468845837912e-07,2.40864827162799e-06
"Os04g0349700",641.822807242037,2.13929323130426,0.410914586784701,5.20617495729142,1.92772902644768e-07,2.43441335930975e-06
"Os05g0414300",814.620313211363,0.980056545688203,0.188262564732736,5.20579620850022,1.93166547681789e-07,2.43826032606078e-06
"Os03g0305150",207.132822424878,2.53977469074369,0.487893272667938,5.20559481555358,1.9337617773493e-07,2.43978207477543e-06
"Os08g0474700",3308.8801127619,1.22808768323066,0.236019576291562,5.20332975139982,1.95749080578739e-07,2.46631235792651e-06
"Os07g0485100",4884.96544447937,0.831342311051311,0.159827006357354,5.20151337373192,1.97672244982986e-07,2.48939791371447e-06
"Os03g0862100",7976.55618190666,0.585488382492897,0.112584469134387,5.20043649887471,1.98821039924147e-07,2.50105880874093e-06
"Os11g0406945",455.007985259583,1.21751237996565,0.234125971185221,5.20024486733448,1.99026144936211e-07,2.50184723999438e-06
"Os03g0741100",299.975739365056,1.84807330285277,0.355569145205994,5.1975075109009,2.01978381871692e-07,2.53314553930746e-06
"Os02g0242900",375.816924514419,1.79629842814771,0.345718816123238,5.19583645544875,2.03801371515429e-07,2.55367034180198e-06
"Os08g0431900",35.6824339852324,8.50057029991364,1.63644981933402,5.1945193793801,2.05249393486391e-07,2.56693643519296e-06
"Os07g0107900",1423.93629153016,0.729355254379674,0.140449860378735,5.19299380158091,2.0693907690763e-07,2.58560783372941e-06
"Os10g0406300",1181.83499482614,2.6890262527375,0.518170641838648,5.18946083706308,2.10903853408436e-07,2.6270429507551e-06
"Os06g0210400",102.710787954941,4.35809699198344,0.839813307536184,5.18936405612466,2.11013489706093e-07,2.62721386206345e-06
"Os04g0506100",3546.37639935941,0.866514352158008,0.166996058075523,5.18883117448275,2.11618140941135e-07,2.62996029878341e-06
"Os11g0153000",170.198813210742,1.94200189731646,0.374288649382161,5.18851399988253,2.11978827786352e-07,2.63324810516823e-06
"Os05g0446800",2263.40561030046,0.673588156793654,0.129845380180306,5.18761742511205,2.13001617152913e-07,2.64475398705143e-06
"Os01g0936100",2692.02770745995,0.580777659481486,0.111969658182455,5.18692000055145,2.1380051711324e-07,2.65226900554744e-06
"Os04g0221300",1026.42007400379,0.932200538676638,0.179734864564655,5.18653151092621,2.14246786957202e-07,2.65660196538919e-06
"Os07g0645100",8910.6527377213,0.712588843761186,0.137425901854324,5.18525863134996,2.15715297756591e-07,2.67118341810614e-06
"Os11g0491400",682.134455615636,1.27430082035557,0.245751033901182,5.18533248925404,2.15629823330647e-07,2.67118341810614e-06
"Os03g0810700",22.0329476439883,7.43553473099631,1.43521639262135,5.18077606221852,2.20964640091971e-07,2.73124659601047e-06
"Os03g0807400",1410.30347046982,1.0799045004193,0.208562591894653,5.17784369003607,2.24465171457288e-07,2.76951599612008e-06
"Os01g0246100",2531.20976759622,1.04604987043676,0.202090243557287,5.17615225764339,2.26508630559052e-07,2.79221327616696e-06
"Os07g0577600",10592.0678964511,3.92455674711004,0.758496305696452,5.17412770192271,2.28978183114551e-07,2.8201175421271e-06
"Os02g0742000",9979.3588901686,0.936642285052546,0.181116169568895,5.17150007799968,2.32222175639193e-07,2.85493609198076e-06
"Os06g0706400",2319.59045782449,2.08607959310314,0.40347576053412,5.17027241076787,2.33752996886877e-07,2.86732124394467e-06
"Os02g0654400",4321.63904150372,0.740286484603195,0.143190122168774,5.16995497587914,2.34150401220436e-07,2.87091031326274e-06
"Os01g0780500",2415.85929953764,1.10034175599939,0.212845194393077,5.16968099344213,2.34493931168992e-07,2.87383591438472e-06
"Os04g0680700",812.063948388724,1.57997378559453,0.305665958056011,5.16895566533783,2.35405728630762e-07,2.88372017572683e-06
"Os07g0412100",1394.17881436092,2.7661494902409,0.535341630029292,5.1670733884259,2.37787913533316e-07,2.91005868560365e-06
"Os05g0298200",3137.78169359409,1.10975958403488,0.214784987459089,5.16683962488885,2.38085382400683e-07,2.91133781666835e-06
"Os12g0131400",1029.41883337485,1.32662029400039,0.256781161064127,5.16634588185028,2.38714862565605e-07,2.91773261960485e-06
"Os02g0591000",314.331019647096,3.03559296846749,0.587580118751374,5.16626221955607,2.38821684024176e-07,2.91773628327662e-06
"Os01g0148050",6935.61513474284,0.86799117718646,0.168039277795195,5.16540649647616,2.3991694122451e-07,2.92850487392181e-06
"Os09g0422600",1344.46216316466,1.37724013906745,0.266647029804766,5.16503086524473,2.40399250346478e-07,2.93177910340178e-06
"Os08g0113900",115.465118832977,7.16028291188576,1.38704430026075,5.16225971336295,2.43986458243927e-07,2.97239756341539e-06
"Os04g0394700",1786.22447878562,1.04750648031439,0.202979403487868,5.16065404821726,2.46088567998225e-07,2.99582754046195e-06
"Os04g0218350",33.0807762411767,9.08210401420923,1.76000733392824,5.16026486886192,2.46600703253458e-07,3.00072850413837e-06
"Os01g0735450",30.6175020086277,8.36142503027992,1.62085508874059,5.15865057176504,2.48736029900231e-07,3.02268349378759e-06
"Os04g0531500",3551.52678467173,1.28779927824341,0.249790967276557,5.15550779231187,2.52944522278368e-07,3.07086509505144e-06
"Os06g0720100",440.729730192955,1.5654001767027,0.303640511485893,5.15543913769039,2.53037220967876e-07,3.07086509505144e-06
"Os02g0796500",3217.59576431821,0.957352647894145,0.185768586779362,5.1534689717546,2.55711401017815e-07,3.09782883028703e-06
"Os01g0859300",266.82811727897,5.06819593102368,0.983545375870394,5.15298638513608,2.56370584634722e-07,3.10306967906746e-06
"Os03g0358100",3132.45136585863,1.23384044597908,0.239440760302299,5.15300922207787,2.56339353812379e-07,3.10306967906746e-06
"Os02g0319100",4556.06355271955,0.845550955773295,0.164125705217357,5.1518496426474,2.57929798235131e-07,3.11780896004345e-06
"Os09g0313500",1287.44195646765,1.16178393665835,0.225594129800861,5.14988549428963,2.6064553613036e-07,3.14647063911269e-06
"Os02g0180800",1263.12565087634,2.74728464918706,0.533660775335888,5.14799808447212,2.63281180353255e-07,3.17182792913604e-06
"Os08g0119800",1216.00780702852,3.65877623573227,0.710722575723721,5.147966816738,2.63325059722367e-07,3.17182792913604e-06
"Os02g0193300",248.786653720562,2.30269962669974,0.447378590026705,5.14709393348995,2.64552869685795e-07,3.18381707098577e-06
"Os03g0764600",8112.00166671544,1.18252522321196,0.229812134169333,5.14561699488261,2.66642956653935e-07,3.20474647902937e-06
"Os10g0574750",403.179229307114,0.950764280411799,0.184907593849129,5.14183468953446,2.72068458028421e-07,3.26565606216322e-06
"Os07g0687200",8723.67009272618,0.69617849880382,0.135454700054321,5.13956694396455,2.75372373947266e-07,3.30241886812152e-06
"Os10g0130200",347.96229574597,2.25336084650145,0.43848345642162,5.1389871464951,2.76223290562567e-07,3.30827815994721e-06
"Os01g0966700",3016.14892455561,1.94616782901646,0.378907122096132,5.13626616002933,2.80250677290931e-07,3.35065312163941e-06
"Os05g0350700",5854.04210012346,0.739637582737156,0.144053015375787,5.13448177955654,2.82922500121273e-07,3.38035110746871e-06
"Os07g0681300",98.5133634386097,7.58918418392444,1.47929276417116,5.13027871678709,2.89313481536618e-07,3.44847065829831e-06
"Os03g0352400",12577.1401485665,0.669701820273505,0.130581571836693,5.12860896720588,2.91890926916127e-07,3.47465640119932e-06
"Os11g0182900",190.901787536876,2.89470972357094,0.564894824374379,5.12433394442379,2.98591366234642e-07,3.54517386759128e-06
"Os03g0735000",1401.13535117006,3.39757470701481,0.663144685899988,5.12342898805528,3.00028672739034e-07,3.55607329078099e-06
"Os01g0869800",973.358228455602,5.38450443045284,1.05120649408735,5.12221381882504,3.01969189955406e-07,3.57443305188786e-06
"Os03g0440900",8754.3185874296,1.1126934132511,0.217269414212374,5.12126116455342,3.03498963129879e-07,3.58788955506712e-06
"Os01g0872700",6111.11667611067,0.728494487984824,0.142259320064839,5.12089111386721,3.04095206500377e-07,3.5902895695051e-06
"Os12g0189400",3981.93605705214,4.17996049885834,0.816411255432781,5.11992022530671,3.05664930017624e-07,3.60571408187456e-06
"Os12g0455000",5903.00839083025,1.86229995088609,0.363735278354437,5.11993216415866,3.05645579966972e-07,3.60571408187456e-06
"Os03g0432100",25954.0647531399,7.55686243534261,1.47613220165186,5.11936696922275,3.06562925664734e-07,3.61164090188504e-06
"Os08g0477500",8796.88390999936,1.15674078926316,0.225979072813124,5.11879606754445,3.07492232299811e-07,3.62103170031132e-06
"Os04g0539800",3312.80691149531,0.763169548996898,0.149099603965831,5.11852163719894,3.0793991402239e-07,3.62169565631708e-06
"Os05g0526900",144.70961246137,4.0446161002333,0.790192751860099,5.11851834974739,3.07945280696669e-07,3.62169565631708e-06
"Os12g0511300",814.446827922008,1.23889546153333,0.242036343874301,5.1186340105052,3.07756521979969e-07,3.62169565631708e-06
"Os03g0323200",13093.1635957526,3.02016210911243,0.590124865000053,5.11783571280657,3.0906162519505e-07,3.6301487889012e-06
"Os11g0502700",868.881832220226,1.89463360371753,0.370379343232985,5.11538680094728,3.13098673902663e-07,3.67126959626192e-06
"Os10g0177200",230.460088388843,4.4627513438222,0.872444841724477,5.11522463127997,3.13367801623216e-07,3.67285299711661e-06
"Os02g0257300",3072.45605598381,4.34731014620031,0.850484349305326,5.11156983635406,3.19492671732043e-07,3.73664550444594e-06
"Os01g0162500",117.675164388991,3.73599958865022,0.730997303502284,5.11082540352838,3.20754316917538e-07,3.74980004041327e-06
"Os07g0592200",4474.88367546686,0.763430119505378,0.149503551939936,5.10643466057642,3.28294054770048e-07,3.82977106226848e-06
"Os06g0691800",2909.7488370975,1.60731842236581,0.314794141810973,5.10593498696988,3.29162854672799e-07,3.83663819248623e-06
"Os04g0684100",59.4763531311394,3.82958487488603,0.750065531291569,5.10566705857248,3.29629624849304e-07,3.84044451477979e-06
"Os03g0586500",1760.16317261133,2.64110023630025,0.517502803278674,5.10354769011371,3.33344458202208e-07,3.87952928368058e-06
"Os04g0227000",214.081539967052,2.48207375967529,0.486346318497334,5.10351094533657,3.33409219589795e-07,3.87952928368058e-06
"Os09g0401000",131.631029802728,2.78124438320134,0.544954870960784,5.10362331159251,3.33211216194314e-07,3.87952928368058e-06
"Os05g0389800",54.6141572149386,3.36261084475893,0.659193383719483,5.10109920367446,3.37686493644116e-07,3.92263390475233e-06
"Os02g0755600",1000.58259297272,2.25481832546655,0.44218423818271,5.09927340407565,3.40959767095673e-07,3.95730041547355e-06
"Os08g0202400",208.036021546728,2.00884691539567,0.394030741788057,5.0981984458365,3.42901242508638e-07,3.9781482141271e-06
"Os07g0170100",2095.18932586872,0.907590088538197,0.178040592268984,5.09765821923917,3.43880967139785e-07,3.9878253898924e-06
"Os05g0119200",726.705859059369,2.39759028926542,0.470379260075482,5.09714286484629,3.44818102885384e-07,3.99700070086058e-06
"Os01g0738600",1714.67071859499,2.12927374282211,0.417841905420121,5.09588367083772,3.47118240494426e-07,4.02026034899908e-06
"Os03g0836500",1518.53286942038,0.817490461377316,0.160419535678277,5.09595329472094,3.46990674443501e-07,4.02026034899908e-06
"Os03g0638200",4569.33177266157,2.07834046074572,0.407874331393435,5.09554120173587,3.47746377403458e-07,4.02583306147849e-06
"Os10g0444700",4943.41714995647,1.25814423742726,0.246939438796066,5.09495058205868,3.4883223623722e-07,4.0366978380962e-06
"Os05g0425700",5812.92905575854,1.12132327258345,0.220131668345509,5.0938753202173,3.50817522177654e-07,4.05795724238518e-06
"Os02g0121500",685.918855037031,1.28920655755449,0.253134636025172,5.09296782849695,3.52501531678571e-07,4.07571526137938e-06
"Os06g0328900",243.826381276531,1.75090222000634,0.343854175874228,5.09199056709078,3.54323735947174e-07,4.09505546469579e-06
"Os02g0574900",1171.75842579204,1.46185402479023,0.287095636231002,5.09187128018204,3.54546780277779e-07,4.09590504368985e-06
"Os09g0483400",873.985151052813,2.80352426094358,0.550673126177155,5.09108603211857,3.56018434053516e-07,4.10943991873572e-06
"Os11g0523800",5939.34266307089,0.633743968173119,0.124534014259039,5.08892266858828,3.60103411142492e-07,4.14959719587884e-06
"Os08g0483600",1482.58455211358,0.9561499321202,0.187913502302204,5.0882449659339,3.6139236432042e-07,4.16269901223744e-06
"Os07g0248900",550.490391055791,1.70742306825157,0.335595142399952,5.08774667011333,3.62342935132107e-07,4.17189379411666e-06
"Os05g0381700",2160.24774031062,0.863086345132888,0.169651955563277,5.08739402541679,3.63017113244147e-07,4.17731366152631e-06
"Os01g0844800",7231.94935246606,0.903308481339625,0.17760722503935,5.08598949811582,3.6571428982713e-07,4.20364251475238e-06
"Os07g0686500",801.579298090155,1.44131559874415,0.283402745856371,5.085750296416,3.66175562840202e-07,4.20541502798992e-06
"Os04g0529400",1200.15695097657,1.41144608867547,0.277581836709793,5.08479267017429,3.68027865237412e-07,4.21961124182417e-06
"Os02g0433600",1798.8831967589,0.859725175038266,0.169095352403878,5.08426259395257,3.69057057627581e-07,4.22787196381308e-06
"Os03g0709200",314.849624477906,1.72609176040146,0.339537720000486,5.08365244485647,3.70245157908991e-07,4.23793778532602e-06
"Os05g0120200",222.873867038815,2.71618542426413,0.534396867934921,5.08271209515192,3.72083466084188e-07,4.25542305616367e-06
"Os06g0608800",10478.9257901396,1.49137777168258,0.293546729519241,5.08054637203794,3.76350848108556e-07,4.29884323625582e-06
"Os11g0132600",811.287081692226,1.61071437774562,0.317087987577244,5.07970797018365,3.78015500188905e-07,4.3160577597642e-06
"Os08g0351300",32.7046925653655,9.09072988287016,1.79022794751613,5.07797339187067,3.81482103766888e-07,4.35201012256512e-06
"Os01g0178900",782.586199037318,1.40965919274671,0.277623930698554,5.07758531189925,3.82261881731122e-07,4.35909042568575e-06
"Os12g0563200",491.552265084614,1.53193576587425,0.301745321649292,5.07691637935241,3.83609595351074e-07,4.37263854609292e-06
"Os10g0520100",173.348727317267,3.35714566055621,0.661420796318683,5.0756578553945,3.8615761121371e-07,4.3998515510627e-06
"Os02g0527300",235.036692944025,1.53743875054229,0.302976022679164,5.07445683967659,3.8860442035203e-07,4.42037528150434e-06
"Os06g0320500",15843.4437177143,3.7425697599344,0.73752826874689,5.07447635369053,3.88564545475846e-07,4.42037528150434e-06
"Os03g0101000",264.539498389058,1.26116396280398,0.248529240212459,5.07450938861702,3.88497051007958e-07,4.42037528150434e-06
"Os12g0230100",4553.62745886069,1.92670271262773,0.379731838868191,5.07385084793089,3.89844669214124e-07,4.4326423140075e-06
"Os07g0210000",875.117832002161,1.81119064478906,0.357126526008694,5.07156571378563,3.94555972918329e-07,4.47917008265676e-06
"Os05g0311500",4825.09525214469,0.912058900955724,0.179866453864675,5.07075600457395,3.96238511236781e-07,4.49601038164319e-06
"Os11g0296500",1199.78973113238,1.2558313493706,0.247675730058969,5.07046592361552,3.96842968861808e-07,4.50100445552537e-06
"Os03g0708500",542.763450639376,2.61802179851139,0.51639211871303,5.06983298861361,3.98164940542098e-07,4.50853075088408e-06
"Os02g0729400",2407.54938034485,4.59548386340144,0.907030846963984,5.06651331515731,4.05168422258768e-07,4.57648175426388e-06
"Os01g0930200",4813.93326105488,0.913804561480918,0.180421602846711,5.06482897315408,4.08767166760467e-07,4.60763023240163e-06
"Os04g0403701",16557.6639770675,1.6650210174742,0.328763159575973,5.06449998722999,4.09473665299309e-07,4.6136952555382e-06
"Os01g0775200",2840.36775065614,0.947957334089941,0.187194888689415,5.06401291577329,4.10521816978346e-07,4.61980406279946e-06
"Os06g0646600",5068.24150876386,1.49391101636088,0.295005310293782,5.06401398291158,4.10519517726764e-07,4.61980406279946e-06
"Os03g0762300",2150.33016801279,1.82726800249667,0.361048335547989,5.06100658163481,4.17048817141735e-07,4.68747810846503e-06
"Os07g0490200",5363.82105848221,0.715483582838328,0.141424181695374,5.05913185610274,4.21169565652993e-07,4.72797359541029e-06
"Os12g0278700",2129.46648935713,1.13143354689058,0.22370581625619,5.05768498032635,4.2437670728193e-07,4.75423410599564e-06
"Os08g0422000",835.755930218222,1.72345479005781,0.340767866326765,5.05756252382429,4.24649222945544e-07,4.75534213642739e-06
"Os07g0571100",16078.1579505337,0.891283258783015,0.17623952565917,5.0572268363152,4.25397130619969e-07,4.76177065991483e-06
"Os08g0563200",728.842693039959,2.88833813357443,0.571231294133259,5.05633735973265,4.27385023698021e-07,4.7820682941636e-06
"Os04g0446750",318.600445735656,2.86295446049163,0.566334512760235,5.0552357237386,4.29859498102703e-07,4.80190926285936e-06
"Os02g0437200",2530.4243128487,1.23542659163224,0.244413724823428,5.05465309906287,4.31173760995349e-07,4.81266523529894e-06
"Os10g0547500",8644.56317179114,1.42107523433381,0.281265698478749,5.05242993375951,4.36224402785079e-07,4.86507435532821e-06
"Os06g0707100",1544.02195670873,1.27266840055606,0.251901454451137,5.05224713104201,4.36642228519107e-07,4.86775225126857e-06
"Os06g0360300",140.461564083561,3.31530961272812,0.656363696525599,5.05102526278861,4.3944494085652e-07,4.88904808082897e-06
"Os07g0622400",165.879416852528,1.72275921414028,0.34106953757993,5.05104978405334,4.39388523894189e-07,4.88904808082897e-06
"Os01g0125550",190.726595450885,2.50646223286201,0.496292262922448,5.05037539393129,4.40942666977731e-07,4.90295568056783e-06
"Os09g0129400",848.286209902932,1.40331470831155,0.277866074954831,5.0503276031076,4.41053002698665e-07,4.90295568056783e-06
"Os02g0481900",1316.10314794292,1.36529938784008,0.270389207551028,5.04938566226767,4.43233125697625e-07,4.92319486860651e-06
"Os06g0639100",10961.8501055774,1.45173708753285,0.287574669947086,5.04820917572457,4.45970708712448e-07,4.94558043819541e-06
"Os02g0566000",107.291930112166,8.29242728490381,1.64293307912797,5.04733113615635,4.48024452977697e-07,4.96433567617804e-06
"Os02g0593500",880.040414419635,3.03798052956849,0.602116993252575,5.04549873797387,4.5233988034064e-07,5.00405559871183e-06
"Os04g0665500",3385.14131992321,0.575867988597836,0.114134624197034,5.0455152645327,4.52300780536085e-07,5.00405559871183e-06
"Os03g0255900",89.6680153534794,2.73382638759939,0.541973691023448,5.04420497319142,4.55410907828477e-07,5.03193230186761e-06
"Os12g0189700",48.6839434565977,8.89601095665452,1.76361005403385,5.04420517240019,4.55410433419304e-07,5.03193230186761e-06
"Os03g0454300",1320.50563099644,0.972624091510073,0.192881114082853,5.04260925770201,4.59226387348527e-07,5.07204434510625e-06
"Os02g0798900",147.525193412469,1.84623749691398,0.366459294923974,5.03804248517424,4.70317062651458e-07,5.18200107123334e-06
"Os07g0205700",1284.52870742658,0.660310442042158,0.131068119572327,5.03791802458707,4.70622909901253e-07,5.18328593691404e-06
"Os06g0255200",25259.366889445,1.05395621842365,0.209226640628913,5.03739014905352,4.71922235531829e-07,5.19341982862688e-06
"Os04g0608600",240.711780589534,1.82039724315589,0.361398240094209,5.03709493073722,4.72650400938129e-07,5.19934422975755e-06
"Os09g0129600",771.163797251963,3.27240758278674,0.649726266531994,5.03659425723033,4.73887806197817e-07,5.21086346831169e-06
"Os02g0703300",910.919689531064,0.70939893125301,0.140866613041008,5.03596214843678,4.75454514483164e-07,5.22389675339284e-06
"Os10g0430200",296.769740541005,3.98024321558501,0.7903603530934,5.03598542108887,4.75396743757751e-07,5.22389675339284e-06
"Os05g0417600",1146.80194051404,1.17655377136702,0.233662361101309,5.03527297174279,4.77168360522322e-07,5.23501344258227e-06
"Os06g0672801",484.078290100852,0.922309769036867,0.183175145614461,5.03512507629232,4.77536922995219e-07,5.23627456275502e-06
"Os03g0821900",2104.18766123097,0.804424690246316,0.159766698433067,5.03499601691603,4.77858769406457e-07,5.23676279209736e-06
"Os04g0444800",790.027988642212,5.9983618059965,1.19134393538635,5.03495391030906,4.77963819511643e-07,5.23676279209736e-06
"Os02g0677600",61.739003492672,8.98229330729066,1.78455254880881,5.03335881775314,4.81959797692628e-07,5.27421526911657e-06
"Os04g0656100",75296.6623387877,0.952463150778013,0.189233275436814,5.03327519211094,4.82170180628476e-07,5.27441031054097e-06
"Os05g0173500",1488.98814047301,1.11825944069485,0.222218097771591,5.03226088202888,4.84729015048253e-07,5.29605602360857e-06
"Os03g0206700",941.398180395943,2.91898631233221,0.580094887784728,5.0319118023592,4.85612675626099e-07,5.29936924226074e-06
"Os06g0354500",5902.00251914941,0.936961366797496,0.186213927491608,5.03163957400406,4.86302872752593e-07,5.30267595046429e-06
"Os05g0527100",78.5473627080142,2.9942228549671,0.595185525879448,5.0307386936919,4.88593681930892e-07,5.32553503452808e-06
"Os02g0824000",435.389454404386,2.06712640700886,0.410939562951209,5.03024433121882,4.89855193606888e-07,5.33716133973201e-06
"Os11g0489250",146.548259409047,3.99175100281543,0.793823721497029,5.02851060596627,4.9430417783079e-07,5.37921562771679e-06
"Os03g0307800",2258.49360999455,1.17938102959637,0.234614658462525,5.02688552081564,4.98509740875259e-07,5.41422692795964e-06
"Os01g0767600",1244.03881582332,0.921592043074487,0.183347718269259,5.02647129603797,4.99587220848704e-07,5.4237786628089e-06
"Os01g0768200",1233.0841468326,1.13922094220394,0.226761998970373,5.02386179067323,5.06426876453085e-07,5.48715924561964e-06
"Os06g0667400",1408.5028664359,1.73603742229422,0.345614466945547,5.02304616365421,5.08583139890639e-07,5.50399082763512e-06
"Os05g0486600",24.3354516658908,8.55699856235036,1.70446072230966,5.0203553829947,5.15759688284027e-07,5.57284955494587e-06
"Os01g0960500",3831.58143876964,1.12269931512696,0.223643728324954,5.02003487214126,5.16620999492677e-07,5.57775553689552e-06
"Os06g0724500",1241.345364365,1.01602544455937,0.202419797190685,5.01939760171898,5.18337663499193e-07,5.58748010267863e-06
"Os05g0126400",5294.19129063592,1.63983859924929,0.326793211771393,5.01797020311559,5.22202737512991e-07,5.62692965508195e-06
"Os01g0327100",552.195347147398,3.05100517250396,0.608033529506578,5.01782389365907,5.22600477215133e-07,5.62900105049144e-06
"Os06g0720500",988.440364642331,1.40406316316835,0.27995776937131,5.01526771813261,5.29596711742201e-07,5.69763689368838e-06
"Os05g0148800",643.59082338124,7.56111577591056,1.50770481671049,5.01498416142715,5.30378346299068e-07,5.70156722271498e-06
"Os01g0131300",1928.34289975876,0.756196490930421,0.150856823494439,5.01267674483611,5.36780312702322e-07,5.76142229469e-06
"Os05g0143800",519.668951443341,1.22822913714097,0.245075647320229,5.01163273695691,5.39701352838889e-07,5.79042685296122e-06
"Os03g0826800",14249.1701183213,2.57507093279937,0.51393391033923,5.01050987489744,5.42860125303183e-07,5.82203668448688e-06
"Os11g0686250",1067.57792724755,1.58077762133535,0.31550063091341,5.01037863778219,5.43230475533644e-07,5.82372835825521e-06
"Os01g0233900",548.705240538482,1.32761803602703,0.265104175672968,5.00791069268096,5.50240534005692e-07,5.88965942436495e-06
"Os05g0447700",710.50385964128,1.50354640147775,0.300310157007929,5.00664518462508,5.53868885099622e-07,5.92155450107875e-06
"Os04g0609600",2255.68333626413,0.881756120104572,0.176160400252784,5.00541619364671,5.57414609839739e-07,5.9571375646197e-06
"Os08g0379400",333.242516474306,3.39695849331371,0.678768941451135,5.00458740208617,5.59818075702356e-07,5.97815863998567e-06
"Os01g0692000",493.961849984453,1.60538527235732,0.320921534215197,5.00242302618688,5.66141897463304e-07,6.0337761328617e-06
"Os02g0827300",12259.982906372,0.627362877378481,0.125410249826114,5.00248487064128,5.65960249801091e-07,6.0337761328617e-06
"Os06g0644466",3742.16144212051,1.60028459399265,0.320200633904216,4.99775585850763,5.80013533296388e-07,6.16497892530902e-06
"Os02g0644000",1788.94497515508,1.76726813413245,0.353659311603247,4.99709204918393,5.82012911480767e-07,6.17903707688747e-06
"Os10g0532100",801.594153230681,2.0941633628377,0.419108446225433,4.99670999641767,5.83166656150546e-07,6.18888720597428e-06
"Os06g0651000",3001.79702875053,1.15983973380567,0.23217040255744,4.99563993097146,5.86409848137202e-07,6.21367588020352e-06
"Os09g0481200",6882.08999281238,3.66200741044798,0.733170107569882,4.99475820500352,5.89095273538357e-07,6.23423433130325e-06
"Os04g0414700",7907.96767316841,3.83092574073782,0.767037442600236,4.99444424479604,5.90054344296967e-07,6.24022337630819e-06
"Os05g0148700",1526.30145084886,2.06008524355306,0.412524499685438,4.99384944439404,5.91875440842143e-07,6.25706684681865e-06
"Os07g0182000",346.218757622608,1.53711482968467,0.307854857166039,4.99298547320187,5.94530309377712e-07,6.28270821919942e-06
"Os11g0264200",2109.08628127182,1.33104496411925,0.266634524741575,4.9920203147335,5.97509687472179e-07,6.30932453722068e-06
"Os02g0744900",7650.26717542206,2.99547575428829,0.600225986258738,4.99057991967219,6.01982870610368e-07,6.34921555983388e-06
"Os06g0200700",1386.23411805976,1.78782710591684,0.358289489788066,4.9898954808146,6.0411970944524e-07,6.36930060100638e-06
"Os12g0292900",847.642192155266,1.72076586986439,0.344915029457746,4.98895589609321,6.07065032322591e-07,6.3954301155185e-06
"Os12g0561200",2952.93088699991,0.556318608223746,0.111508473669969,4.98902540689667,6.0684666305107e-07,6.3954301155185e-06
"Os01g0303000",1261.76100117673,4.75253770850816,0.952758474657322,4.98818728452403,6.09484692212091e-07,6.41352101589757e-06
"Os08g0157600",8220.05488997074,1.76287686227155,0.353421559280112,4.98802864732524,6.09985252735291e-07,6.41632337084191e-06
"Os11g0117400",207.039046219252,1.2866574557686,0.257970049505839,4.98762340137271,6.1126575710368e-07,6.42485815534417e-06
"Os06g0704800",950.69835353735,1.85457175304424,0.371844288171717,4.98749560511686,6.11670107397801e-07,6.42627622034025e-06
"Os12g0169600",85.1820500980305,9.10622408218938,1.82597130838734,4.98705759524328,6.13057937745e-07,6.43381991293996e-06
"Os02g0636300",894.676403303593,1.02764990896979,0.206102774582617,4.98610419510803,6.16089278462843e-07,6.45820950110054e-06
"Os12g0597700",5063.83823256911,0.564347562974654,0.113195119528082,4.98561744823856,6.17642458254567e-07,6.47201399160323e-06
"Os04g0411800",2385.50355197539,1.49518529332427,0.300142300172108,4.98158804162858,6.30645798844511e-07,6.59313705196565e-06
"Os04g0151700",211.194999344123,2.1268808348511,0.42696277736018,4.98141980432381,6.31194417770822e-07,6.59635493977893e-06
"Os10g0440500",1086.93753585083,1.67941387400377,0.337247999933246,4.97975932944358,6.36633929805029e-07,6.64306284620554e-06
"Os07g0638400",15595.0375423476,2.01012133920042,0.403681207551114,4.97947712600889,6.37562873982159e-07,6.64769116149422e-06
"Os01g0949700",577.414231516804,1.76949991885216,0.355382209555485,4.97914603284578,6.386544165851e-07,6.65653847971175e-06
"Os06g0622700",2069.53239146293,1.08255881122514,0.217473278005145,4.97789347342036,6.42800152403485e-07,6.6972000663689e-06
"Os10g0547900",535.312255737513,0.8866359669816,0.178148276549516,4.97695506324564,6.45923095211854e-07,6.71951367297679e-06
"Os10g0213700",154.804024630926,4.08034132825253,0.81987929149517,4.97675861627317,6.46578701066157e-07,6.72378025850535e-06
"Os02g0820800",689.66942669469,2.14675067970595,0.431418613496938,4.97602702466891,6.49025900163714e-07,6.74666733638873e-06
"Os04g0623500",5062.8081290637,1.25139501014676,0.251525452944813,4.97522217133757,6.51728473917634e-07,6.77219067870937e-06
"Os01g0762000",1841.12888928885,1.0072362664053,0.202474561476847,4.97463117864554,6.53719838678382e-07,6.78725027479639e-06
"Os03g0217000",180.203488996218,1.39029942577654,0.279496770707965,4.97429513140673,6.54854772042839e-07,6.79179366188013e-06
"Os04g0598500",133.158537939128,6.65755504192774,1.33863951174085,4.97337407385341,6.57975205630722e-07,6.81383699713841e-06
"Os05g0567100",31119.7606264274,0.68585007662978,0.137909597054059,4.97318599488716,6.5861415422118e-07,6.81787615203037e-06
"Os09g0110300",3641.64275090098,2.18904914058469,0.440402632635516,4.97056324909934,6.67586787112804e-07,6.89512431591509e-06
"Os07g0655300",4465.35038271422,0.590066876476809,0.118780176443656,4.96772183830446,6.77440408618936e-07,6.99162405142475e-06
"Os07g0409900",4793.63961222423,0.995130546756652,0.200383306159067,4.96613498315424,6.83004239814191e-07,7.03579132484036e-06
"Os01g0765400",1079.36787693807,2.40981576267028,0.485260207380981,4.96602797018201,6.83381029309285e-07,7.03702623075587e-06
"Os09g0387150",1018.81979012116,2.01532332957827,0.405845671431966,4.96573813998682,6.84402518923899e-07,7.04489642835194e-06
"Os04g0626400",457.769624520337,2.21878766852959,0.446828261469986,4.96563861298785,6.84753635271342e-07,7.04586281882695e-06
"Os04g0560700",7506.5752174884,0.930607738661788,0.187420641503264,4.96534283095805,6.85798134699789e-07,7.04866668201198e-06
"Os10g0562100",3037.05124758203,1.24618927638856,0.250973199389241,4.96542770073153,6.85498275869492e-07,7.04866668201198e-06
"Os11g0199700",3629.41855799218,0.75470528290599,0.151993118236381,4.96539114180331,6.85627429066936e-07,7.04866668201198e-06
"Os08g0254600",1066.48918758193,3.59450096293831,0.724291088230025,4.96278502020826,6.94894837681882e-07,7.13413212104364e-06
"Os08g0269800",1190.63909520931,1.09325264534239,0.220474224464117,4.95864152827679,7.09878147356516e-07,7.26888685392237e-06
"Os01g0507700",3253.85124462347,0.589400346474428,0.118869403451808,4.95838566829675,7.10813497607669e-07,7.27574458631228e-06
"Os01g0765600",1443.148496307,2.44551728551589,0.493332977920793,4.95713320407404,7.15409304863883e-07,7.31458614017418e-06
"Os03g0610900",220.233398922422,1.7235691650445,0.347693566678022,4.95715000283739,7.15347474285335e-07,7.31458614017418e-06
"Os06g0489200",2413.0417104982,1.00897473654755,0.203583444006249,4.95607460357427,7.19316059170373e-07,7.34356547772482e-06
"Os04g0467100",2654.94748365745,1.27983657934262,0.258283786915021,4.95515647586391,7.2272103746153e-07,7.37557821799879e-06
"Os01g0794800",1144.10777932985,6.3184645536451,1.27518987145818,4.95492059266433,7.23598340600715e-07,7.38178106048201e-06
"Os01g0254400",28.3985318089611,8.68072823921293,1.75341059277286,4.95076753556344,7.39213601018229e-07,7.52426597751405e-06
"Os10g0555100",2261.28176348154,1.25819889969486,0.254151454695044,4.95058704741458,7.39899535100624e-07,7.52845028452496e-06
"Os01g0799100",767.903600863207,1.66744163804549,0.336913466780043,4.94916885923738,7.45310651465862e-07,7.56383996083787e-06
"Os01g0520600",220.620518666894,3.25801669094814,0.658355793715465,4.94871727726637,7.47041656680257e-07,7.57859926597367e-06
"Os03g0784500",1890.14778718012,1.58530853342493,0.320380622223153,4.94820355371157,7.49015572375326e-07,7.59019072990475e-06
"Os06g0549700",1589.07147889201,1.30740346183656,0.264265984518777,4.94730134949952,7.52494341234525e-07,7.60979586611952e-06
"Os11g0181500",1946.04330244671,0.895328291665265,0.181007506216263,4.94636001777491,7.56140570251858e-07,7.64260013275596e-06
"Os11g0203400",86.094761634285,2.40088620134976,0.485471400921752,4.94547402131467,7.59588003840947e-07,7.66612933426949e-06
"Os02g0122600",1203.98657962194,1.2803899563476,0.258946970310113,4.94460296181189,7.62992075004233e-07,7.69764859169095e-06
"Os03g0758050",145.764769239877,2.03762015521084,0.412120793658877,4.94423039691957,7.64452528706715e-07,7.70670563629209e-06
"Os03g0387900",9115.53411784675,1.28146393525317,0.259226526325063,4.94341359821428,7.67663807667364e-07,7.73338703781418e-06
"Os09g0298200",1266.07091887126,1.53566685179617,0.310723827130898,4.94222430888521,7.72362794456528e-07,7.77214889895619e-06
"Os06g0727200",59167.9875641879,0.935584684561716,0.189313627149954,4.94198277560149,7.73320492789151e-07,7.77892824751658e-06
"Os01g0869200",1185.03076882712,1.8632255764176,0.377036969743841,4.94175830471871,7.74211562833295e-07,7.78503264227855e-06
"Os05g0443300",3119.90216277683,1.02455510323767,0.207337835260906,4.94147680257397,7.75330424776934e-07,7.79134372661627e-06
"Os04g0529800",1392.50899070922,0.891204547438272,0.180360816678063,4.94123149280831,7.76306705937336e-07,7.79751264478532e-06
"Os08g0430000",4521.04467218214,0.799344530984234,0.161787329641296,4.94071156719433,7.7837981638507e-07,7.81260591813977e-06
"Os12g0152500",25.7166499121368,7.14680557343667,1.44683791772525,4.93960345238465,7.82816035636934e-07,7.85137826149076e-06
"Os06g0698802",824.578939543779,1.22999209876174,0.249028596033076,4.93916007380282,7.84597867566188e-07,7.86061455395226e-06
"Os02g0288000",374.266655388648,1.00375220415816,0.203281622503891,4.93774199455215,7.9032305433412e-07,7.90640569074721e-06
"Os05g0550800",576.524571618327,1.20724503345486,0.244590219021918,4.93578622351484,7.98285112295179e-07,7.97731758879141e-06
"Os07g0630800",252.335401852153,3.38023328551749,0.684878421586525,4.93552312202677,7.99362091740876e-07,7.98516668667919e-06
"Os02g0640200",470.721796232365,1.20654398003971,0.244477883962093,4.93518661273585,8.0074159842806e-07,7.99020514482441e-06
"Os06g0200350",144.282508025269,2.64580379091049,0.536107482565874,4.93521145843248,8.00639666113638e-07,7.99020514482441e-06
"Os11g0171800",224.798021548278,3.24304022286126,0.65717083416796,4.934851113664,8.021192463433e-07,8.00103724566254e-06
"Os07g0212200",374.169491243265,6.08601212349099,1.2333933288385,4.93436439227563,8.04121912118269e-07,8.01626916085153e-06
"Os03g0777700",3743.44016595176,0.848524077453033,0.172020136698453,4.9327020297657,8.10998253330614e-07,8.07196699018127e-06
"Os04g0219600",17.5808723511722,8.19513357766169,1.66209915133669,4.93059248064173,8.19805945449412e-07,8.1477883351977e-06
"Os05g0365700",1453.34767788766,1.06266716681816,0.215544874420569,4.9301435242886,8.2169226098849e-07,8.16061374936031e-06
"Os05g0529000",2378.17587984326,0.928762222689902,0.188405248600716,4.92959845645389,8.2398801303338e-07,8.17748393659323e-06
"Os02g0216000",20.1337330925555,8.39101083833288,1.70230730924973,4.92919861927346,8.25675999745724e-07,8.19126813076245e-06
"Os12g0215100",52.0583560185302,4.84682789397748,0.983349920443155,4.92889437748998,8.26962643452605e-07,8.20106218928686e-06
"Os12g0420200",1948.08895387578,5.21054997997133,1.05723462224064,4.92847081466969,8.28757113738558e-07,8.21588349707305e-06
"Os07g0150700",14138.1163703218,0.896052009727354,0.181895225840465,4.92619861564292,8.38447735724326e-07,8.29394074728241e-06
"Os06g0729500",1533.91640630244,1.35383579601824,0.274893744428895,4.92494217658861,8.43853038376195e-07,8.34138526674932e-06
"Os08g0408500",5602.37026377688,0.997340602524903,0.202582097861911,4.9231428297516,8.51652453802056e-07,8.40937720334972e-06
"Os10g0494800",1670.9019346768,1.16728822160555,0.237127910685585,4.92260998813124,8.53975390875211e-07,8.42927565097762e-06
"Os01g0951500",371.877220802613,1.88717457407451,0.383376518533624,4.92250955090509,8.54413932525003e-07,8.43056629171194e-06
"Os11g0702250",34.788444118843,5.18657906825505,1.05375421707514,4.922000770399,8.56638767938449e-07,8.44643358265013e-06
"Os02g0291400",602.979322872696,1.3972012335019,0.283906829661135,4.92133716955513,8.59548998932368e-07,8.47207867209662e-06
"Os01g0665300",3655.89345599851,1.78281116050239,0.362278281560252,4.9211096862451,8.60548819784375e-07,8.47687390219738e-06
"Os05g0574600",239.846313031551,2.98318718833825,0.606205091965931,4.92108566535417,8.60654460297576e-07,8.47687390219738e-06
"Os12g0171500",343.927612230005,2.57983192089259,0.524336850998753,4.92018044502983,8.64644608019812e-07,8.51311303316703e-06
"Os07g0529600",7163.90955626605,2.03103898651673,0.412951405380686,4.91834864841878,8.72773607480524e-07,8.58081187455098e-06
"Os11g0242700",1073.95677587806,0.651220261202276,0.13244328056173,4.91697471128972,8.78919003982067e-07,8.63193633491315e-06
"Os02g0740600",259.726021711253,1.58482689609221,0.322342763782479,4.9165890293156,8.80651572878799e-07,8.64585205473949e-06
"Os05g0312600",253.108894411945,2.72173231374994,0.553620784642207,4.91623939933709,8.82225029819638e-07,8.65509519763241e-06
"Os04g0630800",2632.80988406328,2.31338797480374,0.47060775052989,4.91574559109776,8.844519517185e-07,8.6676291268413e-06
"Os12g0130300",78.278504069031,9.76606896883116,1.9876316131079,4.91342002432771,8.95012509712218e-07,8.76171824643579e-06
"Os01g0268100",3028.79906280006,0.869962796524724,0.1770992312325,4.91229007867695,9.0018739717452e-07,8.80922936620481e-06
"Os05g0424700",233.777303390529,4.67624727783711,0.952061292198926,4.91170822315087,9.02863385028113e-07,8.82910781124779e-06
"Os09g0518500",2806.21677196173,0.99076034900131,0.201725621458323,4.91142543936098,9.04166688595507e-07,8.83869727598842e-06
"Os03g0213300",8124.89447222118,0.776152056644777,0.158112411467352,4.90886230525327,9.16062660868275e-07,8.94540903523812e-06
"Os02g0557100",3574.80891060303,0.904441261541454,0.184265353214465,4.90836310659432,9.18397000290477e-07,8.96500792407572e-06
"Os01g0690200",91.9163792147728,2.36660829772044,0.482168978722497,4.90825499390431,9.18903307925748e-07,8.96675472297619e-06
"Os03g0776400",149.970881473072,3.7297522203939,0.7600040730088,4.90754241043484,9.22247170622641e-07,8.99617957639771e-06
"Os12g0527700",660.582334603255,0.78738889374598,0.160468900161193,4.90680058849432,9.25740682975631e-07,9.02704273669829e-06
"Os05g0537400",1131.70012042397,0.91719437477233,0.186953854540344,4.90599339086855,9.29556547955272e-07,9.06102612279105e-06
"Os09g0252800",9578.79383550819,1.10160901978015,0.224555006420413,4.90574241625999,9.30746063139846e-07,9.06922198486532e-06
"Os01g0536400",499.315218649582,2.1547187180085,0.43924330105227,4.90552437076801,9.3178069761069e-07,9.06979569589709e-06
"Os10g0539700",25.4249387867444,8.46170270203964,1.72512631761463,4.90497572011992,9.34388967458832e-07,9.08549812128678e-06
"Os11g0610900",1188.90682975056,0.500798951609135,0.102144166221007,4.90286396313193,9.44493952577575e-07,9.17723797625128e-06
"Os11g0303200",1736.82903371297,1.27974766268068,0.261060459400551,4.90211219891071,9.48116554445277e-07,9.20917040525198e-06
"Os08g0152366",173.904514200081,4.17152756383852,0.851244988792769,4.90050175773083,9.55922024770306e-07,9.28169449857619e-06
"Os02g0669100",6244.46659761673,0.738224475937308,0.150662320799177,4.89986130587561,9.59043322169069e-07,9.30210893680346e-06
"Os03g0347300",2210.8621404085,0.909220268538429,0.185572476417629,4.8995426805225,9.60599822904676e-07,9.31061208392852e-06
"Os02g0719100",1487.41535319853,0.646690388240002,0.132024335972082,4.89826654668235,9.66858210812101e-07,9.35802588422412e-06
"Os12g0620600",2175.72861437424,1.1819050556132,0.241407405030338,4.89589395762182,9.78598293845286e-07,9.44495626029466e-06
"Os06g0611900",2844.58116887628,2.33246661902892,0.476482608943166,4.89517681285852,9.82173807287485e-07,9.47612636682335e-06
"Os07g0679000",3728.48421039744,0.733916063282433,0.149950186232355,4.89439914496135,9.86065286677678e-07,9.50362922849694e-06
"Os08g0498400",1471.10099173388,2.4808822214757,0.50709698682333,4.8923229400691,9.96527539771376e-07,9.58759601049447e-06
"Os02g0637800",1067.95206258957,0.847474020055982,0.173237059522126,4.89199033043932,9.98213500015811e-07,9.60044451507482e-06
"Os03g0795000",390.51372658324,1.47050811091254,0.300611527169732,4.89172229939891,9.99574116219807e-07,9.6101560608553e-06
"Os02g0705600",2079.54450091747,1.5069822804595,0.308086047429941,4.8914330688805,1.0010443506994e-06,9.62091431930081e-06
"Os10g0509100",11045.8153157075,0.890734203409599,0.182122491461184,4.8908522844332,1.00400291936328e-06,9.64596421055053e-06
"Os06g0722300",998.580179334367,1.5623115968332,0.319471940150953,4.89029363923166,1.00685664918037e-06,9.66998964856222e-06
"Os02g0179800",2654.67328177295,0.828607501270581,0.169449992160769,4.88998252938498,1.00844927614443e-06,9.68189068449771e-06
"Os12g0632000",55172.1646957035,1.16949370675055,0.239194079084087,4.8893087622768,1.0119067271125e-06,9.71168085575979e-06
"Os11g0516000",2568.22444663357,0.582845276497396,0.119214267953567,4.88905637305434,1.0132048033182e-06,9.72073301845491e-06
"Os07g0589200",940.675120519516,1.09786920039073,0.224560155486124,4.88897595396691,1.01361874754291e-06,9.72098680970033e-06
"Os03g0160000",210.048979022412,1.9345234541489,0.395726583752703,4.88853550298208,1.01588878649897e-06,9.73166186945873e-06
"Os07g0540500",24.7976690413831,8.57943145988205,1.75502667815646,4.88849062334152,1.01612036605644e-06,9.73166186945873e-06
"Os04g0471400",5040.11387846838,0.98470684256242,0.201494896467161,4.88700637002438,1.02380782622726e-06,9.79501228368524e-06
"Os02g0278400",66.4715334129647,5.05294726751572,1.03406142169245,4.88650592848299,1.0264123819831e-06,9.81307558635222e-06
"Os04g0671200",1749.54778553416,0.889598277134239,0.18208078729834,4.88573391148967,1.03044286861096e-06,9.84817188210847e-06
"Os03g0559700",1196.14500844301,2.41401341982686,0.494135477199889,4.88532706355415,1.03257303374545e-06,9.86508823415471e-06
"Os07g0661000",425.564672926682,1.87568869098698,0.384025139166368,4.88428620860257,1.0380420280646e-06,9.90697184345557e-06
"Os12g0297500",3599.69893750851,0.860066636743041,0.176095122400115,4.88410255219242,1.03900990847869e-06,9.91275527800063e-06
"Os03g0322800",2697.51390139093,0.655730440296213,0.13431142802847,4.88216416072369,1.04927845597985e-06,1.00072375305516e-05
"Os06g0726400",7268.61214987673,0.768262439342604,0.157364525470252,4.8820560863181,1.04985384105808e-06,1.00092400140696e-05
"Os02g0792800",1284.29982643844,2.19061687324972,0.448728378273367,4.88183270618821,1.05104407320354e-06,1.00171009774246e-05
"Os06g0340600",12981.1632492755,0.785249826705939,0.160875916998884,4.88108998136362,1.05501086495357e-06,1.00514096006759e-05
"Os03g0656500",478.919946050015,1.15426939198527,0.236505086402909,4.88052671315009,1.0580288067721e-06,1.00766575265281e-05
"Os03g0860000",1474.95103608821,0.70043807140105,0.143525514765815,4.88023382144929,1.05960137665621e-06,1.00879642154223e-05
"Os11g0191400",2191.59944516165,1.11360701726665,0.228190281680854,4.88016846757803,1.05995257610111e-06,1.00879642154223e-05
"Os01g0629400",3188.97191264551,0.818972799228566,0.167830931423516,4.8797488775291,1.06221004432721e-06,1.01024289320023e-05
"Os08g0519700",3357.23977434556,2.04073559807836,0.418200599793752,4.87980074415199,1.06193074234088e-06,1.01024289320023e-05
"Os03g0317900",98.8069407157391,6.60187129866172,1.35356880510521,4.87738138893393,1.07503451836331e-06,1.02066795467901e-05
"Os06g0167500",2435.66950611277,1.43094136304217,0.293420071796683,4.87676713552746,1.07838614289133e-06,1.02314079805807e-05
"Os04g0480050",154.329694363809,1.35686843544417,0.278280246532118,4.8759064013822,1.08309959311853e-06,1.0269013830083e-05
"Os12g0190400",158.029718061574,11.0879618910993,2.27497811835399,4.87387628111417,1.09429535559838e-06,1.03620087974501e-05
"Os03g0760200",5765.26907350191,1.62085337618686,0.332652948028477,4.87250567233244,1.10191691386287e-06,1.04257707038404e-05
"Os02g0314300",142.466865207005,2.63272940981323,0.540340079197457,4.87235633848133,1.10275039551277e-06,1.04300538962328e-05
"Os01g0558500",1852.87608509381,0.792884633370225,0.162810494353679,4.8699848036074,1.11606831604913e-06,1.0545093909935e-05
"Os03g0333400",1333.62179931314,3.30961946656813,0.679716887733173,4.86911466567437,1.12099348745172e-06,1.05843269957912e-05
"Os09g0442300",15513.4070196845,0.944892639785078,0.194087191729734,4.86839255781927,1.12509665014611e-06,1.06157500324327e-05
"Os09g0550000",1801.55464178968,0.707464734154047,0.145320416035545,4.86830930886546,1.12557061556768e-06,1.06165649900187e-05
"Os02g0789600",763.227817812089,0.69386991911913,0.142602815588915,4.86575188753194,1.14022488065755e-06,1.07326115828491e-05
"Os09g0268600",26.1545607648346,8.70581697391866,1.79025321644572,4.8628969879483,1.15680057545907e-06,1.08736872211391e-05
"Os08g0109400",945.286350902994,1.42151831218844,0.292384483954795,4.86181172462016,1.16316229067957e-06,1.09136891531929e-05
"Os01g0782100",1170.47754215787,1.37108143799712,0.28206257782855,4.8609122434899,1.16846046659511e-06,1.0948228719567e-05
"Os05g0373900",152.451186486448,2.02538223557748,0.416659528126806,4.86100064645845,1.16793872314996e-06,1.0948228719567e-05
"Os08g0502700",6193.03090875832,2.54632229020946,0.523912616999137,4.86020417831177,1.17264747915665e-06,1.09716483652063e-05
"Os02g0108800",982.789610788769,1.61719372622716,0.332760094785634,4.85993889161789,1.17421991739864e-06,1.09771528182479e-05
"Os01g0781700",863.32201739537,1.51293888627932,0.31146528710014,4.85748797358882,1.18884355763809e-06,1.10911491441638e-05
"Os11g0435100",63.3886379830128,9.8579189277134,2.02954319162028,4.85721071047686,1.19050886482234e-06,1.11029037508848e-05
"Os01g0128100",167.349473007649,3.59137588026658,0.739418042371705,4.85703035964221,1.19159329866432e-06,1.11092348685209e-05
"Os09g0439500",392.449221832568,4.05893876654114,0.835984566428855,4.85527954646346,1.20217030021692e-06,1.11964116604018e-05
"Os09g0571200",3547.35075010611,1.26202917593738,0.25995655001598,4.85476967539308,1.20526747419283e-06,1.12176287412898e-05
"Os03g0858700",2408.43941389928,1.25769877866146,0.259135987329253,4.85343155778458,1.21343232412794e-06,1.12821197522703e-05
"Os03g0124200",533.969555607944,1.9356963506245,0.398989668767532,4.85149491866247,1.2253434992936e-06,1.13774182336105e-05
"Os01g0758200",463.277973260711,1.07682927406052,0.222053791735569,4.84940727939855,1.23830935285674e-06,1.14705889361173e-05
"Os01g0279100",10713.5696320527,3.00115425193824,0.618932784672051,4.84891788940933,1.24136788454879e-06,1.14872661235392e-05
"Os09g0419600",62.4985749296534,5.61513506841286,1.1580399165704,4.84882687381141,1.24193750395193e-06,1.14886559171723e-05
"Os02g0232500",1962.35128333027,1.74495429237584,0.359910495663236,4.84830065641814,1.24523575821202e-06,1.15075260869703e-05
"Os02g0468400",988.897618409613,0.55357217952827,0.114176717371655,4.84838058293743,1.24473424821926e-06,1.15075260869703e-05
"Os05g0144300",2658.2575373523,0.734533777389741,0.15150335707806,4.84830033839636,1.24523775407178e-06,1.15075260869703e-05
"Os01g0924600",5841.8224873629,0.713183804692554,0.147172510142952,4.84590365415269,1.26036673127435e-06,1.16316391968786e-05
"Os12g0211500",469.462322223006,1.36953672108244,0.282629410511162,4.84569782955533,1.26167420377945e-06,1.16358646854286e-05
"Os02g0738300",443.473763577582,1.82875533008214,0.377515475425384,4.84418639532989,1.27131543023482e-06,1.17013126627036e-05
"Os04g0497700",685.932379455951,1.39137056650608,0.287251001886229,4.84374486901583,1.2741452137314e-06,1.171931213879e-05
"Os04g0201900",336.349731233604,1.78418898987684,0.368415204706737,4.84287555747618,1.27973443118662e-06,1.17628207398097e-05
"Os02g0649700",2527.71141157123,1.00194728386155,0.206905266998324,4.84254121897086,1.28189032571746e-06,1.17786843045042e-05
"Os12g0502800",4037.0136146963,0.962256267117356,0.198792878449925,4.84049667483306,1.29515023451022e-06,1.18845762390183e-05
"Os03g0395300",2332.21032711356,1.06038915388215,0.219088149504443,4.84001145785681,1.29831642965618e-06,1.19061946346771e-05
"Os02g0166600",3233.85497277277,1.50122589866909,0.3102101151561,4.83938409910863,1.30242118254579e-06,1.1939296723933e-05
"Os05g0412000",1386.9876177948,0.890954213696381,0.184123102235164,4.8389050742717,1.30556380121341e-06,1.19600996919854e-05
"Os11g0508600",9146.46946779938,1.91739249652861,0.396481996535605,4.83601402656986,1.32468578235867e-06,1.21231100115557e-05
"Os08g0140300",481.730359189337,3.65098004622844,0.755061997823021,4.83533810038761,1.32919519418346e-06,1.21563607630332e-05
"Os07g0446100",6383.10342905771,0.928284869101787,0.192000529926181,4.83480368235801,1.33277098832876e-06,1.21848899003048e-05
"Os06g0291800",603.370688836838,1.28990934176652,0.266868897882032,4.83349446864624,1.34157008352657e-06,1.22489820526254e-05
"Os12g0106700",463.342829381192,0.833944857705297,0.172559420248874,4.83279821236383,1.3462722832149e-06,1.22837255528113e-05
"Os03g0570800",167.966203134108,2.25608358507323,0.46690314556204,4.83201624687588,1.35157222208149e-06,1.23279769347433e-05
"Os01g0753000",2562.8632622577,0.462823946953471,0.0958021402974004,4.83103973999659,1.35821888713759e-06,1.23721228924462e-05
"Os12g0190200",379.464456071361,3.19589986923049,0.661529322357286,4.83107817177666,1.35795670521801e-06,1.23721228924462e-05
"Os11g0294600",4597.55999042775,1.06033332239881,0.219501082459184,4.83065190622002,1.36086741833166e-06,1.23880091244674e-05
"Os03g0224200",4964.94281834265,0.683341133928613,0.141461474132231,4.83058117498382,1.36135097978965e-06,1.23882939160858e-05
"Os05g0577700",3596.28212409468,1.65948756244837,0.343564645195169,4.83020469555492,1.36392760249299e-06,1.24076190501114e-05
"Os11g0226800",1816.69971277662,0.879754926189052,0.182158375751443,4.82961556151272,1.36796904650988e-06,1.24361235157492e-05
"Os01g0777500",124.247558040993,1.64089495987369,0.339888854060184,4.82773983398448,1.38091333854743e-06,1.25454717267504e-05
"Os06g0608700",2507.52489788935,4.3737393527003,0.906094503195477,4.82702338141955,1.38588855984417e-06,1.25864965327227e-05
"Os02g0602100",4258.78895692806,1.30605495485841,0.270864390244453,4.82180383209361,1.42265818968139e-06,1.28819935449795e-05
"Os07g0540600",30.898377755766,4.67327408054505,0.969193573137565,4.82181703435805,1.42256401233755e-06,1.28819935449795e-05
"Os10g0171500",690.618055640265,1.35827504570287,0.28169102381014,4.82186129799558,1.42224830480607e-06,1.28819935449795e-05
"Os01g0881900",6555.60537043556,1.69068320346671,0.350650890404287,4.82155685250769,1.42442110524088e-06,1.28936941485965e-05
"Os04g0675300",5819.40150970202,1.29539682440605,0.268692809984239,4.82110713897419,1.42763651176268e-06,1.29100005591586e-05
"Os01g0121300",1673.36772152452,1.13342642865336,0.235151724822095,4.81997922622452,1.43573170855292e-06,1.29789198775489e-05
"Os01g0355250",229.087864952657,11.7552813881185,2.43941685126233,4.81888996627841,1.44359137294651e-06,1.30394917376255e-05
"Os02g0475300",2065.81579393591,0.855746706408062,0.177678312896629,4.81626987816979,1.46266669290703e-06,1.3191933943173e-05
"Os04g0690800",265.448608748424,2.07668736861305,0.431253839138176,4.81546407276774,1.46858185819407e-06,1.32388209075569e-05
"Os07g0623100",5900.53608767731,0.7922292009882,0.164523352975963,4.81529938855518,1.46979358096218e-06,1.32388209075569e-05
"Os11g0225100",1617.00725111877,1.23449132438243,0.256368587029815,4.81529870209437,1.46979863385347e-06,1.32388209075569e-05
"Os05g0583100",3287.35470848997,1.18782498065246,0.246680922150724,4.81522839421967,1.47031624356151e-06,1.32391295948038e-05
"Os05g0358500",1608.12095902612,0.896875193516249,0.186277837683888,4.81471765330581,1.47408160554668e-06,1.32643131595036e-05
"Os02g0470600",487.708914207288,3.56056319364644,0.739709362253294,4.81346238852553,1.48337529695799e-06,1.33292072417822e-05
"Os03g0356540",38.5607144632145,9.27677621833336,1.92727533907784,4.81341509966712,1.48372651163499e-06,1.33292072417822e-05
"Os01g0948300",3579.10983653425,0.862540480985921,0.179212133309619,4.81295805734167,1.48712509131103e-06,1.33553584839673e-05
"Os03g0323100",234.865871874712,3.35716886006956,0.697575982562291,4.8126210534632,1.48963585462994e-06,1.33735220236541e-05
"Os03g0297000",1348.20275194315,2.01051771678279,0.417804677564261,4.81209958802713,1.49352893706419e-06,1.33953016094057e-05
"Os01g0844300",664.252958885118,2.88736169891539,0.600073762690433,4.81167796100581,1.49668381052836e-06,1.34192033565245e-05
"Os03g0805600",254.247528961222,3.73399374551767,0.77607770013689,4.81136585274779,1.49902332307562e-06,1.34313862748984e-05
"Os04g0165400",1241.99289580603,0.856803474232375,0.17812189038997,4.81020874164616,1.50772755817665e-06,1.35005444740165e-05
"Os12g0114100",1867.50222139396,0.994949517599243,0.206890880846533,4.80905448093323,1.51645875435254e-06,1.3565421861682e-05
"Os09g0532400",3300.32342582115,1.674992953165,0.348480746544498,4.80655809474146,1.5355087802289e-06,1.37223885805056e-05
"Os04g0521100",4576.81579049131,1.24921194696583,0.259968876838246,4.80523654276928,1.5456865211857e-06,1.3804336322725e-05
"Os03g0271600",1180.82219496897,0.789364889291171,0.164278947809384,4.80502766676522,1.54730107313639e-06,1.38142515300779e-05
"Os02g0489550",3902.55310041816,0.794725230203491,0.165427475185889,4.80407035959696,1.55472155109113e-06,1.38759784965582e-05
"Os08g0104600",9237.27432208656,3.82913520359829,0.797476486139451,4.80156502436199,1.57430370501185e-06,1.40187752873796e-05
"Os04g0541700",187.914680940768,3.06184245313281,0.637690589639197,4.80145465979855,1.57517176422801e-06,1.40219466343742e-05
"Os01g0328300",447.883149869924,1.20768800539094,0.251543872623908,4.80110285650487,1.57794190289143e-06,1.40420424503246e-05
"Os03g0151800",13056.9930913013,0.57816907186573,0.12045491812275,4.79987933142378,1.58761258950939e-06,1.41189274153415e-05
"Os01g0923900",3201.75404119061,1.17664148645058,0.245222195158226,4.7982666727674,1.60044603778745e-06,1.42145970885331e-05
"Os10g0166600",146.313952144724,2.74838432065184,0.572797025319159,4.7981819024295,1.60112338685369e-06,1.42160034649302e-05
"Os07g0213500",684.618019617704,1.19400973635086,0.24885663409839,4.79798234303366,1.60271903473699e-06,1.42255596501883e-05
"Os06g0188000",3769.59312977691,0.972835517270065,0.202794246306313,4.79715541732202,1.60934731799925e-06,1.42705187398244e-05
"Os05g0128100",619.687560228176,2.20404776924297,0.459588925036929,4.79569382370531,1.62112732712216e-06,1.43610280133257e-05
"Os07g0486500",2477.4548621221,1.4831827841961,0.309289079222693,4.79545798359141,1.62303587741611e-06,1.43686411500661e-05
"Os01g0310600",18.845841096861,8.11980860152475,1.69388249284716,4.79360796029988,1.63808240682292e-06,1.4492479071475e-05
"Os04g0581000",658.231094656604,2.49721216334689,0.521368956638434,4.78972161949928,1.67012850205954e-06,1.47569321935203e-05
"Os10g0465700",1788.92756206913,2.66871436674279,0.557225957325284,4.78928580346969,1.67375951407893e-06,1.47842460013337e-05
"Os08g0566700",77.5898172628103,6.15176436522819,1.28457724449691,4.78894079089613,1.67663937444783e-06,1.48049094472922e-05
"Os05g0150300",5811.40253249334,0.885841786452892,0.184991355105159,4.78855774611378,1.67984227297531e-06,1.48284111179719e-05
"Os02g0148000",1813.78142379425,2.61842167246395,0.547217479850127,4.7849744733686,1.71009065182887e-06,1.5075987461939e-05
"Os05g0232200",258.004257139581,2.85288359037332,0.596360134845436,4.7838267913611,1.71988906022379e-06,1.51574907492245e-05
"Os11g0220300",65.3627509306626,5.11831277418126,1.0699410000008,4.78373365837689,1.7206865515855e-06,1.51596414713665e-05
"Os02g0732700",7833.34242702731,0.876826272125775,0.183332957696905,4.78269855644498,1.7295740171789e-06,1.52232525400216e-05
"Os07g0113700",5818.15054137973,0.888192639434344,0.185773917719384,4.78104058060497,1.74390151921367e-06,1.53296554919068e-05
"Os04g0206500",178.662244600178,3.68664016260006,0.771154179562748,4.78067844317517,1.74704609498024e-06,1.53523707371202e-05
"Os04g0304400",235.712242569793,2.73521431985805,0.57215871618147,4.78051673862909,1.74845199568385e-06,1.53548729124002e-05
"Os01g0701900",211.104101065425,1.35370218748108,0.283204539396115,4.77994523098966,1.75342954637075e-06,1.53936502258465e-05
"Os03g0112700",5784.07242760811,0.753514401596534,0.157736017173958,4.77705989473239,1.77876804323239e-06,1.55961061050507e-05
"Os01g0650200",1019.15169926278,1.43252904056885,0.299964319997843,4.77566478766259,1.79114545935963e-06,1.56860486540035e-05
"Os01g0873700",1573.42425642207,0.878537690458003,0.183989466094237,4.77493472375222,1.79765554499704e-06,1.57365238200748e-05
"Os01g0960300",1017.11860678471,0.987289102172449,0.206781896434636,4.77454322257139,1.80115597726584e-06,1.57570946577096e-05
"Os07g0418700",424.944953040148,6.6803270781148,1.40004209388162,4.77151873312149,1.82841971278845e-06,1.59802949435189e-05
"Os09g0101100",544.613431307429,0.906243602138753,0.18993336346019,4.77137657981138,1.82971083748883e-06,1.59864783252493e-05
"Os12g0630200",35.9055378352962,3.7641915877624,0.78897232115868,4.77100588552248,1.83308183556447e-06,1.60057202926192e-05
"Os03g0158600",89.1884096727642,1.39805041063926,0.293062519225224,4.77048520000209,1.83782689475872e-06,1.6031820533228e-05
"Os01g0628900",85.009883340645,5.8782725761003,1.23234813533314,4.76997725525932,1.84246721715262e-06,1.60518510003268e-05
"Os05g0128000",110.548291668167,2.68535985557541,0.562985303005812,4.76985782974816,1.84355986077077e-06,1.6056263321581e-05
"Os05g0426200",33581.6479200641,0.854570303008353,0.179209922120916,4.76854346508649,1.85562640598226e-06,1.6145336918486e-05
"Os11g0644800",763.608479242384,0.834680366479354,0.175043829286907,4.76840783179659,1.85687590012584e-06,1.61465675493165e-05
"Os04g0596300",452.234534448224,1.05374613265852,0.22100270192177,4.76802375489294,1.86041851789409e-06,1.61671077486158e-05
"Os07g0241800",636.172860583742,1.39527482768373,0.292850337564971,4.76446378476235,1.89356521215406e-06,1.64447193170931e-05
"Os12g0127500",427.580506217378,1.09986478203672,0.230894323281132,4.76349858414469,1.90264946428417e-06,1.65034804569801e-05
"Os12g0640600",6878.5908309653,1.06439030489336,0.223447497432045,4.76349172456973,1.90271417466557e-06,1.65034804569801e-05
"Os12g0227400",4797.12702240111,2.26541819293453,0.475776316988428,4.76151946207451,1.92140764559309e-06,1.66495655869789e-05
"Os04g0437600",5147.08285966462,1.07777636231233,0.226420900760194,4.76005686177277,1.93538425331588e-06,1.67600727418828e-05
"Os03g0201400",613.815511682878,1.51055831894869,0.317356085355492,4.75982150226177,1.93764245243863e-06,1.67705059544727e-05
"Os05g0169500",359.810052137662,2.45749946862573,0.516372649038866,4.75915886172498,1.94401388026222e-06,1.68135409517721e-05
"Os03g0158500",60303.2273618883,1.26684490819546,0.266273742841009,4.75767867563229,1.95831895584547e-06,1.69212348642155e-05
"Os11g0428800",17712.6648206239,6.44254312144474,1.35425644562973,4.75725490710068,1.96243299925521e-06,1.69514355984231e-05
"Os04g0603200",1772.96410602908,0.843509262150729,0.177480699806107,4.7526816328324,2.00736300411774e-06,1.73122418280192e-05
"Os08g0485700",3350.66397954147,0.830305501637389,0.174749819670116,4.75139547042051,2.02017585195661e-06,1.74063028502496e-05
"Os08g0102000",177.313356615285,4.60297713252339,0.968839913125036,4.75101930687009,2.02393804578372e-06,1.74332349094534e-05
"Os11g0152700",6323.34923214711,1.05686773632464,0.222466915328367,4.75067375643106,2.02739999321129e-06,1.74520783199405e-05
"Os07g0665300",30.0758369898786,6.59665165834164,1.38929596068964,4.74819753673445,2.05237531761746e-06,1.76338181696549e-05
"Os01g0951400",1221.65536263229,0.905668951760179,0.190788590963084,4.74697646850078,2.06479963270536e-06,1.77183354446844e-05
"Os10g0538600",26.217672459299,8.49470836272263,1.79021957306093,4.74506506941958,2.084393201495e-06,1.78808688324928e-05
"Os04g0474300",1149.4535504328,1.38659169360291,0.292234138459694,4.74479710314252,2.0871543304138e-06,1.78933471875945e-05
"Os06g0137600",400.168458497321,1.64858932063174,0.347501111498237,4.74412675552004,2.09407699843144e-06,1.79428631638677e-05
"Os06g0698600",2036.15274118113,0.929034861566377,0.195829074417389,4.74411097703622,2.09424020791082e-06,1.79428631638677e-05
"Os02g0137500",5899.9558708009,1.04627891561658,0.22059061955626,4.74307981781489,2.10493284238648e-06,1.80231995891866e-05
"Os09g0482640",176.742249038909,8.65490395640335,1.82651017900779,4.73849204667719,2.15314478324642e-06,1.8395754447256e-05
"Os03g0416500",332.244208437946,1.27497338180738,0.269084542633953,4.73818885814552,2.15636801245153e-06,1.84175479354723e-05
"Os12g0510200",836.503260612243,1.21927559937456,0.257456841403117,4.7358446282865,2.18144667109631e-06,1.86143320149529e-05
"Os03g0421250",25.9433238859287,7.92410823433139,1.67368001942823,4.7345419329547,2.19550378320864e-06,1.87167893326697e-05
"Os09g0530300",124.087782292429,5.36670815120264,1.13393072299206,4.73283600345682,2.21404370421783e-06,1.88572360392508e-05
"Os02g0190300",3801.84809689482,0.883666746886789,0.18674676279578,4.73189860781222,2.22429516274902e-06,1.89386598703321e-05
"Os03g0751050",1169.89071987813,1.46646378874968,0.309924594700331,4.73167929821001,2.22670012705407e-06,1.89473573097664e-05
"Os10g0571900",311.662326020533,1.63423513177794,0.345422480018318,4.7311197918887,2.23284702898409e-06,1.8993761792206e-05
"Os03g0109900",450.17259073886,4.09531868617439,0.86565228007181,4.7309049839673,2.2352112984966e-06,1.9007970405812e-05
"Os09g0444900",470.115233360369,2.64292235312135,0.55872099835945,4.73030790122738,2.2417956857775e-06,1.90580464398297e-05
"Os03g0410300",1266.0567853055,1.16337341934859,0.245946922513323,4.73018083519856,2.24319932023317e-06,1.90640622341007e-05
"Os04g0185600",219.945007596841,4.66362123441154,0.986040370935835,4.72964532880674,2.24912406806476e-06,1.90966389796534e-05
"Os03g0187100",3615.08600153523,1.24837837403043,0.264012440475255,4.72848314186709,2.26203403520638e-06,1.92003019083787e-05
"Os07g0122200",423.392111893456,1.1018430158,0.233048107672965,4.72796379598245,2.26782608172088e-06,1.92375423364561e-05
"Os01g0668901",671.726463245447,1.43423369153956,0.30340024514437,4.72720017367518,2.27636831121105e-06,1.92923001585477e-05
"Os04g0492500",456.938594435174,1.90331130297537,0.402629921291651,4.72719786167279,2.27639422118309e-06,1.92923001585477e-05
"Os06g0241100",215.204546884726,3.384987459409,0.716259014518098,4.72592650256058,2.29068496592936e-06,1.93894165333038e-05
"Os02g0776700",4714.55339034075,0.477911501120978,0.10116246649215,4.7241977948221,2.31025481098099e-06,1.95490236415138e-05
"Os04g0321800",820.205700143824,1.20125563082532,0.254319671351738,4.72340823830303,2.31924629968121e-06,1.96129902422254e-05
"Os04g0390600",648.27258274684,1.15541992566478,0.244657239389536,4.72260673155537,2.32840824050078e-06,1.96843920109743e-05
"Os02g0564400",2513.46780828742,0.812971477535095,0.172183122086905,4.72155149518526,2.34052354401052e-06,1.97694243614739e-05
"Os03g0374400",543.959514908613,0.976241468377027,0.206792067999917,4.72088449919374,2.34821260500467e-06,1.9815123679508e-05
"Os01g0788500",1069.28605681187,0.793046360446175,0.167991508501031,4.72075265900304,2.34973531315295e-06,1.98218663266315e-05
"Os01g0733600",5388.19714872511,1.1947166312054,0.253124560011151,4.71987637688245,2.35988018283468e-06,1.98890701809307e-05
"Os03g0710000",259.880017240691,1.82024086252912,0.385687160100639,4.71947487713658,2.36454245052026e-06,1.99222338548756e-05
"Os01g0866800",10020.371915052,0.899172673217847,0.190563153658201,4.7185022705419,2.37587317326146e-06,2.00053925880125e-05
"Os06g0136100",1050.71833772715,0.744381275388852,0.157765094595403,4.71828877799526,2.37836729766389e-06,2.00202392902003e-05
"Os02g0169800",1705.38937802786,1.39910666625774,0.296542792082134,4.71805993473692,2.3810435479076e-06,2.00366094687364e-05
"Os01g0811001",791.654972741402,2.15979793821851,0.457803105040212,4.71774418836411,2.38474084988035e-06,2.00615591581919e-05
"Os11g0525700",798.728900584424,0.834427712185101,0.176896874923537,4.71702913093166,2.39313435994088e-06,2.01198106977104e-05
"Os04g0412200",95.6425579512308,4.39159755169934,0.931241597440324,4.71585200206949,2.40701358232186e-06,2.02116827202263e-05
"Os07g0680500",3213.68166615203,1.62765917204086,0.345157493933275,4.71569993597043,2.40881218080351e-06,2.02205867129601e-05
"Os01g0585200",714.233811745429,4.54390493432141,0.963592093548953,4.71558968233747,2.41011703906094e-06,2.02253418556734e-05
"Os11g0551300",921.644543093604,1.50280945931363,0.318762697477535,4.71450853944271,2.4229484340038e-06,2.03205696741574e-05
"Os01g0862200",303.487544404611,4.25386972627078,0.90232542964851,4.71434095338288,2.42494326755859e-06,2.03208901213492e-05
"Os03g0137400",1647.72796575955,0.987909932420749,0.209573367153935,4.71390971971697,2.4300836389805e-06,2.03554804144694e-05
"Os02g0474000",9803.50178500072,1.1704431987732,0.248313576180096,4.71356909589312,2.43415132030936e-06,2.03770901022597e-05
"Os03g0719800",8899.20717489174,0.616144483911114,0.130728235966194,4.71317064257216,2.43891788883374e-06,2.0410754626656e-05
"Os09g0538400",2027.82781760386,1.20633411551623,0.2559626636376,4.71292999679124,2.44180099540444e-06,2.04237498204274e-05
"Os12g0564800",105.608219852755,7.17947740093885,1.52391933586926,4.71119253621359,2.46271430526643e-06,2.0565916931571e-05
"Os02g0539100",2329.11482225715,0.985629269085211,0.20922250071472,4.71091429324393,2.46607936791317e-06,2.0568934216355e-05
"Os05g0592100",2096.5892056723,0.708825612459249,0.150463703565307,4.71094088250722,2.46575760745968e-06,2.0568934216355e-05
"Os11g0162000",893.424873475261,1.25572154543766,0.26654957184082,4.71102443258683,2.46474681833177e-06,2.0568934216355e-05
"Os01g0110100",692.712222092898,1.64005219261904,0.348197457664202,4.71012110088606,2.47569645822617e-06,2.06240272771512e-05
"Os12g0428600",24593.3304241027,1.11100902293676,0.235875576703769,4.71014862353491,2.47536215673422e-06,2.06240272771512e-05
"Os02g0132950",1778.59127001121,1.24986556047114,0.265366762835904,4.70995518471928,2.47771266303893e-06,2.06345477510792e-05
"Os01g0949750",8029.04825396743,2.32293946648918,0.493226147471863,4.70968434742542,2.48100725105002e-06,2.06557050496994e-05
"Os03g0356400",651.85537790782,1.56065066388034,0.331461438714667,4.70839283728506,2.49677569350821e-06,2.0768048290581e-05
"Os01g0959100",93.6002859292287,2.72199017332348,0.578149981772742,4.70810388158663,2.50031678877487e-06,2.07911891807324e-05
"Os03g0182400",5381.85492771921,0.60643881424987,0.128826023145194,4.70742478455909,2.50865797834223e-06,2.08542187207199e-05
"Os05g0291700",1728.1628037512,3.86137622574548,0.820593813905382,4.70558778327656,2.53135550551535e-06,2.10130207242257e-05
"Os07g0405100",2293.79227231592,0.703963427020826,0.149602210920669,4.70556833811849,2.53159681610546e-06,2.10130207242257e-05
"Os08g0175200",4844.02309096519,0.673292916192722,0.143090002331449,4.70538056623361,2.53392816469792e-06,2.10260001088278e-05
"Os03g0128200",9220.91492953903,1.5642881448139,0.332458840794669,4.70520844347173,2.53606702628282e-06,2.10373748991256e-05
"Os05g0472700",1172.20383071418,2.06818854319591,0.439688232452721,4.70376141671768,2.55411697343747e-06,2.11678723205524e-05
"Os02g0166200",4199.10309558785,3.54951799887919,0.754678364120414,4.70335200746903,2.55924620813177e-06,2.12039663904832e-05
"Os11g0133500",310.611053507158,2.22044104683783,0.472136536957603,4.7029638103124,2.56411882066236e-06,2.12314929313067e-05
"Os05g0407500",6984.41147455496,1.06896138421132,0.227393514938031,4.70093170644129,2.58977124599549e-06,2.14180024755623e-05
"Os09g0287000",3678.03500085969,1.8199887965839,0.387182117682651,4.70060137972495,2.59396435804233e-06,2.14462051708837e-05
"Os05g0165500",1346.06109420388,0.974415245145789,0.207299654915721,4.7005155196324,2.59505531821851e-06,2.14487508211597e-05
"Os05g0401200",1153.76435144487,1.85386915244987,0.394449542682955,4.69988921736422,2.60302660736608e-06,2.15081453400798e-05
"Os02g0608100",1769.02454347817,0.926272876716618,0.197107735032588,4.69932281735913,2.61025572076348e-06,2.15613734763065e-05
"Os08g0107400",1226.76816166929,0.95627754472606,0.203496303924847,4.69923790399271,2.61134115214723e-06,2.15638364481353e-05
"Os04g0185500",4516.56447632069,0.71447833805643,0.152064849236491,4.69851081064286,2.62065320113062e-06,2.16211782627015e-05
"Os11g0432800",579.830958600644,1.28839308726648,0.274231344296723,4.69819775916066,2.62467232998418e-06,2.16478168595594e-05
"Os10g0391200",1386.62854754687,1.38567908647643,0.295073376952124,4.6960491684794,2.65241720030356e-06,2.18569072002151e-05
"Os08g0200300",15050.7695766776,3.85092174669281,0.820138351340714,4.69545381019867,2.66015476182635e-06,2.19074861939825e-05
"Os02g0136000",1774.81885319998,0.754600972111399,0.160734819514312,4.69469511579106,2.67004651498605e-06,2.19691331006257e-05
"Os09g0491660",135.168714011303,1.438172914837,0.306350661531593,4.69453177494995,2.67218074368512e-06,2.19800909159998e-05
"Os11g0207600",81.5397616312219,2.88222918329737,0.613975333459625,4.69437292709562,2.67425783677552e-06,2.19905723227614e-05
"Os05g0480000",284.306781820913,2.83517848006961,0.604270987349525,4.69189906420192,2.70680670779501e-06,2.22248628696682e-05
"Os11g0672300",4373.53982693329,1.38757685655534,0.295758586633091,4.69158604100556,2.71095218213928e-06,2.2238901234195e-05
"Os02g0574800",81.369817135718,2.21377606014604,0.471877396956231,4.6914221245299,2.71312541460319e-06,2.22500653387413e-05
"Os10g0181200",2738.85783565627,2.92021073158119,0.622535622618738,4.69083314348683,2.72094803031697e-06,2.22875261657931e-05
"Os03g0809800",786.383550049659,0.768179753356414,0.163805115678994,4.68959562204273,2.73745488303537e-06,2.24093325466891e-05
"Os06g0602500",356.819053205111,1.25907792990442,0.268559132889226,4.68827075943741,2.75523324799819e-06,2.25159702243236e-05
"Os10g0488400",241.244020343078,2.64548464109136,0.564269543511068,4.68833498372125,2.75436887127733e-06,2.25159702243236e-05
"Os06g0301300",1543.5218218112,2.62659079140536,0.560312874215701,4.68772165030463,2.76263418924657e-06,2.25547878025791e-05
"Os03g0646900",4867.01915709889,0.829614397293789,0.176983999186861,4.6875107416794,2.76548190205475e-06,2.25645858740487e-05
"Os01g0810600",28.6294883954046,7.45038069657086,1.58961471835012,4.68690973389054,2.77361223788005e-06,2.26174494813255e-05
"Os06g0247800",11509.6855188639,0.612692070862401,0.130808991387293,4.68386816811678,2.81511105446293e-06,2.2935367903865e-05
"Os08g0240200",1877.54424343143,1.47617492216258,0.315185579378328,4.68351034674298,2.82003212164523e-06,2.29618013804948e-05
"Os04g0540500",1118.16738240885,1.95596349860588,0.41764246708299,4.68334437411798,2.8223175212603e-06,2.29680973833194e-05
"Os02g0706600",148.142660573794,2.76956649150384,0.591683240601543,4.68082632979112,2.85720910514289e-06,2.32230903854507e-05
"Os12g0607000",4391.05602822273,0.582393432418559,0.124459882462841,4.67936672359015,2.87762341227993e-06,2.3368213129487e-05
"Os01g0946700",3596.53226445949,1.14445759273238,0.244586584915183,4.67915111995717,2.88065071983195e-06,2.3385863623864e-05
"Os01g0797900",1449.40098753594,2.08171137028279,0.444959789314905,4.67842582694485,2.89085706214778e-06,2.34478726056529e-05
"Os12g0283900",528.585098924887,1.14868975749501,0.245568255972548,4.67768015432509,2.90138635506953e-06,2.35123886543519e-05
"Os11g0239500",310.020165930008,1.8108547539948,0.387225357156608,4.67648804637146,2.91829602646566e-06,2.36354365644355e-05
"Os07g0604300",110.857343930697,2.83604308825008,0.606538506201167,4.67578407513251,2.92832599665105e-06,2.37026528883774e-05
"Os04g0534200",3042.48102285807,1.29095181352172,0.276154520302458,4.67474445867409,2.94319864756334e-06,2.38019350916467e-05
"Os03g0269100",628.951111375586,1.87721617035983,0.401628961572861,4.67400598554514,2.953807165495e-06,2.38595494161231e-05
"Os08g0243500",4594.11914912057,0.691680327445078,0.147983546124368,4.67403536109195,2.95338447206446e-06,2.38595494161231e-05
"Os10g0524100",1326.43000322039,0.65661746642,0.140552233036935,4.67169714939679,2.98721186230164e-06,2.41151547657837e-05
"Os12g0575000",1572.06776723967,3.2786642575756,0.701965557593966,4.67069106469189,3.0018811958036e-06,2.42264371933578e-05
"Os03g0703400",1933.64902912377,0.846937551084539,0.181443673973169,4.66777117404369,3.04484736908374e-06,2.45226151974633e-05
"Os05g0397800",574.397796822171,1.43250164047147,0.306904700467341,4.66757804064299,3.04771003114943e-06,2.45384554565591e-05
"Os01g0589200",3427.58925158761,0.989209740570612,0.21196408210908,4.66687436252312,3.05816194580513e-06,2.46081415562716e-05
"Os12g0603700",919.19872383776,1.64052737527067,0.351661258711383,4.66507849423668,3.0849925346515e-06,2.48094628645447e-05
"Os09g0281700",1446.12610933204,0.562082962393948,0.120494330874421,4.66480836330591,3.08904782449429e-06,2.48347839626425e-05
"Os03g0773800",4485.62345869123,1.25447825766032,0.26892971471609,4.66470675798946,3.09057447824091e-06,2.48397668818946e-05
"Os08g0406150",35.6696364384797,2.26753149773012,0.486197826792634,4.66380426397347,3.10416655395109e-06,2.49270671589781e-05
"Os07g0562700",9662.99379601609,3.39398617781126,0.727767478714744,4.66355845386926,3.1078785189048e-06,2.49495605250063e-05
"Os12g0574700",343.379501857555,1.50507060018796,0.322815363865525,4.66232642141197,3.126547616816e-06,2.50627058156884e-05
"Os02g0605500",554.242186247686,1.31367544107805,0.281828060479593,4.66126559166089,3.14270861080018e-06,2.51701554264408e-05
"Os04g0488000",8800.7856557122,1.30146919891717,0.279255665855706,4.66049344040757,3.15452214646722e-06,2.52426281372725e-05
"Os09g0536000",856.598683053188,0.862661526461407,0.185118123056409,4.6600598159616,3.16117505272648e-06,2.5281093684447e-05
"Os10g0500600",2764.56802576228,0.575809916256755,0.123578439215868,4.65946907818542,3.17026013811124e-06,2.53389540248045e-05
"Os05g0113500",7699.75053224882,0.591642257606544,0.126993098160956,4.65885363987791,3.17975173318086e-06,2.5407403653313e-05
"Os11g0158600",886.231290033345,1.12738637258953,0.241999601477332,4.65862904611076,3.18322231347052e-06,2.54277172319251e-05
"Os02g0742100",5185.5788126211,0.676057609324405,0.14513611282012,4.65809367626031,3.19150988266853e-06,2.54713353169757e-05
"Os06g0295500",631.731672185169,1.32402353159608,0.284252265627861,4.65791725062088,3.1942454968814e-06,2.54713353169757e-05
"Os11g0140400",5144.52118413257,0.611114454828112,0.131196088433939,4.6580234374581,3.19259871957411e-06,2.54713353169757e-05
"Os11g0591800",705.906341947827,2.50979713288147,0.538797664879054,4.65814404270823,3.19072932486994e-06,2.54713353169757e-05
"Os03g0607700",295.129249979983,1.52371108333296,0.327144135447013,4.65761393292577,3.19895392729349e-06,2.55013233476415e-05
"Os07g0162700",342.385817052001,2.25878359284275,0.485013352534698,4.65715754223726,3.20605107070969e-06,2.55504640319491e-05
"Os05g0151300",4759.57491657599,0.780297925463558,0.167567312090385,4.65662375155049,3.21437099132318e-06,2.55869909396493e-05
"Os01g0355500",1578.69002644605,1.02138504113667,0.219434628257881,4.65462105614585,3.24577095236955e-06,2.58144344240285e-05
"Os02g0768750",1265.14550949137,1.82484113225749,0.392045215879596,4.65467006953077,3.24499897906325e-06,2.58144344240285e-05
"Os05g0125250",135.014828430337,2.02535973586747,0.435141609425516,4.65448417709673,3.24792776520914e-06,2.582408981621e-05
"Os01g0728300",869.141946515361,2.20301534851788,0.473349960453686,4.6540942908422,3.25407876700388e-06,2.5865487959084e-05
"Os07g0249900",35.0085972229612,8.40968917954641,1.80714331117582,4.6535817760212,3.26218140398038e-06,2.5922370419619e-05
"Os11g0703400",2097.53506891909,0.934012196726194,0.20071419227443,4.65344371587411,3.26436738114399e-06,2.59322177891285e-05
"Os09g0475500",1085.67313920355,1.04404238312712,0.224365249505909,4.6533159008638,3.26639239411618e-06,2.59407811154642e-05
"Os01g0650800",481.353414902617,2.18505003848996,0.469729840725941,4.65171647411859,3.29183469681692e-06,2.61172659623574e-05
"Os10g0464400",3786.77794997502,0.460235858205908,0.0989397230963099,4.65167926291754,3.29242887693111e-06,2.61172659623574e-05
"Os09g0369000",13324.8806449622,0.646168979329539,0.138985976931202,4.64916672600281,3.33278731855285e-06,2.6399183760116e-05
"Os09g0304800",346.750689634572,12.4969070484577,2.68804151315361,4.64907516766598,3.33426692697701e-06,2.64032684003548e-05
"Os03g0353400",7441.07187879405,1.05523931501765,0.226991887170663,4.64879748862686,3.33875815161371e-06,2.64235551952762e-05
"Os04g0629500",5777.99080744478,0.900749836612576,0.193788053597723,4.6481184979669,3.34976470476413e-06,2.64877035300792e-05
"Os03g0706900",3812.3292795694,1.14276902053012,0.245899796309362,4.64729551500897,3.36315204888202e-06,2.65856940015205e-05
"Os03g0758551",193.960719796047,1.76400715787978,0.379586747447322,4.64717793690777,3.36506885850358e-06,2.65856940015205e-05
"Os10g0491400",178.018597018926,2.0645294692703,0.444251022784904,4.64721376740621,3.36448462309126e-06,2.65856940015205e-05
"Os05g0235300",8987.95380502812,1.12817417370101,0.242831562938736,4.64591241784183,3.38576633746319e-06,2.67183882885204e-05
"Os09g0516300",2716.61055880614,1.05430011629892,0.226939324356471,4.64573567973991,3.388666574277e-06,2.67335731958586e-05
"Os03g0756200",4173.74887491427,0.761664639336919,0.163963989092817,4.64531659391229,3.39555321405873e-06,2.67801894864045e-05
"Os01g0501800",27826.5789421687,3.70006669506829,0.796721945452023,4.64411293825858,3.41540702790886e-06,2.69290195456107e-05
"Os04g0379900",15576.9064489115,0.573773933040664,0.123554560337804,4.64389118031692,3.41907695882994e-06,2.69501976918881e-05
"Os02g0819900",285.329515183526,1.29019678417635,0.277842590921127,4.6436249384912,3.42348806083037e-06,2.69772041065031e-05
"Os07g0103500",727.836722169615,7.6510671040048,1.64795583295876,4.64276223366252,3.43781890039805e-06,2.70745536230026e-05
"Os06g0535400",509.392189151643,0.845023493519214,0.182022456493774,4.64241341313903,3.44362965656803e-06,2.71125208172046e-05
"Os05g0422300",757.185064393963,1.35010039672117,0.290849806963183,4.64191608314209,3.45193061637231e-06,2.71700665267397e-05
"Os11g0537400",5686.72212335632,1.20723514483321,0.260085666550265,4.64168272264207,3.455832258773e-06,2.71851526134553e-05
"Os08g0109100",4840.25019403232,0.813941881112791,0.175399924801247,4.64049161956656,3.47581272657731e-06,2.73031219941724e-05
"Os04g0568800",400.679713067418,2.18689186729405,0.47128151849846,4.64030899039211,3.47888606433195e-06,2.73194289530151e-05
"Os08g0460600",5783.66001029193,1.83517838201694,0.39552261791643,4.63988226939955,3.48607721172842e-06,2.73602122941127e-05
"Os01g0550300",29396.3983423956,0.821413085479302,0.177051965382736,4.63938981814541,3.49439376836821e-06,2.73940869231178e-05
"Os12g0639800",711.71594318005,1.82803572199124,0.394021802406492,4.63942784593771,3.49375087471444e-06,2.73940869231178e-05
"Os08g0177300",5144.31498046693,0.792122340592416,0.170779128262307,4.63828541960795,3.51311416948018e-06,2.75329642964898e-05
"Os01g0235100",389.610251675864,2.61395102412701,0.563646455266239,4.63757200937653,3.52525810116884e-06,2.76202358836143e-05
"Os08g0205100",754.747109437376,1.03042794168996,0.222203621199489,4.63731390212072,3.52966160530284e-06,2.76468290051044e-05
"Os06g0103800",2512.39032910436,0.707379561990862,0.152617720417397,4.63497659417424,3.56977869041195e-06,2.79211330979651e-05
"Os03g0309800",1371.20265233157,1.17743147421465,0.254183868257722,4.63220377550015,3.61793783973153e-06,2.82438828150844e-05
"Os12g0544600",231.624169003217,1.678751592718,0.362414899253909,4.63212631758237,3.61929205508912e-06,2.82438828150844e-05
"Os07g0242600",565.460591335566,1.39423279970831,0.301117117118405,4.63020107608188,3.65310809300478e-06,2.84834283448602e-05
"Os08g0188151",138.537421333565,1.45603877009916,0.314489378419173,4.62985038610256,3.65930033662055e-06,2.85154752547293e-05
"Os07g0186000",30485.4428509234,1.55427922978065,0.335756201873314,4.62918993337644,3.67098949048241e-06,2.85902965976127e-05
"Os02g0326700",251.301804029508,6.4006261817154,1.38372556585121,4.62564712228759,3.7343062001388e-06,2.90586310022733e-05
"Os07g0138200",365.274763113787,1.68385603344215,0.364032959202255,4.625559282138,3.73588929249459e-06,2.90626934424082e-05
"Os06g0114650",409.392165514838,1.6247787467773,0.351298201373023,4.62506992756289,3.74472043029109e-06,2.91231224605631e-05
"Os03g0843700",1982.58851456367,0.656301081203727,0.141906319767011,4.62488973205193,3.74797736726229e-06,2.91257611561127e-05
"Os05g0464001",473.523055811191,2.60406550300609,0.563056447695999,4.62487467049139,3.74824971980933e-06,2.91257611561127e-05
"Os06g0160700",1322.30552427542,1.25434478344065,0.271435142486055,4.62115838042265,3.81603302364488e-06,2.95853270734947e-05
"Os04g0657300",65.908541130981,9.19018210489426,1.98940933858245,4.61955311391205,3.84567429129907e-06,2.97729973185339e-05
"Os06g0142600",2559.06981982967,1.31613237770862,0.284943523573285,4.61892364214456,3.85735762865313e-06,2.98465770639655e-05
"Os02g0533000",1517.75026787685,0.82721529835173,0.179096833188608,4.61881588649077,3.85936103956788e-06,2.98536453642485e-05
"Os01g0833100",1111.67066263591,1.13904685669514,0.24662828119672,4.61847623949743,3.86568234106358e-06,2.98863114545811e-05
"Os04g0513900",88.6431430375218,2.61024816198675,0.565175735591678,4.61847173827111,3.86576618172323e-06,2.98863114545811e-05
"Os01g0201900",1709.99886801396,1.48608197915621,0.321789936056099,4.61817419578075,3.87131212947893e-06,2.9920742251286e-05
"Os02g0170000",271.011978538473,2.93978915687571,0.636592894875232,4.61800497702993,3.87446962923521e-06,2.99366989039158e-05
"Os04g0119800",116.840687500946,2.86245577936898,0.619893617542233,4.6176564790554,3.88098012840692e-06,2.99667181266387e-05
"Os12g0490050",1236.06776550485,1.32954308188161,0.287931777648247,4.61756285721908,3.88273092006282e-06,2.99667181266387e-05
"Os11g0705900",374.439654491419,1.31680119750447,0.285194956882017,4.61719664295895,3.88958664961708e-06,3.00027225907242e-05
"Os12g0594000",54.2936907941193,3.18858226338363,0.690585888351239,4.61721317676548,3.88927687785303e-06,3.00027225907242e-05
"Os06g0220500",397.005145401263,1.55179713360964,0.336299327306003,4.6143331479151,3.94359433075185e-06,3.03901488482093e-05
"Os05g0224900",1497.51551989835,1.65159737951818,0.357952883827104,4.61400774833798,3.94977689708096e-06,3.04241673194445e-05
"Os04g0477300",505.115465730832,1.5368353758032,0.333159258003265,4.61291511157146,3.97060495171457e-06,3.05588199585315e-05
"Os03g0271100",333.340624378048,2.93469937354253,0.636206458804112,4.61280977728352,3.97261840833704e-06,3.05657277592022e-05
"Os04g0640500",672.118450726476,1.63149669916741,0.353735692917851,4.61219133899022,3.98445956088844e-06,3.06482257321806e-05
"Os08g0103300",4706.84928676116,0.681172106350534,0.147695895714654,4.61199076016673,3.98830727540361e-06,3.06657388321788e-05
"Os06g0647801",809.06164727218,1.75293602839472,0.3801115241352,4.61163610438505,3.99511937344748e-06,3.07043531868968e-05
"Os01g0911100",17358.9232937348,1.38272614773393,0.299858484977752,4.61126236876879,4.00231001684348e-06,3.07442679764749e-05
"Os08g0387050",251.964610112238,2.10006604385067,0.455531199718378,4.61014754894724,4.02383281908302e-06,3.08903600749728e-05
"Os08g0517200",7788.13567884585,0.823447667139485,0.178661430887229,4.60898394829964,4.04641568235534e-06,3.10376286629502e-05
"Os04g0398800",2131.87246218017,1.06269404922068,0.23069357269632,4.60651780108149,4.09468023409147e-06,3.13639223411631e-05
"Os05g0560300",5535.82703034447,1.52836295857805,0.331800985632356,4.6062640702084,4.0996771425111e-06,3.13934181186809e-05
"Os01g0674700",1603.83432841403,1.41794953513191,0.307882089318806,4.60549536437519,4.11485152743129e-06,3.15008100021997e-05
"Os04g0115200",1053.45824857139,0.816392395915615,0.177325156260852,4.60392881151431,4.14594233317343e-06,3.17210911865792e-05
"Os10g0559600",12909.6933708108,0.817726873789828,0.177617776372792,4.6038571729079,4.14736948783242e-06,3.17231492994185e-05
"Os08g0183900",591.824718021576,5.52415324722648,1.20029659778604,4.60232350688641,4.17803571040959e-06,3.19478100110921e-05
"Os02g0206100",152.293797202144,3.72835678351004,0.810173548625301,4.6019236123375,4.18606739518788e-06,3.19728522137431e-05
"Os06g0127600",566.978307435479,2.10896889149894,0.458284566761592,4.60187631104773,4.18701839621395e-06,3.19728522137431e-05
"Os10g0113900",145.400088854371,5.17528761721358,1.12459443786851,4.60191464846877,4.18624759950036e-06,3.19728522137431e-05
"Os05g0584450",48.3832927422772,2.09086086953571,0.45435731877798,4.60179859138002,4.18858141382184e-06,3.19758733294297e-05
"Os03g0857750",901.016854734809,1.67859353365661,0.364868806332683,4.60053998731283,4.21397113326263e-06,3.21517780811133e-05
"Os01g0511600",350.735509718387,5.90722502112086,1.28460366959789,4.59848057492313,4.25583386812569e-06,3.24326156273236e-05
"Os01g0295700",1311.85529545877,1.40023190098588,0.304625894367808,4.59656229780397,4.29518591786127e-06,3.26894797099578e-05
"Os01g0804200",94.2588746911319,4.47029463279335,0.972730987545232,4.59561244581559,4.31480026487478e-06,3.28296372375514e-05
"Os04g0529100",857.545597675176,1.0609942845842,0.230885177618152,4.59533303752793,4.32058633450528e-06,3.28645321545221e-05
"Os09g0361700",1335.48194372288,0.821119400368636,0.178689444713895,4.59523169755972,4.32268674920761e-06,3.28713805517894e-05
"Os08g0151600",438.063589870716,1.00897073604256,0.219642743096572,4.59369028913894,4.35475549305265e-06,3.30968667342412e-05
"Os03g0833300",5512.71623567566,0.741967694500032,0.161524094762685,4.59354188358182,4.35785504741563e-06,3.31112365058978e-05
"Os06g0727300",66.9617640008487,5.75021457548346,1.25230724866341,4.59169631224341,4.3965781297761e-06,3.33869341704179e-05
"Os02g0176100",5098.18664339197,0.855480937816882,0.186350720921554,4.59070366664697,4.41754156578272e-06,3.35368295533133e-05
"Os08g0359000",325.418108037923,3.1765525045352,0.692061443879716,4.58998623984506,4.43275230774158e-06,3.36336616236425e-05
"Os08g0550400",1133.88627815454,1.27654294271312,0.278184023233511,4.5888434852406,4.45708443470026e-06,3.3771507538278e-05
"Os06g0171900",10750.014569728,1.16041610652565,0.252996077358013,4.58669604147086,4.50315552049758e-06,3.40546473942433e-05
"Os06g0711100",1465.30090397438,0.650634050050802,0.141852403582644,4.58669739544977,4.5031263291191e-06,3.40546473942433e-05
"Os12g0559200",68.0102564965017,9.07038339101427,1.97772363286646,4.58627446235645,4.51225346081193e-06,3.41046177000827e-05
"Os07g0689400",1330.86625392011,1.2247896800119,0.26706653458829,4.58608444483708,4.5163599121793e-06,3.41262384426215e-05
"Os02g0126200",35.3557859900522,6.43761682017519,1.40511725837624,4.58155131310145,4.61539321627987e-06,3.47977527077132e-05
"Os03g0335200",366.630632473619,2.92135832346573,0.637681235486492,4.58122046077928,4.6227020799589e-06,3.48432671084629e-05
"Os04g0534600",187.268140487382,3.48214667156197,0.760127040834383,4.58100617988758,4.62744167676501e-06,3.48693961398268e-05
"Os04g0457000",14329.8776713623,3.34045053799588,0.729307451651518,4.58030495976892,4.64298425833657e-06,3.49661633429729e-05
"Os04g0645100",6857.44177982171,2.12400027829788,0.463806825723467,4.57949335908278,4.66103586644499e-06,3.50839333382233e-05
"Os01g0501700",932.233422923328,1.58477198180763,0.346072159332124,4.57931081444414,4.66510527209279e-06,3.51049171724983e-05
"Os05g0495300",16269.8278402213,1.76941411936876,0.386458636515737,4.57853429107335,4.68245410602551e-06,3.52159140905783e-05
"Os01g0373700",126.821671790144,4.45115175489405,0.972768181459702,4.57575796549472,4.74498874282064e-06,3.56472810352716e-05
"Os03g0336700",290.618026114506,1.56812985613622,0.342703736794641,4.57575943233993,4.74495549300084e-06,3.56472810352716e-05
"Os07g0484300",4423.95334948825,0.855953297215941,0.187073702491187,4.57548701831175,4.75113428701642e-06,3.56738813749087e-05
"Os12g0123500",28.3705346309306,7.47282789281395,1.63358309739072,4.57450123275034,4.77355797628355e-06,3.58324271110942e-05
"Os04g0481100",3284.17751365011,1.0920861040599,0.238766803539356,4.57386072046607,4.78818201648724e-06,3.59225126304032e-05
"Os10g0135600",1259.39853736736,0.96353282679494,0.210667533383001,4.57371295577475,4.79156183498496e-06,3.59281878516488e-05
"Os04g0495800",1616.95333579883,0.798478645716288,0.174590143307802,4.57344630451772,4.79766672639214e-06,3.59641185830889e-05
"Os02g0521100",93.092399410867,3.56398389518117,0.779359632534812,4.57296445235375,4.80871747038719e-06,3.60173858986534e-05
"Os10g0502500",1189.37780442509,1.03876875072347,0.22715341088442,4.57298328331952,4.80828514572529e-06,3.60173858986534e-05
"Os03g0644000",1728.5274826753,0.745000627652908,0.162920381748061,4.57278960225474,4.81273348824097e-06,3.60376115299093e-05
"Os07g0672500",11750.8557139999,0.898781278717589,0.196571765056413,4.57228065515744,4.82444145425637e-06,3.60956776491495e-05
"Os06g0345200",1223.94991001604,1.21744328997498,0.26650851991747,4.56812146325372,4.92114842441223e-06,3.67189257676588e-05
"Os02g0169400",236.605732526617,6.32015217817745,1.38453196111382,4.56482938327625,4.99900737404607e-06,3.72390021709263e-05
"Os05g0462400",2024.77368712753,1.10708718174621,0.242533519662234,4.56467701160649,5.00263943702557e-06,3.72559262695942e-05
"Os07g0161600",2954.88102183193,0.823050669106752,0.180462657268768,4.56078105888113,5.09636977046756e-06,3.79127279692767e-05
"Os01g0574500",6111.36242998332,0.499162298301308,0.109452054011458,4.56055670046221,5.101818369462e-06,3.79429560026972e-05
"Os06g0232200",1368.25214367541,0.748899875208816,0.164239627721377,4.55980012618686,5.1202331112705e-06,3.80695725165066e-05
"Os04g0631800",643.37026165407,1.10080793662702,0.241435326786594,4.55943192439289,5.12921801701751e-06,3.81260273281212e-05
"Os06g0660800",4768.57241302104,0.894681213649736,0.196269611308939,4.55842964014159,5.15375242993831e-06,3.82980013045145e-05
"Os04g0432100",217.008621505957,1.52667741231803,0.334975923427738,4.55757356139469,5.17479689535233e-06,3.84126996641181e-05
"Os10g0138100",1933.60201169387,1.15226036495941,0.252821024161294,4.55761291523087,5.17382768215799e-06,3.84126996641181e-05
"Os01g0151100",2589.43245376352,0.775112644958102,0.170123952291124,4.55616410575563,5.20962405793818e-06,3.86398084405591e-05
"Os06g0509100",1880.17037201663,1.04453850677502,0.229255636484916,4.55621734231054,5.20830453236905e-06,3.86398084405591e-05
"Os01g0812000",694.288229074166,0.905759349926093,0.198866373923531,4.55461288932828,5.24821348848112e-06,3.88839101062987e-05
"Os03g0160200",8632.50752040575,0.805543542404918,0.176921026913222,4.55312495331621,5.28548576832511e-06,3.91071692815216e-05
"Os01g0505400",5954.99629593383,0.601341001362127,0.132089232789611,4.55253610504293,5.30030609774331e-06,3.918506999279e-05
"Os06g0361500",835.814338747304,1.60947872856801,0.353573234565629,4.55203779931273,5.31287869579117e-06,3.92568277195619e-05
"Os01g0948600",13693.8687344825,1.54449956922159,0.339408218535999,4.55056620574369,5.35017491274245e-06,3.9489798177022e-05
"Os08g0296700",1165.50457356934,1.2174656477008,0.267588520686561,4.54976784720474,5.37051334393941e-06,3.96078974162209e-05
"Os03g0333700",2034.54388872268,1.55643963166765,0.342216209578984,4.54811779249872,5.4127838460332e-06,3.98585614898285e-05
"Os10g0501900",108.771562930212,1.84807513095745,0.406340007722441,4.54810034905501,5.41323240269293e-06,3.98585614898285e-05
"Os03g0138000",879.670264230466,0.668885640483096,0.147090709917983,4.54743634629314,5.43033366234709e-06,3.99522614411359e-05
"Os07g0550900",323.351528194919,1.88774535031765,0.415185687796931,4.54674957688076,5.44807567998016e-06,4.00720303303804e-05
"Os06g0229200",4891.14668486076,0.791568507019048,0.174167120540788,4.54487910554662,5.49667932405238e-06,4.03969797062299e-05
"Os04g0452100",1404.24115233877,1.18474145811584,0.260775944739618,4.5431393578069,5.54225854173044e-06,4.06970218458884e-05
"Os09g0551900",1308.24947250411,1.09170686004552,0.240296158507855,4.54317233710513,5.54139117080027e-06,4.06970218458884e-05
"Os02g0771800",3511.41904521473,0.755050494915784,0.166215088320771,4.54261103816668,5.55617132534831e-06,4.07548373477711e-05
"Os02g0792900",9752.84002721241,0.609555838972947,0.13418746400975,4.54256918461965,5.55727492584882e-06,4.07548373477711e-05
"Os04g0614500",189.471324583947,4.16364164648348,0.91659501280055,4.54250960166362,5.55884638003007e-06,4.07554499987697e-05
"Os08g0104700",4145.93219204864,0.923325584775837,0.203275091718559,4.5422465535237,5.56578915634547e-06,4.0784518668127e-05
"Os11g0703900",230192.942266472,1.39708886491054,0.30757302505118,4.54229971785745,5.5643852914645e-06,4.0784518668127e-05
"Os04g0667100",775.969426882593,0.945525355410995,0.208179030985153,4.54188565936033,5.5753279451177e-06,4.08325689157002e-05
"Os05g0490900",679.984277915753,2.83337965413426,0.623934827167037,4.54114681656602,5.59490512651539e-06,4.0942013587281e-05
"Os01g0855000",978.023293740797,0.871038752883231,0.191835044264421,4.54056116922314,5.61046981078084e-06,4.10241266916973e-05
"Os01g0939500",360.997648851764,4.10297822923562,0.903651985386542,4.54044067360794,5.61367734662781e-06,4.1028196609397e-05
"Os02g0452500",5401.3108800906,0.58981163944702,0.129933418092648,4.53933751690008,5.64312456654342e-06,4.1207897894479e-05
"Os10g0452300",16.4519954004334,7.69877478432648,1.69610896878951,4.53908028669939,5.65001219386211e-06,4.12471972286986e-05
"Os02g0731200",126.293498232287,3.37766101829883,0.744340283981331,4.53779150610038,5.68464207298797e-06,4.14778985139088e-05
"Os05g0569900",177.832446554398,2.45857203609866,0.541869312345454,4.53720478367165,5.7004746767591e-06,4.15712731286232e-05
"Os02g0293800",651.592421358156,0.907211421889575,0.199962757687441,4.53690193304707,5.70866355653217e-06,4.16199104277276e-05
"Os04g0577337",103.554313218889,2.72304493019193,0.600237614671506,4.5366116078583,5.71652432706115e-06,4.16550459809875e-05
"Os04g0430700",947.581689601342,1.45075167999933,0.319795092742677,4.53650388302448,5.71944369165508e-06,4.16612611006873e-05
"Os08g0379000",1321.55542380112,1.0395159703979,0.229149384035446,4.53641180304067,5.7219402088564e-06,4.16612611006873e-05
"Os12g0164300",684.755472681437,1.12618866799013,0.248346858208461,4.53474095108066,5.76742275257868e-06,4.19589579325054e-05
"Os01g0819000",927.654116354405,1.32578364156126,0.292402896292786,4.53409886964232,5.78499283243544e-06,4.20532745948087e-05
"Os08g0564800",7757.04803492675,1.24710848198711,0.27510531213332,4.5332039294928,5.80956769114053e-06,4.22095142249417e-05
"Os07g0570500",3072.71225410816,1.41536731273697,0.312274053866428,4.53245248912797,5.83027921906554e-06,4.23292571069575e-05
"Os12g0225100",24978.0609283702,0.892373898402782,0.196887341394967,4.53240869666999,5.83148842271084e-06,4.23292571069575e-05
"Os12g0182300",1854.59631775657,1.05976511551746,0.233865832083098,4.53150896853073,5.85638503658873e-06,4.2493309281378e-05
"Os01g0882500",311.824623387859,4.40306169709554,0.971740146784499,4.53111020643258,5.86745179370918e-06,4.25623337080212e-05
"Os08g0332800",4760.74257626148,1.31628872530309,0.290542391687635,4.53045325901443,5.88572757405207e-06,4.26836017953033e-05
"Os03g0218400",1494.34320260528,1.68231942903191,0.371343349893069,4.53036099748748,5.88829857883308e-06,4.26909439843348e-05
"Os01g0128800",2944.22668687003,0.865818307142611,0.191137436504719,4.52982065144121,5.90337772115299e-06,4.27437793207873e-05
"Os02g0768100",503.128361064482,1.46350336096263,0.323077803106173,4.52987901642279,5.90174718278126e-06,4.27437793207873e-05
"Os02g0222600",496.225807039788,2.20515190881457,0.486837678917951,4.52954240048912,5.91115712755876e-06,4.27887169347151e-05
"Os09g0362800",8727.05493018959,2.37811745914618,0.525394454030122,4.52634671132223,6.00120931110202e-06,4.33832473582463e-05
"Os11g0217500",2708.36573692865,0.923084180857214,0.203944848174206,4.52614610822987,6.00690573714945e-06,4.34129696691981e-05
"Os07g0454200",1162.53099662724,1.10114327036114,0.243315609587728,4.52557594733404,6.02312458094054e-06,4.35023238054026e-05
"Os01g0822800",527.881733076017,1.9990078551656,0.441818544298045,4.52449966386448,6.05385492120808e-06,4.37061518573565e-05
"Os02g0165800",19.5649974367758,8.08031833910099,1.78603414601398,4.52416789294562,6.06335795100468e-06,4.37632246735097e-05
"Os08g0504700",6820.04640934625,0.815656186672377,0.180305637161713,4.5237420166782,6.07557739812499e-06,4.38398684172923e-05
"Os05g0585500",4509.58956074837,0.58926303043995,0.130394857186782,4.51906649658637,6.21128859769212e-06,4.47310740067414e-05
"Os04g0681900",3596.53441549155,0.408182718780977,0.0903288245416385,4.51885343191662,6.21754158999282e-06,4.47581292224687e-05
"Os03g0829200",1413.60992836818,1.27794327869504,0.28284042490821,4.51824833423218,6.23533277460279e-06,4.48744088358237e-05
"Os02g0504200",220.350150173741,1.79942397088242,0.398319331071784,4.51754115483322,6.25618711814555e-06,4.50008459435727e-05
"Os11g0685400",63.8463211020858,4.22944352896341,0.936811173893839,4.51472361434781,6.339939457199e-06,4.55434780152473e-05
"Os05g0583500",1890.002979453,0.923970314479851,0.204684136266921,4.51412762772654,6.35779230593414e-06,4.56477821892115e-05
"Os08g0404350",62.8807720276527,2.2353517198107,0.495212659503778,4.513922810557,6.36393872622597e-06,4.56799385875408e-05
"Os04g0538166",170.974761892072,3.06973857116098,0.68012563928862,4.5134874997093,6.37702098910269e-06,4.57618501211716e-05
"Os10g0359500",3916.44648245756,1.47375226289287,0.326526884676421,4.5134178288361,6.37911717362111e-06,4.57649026984431e-05
"Os01g0692300",411.438428550205,2.08513208644413,0.462114384163482,4.51215577333442,6.41720291144757e-06,4.60019903029208e-05
"Os05g0114700",104982.44823149,1.43275449219231,0.317563841450386,4.51170538071523,6.43084725458361e-06,4.60877386578492e-05
"Os02g0744000",450.46008945323,3.22872245059632,0.715709485546561,4.51121930867056,6.44560362269584e-06,4.61814095812874e-05
"Os07g0507700",7267.22245924811,1.18507633902872,0.262709274063043,4.51098022045591,6.45287383876893e-06,4.62214088173953e-05
"Os04g0514400",231.982903995673,3.00576100213139,0.666372249707687,4.51063351370035,6.4634304684147e-06,4.62728238265413e-05
"Os01g0627500",4577.84128510124,1.46681145660038,0.325215021886057,4.51028199156895,6.4741505860477e-06,4.62854012635052e-05
"Os06g0644100",14378.9155279926,0.539206118191518,0.119576877029191,4.50928416586668,6.50467331550206e-06,4.64588022907215e-05
"Os06g0170500",5275.82812459964,1.10404939620975,0.244856089121186,4.50897259762783,6.51423212321016e-06,4.65028230614672e-05
"Os08g0515600",57.3155092313603,2.2707205358786,0.50373399386075,4.50777704811066,6.55103604872954e-06,4.67290178152997e-05
"Os01g0159300",3311.40195905264,0.790923732797186,0.175530509573956,4.50590461291828,6.6090773423524e-06,4.70939743715855e-05
"Os10g0496900",4899.50239204805,2.74326384858535,0.608970422856135,4.50475712058258,6.64488981169575e-06,4.73122372841586e-05
"Os04g0655300",2572.47764249895,1.97574285615449,0.438637042392189,4.50427726162709,6.65992087229758e-06,4.74069367497669e-05
"Os11g0683500",744.153263206903,3.24296584666804,0.72005226016139,4.50379233021388,6.67514386341743e-06,4.74782824105081e-05
"Os02g0137100",5138.11681787834,0.834417091997244,0.185298884188955,4.50308751533746,6.6973288091368e-06,4.75989967335407e-05
"Os08g0538300",3570.03979498904,0.651138411443755,0.144643421644194,4.5016800905435,6.7418405275061e-06,4.78656697482944e-05
"Os01g0645900",890.600118873986,1.48895405499657,0.330860062325085,4.50025320231489,6.78725661862889e-06,4.8113288312853e-05
"Os08g0260600",1241.16852798432,1.70297315446741,0.378446518086894,4.49990440677378,6.79840278158065e-06,4.81549135221814e-05
"Os02g0610500",1294.98909135298,2.19362955779682,0.487640790638853,4.49845377972373,6.84494736084574e-06,4.84595381651397e-05
"Os09g0446350",77.443747885677,2.84608192189815,0.632779635046623,4.49774576213795,6.86777523832412e-06,4.85960298509263e-05
"Os06g0112800",12411.4056997173,0.910496722346349,0.202437888576414,4.49765964636933,6.87055674197207e-06,4.86031559192554e-05
"Os05g0462600",2473.61189877158,0.989003263484028,0.219903380330382,4.4974445686017,6.87750837191526e-06,4.86275219876997e-05
"Os12g0416500",3140.0740565895,1.41791417756059,0.315279417735072,4.49732553982341,6.8813584486259e-06,4.86418811009837e-05
"Os09g0530000",1707.70285393504,2.89169582149373,0.643073967367168,4.49667684937197,6.90237709637744e-06,4.8765285284208e-05
"Os10g0577700",776.336245414567,1.01759770966213,0.226325814023817,4.49616281753456,6.91907617728783e-06,4.88580602145117e-05
"Os01g0912850",75.4086881294982,4.42605634238138,0.984427847638784,4.4960698267502,6.92210124458258e-06,4.88668235026705e-05
"Os09g0550500",20.7274963717812,8.24957682620036,1.83492776830807,4.49585916605701,6.92895889127664e-06,4.89026315359336e-05
"Os07g0227800",1718.92111318021,1.16473310714559,0.259082718044476,4.49560324184046,6.93729874620259e-06,4.89383568594043e-05
"Os03g0131500",1226.6428424494,0.786547108593852,0.175019582840007,4.49405201309883,6.98805479423124e-06,4.92056063930046e-05
"Os03g0738100",2746.90733097375,2.15777838158075,0.480139626895905,4.49406435276079,6.98764964383229e-06,4.92056063930046e-05
"Os02g0614100",1992.86917253443,0.619191344870769,0.137799245170451,4.49343059974573,7.00848685464496e-06,4.93150787350727e-05
"Os03g0186500",2850.744589336,0.778188262107844,0.173229868807433,4.49222912575718,7.04815344966716e-06,4.95596562320479e-05
"Os01g0557100",3013.26943182741,0.752565607043876,0.167546441412671,4.49168362335007,7.06623397384337e-06,4.96667217802268e-05
"Os08g0270800",1674.74955918935,0.607688592850325,0.135318408112276,4.4908050673055,7.09544675602769e-06,4.98336877165011e-05
"Os04g0490700",935.722168171473,0.863969852005009,0.19238902441083,4.49074397383542,7.09748245863304e-06,4.98352068762926e-05
"Os01g0558100",106.234826430461,2.43275690492049,0.542057649321125,4.48800401205902,7.18935753077859e-06,5.03769997762999e-05
"Os12g0485900",1050.83244055374,1.4709158897409,0.327779175876667,4.4875208615887,7.20567581818514e-06,5.04655245041956e-05
"Os12g0564600",4866.97730061327,0.760292103021632,0.169431387015179,4.4873155819324,7.21261980471824e-06,5.05012446500607e-05
"Os11g0471300",501.730430633007,13.0227882678552,2.90277615982653,4.48632190386787,7.24632347605184e-06,5.06854050900245e-05
"Os12g0152750",598.448605317653,1.91135286221744,0.426137989054727,4.48529094169066,7.28145092828529e-06,5.08921210453336e-05
"Os08g0482100",4535.64933712693,0.831343227008546,0.185414200337567,4.48370850503895,7.33568547824982e-06,5.12189041383484e-05
"Os11g0432900",6614.93690647918,1.57299590350542,0.35084897318917,4.48339890867314,7.34634130105286e-06,5.12802330726654e-05
"Os11g0137300",931.580753849375,1.57002380395371,0.35019905793457,4.48323251699621,7.35207435616224e-06,5.12923561748833e-05
"Os06g0625400",8781.78793588365,0.617222421256866,0.13772250586717,4.48163803998861,7.40722972012996e-06,5.16263178789007e-05
"Os02g0789700",83.8953755614449,1.63861368333734,0.365639427406159,4.48150161201609,7.41196730123466e-06,5.16461959674685e-05
"Os04g0677300",325.928551180248,1.98386385741976,0.442707266758164,4.48120915644123,7.42213284285763e-06,5.16775904165515e-05
"Os07g0121750",144.494797529892,2.23253301157508,0.498211523299869,4.48109469003859,7.42611524029996e-06,5.16856211163993e-05
"Os10g0577800",24100.536278606,1.0776756567545,0.240495294347678,4.48106753887888,7.42706015531188e-06,5.16856211163993e-05
"Os03g0424000",709.778369623446,1.44178444177142,0.321792730496955,4.48047548975025,7.44769326686261e-06,5.18028863058999e-05
"Os07g0607300",3797.24115015129,0.859402065361833,0.191822241627419,4.48020030456671,7.45730221167437e-06,5.18477184450394e-05
"Os10g0389200",329.825894353945,1.0624428923197,0.237142771238202,4.48018249416727,7.45792452533515e-06,5.18477184450394e-05
"Os05g0355400",5518.06560581227,2.02704933239955,0.452517560335969,4.47949319556699,7.48204751478622e-06,5.19758466846334e-05
"Os11g0283500",1184.04244686833,1.13858125821176,0.254261769226666,4.4779884198664,7.53496877979305e-06,5.23036821711382e-05
"Os03g0567600",5716.59585243048,0.433988815954359,0.0969342663034566,4.4771455183427,7.56476887664346e-06,5.24928824572482e-05
"Os11g0618800",44.6201453271653,6.10128207038578,1.36285770967851,4.47682984588688,7.57595819714009e-06,5.25349546779403e-05
"Os02g0294100",1018.64962931112,1.54548749747849,0.345230819968583,4.47667881337804,7.58131728821131e-06,5.2558810893798e-05
"Os10g0389300",195.445580084398,3.01748179767329,0.674143930735422,4.47602011988973,7.60473213517357e-06,5.26811375605815e-05
"Os09g0436700",2235.95329161968,0.914270138198366,0.204285655730231,4.47544951176456,7.62507165518542e-06,5.28086821004258e-05
"Os11g0213800",1487.13322694976,1.51422132463469,0.338414196258769,4.47446159580386,7.66040929678043e-06,5.30266037523661e-05
"Os10g0184200",1006.18348007594,0.946994732486155,0.211694072671331,4.47341165737989,7.69813709318755e-06,5.3247392201894e-05
"Os12g0277400",2766.04127728203,0.769318340603591,0.17203769270701,4.47180108322997,7.7563558810267e-06,5.35959495300712e-05
"Os10g0558801",61.9299428582341,3.31585845726177,0.741587923068388,4.47129511432995,7.77473229759161e-06,5.37093801672968e-05
"Os06g0620700",39.0769352797508,4.0972474755991,0.916487352319985,4.47059903797622,7.80008131044969e-06,5.38649856910477e-05
"Os08g0141300",7963.12480243412,0.573667764693531,0.128332365722949,4.47017213048187,7.81566707211254e-06,5.39105859411318e-05
"Os11g0618600",138.109944025779,2.07300407692736,0.463866454296557,4.46896743173857,7.85980956468317e-06,5.41248739169295e-05
"Os01g0786900",3492.76276224013,0.830882589256742,0.185929546184738,4.4688034059481,7.86583819101209e-06,5.41475682055823e-05
"Os01g0297200",2940.7529463277,2.10525750392787,0.471109277392395,4.46872435962318,7.86874504875197e-06,5.4153968751348e-05
"Os03g0654600",441.010762187785,1.3838432396465,0.309686435386771,4.46853036335998,7.87588344121079e-06,5.41894808686774e-05
"Os03g0685700",3991.40718111292,0.893553334817701,0.199982289851938,4.46816233317093,7.88944269783236e-06,5.42418988293991e-05
"Os04g0607100",1085.2734703722,0.871043896981128,0.194958331144073,4.46784649760586,7.90109675054278e-06,5.43083917425639e-05
"Os02g0630000",244.826521327716,1.62537551975911,0.363859844461425,4.46703736205061,7.93102827358404e-06,5.44458133939199e-05
"Os03g0568900",3769.58793024173,1.04132476296292,0.233129088482155,4.46673029840558,7.94241551396042e-06,5.45103240648684e-05
"Os11g0105750",2329.54748465114,3.73629280726192,0.836711929229838,4.465447039462,7.99017364795273e-06,5.48106302006194e-05
"Os09g0517000",414.526120472128,3.13455333081349,0.70208749167517,4.46461925042204,8.02112641235763e-06,5.49582334052254e-05
"Os06g0474800",33.589371459066,8.94979317507961,2.00457041768433,4.46469382972256,8.01833304469307e-06,5.49582334052254e-05
"Os04g0675400",169.993383603803,1.83925761018178,0.412043846189679,4.463742456513,8.05403656350835e-06,5.51382443166851e-05
"Os07g0159800",7798.49165688646,0.58196447934647,0.130392856344825,4.46316229017531,8.0758838231915e-06,5.52325927093729e-05
"Os12g0641100",9480.63085562378,1.0605806204195,0.237661683514524,4.46256462015969,8.09844945170715e-06,5.53316609956873e-05
"Os01g0585300",909.982358897142,4.16100280077305,0.932692681690083,4.46127956448969,8.14717230407143e-06,5.5650672464045e-05
"Os03g0718000",1170.72856597158,0.753513622828452,0.168907991037991,4.46108924863698,8.15441190348187e-06,5.56862369604268e-05
"Os01g0286100",245.766774330061,1.91500360524272,0.429290066364342,4.46086167672334,8.16307679341068e-06,5.57187762920318e-05
"Os03g0744675",498.348065353648,2.64855493301855,0.593814244341457,4.46024149514265,8.18673514797359e-06,5.58651874534491e-05
"Os10g0558900",258.670434949076,2.75378292816155,0.617508254191735,4.45950788425657,8.21480516469636e-06,5.60148688738357e-05
"Os06g0320100",3997.55938551725,0.736183764726961,0.165096547164389,4.45911060752793,8.23004446538461e-06,5.60908554245708e-05
"Os07g0664600",95.9864891027178,3.0827486839592,0.69147227329835,4.45823904009104,8.2635720048227e-06,5.62913456314595e-05
"Os12g0162100",13900.6529807161,1.07262601307537,0.240592734888952,4.45826435104304,8.2625965027325e-06,5.62913456314595e-05
"Os08g0163400",1450.70513015745,2.7057683638454,0.607064613596466,4.45713405664592,8.30626632253336e-06,5.65259480349096e-05
"Os06g0679700",839.677503179188,0.679164870292633,0.152388426087544,4.45680087215067,8.319181212421e-06,5.65997746123754e-05
"Os02g0651500",1812.5125100805,0.786445875527763,0.176478049390605,4.45633821454529,8.33714656981912e-06,5.66938385536036e-05
"Os02g0206400",132.736271636183,4.78169482583975,1.07319569083055,4.45556655388653,8.36719328854323e-06,5.68840385620471e-05
"Os08g0150700",103.595987100858,2.46939626695065,0.554330909977082,4.45473312511608,8.39976136848515e-06,5.70771182446482e-05
"Os01g0221600",33.2859344574435,6.10391817383495,1.37024416144588,4.45462082275477,8.40415908465355e-06,5.70928376705718e-05
"Os04g0397100",17900.6423357779,0.375303364173496,0.0842557293589848,4.45433642351438,8.41530589193975e-06,5.71402190595245e-05
"Os05g0155300",2345.91126065877,0.413982836790982,0.0929389095929037,4.4543543560424,8.41460262323016e-06,5.71402190595245e-05
"Os02g0204700",1141.10130334541,0.705669631210697,0.158427965881486,4.45419864658605,8.42071103122392e-06,5.71489853555882e-05
"Os08g0158200",21.142218610111,7.40990767129464,1.6637193350421,4.45382073479788,8.43555396155334e-06,5.72351395989367e-05
"Os06g0104800",16.5245753621945,7.31523439610909,1.64289136026909,4.45265863161574,8.48135376861226e-06,5.7488928749334e-05
"Os12g0152900",1515.12467606099,1.58752449575322,0.356615773697531,4.45163846594093,8.52175546248769e-06,5.77199317193374e-05
"Os09g0309700",1258.90889060865,1.13560739079907,0.255269649479579,4.44865808808153,8.64084390268827e-06,5.84398408243295e-05
"Os10g0432400",32.6889741610605,7.68452878664297,1.72783456614091,4.44749106033122,8.68790735284968e-06,5.87291387714476e-05
"Os06g0694200",15.9959558980596,6.99384786898951,1.57284466006401,4.44662339935394,8.72305671852128e-06,5.89231187612864e-05
"Os06g0166400",2115.847264141,2.03908640386652,0.458733969008395,4.44503032612613,8.78794700485988e-06,5.93175594899253e-05
"Os10g0318900",230.070358253373,1.63874697049981,0.368674131711614,4.44497411004056,8.79024524691188e-06,5.9318454682967e-05
"Os05g0117864",2606.50824670924,0.848681930835862,0.190977024371729,4.44389545615675,8.83445448190189e-06,5.95580956716157e-05
"Os01g0740650",760.135073456528,0.614840126201129,0.138445080088012,4.44103991135158,8.95251869556493e-06,6.02206384062424e-05
"Os09g0532700",1126.03785560293,1.09229688253542,0.245960686847418,4.44094093465037,8.95663786045645e-06,6.0233554538611e-05
"Os02g0696650",201.98648456596,1.9413080936291,0.437320413010132,4.43909782364567,9.03367523731666e-06,6.0706918161271e-05
"Os01g0173000",258.293632511355,1.56013021096056,0.351495543862595,4.43854904621617,9.05673479575641e-06,6.08320310913595e-05
"Os01g0666000",181.383662200892,1.64094311235999,0.369726090561768,4.4382670150941,9.06860757702374e-06,6.08968448497812e-05
"Os09g0558300",5244.44439811604,0.594994919902901,0.134066404740508,4.43806128056124,9.07727784865325e-06,6.09401268510935e-05
"Os02g0274900",3574.46118287471,0.91297885142417,0.205761879514732,4.43706508502612,9.11937267137196e-06,6.12077277239768e-05
"Os07g0693700",3663.6698812196,0.704587159805518,0.158799681574095,4.4369557471484,9.12400414966464e-06,6.12238112845331e-05
"Os01g0115300",134.7893509998,2.62094244723847,0.590730479358613,4.43678215162382,9.13136215538873e-06,6.12581780059399e-05
"Os12g0168700",1411.92974468284,2.62791483041467,0.592492741019067,4.43535363132845,9.19212696151012e-06,6.16390963221467e-05
"Os08g0191000",1999.72534007564,0.565520970076683,0.127513536360871,4.43498773711543,9.20775300204407e-06,6.16950984537645e-05
"Os06g0650900",240.996341486458,2.03768050402725,0.45957579123622,4.43382907212337,9.25740307070086e-06,6.19671377100604e-05
"Os03g0223700",4330.79954531213,0.891233439237327,0.201071028760131,4.43243089137685,9.31765724975867e-06,6.23247740483858e-05
"Os06g0283300",1946.19138239848,0.944290880320688,0.21304706440508,4.43231115602348,9.32283458975638e-06,6.23441802363323e-05
"Os01g0187900",1370.67947140053,1.22244601820748,0.275881692332828,4.43105161444602,9.37746377753826e-06,6.26636033985242e-05
"Os03g0684500",166.282030299108,1.74195955945893,0.393317862627707,4.42888494262913,9.47215351630562e-06,6.31576818318226e-05
"Os10g0127700",3058.99821578033,0.727778820416969,0.16433004404563,4.4287630094889,9.47750940098268e-06,6.31626423363301e-05
"Os09g0505000",485.870222938914,1.22825150234089,0.277347987096662,4.42855747827301,9.48654386054059e-06,6.32074733359444e-05
"Os04g0617700",138.911084002526,1.98332481074269,0.447908869037271,4.42796503450717,9.51263175204407e-06,6.33658794553111e-05
"Os02g0107700",247.165609290538,1.6629915821907,0.37558283936324,4.42776242122809,9.52156941816539e-06,6.34099946348087e-05
"Os07g0506000",3932.255071961,0.665532328396815,0.150332710859695,4.42706264385769,9.55249969946611e-06,6.3600515135653e-05
"Os11g0147150",305.673618747387,1.48378261241206,0.335217023981531,4.42633430363552,9.58479439286893e-06,6.38000250826422e-05
"Os01g0655400",3826.25454417818,0.782394402679506,0.176917331718619,4.42237283978417,9.76228056523836e-06,6.48553545870589e-05
"Os02g0539600",2053.31279216623,1.16490744864409,0.26343812901211,4.4219394246857,9.78188836763367e-06,6.49648967087263e-05
"Os04g0506700",574.204969340776,2.32958540599397,0.526859286338212,4.42164628469415,9.79517141050432e-06,6.50107923685786e-05
"Os01g0102800",2164.88254045107,0.7108823512688,0.16078208672636,4.42140269319101,9.80622236964081e-06,6.50683713485541e-05
"Os06g0207700",1725.45417762017,1.25877024977894,0.284712428664884,4.42119880639476,9.81548120915063e-06,6.51140338580395e-05
"Os09g0131400",4566.10272724937,1.89108809928916,0.427850921159086,4.4199696804813,9.87147501770548e-06,6.54379409995089e-05
"Os03g0168100",15.7837473614738,7.92277049484858,1.79326973085405,4.41805845408171,9.95914893894218e-06,6.5987191240098e-05
"Os11g0633500",1344.99183353345,1.33969311205142,0.303250670830357,4.4177746033771,9.97223331921278e-06,6.60579063715979e-05
"Os02g0760400",427.655703082606,0.861870222911208,0.195199687584657,4.41532583159191,1.00857957235745e-05,6.67617280484364e-05
"Os05g0150400",1639.17742753324,0.516768799960914,0.117119110098675,4.41233543804703,1.02261515273862e-05,6.76091036656131e-05
"Os09g0506450",29.9105651912826,8.44280185005678,1.9139199568269,4.41126172489166,1.02770004843508e-05,6.79125018737887e-05
"Os11g0172600",33.9802180106623,9.06333329344476,2.05465989109928,4.41111121733909,1.02841474949294e-05,6.79433391301522e-05
"Os03g0756700",1136.16918382758,0.99694566914293,0.226025154443118,4.41077309115974,1.03002210890324e-05,6.80331217385304e-05
"Os07g0647200",428.573075305544,1.06496991139307,0.241489091784904,4.41001249175115,1.03364656345533e-05,6.82396071815016e-05
"Os10g0134500",85.2307112875776,5.702222317691,1.29345814102255,4.40850935708138,1.04084524295276e-05,6.86817442778104e-05
"Os07g0669800",5323.95871760382,1.0743074524542,0.243720570323589,4.40794739249068,1.04354882942812e-05,6.88269828722988e-05
"Os10g0492900",374.108601892499,2.36611763856104,0.536806602991296,4.40776552556564,1.04442521846168e-05,6.88682021157532e-05
"Os08g0549000",2149.11718322215,1.51148906332386,0.343013001581395,4.40650662323419,1.05051097663334e-05,6.92361553439935e-05
"Os08g0384500",1459.73833367799,1.26840232209207,0.287875201011881,4.40608401707976,1.05256151097669e-05,6.93546123338045e-05
"Os01g0606200",313.195690524363,7.76662856132411,1.76275806252818,4.405952652507,1.05319968550311e-05,6.93799725483782e-05
"Os01g0236700",4447.35088176927,0.664162959963607,0.150783414009384,4.40474812383725,1.05906858741672e-05,6.97330473027195e-05
"Os12g0153900",94.3563808975283,1.48646598133383,0.337493189750183,4.40443252331738,1.06061146338494e-05,6.98178529045344e-05
"Os01g0118066",148.648512608017,1.53316407208439,0.348250176517177,4.40247895181977,1.07020975431943e-05,7.03651353350057e-05
"Os01g0374900",1877.06380306125,0.6848732659483,0.155564792236766,4.40249529537467,1.07012911218284e-05,7.03651353350057e-05
"Os06g0523100",4962.59351187827,0.99289468467445,0.225594589850696,4.40123446812964,1.07636734013564e-05,7.0685154192413e-05
"Os01g0937300",2426.84024914784,1.89266442935251,0.430185897105807,4.39964313587666,1.08429039451334e-05,7.11372411882993e-05
"Os01g0966100",1903.18459451068,0.962598287692592,0.218855583633387,4.39832638359858,1.09088841903495e-05,7.15358503370511e-05
"Os02g0169000",567.87740136274,0.905817228288212,0.205954417371008,4.39814421001937,1.09180427328756e-05,7.15708198128122e-05
"Os07g0187700",5511.98818044867,0.436224834063617,0.0992212324583104,4.39648675243885,1.10017072061079e-05,7.20829958070054e-05
"Os10g0522400",449.572778560146,0.97010166280945,0.220654965023901,4.3964642386559,1.10028478503556e-05,7.20829958070054e-05
"Os06g0206100",5693.67083545519,0.458865111947473,0.104385879154935,4.39585426364425,1.1033794790245e-05,7.22511769303373e-05
"Os01g0915400",455.668023314546,2.32554435468284,0.529229167038243,4.39421048484047,1.11176057867527e-05,7.26783627935427e-05
"Os05g0348100",563.18172197397,2.86486960623621,0.652105774188209,4.39325906874942,1.11663927665193e-05,7.29276738835793e-05
"Os10g0498700",6825.06080665217,0.959494685427094,0.218399564797421,4.3932994386554,1.11643185215176e-05,7.29276738835793e-05
"Os02g0608300",1551.24114922446,0.517764687656734,0.117869217053641,4.39270490293582,1.11949035601941e-05,7.30964489671696e-05
"Os05g0490700",7218.4361082487,0.36889371673721,0.0839984898089633,4.39167082141811,1.12482910541092e-05,7.34100405678116e-05
"Os10g0375600",4977.31011788845,0.657945224986497,0.149825667357931,4.3914052684623,1.12620401773488e-05,7.34822635773609e-05
"Os03g0218300",601.565887595246,1.67537720600585,0.381690250117305,4.38936337905135,1.13682971771446e-05,7.40697021834366e-05
"Os08g0277900",4181.1234794701,0.997000353336469,0.227164794835674,4.38888584852101,1.13932849034859e-05,7.41972103640945e-05
"Os10g0559800",399.59284799407,1.69679769585281,0.386628395378721,4.38870428590924,1.14027992749674e-05,7.42415200714597e-05
"Os12g0160900",867.014742368964,1.05029536991248,0.239328587520882,4.3885077866882,1.14131049111927e-05,7.42909592734032e-05
"Os05g0474900",1448.57686721407,0.820330254027258,0.186929274289518,4.38845256926812,1.14160024546003e-05,7.42921651779417e-05
"Os11g0593000",455.628093421262,1.10909723569555,0.252820269448671,4.38689998279874,1.14977627481633e-05,7.47177270308281e-05
"Os10g0409900",2538.7228642805,0.775257821175946,0.176770848666012,4.38566554964447,1.15631674396451e-05,7.50715144203175e-05
"Os12g0105300",2410.26918862151,4.8754157637924,1.11181892756181,4.38508073835735,1.15942766705608e-05,7.52556474605049e-05
"Os06g0154200",6045.42471165132,1.17658431521974,0.268358914944736,4.38436828328225,1.16322839099408e-05,7.54129913792159e-05
"Os02g0754000",2557.73254756428,0.708327221309273,0.161581553400411,4.38371340294017,1.16673245919626e-05,7.56222640554775e-05
"Os01g0309800",394.45876294793,2.49571936236035,0.569379200866529,4.38322888957334,1.16933142704863e-05,7.57548654642596e-05
"Os09g0560100",130.149151954537,1.71689841951316,0.39170348337667,4.38315841542353,1.16970991596583e-05,7.57614667964532e-05
"Os05g0361200",2996.65616893143,1.17153485940422,0.267316436312497,4.38257697717724,1.17283705718054e-05,7.5946051615206e-05
"Os01g0676200",258.061838537566,2.21546554451226,0.50563414515166,4.38155841680302,1.17833440895756e-05,7.62299428336245e-05
"Os01g0720801",493.857638204949,1.32147437914987,0.301621099424016,4.38123984586421,1.18005883611777e-05,7.63054569879647e-05
"Os01g0101600",3984.86699931884,0.846661279154404,0.19325339572975,4.38109393088438,1.18084947916543e-05,7.63385604999298e-05
"Os01g0111600",36.6664686063945,9.21683672740127,2.1039414406208,4.3807477477518,1.18272730219695e-05,7.64058573926336e-05
"Os01g0108000",1631.99817411286,1.05776724383641,0.24156672781246,4.37877870605427,1.19346242707653e-05,7.70448487863618e-05
"Os08g0215200",1158.46250270549,1.53127325888126,0.349809982392585,4.37744300036223,1.20079750402294e-05,7.74818478979796e-05
"Os03g0680800",9857.6027288077,0.774049828294141,0.176829698339644,4.37737459014034,1.20117433716363e-05,7.74879092540011e-05
"Os02g0815300",296.658542668031,3.31040259230809,0.756278293225185,4.3772280944237,1.20198167870162e-05,7.7521733367827e-05
"Os03g0173500",884.587182228676,1.28672361382727,0.294075018958932,4.37549445166224,1.21157524049231e-05,7.80853115584115e-05
"Os07g0180700",1602.91577529262,2.6546934210278,0.606734126704535,4.3753817433127,1.2122014646298e-05,7.81072931490825e-05
"Os09g0447500",727.769653519013,1.47220606322247,0.336482044313075,4.37528863160578,1.21271903993903e-05,7.81222653409456e-05
"Os01g0769000",5048.10425224777,0.581578903519669,0.133069962055657,4.37047470770617,1.23976714888359e-05,7.95839277597151e-05
"Os07g0141400",10697.5239983638,3.44241752405132,0.787682012098901,4.37031374485558,1.24068142706576e-05,7.9623957283876e-05
"Os01g0956700",351.403216247158,1.85276608249655,0.423991691852586,4.36981695183952,1.24350729886279e-05,7.97492587758153e-05
"Os04g0538700",2536.93246458384,0.702622851583288,0.160840323956071,4.36844961699525,1.25131676159341e-05,8.02113929031698e-05
"Os11g0210600",623.945469581986,2.60897284071044,0.597244390113919,4.36835051763785,1.25188457763883e-05,8.02113929031698e-05
"Os04g0491000",278.877984178847,2.27810589954633,0.521576508016901,4.36773103184415,1.25543966197584e-05,8.04015613307933e-05
"Os02g0787600",394.008036956074,3.88124696888652,0.888718908166561,4.36723797954697,1.25827605677994e-05,8.05455467895755e-05
"Os01g0193900",2209.24582204497,0.7914941337927,0.181240172574144,4.36710097188252,1.25906530934766e-05,8.0577238056873e-05
"Os10g0513900",540.93241715944,1.55448188665928,0.356009657412133,4.36640370364938,1.26308934939919e-05,8.07970116053086e-05
"Os03g0255400",4658.70267093614,1.13142256433316,0.2591646075053,4.36565229806706,1.26743956135101e-05,8.10563554166836e-05
"Os06g0176801",25.8021846383506,8.03986317035415,1.84169337034448,4.36547326488465,1.26847816879859e-05,8.11038410867466e-05
"Os11g0264300",4430.67591298296,0.826915828713438,0.189457947528962,4.36464048881892,1.27331995335767e-05,8.13754242706953e-05
"Os03g0827900",399.916746511582,1.16747895535952,0.26749300785734,4.36452139332987,1.27401381760179e-05,8.14007755491733e-05
"Os12g0612100",3149.20030551696,0.784936532764545,0.179855424423255,4.36426388184627,1.2755153431919e-05,8.14587101081123e-05
"Os02g0282900",3305.54395054823,1.05264508063273,0.241253613231256,4.36323032237324,1.28155893903792e-05,8.17684157912597e-05
"Os03g0748000",6921.33180285606,0.401601698790997,0.0920403987681415,4.36331984830563,1.28103436964934e-05,8.17684157912597e-05
"Os01g0786800",101.007597263214,2.81342570284297,0.644842768488437,4.36296387325218,1.28312138740074e-05,8.18490403406931e-05
"Os08g0424800",224.70019752345,1.542405621546,0.353584615918603,4.36219663442899,1.28763060729474e-05,8.20984403268395e-05
"Os02g0628800",11762.8986145725,0.873502162141438,0.200287696462014,4.36123724807581,1.29329039312e-05,8.24101419379959e-05
"Os05g0134200",1534.56999605327,0.479015739946735,0.109835387618022,4.36121499941916,1.29342192760923e-05,8.24101419379959e-05
"Os06g0714951",15.2179784896075,6.92572326907808,1.58919893604589,4.35799641693069,1.31258532283526e-05,8.3514575093567e-05
"Os09g0306700",4335.63617420247,0.786009624889708,0.180395049862455,4.35715739145289,1.31762520245024e-05,8.37963127938577e-05
"Os12g0498700",777.06052993687,0.807670034457187,0.185388187580287,4.3566423783468,1.3207279346485e-05,8.39741384817947e-05
"Os04g0465800",180.83796801229,1.92810755432957,0.442672355097444,4.35560868467864,1.32697654167194e-05,8.42931689539332e-05
"Os04g0543200",3743.68666777423,0.756275091118335,0.173661233199444,4.35488725483008,1.33135423490905e-05,8.45124538780851e-05
"Os03g0691800",1934.85021881611,0.73912555186409,0.169758767059885,4.35397573076949,1.33690513799596e-05,8.48058560325319e-05
"Os02g0650500",580.034516659532,2.09320840466091,0.480845255672849,4.35318510470043,1.3417376827746e-05,8.50533137442235e-05
"Os04g0485500",10.1835727107868,7.31160987098724,1.67973271064691,4.35284127328291,1.34384447913671e-05,8.51277616281996e-05
"Os10g0493900",547.134322466102,1.34402624839912,0.308901754798275,4.35098288540582,1.35528631785022e-05,8.57534015528655e-05
"Os01g0280500",81.5307012968572,2.22784969221526,0.512066303072085,4.35070552162781,1.35700195782095e-05,8.58279542061961e-05
"Os04g0503500",8835.25818522753,1.31117280243231,0.301374536442829,4.35064228686435,1.35739338778556e-05,8.58279542061961e-05
"Os10g0412800",277.939073536474,1.57107973471884,0.361157469526229,4.35012388579366,1.36060640920164e-05,8.60105473215834e-05
"Os03g0115300",259.057062926268,1.86916965203694,0.429751963633613,4.34941503520506,1.36501157015587e-05,8.62386200727231e-05
"Os05g0169000",2775.33395178387,0.750651687147943,0.172587753612105,4.3493913759087,1.36515883551286e-05,8.62386200727231e-05
"Os07g0613000",877.644957541085,1.3203313906373,0.303650973744677,4.34818757323496,1.37267184178336e-05,8.66732466996036e-05
"Os03g0745400",3426.3891694065,1.51293936659431,0.347953913789229,4.34810274187854,1.37320276436094e-05,8.6686787090598e-05
"Os05g0127500",267.237802012558,1.58976592588425,0.36578456505936,4.34618099762154,1.38528273653886e-05,8.73487095684525e-05
"Os06g0128100",1241.99273013581,1.1129394241961,0.256159762236977,4.3447082183286,1.39460907601942e-05,8.78895929303639e-05
"Os12g0433200",369.376025056682,1.62817839431373,0.37477124338859,4.34445924823938,1.39619157896662e-05,8.79555739178349e-05
"Os05g0454500",7010.83453706159,1.01215477821746,0.232981394770244,4.34435882408379,1.39683037931065e-05,8.79755827079742e-05
"Os07g0435300",6087.17880823242,3.30040262426583,0.75989874491788,4.34321367989954,1.40413440851248e-05,8.83949565239379e-05
"Os10g0345100",2014.91663592813,2.79293489111094,0.643124038647095,4.3427623961721,1.40702280842339e-05,8.85564378343865e-05
"Os03g0400000",75.8595538322021,5.60986029948422,1.29183037424803,4.34256726836114,1.40827346005863e-05,8.86147905914675e-05
"Os03g0153900",27.644262724296,8.75951989519223,2.01715940289107,4.34250257200186,1.40868835871051e-05,8.86205393510323e-05
"Os03g0147700",1803.91678850374,0.734886483679593,0.169270404318046,4.34149423013604,1.41516995665257e-05,8.90078536915515e-05
"Os03g0318400",188.93835482204,2.55610500369843,0.588962067903436,4.34001634909622,1.42472115689011e-05,8.95468958429948e-05
"Os12g0533500",2188.29094033634,1.13723723575604,0.262032478195624,4.34006213117986,1.42442435744593e-05,8.95468958429948e-05
"Os12g0129700",507.163514830813,1.40639367681802,0.324072153712007,4.33975477593127,1.4264180340045e-05,8.96329808887754e-05
"Os01g0870100",1557.44682962852,1.10929680469007,0.255615854030651,4.33970267179537,1.42675627401894e-05,8.9633672251497e-05
"Os03g0231000",222.584886066937,2.36376253975581,0.544785270278849,4.33888849187483,1.43205156338626e-05,8.99457105542608e-05
"Os12g0615000",375.048061196431,6.31631238047846,1.45611264992518,4.33779102242058,1.4392189859572e-05,9.03544516258389e-05
"Os04g0630600",314.050094028834,3.22718712682104,0.744103486017363,4.33701385286311,1.44431525073983e-05,9.0653618315799e-05
"Os08g0180500",1133.69697603824,0.85165212353274,0.196375591940457,4.33685324697058,1.44537056229457e-05,9.0699072329463e-05
"Os12g0104200",320.70537518011,0.929580505323523,0.214378077441114,4.33617334579774,1.4498462178999e-05,9.09174399141393e-05
"Os12g0124000",1009.60870154452,4.41798421579718,1.01899822462731,4.33561522387641,1.45353009911813e-05,9.10845712251515e-05
"Os10g0152000",25.7105983537479,8.0954835887054,1.86752042090367,4.33488356972724,1.45837290118429e-05,9.13266852682647e-05
"Os02g0473200",3478.99586974967,1.71889471173513,0.396553245253522,4.33458742882362,1.46033742197039e-05,9.1428805314722e-05
"Os08g0307400",3504.10450020317,1.40532744458095,0.324281162251819,4.33366969213478,1.46644148601541e-05,9.17480556040385e-05
"Os05g0535600",696.837669551133,0.923430892593996,0.213148180149853,4.33234237301384,1.47531282718177e-05,9.21767647110762e-05
"Os07g0648266",1481.38714726683,2.07815906913581,0.479775851536084,4.33152077680072,1.480829708917e-05,9.25003570283821e-05
"Os12g0511900",458.745267852306,2.00827666710831,0.463649479579254,4.33145459136662,1.4812749882264e-05,9.25070752451193e-05
"Os10g0328600",17.7157589601899,7.98102481460597,1.84282513060348,4.3308638904834,1.48525473692375e-05,9.27133375092944e-05
"Os01g0765200",2302.70126848676,0.76460427769024,0.176555989594588,4.33066178862548,1.48661870382718e-05,9.27773363329464e-05
"Os01g0605100",1905.35708993372,1.04381467429372,0.241037918132634,4.33049987479292,1.48771230707768e-05,9.28244369092589e-05
"Os05g0220500",24.9693829970536,4.14289021220862,0.956780729531967,4.33003099282238,1.49088357253825e-05,9.29799452080946e-05
"Os03g0318600",7354.64761007426,0.964093402435541,0.222677436044106,4.32955138860402,1.49413402545143e-05,9.31614502416117e-05
"Os09g0525600",4578.92622709266,0.447780133702132,0.103432375750465,4.32920669619366,1.49647430392944e-05,9.32649093491044e-05
"Os05g0533600",1632.29347606321,0.736779540860185,0.170211217513378,4.32861918047367,1.50047128153829e-05,9.34625951808599e-05
"Os10g0575200",6614.97720981975,0.862641530614036,0.199313512083959,4.32806346942829,1.50426125192494e-05,9.36649692009003e-05
"Os02g0671800",102.0911017036,3.70653383014339,0.856573862252586,4.32716195705072,1.5104290216904e-05,9.39635733207396e-05
"Os12g0143900",6105.3911080844,0.855568440385474,0.197770610128107,4.32606462523058,1.51796904543369e-05,9.43683389093833e-05
"Os01g0908700",4243.5547934643,0.544125025024689,0.12586826500628,4.32297231552007,1.53941057028904e-05,9.55299136340237e-05
"Os05g0456800",1929.74931251808,3.93291872813725,0.909772898387565,4.3229675615835,1.53944375444701e-05,9.55299136340237e-05
"Os05g0578100",89.9768055909106,2.33027871019979,0.539061986997007,4.32283998206079,1.54033455939672e-05,9.55635422795825e-05
"Os02g0220700",4211.80955918166,0.779646423073085,0.180359063147041,4.32274602378848,1.54099092320293e-05,9.55826140793738e-05
"Os06g0717800",9127.15796751773,0.450121367066641,0.1041602851063,4.32142986750922,1.55021326376663e-05,9.60893675216832e-05
"Os03g0112600",569.61587365554,2.49640643822905,0.577894040684187,4.31983419533704,1.56146475285455e-05,9.66706344285031e-05
"Os08g0542200",254.623833095733,1.84489540888993,0.42711949541349,4.31938937159472,1.56461516762723e-05,9.68068083498477e-05
"Os03g0598900",3042.3823897126,0.75220074257288,0.174149472045754,4.31928235978376,1.56537397061199e-05,9.6831884437744e-05
"Os04g0629300",1122.73092393578,1.86074332123038,0.430881082277978,4.3184613986602,1.5712069500946e-05,9.71707599233262e-05
"Os07g0444000",3649.15752782472,0.906919633089108,0.2100875131981,4.31686595401764,1.58260199544596e-05,9.77651133451967e-05
"Os09g0508300",5132.1559617706,0.726505646940171,0.168301246750958,4.31669795064091,1.58380648963765e-05,9.78174601074742e-05
"Os01g0227800",341.93137688097,5.26440295432726,1.2199284491836,4.31533747561204,1.59359260857374e-05,9.82888879564137e-05
"Os10g0442400",18.9725737008735,8.30494603725733,1.92487322326625,4.31454182897561,1.59934250797834e-05,9.86213206574396e-05
"Os12g0101800",6062.51416479152,1.76395691972042,0.40901381512978,4.31270743058085,1.61267460496582e-05,9.93763106965549e-05
"Os11g0168600",108.851283828607,1.77345506640523,0.411367705504502,4.31111884252135,1.62430572331275e-05,0.000100070530965496
"Os10g0535600",87.7859357374922,1.68904254187316,0.391935663058285,4.30948928886317,1.63631983143313e-05,0.00010072008202873
"Os03g0785200",426.655594273455,3.92889466444077,0.912126545879017,4.3074008559355,1.65184095368894e-05,0.000101606951633716
"Os03g0740900",35.2826899649581,4.89814369878748,1.13725689753738,4.30698086720241,1.65497918789913e-05,0.00010175428717339
"Os09g0278700",93.5014165272207,4.18967614157821,0.972928701571621,4.30625197387065,1.66043910782981e-05,0.000101998402338117
"Os03g0285800",2419.75998228694,0.944377397451347,0.21937583167574,4.3048379132631,1.671080404798e-05,0.000102629065847134
"Os02g0817000",2690.58782125856,0.710758282946294,0.165198391243049,4.30245281202881,1.68917653530675e-05,0.00010364747867067
"Os01g0827600",1425.55445441078,0.99321485524154,0.230862681477745,4.30218885479456,1.69119065798651e-05,0.000103747823769112
"Os05g0562400",7132.33130985207,0.876103419411373,0.203660026505606,4.30179370219839,1.69421014355955e-05,0.000103909785137124
"Os06g0222100",87.9490887039627,6.82019172038593,1.58562195899778,4.30127224316239,1.69820264034179e-05,0.000104084736007165
"Os06g0676300",612.881241232299,1.75047608218421,0.407039564615689,4.30050598112482,1.70408571708547e-05,0.000104421950507133
"Os01g0633400",95.1789265541007,3.06486059529098,0.712979707512282,4.29866455243844,1.71830304619021e-05,0.000105044958458015
"Os02g0724000",1707.04048603011,1.04723110237179,0.24361738800017,4.29867141655366,1.7182498403569e-05,0.000105044958458015
"Os05g0438600",2659.63935377661,2.26718798015116,0.527547485210286,4.29759982506112,1.72657510613446e-05,0.000105493238304995
"Os10g0210500",14048.3282726854,1.9013838933825,0.442839975721168,4.29361394098645,1.75788034804319e-05,0.000107143081026371
"Os06g0107700",1757.89993348994,4.29173284626986,1.00014611990974,4.29110583027326,1.77785555298131e-05,0.000108168017440495
"Os03g0144150",185.518911844992,1.64276580162067,0.382854600309139,4.29083469362573,1.78002785820864e-05,0.000108276133831208
"Os01g0940700",209.043090576864,4.10973435838088,0.958030733337009,4.28977298469942,1.78855847116891e-05,0.000108746737144923
"Os05g0342000",690.473956741803,2.43055651004617,0.566634762209793,4.2894588757092,1.79108972943845e-05,0.000108876473100419
"Os04g0404400",61.9168675357688,4.33933269992379,1.01190003766422,4.28830174761168,1.80044396344938e-05,0.000109358902001247
"Os11g0444800",65.465491736946,5.43747524443114,1.2679852251149,4.28827965557597,1.80062300765078e-05,0.000109358902001247
"Os09g0322600",519.911583759077,1.2413760283554,0.289515545061834,4.28776986082135,1.80475933822863e-05,0.000109537254671882
"Os02g0709400",6364.2460093645,0.932683073747326,0.217559219565158,4.28703079378345,1.8107719972097e-05,0.000109853501164055
"Os04g0122750",14.8742531171463,6.04125897393633,1.40956607743699,4.28589980323671,1.82001009963575e-05,0.000110316212965529
"Os07g0511900",4909.64070155287,0.302895640529683,0.0706880446172912,4.28496278500241,1.82769779866396e-05,0.00011070869173641
"Os08g0566600",446.42902168137,3.67972449697504,0.858887102177468,4.28429357903516,1.83320717657084e-05,0.000110968790659562
"Os05g0411100",975.673113369727,1.80402765116367,0.421228436957653,4.28277745014882,1.84574760654124e-05,0.000111653870783505
"Os03g0161500",247.339809840262,1.2559744332667,0.293327672500995,4.28181365419058,1.85376193916721e-05,0.000112064430094304
"Os04g0440000",6125.79653861233,0.686172331815764,0.16026328077475,4.2815317925519,1.8561119843231e-05,0.000112181737340234
"Os08g0300501",9027.14878190006,1.84286781940302,0.430445288641321,4.28130558756942,1.85800003981804e-05,0.000112246314712519
"Os07g0152800",5322.67508116088,0.411401385177174,0.096123058282738,4.2799448178924,1.86939658054603e-05,0.000112785554488406
"Os07g0230600",136.304744488027,1.81706350733843,0.424592919995499,4.2795426437108,1.87277754507273e-05,0.000112964654783279
"Os09g0572600",50.8688286662416,6.32537645084719,1.47856068796754,4.27806345882371,1.88526280944339e-05,0.000113642679607095
"Os02g0193000",366.622909454172,1.39302107783968,0.325668502823947,4.27742033927283,1.89071584200749e-05,0.000113946309413481
"Os07g0484800",480.182663043838,1.0288178155294,0.24053523377186,4.27720213540608,1.89256941097358e-05,0.000114007848550643
"Os04g0435100",1282.82077005814,0.950362785427213,0.222274336264965,4.27562984281875,1.90597677135039e-05,0.000114714589637571
"Os05g0295700",1792.44208664223,1.02206300156638,0.23905211824054,4.27548188691619,1.9072430775344e-05,0.000114765586855766
"Os01g0976300",550.165974487628,1.555336331199,0.363831101088743,4.27488558989253,1.91235471601863e-05,0.000115047898147302
"Os04g0555300",2341.64025219494,0.940117349551473,0.219969506980382,4.27385305562065,1.92123678536403e-05,0.000115480791722418
"Os06g0694800",528.28248371526,2.64937729945465,0.6200623954809,4.27275919127441,1.93068928349359e-05,0.000115998048177611
"Os04g0598800",171.14761672056,2.65807870675416,0.622152190853883,4.27239306688936,1.93386298529047e-05,0.000116163247873007
"Os10g0544900",2642.13933380319,0.484188866763935,0.113343131187539,4.27188539517925,1.93827189405287e-05,0.000116402555251046
"Os11g0110100",637.997923601448,0.670162639401336,0.15689812792263,4.27132336296457,1.94316406540595e-05,0.000116577568769649
"Os06g0146200",797.506218780629,1.65014941268801,0.386416874027961,4.27038652708683,1.95134483797969e-05,0.000117008070177543
"Os02g0656200",1717.77556627649,0.655941751364727,0.1536131962564,4.27008725389631,1.95396509964249e-05,0.0001171139125696
"Os08g0114100",214.680473103989,4.75059697069302,1.11273551522097,4.26929571826386,1.96091148538451e-05,0.000117478841855134
"Os01g0771400",2975.72424018257,1.22984620622529,0.28807112726638,4.26924495313288,1.96135779335721e-05,0.000117479884797392
"Os03g0238700",634.7939892229,0.743040115006341,0.174046904119521,4.26919466775508,1.96179997889119e-05,0.000117480680414973
"Os04g0448200",1419.96224366277,0.556494661686347,0.130358783658205,4.2689464113554,1.96398441849961e-05,0.00011756009005053
"Os01g0825700",2163.88559516155,0.500673301644035,0.117301687275338,4.26825319629735,1.97009637732807e-05,0.000117848678469957
"Os05g0207900",5920.49549979078,0.778963605205624,0.182504677906703,4.26818432349352,1.97070460532415e-05,0.00011785932280444
"Os03g0232000",775.205676215852,1.13644204166532,0.266285679355963,4.2677550081323,1.97449999917895e-05,0.000118034765337212
"Os06g0178601",22.5545327262059,7.95169652546174,1.86357111761395,4.26691337416884,1.98196073458161e-05,0.000118403242052181
"Os10g0350500",2457.21387591858,0.591804572698122,0.13874283016512,4.26547859802058,1.9947413593554e-05,0.000119062890769457
"Os03g0311300",2297.06801543339,1.29900791611155,0.304561251671155,4.26517788781002,1.99742994005551e-05,0.000119197393220175
"Os02g0739100",871.991350440442,0.893530536269446,0.209533876166424,4.26437267623375,2.0046461528037e-05,0.000119562242199611
"Os12g0116400",1069.16887678146,0.968799981468395,0.227290800163065,4.26238097086794,2.02260238444002e-05,0.000120541997197991
"Os01g0152800",824.679625985801,1.35434839346851,0.317767282652844,4.26207626588204,2.02536292509846e-05,0.000120680260781753
"Os11g0456100",981.224778793144,1.52152364997506,0.357063194733215,4.2612167045441,2.03316965497328e-05,0.000121119073552355
"Os03g0205000",2210.96805283377,0.653878631795739,0.153458685771324,4.26094247131839,2.0356663258442e-05,0.000121188733603996
"Os08g0540300",10246.3518973105,1.10879054991342,0.260290170143112,4.25982490734778,2.04587105958575e-05,0.000121690454273862
"Os01g0142100",710.856644622697,2.05827679536502,0.483219454936647,4.25950729909017,2.04878009041982e-05,0.000121810582714759
"Os07g0661450",9.06753365610702,6.62239521662042,1.55489015963912,4.2590759067878,2.05273759779854e-05,0.000121965797928634
"Os10g0316400",2076.38689577363,0.993890675773655,0.233366127503356,4.25893288973294,2.05405121361952e-05,0.0001219915802087
"Os01g0743600",1477.81885169005,0.82795724493826,0.194460029770714,4.25772456126073,2.06518173895456e-05,0.000122599464698102
"Os06g0147250",37.3827121573276,3.80272578378916,0.893267060410262,4.25709841135599,2.07097208837142e-05,0.000122863323527359
"Os09g0422000",4443.99044609896,1.06936877969083,0.25130675854507,4.25523287110104,2.08831552779122e-05,0.000123785004591494
"Os01g0729900",5309.86030706392,0.889091170450009,0.208985341742421,4.25432311681377,2.09682335070711e-05,0.000124208668683431
"Os03g0725100",5113.34096239056,0.908370594012372,0.213515205622015,4.25436020524204,2.09647586357187e-05,0.000124208668683431
"Os04g0679200",252.046541385582,1.4506681821847,0.341150501147042,4.25228213737677,2.11603035978702e-05,0.000125238088990766
"Os05g0513400",2054.80765956315,0.993253083258141,0.233637211987136,4.251262351619,2.12568987832905e-05,0.000125701147360344
"Os01g0121700",2383.13737395851,1.04661469623204,0.246223613913264,4.25066743030068,2.13134440831699e-05,0.000126008320069524
"Os01g0818000",6028.64014921743,0.862477454033668,0.202957444160663,4.24954826170812,2.14202056313665e-05,0.000126530267942368
"Os08g0510500",1027.82239166341,0.84014646413161,0.197705711406909,4.24947998797292,2.1426734958679e-05,0.000126541547488827
"Os03g0390200",2002.94604096891,0.631271804604591,0.148557733854153,4.24933652545038,2.14404611050609e-05,0.000126595315828567
"Os03g0343900",2372.46967214934,2.87303908995025,0.676199851119199,4.24880171918848,2.14917038722727e-05,0.000126843193442237
"Os05g0359966",146.279399518475,2.51893154327757,0.592925344935137,4.24831146921731,2.15387798543492e-05,0.000127066275897152
"Os06g0632200",4324.51146457572,0.886318086744264,0.208635657879157,4.24816206277465,2.15531460299593e-05,0.000127123648343371
"Os03g0844900",290.09660964767,2.21549558920219,0.521530909586083,4.24806190482657,2.15627818233263e-05,0.000127152497209565
"Os07g0637300",972.598673682703,1.33339206879279,0.313936909446117,4.24732495183607,2.16338073033818e-05,0.000127517025144595
"Os01g0744300",7584.1516706147,0.519666318500722,0.122359040026032,4.24706109487427,2.16592912021505e-05,0.000127639768786167
"Os02g0558400",423.503035805604,1.77742914119985,0.418614344247129,4.24598240749854,2.17637707615622e-05,0.000128145194524925
"Os03g0248300",60.7964862759837,3.13561909502075,0.738515455559859,4.24584085737742,2.17775165847879e-05,0.000128198572270347
"Os08g0295100",1312.30476220175,1.31804018093957,0.310563517088876,4.24402773801141,2.19543196892532e-05,0.000129072927797453
"Os08g0541400",409.713965306141,2.80955785895661,0.662028538300745,4.24386215459535,2.19705341694861e-05,0.000129129101032399
"Os05g0404700",51.1460893933903,7.78776328321583,1.83538527386193,4.24312180887733,2.20431708095673e-05,0.000129484128596367
"Os06g0697500",68.5101264707008,2.92787597990549,0.69007158463227,4.24285834268297,2.20690750492341e-05,0.000129608498000337
"Os03g0858800",1196.20647077729,2.04954981679573,0.483091893641979,4.24256718808587,2.20977353400441e-05,0.000129748996505713
"Os09g0124800",46.4460894939752,6.9455829579549,1.63739834710161,4.24184070434015,2.21694025448827e-05,0.00013014189993718
"Os02g0199300",128.877897960226,2.22894472186349,0.525848967250626,4.23875458673507,2.24763196651981e-05,0.000131802370359546
"Os05g0491500",2937.91819007887,0.794811793857229,0.18755270331441,4.23780505325386,2.25715622764538e-05,0.000132304229042231
"Os10g0160000",5804.02307250493,0.524849816171906,0.123866859943011,4.23720934246158,2.26315107759892e-05,0.000132598868805373
"Os01g0275300",460.092665558422,0.933792222390416,0.220383878496626,4.23711674719761,2.26408425635889e-05,0.000132625175076831
"Os02g0566300",1574.55077267531,1.29640135117303,0.305973396683314,4.23697408083757,2.26552277042907e-05,0.000132681065223054
"Os12g0428000",4592.56381553746,1.32532867446459,0.312830572880428,4.23657017362931,2.26960011154449e-05,0.000132863040511466
"Os07g0615900",1978.70353711721,0.636625294072477,0.150306676457079,4.23550908767695,2.28034480389747e-05,0.000133406502613318
"Os05g0560100",16.8361176534935,6.4573264530765,1.5247097030383,4.23511861976674,2.28431090297266e-05,0.000133609993472826
"Os10g0497000",2964.29532956567,0.769838982594144,0.181778548283286,4.23503757657047,2.28513490514646e-05,0.000133629654540706
"Os01g0939550",87.8693598112391,3.04562358094625,0.719234085954765,4.23453732299584,2.2902274707764e-05,0.000133866533581693
"Os11g0117500",24.4573497975595,7.04934687674738,1.6647618080082,4.23444774071406,2.29114055503989e-05,0.000133866533581693
"Os01g0357800",3309.26814190982,1.23254418663472,0.291090856609748,4.23422501479367,2.29341223254436e-05,0.000133970685565414
"Os05g0495900",1170.76408844831,0.933234005805497,0.220445079371587,4.23340819611772,2.3017616762195e-05,0.000134372451136676
"Os06g0681700",1265.99265767745,0.678635119603368,0.160309133632652,4.23329041973651,2.30296795883696e-05,0.000134414224079487
"Os12g0552400",293.861057765904,0.844664274782999,0.199532657284377,4.23321318063324,2.30375937944022e-05,0.000134431770690769
"Os08g0112300",226.51965111418,2.44940527076548,0.5786812715461,4.23273638046251,2.30865058457056e-05,0.000134659812951389
"Os02g0304800",495.049483384982,1.27077146293342,0.300302559501365,4.23163713637162,2.31996474796025e-05,0.000135290939773003
"Os01g0654200",1883.93740866457,1.01754547486008,0.240480975455272,4.23129302820603,2.32351737232572e-05,0.000135382821411133
"Os03g0710600",955.903728158264,2.08752850889674,0.493506128965382,4.22999510314729,2.33696398964378e-05,0.000136079465646966
"Os09g0513100",1616.86333138883,0.841080024090267,0.198850730934299,4.22970546871242,2.33997471710215e-05,0.000136225818227726
"Os06g0714500",3161.8303048727,0.611221129343642,0.144591202423077,4.22723595281541,2.36579546275833e-05,0.000137594582816472
"Os02g0314600",249.34047446176,0.878314296076682,0.207880609156907,4.22509006318014,2.38845236809863e-05,0.00013878952374348
"Os05g0429000",2938.44634866571,1.28233891532055,0.303533456987175,4.22470368851211,2.39255369138189e-05,0.000138961912978459
"Os02g0580800",2328.42289880556,0.915099593189583,0.216666633074111,4.22353723877997,2.40497611182421e-05,0.00013950593112871
"Os11g0592700",736.148840353275,1.15854496216984,0.274313225627923,4.22343822292143,2.40603342881493e-05,0.000139537712573936
"Os12g0566200",7342.04072654902,0.799054387263963,0.189217887802982,4.22293260188993,2.41143948011874e-05,0.000139762460431512
"Os01g0652600",65210.1947492902,1.45106765767573,0.343692805927207,4.22199019779035,2.42154643190326e-05,0.000140318549431483
"Os06g0612800",65069.9590511799,1.82370049207795,0.432024215154171,4.22129229822719,2.42905711906669e-05,0.000140723992276556
"Os04g0660900",30.6257448660106,8.78331245332364,2.08096336256309,4.22079149077635,2.43446038389695e-05,0.0001410071989328
"Os06g0103300",3344.42942735016,1.27600302471522,0.302382610672413,4.21982938065702,2.44487279331486e-05,0.000141490620497966
"Os04g0401700",9385.07654629736,1.0129022058988,0.240047379423853,4.21959285008612,2.44743911952842e-05,0.000141579313459351
"Os01g0305200",1315.19323754479,1.87283597038098,0.443879142889847,4.21924751451038,2.45119056868486e-05,0.000141736459503582
"Os12g0482100",334.244774760307,2.47922864065526,0.587593186126478,4.21929440162298,2.45068090388307e-05,0.000141736459503582
"Os06g0704400",3730.93115157494,0.388623669122868,0.0921202179851241,4.21865772381938,2.45761023530736e-05,0.000142047693511931
"Os07g0173200",6926.50719403704,0.701938439333155,0.166394492743521,4.21851966227701,2.45911529582892e-05,0.000142074724885151
"Os06g0496000",9815.35809737021,0.627040731839815,0.148647742489449,4.2182997288662,2.46151468336082e-05,0.0001421833586924
"Os03g0273800",24003.606481603,0.8792093953129,0.208439417899687,4.21805723779187,2.46416274765674e-05,0.000142276310752668
"Os02g0212400",98.0314477111186,1.85517152608798,0.43993115762148,4.21695870808083,2.47619295619787e-05,0.000142940782430381
"Os12g0481400",647.569321389497,2.9674014168332,0.70374834917043,4.21656607838745,2.48050625636984e-05,0.00014315960149226
"Os02g0822400",8224.20683504819,0.507245729598762,0.120303219304346,4.21639364708537,2.48240278759388e-05,0.000143238876669442
"Os06g0674800",2298.92673531188,0.961646119569541,0.228101905857316,4.21586183576685,2.48826074646276e-05,0.00014354665144558
"Os05g0112101",171.251876341037,1.45825689819777,0.345945939847929,4.21527392065589,2.49475199814502e-05,0.000143831187312668
"Os05g0521400",985.092272502785,0.972510897033325,0.230731378444886,4.21490524430611,2.4988308192118e-05,0.000144035090423044
"Os01g0637600",756.075906557665,0.88564390938363,0.210169303779526,4.21395462351961,2.50937722228849e-05,0.000144612563634976
"Os01g0959900",423.851994862559,3.94631835428365,0.936589704870244,4.21349747254629,2.51446402289816e-05,0.000144814306247274
"Os02g0759800",8793.2403026108,1.14567487535865,0.27190543727146,4.21350483776775,2.51438199107668e-05,0.000144814306247274
"Os12g0508500",1308.7946035411,1.52861537867153,0.362800647886587,4.21337554818639,2.5158223530039e-05,0.000144862077088774
"Os09g0532000",528.853826921923,1.93740901934054,0.459925819347786,4.2124380450916,2.5262901926605e-05,0.000145373140057067
"Os12g0512100",784.795684460952,2.70884402497869,0.643102043866031,4.21215272259807,2.52948422056581e-05,0.00014549580488349
"Os07g0120700",557.691518674313,1.55468694715213,0.369135496593759,4.21169722635235,2.53459121193315e-05,0.000145758950002227
"Os02g0707100",3307.70832110741,0.767915937724423,0.182375302566384,4.21063557904121,2.54653242179764e-05,0.00014638419635983
"Os05g0274300",2044.38409582235,1.22709570608916,0.29155199087043,4.20884008517885,2.56684966952959e-05,0.000147459268662091
"Os01g0229700",47.8020503927007,3.37473064406821,0.801855995454706,4.20864926270772,2.56901799786596e-05,0.000147552887354889
"Os01g0626400",220.743434764858,2.74273131738692,0.651787831862566,4.20801245943671,2.57626665021506e-05,0.000147876194082231
"Os02g0226300",998.465928114286,0.712264117022726,0.169293560104466,4.20727236513433,2.58471549308461e-05,0.000148298998892083
"Os10g0495000",5902.56549893242,1.10349146895427,0.262407220595669,4.20526335536547,2.60778321248928e-05,0.000149497258211164
"Os10g0396400",4205.01406449659,0.849956219021025,0.202125801646731,4.20508520978708,2.60983812763224e-05,0.000149583754245605
"Os03g0147400",27665.3741981692,1.08913274709585,0.259124749445498,4.20312127431474,2.63259449774905e-05,0.000150667354550448
"Os06g0356800",691.74480520689,1.60737271658283,0.382422008860603,4.20313862523726,2.63239262670428e-05,0.000150667354550448
"Os04g0525000",494.706696822723,2.70064496838899,0.642600308254799,4.20268234187984,2.63770620095589e-05,0.00015092836964776
"Os12g0510500",701.161053237363,1.19162939505435,0.283557094068789,4.20243196160444,2.64062629678469e-05,0.000151063899112843
"Os11g0692000",602.38423015124,0.843094871976313,0.200634155392525,4.20215027858473,2.6439151401903e-05,0.00015118889270345
"Os10g0466000",3409.81387599704,0.989511313952177,0.235510057027681,4.20156712813277,2.65073620783688e-05,0.000151515683365735
"Os03g0168200",471.907198443386,1.22700313784987,0.292046942628769,4.20139011490887,2.65281002716372e-05,0.000151602585967121
"Os01g0970700",3147.32065490029,1.73433973995854,0.412885119509546,4.20053825630411,2.66281167485493e-05,0.000152110687353392
"Os04g0106300",1224.71749610315,0.726587795754343,0.173013167448061,4.19960981277604,2.67375334053718e-05,0.000152576620313863
"Os04g0368800",60.1836884752449,5.79119796767171,1.37918369913751,4.19900407124396,2.68091500965927e-05,0.000152889741889605
"Os10g0105400",6099.2859661783,0.619508197553511,0.14755325296865,4.19853974812156,2.68641703848872e-05,0.000153139748389687
"Os03g0805500",2151.22795887449,0.696556168750481,0.165915829936936,4.19825021527625,2.68985331139361e-05,0.00015323995851161
"Os09g0460400",196.73559024036,2.31883590138344,0.552363517976717,4.19802507934853,2.69252818828813e-05,0.000153297208577598
"Os09g0322200",498.940078408372,0.609093622365164,0.145098840266828,4.19778422243125,2.69539264928142e-05,0.000153396010921395
"Os12g0155100",38.5883341984783,2.94601141845693,0.701827824199066,4.1976269918038,2.69726412329062e-05,0.000153470630662762
"Os06g0308000",1779.56288560164,1.65512230443178,0.394320753912244,4.19740094329433,2.6999568834114e-05,0.000153591939758093
"Os04g0644675",570.840983915634,0.930648899214315,0.221754293940857,4.19675706240224,2.70764101063032e-05,0.000153997082479599
"Os07g0556200",5778.6256507413,3.47516012318361,0.82811866053472,4.19645189608417,2.71129014964479e-05,0.000154172614674944
"Os02g0796700",3421.86148025597,0.919774329380697,0.219199338054296,4.19606344410067,2.71594197312235e-05,0.000154373037115157
"Os05g0549100",2488.92249480966,1.18254723123889,0.281836216941321,4.19586681964689,2.71829949908805e-05,0.000154474982530126
"Os09g0124232",18.6511868513291,5.74334271872578,1.36909486652404,4.19499251597326,2.72880597773947e-05,0.000155007724048656
"Os05g0376300",4135.35935115583,1.11293648898188,0.26533727910955,4.1944218796424,2.73568410853907e-05,0.00015530181019066
"Os02g0745700",1264.37766759491,0.900424953229174,0.214744389663129,4.19300804385008,2.75279678212714e-05,0.000156176173693547
"Os03g0355100",914.515806292422,0.764012316806057,0.182233100663537,4.1925002319786,2.75896800137991e-05,0.000156493875597012
"Os06g0654000",2439.1175441879,0.776745721993095,0.185283679798808,4.19219719101289,2.76265699258351e-05,0.000156666693440274
"Os06g0254300",64.5609519325791,7.51612356351469,1.79296959937857,4.19199721295872,2.76509394199732e-05,0.000156686440142441
"Os08g0554400",3315.77868868963,0.707158030110792,0.168693059922577,4.19198057368423,2.76529680167683e-05,0.000156686440142441
"Os02g0807000",4246.71684977855,1.48293868184632,0.353775960103736,4.1917451977559,2.76816793137749e-05,0.000156723620935016
"Os08g0560500",1172.91104422311,1.59283400348483,0.379991758287507,4.19175934410575,2.76799529332999e-05,0.000156723620935016
"Os07g0232900",508.927381700132,1.04328313624738,0.248902272622595,4.19153720556537,2.77070739126311e-05,0.000156834978619731
"Os04g0184450",21.98211044283,4.54299353190514,1.08397630213168,4.1910450652576,2.77672495308239e-05,0.000157078218070797
"Os01g0536501",17.2437827177432,8.16733287903572,1.94891400421564,4.19070972930012,2.78083233210989e-05,0.00015724562016685
"Os07g0497100",9287.7298375667,0.631694763353263,0.150760248765618,4.19006182681045,2.78878456570565e-05,0.00015766274105107
"Os11g0586100",2413.25868197113,1.26899290490269,0.302877298129905,4.18979207995448,2.79210175854487e-05,0.000157785143941206
"Os02g0823100",40196.7190518021,0.920236150376828,0.219668979822604,4.18919481084664,2.79945998691777e-05,0.000158124683566302
"Os06g0109000",117.958395221205,3.98461650007995,0.951312108773909,4.18854807305616,2.80744844760052e-05,0.000158521584061484
"Os11g0451700",72.9278592672809,5.06063220128176,1.20832730093498,4.18813031648457,2.81262006377879e-05,0.000158780865966539
"Os03g0668000",493.320479292678,1.38003589363141,0.329526371139146,4.1879376417151,2.81500833123434e-05,0.000158850212609888
"Os01g0698300",984.811769911174,0.71245776067692,0.170132961357659,4.18765273343575,2.81854339707438e-05,0.000158984189022373
"Os05g0557400",534.376815732253,1.28689141702548,0.307384964223344,4.18657893783781,2.83190473163701e-05,0.000159639231332104
"Os05g0196800",1412.90933358226,1.16464717671617,0.278235508269397,4.18583229710752,2.8412307167366e-05,0.000160131997041424
"Os06g0244000",3085.58848680946,1.48332287745306,0.354386787517561,4.18560434446095,2.8440837931503e-05,0.000160226859683628
"Os09g0415050",64.1679529233845,4.48007994726663,1.07059630039428,4.18465853619773,2.85595073726572e-05,0.000160862320881031
"Os10g0538200",6212.92972476301,3.5309985114876,0.844302337033225,4.18214939910636,2.88766108226582e-05,0.000162514741533476
"Os05g0299500",1465.82606613342,1.09879647605817,0.262765064203275,4.18166882035788,2.89377267975932e-05,0.000162791800105335
"Os10g0412000",4043.66217106379,0.986373197160585,0.235898094116733,4.18135297300233,2.89779605538109e-05,0.000162920044183392
"Os11g0202000",578.574531134517,0.870945929389271,0.208297657417934,4.18125647779986,2.89902630553777e-05,0.000162920044183392
"Os01g0598900",976.175195347936,0.935112818145641,0.223634675671689,4.18143034096577,2.8968100233817e-05,0.000162920044183392
"Os02g0461100",1193.78597142748,1.36977747865233,0.327603168569796,4.18120949388954,2.8996254990965e-05,0.000162920291375902
"Os12g0406732",13.39561861395,7.80295150631937,1.86651033551676,4.18050270488272,2.90865351392399e-05,0.000163337099136758
"Os09g0394500",1083.71873111126,1.05330727691299,0.251971431594693,4.18026468416182,2.91169982899892e-05,0.000163431086098585
"Os05g0417200",790.599067231465,1.21148534727073,0.289877464031074,4.17930159324445,2.92405696542563e-05,0.000163990262776359
"Os02g0234500",1186.52514826581,2.47735658505644,0.592834333352428,4.17883453383544,2.9300676010668e-05,0.00016422648181056
"Os11g0133300",880.723972496835,1.2711245173755,0.304179589138572,4.17886197090108,2.92971418620435e-05,0.00016422648181056
"Os07g0211000",201.65748160035,1.90998333351571,0.45708316169723,4.17863420394573,2.93264926429731e-05,0.00016433755318815
"Os03g0213400",5507.30520418825,0.742306467237467,0.177664499732841,4.17813614061162,2.93907720951497e-05,0.000164664070046685
"Os10g0507600",1167.62007169308,0.563400921470935,0.134873469294915,4.17725535211822,2.95047735380222e-05,0.000165268967685065
"Os02g0139500",701.452930317862,0.890865449621154,0.213270695810091,4.17715826469865,2.95173653577864e-05,0.00016530569505523
"Os05g0177800",199.048397113166,1.4368507071472,0.344129658269621,4.17531785656627,2.97570266667952e-05,0.000166409701394485
"Os01g0924966",108.678078092722,3.07086153349606,0.735508848164163,4.17515240117227,2.97786629436559e-05,0.000166496704774378
"Os03g0778100",5292.30760844405,3.11261765549914,0.745525048965636,4.17506783952824,2.9789726676596e-05,0.000166524572122172
"Os06g0146400",913.739156441171,0.876288506771752,0.209917367633514,4.17444500495847,2.98713364922642e-05,0.000166946700236607
"Os03g0101600",4184.94374828334,0.846813797291116,0.202868311721836,4.17420438955606,2.99029211170577e-05,0.0001670891293997
"Os10g0529600",346.859697926572,2.16119500973123,0.517830867161904,4.17355385084743,2.99884737317361e-05,0.00016753299693779
"Os01g0521400",1214.52178160343,0.676110766629685,0.162032533179816,4.17268528338917,3.01030620926477e-05,0.00016807189008733
"Os06g0731500",3875.16833228446,0.977748135283615,0.234321202894037,4.17268315119467,3.01033439001292e-05,0.00016807189008733
"Os07g0160400",588.034876305444,1.33352951115969,0.319606582347126,4.17240940836239,3.01395447228787e-05,0.000168205433884346
"Os04g0550400",4883.61354048215,0.664145882101324,0.159215609564642,4.17136161408647,3.02784917639979e-05,0.000168877655855766
"Os08g0187700",3777.12417251023,1.10057364215959,0.263855897046922,4.17111633462514,3.03111058700509e-05,0.000168956349386765
"Os03g0819700",1210.79216778579,1.21183035971861,0.290544836248699,4.17088933799296,3.03413187043972e-05,0.000169090348043162
"Os02g0694800",324.410735485884,1.60015318180743,0.383658208541151,4.17077791165205,3.03561598157629e-05,0.000169138643920578
"Os08g0156600",1712.35183837423,1.05366562479753,0.252638826468073,4.17064011707117,3.03745225101943e-05,0.000169206537741861
"Os07g0688500",476.194784075632,1.53816158981815,0.368902082977646,4.16956601980302,3.05180204603848e-05,0.000169936795777679
"Os07g0553000",267.294843348546,1.49766360365815,0.359279486578953,4.16851966116643,3.06584319076366e-05,0.000170571083674586
"Os06g0647500",1375.35832407907,1.66294119473707,0.398979155579993,4.16799016058789,3.07297196127862e-05,0.00017087246242668
"Os05g0244700",630.354076813516,2.95388375306598,0.708732220503663,4.16784177099609,3.07497258359746e-05,0.000170910592933042
"Os01g0201200",4951.49733423693,1.22808383707771,0.294725449247241,4.16687408642302,3.08804951346473e-05,0.000171449979367315
"Os02g0599100",474.759122381393,0.93307585166813,0.223930794936273,4.16680453411363,3.08899145039502e-05,0.000171449979367315
"Os12g0554100",324.077211009555,1.68933452910602,0.405432281516767,4.1667489396405,3.08974455468618e-05,0.000171457036258933
"Os01g0958500",2930.86483222404,0.993564229688821,0.238492965105784,4.16601063787406,3.09976243543775e-05,0.000171978109923183
"Os11g0151600",760.164350331767,1.38740802190483,0.333065180314754,4.16557510032631,3.10568663070904e-05,0.000172271896520355
"Os01g0228400",691.914078027314,2.83319338677035,0.680280885112533,4.16474054875389,3.11706829878641e-05,0.000172842539000817
"Os01g0289600",517.766732273,4.70111009816213,1.12879155566773,4.16472826586766,3.11723610917469e-05,0.000172842539000817
"Os04g0436100",2035.64123794423,0.56389685580169,0.135417606666361,4.16413249121295,3.12538597436155e-05,0.000173259354834522
"Os05g0514200",1358.94273279951,1.00863423315315,0.242319989353863,4.16240622922871,3.14911475360425e-05,0.000174433573743123
"Os12g0511500",407.243361651309,1.26897368945176,0.304900033144002,4.16193358972982,3.15564133149755e-05,0.000174724422298462
"Os10g0537600",1855.18612426594,0.63737170304382,0.153163386316405,4.16138424706241,3.16324323726954e-05,0.000175109934341249
"Os09g0240500",1797.57243346697,0.821125905974733,0.197324621131535,4.1612947298015,3.16448364127296e-05,0.000175143203512038
"Os08g0337001",83.3113713034301,1.51990435520984,0.365366459470135,4.15994494243956,3.1832432054263e-05,0.000176110310320807
"Os01g0783100",280.510034815842,2.48530623904312,0.597554858923858,4.15912648341431,3.19466969091896e-05,0.00017660222873835
"Os05g0406000",1373.94517396856,1.51171345572941,0.36346925415138,4.15912333289076,3.19471375049661e-05,0.00017660222873835
"Os12g0135800",958.868667116139,1.24268316459955,0.298784879009843,4.15912334224454,3.19471361968461e-05,0.00017660222873835
"Os02g0802500",17098.4215232549,5.39548575916594,1.29728624094387,4.15905571868267,3.19565946375492e-05,0.000176618862735494
"Os06g0621500",411.91734475052,5.16760826218599,1.24261636174877,4.15865139174047,3.20132029820708e-05,0.000176896034472847
"Os05g0323400",767.691375716499,1.26114732385633,0.303270550678985,4.15848924675599,3.20359310650398e-05,0.000176985919282474
"Os11g0609600",613.994179220991,0.943527859671982,0.22691252958314,4.15811264986262,3.2088778332182e-05,0.000177228830234926
"Os03g0728100",1294.57115909139,0.6127781600137,0.147381541988271,4.15776732789555,3.21373096225157e-05,0.000177438630895047
"Os10g0342300",134.515115387705,1.64935056048646,0.396782713262441,4.15681052968541,3.22721418762983e-05,0.000178111271032377
"Os08g0386800",6734.50106818394,0.935029801681809,0.225068842143427,4.15441690096737,3.2611810640656e-05,0.00017987718591587
"Os02g0573300",1246.71839356869,0.92618611028444,0.223068463872605,4.1520262174459,3.29544497494439e-05,0.000181730487837129
"Os02g0254550",172.997217739559,1.00810657377269,0.242841413987808,4.15129593102804,3.30597963909013e-05,0.000182274734891944
"Os08g0135800",2497.39051794592,0.59993853182827,0.14452176545349,4.15119847135649,3.30738794971039e-05,0.000182315683901222
"Os04g0254000",1869.6715991033,0.473287124000271,0.114043279202889,4.15006589873892,3.32379568536156e-05,0.000182999171090931
"Os06g0101600",6275.75812817919,3.19488933513229,0.769830757169387,4.15011910784088,3.32302310989714e-05,0.000182999171090931
"Os10g0416000",57.773897331227,2.85253440267888,0.687344161296141,4.15008166694802,3.323566719311e-05,0.000182999171090931
"Os12g0271751",9.33576297354788,6.37880837784683,1.53699081038029,4.15019291902502,3.32195168264956e-05,0.000182999171090931
"Os03g0284900",576.491080303339,1.04753354867663,0.252599248077256,4.14701768374324,3.36834055837045e-05,0.000185116806248646
"Os07g0102400",2140.34373048787,0.972421059419896,0.234533487014767,4.14619281790949,3.3804918137361e-05,0.000185707611203512
"Os10g0490900",728.449330365135,1.71206719436875,0.412928257882188,4.14616137715916,3.3809557961653e-05,0.000185707611203512
"Os05g0460600",546.174782009087,2.74212401639233,0.661624176394427,4.14453418455133,3.40505160671053e-05,0.000186984299437466
"Os01g0267100",6149.76157575038,0.684926965495077,0.165266594548336,4.14437634760336,3.40739754782424e-05,0.00018703482055496
"Os06g0667200",243.750090484293,1.56291685877337,0.377119799116494,4.14435111186134,3.40777277065855e-05,0.00018703482055496
"Os05g0560400",329.389629939713,0.900502436161248,0.217356939227409,4.14296612457861,3.42842602681255e-05,0.000188004038639485
"Os05g0374000",456.630438720021,1.07779980231925,0.260213631199479,4.14198056170628,3.44319531216073e-05,0.000188738368611956
"Os10g0340450",324.557667528833,12.3770713169828,2.9886609530022,4.14134340148207,3.45277570191199e-05,0.000189225648761647
"Os10g0503300",306.355756579886,1.80734134181602,0.436578430035244,4.13978615862932,3.47629718670839e-05,0.000190362367535245
"Os01g0112500",3163.88455557628,1.36004891957348,0.328565626806592,4.13935241124315,3.48287580233794e-05,0.000190620838796859
"Os05g0372800",1515.66097441654,1.61699174692475,0.390770157846014,4.13796118884273,3.50405624297156e-05,0.000191690841923775
"Os01g0511100",1252.94362068783,1.80139196414577,0.43543354683116,4.13700776445748,3.51864207525712e-05,0.000192270560620922
"Os03g0106100",22.6033671700509,4.58726573665032,1.10886314654124,4.13690882500596,3.52015898459732e-05,0.000192302901370373
"Os08g0520550",2135.99885550431,1.54238074057276,0.372912693326448,4.13603711585799,3.53355062749741e-05,0.000192995982527979
"Os08g0478500",2482.03793158689,0.757860796241604,0.18329147781177,4.13473013196982,3.55371986418108e-05,0.000193981548026672
"Os01g0807900",3572.29753057585,0.681478903707073,0.164835060063718,4.13430797697796,3.56025783975863e-05,0.000194261000973762
"Os04g0668700",11331.8391862746,1.36660227434004,0.330623134979378,4.13341393797284,3.57414167964114e-05,0.000194824506959304
"Os05g0477900",138.002274264217,2.32612660817444,0.562788426854841,4.13321684877933,3.57720925410994e-05,0.000194952922163401
"Os06g0647900",242.948864889541,2.54943333544464,0.616915647174606,4.13254769451985,3.58764290049554e-05,0.000195404904926374
"Os06g0339500",924.779767673262,0.982207393364496,0.237681252118348,4.13245632379716,3.58906981941437e-05,0.000195443760285445
"Os07g0645200",506.081971237827,2.98467055027771,0.722295346206567,4.13220238224286,3.59303840626759e-05,0.00019558210450333
"Os11g0200950",557.53722208913,1.06559597224728,0.25787530040082,4.1322141771275,3.59285398411982e-05,0.00019558210450333
"Os01g0326100",13.9528089555748,6.61737696600548,1.60162221302273,4.13167157161022,3.60134735226199e-05,0.000195907522686241
"Os12g0511400",726.038776594201,1.13326365164865,0.274379007145629,4.13028556170539,3.6231291027625e-05,0.000196907002487634
"Os08g0440800",3972.65640073088,1.71528702739071,0.415346909402815,4.12976956986859,3.63127004648402e-05,0.000197310291297845
"Os02g0453300",983.432174687217,0.93935627148151,0.22754017050118,4.12830960534346,3.65439850239954e-05,0.000198448908364841
"Os04g0175600",14.2303143348372,7.30119989923076,1.76862147552599,4.12818683944758,3.65634969623177e-05,0.000198515509473706
"Os02g0110200",33.5374530369438,3.09152898180611,0.748891921728883,4.12813770866835,3.65713083900399e-05,0.000198518570771221
"Os05g0215700",863.110109257114,2.53561841697548,0.614236311502015,4.12808290472935,3.65800236773626e-05,0.000198526536268405
"Os04g0583000",1247.87442834699,1.08475030551483,0.262913715256386,4.12587949037582,3.69320632819015e-05,0.000200159506401773
"Os08g0178700",2579.63827486223,0.711209215574577,0.172376158178936,4.12591406542605,3.69265144682609e-05,0.000200159506401773
"Os02g0227500",30.3107011348075,8.59733544017308,2.08447291731618,4.12446492768176,3.71597608054002e-05,0.000201274077164468
"Os04g0412350",268.14715155503,1.79414568087958,0.435067278763141,4.12383502151709,3.72615830454001e-05,0.000201785690232612
"Os09g0533600",299.676293605483,1.48281603663903,0.35965203806779,4.12291848700586,3.74102110067327e-05,0.000202510492032691
"Os05g0137300",3014.53442596495,1.02854793798939,0.249474974268062,4.12285016165272,3.74213133617985e-05,0.000202530565953966
"Os02g0141300",2717.35241060486,0.895085223035144,0.217107528320646,4.1227737700242,3.74337301295011e-05,0.000202557744365303
"Os10g0521600",2851.25274418178,0.697987630912115,0.169306491024973,4.12262770722218,3.74574822053423e-05,0.000202646236438185
"Os03g0159100",997.080038956555,0.840849972233337,0.203996510921583,4.12188408730463,3.75786283343091e-05,0.000203221364008896
"Os01g0928800",3291.18322023099,1.00693827110949,0.244312971861592,4.12150964984348,3.76397701661617e-05,0.00020347166856549
"Os01g0830000",2066.40719356342,1.1296484461833,0.274107865564708,4.12118216256232,3.76933229176181e-05,0.000203680767022387
"Os03g0282300",1679.0843544528,1.50297304057962,0.364716983043934,4.12092968097009,3.7734659643758e-05,0.000203863917613841
"Os06g0727400",1086.41601504932,1.12122030799932,0.272105751921948,4.12053144808541,3.77999465050543e-05,0.00020417554446261
"Os01g0893700",122.003981313323,4.77179102687745,1.15813642436242,4.12023223387039,3.7849070641105e-05,0.000204328186105105
"Os07g0660200",9686.02509916959,0.833054413861977,0.202221106145305,4.11952258466725,3.79658212481029e-05,0.000204903424171275
"Os08g0110500",1988.5267691857,0.706361762299146,0.171468447946977,4.11948536746291,3.79719536013067e-05,0.000204903424171275
"Os08g0203300",2071.04336358163,1.20901487510011,0.293521170034328,4.11900400560108,3.80513533327163e-05,0.000205291435717241
"Os04g0447700",2477.43124732279,1.62485841495459,0.394486228693381,4.11892303651879,3.80647245050149e-05,0.000205323132909977
"Os02g0332800",2723.60639803909,1.86558943472038,0.452967245963228,4.11859676686607,3.81186496363769e-05,0.000205533057517717
"Os12g0605300",1522.86340726892,0.652134937942411,0.158361852284326,4.11800524264868,3.82166004255306e-05,0.000205939583367246
"Os01g0897800",7236.02774815276,0.590563817835339,0.143412963275352,4.1179249375209,3.82299165965895e-05,0.000205970819334615
"Os04g0269800",725.048946303729,1.35236797434428,0.328451186651315,4.11740931166115,3.83155225006196e-05,0.000206391440868136
"Os04g0544400",921.168070762535,1.98890792114675,0.48305587554519,4.11734547044275,3.83261342803256e-05,0.000206408011024852
"Os02g0259100",5762.00054848102,0.9577834282764,0.232656250594455,4.11673198475944,3.84282510707042e-05,0.000206835964841356
"Os10g0421800",409.761579392452,1.23130171835115,0.299094937442181,4.11675880869489,3.84237807408487e-05,0.000206835964841356
"Os08g0560600",671.39571153048,1.11276988516364,0.27036908217847,4.11574384244536,3.85932739330972e-05,0.000207683372554315
"Os01g0798500",590.873766846481,2.00162891972053,0.486416540304512,4.11505110099144,3.8709364764854e-05,0.000208185393731419
"Os02g0649300",16.1391970922115,7.62890731124363,1.85435588223995,4.11404703072873,3.88782171492946e-05,0.000209052462885027
"Os04g0182850",25.966857387486,8.29232120599647,2.01588934536213,4.11348034805296,3.89738233602073e-05,0.000209525416223639
"Os03g0174600",837.021433261428,0.63700705989968,0.154864281968676,4.11332459494131,3.90001398605552e-05,0.000209625751750484
"Os03g0348500",28.4942965742149,5.76374782872963,1.40150284347565,4.11254808048468,3.91315938535546e-05,0.000210291051058017
"Os10g0457700",3298.2998883299,0.837733678391691,0.203707603180536,4.11243206101271,3.91512705434899e-05,0.00021035552205899
"Os08g0254200",1252.25586571728,1.48715200485468,0.361635626369425,4.11229396778374,3.91747031428328e-05,0.000210398881134379
"Os06g0335950",243.416778978218,5.7309411148161,1.39384108778514,4.11161728911491,3.92897191377669e-05,0.000210975239541771
"Os05g0121200",1005.29039671576,0.998031072977079,0.242783825840283,4.11078073064736,3.94323531727582e-05,0.00021145190992776
"Os06g0702100",19.9384482125992,8.32550464174147,2.02528601069644,4.11077971099923,3.94325273232448e-05,0.00021145190992776
"Os06g0720601",25.898369847745,4.25621490521838,1.03574294809055,4.1093351521871,3.9679984735688e-05,0.000212570792469241
"Os01g0687300",6209.4226617659,0.646023288265913,0.157229263439332,4.10879803246797,3.97723703241539e-05,0.00021302405075262
"Os01g0918200",1166.29825391397,0.866403623128298,0.210883474280109,4.10844721752584,3.98328213123629e-05,0.000213306120931952
"Os05g0516900",1981.90223907749,0.77924293816929,0.189729479880493,4.10712630773098,4.00612182462679e-05,0.000214355785378386
"Os06g0725150",26.9989288463735,3.80815114941562,0.927208635836951,4.10711354729583,4.00634306868839e-05,0.000214355785378386
"Os01g0552100",71.6563900524757,2.5363521006705,0.617812013072344,4.1053784112377,4.03653557961071e-05,0.00021573608987535
"Os05g0279400",3870.53807327135,0.704584073120252,0.171643828930979,4.10491934087288,4.04455975432041e-05,0.000216122778444382
"Os05g0431700",321.407543531291,1.17587820976422,0.286483522249684,4.10452301245928,4.05149942390303e-05,0.00021640916677092
"Os07g0563600",944.228990969424,0.723214811385342,0.176264015426071,4.10302017480519,4.07791674895939e-05,0.000217735317096972
"Os01g0802100",1677.86085428041,0.871585981144447,0.212448998093366,4.10256574032609,4.08593706386449e-05,0.000218121033163735
"Os09g0516900",2489.5261646709,0.88379929569138,0.21543040677925,4.10248167333686,4.08742240197063e-05,0.000218157807896293
"Os08g0398800",411.667793331826,1.20863246722465,0.294779165668488,4.10012853006001,4.12920742576495e-05,0.000220259241673083
"Os05g0539150",26.9472703519582,3.99418682899041,0.974257921108721,4.09972220132935,4.13646356174771e-05,0.000220560392096227
"Os10g0103700",96.2890593531193,2.43880451663958,0.594937842591894,4.09925935458187,4.14474372475852e-05,0.000220872909270157
"Os04g0628900",136.044723975166,2.4179121016158,0.589904355702293,4.09882056005033,4.15260812235243e-05,0.000221248957555642
"Os01g0748900",2250.57111727882,0.63049309344929,0.153832796369193,4.09856095923868,4.15726754254155e-05,0.000221448726232022
"Os10g0147900",654.7158941885,0.734533587963722,0.179313360528171,4.09636842341329,4.19681840938696e-05,0.000223213695245667
"Os07g0190900",1591.66591922782,1.14709775593067,0.280039905969108,4.09619390479728,4.19998181946262e-05,0.000223338578949526
"Os06g0613600",223.342614072723,1.95282166466762,0.476787886758861,4.09578707618314,4.20736498066666e-05,0.000223647744201448
"Os03g0360600",296.231584885087,3.16950121240763,0.773872290249261,4.09563858577588,4.21006286371554e-05,0.000223744338183998
"Os04g0389901",298.41858004502,2.21428485609479,0.540699179042235,4.09522511207997,4.21758380898097e-05,0.000224100558897765
"Os01g0798800",232.552613833039,1.24678853376952,0.304453264405856,4.09517216444581,4.21854782851812e-05,0.000224108307934328
"Os09g0361333",21.9329340999681,3.72151494596392,0.908962813184143,4.09424334195507,4.23549297166856e-05,0.000224877666189133
"Os03g0561400",34.3059358357413,3.43178337926726,0.838327344961739,4.09360782502434,4.247124326902e-05,0.000225451516353048
"Os07g0495150",23.1012729701125,6.00178650392189,1.46675791457396,4.09187258803044,4.27903750047788e-05,0.000227057567174718
"Os02g0694400",1546.10678757692,0.803260052018493,0.196325476808925,4.09147129081097,4.28645017758811e-05,0.000227406850308573
"Os02g0153100",338.205098714267,2.14428349763307,0.524144835473883,4.09101330874396,4.29492480951189e-05,0.00022781232660213
"Os11g0551350",224.508976311618,1.18780527391857,0.290348762529177,4.09096034566087,4.29590587835083e-05,0.000227820247655194
"Os02g0123400",1017.583894843,0.624174194080626,0.152577409410347,4.09086899884339,4.29759845304015e-05,0.000227821790646841
"Os07g0464200",43.7755877785928,8.37373427616202,2.04692972601939,4.09087530935721,4.29748150453351e-05,0.000227821790646841
"Os01g0853400",6800.9207836422,0.812541343068304,0.198708289035659,4.08911649841889,4.33019346812756e-05,0.000229283451160801
"Os05g0427300",2847.7568332211,0.66830541896561,0.163444213807019,4.08889004632913,4.33442235321032e-05,0.000229463012517943
"Os04g0416000",625.967732285536,1.31399613462058,0.321404637999641,4.08829238681381,4.3456021827261e-05,0.000229965976404657
"Os12g0110300",2248.0425703493,0.776563770507336,0.19000452081761,4.08708049243091,4.36835592438383e-05,0.000231036179039964
"Os01g0863166",3817.71332787119,1.34969221818422,0.330254880720956,4.08681989873339,4.37326340357574e-05,0.000231251077002593
"Os02g0262800",207.807785923898,1.61400160187382,0.394945662002265,4.08664218184163,4.37661315233086e-05,0.000231338886251437
"Os03g0131900",206.907838244645,2.26808212985138,0.554995375561289,4.08666851963871,4.37611656309674e-05,0.000231338886251437
"Os07g0661600",1156.35262576982,0.682125570003422,0.16692989850148,4.08629955524338,4.38307812024836e-05,0.000231591228379095
"Os08g0424100",1196.13948531357,2.20887928936179,0.540592513334979,4.08603381451763,4.38809857696739e-05,0.000231781809919473
"Os07g0580900",1837.83027102052,1.29590023214196,0.317184218399326,4.08563906073807,4.39556645927027e-05,0.000232116755129886
"Os01g0735500",272.562517176922,1.67408591571298,0.409759760865309,4.08553029262251,4.39762623272212e-05,0.000232180763570724
"Os07g0657400",718.982097037494,1.05633748266977,0.258563398295764,4.08540995992577,4.39990607473018e-05,0.000232256364025697
"Os12g0541500",2406.78700740329,2.09717431758753,0.513346055374542,4.08530326790455,4.4019284160051e-05,0.000232318345361841
"Os01g0978100",5605.06984009674,0.698807696614571,0.171072184073714,4.0848703744465,4.41014293690776e-05,0.000232617418033584
"Os10g0167200",945.490699277648,1.75886676025087,0.430621130453638,4.08448781507305,4.41741442631826e-05,0.000232911258039044
"Os12g0152200",15.2457446174129,7.98984685443948,1.95618285437611,4.08440695437323,4.41895283958224e-05,0.000232947531233636
"Os12g0512400",808.033303464476,0.85595546823194,0.209588135356756,4.08398818365818,4.42692828586439e-05,0.000233323056913819
"Os02g0457600",17.5576704466209,6.913517564946,1.69295075893171,4.08370859487288,4.43226062471621e-05,0.000233559158852639
"Os05g0231600",54.2131454781637,3.15794895286294,0.773317923471113,4.08363605318777,4.43364514037757e-05,0.000233587178380616
"Os02g0631500",3111.08337182453,0.784448282968166,0.192111859007309,4.08328922025746,4.44027039334101e-05,0.000233846272532212
"Os07g0581300",3417.80338550945,0.440641924301191,0.107930001883653,4.08266391745456,4.45223875063358e-05,0.000234386453235834
"Os07g0472100",318.135414836063,1.92104269237828,0.470551019817137,4.08253858024752,4.4546413954238e-05,0.000234467875599641
"Os05g0494100",840.108611345961,0.671944491108383,0.164597686235694,4.08234469436101,4.45836050310555e-05,0.000234483395815215
"Os01g0965400",978.035836631227,1.13335488923896,0.277634476135973,4.08218354223375,4.46145395471504e-05,0.000234601046791322
"Os08g0557900",4219.64317638207,0.764119423744854,0.187186209808994,4.08213524129029,4.46238152869846e-05,0.00023460478397808
"Os01g0953100",798.279492653102,0.857378676855206,0.210042146420563,4.08193637070578,4.4662025776611e-05,0.000234760611791816
"Os08g0127700",7421.352181142,0.93164863683181,0.228277267700444,4.08121512149147,4.48008652931245e-05,0.00023544522280199
"Os12g0481700",350.953278395576,2.46652975428729,0.604526390890508,4.08010269105692,4.50158095362193e-05,0.000236484088800649
"Os08g0484600",3674.53107234734,0.621314881792739,0.152283606758495,4.07998533143543,4.50385427559066e-05,0.000236558144703171
"Os03g0181600",856.636902968737,1.04492449709028,0.256133113917696,4.07961501387927,4.51103467561906e-05,0.00023688985966235
"Os04g0469700",341.910246419537,2.04060590890181,0.500272673521799,4.07898735410918,4.52322970288498e-05,0.000237348246727438
"Os07g0495900",9316.37193577267,0.69217535019678,0.169863119340826,4.07490073703373,4.60339783767062e-05,0.000241046970314731
"Os03g0833600",992.988306564258,1.28811906032031,0.316131242899931,4.07463384037639,4.60868021465798e-05,0.00024124360576914
"Os01g0923600",3307.23733663567,0.678133369201092,0.166455573250213,4.07396013218334,4.62203972119172e-05,0.00024183818529735
"Os06g0248400",1689.76574332526,1.37452497596146,0.337396847303058,4.0739117361308,4.62300081821774e-05,0.00024184227542361
"Os05g0142200",222.859279313494,2.55493263956116,0.627183338833691,4.0736615298364,4.62797268740617e-05,0.000242056138783163
"Os05g0202800",28.4126145182327,8.66986493994578,2.12890479793203,4.07245309812233,4.65205699603716e-05,0.000243222930289089
"Os11g0140800",659.052562148439,1.41419379178202,0.347286241554401,4.07212731910224,4.65857015398017e-05,0.000243470511520074
"Os07g0673550",2038.87988383472,3.55829340991055,0.873903961408498,4.07172134129652,4.66669879340641e-05,0.000243848810855007
"Os09g0128600",4293.74461086201,0.909343461139857,0.2233815131248,4.07080894215189,4.68501629546417e-05,0.000244712588384934
"Os06g0571100",610.990438649579,0.746038651851541,0.183279521869895,4.0704964975909,4.69130464827659e-05,0.000244947627946901
"Os03g0370200",369.763446076693,1.27038330319267,0.312103644857916,4.07038919321499,4.69346613394089e-05,0.000245013780969649
"Os06g0610300",8.87549742917324,7.17260091267554,1.76268170407542,4.0691412953865,4.71867261001754e-05,0.000246282700954631
"Os02g0161300",1193.9145227777,1.75088373577011,0.430297998538214,4.06900274163051,4.72147918165367e-05,0.000246382237120738
"Os01g0804400",665.783324303832,1.13426497856885,0.278787263471174,4.06856814205263,4.73029278679526e-05,0.000246795142329731
"Os06g0358800",98.9935072701591,1.7213409121414,0.42332231307216,4.06626548846239,4.77725108636235e-05,0.00024900796290495
"Os04g0201000",13.2420493409603,7.7863469562973,1.91514589119631,4.06566778650659,4.78951215319443e-05,0.000249599557435595
"Os09g0310800",1384.70238596761,1.22550700458903,0.301453828196224,4.06532241412213,4.79661060649515e-05,0.000249921934796478
"Os05g0502500",214.785616864906,1.29050399272928,0.31751495901302,4.06438801101137,4.81586546444099e-05,0.000250877464694757
"Os05g0465800",61.5926128274958,5.95467228934366,1.46534715455811,4.06365977565184,4.83092269580984e-05,0.000251470550286825
"Os06g0184700",202.298675185209,1.62419330461785,0.399939112707371,4.06110143522334,4.88417435840828e-05,0.000253957884434483
"Os10g0405600",2238.90496130116,1.01391305980668,0.24966636244787,4.06107194363589,4.88479145564959e-05,0.000253957884434483
"Os12g0284000",7531.38079525326,0.847038353078959,0.20857526623837,4.06106806600416,4.88487259872091e-05,0.000253957884434483
"Os02g0150700",4966.41716947433,0.84162636835999,0.207296992453474,4.06000279308868,4.90721289112446e-05,0.00025495726157206
"Os02g0153500",23.6886549306585,8.33902329567396,2.05426051860102,4.05937962598481,4.92032645929996e-05,0.000255590104393486
"Os06g0602800",3957.41050903531,0.595778464962955,0.146785850779627,4.05882761723001,4.93197035223119e-05,0.000255952254486481
"Os06g0722650",1058.6523773084,1.45688398567472,0.35897276148848,4.05848059232616,4.93930374952304e-05,0.000256284275436987
"Os03g0255000",2194.25870035964,0.729516140167014,0.179784297724116,4.05773000980584,4.9552005757031e-05,0.000256963080214093
"Os02g0821400",554.368363271572,1.61917392379697,0.399163410659653,4.05641870110574,4.9830896414523e-05,0.000258262645920568
"Os03g0308800",2426.2515974957,2.07585470315752,0.51177001843676,4.05622570368301,4.98720687219509e-05,0.000258427134764086
"Os02g0598800",589.404113308551,0.990772695520781,0.244307463301696,4.0554336004761,5.00413867792397e-05,0.000259206434430816
"Os09g0304400",36.8066735590517,9.02209029961257,2.22522989157702,4.0544531303319,5.02517243862336e-05,0.00026014836187173
"Os05g0584400",127.410048652733,1.70728096494519,0.421096442515022,4.05437043055591,5.02695040155464e-05,0.000260191229117504
"Os06g0224200",1847.84274874584,0.742630151060772,0.183234123538709,4.05290312043808,5.05859542235791e-05,0.000261674114413284
"Os04g0632100",97.353231289644,2.94834062156052,0.727516528206769,4.05260981331624,5.06494368804948e-05,0.000261811422078436
"Os05g0194500",1195.75006382355,1.73849486711378,0.429078626603805,4.0516929982603,5.08483572769278e-05,0.000262790066824968
"Os10g0495050",73.3684920799897,2.87152351342515,0.708744285931773,4.0515649585097,5.08761967808079e-05,0.000262884343713094
"Os06g0498900",931.057480217273,1.13783675364896,0.280883923196405,4.05091448702579,5.10178511417006e-05,0.000263467187145988
"Os03g0703200",6776.18405888251,0.79600903097621,0.196543294392294,4.05004420749863,5.12079582035467e-05,0.000264299450377491
"Os12g0444500",326.689277420838,2.28459074792655,0.564096649862401,4.04999878741316,5.12178983452969e-05,0.000264300952067827
"Os08g0224100",2917.75686979774,0.857787616122561,0.21180547417268,4.04988407156666,5.12430119398278e-05,0.000264380738377062
"Os02g0725200",923.080799310377,1.95722667956784,0.483452838693093,4.04843352426839,5.15615742212566e-05,0.000265774008184878
"Os02g0665300",81.9738715828685,1.3375169740408,0.330407986612536,4.04807700852972,5.16401573511117e-05,0.000266128984008335
"Os09g0130901",279.034478368369,2.36545394545879,0.584367650853675,4.04788653513454,5.16821879653843e-05,0.00026629548731374
"Os05g0185800",2443.00715460265,1.41822582817613,0.350373170052241,4.0477580745257,5.17105528959383e-05,0.000266391527999369
"Os10g0389000",2535.4577067772,1.55365559309358,0.383922399388309,4.04679590346636,5.19234760364713e-05,0.000267337581224622
"Os05g0479800",406.994526868341,1.89268211278547,0.467776903844558,4.04612133953155,5.20732484636131e-05,0.000267907278111726
"Os04g0568850",123.223599074607,2.6994540534158,0.667202220471193,4.04593085962661,5.21156145017299e-05,0.000268074891421011
"Os09g0357400",72.4814013146897,2.01254691457072,0.497516942363651,4.04518267259266,5.22823406278672e-05,0.000268781079605464
"Os01g0685500",1328.60474446831,0.718622394607981,0.17772377810223,4.04347916908798,5.26638371670057e-05,0.000270539228027279
"Os04g0127900",17.3671965446864,8.004121800367,1.97956250900835,4.04337916279118,5.26863151742364e-05,0.000270603948797583
"Os04g0589200",505.292367082659,1.10301760228257,0.272805242533779,4.04324195546205,5.27171694991687e-05,0.000270711659121059
"Os03g0317000",4267.00334942398,1.23368196883731,0.30516213035275,4.04270991099466,5.28369743265444e-05,0.000271276019452367
"Os03g0586300",1738.74302944392,0.706101826346154,0.174722599420487,4.04127358846609,5.31616925880742e-05,0.000272789794245024
"Os01g0128700",84.4368789911612,2.24351193023045,0.555160936334037,4.04119199208307,5.31801962311063e-05,0.000272833630823419
"Os12g0610600",1460.6166210871,1.10215522347017,0.27284217644441,4.03953390869806,5.35575250188085e-05,0.000274615156830809
"Os07g0654700",39.4037977009826,7.76493752308404,1.9229618336302,4.0380091727693,5.39067457336298e-05,0.000275992462128945
"Os02g0151800",1221.13874877338,1.35573055707824,0.335756061891985,4.03784387224076,5.39447350072013e-05,0.000276135346025463
"Os12g0566500",3980.50674191045,0.63698311483094,0.157784680760059,4.03704029923914,5.41297733525508e-05,0.000276979006519656
"Os07g0462700",1324.43662504008,0.535355374752705,0.132641134067672,4.03611879916205,5.4342706892864e-05,0.000277912823842875
"Os02g0291500",538.838344194578,0.839951478226808,0.208135440800359,4.03560044842377,5.44628321202346e-05,0.000278475160463943
"Os07g0672700",8.60317583363309,5.87224717535226,1.45520798833722,4.03533187174304,5.4525172344399e-05,0.000278689866707489
"Os03g0215800",1663.17897896584,0.656444683359428,0.162693296400557,4.03486005805202,5.46348503148015e-05,0.00027919835540536
"Os06g0527100",2529.89445197188,1.13308804052476,0.28084313970039,4.03459397916418,5.46967952438842e-05,0.000279451932599775
"Os05g0408200",4252.87575867194,0.730795064759349,0.181191343302712,4.03327803325805,5.50041357223738e-05,0.000280749797097868
"Os09g0133800",1610.58637286679,1.38591414359934,0.343621991399822,4.0332521732777,5.50101917061902e-05,0.000280749797097868
"Os10g0553900",960.743163341229,0.730586311893914,0.181226568747622,4.03134218642817,5.54592297473901e-05,0.000282725434954544
"Os01g0602400",1085.06614766038,4.57904529121096,1.13620725216829,4.03011447292957,5.57496962395396e-05,0.000284020575442751
"Os03g0191400",1430.53441075709,0.946083010234841,0.23477374285349,4.0297649930352,5.58326433276081e-05,0.0002843644353638
"Os03g0131200",1324.38374170491,5.83981288399958,1.4500856825137,4.0272191874044,5.64404131395877e-05,0.00028708623144038
"Os11g0158832",384.953893547053,1.79985732155592,0.447038252302883,4.02618190341451,5.66898403161626e-05,0.000288194397939868
"Os03g0729300",766.948542338451,2.21562147130702,0.550461715196666,4.02502373941744,5.69695681217157e-05,0.000289269434098941
"Os01g0644000",2167.43764296251,1.22384190933868,0.304116476969835,4.02425386987522,5.71562351855106e-05,0.000289977677805223
"Os05g0565701",452.288923796734,1.20875381072056,0.300366437483593,4.02426389861412,5.71537998391138e-05,0.000289977677805223
"Os06g0701200",4752.76275876393,0.585942094566607,0.145615728955646,4.02389287729406,5.72439629257902e-05,0.000290364701574133
"Os01g0184900",9267.0800650124,0.461221284768049,0.114628595465709,4.0236145517985,5.73116881212363e-05,0.000290572333808022
"Os11g0161000",240.9541028161,1.10649970788888,0.275037805491751,4.02308223013386,5.74414298675133e-05,0.000291150667191165
"Os01g0678900",355.924456978852,1.33252893888501,0.331406679007467,4.02082704813255,5.79941730807502e-05,0.000293626320675569
"Os05g0224800",2902.20141914347,0.583885713924632,0.145223421920562,4.02060291792338,5.8049381565162e-05,0.000293851526603466
"Os08g0408200",1993.03824333302,0.683145925349902,0.169930238455865,4.02015516224519,5.81598232853287e-05,0.000294279748553122
"Os08g0556550",4913.77092139068,0.864893875083379,0.215143138330767,4.02008579866333,5.81769500352363e-05,0.000294279748553122
"Os07g0529000",128.621445242161,11.0661172925102,2.7526863502327,4.02011558330091,5.8169595244607e-05,0.000294279748553122
"Os03g0702600",69.2044538441324,3.36130351003525,0.836200513041364,4.01973385284084,5.82639235593109e-05,0.000294665275150126
"Os01g0158500",994.232943255045,0.856972023852797,0.213205026119797,4.019473834408,5.83282588910636e-05,0.000294881753282599
"Os07g0204100",1213.27117531566,0.952369678827663,0.236937650486513,4.01949490455454,5.83230430841226e-05,0.000294881753282599
"Os03g0160100",5980.5613431877,0.940808873651604,0.234076893423494,4.01923000554132,5.83886496230185e-05,0.00029513258937518
"Os02g0697500",812.541804904397,4.16101706398622,1.03546253272943,4.01851050372435,5.85671988318595e-05,0.000295925870356662
"Os03g0681400",2337.89128863977,0.420023801114787,0.104545341742421,4.01762330214236,5.87880757961858e-05,0.000296932359235354
"Os03g0302100",28.8104727829198,3.09576582345913,0.770555823378202,4.01757501473021,5.88001199976466e-05,0.000296938437842098
"Os03g0383600",26.0678649422308,4.73186140648199,1.17794297798896,4.01705472582419,5.89300426068551e-05,0.000297539686091128
"Os11g0704700",2312.94176454865,0.811508004229762,0.202037980818684,4.01661113886323,5.90410264361424e-05,0.000298045107834939
"Os07g0537200",96.8762458263396,2.53525184976222,0.631213302000243,4.01647405358584,5.90753646870436e-05,0.000298163499934183
"Os12g0635500",206.309421606382,2.80832502718357,0.699218734524597,4.01637554676359,5.9100051165231e-05,0.00029822158461159
"Os06g0287500",1263.48185916942,1.83797980176633,0.457641128927627,4.01620327716873,5.91432465772528e-05,0.000298341190975604
"Os06g0558766",2869.72501378504,1.67187892461696,0.416290702813703,4.01613322929567,5.9160819146476e-05,0.000298374884411918
"Os02g0781800",2392.37369175626,0.827261937157032,0.206020604058663,4.01543302397791,5.93367481946504e-05,0.000299041926366085
"Os04g0128001",206.987750113944,1.53492956474259,0.382256714628104,4.01544173327581,5.93345569133642e-05,0.000299041926366085
"Os01g0721300",129.511160972067,2.24726056983128,0.559675268910296,4.01529367950591,5.93718180380435e-05,0.000299163625437831
"Os04g0565400",10.9942423932228,7.19292224940525,1.79146964301054,4.01509580554078,5.94216521550083e-05,0.000299304610919057
"Os09g0491644",680.437184663019,0.609740668319477,0.151932559894304,4.01323237588875,5.98928996424932e-05,0.000301401141669581
"Os09g0413200",366.937138862661,1.00462909436216,0.250376298840356,4.01247681595743,6.00849816468426e-05,0.000302312221213935
"Os09g0279000",4323.55112543397,0.422459301700421,0.105293528748015,4.01220575208792,6.01540348423389e-05,0.000302579275259731
"Os09g0565300",816.79388625411,1.42503732182857,0.355341802949611,4.01032839367522,6.06343561858306e-05,0.000304684580863344
"Os07g0137900",3526.68943665576,0.611726653999973,0.152562172573475,4.00968761575129,6.07991285696893e-05,0.000305456516994197
"Os06g0608500",5163.78330842483,0.488132861187894,0.121754347417543,4.00916165657638,6.09346926897346e-05,0.000306025333235152
"Os06g0128700",241.33025006333,0.909563964968209,0.226876400853186,4.00907261199369,6.09576719252963e-05,0.000306084618094554
"Os02g0829200",2255.96129396408,0.486811653273864,0.121485796707406,4.00714870764961,6.14561714479413e-05,0.000308248670963296
"Os04g0423600",1688.14322142857,0.704590582457002,0.175846581741458,4.00684833039825,6.15343491609003e-05,0.000308584283754343
"Os10g0390800",2700.16262246833,1.67561980625614,0.418198796017454,4.00675425709787,6.15588525122438e-05,0.000308594167123512
"Os01g0219300",1360.40498853395,1.1384253960456,0.284142616489959,4.00652816571018,6.16177805115424e-05,0.000308833051416589
"Os11g0605500",4024.58804934201,0.931883839062581,0.232594254380943,4.00647832657268,6.1630777664968e-05,0.000308841681489414
"Os06g0328966",304.551581652235,1.28089710194115,0.319713469945019,4.00639079160921,6.1653611496814e-05,0.000308899592557021
"Os05g0101200",4291.88968905688,0.617194777843103,0.154056626914244,4.00628515764314,6.16811771877612e-05,0.000308940070364402
"Os06g0176850",57.7631244832913,7.86948583658841,1.96473619010961,4.00536513563655,6.19217552197481e-05,0.000309959575516104
"Os12g0593000",3006.58695283159,0.394177626795844,0.098414185304247,4.00529278962424,6.19407107214201e-05,0.000309997808764922
"Os02g0290000",1667.40440989462,1.00639079368249,0.251286669898536,4.00495097526997,6.20303443993239e-05,0.00031034655374082
"Os02g0581100",1229.72524748875,2.58157593186773,0.64459779999234,4.00494064965534,6.20330539860168e-05,0.00031034655374082
"Os03g0281466",311.33636135215,3.98270797126284,0.994481145954901,4.00480993276011,6.20673656298707e-05,0.000310461506933489
"Os09g0376350",272.474775593832,1.55712200929994,0.388839300402854,4.00453865565207,6.21386300159353e-05,0.000310761222341881
"Os07g0602700",1472.44249143941,0.685864631953436,0.171289365707738,4.00412850569891,6.22465233564505e-05,0.00031124397978396
"Os06g0252300",1222.26841266752,0.652947530965945,0.163129768611934,4.00262647658888,6.26431605067314e-05,0.000312998688332703
"Os02g0575500",2483.95381613386,2.30688028395414,0.576356844900439,4.00252084167168,6.26711451234667e-05,0.000313048849665822
"Os11g0531300",2667.66605111932,0.562085965991034,0.140433639611041,4.0025023032077,6.26760575213525e-05,0.000313048849665822
"Os05g0128200",6955.96563233862,1.09167814905289,0.272791042951948,4.00188414267397,6.28400691047205e-05,0.000313753615174517
"Os04g0443200",83.656826711159,1.65036332088342,0.412439703476376,4.00146568570588,6.29513254590434e-05,0.000314251823518983
"Os10g0502900",1384.79271787435,0.849636718625129,0.212354733950911,4.00102556141525,6.30685437514104e-05,0.000314779606759272
"Os07g0602200",3931.07112916308,0.474293346849232,0.118576104096926,3.99990664612776,6.3367475471672e-05,0.000316213977162428
"Os01g0925200",2944.84136359001,1.14983188920983,0.287537029404045,3.99890021675816,6.36375005193379e-05,0.000317272438428319
"Os06g0719900",62.971565720259,2.26293764487975,0.565933799056826,3.99859073384752,6.37207535200341e-05,0.000317571899502776
"Os07g0643100",168.123862037828,1.55101621024577,0.387888019934846,3.99861849434353,6.37132815514236e-05,0.000317571899502776
"Os02g0807100",1274.71928920675,1.14915241315412,0.287446417653118,3.99779695477325,6.39347570457007e-05,0.000318406714588871
"Os10g0369600",1906.1738763086,0.954165167938335,0.238683759038607,3.99761245499741,6.39845956934551e-05,0.000318596993390189
"Os12g0271700",1551.53536237346,2.65462652465854,0.66407131034699,3.99750220088781,6.40143960222768e-05,0.000318687444828459
"Os11g0482200",133.623793181664,2.15822336065144,0.540044827364431,3.99637817324197,6.43189574839334e-05,0.000319912940701365
"Os10g0388600",67.2941774267679,2.27434443842023,0.569165385205545,3.99592894708256,6.44410609625652e-05,0.000320462073497753
"Os01g0721200",132.225860779624,3.1130115385937,0.779069621033069,3.99580660643108,6.44743521816122e-05,0.000320569428318486
"Os08g0178300",1770.47802948854,0.485712355731852,0.121562662848341,3.9955718668142,6.45382748859968e-05,0.000320829017677375
"Os09g0281900",3034.16965352502,1.05234078104406,0.263424288110227,3.99485100099698,6.4734951349803e-05,0.000321689958712346
"Os12g0632900",468.251881193616,1.52060674382458,0.380709432124922,3.99413992802162,6.49295116799388e-05,0.000322539763225463
"Os03g0126800",2018.11915840453,0.879414529800467,0.220185129074666,3.9939778562532,6.49739343522989e-05,0.000322701910397791
"Os03g0428800",4842.32885718379,1.21810350389124,0.305033988087287,3.99333697706722,6.51498765225797e-05,0.000323458449851365
"Os02g0511400",121.017739740882,1.29977156717484,0.325493622068714,3.99323206062836,6.51787224125817e-05,0.000323543020225267
"Os07g0203700",3640.24779527171,0.669009765122786,0.167566294737124,3.99250795735693,6.53781383578851e-05,0.000324415323869716
"Os01g0731700",56.9372951742018,5.97991594921232,1.497934121092,3.99210877501939,6.54883187861497e-05,0.000324903195050068
"Os02g0618200",3823.74411442844,0.524877293664596,0.131481381159487,3.99202753299283,6.55107643398037e-05,0.000324955694681558
"Os12g0488900",425.204772289707,3.16300986256715,0.792723022885527,3.99005676794113,6.60574832069391e-05,0.000327430423909024
"Os03g0108600",1887.5260317114,1.74613158365493,0.437801426463078,3.98840999162938,6.65176316030609e-05,0.000329353660021591
"Os06g0475400",1341.24612900397,0.926764525883028,0.2323979799974,3.98783382666836,6.66793408517803e-05,0.000330035024443642
"Os01g0853000",882.299459113125,1.11416683971405,0.27942121300149,3.98740964490806,6.67986314511227e-05,0.000330523450531949
"Os04g0619400",2465.34265897735,0.779895344580722,0.195591961834745,3.98735887336543,6.68129232136777e-05,0.000330523450531949
"Os01g0605000",467.917155823603,1.51463142441357,0.379949614245974,3.98640074268643,6.70831721095888e-05,0.000331674217915839
"Os05g0595300",4327.60230765606,1.31802152002691,0.330648414589835,3.98617220548872,6.71477855871442e-05,0.000331933765568935
"Os01g0858000",1128.93583330857,0.83913898339856,0.210541099992918,3.98563028039079,6.73012375458533e-05,0.000332628302479355
"Os02g0525100",4095.38938709169,0.816525931631492,0.20487171173965,3.98554746625599,6.73247164742267e-05,0.000332628302479355
"Os02g0819600",1797.23058049783,0.824627803150191,0.20690254236514,3.98558564686408,6.7313890792121e-05,0.000332628302479355
"Os07g0181700",974.546739201024,1.36859744197822,0.343496673730406,3.98431061097369,6.76763053505784e-05,0.000334064098010037
"Os08g0564100",13722.3758978459,0.453804429005142,0.113952457388321,3.98240142780503,6.82224229656946e-05,0.000336638513322526
"Os07g0451201",62.7188532206587,4.55304634791771,1.14339985220909,3.982024607683,6.83307030992939e-05,0.000337112083680252
"Os11g0195500",1364.05442899414,0.921089019371342,0.231317632398259,3.98192308049179,6.83599049690971e-05,0.000337195418153888
"Os08g0536100",4917.25154679076,1.12125138888085,0.281652679080994,3.98097185703819,6.86340758362919e-05,0.000338365005621287
"Os03g0740833",62.1678624160664,4.52184659197246,1.13595233909016,3.98066576947607,6.87225204023942e-05,0.000338740067723948
"Os05g0437401",121.565001012525,2.1151060004487,0.531351493446885,3.98061551822876,6.87370508942609e-05,0.000338750730666553
"Os11g0615000",3508.41927995887,0.900432849489849,0.226212065293162,3.98048109557252,6.87759344143541e-05,0.000338881385059106
"Os01g0316600",1479.92088610741,2.12079737878121,0.532834006046152,3.98022152249329,6.88510782416827e-05,0.000339068659496212
"Os01g0930000",473.897309540186,1.25737760176747,0.315903413692761,3.98025962134857,6.88400441396876e-05,0.000339068659496212
"Os07g0533850",116.224091807301,2.37678941323565,0.597195435026217,3.97991892408103,6.89387755358967e-05,0.000339378504799379
"Os10g0565300",5721.37852983103,0.829525144054099,0.20846352947592,3.97923390311743,6.91376948811232e-05,0.000340235465413016
"Os09g0362500",2321.67546135521,0.922489434904143,0.231842742296007,3.97894463190203,6.92218576785856e-05,0.000340588450453411
"Os04g0457800",4237.83357435491,0.481358256440099,0.121033308284322,3.97707261962409,6.9768863253084e-05,0.000343033375222621
"Os06g0606000",3016.72178995111,1.18963805701918,0.299186328305406,3.97624471598451,7.00120802508064e-05,0.000343982222448402
"Os01g0922000",962.597185759317,1.09466102476151,0.275320213480531,3.97595589122598,7.00971181727884e-05,0.00034433826468272
"Os08g0543500",648.871158980737,1.61863354745674,0.40713689477521,3.9756493902387,7.01874673257387e-05,0.000344632610839254
"Os02g0633100",2904.57908547317,0.776867455163169,0.195417591082686,3.97542232947931,7.0254470427668e-05,0.00034486383503302
"Os03g0669800",2051.11433318107,1.0805839614757,0.271822970372973,3.97532246812332,7.02839575566321e-05,0.000344946762485883
"Os10g0183000",925.428256420267,0.857894440204089,0.215867666172378,3.97416831995131,7.06256059475338e-05,0.000346561442584898
"Os03g0769050",300.733108882784,1.20258515097977,0.30261334833565,3.97399902414713,7.06758524495703e-05,0.000346745884729748
"Os12g0509600",138.047422654112,1.57793310995932,0.397129674910236,3.97334475273343,7.08703563706548e-05,0.000347637881688504
"Os10g0397066",6.44862649707692,6.50928501772688,1.63843687961567,3.97286285404768,7.10139404883603e-05,0.000348279828812297
"Os04g0182900",174.791894266968,2.44069307197468,0.614455150434897,3.97212566327617,7.12341227468125e-05,0.000349234626124564
"Os06g0128000",51.510402776929,1.43909990133962,0.362312721203204,3.97198281241827,7.12768637037321e-05,0.000349381634521998
"Os03g0363900",2307.81041456011,0.499135054477433,0.125692900576654,3.97106799339901,7.15511530838988e-05,0.000350349952470696
"Os04g0301700",282.110413550711,1.59811788778667,0.402613594795586,3.96935897953984,7.20662422127547e-05,0.000352494007223136
"Os01g0784800",12884.1963312989,0.458379453225583,0.115490408333595,3.96898287779493,7.21800675094424e-05,0.000352987721683831
"Os04g0585050",66.9491588432691,1.55465111741673,0.391854983271685,3.96741443591351,7.26565843768833e-05,0.000355191237313441
"Os03g0565300",1203.79310892218,1.78586706090655,0.450222584450399,3.96663144539188,7.28955809916517e-05,0.000356168900988643
"Os11g0109950",132.374637820118,2.11493149856122,0.533171610437372,3.96669938376182,7.28748143560043e-05,0.000356168900988643
"Os12g0617100",1292.51597348727,1.10951630951621,0.279709494820485,3.96667374565989,7.28826504647437e-05,0.000356168900988643
"Os04g0391500",2622.92880972328,1.10479400103795,0.27853458590929,3.96645176910901,7.29505293930455e-05,0.000356373809631694
"Os11g0102700",525.234271825412,1.01713167038994,0.256598610346737,3.96390171020608,7.37346213959739e-05,0.000359755079205045
"Os02g0638300",364.06417909192,2.57849984759831,0.650608856705642,3.96321049279062,7.39485260015846e-05,0.00036073447474789
"Os04g0618050",175.220724320364,0.982405153535913,0.247890814105025,3.96305590056957,7.39964464538636e-05,0.00036090396453308
"Os11g0303800",135.461626235148,1.59737096799774,0.403100977487787,3.96270675886948,7.41047813848971e-05,0.000361303678695927
"Os03g0554900",10870.9460315424,0.840572969223356,0.212128573496797,3.96256362529138,7.41492375394704e-05,0.000361456089240725
"Os09g0408600",1331.30665483161,1.24520855910492,0.314303050775892,3.96180869396904,7.43841308644731e-05,0.000362343184867292
"Os01g0946500",840.460925274955,1.03976936562075,0.262476008516376,3.96138821029,7.45152673364916e-05,0.000362852922242461
"Os11g0225000",73.6691382864142,4.35736597811161,1.09995457528268,3.96140538530131,7.45099066763492e-05,0.000362852922242461
"Os01g0871200",30089.5203282906,1.51969074266884,0.383682962402009,3.9607980848432,7.46996788623163e-05,0.000363686260881213
"Os02g0280400",2796.77282771889,0.664913014711793,0.167922161558511,3.95965016493735,7.50596356459824e-05,0.000365373819082833
"Os01g0350900",2219.85005047994,0.548313736694967,0.138485069750484,3.95937076598143,7.51474955126478e-05,0.00036573650490173
"Os04g0644600",453.759023407955,2.03729113275535,0.514559746007648,3.95928975898761,7.51729871731873e-05,0.000365795574997473
"Os01g0600900",50871.57176517,3.2802733367058,0.828613160901547,3.95875118992414,7.53426746349957e-05,0.000366556163574985
"Os05g0596600",3051.12383010967,0.590886902909531,0.149300997307606,3.95768892080555,7.56784271041925e-05,0.000368058912786033
"Os06g0651600",3973.96862039986,0.619610492191573,0.156579059384663,3.95717342169871,7.5841870858683e-05,0.000368788333870084
"Os05g0421450",101.202560682056,1.59172858328993,0.402318124288317,3.95639293185119,7.60899677787497e-05,0.000369929057051426
"Os01g0227200",2980.04653281316,1.04865752314247,0.265068150166192,3.95618078778979,7.61575352500876e-05,0.00037004806993688
"Os07g0165650",146.50741351093,0.956647194261033,0.241812888781885,3.95614641998643,7.61684866673041e-05,0.00037004806993688
"Os11g0659400",852.811100626694,0.931579033093467,0.235604675565089,3.95399213050042,7.68579382784464e-05,0.000372934594753751
"Os11g0614900",1691.22843863249,0.802717832288192,0.203085792987698,3.95260456420414,7.73051301806354e-05,0.000375038048313458
"Os01g0390400",1399.89433373083,0.82440768102915,0.208578161693559,3.95251197122143,7.73350589097746e-05,0.000375116805135051
"Os04g0615200",1683.97838604325,0.892768801609403,0.225883716554868,3.9523380225265,7.73913137826283e-05,0.000375323207475208
"Os09g0536400",2736.00296958452,1.35637156249266,0.34320889397102,3.95202917616464,7.74912897994477e-05,0.000375741532819379
"Os11g0123033",36.1724862597312,3.60991526768937,0.91352354050599,3.95163901927462,7.76177612495006e-05,0.000376288159006207
"Os07g0640200",3312.88793656555,0.425939224154004,0.107811625643243,3.95077267050464,7.789929100156e-05,0.000377519370103279
"Os04g0520900",831.906828401472,0.894204355991714,0.226395214360627,3.94974937309112,7.82330666125715e-05,0.000378868799077961
"Os12g0594200",304.450554867468,3.8614470046103,0.977686908345974,3.94957421608826,7.82903340700514e-05,0.000379012113911767
"Os03g0805400",1725.69638551225,1.36578109196087,0.345831528630207,3.94926713990059,7.83908280699179e-05,0.000379431555338951
"Os05g0327000",429.13706916827,1.22575001362432,0.310479671967402,3.94792356567876,7.88319631203928e-05,0.000381229926170671
"Os05g0469800",716.297367393225,7.51097602239972,1.90263193953073,3.94767682931479,7.89132285883475e-05,0.000381488218189804
"Os03g0201000",162.94248626027,3.33315292949561,0.84435013996762,3.94759563801746,7.89399871926919e-05,0.000381550236314633
"Os03g0135600",437.241103830834,1.21671883658991,0.308250562463103,3.94717474922871,7.9078839070767e-05,0.000382086519842543
"Os06g0716800",2092.18715426889,0.564401991689651,0.143046640920508,3.94558018320257,7.96069861540267e-05,0.000384502725752944
"Os02g0453500",133.410092851625,1.88136504511606,0.476852007548701,3.94538560252137,7.96716623494061e-05,0.00038474726787951
"Os02g0283800",2768.56063440398,1.03713253224394,0.262885720146999,3.94518398208924,7.97387308695641e-05,0.000385003274677989
"Os01g0781100",396.495595467712,2.25042939855249,0.570537502849437,3.94440223002549,7.99992836906123e-05,0.000386125177016663
"Os10g0394400",2183.07235380711,0.97127876041031,0.246248352241642,3.94430562303702,8.00315379808856e-05,0.000386212800710789
"Os08g0436600",120.655929764657,2.07670670468197,0.526746268959387,3.94251810987596,8.06305597420502e-05,0.000388692654328493
"Os01g0377000",452.875862773038,1.28692107033496,0.326483179290761,3.94176837266353,8.08830670930743e-05,0.000389772711250246
"Os08g0538100",102.618463420805,2.71900875887553,0.689921290310535,3.94104196676072,8.11284293807065e-05,0.000390886334066303
"Os11g0127800",1471.93994307126,3.50160376671544,0.88859702890936,3.94059810329685,8.12787017995749e-05,0.000391472643044163
"Os01g0908200",4265.56724511402,0.585301184045971,0.148550771145577,3.94007502978485,8.14561289271306e-05,0.000392051454479535
"Os02g0472700",80.0988398156759,2.21770117404505,0.562854929764058,3.94009372001892,8.14497828767559e-05,0.000392051454479535
"Os12g0291733",263.228983506593,7.29404929738781,1.85120925566639,3.94015386162388,8.14293656692738e-05,0.000392051454479535
"Os08g0337300",6828.30795476097,0.828342446190756,0.210244241358366,3.93990551578927,8.15137067665928e-05,0.000392259652502415
"Os06g0697600",3377.90354307711,1.51193808835456,0.383849430831115,3.93888323627546,8.18617548927713e-05,0.000393865330804128
"Os12g0188700",2826.23132788523,2.18907027358477,0.555782529646889,3.93871731624162,8.1918376806766e-05,0.000394068538657205
"Os06g0199200",11335.6321573997,0.454238240080599,0.115355574157945,3.93772250189364,8.22586444974462e-05,0.000395497021490179
"Os06g0708700",5337.50573608573,0.812325138907344,0.206318060759059,3.93724686980258,8.242180197834e-05,0.000396142407086982
"Os02g0192400",3063.5093500956,0.75106125563612,0.190787518842212,3.93663726114743,8.26313650893264e-05,0.000397079951081007
"Os01g0185400",2892.50667001734,1.32103399390171,0.335650712804972,3.93574017126932,8.29406706516536e-05,0.000398316673444606
"Os02g0730800",352.887242843062,1.36338569031322,0.346540269357523,3.93427780511888,8.34472233701749e-05,0.000400508655218584
"Os10g0545100",447.986615369846,2.37675881510144,0.604280167901371,3.93320671660594,8.38200938957437e-05,0.000401946112027016
"Os08g0192200",305.752858370905,1.02240611472775,0.259948395236295,3.93311185398309,8.38531935461247e-05,0.000402034452025539
"Os02g0680600",841.485491776695,0.941229401983714,0.239351792897207,3.93241007552402,8.40984434212087e-05,0.000403060457744997
"Os11g0475000",169.816346758359,3.29201653219467,0.837340458156268,3.93151495324056,8.44122447705672e-05,0.000404290224953769
"Os09g0361300",1278.54799373755,1.3090087781034,0.33297399747337,3.93126426698855,8.45003255195821e-05,0.000404499897991415
"Os11g0551700",89.476365016499,2.10221613409981,0.534808561549439,3.93078249908585,8.46698426719353e-05,0.000405240548772843
"Os12g0509900",613.579403887602,1.20379014357035,0.306264833986635,3.93055293975698,8.47507295092355e-05,0.000405485979386458
"Os04g0419550",307.087916837873,1.26222298416813,0.321176895759026,3.92999309986219,8.49482993114008e-05,0.000406147471886644
"Os04g0525800",59.0092700152023,3.25332703027285,0.827884221071757,3.9296884123014,8.5056007612661e-05,0.000406591466757137
"Os01g0832000",679.313105346231,0.992217702871794,0.252523994076452,3.92920168438092,8.52283357021752e-05,0.000407344153414462
"Os08g0157550",96.693885703023,3.09391185178581,0.787485607681232,3.92884875813274,8.5353497028163e-05,0.000407871185816192
"Os04g0544500",2388.64983445827,0.723443794963395,0.18414398018827,3.92868555476937,8.54114339757553e-05,0.000408076851217497
"Os03g0381500",67.2109637564708,5.05636857187874,1.2871006348184,3.928495127028,8.54790825126669e-05,0.000408328836606986
"Os12g0567300",7209.39771272774,1.43350447826945,0.364941685274701,3.92803709773634,8.56420026075703e-05,0.000409035761712983
"Os06g0245800",1391.88021245504,1.58556849463839,0.403659028977016,3.92798966656751,8.56588905338518e-05,0.000409045095992457
"Os03g0361700",143.388029896176,1.94899624269239,0.496201131419274,3.92783514442565,8.57139301603255e-05,0.000409236580272176
"Os06g0174700",20.8564547643762,7.41114595416334,1.88697313584228,3.92753124747334,8.58222734733061e-05,0.000409611063374687
"Os02g0553200",2480.82453544193,3.69405778413116,0.940655881516338,3.92710858106403,8.59731748390879e-05,0.00041025979651872
"Os01g0221800",83.5957633836679,3.06075896332098,0.779631652990364,3.92590392088507,8.64046422254414e-05,0.000412246917818684
"Os05g0472500",11.3995629348035,7.27619689205008,1.85365036732421,3.92533404374064,8.66094645155572e-05,0.000413152184351381
"Os05g0163400",7560.44919364182,0.712755368194015,0.181593752097154,3.92499940093031,8.67299537995766e-05,0.000413654912854641
"Os02g0770300",861.433296088906,1.18714771837796,0.302499031970957,3.92446782603898,8.69216748054735e-05,0.000414424994707872
"Os09g0482660",933.456147018279,1.62224856825261,0.41337768592017,3.92437381964999,8.69556213572868e-05,0.000414442565616398
"Os02g0272800",155.513962170492,4.89113972088626,1.24661218773821,3.92354556532973,8.72552532691929e-05,0.000415581401894707
"Os10g0463100",18.5697752213461,7.53598971762755,1.92079660075712,3.92336685449001,8.7320032089906e-05,0.000415724189620841
"Os04g0413900",267.236617634783,1.63214275176672,0.416160953969379,3.92190265857286,8.78524852884623e-05,0.000418062443456614
"Os01g0532700",50.4921549629547,5.92033277476292,1.50979463803801,3.92128348161074,8.80785698664247e-05,0.00041906550411868
"Os07g0508000",4274.5626204654,0.670643135766858,0.171042938743971,3.92090512880351,8.8216991016462e-05,0.000419651198494601
"Os05g0428100",520.720952373974,1.27997909435723,0.326458394632924,3.92080312652538,8.82543439158063e-05,0.000419755987879467
"Os01g0199400",1556.10548018887,0.73660226724389,0.187981228602195,3.91848841887656,8.91060098161274e-05,0.000423586031737859
"Os05g0153500",239.123153036493,0.92082329335239,0.235028523666998,3.91792144623716,8.93158004851434e-05,0.000424435997759987
"Os11g0648000",1582.40646459387,0.949816523244499,0.242455436250747,3.91748907730079,8.94760987158545e-05,0.000425123993048737
"Os04g0626300",49.3364683313414,2.53024856368191,0.646097374759525,3.91620313365869,8.99544623992676e-05,0.000427026460932121
"Os02g0644700",2200.2059291443,0.874224052107448,0.223258807112525,3.9157427355904,9.01263143787178e-05,0.000427694018909816
"Os07g0535200",405.778056983752,0.692126716456728,0.176827758943943,3.91412932330462,9.0731000835372e-05,0.000430190902524091
"Os02g0204500",1104.50213706527,1.65020380863699,0.421609768610815,3.91405496621754,9.07589610965874e-05,0.000430248996780309
"Os11g0127600",170.321531740113,1.97387086483642,0.504329664564496,3.91385041080404,9.08359214221587e-05,0.000430539318856956
"Os06g0318200",597.194675216199,0.804700911023128,0.205642015514618,3.91311526980208,9.11130142582085e-05,0.000431628601443547
"Os07g0157700",442.624283203919,1.25476377331857,0.320698729296032,3.91259352998658,9.13101550863803e-05,0.000432412942249489
"Os02g0189900",905.904384330836,0.919014577957699,0.234960876346392,3.91135150774139,9.17810789933545e-05,0.00043449283351313
"Os03g0426900",3633.22600797824,0.832253166651548,0.21280061287625,3.91095286523225,9.19327135443656e-05,0.000435060289684471
"Os01g0305300",47.9686603980434,3.76101364954017,0.961724176758265,3.91069886816989,9.20294516307657e-05,0.000435442858804336
"Os06g0202700",182.467718363393,0.804449428754077,0.205746105607087,3.90991327092399,9.23292654760586e-05,0.000436635171038453
"Os01g0939100",144.218477143531,1.66846127704251,0.426846158515001,3.90881174343255,9.27512042281566e-05,0.000438554848094845
"Os01g0731100",138.703649746542,2.1914341790984,0.560664740633294,3.90863562531698,9.28188346835722e-05,0.000438783831949154
"Os10g0151800",4277.15016510208,0.488078766440169,0.124875633821246,3.90851883193509,9.28637097517157e-05,0.000438783831949154
"Os10g0408700",13020.7624319757,0.998517991842538,0.255471802896535,3.90852524827147,9.28612438958492e-05,0.000438783831949154
"Os04g0534100",748.726141920401,1.56427890958005,0.400274736625248,3.90801308813199,9.30582663071767e-05,0.000439627280513949
"Os04g0500700",18875.8764704747,0.423657795074544,0.108426640711696,3.90732196712652,9.3324758882157e-05,0.000440658243499597
"Os12g0274750",239.606364051613,7.60452804742696,1.94631022631799,3.90715105156341,9.33907740826037e-05,0.000440865228260752
"Os05g0315100",848.326497078969,1.12713894686665,0.28858768285376,3.9057070479263,9.39502754899729e-05,0.000443153434810719
"Os07g0522500",2369.59041153612,1.24661087439234,0.319187624404492,3.90557396051348,9.40020012653734e-05,0.000443243503970236
"Os01g0805400",195.215630863762,2.09433814210562,0.536317867941192,3.90503145111561,9.42131314427446e-05,0.000444010991629081
"Os12g0137500",3466.63354571976,0.60631782833767,0.155268000041542,3.90497609407895,9.42347000842475e-05,0.000444036241184865
"Os01g0825500",54.7405651034861,2.9254283100191,0.7492970328311,3.9042304744833,9.45256689867668e-05,0.000445330684419768
"Os10g0412600",921.565080337769,0.899918004728704,0.230514652673773,3.9039514160615,9.46347861366999e-05,0.000445768087200404
"Os06g0559400",507.748603279116,3.0003219938508,0.768747211912195,3.90287203304158,9.50579662764941e-05,0.000447607487412661
"Os01g0237750",77.183907272295,3.64973918995279,0.935215514554654,3.90256484537768,9.51787277393276e-05,0.000448022088246764
"Os03g0177966",383.074663967166,1.78652394562002,0.45791957758317,3.9013923690466,9.56409840531158e-05,0.000449966024424406
"Os04g0591000",590.202018830041,1.7756198189012,0.455175221671872,3.90095887113383,9.58124295493107e-05,0.000450617832724102
"Os04g0349401",899.834208390924,1.41716804064778,0.363348287760537,3.90030196476875,9.60727847467336e-05,0.000451609687145664
"Os01g0279700",637.947099082673,2.10847114012347,0.540660154527887,3.89980863665572,9.62687471640546e-05,0.000452355548543914
"Os02g0620500",174.379775377289,3.92224725337188,1.00611192216947,3.89842041123455,9.68222127453514e-05,0.000454820310291189
"Os05g0414200",1830.69824103934,0.857928968280298,0.220163503639754,3.8967810472534,9.74796724144491e-05,0.000457673244275655
"Os09g0271100",16.6331627252177,7.90086243641736,2.02766369539686,3.89653494036198,9.75787356274295e-05,0.00045805983677308
"Os11g0592500",3914.84774703821,1.11325149234122,0.285719364299802,3.89631096607471,9.76689726052824e-05,0.000458404871252792
"Os03g0146600",4341.40842265322,1.00366138688808,0.257666798317408,3.89519097315642,9.81213896863052e-05,0.000460291656944269
"Os08g0103000",1807.2834906563,0.871359972490473,0.223737323941734,3.89456688378642,9.83743460002955e-05,0.00046139926563255
"Os05g0364500",1107.5029172048,0.944599568470515,0.242547587190848,3.89449171360858,9.84048555360192e-05,0.000461463344972967
"Os01g0580000",738.803516265323,0.737280696679189,0.189347745646124,3.89379178591916,9.86893663492622e-05,0.000462533878176746
"Os01g0766600",1951.61604029667,0.697965561952918,0.17925214943295,3.8937639752766,9.87006870119046e-05,0.000462533878176746
"Os07g0406600",5590.57481220632,0.698718029631422,0.179443110518303,3.89381363047735,9.86804751139166e-05,0.000462533878176746
"Os04g0486900",600.009923381215,0.966114879200746,0.248122476402936,3.89370158321262,9.87260889262232e-05,0.000462573777245669
"Os08g0404900",31.2886798143049,2.80580608275983,0.720737913530837,3.89296307310159,9.90272305703412e-05,0.000463905399786594
"Os07g0593000",857.842634920632,1.91088095534052,0.490919730955649,3.89245091375876,9.92365823526066e-05,0.000464806639401547
"Os01g0495900",1813.92445476878,0.822894893856991,0.211545970805481,3.88991050372522,0.000100281198582098,0.000469298190733341
"Os06g0166100",1223.01513173731,0.472125566368352,0.121399935245345,3.88901003459517,0.000100653956685939,0.000470514182946881
"Os01g0867100",637.999247453754,0.965672654199928,0.248319960295448,3.88882413258678,0.000100731075371293,0.000470760089659631
"Os09g0423300",576.409162547369,1.29754292693019,0.333862474859222,3.88645931974632,0.000101716962900241,0.000474962381657092
"Os09g0490200",3355.61437267325,0.744715193295655,0.191695457988088,3.88488700312311,0.000102377493061233,0.000477395626905045
"Os12g0132800",212.541003563156,3.00300807630154,0.773074164022653,3.88450192239712,0.000102539881537964,0.000478071471524491
"Os07g0167000",2237.09390588418,0.656859575479442,0.169100607058666,3.88443061739902,0.000102569977507275,0.000478130403999622
"Os01g0556400",6016.30988420299,0.788864569072378,0.203108547088168,3.88395555175696,0.000102770703164831,0.000478984572126576
"Os01g0921100",423.382351328487,1.28431206868414,0.330679509202488,3.88385742975596,0.000102812208033185,0.000479015000890792
"Os03g0595300",1093.99275646073,2.7404067633964,0.705681235752139,3.88334934324218,0.000103027377983357,0.000479935869105805
"Os11g0207200",4853.95333991396,0.497975832415757,0.128280730583088,3.88192232888178,0.00010363398082732,0.00048267953899696
"Os11g0431400",572.526818984929,2.14456949720928,0.552482792985812,3.8816946417811,0.000103731078530349,0.00048304963822251
"Os01g0689900",3440.89109785798,0.936275706478074,0.241212465140617,3.88153947986173,0.000103797296882662,0.000483275838672954
"Os01g0221500",900.682495049125,1.06629288654937,0.274808322492854,3.8801331665532,0.000104399290405351,0.000485830948605669
"Os06g0102800",760.337443966799,1.79357945862024,0.462242897653946,3.88016661310173,0.000104384934936968,0.000485830948605669
"Os05g0562200",26067.8525234782,1.63762265207765,0.422178593708127,3.87898078321285,0.000104895040069407,0.000487806458835508
"Os10g0487600",931.494420231449,0.705591917020289,0.181920817264102,3.87856611261784,0.000105073972232152,0.00048855562271446
"Os12g0615100",118.86051207559,2.19666508030399,0.566382603680858,3.87841198869476,0.000105140550769021,0.000488782217602554
"Os03g0857400",1149.06813185882,1.70031915528498,0.438423896081951,3.87825383260394,0.000105208912509607,0.000489017024020132
"Os08g0457600",1990.25691938392,0.581687814426615,0.149994863773141,3.87805155319441,0.000105296407343699,0.000489340667382295
"Os03g0206750",17.5365478725142,6.58482678933862,1.69812131486648,3.87771281809532,0.000105443079116749,0.000489856068535765
"Os05g0305100",2175.32508584024,0.544230905305497,0.140363144243877,3.8773063131153,0.00010561934965909,0.000490591759625594
"Os08g0465800",3437.08187324881,1.63869518083946,0.422789196070574,3.87591545874299,0.000106224563934906,0.000492901411272407
"Os03g0221800",1194.17403608765,1.24916369470566,0.32238694136407,3.87473416082008,0.000106741160689504,0.000495046923881848
"Os02g0832400",14517.7186595299,0.705431737504523,0.182084562904859,3.87419848366342,0.000106976199608387,0.000495969039179643
"Os02g0700000",1559.80424732933,0.68521335146139,0.176919575272026,3.87302168461476,0.00010749425934298,0.000498117959340815
"Os11g0649600",5326.56733154641,0.616572797603744,0.159202186813499,3.87289150949945,0.000107551711245493,0.000498299885440679
"Os05g0554400",1134.58571951614,1.53576049092171,0.396559772081534,3.87270872902851,0.00010763242906675,0.000498589525548341
"Os11g0706100",1521.09225138858,0.920888898486785,0.23784556973712,3.87179336367123,0.000108037524880011,0.000500296845982822
"Os08g0231400",386.247341147146,3.44658085421283,0.890403612074885,3.87080735912712,0.000108475491287441,0.000502148921933183
"Os11g0199801",299.897910199814,1.37588383304694,0.355486364331072,3.87042646666907,0.0001086451253325,0.000502770506501523
"Os05g0215600",1078.38238666928,0.81804645144537,0.211377092318122,3.87008091782346,0.000108799235263363,0.000503398623834251
"Os02g0126500",181.034075179943,0.786566815914061,0.203266561652512,3.86963212010596,0.000108999700645334,0.000504070707475322
"Os03g0131100",2401.16610309803,1.42410217405214,0.368016563417724,3.86966869324218,0.000108983351415685,0.000504070707475322
"Os12g0112200",3420.30089272399,0.793109995643032,0.204979364181203,3.86921873238868,0.00010918465765105,0.000504840809878446
"Os01g0254800",280.05228969262,1.33901226622728,0.346144394249883,3.86836328558493,0.000109568340511279,0.000506529352733241
"Os05g0550600",104.390636882083,3.36497641340164,0.870209389204984,3.86685831610695,0.000110246434894662,0.000509320306662117
"Os04g0525900",3943.06006511148,0.85485688786436,0.221112485958878,3.86616289060828,0.000110561108513508,0.000510601808007672
"Os03g0140900",103.460788297433,4.23395658064149,1.09519594018939,3.86593524069247,0.000110664301950852,0.00051099222770327
"Os02g0712400",661.227442485844,0.758926610010774,0.196335528775843,3.86545733593253,0.00011088123127991,0.00051190760255992
"Os09g0479500",119.479302261447,1.76221531216491,0.455981122351445,3.86466725437527,0.000111240743149421,0.000513048525948104
"Os01g0536000",1436.40327368116,0.921369566847778,0.238448577333847,3.86401788238723,0.000111537050763619,0.000514155395063328
"Os09g0371200",326.081004301081,1.1797701558099,0.305338634804763,3.86380896922612,0.000111632535760951,0.000514422406969751
"Os10g0524400",2669.17780542791,0.74909311521772,0.193888798955807,3.86351929173825,0.000111765062166373,0.000514946479024245
"Os01g0626900",8971.26357408824,0.895861428928836,0.231919386597399,3.86281389439862,0.000112088399902129,0.000516349371294859
"Os01g0675800",184.13998100196,1.43414705912493,0.371449961499733,3.86094281268611,0.00011295033997373,0.000519620887171723
"Os02g0610800",974.275879549823,2.4476535621827,0.633943551027041,3.86099607483553,0.00011292571780163,0.000519620887171723
"Os09g0268300",39.2862567885183,4.22181054745561,1.09370365789136,3.86010462431403,0.000113338487506207,0.000521231449174366
"Os01g0924400",3729.26991834638,0.528982839074295,0.13709417466701,3.85853622416233,0.000114068162812364,0.000524499084705969
"Os04g0523812",497.469622906066,1.18638024447105,0.307492324142878,3.85824344649266,0.000114204863179531,0.000525039511136377
"Os06g0152800",246.823590560257,2.74375032710213,0.711475638512164,3.85642203131488,0.000115058774171649,0.000528605420029283
"Os02g0162766",8214.3752559663,1.11686888772372,0.289619628366628,3.85633009068667,0.000115102036783417,0.000528631772222432
"Os07g0295800",3015.3818003108,0.936370403775721,0.242962836450079,3.85396555891838,0.000116219951174626,0.000533408291324425
"Os09g0392000",3673.31348750259,0.789348689011464,0.204839286417772,3.85350243508258,0.000116440104816012,0.000534329185963377
"Os07g0136800",448.421167566645,2.53907743475305,0.658965716364032,3.85312524111708,0.00011661970079977,0.000535063689213818
"Os03g0804400",1690.21432210671,1.04964798360256,0.272437760792132,3.85279918815452,0.000116775157137204,0.000535597509903745
"Os06g0264800",2463.06447274699,3.0520645945683,0.792304713813386,3.85213484327087,0.000117092510081992,0.000536873274800109
"Os05g0247900",1339.042082409,0.699368969134812,0.181565978226593,3.85187233845101,0.000117218130848314,0.000537269381202503
"Os07g0192000",1830.47229323559,1.22190530716182,0.317223190741318,3.85187887526872,0.000117215001134585,0.000537269381202503
"Os02g0582100",322.65559941507,0.991330305015468,0.25737858187248,3.85164257959363,0.000117328185437492,0.000537683842616421
"Os10g0556700",8742.6338642232,0.92410786532222,0.23996153072347,3.85106672113688,0.000117604450200377,0.000538769609539812
"Os06g0662550",116.516873562124,2.85486071282237,0.741475183984681,3.85024445117688,0.000117999992943069,0.000540220258516398
"Os03g0278300",5554.37362256853,0.443025406600255,0.115072379658205,3.84997171272687,0.000118131467207565,0.000540731787814573
"Os12g0597300",2374.1402964379,0.451188164479155,0.117209971710823,3.84940084784179,0.000118407101356416,0.000541902909482638
"Os01g0237000",594.643466960625,2.15472601560231,0.559795362146493,3.84913159576773,0.000118537316334737,0.000542317626812223
"Os11g0114700",1723.1717669841,0.925148840503702,0.240531087720127,3.84627554497309,0.000119926890112054,0.000548491809493952
"Os08g0338500",24.7044533547384,2.79995524704716,0.727981328255967,3.84619101942497,0.000119968247973919,0.000548518550448764
"Os01g0618400",1297.15077875141,1.15606109224754,0.300586193636298,3.84602192889255,0.00012005102335637,0.000548693072043107
"Os11g0130400",163.110862575368,1.34549328250232,0.349853411654359,3.84587726653817,0.00012012188308153,0.000548925341922956
"Os03g0129300",4909.99343770162,3.34696557006718,0.870623208639559,3.84433304425363,0.000120880748277998,0.000552024770937421
"Os08g0163500",2664.39723873046,1.03385134440782,0.268965206583547,3.84381072013002,0.000121138451362479,0.000553109405112462
"Os04g0435500",611.722524565486,0.956103915904642,0.248741626823914,3.84376321773225,0.00012116191366501,0.000553124329533046
"Os12g0207600",22.7716967701647,3.2350982501162,0.841741203389439,3.84334072882428,0.000121370777250164,0.000553826448677848
"Os03g0788800",3381.05677298096,0.700484010704486,0.182278703308338,3.84292842768123,0.000121574931603689,0.000554547702174297
"Os02g0798800",219.771554702669,1.21655859209066,0.316601062532451,3.84256004183805,0.000121757614757647,0.000555196075549645
"Os01g0281100",225.50502451736,2.63942385587257,0.687000811540614,3.84195158365768,0.000122059917041791,0.000556481888763598
"Os04g0320100",7984.05017790051,0.983195658020103,0.255993283134603,3.84070881071958,0.00012267956801432,0.000558841850570473
"Os10g0100500",1017.17074211328,0.874458558460866,0.227696205342031,3.84046171146027,0.00012280312549803,0.000559311674512229
"Os10g0135500",298.926820484896,1.04596709583379,0.272359095703681,3.84039715336615,0.000122835425920786,0.000559365777455734
"Os04g0200400",11.5684589172724,7.59100218508569,1.97680033950654,3.8400449622447,0.000123011779172926,0.000560075738584709
"Os03g0125800",2614.73433331671,0.826518368434697,0.215242780492968,3.83993538153397,0.000123066698374077,0.000560232663314666
"Os01g0934500",3088.44993051331,1.00527636217995,0.26184471022713,3.8392082135551,0.000123431723410183,0.000561521065591818
"Os02g0661500",541.258211830632,1.12761460590154,0.293735466841883,3.83887794696761,0.000123597848037214,0.000562183436663454
"Os02g0639000",3966.84772722231,0.725408715837853,0.188970486896173,3.83874078832437,0.000123666900979668,0.000562404131617814
"Os01g0634300",3161.23852410556,1.42164475421885,0.370347400509419,3.8386789059768,0.000123698067742888,0.000562452485648315
"Os02g0207900",723.837364256059,1.13184790353027,0.294867468690336,3.83849703243769,0.000123789710390822,0.000562589009011948
"Os08g0549100",7527.92542678643,0.437827443378129,0.114063584233634,3.83845068800691,0.000123813072706162,0.000562601837175596
"Os01g0229300",521.355682876842,0.803311888040212,0.209284054653232,3.838380756581,0.0001238483331383,0.000562668716701141
"Os05g0446600",1782.35447762959,0.756409306341566,0.197076610276735,3.83814855187237,0.000123965482009176,0.000563107548542842
"Os01g0968700",1737.60105099131,0.795508493109029,0.2072974424112,3.83752198703466,0.00012428210970867,0.000564262622275035
"Os08g0177550",110.225131904755,1.25154302460952,0.326139950040383,3.83744163956166,0.00012432276753057,0.000564262622275035
"Os07g0541500",137.014041478427,1.29175330504958,0.336856346869715,3.83473049284475,0.000125702047582318,0.000569861765198159
"Os01g0691500",1671.49308532713,0.894643231107463,0.233312556960813,3.83452670855485,0.000125806302364239,0.000570207710248644
"Os03g0584050",500.022679964756,1.00847393805788,0.26300011687569,3.83449996158956,0.000125819991995283,0.000570207710248644
"Os04g0509300",2853.39174361157,1.10930458641773,0.289325729905339,3.83410278367108,0.000126023440890866,0.00057094079878295
"Os03g0835150",7243.19866097986,0.78682982166852,0.205229525956438,3.83390166693429,0.000126126578379285,0.000571124666620434
"Os01g0971200",1843.70222677224,0.782128010742016,0.204018857597815,3.83360646143718,0.000126278110948165,0.000571716320162179
"Os11g0102800",4150.7330249286,0.673575664221305,0.17577031449422,3.83213551252679,0.000127035728074748,0.000574956316539231
"Os01g0931600",577.703064817176,0.895570761914805,0.233748133753587,3.83134935682053,0.000127442394846809,0.000576606316030548
"Os02g0513000",2657.44120062822,0.585070713950045,0.152732370969377,3.8306922771948,0.000127783233473334,0.000577957488122208
"Os01g0748600",3354.30572768062,0.563399550928532,0.147092349492668,3.83024374055985,0.000128016390420285,0.000578916452039296
"Os03g0137300",1288.44340613184,0.955173716133509,0.249444947648952,3.82919648257515,0.000128562334781848,0.000581289354904192
"Os03g0816950",2514.95568249536,1.0498505395307,0.274173228599664,3.82915044219598,0.000128586386298199,0.000581302146739389
"Os01g0959750",248.807673456193,1.6891122375723,0.44116278167071,3.82877320515464,0.000128783614891971,0.000582001649151291
"Os04g0603601",99.3469594429025,2.25128928749779,0.588045329616204,3.82842813999921,0.000128964272883558,0.00058258739970472
"Os01g0721000",714.156999393086,0.666835425874026,0.174276162625144,3.82631460223474,0.0001300760323548,0.000587067490893119
"Os02g0754900",1741.41812804767,0.43878620509966,0.11468110590474,3.82614208014474,0.00013016717971777,0.000587382079019676
"Os03g0335401",99.594780562281,2.23392714548736,0.583900299966725,3.82587086462307,0.000130310590769224,0.000587932365633308
"Os05g0272200",185.601427823909,1.31700523161726,0.344241216893546,3.8258208691626,0.00013033704319431,0.000587954866623081
"Os03g0145700",2024.51636982832,1.03892507663494,0.27161263095252,3.82502490032044,0.000130758869741853,0.000589760612728321
"Os07g0124000",240.736703919373,0.791538419616974,0.20701575684026,3.82356604974639,0.000131535334550427,0.000592872198234451
"Os01g0530300",377.914783436719,0.923669479290904,0.241595671746506,3.82320375449467,0.000131728836470996,0.000593549031053966
"Os05g0560000",5995.52810123805,2.95054557754596,0.771852402334928,3.82268108335256,0.000132008467837349,0.00059451561041316
"Os01g0833150",296.952305984431,1.43564062818408,0.375568324210846,3.82258176644871,0.000132061666018844,0.000594657421325357
"Os10g0482000",259.660944059304,1.77221313996777,0.463675344254303,3.82209915176295,0.000132320461822786,0.000595626913687418
"Os10g0205300",464.064299653979,0.896102911373064,0.234474665101265,3.82174727058915,0.000132509454642735,0.000596281661264854
"Os04g0616700",1414.36213634126,0.873847261322861,0.228656193125825,3.82166452339211,0.000132553934484378,0.000596285895789391
"Os02g0671200",1046.9857194403,0.915812436767786,0.239670972507423,3.82112371467689,0.000132844986857004,0.000597497050082135
"Os08g0368000",98.5086675209255,3.01606429082344,0.789365392525444,3.82087220871697,0.000132980547343737,0.000597910402543057
"Os07g0534300",114.422436224635,2.58351830636489,0.676178657918939,3.82076286512226,0.000133039523650166,0.000598077399031952
"Os07g0552800",243.979434124214,1.37340660623147,0.359495048098521,3.82037698014433,0.000133247854217515,0.000598817387181615
"Os08g0130400",557.030008613102,2.07646546411525,0.54355768932709,3.82013814703984,0.000133376948761233,0.00059929921317568
"Os05g0485300",147.02917700427,2.49710090365543,0.653735509740623,3.81974187794417,0.000133591400920713,0.00060016435339007
"Os03g0132900",469.121718931775,1.79742186790447,0.470610650626732,3.81933954429372,0.000133809467432602,0.000600749897139222
"Os01g0187500",1689.14966503559,1.06355477789975,0.278507814224972,3.81876099548372,0.000134123631246533,0.000601765828578834
"Os05g0551900",714.359869949096,1.08142665173443,0.283278659969644,3.81753659753374,0.000134790797447088,0.000604660126576023
"Os02g0230250",33.0784266942936,8.33083986330383,2.18244880027202,3.81719830598797,0.000134975680771139,0.00060539035074542
"Os03g0159900",2006.16642212871,1.64672626914751,0.431419540157321,3.81699509611229,0.00013508685400525,0.000605789786846398
"Os01g0151200",2684.75912097522,1.1621706336092,0.304516467432516,3.81644593281887,0.000135387725182104,0.000607039643225242
"Os06g0724900",1944.73670334689,1.58687833503603,0.415872407894566,3.81578172754934,0.000135752468196606,0.000608575426574999
"Os01g0712700",3411.28715426683,1.0026264983985,0.262778345850398,3.81548371177168,0.00013591642186549,0.000609111045699876
"Os07g0669675",54.6159041285725,2.61882232090509,0.686451826577067,3.81501253185329,0.00013617602263516,0.000609975050858489
"Os11g0140300",118.915886961355,1.18578684794336,0.310832479549154,3.81487433251274,0.000136252253343749,0.000610116964416972
"Os03g0802300",2394.49161370517,0.831349853301768,0.217946800090939,3.81446230435539,0.000136479766603761,0.000610935984154864
"Os02g0245800",74.9043327964672,1.97972003141008,0.519179029020077,3.81317410902882,0.000137193391702242,0.000613729249079879
"Os07g0571000",123.50217426586,1.7082356906562,0.448014870936675,3.81289952961774,0.000137345955001767,0.0006142111107679
"Os03g0351800",2944.31308332034,0.821900647306476,0.215561288746878,3.81283973613457,0.000137379198964794,0.000614259490506802
"Os02g0687600",138.051797664964,1.57716750025219,0.413765108517045,3.81174600706387,0.000137988629171707,0.000616581817559908
"Os11g0572700",1164.4001551125,1.23402024263771,0.323748064374866,3.81166832617367,0.000138032009993592,0.000616675058837787
"Os04g0118700",67.4980850056633,2.01179370124942,0.527816391356174,3.81154078235484,0.000138103264586514,0.000616892778912133
"Os01g0852200",1660.41673387136,0.558440693701156,0.146523747984802,3.81126405365416,0.00013825798309318,0.000617483191734109
"Os03g0405900",16734.3720646416,0.988080664005662,0.259263010198378,3.81111313661607,0.000138342429319307,0.000617759615501326
"Os12g0486800",11.6292501154376,5.55822776652385,1.45867327694173,3.81046794672026,0.000138703996032556,0.000619273211952362
"Os09g0243200",49.9716933165104,5.20792648381642,1.36684757388456,3.81017355798904,0.000138869268092838,0.000619809047145337
"Os05g0100500",1420.84935091848,1.77883053829959,0.466905416565634,3.80983058920999,0.000139062047296592,0.0006204672646198
"Os08g0432000",363.580857682262,1.76752688922295,0.463992381140938,3.80938774226568,0.000139311339882664,0.000621377122736697
"Os12g0211000",24.7139912357013,6.43774226461838,1.69021238168178,3.80883629441452,0.000139622355830292,0.000622561606470378
"Os01g0822200",2185.79890344055,0.847803532209032,0.222628963611081,3.80814570780689,0.000140012768276359,0.000624200803362262
"Os12g0265600",66.0823295610916,2.13766277281865,0.5613650791227,3.80797248051016,0.000140110860833833,0.000624535794962246
"Os07g0589000",1881.51442811189,0.965543173535973,0.253575834355745,3.80770973696729,0.000140259766865158,0.000624793506944797
"Os06g0633800",53362.7689701811,1.37748090257047,0.361824756772372,3.807038840731,0.000140640663933336,0.000625981219661684
"Os11g0155600",10179.1459909932,1.50309290999438,0.394875945621045,3.80649398035724,0.000140950721632933,0.000627259336514649
"Os01g0221700",153.778184435259,2.57378225087497,0.676187080817421,3.80631680771483,0.000141051681953118,0.000627405315141389
"Os04g0684500",920.853250263029,1.35742608325095,0.356624658827911,3.80631582715644,0.000141052240905431,0.000627405315141389
"Os05g0157300",892.374391568142,1.11451620785787,0.292940888910319,3.80457713501055,0.000142046643981477,0.00063141830985015
"Os02g0759900",376.828788672381,2.46921439318272,0.649057919725086,3.80430516005193,0.000142202789400069,0.000632009833596835
"Os08g0530000",8562.98921748337,1.12156560110438,0.294836576682899,3.80402463535128,0.000142364012717147,0.000632623730099835
"Os01g0193500",170.702568631849,6.14580565826141,1.61566224900503,3.80389259082222,0.000142439960996833,0.000632755914963388
"Os06g0698785",1603.87418810575,0.880541853925032,0.231499962620266,3.80363713219861,0.000142587001908077,0.000633306400075261
"Os02g0728100",1335.6641078731,0.808008513640125,0.212466211252708,3.80299770432239,0.000142955680889684,0.000634532337586994
"Os03g0428000",138.496112214063,1.33625628491947,0.351389359369234,3.80277959275186,0.000143081644069395,0.000634988547100581
"Os05g0452500",1179.46612177278,1.45183392798859,0.381804118262025,3.80256225259525,0.000143207265711373,0.000635443093325809
"Os03g0221100",314.050227409662,1.0155970125492,0.267121909428361,3.80199817649766,0.000143533783965936,0.000636685648034163
"Os11g0708600",4053.81489334419,0.701836000980686,0.184676465658468,3.80035430328534,0.00014448935154586,0.000640509439746342
"Os01g0571000",2110.1823315212,0.578050162956126,0.152111609983069,3.8001712230938,0.000144596144256576,0.000640762790677414
"Os05g0370700",16.240319366568,7.98179014432424,2.10039590385436,3.80013602658297,0.000144616683288955,0.000640762790677414
"Os07g0170200",63.1676990469273,4.8561737594086,1.27837797290801,3.79869949445542,0.00014545732426321,0.000643862567694503
"Os01g0507500",3548.43561808119,0.826985690006614,0.217764155130838,3.79762082290238,0.000146091572108524,0.000646356687388884
"Os02g0247000",389.022632884893,2.5525737156254,0.672235880673553,3.79713994597822,0.000146375161255746,0.000647402235097066
"Os11g0539700",89.6656849057192,3.44917494168033,0.908734073021112,3.79558227657675,0.000147297333893229,0.000650955352157058
"Os01g0646800",2810.66288382532,1.0645582938137,0.280482468769221,3.79545394935043,0.000147373549672629,0.000651082080497253
"Os07g0206750",407.405908760294,1.52142337576371,0.400890256138191,3.79511188528181,0.000147576888936594,0.000651875272514473
"Os03g0115100",2559.96898111301,0.57188654473151,0.150700872788359,3.79484560474084,0.000147735361669551,0.0006523648704644
"Os02g0148050",118.824266098107,2.17408196483976,0.57292146763887,3.79472944834762,0.000147804540524286,0.000652565146599083
"Os04g0432500",2232.78135233057,0.555857374487716,0.146518317621763,3.79377393564305,0.000148374770385429,0.000654660653290479
"Os02g0470400",2989.51813903329,0.861232517758464,0.227073865884625,3.79274168959651,0.00014899312026107,0.000657071414759454
"Os03g0220700",4178.64683439712,1.03431626156162,0.272756952569303,3.79208028179892,0.000149390600101953,0.000658612252920103
"Os02g0273700",3241.64374341772,1.2672285376699,0.334208133752955,3.79173458000465,0.000149598750221472,0.000659224527789275
"Os12g0189300",101.598929700158,10.7258774368326,2.82877570150598,3.79170304351892,0.000149617752203787,0.000659224527789275
"Os06g0473000",104.363327743633,3.55797246418507,0.938412554917358,3.79148003246654,0.000149752190064619,0.000659675496632353
"Os05g0226900",545.464484173076,1.83102898931755,0.482964375433912,3.79122991767765,0.000149903102180858,0.000660127953671365
"Os03g0816900",261.917446028402,2.43880489417056,0.643311593021783,3.79101654723014,0.000150031956971339,0.000660589187172793
"Os02g0702000",425.032242773728,1.22328601942991,0.322704423140229,3.79073211183826,0.000150203890168793,0.000661225029756055
"Os05g0410900",435.409092212056,1.35833067966793,0.358332622311736,3.79069779051887,0.000150224648978567,0.000661225029756055
"Os06g0515400",14.3065779608042,7.89811513755761,2.08358760677506,3.79063261457106,0.000150264077249366,0.000661225347437385
"Os01g0696000",792.995016766197,0.586356576237677,0.15472601631697,3.78964436747647,0.000150863113635973,0.000663608727413351
"Os05g0335401",6826.18947511575,0.796692674327411,0.210283780129408,3.78865490166255,0.000151465140585079,0.000666149914220602
"Os03g0855500",468.141094764698,1.10100159384232,0.290617821539349,3.7884861568727,0.000151568036512999,0.00066638845716333
"Os05g0492200",157.190262756176,4.37735230859308,1.1554532047778,3.78842889568587,0.00015160296775938,0.000666435064981091
"Os04g0344100",63.0986525461219,10.0387333388635,2.6502116801582,3.78789868523417,0.000151926774104694,0.000667644195331572
"Os02g0654600",132.752626192813,1.19350517778729,0.315125620045026,3.78739493671367,0.000152235022846837,0.000668891483926486
"Os02g0139600",3578.7121562771,0.605318227102067,0.159901136498274,3.78557801625507,0.000153351712737812,0.00067336594479022
"Os04g0521001",13.4636513498623,7.69548218957263,2.03378269503031,3.78382715536771,0.00015443509340476,0.000677471435530074
"Os03g0794900",11364.202236314,1.0861284127299,0.28707339344948,3.78345202834354,0.000154668146061734,0.000678167950820706
"Os07g0618700",1653.87678929436,0.844543453306227,0.223223857364206,3.78339243519251,0.000154705199557069,0.000678221850362943
"Os01g0527400",3295.20730968107,0.567434715799906,0.149985198341349,3.78327142994797,0.000154780463228433,0.000678334666926401
"Os01g0827500",1096.10087886262,0.800344226286875,0.211568714564791,3.7829044239042,0.000155008946999849,0.000679118692781968
"Os10g0435400",513.23221018328,1.10416016993899,0.291993704524295,3.78145197252745,0.000155916305060513,0.00068265721098346
"Os08g0288000",4653.8070055281,0.846896053581769,0.223998988828839,3.78080302062835,0.000156323324189997,0.00068411122749452
"Os04g0623100",2383.02130932618,0.713866816182604,0.188816005597259,3.78075372331131,0.000156354284034839,0.000684137411181835
"Os06g0704700",703.389559467833,2.33159912391938,0.616779936536905,3.78027718769653,0.000156653856984746,0.000685229287235576
"Os07g0484700",1337.13042965984,1.11179396075456,0.294110129926772,3.78019608175813,0.000156704897799622,0.000685233693427435
"Os02g0594232",20.6399410109941,7.69292474657064,2.03578849925205,3.77884281662709,0.000157558834332452,0.000688418253501385
"Os01g0369900",455.531903457459,1.17010973454878,0.309668326312835,3.77859030169814,0.000157718660203376,0.000689006670116534
"Os01g0120300",6099.69505321205,0.742694818747947,0.196570129315336,3.77826896352355,0.000157922267436694,0.00068970119332216
"Os03g0137050",103.83882502005,3.17733805322748,0.841067575696773,3.77774407793007,0.000158255379102013,0.000690910597542753
"Os02g0617600",345.892750219767,2.40924893753383,0.63780002026953,3.77743628248193,0.000158451024852185,0.000691544299191556
"Os12g0407300",256.160430657247,1.13741234486475,0.301138754853056,3.77703741725225,0.000158704896418295,0.000692432137505355
"Os05g0241100",265.471780235246,1.32028466036058,0.349588496941913,3.77668221898032,0.000158931296815157,0.000693088226566463
"Os01g0179500",2060.4945622954,0.590208993774432,0.156300292049426,3.77612214305905,0.000159288902067696,0.000694537140486511
"Os04g0481300",88.8130277655119,4.37843958840444,1.15956836775475,3.77592189487053,0.000159416943044561,0.000694984798175008
"Os04g0647900",293.061206532089,1.07714636631252,0.285345602357207,3.77488336043851,0.000160082548988595,0.000697775477298951
"Os01g0347200",373.592450575271,1.25418703404832,0.332271167419889,3.77458882089344,0.000160271797489281,0.000698378110885919
"Os06g0221100",2415.50775701798,0.901529144785822,0.23887182174692,3.77411256879421,0.000160578246015877,0.000699379668726487
"Os07g0497500",45.7223726971917,3.72455610986069,0.986928123779348,3.7738879054311,0.000160722998919696,0.000699787579623175
"Os04g0114801",114.650325317811,1.00929319214121,0.267526375152935,3.77268668019831,0.00016149904629376,0.000702719678638982
"Os08g0499400",47.1403892628896,1.87356048982064,0.496852174563241,3.77086100401512,0.000162685272763532,0.000707319413693
"Os12g0141000",172.372763891918,1.54340625790824,0.409449967978527,3.76946239739157,0.00016359955300074,0.000710955950538359
"Os05g0110800",1721.94468766169,0.759578093626453,0.201553478508652,3.76861813175726,0.000164153793794571,0.000713251358792371
"Os05g0256500",15329.1262683508,0.904350630516004,0.239977171816497,3.76848607586529,0.00016424064502964,0.000713515544489592
"Os08g0269000",361.497295373709,1.07593239422051,0.285533954612555,3.76814167576133,0.000164467355407107,0.000714387144300042
"Os05g0407200",1288.29056733504,0.983906720023056,0.26113059113274,3.76787229621408,0.000164644886716532,0.000715044885373795
"Os02g0190200",708.105149988011,1.21316065415428,0.322030555402645,3.76722218994849,0.000165074074213496,0.000716665076013416
"Os09g0121000",4531.17560849854,0.756793896263776,0.200890909971783,3.76718835297263,0.000165096441518917,0.000716665076013416
"Os10g0326200",128.430529394305,7.69885520834656,2.04393741630786,3.76667854256207,0.000165433787543189,0.000717901912958726
"Os05g0554500",2054.29347572286,0.465526879365299,0.123614671735975,3.76595166922908,0.00016591588761387,0.00071953801102462
"Os10g0103800",1117.22896764605,0.759203361762283,0.201611941784269,3.76566663186376,0.000166105299695911,0.000720131412467664
"Os05g0240200",1628.84201442069,0.982918122515444,0.261029807492898,3.76553977477146,0.000166189663748037,0.00072038314285844
"Os06g0506100",278.176257767155,1.69541256153872,0.450294508927035,3.76511933396338,0.000166469558711089,0.000721368087748053
"Os03g0857000",101.99255392868,1.4567514198782,0.38692580155429,3.76493739633386,0.000166590815265183,0.000721779345290831
"Os12g0586600",6724.06918770359,0.440202800119138,0.116928535871738,3.76471660093315,0.000166738081088018,0.000722074747680932
"Os07g0241866",11.8174114023747,7.07405131430079,1.87953879473085,3.76371657458329,0.000167406612138733,0.00072474071646784
"Os06g0692700",291.432122697632,1.07992353780714,0.286969310523322,3.7632021899407,0.000167751466479769,0.000726034876611894
"Os04g0431300",1442.65814161918,0.844904285212157,0.22453066372966,3.76297950212021,0.000167900968286561,0.000726536401633048
"Os06g0125700",151.016411293278,1.73896343769157,0.462316580388115,3.76141265846816,0.000168956419938761,0.000730757192253689
"Os09g0325300",541.760201470562,0.771554046652292,0.205126288075348,3.76136112972942,0.00016899123631752,0.000730792383008082
"Os12g0273266",222.656784418107,1.53797440411623,0.409033301969601,3.76002246445579,0.000169898099727519,0.000734018745999444
"Os05g0345500",7055.92016732303,0.842186118016003,0.224008279261522,3.75962049613702,0.000170171300924607,0.000734851348514255
"Os01g0109700",11270.4174890616,0.847086180008077,0.225460529091861,3.75713737309178,0.000171868158831337,0.000741360746228213
"Os05g0261700",4097.18268697068,3.27228718250938,0.871135464466984,3.75634710786522,0.000172411521369986,0.000743353373499967
"Os08g0500100",6777.80880728964,0.635421504256213,0.169174831389166,3.75600495084581,0.000172647279064945,0.000744252694502346
"Os03g0785300",3216.21047481649,0.477050854468488,0.127030141254573,3.7554146579469,0.000173054723636108,0.000745539782182549
"Os03g0625800",459.937589890672,2.01463574674431,0.53653862854453,3.75487549183443,0.000173427668476644,0.000747028977393264
"Os10g0101100",940.56943234725,1.33478434720029,0.355566036894603,3.75397031408809,0.00017405548630082,0.000749261955880206
"Os01g0901900",1533.71326827012,0.90208786364133,0.24031458970998,3.75377901412477,0.000174188442418838,0.000749598684413887
"Os12g0209200",120.668379629871,1.78417871014965,0.475397511320508,3.7530249268528,0.000174713474394649,0.00075138589686667
"Os07g0521600",734.586914632581,0.722292024298523,0.192477474922265,3.75260546508224,0.000175006167742176,0.000752408403802534
"Os02g0777800",1274.12519409515,0.729553698475388,0.194424141272241,3.75238225922693,0.000175162104936294,0.000752942435681823
"Os05g0115800",2669.14691774086,0.613269286945924,0.163444219186043,3.75216260324179,0.000175315689661751,0.000753266204788239
"Os04g0520700",385.72140396277,1.35920769491389,0.362262222447676,3.75199954809035,0.000175429780646007,0.000753638193487261
"Os08g0495300",10.4774710358282,7.08635045956173,1.88922440680327,3.75093103500205,0.000176179157466664,0.000756382962722476
"Os02g0612900",1820.13089015381,1.21026038112694,0.322682646423907,3.75062122038328,0.00017639700105339,0.000757191484556451
"Os09g0356800",27.1750829768741,6.31230334988346,1.68311455407651,3.75037060584797,0.000176573403886863,0.000757719270854624
"Os11g0267000",2840.26149055513,1.87468990340851,0.499964871136754,3.74964324822679,0.000177086317024273,0.000759682272452915
"Os10g0163370",31.9206271090667,7.26917625776644,1.93891471451325,3.74909541062064,0.000177473562117848,0.00076110511037576
"Os06g0232100",4784.0343648686,0.674503808006467,0.179930981409962,3.74868075926095,0.000177767192318045,0.000762245016403189
"Os01g0142500",3901.23716196474,0.625480069580497,0.166859985089908,3.74853245518076,0.000177872322872372,0.000762467494150007
"Os08g0206700",704.761516254427,1.79251096805777,0.478263390060173,3.74795772645748,0.000178280292047085,0.000763966752106025
"Os12g0107500",558.033454430745,1.02003089183331,0.272216459208083,3.74713158344918,0.000178868268392925,0.000766108960781865
"Os09g0367700",6271.94230575217,1.60873690632326,0.429485100353021,3.74573391486908,0.000179867160371166,0.000769683079163665
"Os01g0833400",934.470761769152,1.1984816061291,0.31998407001257,3.74544147176456,0.000180076827363624,0.000770459915388474
"Os05g0243200",521.782903070485,1.57819687956834,0.42155715903632,3.74373165237213,0.000181307288490009,0.000775198554632196
"Os11g0433200",6174.25045308885,0.777304316006948,0.207636522789089,3.74358183986982,0.000181415475959369,0.000775460565231442
"Os11g0621300",4580.75628663853,1.53419941258375,0.409910930522447,3.74276287443313,0.000182007967457283,0.000777750426930178
"Os10g0537300",4163.62191392684,0.766250690746885,0.204745295040649,3.74245811409126,0.000182228914494939,0.000778573108240661
"Os02g0182300",162.756770670775,2.48314126332534,0.66353302407092,3.74230245254521,0.000182341864232645,0.000778934186399936
"Os02g0306550",619.198968895713,1.29968657938778,0.347314574106473,3.742102048932,0.000182487376224928,0.000779434230808828
"Os01g0361500",661.391238389661,1.82597566166347,0.488016490627916,3.74162696697819,0.000182832766971246,0.000780544314231515
"Os01g0192300",2972.83723759326,0.656075321126062,0.175407775850731,3.74028641514941,0.000183810682248642,0.000784474664610866
"Os01g0873800",996.100995542108,1.16329911095849,0.311029851600773,3.74015260905459,0.00018390856150441,0.000784647882892102
"Os01g0824700",948.874545360901,1.43986556874357,0.385006868124095,3.73984385203089,0.000184134604501141,0.000785489947343209
"Os10g0550900",370.777520869338,1.64300526346321,0.439371949927497,3.73944049849867,0.000184430295694308,0.000786628811797384
"Os12g0191200",1859.97721685695,1.190655647379,0.318459028261203,3.73880324222562,0.000184898366628128,0.000788134323110966
"Os10g0326800",405.179720657396,1.4640070235326,0.391636669986904,3.738176569578,0.000185359752655233,0.000789855162566815
"Os06g0158400",321.742670000844,1.38028640655861,0.369254340724807,3.73803705015153,0.000185462620646217,0.000790170577402477
"Os11g0603200",3159.18907083917,1.48145090999091,0.396356951768387,3.73766854190716,0.000185734580734561,0.000790960183597692
"Os03g0365850",198.371933053976,1.44349749586846,0.386243157469276,3.73727655222806,0.000186024281631231,0.000791824568478796
"Os09g0527100",1704.36429690936,0.743782039952972,0.199057690066326,3.73651497565929,0.000186588341266143,0.000794102121755891
"Os03g0163200",724.275028216506,1.00297933960267,0.268439569017681,3.73633195461062,0.000186724134712611,0.000794309795606946
"Os10g0578000",1259.64329219255,0.739015220524717,0.197822877095528,3.7357419494402,0.000187162524903735,0.000795927452202795
"Os05g0467300",2447.91822638342,0.495757829550931,0.132711347615167,3.73560994187563,0.000187260742538423,0.000796097935568825
"Os09g0507400",996.046041417455,0.763035827187718,0.20428783081009,3.73510171487919,0.000187639331345595,0.000797583632043327
"Os01g0850100",2177.64180220488,0.684230712905767,0.183209125673993,3.73469776894905,0.000187940752058462,0.00079874090607189
"Os12g0630100",636.821887450331,4.4106560649371,1.18119453168626,3.73406407379868,0.000188414526673736,0.000800257760911816
"Os03g0306900",887.047949532019,1.51766262428338,0.406582146876012,3.73273306746102,0.000189413295171432,0.000804001172794158
"Os12g0197400",2080.07972508641,0.890884661054485,0.238720644209518,3.73191293951344,0.000190031183133114,0.0008064989366593
"Os12g0637800",65.5811061652267,3.57723884263826,0.958706507232791,3.73131799528887,0.000190480601747588,0.00080828104763256
"Os01g0600400",295.427554747112,0.953358395216442,0.25554651364084,3.73066484701235,0.000190975137692026,0.000810003096395521
"Os06g0566300",286.298548722443,1.43281654614261,0.384153776383031,3.72979945591888,0.00019163223355194,0.00081253846891969
"Os01g0695300",695.436868534167,1.55937057135815,0.41817541536308,3.72898672200572,0.000192251280826035,0.000814784903776254
"Os07g0438500",4798.50483647686,1.15492009327151,0.309734932734999,3.72873696574492,0.000192441893621212,0.000815340434366375
"Os01g0916400",9888.20998105638,1.3540399236989,0.363189150171465,3.72819486226294,0.000192856235719819,0.000816969556542152
"Os08g0494400",3795.96503867775,0.621154338235832,0.166646503555689,3.7273769625071,0.000193482962170568,0.000819232371050569
"Os03g0807900",762.31231960503,2.24021621181528,0.601060460371881,3.7271062721864,0.000193690803379196,0.000819744251446161
"Os08g0296900",1518.87818816816,0.937128240944698,0.251507411615073,3.72604622236323,0.000194506751238776,0.000822689070905084
"Os08g0100500",2617.69335723798,0.853706034100178,0.229210678519994,3.7245473885097,0.000195665956165634,0.000827375636466718
"Os08g0472600",2158.22080415445,0.687194517145895,0.1845047583596,3.72453547136467,0.000195675198898594,0.000827375636466718
"Os10g0572000",127.412266050674,1.67948948040553,0.450952655886443,3.72431442299444,0.000195846714615529,0.000827973045228268
"Os11g0572500",6292.48088712109,0.537584155302997,0.144365706108606,3.72376632784641,0.000196272601860556,0.000829389515205568
"Os03g0812800",6.22229510579261,6.56823837244459,1.76425420814339,3.72295462985273,0.000196904915789447,0.000831804834729911
"Os04g0173800",499.876794314821,2.37584796051372,0.638159443824092,3.7229692101346,0.000196893540865749,0.000831804834729911
"Os05g0230900",3268.5106664166,0.978480273767578,0.262837953766174,3.72275107056288,0.000197063788701836,0.000832347607761293
"Os03g0820500",132.543732939912,2.42598501223001,0.651711010247171,3.7224858473849,0.000197270969435343,0.000832837411190425
"Os04g0227100",334.453863224682,1.13627362464146,0.30525114077822,3.72242220535063,0.000197320714243903,0.000832919045130952
"Os11g0521900",4019.27208608079,0.619819200385617,0.166528765914454,3.72199479760763,0.000197655096366678,0.000834201963725681
"Os10g0341101",94.8478739605224,1.64972827771741,0.443332982610316,3.72119454772779,0.000198282603377836,0.000836592542994809
"Os02g0549700",1519.13581445073,0.580423144156502,0.156025849390604,3.72004476452769,0.000199187470406207,0.000840151524776165
"Os10g0530500",26.5598919531059,7.37182019584166,1.98169003144564,3.71996633119455,0.000199249337738841,0.000840283080832114
"Os05g0510700",2037.04880428995,0.445225519276356,0.119705749703184,3.71933278376615,0.000199749735142463,0.000842233341595074
"Os06g0621200",311.591794426467,4.92832284338702,1.3252228132848,3.71886357070121,0.000200121096418869,0.000843569860266117
"Os01g0723600",1773.76973583997,0.547307777181003,0.147186486108395,3.71846486489215,0.000200437163999419,0.000844772174043404
"Os08g0162600",880.318480096494,2.71696964814471,0.730715162057964,3.71823357338408,0.000200620731481904,0.000845415762464745
"Os03g0703900",641.604563989838,0.692211505004523,0.186237027069699,3.71683072853963,0.000201737505890064,0.000849599019654786
"Os01g0607400",8422.37857766744,0.587018096669913,0.157943185578628,3.71664085740299,0.000201889106133969,0.000850106764967803
"Os01g0242600",4070.23041423642,0.970421403077034,0.261165294238944,3.71573644922813,0.000202612689733928,0.000852760323371546
"Os05g0100300",76.135431254986,1.26435149796965,0.340336517637467,3.71500392243087,0.000203200542387447,0.00085470916101575
"Os08g0516600",2425.40999003283,0.692995661393473,0.18655100311044,3.71477853154836,0.000203381740629123,0.000855339975061003
"Os02g0148400",677.237964487778,0.509525291809369,0.137166919060985,3.71463684755384,0.000203495722170171,0.000855453123215286
"Os12g0539751",187.635506513079,2.03989932200185,0.549152964564707,3.71462862559396,0.000203502338391107,0.000855453123215286
"Os02g0828400",180.408732753374,2.64787628538958,0.71306463143567,3.71337487326836,0.000204513602541334,0.000859107884660663
"Os07g0626300",1476.59693762982,0.877649920976447,0.236367389126958,3.71307532827653,0.000204755910210547,0.000859799039794125
"Os02g0150600",927.839853112784,1.16250847590431,0.313104713225994,3.712842467067,0.00020494446236992,0.000860420688794164
"Os03g0130950",48.2970090465709,4.67921027877137,1.26029959488624,3.71277615081178,0.000204998189736436,0.000860420688794164
"Os10g0391500",2951.67615357742,1.28834195154516,0.347089825377816,3.71184015590998,0.000205757916243822,0.000863212602823486
"Os01g0627800",12.273840921792,7.22210090968352,1.94584215763882,3.71155537016793,0.000205989594815171,0.000863812343329949
"Os07g0555300",455.499247176671,0.75437019261852,0.203246146377298,3.7116088352206,0.000205946081312562,0.000863812343329949
"Os08g0323600",1332.6061956504,0.63531335578868,0.171172064084909,3.71154813833136,0.000205995481239503,0.000863812343329949
"Os12g0572800",90.5370647595712,2.55620476112115,0.688777241280175,3.71122128885986,0.000206261688577192,0.000864796251617612
"Os01g0874900",2757.90831570011,0.487698247880991,0.13143777028405,3.71048783638849,0.000206860236275687,0.000867040356821321
"Os04g0451200",538.775387948553,1.75447929123308,0.472931554832065,3.70979536744189,0.000207426835502535,0.000869149220016818
"Os01g0927600",10491.9137101976,0.611161360643966,0.164757826820577,3.70945267024872,0.000207707779695118,0.000869927185570179
"Os01g0921800",2470.9700864452,1.07875240781594,0.290840199700079,3.70908976451116,0.000208005680522977,0.000871041674851686
"Os02g0285800",2650.47786639848,1.48515732642687,0.400432312938982,3.70888481882623,0.000208174092896525,0.000871347276670037
"Os03g0167500",2500.80704237672,0.409228819270814,0.110337246026828,3.70889100468679,0.000208169007844366,0.000871347276670037
"Os02g0528900",8870.33891167042,1.11445140145519,0.300506226138648,3.70858007095336,0.000208424753686366,0.0008721299157078
"Os02g0274000",2295.37257338477,0.746001287745178,0.201185855502974,3.7080205558196,0.000208885703448706,0.000873925202865969
"Os06g0232600",935.55650951091,0.895322689668016,0.241461349325499,3.70793376318414,0.000208957292231428,0.000874091202124472
"Os11g0206000",6000.25706357351,4.59240760870566,1.23870285109365,3.70743282349841,0.000209370930590729,0.000875438358032878
"Os07g0162300",3779.16906313529,0.472140306335092,0.127388120398213,3.70631346831393,0.000210297990695987,0.000879028271502179
"Os03g0812400",72.8328642255619,2.1863054955004,0.589905466896476,3.70619636227931,0.000210395201415476,0.000879300421417655
"Os06g0129400",5104.63910222521,1.2985161869542,0.350417343539541,3.70562762059085,0.0002108679192236,0.000881007195767788
"Os01g0925700",540.459169063527,1.30823024893552,0.353070060438781,3.70529930323092,0.000211141258816199,0.000881880179968666
"Os06g0711700",84.6723913643525,1.86472640728549,0.503459150699898,3.70382861190068,0.000212369767028908,0.000886335561281246
"Os01g0768600",407.450135127741,0.943165945863371,0.254660690665219,3.70361811004145,0.000212546153080531,0.000886936575111035
"Os04g0183100",4193.82682873684,0.895303106661532,0.241798799416105,3.70267804812723,0.000213335540547095,0.000889957464567189
"Os06g0172000",342.512203792543,1.2515641162281,0.338019391176818,3.70263999313993,0.000213367553934239,0.000889957464567189
"Os08g0246400",837.287358535545,0.930804072691342,0.251447142684605,3.70178822775039,0.000214085274834495,0.000892135974896037
"Os07g0569600",319.17647548226,1.92529905465051,0.520143734087287,3.70147505098547,0.000214349735719278,0.000892966328682393
"Os06g0567900",160.590924529983,2.41753048186658,0.653214917237603,3.70097255600062,0.000214774706704986,0.000894600667785322
"Os01g0929100",1055.05833589187,2.04599417377231,0.552898343800116,3.70048888139188,0.000215184508046165,0.000896008435082141
"Os11g0249900",3819.81317128889,0.773987136061161,0.209167179068189,3.70032784067352,0.000215321115315636,0.000896086328255441
"Os12g0587200",76.0619776948859,1.86198305303828,0.503531796424194,3.69784602732352,0.000217436707130468,0.000904450849659932
"Os01g0775100",5705.15828644861,0.388083216477617,0.104950344854446,3.69777933570245,0.000217493825966425,0.00090455107607749
"Os02g0256200",2838.18656461889,1.04761170308306,0.283356484564245,3.69715097466047,0.000218032685405939,0.000906516892221324
"Os03g0107800",5092.17923379719,0.628071302700517,0.169917737255985,3.6963257211595,0.000218742296945089,0.000909329223800717
"Os09g0458800",29.2350241790127,3.66184094323296,0.990797940221449,3.69585037935638,0.000219152013150732,0.000910755999425232
"Os05g0519600",596.291942978164,1.17427537005185,0.317745684203823,3.69564538065794,0.000219328932041318,0.000911214739503069
"Os06g0168800",2838.28021345976,0.775491007172422,0.209848425728262,3.69548165291754,0.000219470329391856,0.000911525669806267
"Os01g0229800",19.0070084675944,5.78514828659009,1.56552803590683,3.69533355768941,0.000219598300017884,0.000911642472838719
"Os07g0150500",4762.45720677649,0.612599307245072,0.165776010105928,3.69534353525356,0.000219589676100557,0.000911642472838719
"Os01g0754500",3993.51842074282,0.519849600590458,0.140692522323403,3.69493411594048,0.000219943811169384,0.000912800141172817
"Os04g0356600",656.469984229819,1.08274720519031,0.293074692942167,3.69444114850261,0.000220370924260059,0.000914434174580711
"Os01g0757700",484.094292648816,1.0107236130285,0.273594429189258,3.6942404712829,0.000220545016397203,0.000914879379696469
"Os08g0326300",1534.0780612147,0.806985218581633,0.218443699157756,3.69424809089523,0.000220538403849474,0.000914879379696469
"Os07g0422000",463.833338281393,1.87186826687331,0.506753364176597,3.69384477578127,0.000220888669778475,0.000916086597727818
"Os04g0671800",4824.45108265691,0.974555020737432,0.263859190936422,3.69346626615047,0.000221217867966701,0.000916976183637397
"Os05g0596500",1470.62905319425,0.8760755471217,0.237214616578904,3.69317692036187,0.000221469828950181,0.000917881689328857
"Os08g0485600",2123.284229789,0.729496345766883,0.197569523862317,3.69235260330565,0.000222189118309643,0.000920723470441669
"Os07g0264000",587.744783019343,2.66563643051701,0.722133698301879,3.69133366409203,0.000223081263589616,0.000923787034542331
"Os08g0412401",1926.62075818678,0.813040654371551,0.220257687718823,3.69131567116724,0.000223097047698058,0.000923787034542331
"Os02g0769800",2001.9363306604,0.710051201112407,0.192378402772715,3.69090911910364,0.000223453970906076,0.000924985298033599
"Os08g0398400",7434.77220208142,0.814393987499787,0.220654177180006,3.69081609017271,0.000223535718884258,0.000925183873671608
"Os03g0108500",214.964596504163,3.30885360683063,0.896586342855687,3.69050190558526,0.000223812012114523,0.000926047556469621
"Os07g0290800",255.687708471022,1.13328953735939,0.307119213307965,3.69006394993261,0.000224197684258002,0.000927503212431796
"Os02g0536100",330.467527413927,0.970768308662636,0.263080845242464,3.68999996091675,0.000224254086417903,0.000927596448364964
"Os01g0120400",1119.44166934355,1.14078074851289,0.309257913084474,3.68876817778074,0.000225342422654537,0.000931816772181524
"Os02g0124700",2903.3456039501,0.815813170026257,0.22118782271449,3.68832768465429,0.000225732820349056,0.000933149363444156
"Os01g0894700",253.867645568894,3.01925195467097,0.818638659734536,3.68813751802296,0.000225901556250516,0.000933705979667707
"Os07g0139500",1126.32063702948,0.764629485462578,0.20735535770267,3.68753184838847,0.000226439759606263,0.000935365926010427
"Os07g0656700",228.406937103701,6.26066457677882,1.69821632216507,3.68661194399371,0.000227259497405812,0.00093832753895728
"Os01g0977600",6176.72662930927,1.11394716994275,0.302271310261596,3.68525603365633,0.000228472845149953,0.000942910908769378
"Os04g0284500",1192.399363407,0.62681793278353,0.170090270650132,3.68520745124138,0.000228516432155275,0.000942948718464165
"Os02g0202900",217.866614729986,1.58740589613871,0.430766007244849,3.68507697785081,0.000228633528454537,0.000943289799352042
"Os06g0142000",400.222888790935,0.873199395227707,0.236962784073664,3.68496428095754,0.000228734716160578,0.000943565152161807
"Os03g0372500",3699.48951081094,0.501215158514563,0.13602478916122,3.68473394890186,0.000228941656273612,0.00094427660096228
"Os08g0478800",1771.71616687275,0.66811964463753,0.181382077735027,3.68349317077268,0.000230059450249169,0.000948173096866534
"Os12g0234800",1072.29740667768,4.69622978027997,1.27502458613078,3.68324644980475,0.000230282326211085,0.00094880613677013
"Os06g0651200",92.9638360463013,2.69423618127995,0.731936979763606,3.68096742720953,0.000232350689381385,0.000956793052215692
"Os02g0104700",1027.38628160216,1.01844511725868,0.2766880536931,3.68084239151261,0.000232464670491107,0.000957077978268739
"Os01g0588800",3154.90589713965,0.399268558894338,0.108473778669744,3.68078409170146,0.000232517833866269,0.000957120992862298
"Os03g0729100",695.2518223672,1.39075723153693,0.377845712516086,3.68075430120891,0.000232545004107137,0.000957120992862298
"Os06g0297800",1513.2821922624,0.845459402206247,0.229706440352274,3.68060817498048,0.000232678320817143,0.000957381986706078
"Os01g0908301",154.234107583704,2.3066096494476,0.626699186441943,3.68056908218323,0.000232713998873692,0.000957384971935911
"Os03g0790700",2480.91828389586,1.26284072811599,0.343143344369812,3.68021338264689,0.000233038864148094,0.00095843356274481
"Os02g0639900",2012.57283968063,0.602942876069616,0.163837977469679,3.68011669444102,0.000233127244351805,0.000958653107647543
"Os05g0107300",2042.23126169362,0.679018430283241,0.184539543282852,3.67952807405878,0.000233665966089552,0.000960724178498785
"Os02g0649800",4196.91915916235,3.26712175544683,0.888052092523315,3.67897534722723,0.000234172900392282,0.000962375080966992
"Os06g0669400",5531.28453439036,1.27609274202332,0.346859735325693,3.67898782147516,0.000234161448241757,0.000962375080966992
"Os03g0846400",8468.21966819653,0.615844452522343,0.167431244154451,3.67819313314212,0.000234892073225596,0.000964896337390869
"Os01g0935500",1122.54077010421,0.858312037641357,0.233371934530883,3.67787171737985,0.000235188185359767,0.000965967849031247
"Os04g0562000",3976.04823264173,0.823864332706614,0.224093968364746,3.67642350536474,0.000236526736037935,0.000971028751021444
"Os06g0716100",696.750145403816,1.4796623157149,0.402514361704428,3.67604850035497,0.000236874508287616,0.000972310753260316
"Os05g0449500",10378.5664552868,0.919283417350335,0.25011141849876,3.67549559659505,0.000237388135617422,0.000973981189738885
"Os06g0535200",348.426961258005,1.70073888061328,0.462851582752659,3.67447999313018,0.000238334317749426,0.000977539426447137
"Os12g0583900",3477.46958690769,0.48900556082493,0.133082659976775,3.67444985627932,0.000238362448586778,0.000977539426447137
"Os08g0276100",710.755827117114,3.95339430399026,1.07596643560841,3.674272889149,0.000238527699037289,0.000977777941384375
"Os03g0336600",919.265011639817,0.489701680569273,0.133292231980967,3.6738951197036,0.000238880816741695,0.000978932443353045
"Os12g0104300",1403.50806400609,0.7128090194882,0.194059671359934,3.67314349495168,0.000239584852655724,0.000981230367687339
"Os03g0258200",412.18826084073,1.02614922794835,0.2793686461134,3.67310090886798,0.00023962480063535,0.000981247258813407
"Os02g0800500",3648.51744848434,0.815401175901505,0.222011429394994,3.67278918082535,0.000239917408239115,0.000982151805272396
"Os07g0273900",925.453921888469,1.14146301397864,0.310822526075923,3.67239475333208,0.000240288123196494,0.000983375464287341
"Os03g0431500",840.830841956691,1.17827148726914,0.320870668223531,3.67210718820927,0.000240558738893418,0.000984335885424203
"Os03g0424200",1173.35168526116,0.776433431839868,0.211479340165792,3.67143869103797,0.000241188939419304,0.000986619808786462
"Os02g0227400",3075.30917585139,0.966413601118412,0.263342759268834,3.6697937084036,0.000242746286084338,0.00099239754061733
"Os05g0411300",2880.35441035094,0.674974955713676,0.183964325317963,3.66905352191004,0.000243450112354186,0.000995126403147816
"Os11g0655100",109.84625664078,1.60568946587027,0.437728433856562,3.66823203995113,0.00024423348172735,0.000997881756860656
"Os10g0533200",306.481240450033,1.06431461636363,0.290361236301711,3.66548451824925,0.000246870746548634,0.00100760492008846
"Os02g0747600",1116.02747748108,0.867922363349169,0.236795762626429,3.66527827070288,0.000247069791501625,0.00100826708269085
"Os03g0743500",3680.6774824078,0.62793695031009,0.171390695683465,3.66377502469446,0.000248525094457967,0.00101360197473171
"Os10g0469700",631.592663651891,0.70163877021168,0.191531643027583,3.66330471101653,0.000248982057140958,0.00101516337111461
"Os12g0477700",984.12580530987,0.899024430622839,0.245471283584376,3.66244237409472,0.000249821962377262,0.00101828472789815
"Os02g0145000",1335.90233819523,0.958899241093085,0.261834495437551,3.66223418916087,0.000250025129700907,0.00101892657787151
"Os01g0855700",14.4436329043501,7.81480469989094,2.13414563951712,3.66179540664297,0.000250453844426649,0.00102025301200035
"Os06g0167000",18454.7658294702,0.500857570333909,0.136781061090757,3.66174648990025,0.000250501681475204,0.00102029614234756
"Os06g0105900",9341.20245197936,0.561202089703303,0.153277126999603,3.66135574621488,0.000250884108373366,0.00102170184544378
"Os03g0291500",57517.1546837753,1.13306158654803,0.309476569176167,3.66121929541956,0.000251017783824632,0.00102196104700498
"Os05g0163250",761.822269657126,2.53722470364596,0.693000813973139,3.66121460824764,0.000251022376848217,0.00102196104700498
"Os01g0136600",262.008159153531,4.68708326020226,1.28057857724714,3.66012936924032,0.000252087941743088,0.00102599417715972
"Os04g0359700",511.986176780279,2.54039331732294,0.694101718913762,3.65997266409099,0.000252242156048187,0.00102646930564788
"Os06g0105800",1327.28543116444,1.16472398314898,0.318299952634344,3.65920250226047,0.000253001362887186,0.00102925298245105
"Os05g0512200",973.555973388424,1.1203053327859,0.3061806363803,3.65896859458608,0.000253232367322968,0.00102984703007766
"Os08g0177000",170.24266984474,1.42292522135297,0.388943668984648,3.65843523065326,0.000253759851159062,0.00103157258579666
"Os08g0180100",7998.26725046846,0.906692147539519,0.247861967805087,3.65805272817216,0.000254138770982539,0.00103295964920355
"Os04g0308600",833.754602362352,2.43594483557463,0.666031460780191,3.65740205833694,0.00025478456568228,0.00103527726429362
"Os07g0300100",889.734595621432,1.15129395816054,0.314816645903321,3.65703012576437,0.000255154402474795,0.00103633177921123
"Os01g0773700",9426.09244407628,2.90784733701586,0.795187932125383,3.65680516459015,0.000255378340300364,0.00103707459142584
"Os09g0504700",4629.39262837384,0.648987180163689,0.177478392326221,3.65671094749829,0.000255472183546697,0.00103730189438594
"Os01g0321300",2465.06492696937,1.15543252221754,0.316057088673373,3.65577157932888,0.00025640959451106,0.0010409537873503
"Os06g0636100",200.830914018635,2.2725173120193,0.621647362948822,3.65563733953519,0.000256543817712166,0.00104134435550592
"Os03g0198300",3139.27852714032,1.38482791328167,0.378834809764399,3.65549278363017,0.000256688429423258,0.00104162263264185
"Os03g0639300",245.916862507301,1.47479467532211,0.40344447581032,3.65550841255165,0.000256672790783593,0.00104162263264185
"Os01g0705300",670.4136439261,1.28442133721077,0.351396210208207,3.65519405132383,0.000256987519293721,0.001042527420168
"Os05g0586200",2861.8821957061,0.674597432748287,0.184569968170172,3.65496857065237,0.000257213486232196,0.00104328959001719
"Os02g0136150",83.7678030248821,2.38475651969645,0.652504938599464,3.65477160190556,0.000257411032207394,0.00104393627231163
"Os07g0561800",342.587126924107,2.84423713862612,0.778358072826635,3.65414998304979,0.000258035406125242,0.00104615864552642
"Os01g0183800",4423.93829051134,0.884814397589486,0.242242479966223,3.65259799896723,0.000259600473027373,0.00105234816585656
"Os05g0150500",6387.68378283548,0.396940133730601,0.108677973729173,3.65244326987343,0.000259756993411574,0.00105282684322824
"Os06g0645800",2005.99059006356,1.00745267786477,0.275839697576251,3.6523121462105,0.000259889704346845,0.0010530530904977
"Os12g0141600",910.937536229287,1.11045685739457,0.304074004241441,3.65192960235049,0.000260277242333775,0.00105431143814913
"Os10g0330400",277.148513247647,2.68717633756548,0.735991114897465,3.65109888308889,0.000261120673298118,0.0010574151925353
"Os03g0152100",313.143873607879,1.0589995693002,0.29006928591612,3.65085040270838,0.000261373453394687,0.00105796959685738
"Os07g0541200",205.415948602831,1.44224367853254,0.395059895651414,3.65069624734859,0.00026153039156794,0.00105844842722184
"Os03g0785500",1078.65452870763,0.867538740026344,0.237652673358912,3.6504480583568,0.000261783246505766,0.00105915877474733
"Os03g0439500",142.200104580817,3.594550511014,0.984705512841865,3.65038121970101,0.000261851380890622,0.00105927797577537
"Os03g0704700",3422.91360960397,0.7068630678938,0.193648216276172,3.65024311344911,0.000261992217132401,0.00105969120193054
"Os01g0683500",25.8105097517594,3.87239071888905,1.06104457077727,3.64960231223116,0.000262646615001319,0.00106186766516622
"Os02g0142300",1298.82888364214,0.815066128262104,0.223363851597076,3.6490511890545,0.000263210657471843,0.0010638340148755
"Os11g0425800",1586.287104608,0.838695524034029,0.229838420554604,3.64906581767419,0.000263195671271386,0.0010638340148755
"Os06g0140800",2382.14555694227,1.02577129171391,0.28114170517078,3.64859169894699,0.00026368178672647,0.001065580970821
"Os12g0613200",3583.89349397018,0.708184589851784,0.194120177453777,3.64817608937336,0.000264108604767925,0.00106699097244812
"Os04g0204100",10.9639340295988,7.51349733174512,2.05950896594249,3.64819840845254,0.000264085667323419,0.00106699097244812
"Os11g0459600",84.9294604567869,2.18365917871469,0.598683981045461,3.64743211418726,0.000264874261937254,0.00106961092565581
"Os07g0176200",4976.09735784906,0.651107404915517,0.17851588179277,3.64733601501828,0.000264973313380333,0.00106974197947243
"Os09g0454900",1026.5031434863,1.82195249402468,0.49962022037478,3.64667485366781,0.000265655728219803,0.00107213438215244
"Os06g0644500",1848.80155207568,0.666300653465033,0.182743978984546,3.64608813470883,0.00026626268709153,0.00107442564262288
"Os05g0549850",94.7033438507963,1.31580663537027,0.360901947325823,3.64588400012804,0.000266474168318228,0.00107512062813442
"Os01g0888900",983.225232080687,1.7166151303426,0.471013091326748,3.64451681270099,0.000267894623738236,0.00108005617291935
"Os05g0489900",978.094669626439,0.962118852330815,0.264021268478924,3.64409601496789,0.000268333242965253,0.00108150615922031
"Os07g0176300",505.148517030494,1.2330974951005,0.338409640904884,3.64380131666248,0.000268640822951324,0.00108258655016327
"Os08g0170800",3795.8472746945,0.929852431788915,0.255215007648931,3.64340812225275,0.000269051719098948,0.00108401567849011
"Os01g0738100",75.8987892201477,2.4348691733007,0.668315669419878,3.64329206198958,0.000269173116995595,0.00108425306582741
"Os05g0170950",308.443840843939,0.76834030616518,0.210930895029524,3.64261625143929,0.0002698810287545,0.0010869447520386
"Os07g0110400",3237.88604531164,0.649244014413612,0.178265144304268,3.64201323229774,0.000270514164415059,0.0010893345306517
"Os02g0731600",503.196991170788,3.97911452246172,1.09260212594201,3.64186965042836,0.000270665122255666,0.00108978220839408
"Os03g0586400",242.266541283028,1.57942719478377,0.433693307806106,3.64180670154563,0.000270731329791461,0.00108988857353291
"Os03g0322600",589.383352017624,1.36626287015784,0.375327846556655,3.64018519460321,0.000272442017486312,0.00109613091964859
"Os07g0673200",454.457316768131,1.84149396528987,0.505940921518219,3.63974109815815,0.000272912302974016,0.0010978617845148
"Os11g0582801",12.449272689402,7.41738162219237,2.0383530589379,3.63890916231031,0.000273795347751162,0.00110125233043349
"Os09g0252700",1268.87901450906,3.5356800234455,0.971681289275655,3.63872399568504,0.000273992253856587,0.00110155905260322
"Os01g0800300",739.235036059563,0.600352586562026,0.16499649712072,3.63857777006488,0.000274147843894488,0.00110190777189082
"Os02g0752800",17277.5495692572,1.11731682790726,0.307170590020025,3.63744728241862,0.000275353526750968,0.00110589566733662
"Os04g0363700",517.102164240867,7.76272416394226,2.13507294138602,3.63581216054518,0.000277106204506624,0.00111211956741992
"Os10g0548700",664.660828729685,1.32174445290551,0.363554180362584,3.63561890991678,0.000277314038189439,0.00111262762854064
"Os01g0878200",27.3072487780327,4.66668499221718,1.28391505503388,3.63473033042208,0.000278271552994263,0.00111597893236689
"Os06g0136201",96.331261474527,3.43089869946951,0.944023796164601,3.63433497482652,0.000278698575110442,0.00111736426681061
"Os10g0445600",766.253032067696,1.50838628521974,0.415158564367231,3.63327753461805,0.000279843731985501,0.00112179125754644
"Os04g0280500",9.31624453396992,6.70767431425853,1.8463542019208,3.63292931945582,0.000280221796291632,0.00112314240887095
"Os03g0161950",114.17266857034,2.02896931289262,0.558611726394546,3.6321638394314,0.000281054576721745,0.00112615065988668
"Os08g0105700",77.7089875516538,2.31488212209425,0.637325839933801,3.63217992594603,0.000281037052063102,0.00112615065988668
"Os03g0624800",668.780588138824,0.804773030100403,0.221583810437803,3.6319125865303,0.000281328424712476,0.00112691823359161
"Os05g0110100",678.415733682608,2.24827432622396,0.619028329573437,3.63194092873458,0.000281297521196862,0.00112691823359161
"Os01g0137200",31.7661516038214,3.36787689960249,0.927336617602967,3.63177387334059,0.000281479719433699,0.0011273594085405
"Os01g0975300",131403.677928465,1.46803255819717,0.404253218118101,3.63146783353074,0.00028181378729618,0.00112853237541369
"Os01g0601675",18.0319903186969,6.97456915630576,1.92066859074995,3.63132358695075,0.000281971373200041,0.0011289983749923
"Os04g0461300",152.553891753077,1.25730793725103,0.346258329579514,3.63112690683244,0.00028218637452554,0.00112952900549891
"Os02g0307800",324.12654710325,1.05895684972011,0.291657834289191,3.63081914909273,0.000282523108869829,0.00113030190227091
"Os04g0678700",2771.07953169312,3.11983433177032,0.859269220941186,3.63079958613328,0.000282544526481287,0.00113030190227091
"Os01g0767000",6491.20549484358,0.484156328099398,0.133349858915541,3.63072246222656,0.000282628976885422,0.00113030957889744
"Os06g0341300",15.5610449454333,7.92592852437545,2.18301258217791,3.63072965730139,0.000282621097303812,0.00113030957889744
"Os10g0382600",596.306193850836,1.38509420639615,0.381510692619885,3.63055147126945,0.00028281629573105,0.00113089359946996
"Os08g0107100",1944.94388741268,0.488554538375969,0.134590866839426,3.62992341047063,0.000283505328729511,0.00113348335414247
"Os06g0231600",129.768566618914,1.31320755252039,0.36183055873807,3.62934395895242,0.000284142428170657,0.0011355333017249
"Os01g0348600",6294.89610812215,0.650441617181131,0.179230794389877,3.62907289115864,0.000284440924017253,0.00113636156725549
"Os11g0106200",2849.05145429787,0.564061132949207,0.155429729897336,3.62904274054763,0.000284474143575295,0.00113636156725549
"Os09g0299200",2309.74076926804,1.15657790684472,0.318705092626723,3.628990981325,0.000284531179702092,0.0011364236720939
"Os02g0581300",2168.03414312482,0.712749800258005,0.196424935884122,3.62861159684167,0.000284949570015192,0.00113776292598923
"Os01g0897200",3174.66600039002,0.529388847256359,0.145994771073526,3.62608087511399,0.000287755265190942,0.00114846342253316
"Os04g0150500",31.8982195932306,3.11851928023437,0.860063659687578,3.62591680872459,0.000287938048491005,0.00114902550789877
"Os04g0508500",584.267773414707,1.02386302913983,0.282376872184867,3.625874248191,0.000287985482151693,0.0011490473913499
"Os11g0540600",70.4464789027095,5.04945564290664,1.39299208663748,3.62489901510887,0.000289074385965861,0.00115272041141227
"Os09g0345600",62.9265454089586,2.85334257509223,0.787541484219575,3.62310129976174,0.000291091753774719,0.00116042704521079
"Os04g0485800",2592.38596283147,0.703694474585637,0.194228480063198,3.62302415359823,0.000291178620410333,0.00116060442253484
"Os01g0939300",256.542263988007,1.53172224076047,0.422795106682028,3.62284760762957,0.000291377502678563,0.00116089487884564
"Os09g0434100",3038.40501195047,0.899442277734418,0.248269490032924,3.62284659953641,0.000291378638679265,0.00116089487884564
"Os03g0601000",44.0524566042479,2.53960862513858,0.701053007341542,3.62256291399279,0.000291698483349876,0.00116183119927824
"Os10g0140200",13338.8157079449,0.768345973283364,0.212140977812878,3.6218649560534,0.000292486804942455,0.00116480169732172
"Os01g0859600",1972.51667156821,0.784363786619996,0.216589107689577,3.62143689951469,0.000292971268195879,0.00116656141985075
"Os11g0217300",1138.82228958698,0.82579650481243,0.228054980540625,3.62104130703396,0.000293419657696667,0.00116800724371013
"Os01g0551900",3038.43155813529,0.748174759315787,0.206624121885761,3.62094586289127,0.000293527936329974,0.00116826848358244
"Os12g0579000",3688.75815463434,0.528858069332227,0.146057218989386,3.62089647462519,0.000293583980590198,0.00116832178008806
"Os03g0302200",3325.59981616718,0.425397834243505,0.117498875382888,3.62044175195108,0.000294100456859534,0.00117008164747731
"Os03g0838900",1429.14896463159,0.554926389455294,0.153289689966523,3.62011554447324,0.00029447148905857,0.00117134309567286
"Os06g0722700",2114.72460167077,0.437679722422196,0.120919277527136,3.61960252635461,0.000295055888956048,0.00117315660537017
"Os01g0364100",203.867742248097,1.64305557858396,0.454011875278071,3.61897048965433,0.00029577736139421,0.00117568389289636
"Os01g0918500",723.330127653844,0.626265912690984,0.173064147268777,3.61869238992848,0.000296095336547671,0.00117677704053645
"Os01g0971000",1000.10121291355,1.10353932609416,0.30498077965495,3.61838974686432,0.000296441737991816,0.00117764113782942
"Os02g0656500",21582.2805320452,0.598052199055923,0.165280372187497,3.61841028756567,0.000296418215361879,0.00117764113782942
"Os04g0620132",31.9021543538853,3.11523369266101,0.860985760376134,3.61821743869501,0.000296639129291648,0.00117825440696455
"Os08g0132600",2529.63333558918,0.417931765956421,0.115534565441759,3.61737428412365,0.000297606799307907,0.00118124153598651
"Os10g0370500",1185.24405844202,1.23358906692105,0.341084716253605,3.61666474086118,0.000298423416615748,0.00118379664077074
"Os05g0463900",3291.12073922846,0.834921117636427,0.230857318524451,3.61661100013166,0.000298485352539488,0.00118387087914989
"Os10g0470900",7498.27688820198,0.693379487347603,0.191751006413935,3.61604092888461,0.00029914309844634,0.00118613616235433
"Os04g0347600",1646.82399848189,0.682280610440448,0.188698283753035,3.61572239487565,0.000299511212614223,0.00118742388547057
"Os02g0541300",360.590225281017,1.25682474376345,0.347610328552429,3.61561392320333,0.000299636664821601,0.00118774933229066
"Os03g0158700",351.192003522604,0.850637142661459,0.2352956095014,3.61518493466151,0.000300133291062631,0.0011893736943716
"Os01g0673800",2004.88723071246,1.25328274565232,0.346714029362084,3.61474483152074,0.000300643585343714,0.00119105126499127
"Os05g0575300",2161.97157701629,1.06352558356592,0.294221815479897,3.61470675392046,0.000300687774032157,0.00119105405907662
"Os12g0577100",2731.68023637321,0.507667101211382,0.140465405727744,3.61417886903315,0.000301301006375739,0.00119313804621048
"Os05g0110900",2545.8815449715,0.629858867742994,0.174296931430528,3.6137117422176,0.000301844633987043,0.0011949177685626
"Os02g0777100",5079.00197419093,0.886279174626963,0.2452869132912,3.6132346513521,0.000302400805506663,0.00119645536091767
"Os09g0449600",1806.9120797915,1.31069499852251,0.362745874172785,3.61325956225265,0.00030237174174543,0.00119645536091767
"Os05g0105800",643.824649876819,2.1847759973173,0.604742023774391,3.61274049334526,0.00030297788485046,0.00119856545984098
"Os02g0151100",669.145076130884,1.01510942117012,0.28099452886945,3.6125593806196,0.000303189647017284,0.00119905683243581
"Os01g0717000",3333.46501952772,0.934189350466755,0.258598168248519,3.61251340948779,0.000303243419827595,0.00119909636386569
"Os12g0102400",5239.9498047491,0.820475188478497,0.227173636144889,3.61166551894783,0.000304236807194601,0.00120268185893072
"Os07g0626800",99.8715342683099,3.4538688217243,0.956526662776274,3.61084427244255,0.000305201882966443,0.00120562226367664
"Os06g0199100",443.844417207106,1.74611268106,0.483600417143529,3.61065172642679,0.000305428565057349,0.00120634373835413
"Os06g0729000",1330.56997141731,2.1185073167981,0.586766368002729,3.61047843285429,0.000305632716268708,0.00120697602815977
"Os01g0757900",585.559238745778,1.19568206809859,0.331180275046914,3.61036619082828,0.000305765012923269,0.00120719189083961
"Os03g0131000",177.692286205935,1.75097278530336,0.484986014212624,3.61035727627335,0.000305775522567457,0.00120719189083961
"Os11g0540100",11084.245889987,0.758791817148221,0.21018057145364,3.61019009464245,0.000305972680822233,0.00120779618106381
"Os08g0170200",108.177994776261,1.75807131566372,0.487021527365557,3.60984313193228,0.000306382235870908,0.00120923859117292
"Os02g0199600",141.903705642768,1.65570985272929,0.458748702652552,3.60918699749064,0.000307158141072941,0.00121177713411046
"Os09g0279500",1381.07415636325,1.68599261435428,0.467154039885121,3.60907210557119,0.000307294194510071,0.00121213929749789
"Os02g0690200",2983.65081636274,0.782380587004937,0.216786034086965,3.60899903123409,0.000307380757495264,0.00121230616681826
"Os09g0423800",372.469247357385,1.57547458918842,0.436641194910342,3.60816754706783,0.000308367332990937,0.00121602211603149
"Os08g0450800",5644.03498300198,0.909292223294169,0.252025321947707,3.60793993344382,0.000308637918351924,0.00121691395157299
"Os04g0533500",415.234489649686,0.675926215067268,0.187405882557754,3.60675025694012,0.000310055818121709,0.00122197682218298
"Os09g0280500",3231.35638307075,1.11057873777169,0.307954407079983,3.60630896080421,0.000310583319919779,0.00122370364153088
"Os02g0219900",1624.60250266004,0.786226360662333,0.218109758736086,3.6047280287613,0.000312479986552489,0.00123064547974971
"Os05g0545000",9211.96621269056,0.928421401291427,0.257621382708516,3.60382120276827,0.000313572806964269,0.00123441689502131
"Os04g0655600",3369.23020256169,0.519194906044984,0.144083960949529,3.60341916354487,0.00031405845028638,0.00123615102914129
"Os06g0670400",289.207976001429,1.19136707169499,0.330629808411215,3.60332626214165,0.000314170770655561,0.00123641545675668
"Os02g0664150",15.4999744244437,4.56270122489552,1.26627762969814,3.60323922486349,0.000314276035255192,0.00123665204448714
"Os07g0272400",703.60851428131,0.750596373564762,0.208317552067642,3.6031355308987,0.00031440148788134,0.00123696799117463
"Os05g0537700",21.8779726287571,5.21718091381387,1.44811095739658,3.60274942135191,0.000314869029274727,0.00123845169168065
"Os05g0405900",7981.80156901627,0.490388011726442,0.136193311784121,3.60067616612298,0.000317390691992857,0.0012474743068412
"Os09g0248000",1727.16498563821,1.06451049404039,0.295663199414871,3.60041593322098,0.000317708540551657,0.00124836531835467
"Os12g0202850",125.896754889659,1.3418377286742,0.372729347433326,3.60003240397976,0.000318177526512497,0.0012499526743895
"Os12g0579450",40.3264662574652,5.03542070999963,1.39872372359171,3.60001094216765,0.00031820378951181,0.0012499526743895
"Os03g0798200",406.062770954795,0.987562741282659,0.274365077204577,3.59944768242605,0.000318893781094151,0.00125194489865987
"Os03g0845700",812.559230659251,1.03155442310368,0.286612799127918,3.59912197306754,0.000319293412960396,0.00125315458868007
"Os06g0587100",291.56407803469,1.78684773712454,0.496474186715082,3.59907480577631,0.000319351324113257,0.00125320230928169
"Os02g0155900",89.3996282763032,3.30855649405145,0.919297930477007,3.5990035268922,0.000319438857702479,0.00125336624428142
"Os04g0228000",654.565628920029,0.555238783931639,0.154305352889404,3.5983118766437,0.000320289401531633,0.00125652348859252
"Os09g0482100",72326.2597778883,0.676626975338863,0.188043290005344,3.59825110122055,0.00032036424018996,0.00125663710483219
"Os06g0136000",2249.39354583807,0.667231787881766,0.185472988836284,3.59746069801424,0.000321339031983452,0.00126009984610719
"Os08g0488800",31.6583364398625,4.46188509735316,1.24080243764487,3.59596738528505,0.00032318829288568,0.00126662620266585
"Os08g0236400",272.111175569491,1.10607279101243,0.307640650208171,3.59534018103261,0.000323967964876582,0.0012695002183025
"Os10g0569600",26.1249097848938,4.65209222013695,1.29399304811586,3.59514467787189,0.000324211352767285,0.00127027223053193
"Os03g0289100",11850.8245166849,0.964458475727646,0.268366023567646,3.59381736520212,0.000325868295609973,0.00127566935616018
"Os04g0452300",190.431735807446,1.37243226909264,0.381990353006095,3.59284536452874,0.000327086710160274,0.00127970748150265
"Os01g0916800",4586.39207481871,0.647417121450351,0.180214404661093,3.59248264681099,0.000327542472531277,0.00128112464159706
"Os10g0141200",85.0741867911547,2.48909378795915,0.692903365278921,3.59226684800006,0.000327813910145009,0.00128182024450849
"Os06g0663800",522.09628122723,2.41501945798008,0.672484259614149,3.59119105533525,0.000329170214780272,0.00128657268165617
"Os09g0416600",536.226396446098,0.605946665835447,0.168739981054276,3.5910082604581,0.000329401194566393,0.00128710814841199
"Os03g0369800",3818.26401243102,0.864412762913714,0.24077556614343,3.59011828633302,0.000330527935255495,0.00129132658316692
"Os03g0129850",9.02984161873062,5.1783582329461,1.44250052513308,3.58984842135039,0.000330870306442823,0.00129247982940322
"Os07g0519300",1256.76543727717,1.08130131469168,0.301234739181359,3.58956379875123,0.000331231759825277,0.00129370727696766
"Os02g0765900",4242.64848741105,1.47849489721687,0.411918473357242,3.58929009705915,0.000331579692798156,0.0012945124523139
"Os08g0433400",148.721460427406,1.49198572117324,0.415730380030297,3.5888301477138,0.000332165156458235,0.0012966133391118
"Os01g0237100",112.394492629546,2.00321846528483,0.558218524774419,3.58859188002466,0.000332468824570717,0.00129761378937254
"Os06g0557700",58.1537895352574,1.77785353995281,0.49555688164266,3.58758722925938,0.000333752094026328,0.00130206574668497
"Os07g0291400",17.3251776090276,4.43256295971798,1.23554906156509,3.58752484834813,0.000333831927595433,0.00130219173010061
"Os04g0587500",195.651489851071,1.77833588239995,0.495741513634892,3.58722405424711,0.000334217127420234,0.00130332308330974
"Os08g0427600",11.2468067604484,7.12619789418111,1.98661563458915,3.587104505827,0.000334370337741452,0.0013037349353845
"Os11g0533800",1482.14483345795,0.91129173871277,0.254054462107649,3.58699363574505,0.000334512484850029,0.00130410354006934
"Os01g0713900",409.110550848208,2.42069157218041,0.675185558857637,3.58522415123339,0.000336788816549321,0.00131236548789467
"Os01g0355700",10.7148819651285,7.42868224789124,2.07210203658892,3.58509480552429,0.000336955778914223,0.00131255937008655
"Os12g0573000",436.865719167831,1.21105301850813,0.337803193369185,3.58508457670076,0.000336968985814633,0.00131255937008655
"Os01g0553600",1795.46441088598,0.835743410435932,0.233226963405489,3.58339103778024,0.000339162281710877,0.00132053931177578
"Os01g0290650",808.57723619324,1.09947312764743,0.306831033894099,3.58331787268595,0.000339257337864371,0.00132072168013686
"Os02g0148100",4422.19477335472,0.597544432720985,0.166791107853588,3.58259166457194,0.000340202180491601,0.00132421172741871
"Os03g0788300",3532.76308291057,0.654081004342926,0.182585818577423,3.58232095701108,0.000340555017592581,0.0013253967727875
"Os10g0466800",305.032027123142,1.61328442984998,0.450396472806357,3.58192065714422,0.000341077391276053,0.00132686419889822
"Os02g0680700",1933.29457495679,0.931531733714099,0.260200554905742,3.58005283290632,0.000343524743842933,0.00133542999094271
"Os11g0256900",6272.66940129357,2.79043939625129,0.779427804678302,3.58011271794827,0.000343446024071782,0.00133542999094271
"Os05g0344200",6045.01026875034,1.24584985495932,0.348014383839064,3.57988035211629,0.000343751566713569,0.00133574963311837
"Os12g0153400",12.2782298486228,7.67754391059875,2.14462951431191,3.57989287164223,0.000343735098050786,0.00133574963311837
"Os03g0854500",6227.22369149072,0.488474706400916,0.136452346612121,3.57981902494835,0.000343832249477725,0.00133582096882051
"Os12g0454800",1592.78645961605,1.02314068394338,0.285872317247551,3.57901280471798,0.000344894571145294,0.00133943105036733
"Os08g0451400",2681.36136847281,0.517738195750174,0.144691760356961,3.57821478205041,0.000345949114276406,0.00134314559732743
"Os02g0684400",1111.00109105277,1.14299465089592,0.319469490405323,3.577789695804,0.000346512072873358,0.00134495000539523
"Os09g0393200",1489.54510834497,0.888872212659314,0.248457126794179,3.57756778454439,0.000346806299096256,0.00134590129477835
"Os05g0125000",6857.97541570308,0.840341695600472,0.234905131219369,3.57736628075488,0.000347073670027306,0.00134674810819067
"Os06g0200500",22.5855100926567,4.51459710894737,1.2622139844321,3.5767287992603,0.00034792080058393,0.00134965283228925
"Os08g0504500",431.310186852909,2.41707778078105,0.67591821645689,3.57599147638183,0.000348903019458739,0.00135327139705385
"Os06g0146300",1509.38750861161,1.68391065022474,0.470916605323542,3.5758149769805,0.000349138526186928,0.00135380143980551
"Os03g0243600",1837.84893527255,0.679706756458808,0.190089926121775,3.57571161358323,0.000349276515089726,0.00135414480181496
"Os03g0107700",998.709417128828,0.827484300283404,0.231452680859498,3.57517699605183,0.000349991037723683,0.00135653099112628
"Os01g0383700",7732.23548940116,0.652946984089866,0.182665748917006,3.57454524431141,0.00035083714369141,0.00135942569003415
"Os03g0758600",4442.55524883896,0.4283185762405,0.119828158071659,3.57444012436842,0.000350978116492109,0.00135958727037694
"Os05g0489600",76025.6699016299,0.82372187684607,0.230483020740271,3.57389396494553,0.000351711405538494,0.00136203723044382
"Os06g0609600",1620.91407433957,0.501882530117487,0.140433344740734,3.57381312140685,0.000351820070024064,0.00136207823859069
"Os01g0633100",1179.5741814513,0.912385395828582,0.255305414605494,3.5737017063991,0.000351969878094382,0.00136246564879639
"Os04g0476500",2309.05337655765,0.546941299393466,0.153065887549917,3.57324096275272,0.000352590025467044,0.00136467336266325
"Os10g0116000",401.791919634487,1.57964376139048,0.442135239404889,3.57276150056863,0.000353236452394708,0.0013667890475411
"Os02g0766000",941.047280578356,1.01729970025221,0.28477417485655,3.57230321451957,0.000353855364864504,0.00136879710478797
"Os06g0319800",163.63255591197,1.91079048850116,0.534920177546352,3.5721039674851,0.000354124762943178,0.0013696457754556
"Os10g0563600",6979.74582049079,1.14634308160507,0.321131092858156,3.56970442009304,0.000357384245630494,0.00138030342245697
"Os01g0390600",468.106871622286,1.19039794757432,0.333477625641611,3.56964862420378,0.0003574603700339,0.00138040279086403
"Os12g0581700",5667.15658434721,0.978258700686001,0.274075832830819,3.56929938178773,0.000357937199035739,0.00138185451991373
"Os11g0154500",289.347833534018,1.52680774810795,0.427775883151161,3.56917677747726,0.000358104734638235,0.00138230648061949
"Os03g0767500",1418.63371624629,1.42159448814607,0.398361332485976,3.56860561559678,0.000358886179483935,0.00138457433460856
"Os10g0577200",856.731454405915,0.405607782801572,0.113664854896146,3.56845379490582,0.000359094163653458,0.00138514973054948
"Os07g0537400",259.833239465869,1.65300102880879,0.463278768059559,3.56804831728503,0.00035965019345344,0.00138709919021165
"Os08g0493900",1576.86695636519,0.519885355824064,0.145833410121913,3.5649262771093,0.000363958476915737,0.00140193877671199
"Os09g0115500",883.604554214237,1.07330420539676,0.301084735900091,3.56479116149186,0.000364146015747814,0.00140246393663504
"Os06g0220800",1183.24879597964,1.31664983701388,0.369427950389883,3.56402333831084,0.000365213461755858,0.00140617963606335
"Os02g0761000",1448.75826636331,1.13450929406595,0.31840650453364,3.56308454102605,0.00036652257540993,0.00140983286940786
"Os10g0516800",4397.97305850986,0.594358372608205,0.166809372658059,3.56309938187091,0.000366501846384115,0.00140983286940786
"Os05g0382500",46.8984689471145,4.21876269516154,1.1842236211717,3.56247132698418,0.000367380044260144,0.00141293271445235
"Os02g0601800",10766.137009078,0.507235850802983,0.142386542246195,3.56238618342132,0.000367499250299427,0.00141319275094084
"Os06g0641800",473.763985503886,1.62199519372582,0.455328555340653,3.5622523004566,0.000367686767535151,0.00141371536349738
"Os01g0710300",5.46419231057252,6.27805236164712,1.76261939284198,3.56177424754453,0.00036835706137061,0.00141589506988526
"Os01g0694400",97.5215974746473,1.19056302946116,0.334273703446112,3.56164130527572,0.000368543667056238,0.00141641357995474
"Os04g0597800",961.668551667578,1.07943103236415,0.303103351148281,3.56126393282959,0.000369073851120505,0.00141805328321528
"Os02g0551100",1579.17068361336,1.15160580291437,0.323376848570003,3.56118815557409,0.000369180399233508,0.00141826371885063
"Os05g0535400",795.078778389661,0.93581301160253,0.262809246492759,3.5608070267357,0.000369716729184243,0.00142012493746818
"Os01g0618800",3390.81395402401,0.834861575204537,0.234481298538837,3.56046124107531,0.000370203953863893,0.00142179704154317
"Os11g0621400",179.713439092,2.76530272114691,0.776684017307042,3.56039606780491,0.000370295852597429,0.00142195060963076
"Os04g0182650",862.522415046823,1.16583196642388,0.327531583627188,3.55944899576734,0.000371633697485755,0.00142688794614975
"Os02g0555300",314.971929780734,2.59266141533171,0.728612433004779,3.55835461747426,0.000373185255981747,0.00143217904428274
"Os07g0530700",1741.75764684766,0.852433938701754,0.239577115539249,3.55807747656976,0.000373579133227744,0.00143335285589594
"Os10g0517400",226.846124194612,2.28463046857912,0.642162967232366,3.55771133677416,0.000374100093039803,0.00143515065104387
"Os09g0544400",449.94720193592,2.33071504051122,0.655150588846807,3.55752567453802,0.0003743645208581,0.0014357628942627
"Os08g0526300",1062.48273848809,1.55095109098955,0.435989530860778,3.55731269034717,0.000374668076907475,0.00143672592672164
"Os12g0209000",193.97258080343,2.38545729998899,0.670596245458707,3.55721839503779,0.000374802544914797,0.00143683925930878
"Os07g0631000",2340.10487145457,0.796010204164499,0.223785900353457,3.55701678661278,0.000375090196074423,0.00143774077255451
"Os04g0112100",305.244884752297,1.33191739635847,0.374606689952869,3.5555088365508,0.00037724826453618,0.00144500170800035
"Os03g0281000",4584.58051393867,0.642747125698726,0.180814046601065,3.5547411154225,0.000378351424425942,0.00144902458982816
"Os01g0129500",602.840593774532,1.34097237535482,0.377297984395721,3.55414667137041,0.000379207668102503,0.00145189785252945
"Os05g0149300",275.832316173824,0.944537009347561,0.265802707787854,3.55352666347337,0.000380102663699192,0.00145491783976866
"Os02g0584700",262.670280268506,1.48161408151057,0.4169530344059,3.5534315840192,0.000380240087541708,0.0014552404971154
"Os05g0198400",1678.38625181987,0.817785638700048,0.23016088909329,3.55310427380465,0.000380713523134855,0.00145684885613116
"Os02g0755900",582.340944989696,1.51531623815391,0.426513844486376,3.55279496256143,0.000381161430531697,0.00145795178657921
"Os10g0427600",17.4052813320226,5.63161785355061,1.58536375788766,3.55225595736729,0.000381943130271723,0.00146053389379768
"Os12g0263600",585.399395557185,1.05197612416252,0.296254181297848,3.5509241407293,0.000383881045459756,0.00146732985154733
"Os02g0565600",365.377209146564,0.822285042356066,0.231623994088198,3.55008575684501,0.000385105679899558,0.00147118963432759
"Os02g0218500",277.733044182785,1.57540743675928,0.443944605792316,3.54865768432442,0.000387200087518197,0.00147812064789757
"Os05g0105600",727.383172177552,1.17513032577762,0.331150611127389,3.548627984641,0.000387243757778575,0.00147812064789757
"Os07g0626200",2603.3073645639,1.34612143715649,0.37932934264051,3.54868787050889,0.000387155706625242,0.00147812064789757
"Os02g0819500",4948.62116801977,0.605787799666354,0.170737856478144,3.54805789508024,0.000388082907167459,0.00148111730670529
"Os06g0472200",1559.08267515069,0.779788963935315,0.219807513210044,3.54759922692071,0.000388759281901927,0.00148328534483573
"Os05g0591500",886.884663794603,0.966950917519639,0.27268984275962,3.54597335835504,0.000391165751734529,0.00149018374210855
"Os12g0594300",2475.46660515388,0.712163893102701,0.200860231527668,3.54556941255244,0.000391765792360597,0.00149226210798903
"Os08g0198700",243.679395016832,1.78051274719678,0.502280588336108,3.54485677635889,0.000392826474249082,0.00149596614687518
"Os03g0346900",537.246063162472,0.542542537773086,0.153076441707322,3.54425887956301,0.000393718448403781,0.00149907450934501
"Os05g0269200",16.4676938153441,5.6732185757809,1.60075059468929,3.54409899618504,0.000393957291402899,0.00149977542304612
"Os02g0831100",5853.25052592758,0.428766481301042,0.120993258983037,3.54372206274032,0.000394520912215335,0.00150138366497878
"Os03g0160900",1382.60084485954,0.611394392700628,0.172532457854985,3.54364854185588,0.000394630934251656,0.00150150519795626
"Os01g0674400",385.381201914259,2.66153910659089,0.751181785256839,3.54313584118772,0.000395398974488456,0.0015042185153074
"Os04g0370600",404.721271983821,0.836703057093774,0.236180121035375,3.54264810021185,0.000396130920502998,0.00150658456588415
"Os03g0772300",2544.64328562232,0.904564303802406,0.255366241470446,3.54222350845498,0.000396769129897704,0.00150859289797724
"Os05g0526800",145.009687341711,1.50108835717639,0.423776511338346,3.5421697923647,0.000396849939674816,0.00150869072833212
"Os06g0587500",427.760117122012,1.92640194258949,0.54395803094543,3.54145326109313,0.000397929351557881,0.00151237447877368
"Os07g0516500",1888.1052722965,1.05246995959912,0.297224554852582,3.5409926347476,0.000398624705669532,0.00151480706340096
"Os10g0167500",986.019102822884,0.858380604897735,0.242462244437781,3.54026502925492,0.000399725400489022,0.00151814731624997
"Os12g0616500",2296.38215225278,1.18622624585063,0.33508571871395,3.54006804707563,0.000400023875928665,0.00151885971521515
"Os05g0127400",910.655143580764,0.650675320079635,0.183816189762196,3.53981507788524,0.00040040749057686,0.00152010555431612
"Os05g0443900",1807.01448192278,1.41696932375616,0.400303602186919,3.53973662993549,0.000400526522619855,0.00152034672686813
"Os05g0575500",446.361734285344,0.865619164234406,0.244567823399799,3.53938286811902,0.000401063709601063,0.00152196398859555
"Os10g0532800",260.324425874571,1.72853916618025,0.488453813104221,3.53879756858697,0.00040195396469212,0.00152491981258752
"Os02g0572600",7485.01833752753,1.08105390428871,0.305638062449559,3.53703951538143,0.000404639120266311,0.00153425666434309
"Os06g0724400",1076.12391780145,1.50901467336732,0.426665983326518,3.53675880510144,0.000405069410195177,0.00153546307980295
"Os02g0224300",14530.4496156423,0.678930652110412,0.192000436217661,3.53608911253068,0.000406097682902755,0.00153850921609812
"Os04g0493000",2218.57253720521,1.39902279725637,0.395690286266804,3.53565110343155,0.000406771537928503,0.00154063595069132
"Os12g0209700",4797.34007883386,0.726424860973641,0.205505361308959,3.5348219450174,0.000408050017533267,0.00154505087506963
"Os03g0340500",4997.4860284033,1.00963203593438,0.285657243822529,3.53441776033389,0.000408674589876072,0.0015468770550344
"Os04g0416900",592.104113820593,0.712231558492941,0.201514123172063,3.5344002062069,0.000408701735872511,0.0015468770550344
"Os09g0491740",5867.14084872049,2.035249556439,0.575963143693219,3.53364547493173,0.000409870459176877,0.0015508719087324
"Os02g0201300",206.64675184507,0.951745455460242,0.269442176362329,3.53228090831776,0.00041199145825251,0.00155825159251512
"Os07g0409200",117.269931142738,3.57946329038697,1.01353880031445,3.53164899979796,0.000412977127190393,0.00156176397775398
"Os03g0391700",8229.09364970706,0.598425193706697,0.169472238556111,3.53111045682307,0.000413818899844185,0.0015643513618908
"Os10g0115600",18387.8806080725,0.779311881482189,0.220699360685709,3.5311016717986,0.000413832644600808,0.0015643513618908
"Os03g0754300",326.077409481513,2.09821408129516,0.594259393888532,3.53080507077138,0.000414296946973978,0.0015656743480359
"Os10g0546300",4503.34209931582,0.551302533947692,0.156170322583761,3.53013635898718,0.000415345541035716,0.00156898768645832
"Os11g0207000",4125.49603119842,0.561400074183087,0.159040834089476,3.52991153119359,0.000415698645579592,0.00157010501945265
"Os01g0644200",13.071173518477,7.4456789454421,2.10967870924733,3.52929520158949,0.000416668063721389,0.00157311577303826
"Os02g0129300",391.594858632582,2.25409289617113,0.638726567561583,3.52904201993101,0.000417066901858873,0.00157440456295705
"Os05g0536800",111.282105188917,2.37498591832644,0.673034628198085,3.52877224859141,0.000417492266121245,0.00157557600734735
"Os01g0337700",247.293159329992,1.61319251535813,0.457200883272446,3.52841075855233,0.000418062883831327,0.00157751211613499
"Os08g0249300",445.59955720773,1.49502666576942,0.423760939266667,3.52799545035137,0.00041871935339621,0.00157977159901868
"Os05g0474500",759.446038783142,0.739183441800574,0.209541287440412,3.52762670703157,0.000419303025453527,0.00158132027677235
"Os02g0682500",862.352498552155,0.714880706719556,0.202679120669482,3.52715516210149,0.000420050525987068,0.00158392124962993
"Os03g0841100",757.905885084385,1.39864236193827,0.396591402350908,3.52665830284625,0.000420839501505337,0.00158624119798166
"Os11g0110000",573.338785267561,0.554084089297049,0.157116915778222,3.52657183061794,0.000420976954268564,0.00158654096785501
"Os07g0690300",4534.47134961103,0.562580565615985,0.159554942368462,3.52593631550949,0.000421988430430529,0.0015896601121344
"Os09g0441100",68.0699713795568,6.66489181029926,1.89033311208562,3.52577636591565,0.000422243360991449,0.00159021970313719
"Os04g0521300",158.732131364359,1.38649126532849,0.393255009728975,3.525679854108,0.000422397252819108,0.00159051913859528
"Os05g0469600",165.976323383469,9.28695928565194,2.63410990920062,3.52565367649002,0.000422439003076946,0.00159051913859528
"Os03g0619875",305.706844168986,3.15657182485689,0.895525666352613,3.5248256342147,0.00042376162473332,0.00159462215456386
"Os01g0363500",2656.71370375166,0.813432649376565,0.230813650329678,3.52419645984851,0.000424769181346955,0.00159797454282028
"Os05g0511300",3987.90472430609,0.505853346414003,0.143550969061548,3.52385880583723,0.000425310820677441,0.00159935319730585
"Os02g0504800",11.9338612534882,6.71726811587871,1.90648310599814,3.52338192494072,0.000426076896049361,0.00160179416136262
"Os03g0355300",1426.50996089399,0.612742293610221,0.173910865200671,3.5233123180843,0.000426188822227889,0.00160199506376343
"Os10g0467900",431.805597319942,1.24299730710573,0.352802980436238,3.52320523360879,0.00042636106513733,0.00160242260361918
"Os04g0690300",2923.02555628869,0.672523776928057,0.190919903357092,3.52254408839808,0.000427425942261036,0.00160598408566146
"Os10g0109600",10941.1091511939,1.89098519399578,0.536857256301117,3.52232399171513,0.000427780992779142,0.00160709767839987
"Os09g0270900",253.171812628155,1.14885404226609,0.32620925591832,3.5218315281457,0.000428576411489153,0.0016092030825359
"Os09g0561000",186.208762802505,0.945832054032803,0.268652151080513,3.52065691723921,0.000430479201228313,0.00161589701259619
"Os11g0117700",893.473771354478,0.57673722518828,0.163816863759841,3.52062182092431,0.000430536176040562,0.00161589701259619
"Os01g0218700",1420.58375961284,1.0051840395692,0.285572585765612,3.51988982721971,0.000431726089143711,0.00161947539136338
"Os03g0800800",1430.59543696098,0.70912263230636,0.201494057279427,3.51932281220069,0.000432649926050224,0.00162205230282531
"Os04g0584550",9.45119571476037,7.29968636282454,2.07417197651269,3.5193255166322,0.00043264551534599,0.00162205230282531
"Os03g0715500",2536.76856040585,0.721189005850068,0.204978943395566,3.5183565389852,0.000434228527639239,0.00162728986469198
"Os08g0207500",928.799128304786,1.40881650440891,0.400422811898363,3.51832228970638,0.000434284579274154,0.00162728986469198
"Os03g0810900",1169.08745017893,0.833642321172805,0.236985246593709,3.51769712737441,0.000435308894201003,0.00163045889799804
"Os08g0446200",760.130893509642,1.16722429250928,0.331839789378725,3.51743320080624,0.000435742008875922,0.00163163490979089
"Os10g0181600",1463.98877822698,3.27932953269428,0.932388063363641,3.51712946738498,0.000436240946153406,0.00163305668389886
"Os02g0827400",24.4915131657025,7.88123849452231,2.24106590425776,3.5167366026804,0.000436887088805083,0.00163525201550424
"Os07g0591800",447.251709990617,1.37748943869121,0.391737212847582,3.51636095197106,0.000437505755140119,0.00163712023757418
"Os08g0313600",408.283580749512,0.825724673870107,0.234890948344186,3.51535331476534,0.000439169293549581,0.00164199919732686
"Os03g0655500",51.2432505383418,2.15967797569632,0.61442003531246,3.51498624975343,0.000439776758007216,0.00164359737734693
"Os11g0130600",186.31810000968,1.42396815034812,0.405265141794057,3.51367044311878,0.000441960768298128,0.00165108393404992
"Os12g0293100",1181.94455872617,1.04998242992896,0.298825151921594,3.51370165187585,0.00044190885017942,0.00165108393404992
"Os03g0700800",2822.92753085892,0.718770683635236,0.204579475999522,3.51340563428228,0.000442401526918169,0.00165227982326364
"Os04g0266400",2329.54464039934,0.706673157307409,0.201161076931689,3.51297163490223,0.000443124780524327,0.00165475540059193
"Os01g0144300",25.6359056336122,5.30986521657112,1.51169492403075,3.51252434083263,0.000443871344310177,0.00165709145318251
"Os07g0147550",88.3201101461963,4.38145682472805,1.24764319903688,3.51178672565227,0.000445105038299801,0.00166147071464566
"Os10g0556500",21.6185951787076,7.80701066160005,2.22314438426232,3.51169753834526,0.000445254424703223,0.00166180187314975
"Os06g0499100",354.829447164145,1.67471587858764,0.476936825392255,3.51139981109715,0.000445753448963963,0.00166321110483203
"Os07g0131600",424.802738540142,0.754727365307834,0.214939019387869,3.51135576712523,0.000445827315909028,0.00166326014846965
"Os08g0114300",3570.33200423264,1.04958100118657,0.298920614728199,3.51123659417376,0.000446027240312125,0.00166355285122405
"Os01g0961600",1417.66572479817,0.911951161750069,0.259772595114427,3.51057493708436,0.000447138758298417,0.00166656384930629
"Os01g0779300",381.734305454083,0.915413526218058,0.26079095749232,3.51014289383487,0.000447865942526832,0.00166882688298832
"Os09g0394700",1333.59440585289,0.830795589182831,0.23668433815493,3.51014180177399,0.00044786778200311,0.00166882688298832
"Os01g0499300",2506.31806630823,0.640681992164807,0.182548650312718,3.50965066609519,0.000448695770014103,0.00167078480953427
"Os02g0524600",1744.592856329,0.479812844394014,0.136715588538998,3.50956938796448,0.000448832931593686,0.00167105924008192
"Os09g0553700",1242.98133878344,0.701354459734733,0.199850099727751,3.50940260070005,0.000449114517366953,0.00167188036765401
"Os06g0645901",324.375847858365,1.94609812716019,0.554729285543878,3.50819431725542,0.000451159382858774,0.00167835211950084
"Os03g0334100",664.404601066347,0.573898026335349,0.163590238339004,3.5081434696982,0.000451245626085092,0.00167844499512449
"Os07g0206600",19.7520950628969,7.72967323946026,2.20384170133357,3.50736318075066,0.000452571015793134,0.0016829178242723
"Os05g0357200",2831.49691720822,0.519152848811791,0.148043080919778,3.50676874316816,0.00045358315761576,0.00168599487993666
"Os11g0425300",561.298483829744,1.16263006193075,0.331660748625872,3.50547982161812,0.000455785049255712,0.00169257162203948
"Os01g0955700",2623.1982208581,0.528249733490037,0.150694806431781,3.50542759898744,0.000455874472174266,0.00169267421273218
"Os03g0278900",2276.61823621665,3.02594595363354,0.863446835825352,3.50449596672746,0.000457472497461934,0.00169745721728256
"Os06g0700601",10.1531077849102,5.78690128032159,1.65140634716851,3.50422613443613,0.00045793631507374,0.00169869744730583
"Os11g0167500",84.5592060731661,4.07356922608469,1.16246317656301,3.50425657191893,0.000457883973810511,0.00169869744730583
"Os06g0303800",1970.37714611277,0.882334566097679,0.251802471076366,3.50407429413227,0.000458197507894405,0.0016992266367094
"Os12g0565800",83.4658802730308,2.00312983704989,0.571738684118586,3.50357583401584,0.000459055927115059,0.00170217962631766
"Os03g0598100",1794.44822528008,1.23616377983697,0.352881434577888,3.50305700076188,0.000459951025501144,0.00170526780448049
"Os02g0502500",1266.9060189847,0.535966749429631,0.1530061305784,3.50291029126447,0.000460204425977507,0.00170597637460413
"Os04g0600800",1985.41846776828,0.645985652034655,0.184424760132615,3.50270566473907,0.000460558079813706,0.00170705634156661
"Os05g0181700",54.2173947166458,2.46347275837842,0.703330202974351,3.50258349202196,0.000460769350496827,0.00170737733758909
"Os03g0656900",968.945422675961,1.13729839315654,0.324714518580288,3.50245624411565,0.00046098949373626,0.00170796202122682
"Os03g0111500",1696.01785363776,0.693279470849422,0.197965540688005,3.50202094990882,0.000461743309927486,0.0017100748218996
"Os07g0496300",973.685770576094,0.602495623575944,0.172091571047438,3.50101762630699,0.000463485187902233,0.00171604795645175
"Os10g0167250",4951.73743739763,0.8221658920507,0.234860325157828,3.5006589192883,0.000464109428352994,0.00171812695661804
"Os06g0193400",3901.21730104219,0.976886072390577,0.279096079464231,3.50017841263074,0.000464946860046087,0.00172052951141885
"Os05g0359833",196.869933952667,2.18327950565915,0.623818850145326,3.4998613862831,0.000465500148350148,0.00172234426090219
"Os06g0271900",367.267904864505,1.25564470133496,0.358877921650523,3.4988073257895,0.000467344160699273,0.00172893353669824
"Os07g0685000",1628.20004543645,0.837574090028542,0.239397881694748,3.49866959598464,0.000467585613100303,0.00172959318412294
"Os02g0512000",6011.27063865292,1.09977401260502,0.314362175866256,3.49842982723504,0.000468006226375989,0.00173068159128726
"Os10g0516300",4039.17761211704,0.94548261367359,0.270281992513869,3.49813394847263,0.000468525756953274,0.00173213510712743
"Os06g0163701",1185.51680265786,0.813583171518553,0.232596609420746,3.49782902487137,0.000469061732204477,0.00173364861784008
"Os02g0655700",3365.0816236775,0.628179517555792,0.179613140600595,3.49740289299141,0.000469811717941444,0.001735952079608
"Os01g0309900",2264.29074251427,0.755931105880612,0.21616159358047,3.49706482710215,0.000470407504487666,0.00173768468717757
"Os06g0643300",7619.2816704569,0.44832192804375,0.128211841048287,3.49672794944816,0.000471001898027022,0.00173964576440914
"Os02g0689800",4389.37238301197,0.647413503358553,0.185217629709903,3.49542051894609,0.000473315396715339,0.00174748376215526
"Os06g0474900",3553.8433666271,0.60555933771916,0.173300008991646,3.49428336006809,0.000475336214817332,0.00175399895730318
"Os08g0481950",2197.80538851181,0.76855480352359,0.219954538886516,3.49415296185418,0.000475568456045597,0.00175461955543439
"Os05g0451200",173.66637588664,3.25491149226019,0.931610399211947,3.49385482924357,0.000476099832512032,0.00175634350334506
"Os09g0363500",2184.49792644955,0.58758834116155,0.168190738581004,3.49358321462246,0.000476584426734556,0.00175789442939486
"Os11g0242400",396.010291152409,1.86800725421151,0.534705959530151,3.49352241342689,0.000476692966623846,0.00175805803807645
"Os05g0275100",422.9838840508,1.42065395030803,0.40667025311179,3.49338054464855,0.000476946314830065,0.00175874470161595
"Os07g0460900",202.439342608395,1.96727977322612,0.563188069144192,3.4931133683559,0.000477423777282289,0.00175956871414682
"Os02g0770100",579.443649668922,1.16829323091117,0.334483566690028,3.49282699437922,0.000477936042343138,0.00176098280008352
"Os05g0574700",266.923895412262,1.57940558171179,0.452339736926857,3.49163571708752,0.000480072503410314,0.00176861680442662
"Os08g0305100",27.0482638626697,1.99971688727536,0.572809630171945,3.49106715729463,0.000481095307387878,0.0017719082378192
"Os03g0601100",128.534346017647,2.2574320951753,0.646710784732028,3.49063622947109,0.000481871873557048,0.0017745297779781
"Os06g0685200",8.21504492223356,6.87302820497983,1.96914957342045,3.49035355046252,0.000482381918417589,0.0017761692603006
"Os01g0639600",1156.94407883332,1.00822507609473,0.288884827851856,3.49005894006924,0.000482914027192309,0.00177741173324705
"Os09g0376300",600.704279412685,1.61708843942148,0.463439214182679,3.48932155487398,0.000484248251790263,0.00178184361429166
"Os07g0613600",54.9128169031233,2.67471563649851,0.766614421234625,3.4889972878294,0.000484836068175714,0.00178376692322377
"Os03g0276900",2926.22246160291,0.561700358474815,0.161019153342193,3.48840710447102,0.000485907633573887,0.00178715913613824
"Os07g0124100",65.802778874006,3.50954241154319,1.0060580849701,3.48840933140305,0.000485903586100448,0.00178715913613824
"Os08g0246800",9000.1554250633,1.19735885214488,0.343241926592211,3.48838169052524,0.000485953825926677,0.00178715913613824
"Os08g0315200",12.1738977915491,6.84576774804928,1.96249337977481,3.48830106567534,0.000486100396648918,0.00178745817755545
"Os07g0204500",2814.78195296712,0.498501798600858,0.142920961567498,3.48795441293913,0.000486731058571156,0.0017892967957754
"Os04g0616300",4435.21467924461,0.93954257802195,0.269386925309628,3.48770667671438,0.000487182230087911,0.00179071503815593
"Os05g0196400",2819.3858246615,1.22310781435188,0.350703311464761,3.48758558692645,0.000487402897905335,0.0017912857609721
"Os03g0196600",724.082287537336,0.964701088286046,0.276668609284559,3.48684692051144,0.000488751025576436,0.00179575846298647
"Os03g0356526",51.4637799072512,3.17259451246105,0.909941646907252,3.48659117125169,0.000489218599104042,0.00179723533369887
"Os01g0661601",120.673738166441,0.963790527052337,0.276449951487724,3.4863110731822,0.000489731166926634,0.00179863588003318
"Os12g0183100",2900.35970540216,0.585907051806582,0.168058307164144,3.48633198616194,0.000489692879749915,0.00179863588003318
"Os04g0488650",52.5723477433212,3.16824395690443,0.908839508416781,3.48603238257499,0.000490241656154416,0.00180026936636622
"Os03g0100400",2477.49904228625,0.63405909507125,0.181950090596403,3.48479680880019,0.000492510890860409,0.00180811765333836
"Os02g0735700",2903.39767334788,0.643631943646185,0.184700928675982,3.4847249998147,0.000492643074777348,0.00180836055497539
"Os09g0514300",532.349199878369,0.891672300178775,0.256003935270521,3.48304138073713,0.000495751728945805,0.00181904026892894
"Os08g0326000",168.530917708058,1.00418466917062,0.28833667854068,3.48268099033728,0.000496419530366941,0.00182124663223693
"Os06g0675600",880.48905870015,0.723465041574222,0.207821432256744,3.48118590906663,0.000499198875274861,0.00183070777783555
"Os11g0588400",1257.23141296107,0.966568477238204,0.277698121174607,3.4806446408417,0.000500208661003042,0.00183342906912007
"Os05g0511000",1308.53984949405,0.65144978195779,0.187179137184434,3.48035465787992,0.000500750434076147,0.00183516927211396
"Os12g0498650",326.769144920267,0.826592141810309,0.237525532932278,3.48001383937946,0.000501387882172838,0.00183676815308228
"Os02g0821900",4272.2643991307,0.83665233662426,0.240469091322747,3.47925104229443,0.00050281731823921,0.00184126593100137
"Os05g0421600",291.215842123481,1.16856934866773,0.335964991485305,3.47824737185107,0.000504703925457239,0.00184718669457499
"Os01g0130000",6715.70035492253,0.721328933980908,0.207411918984646,3.4777602825916,0.000505621887567525,0.00185029914794417
"Os01g0913000",904.551422112547,1.4424737865486,0.414777194385961,3.47770756462164,0.000505721332464275,0.00185041584524833
"Os01g0852100",533.836373774048,1.07684207641565,0.309669289530571,3.4773938289071,0.000506313527187774,0.00185233522414857
"Os03g0113900",60.3379487565932,4.11940317328618,1.18466758450806,3.4772650380206,0.000506556814717493,0.00185297779272527
"Os03g0822900",1276.0477453726,0.378259935040417,0.108787063170201,3.47706725429857,0.000506930642740875,0.00185385009817294
"Os02g0782200",2385.8505584828,0.462889752643356,0.133133715877186,3.47687848711715,0.000507287668588814,0.00185490809375467
"Os02g0584200",1027.05263960315,7.35721102750751,2.11634744026868,3.47637202073658,0.000508246735085632,0.00185767097954771
"Os10g0401000",426.627137042424,1.72422234132708,0.49597819380227,3.47640755757596,0.000508179385898661,0.00185767097954771
"Os04g0486400",987.036325673889,0.888378822845008,0.255577410055101,3.47596770251909,0.000509013582454015,0.0018602256220144
"Os03g0265500",2672.4880103881,0.334136272386464,0.0961396146953753,3.47553163641436,0.000509841853109799,0.00186300402861933
"Os01g0934300",3052.07289550934,0.394716134110322,0.113571577392032,3.4754834191289,0.000509933514863898,0.00186309042358771
"Os04g0648500",1297.21464208031,0.631005851465409,0.181570385497704,3.47526855624476,0.00051034215908247,0.00186433476652813
"Os01g0221400",96.634798444191,2.94863090908881,0.848515561811443,3.4750463536508,0.000510765083648366,0.00186563093828676
"Os09g0460000",1462.96444655243,0.7581836878222,0.218245559963635,3.47399364252145,0.000512773183030032,0.00187221677637638
"Os11g0138950",164.004505592606,1.05936927110525,0.304969124631647,3.47369351695782,0.000513347034323491,0.00187406219074433
"Os12g0127200",276.196183348794,1.2876424842413,0.37073264388916,3.47323740022816,0.000514220292842439,0.00187689312761537
"Os12g0613000",636.050522561978,1.0428909654771,0.30029703824353,3.47286463954851,0.000514934990002929,0.00187910795512526
"Os02g0464400",1007.52438098595,0.958485064148975,0.276014548961929,3.47258891878624,0.00051546422731837,0.00188078868395863
"Os10g0562500",875.293038509609,0.908918267820948,0.261813031671822,3.47163111788973,0.000517306638252329,0.00188600374395974
"Os11g0657100",641.191295505285,1.11237863817993,0.32042526813691,3.47156965693679,0.00051742507290625,0.00188618447857001
"Os05g0460000",820.588468381512,2.28379633705878,0.658015258327275,3.47073461923112,0.000519036688686306,0.00189130423570661
"Os03g0169100",5252.25442773274,1.45961591502281,0.420564322317954,3.47061278754719,0.000519272213531502,0.00189191077425397
"Os02g0160000",2779.87569591259,0.575673728994831,0.165885369630097,3.47031043351508,0.000519857154360946,0.00189328643998147
"Os08g0542000",2511.12621854865,1.53781739921055,0.443199877420722,3.469805560778,0.000520835261471035,0.00189659646994857
"Os02g0326500",651.19310142653,1.27824785123062,0.368499933253711,3.46878719880405,0.00052281338987341,0.00190304073913921
"Os05g0414600",2106.08070277866,0.702369647150694,0.202529768117312,3.46798228072753,0.000524381863756347,0.00190824280990436
"Os01g0170100",471.383720060019,0.843088064659918,0.243115508323912,3.46784979071199,0.000524640455465981,0.00190893022259148
"Os01g0221100",448.17979226922,2.09394872408872,0.604099072811997,3.46623396447487,0.000527803774686295,0.00191855964372442
"Os10g0125600",311.99857045842,1.08282221754628,0.312393553004283,3.46621179321018,0.000527847302950137,0.00191855964372442
"Os01g0627933",85.213788029151,4.24546947162319,1.22510407085562,3.46539495918754,0.00052945330573862,0.00192413160787034
"Os06g0486400",5081.75521744085,0.380903038533269,0.109917285157779,3.46536068450478,0.000529520793695983,0.00192413160787034
"Os06g0646400",5119.01802421373,0.390266578099509,0.112621254832491,3.46530127621093,0.000529637789534968,0.00192430145817115
"Os06g0183800",12683.019301149,0.563822670557914,0.16271848700889,3.46501913164367,0.000530193760422799,0.00192606595381179
"Os04g0631600",384.040543269693,1.43231708939622,0.413384021231582,3.46485837824347,0.000530510771008086,0.00192686347026467
"Os11g0161800",378.87744169006,1.73217885523945,0.49993091166178,3.46483647006673,0.00053055398827119,0.00192686347026467
"Os07g0665200",9854.1936557444,1.40030383854006,0.404156539768252,3.46475610500578,0.000530712548860737,0.0019269283438288
"Os03g0158800",47.5974008304857,2.32077181596428,0.669869913795955,3.46451119563372,0.000531196028411854,0.00192781241804112
"Os05g0317200",10086.147092254,0.603699639164311,0.174253529501704,3.46449016493755,0.00053123756457867,0.00192781241804112
"Os12g0604000",191.97224633296,1.97107584236114,0.569229759156904,3.46270694856244,0.000534770491163037,0.0019403760131735
"Os02g0651300",6020.82929415222,0.967680000120483,0.27948383228981,3.46238275106035,0.000535415141760334,0.00194245776794137
"Os09g0464066",7.98379134041295,6.98720142817532,2.01928693629734,3.46023207627311,0.000539710019906999,0.00195570805070414
"Os02g0152700",3785.0588126049,0.574917244483879,0.166156570332842,3.46009335250611,0.00053998814906369,0.00195645706230206
"Os07g0688300",1096.24197616423,0.660166409137438,0.190811687990697,3.459779723607,0.000540617440186896,0.00195791995012692
"Os09g0528300",2006.60906274054,0.513729280271145,0.148487414777148,3.45974964303983,0.000540677832235407,0.00195791995012692
"Os04g0337201",2555.52713834943,0.912813379768991,0.263896789566863,3.45897872144335,0.000542227739847341,0.00196310867447982
"Os10g0565401",102.048594100226,4.10616009335006,1.18710634798864,3.45896566074915,0.000542254033482324,0.00196310867447982
"Os09g0322000",1865.21485854875,0.738458891167503,0.213512476778371,3.45862172698242,0.000542946864530877,0.0019653571516275
"Os04g0350000",854.035904625372,0.808738518640194,0.233837765288365,3.45854536217821,0.00054310080804961,0.0019656546291341
"Os03g0795900",1812.82279221924,0.652388440882124,0.188641490478884,3.45835075425865,0.000543493301293266,0.00196681530132433
"Os08g0498600",612.974285223981,1.24620484317002,0.360416662738515,3.4576782152665,0.000544851741121555,0.0019712104135597
"Os06g0172800",3994.58860229186,0.982762472410901,0.284364497366569,3.45599567284955,0.00054826412244164,0.00198329405412031
"Os07g0627400",735.609997944851,0.680132863035137,0.196827293634653,3.45548043909798,0.000549313048350719,0.0019865637321593
"Os11g0106083",267.608366746868,2.95819631578006,0.856146452656577,3.4552456610676,0.000549791635135916,0.00198803203670071
"Os12g0534700",1819.23187516705,0.462399840700876,0.133869809210845,3.45410099130415,0.000552130572731282,0.0019954358777784
"Os12g0299150",1071.32718742919,1.16828449260488,0.33827171516289,3.45368660824127,0.000552979576506658,0.00199797699249358
"Os01g0899200",1211.63038152741,1.39668671310214,0.404460153553279,3.45321214174477,0.000553953174756004,0.0020004392102494
"Os01g0668700",550.489648034038,1.01117902733003,0.292992045136461,3.45121665968466,0.000558065379253511,0.00201422701319448
"Os04g0443700",498.940891760217,1.71133567257979,0.495872569079932,3.45116019576379,0.000558182150283826,0.00201438304063561
"Os01g0865100",16632.9535977001,1.75984381921488,0.509942600340046,3.45106256673077,0.000558384107114773,0.00201458101659388
"Os04g0636000",517.166165615424,1.5167723965722,0.439520082046259,3.45097404767176,0.000558567277747277,0.00201497646579424
"Os03g0319050",32.3237658461259,3.94598589612903,1.143743352616,3.45006236504339,0.000560457062647427,0.00202126127754782
"Os03g0651300",580.958045129358,0.868982538429246,0.251884413752095,3.44992580320789,0.000560740647636674,0.00202201778296684
"Os05g0144400",4893.8386299896,0.65158266197317,0.188876630877261,3.44977914391428,0.000561045349882804,0.00202280430629903
"Os09g0551201",17.415080629499,6.24041617097355,1.80959241501134,3.44852029617644,0.000563667106503344,0.00203123348430905
"Os09g0417800",1021.02075786029,1.2345065524421,0.358026703451536,3.44808513035735,0.000564576061298715,0.0020337063249649
"Os01g0196300",313.301039785683,1.99998898947728,0.580043886924041,3.44799597851668,0.000564762446049236,0.0020338427767203
"Os05g0592400",6754.68182580098,0.553478808815932,0.160550267375661,3.44738640341771,0.000566038386732227,0.00203763404533874
"Os03g0195900",530.085204901017,1.69682078025942,0.492243115196885,3.44711937632836,0.000566598163360908,0.00203911316418587
"Os01g0189800",324.516969586849,1.70861972923604,0.495685677258232,3.44698224626311,0.00056688583340522,0.00203988043389416
"Os03g0786900",4375.35907131058,0.590392406003355,0.171289443422213,3.44675301762813,0.000567367010616861,0.00204134372623229
"Os08g0198100",62.2304639521444,3.12310086725736,0.906200927429221,3.44636688478924,0.000568178407815078,0.00204345782148934
"Os01g0859200",876.979505611406,1.37441740029055,0.398843797432952,3.44600419797577,0.000568941520938888,0.00204583656212751
"Os10g0511800",133.204763875659,2.08714400496094,0.60567474624985,3.44598155674129,0.000568989190985629,0.00204583656212751
"Os07g0649300",243.107127653957,1.68796317347322,0.489844635319066,3.44591540208203,0.000569128497798822,0.00204587130542833
"Os01g0889800",445.85330458522,1.30821536207624,0.379647460924803,3.44586885656891,0.000569226531200541,0.00204588425614933
"Os07g0509800",7443.75455448937,0.929388673966028,0.269716722095796,3.44579552481708,0.000569381013245702,0.00204590257560187
"Os03g0794400",302.391915280083,1.37994611868166,0.400485342756441,3.44568445173008,0.000569615076249149,0.00204647515130384
"Os12g0630500",326.864145935958,2.20115657540015,0.638847186623666,3.44551345218151,0.000569975596737152,0.0020472333556553
"Os02g0227000",412.36927027281,1.28883567186442,0.374185105513985,3.4443799415641,0.000572370769094673,0.00205502788521067
"Os05g0196500",2905.70877163656,0.594377926184101,0.172561845562998,3.44443422150992,0.000572255859154486,0.00205502788521067
"Os09g0299400",220.407794942539,0.832894572237763,0.241828960457794,3.44414734554973,0.000572863415177975,0.00205652710421231
"Os09g0529350",288.949082771437,1.071056075258,0.311005450699007,3.44384985166892,0.00057349409255844,0.00205852138504367
"Os05g0119100",102.392940123694,3.29724910462755,0.95767537718148,3.44297157804311,0.000575359777996167,0.00206467701809158
"Os01g0114100",2061.17914946156,0.722004913979741,0.209714226994071,3.4428036873252,0.000575717065071968,0.00206568851576975
"Os07g0518500",323.260057997333,1.03275534160636,0.300035569230627,3.44210969470929,0.000577196138975257,0.00207072422300868
"Os04g0539500",2991.93207505008,0.546562757106316,0.158790192184828,3.44204355184689,0.000577337290671575,0.00207095936731078
"Os02g0215200",779.40906243609,1.8708846601099,0.543591898542779,3.44170813642593,0.000578053576393344,0.00207298579614953
"Os08g0422800",613.250196850857,0.96255927675136,0.279683835286483,3.44159781621058,0.000578289347986949,0.00207328842025007
"Os01g0958700",4014.89239310127,0.52265951426974,0.151872116885949,3.44144484838017,0.00057861641236854,0.00207418952377787
"Os09g0246700",410.988777373423,0.695259920071262,0.202049344994369,3.44104020773064,0.000579482415322837,0.00207657393483683
"Os12g0620000",979.759416369165,0.818913926800755,0.238044378235152,3.44017335285184,0.000581341702280251,0.00208259620287188
"Os07g0548300",215.982115477241,1.76053075045002,0.511892856475017,3.43925633690875,0.000583314622476073,0.00208857134957413
"Os07g0655201",150.308908592014,1.2188246153159,0.35441171602293,3.4390076857308,0.0005838506580248,0.00208967115823302
"Os08g0272200",180.823257642884,1.09027404159219,0.317056559310764,3.43873674767143,0.00058443526110968,0.00209121701333184
"Os02g0578400",158.595291810779,2.92032458873078,0.849365420418041,3.43824285581753,0.000585502333989007,0.00209476155045623
"Os07g0248800",2089.109585445,0.658482142661732,0.191541397530264,3.43780587983698,0.000586447949892289,0.0020975967348524
"Os03g0570200",374.587629767887,1.18812463087126,0.345623384742185,3.43762801743735,0.000586833251046274,0.00209870081987315
"Os08g0162650",22.9398509931289,7.67307110172063,2.23256710395765,3.43688263081484,0.000588450537726437,0.00210366075161379
"Os10g0416500",625.062435563057,2.14297766189435,0.623641603521776,3.43623268523573,0.000589864128625808,0.00210843903786891
"Os07g0111900",15.2706979804878,3.69077213252953,1.07408788477232,3.43619194002164,0.000589952852125225,0.0021084810246036
"Os07g0217800",93.2282485836643,1.458998945207,0.424605269234127,3.43613009758131,0.00059008753898406,0.00210868725118231
"Os04g0518200",1821.20763989627,1.02150026620127,0.297308012779502,3.43583160322981,0.000590738033439238,0.00211018589905245
"Os11g0110066",2236.10812817563,0.765178123160895,0.222710269703813,3.43575590015907,0.000590903115601166,0.0021102375679462
"Os11g0187100",9.06970374329688,7.24022044995074,2.10731612147725,3.43575431144866,0.000590906580488021,0.0021102375679462
"Os01g0970600",1542.38899053289,1.16531814985038,0.339223488121071,3.43525195234853,0.000592003146050047,0.00211387800462219
"Os02g0614732",581.134993275092,0.9526243277416,0.277331654115358,3.43496428772371,0.000592631922237032,0.0021158473647021
"Os01g0656600",4046.01690456869,1.1339910022105,0.330227188778199,3.43397224924492,0.000594805087697248,0.00212294188315737
"Os02g0137700",430.174052379795,2.33378240562296,0.679653167219427,3.43378434499298,0.000595217546528354,0.00212397131539319
"Os12g0165000",6614.25624840734,0.375361959699154,0.109320580139574,3.43358916701608,0.000595646253406918,0.0021249474507774
"Os04g0224900",1757.05443065883,0.642610359162593,0.187160418485363,3.43347361778233,0.000595900191809079,0.00212557652739191
"Os02g0722600",7.43474114786897,5.70284506653655,1.66118367396597,3.43300091128477,0.000596940091621017,0.00212873142163667
"Os01g0757800",1106.72480868706,0.838895194842647,0.244501378625726,3.43104484546403,0.000601261193125437,0.00214251695460708
"Os03g0308000",4322.59217550209,0.298085307826495,0.0868800988596074,3.43099641620093,0.000601368545525696,0.00214251695460708
"Os03g0383800",10050.0652254862,0.564684505982928,0.164584604089171,3.43096797606285,0.000601431596654882,0.00214251695460708
"Os09g0407950",2773.32152334917,1.16950757007864,0.340860132398813,3.43104827733358,0.000601253586429953,0.00214251695460708
"Os10g0135100",59.1991863674729,2.38836809886638,0.69611190214714,3.43101172598762,0.000601334606629557,0.00214251695460708
"Os11g0159000",1783.87308538145,0.744264346264426,0.216915539407706,3.43112507428771,0.000601083390377855,0.00214251695460708
"Os06g0643000",2306.4344415842,0.645785086806321,0.188236543927293,3.43071049506603,0.000602002706146016,0.00214427257789929
"Os11g0660400",1201.02913268314,2.07379143834205,0.604550269337418,3.43030438248734,0.000602904516065129,0.00214720551287738
"Os09g0460500",24.1467410040934,7.92907039802604,2.31189497554875,3.42968451503468,0.000604283412548545,0.00215099765472608
"Os03g0110900",155.63179590113,2.28396081306012,0.666061201589417,3.42905547960145,0.000605685703261862,0.0021554290110492
"Os01g0957600",629.184008444513,1.22331321073499,0.356868530487032,3.4279100179147,0.000608247029818906,0.00216370057061944
"Os04g0438101",119.870012680993,2.1546799688278,0.628941237838147,3.4258843898264,0.000612801154564068,0.00217961776712951
"Os01g0681400",653.564238956351,0.800142744345309,0.233581367364696,3.42554182883958,0.000613574447959391,0.00218151839356901
"Os09g0503400",5357.9420655545,0.341817802771224,0.0998036492281774,3.42490285089414,0.000615019296833593,0.0021858042765757
"Os11g0230700",10.1519528453019,7.07004882209101,2.06483201793899,3.42403099170652,0.000616995841235363,0.00219226009693577
"Os03g0227601",67.0498305449878,3.63200996436846,1.06079160981661,3.4238675445372,0.00061736704066249,0.00219329450204751
"Os02g0496100",1240.62799393704,0.673001177873861,0.196586811121933,3.42342995459869,0.000618361859741102,0.00219654385944346
"Os02g0520100",1067.25603487156,0.54405601869463,0.159029503904501,3.42110115001893,0.000623681313768651,0.00221400400018625
"Os08g0288200",368.990183231339,1.99384396698652,0.582827735895722,3.42098332695555,0.000623951573366357,0.00221467636984293
"Os01g0154600",80.2080725559118,1.77456721120908,0.518838459505144,3.42026921616725,0.00062559191567668,0.00222021095650427
"Os06g0704600",5135.22018295872,0.953959517092781,0.278917118212831,3.42022577604882,0.000625691828782042,0.00222027787047142
"Os01g0932600",3976.88346676104,0.6857799533572,0.200541323200091,3.41964410334004,0.000627031118263699,0.00222474214512448
"Os03g0264300",879.09245478475,0.692150372158985,0.202415768459584,3.41944887706308,0.000627481220219017,0.00222605078396828
"Os02g0275200",121.817604300134,3.06630699821433,0.896822868061336,3.41907762102764,0.000628337995228714,0.00222880160933821
"Os09g0516200",668.296379361451,0.504072183252677,0.147454459546333,3.41849398657412,0.000629687092207453,0.00223329783020256
"Os02g0280500",49.1284560447271,5.08403783376038,1.48741126049821,3.41804447013362,0.000630728005930092,0.00223670000135048
"Os06g0507300",193.357222330227,2.77369457769651,0.811585692191133,3.41762380039998,0.0006317035710977,0.00223986958135108
"Os04g0519900",3925.11179279824,0.650592923968889,0.19039995212093,3.41698050194715,0.000633198144189343,0.00224458785654074
"Os10g0422075",1038.62851997509,1.38651340668592,0.405798969128022,3.41674945519267,0.00063373573672234,0.00224620284220518
"Os04g0550700",2120.33815830037,0.890624740701884,0.260700450289627,3.41627618867723,0.000634838244632578,0.00224981942796364
"Os02g0534400",3724.59359125095,0.879584790376924,0.257496433717639,3.41591057273222,0.000635691194219476,0.00225225941027883
"Os06g0723900",2084.41793480379,0.4240876772987,0.124164140668182,3.41554071100157,0.000636555133415835,0.00225502866779528
"Os02g0313900",1025.47845947389,0.929138568917734,0.272158886231071,3.41395639063892,0.000640268232017758,0.00226788919477543
"Os04g0659500",4343.75854120774,0.361520656758495,0.105914158834089,3.41333642959676,0.000641726682490587,0.00227246742858432
"Os08g0157800",1285.13732429667,0.651651974058296,0.190929777291628,3.41304527403789,0.000642412688068942,0.00227401472459245
"Os12g0235200",1825.39311644529,0.955836020111165,0.280064649063551,3.41291206622179,0.000642726772760737,0.0022748325407274
"Os02g0149600",99.945767540286,3.37958353922458,0.990347422003059,3.41252318543839,0.000643644514502358,0.00227749217113216
"Os02g0720000",1174.06983960747,0.439808336669023,0.128896493502196,3.41210474171301,0.000644633384746971,0.00228010757252121
"Os01g0221000",206.98713183535,2.06766619101921,0.60604955827572,3.41171140674032,0.000645564205975643,0.00228281037514573
"Os08g0198800",191.381922557331,1.73985811120341,0.510296600964247,3.40950362576551,0.00065081212802454,0.00230017999983486
"Os11g0549900",203.591711137966,1.4406990224992,0.422609937222596,3.40905145763375,0.000651891820378656,0.0023034015546945
"Os09g0410400",544.221121475501,0.999295858410298,0.293137735552611,3.40896355949011,0.000652101897880412,0.00230384665095348
"Os01g0595700",237.00360162082,0.786911749449426,0.230853487000301,3.40870636036093,0.000652716968241901,0.00230516144033816
"Os09g0326800",4521.16776902194,0.515184342556152,0.151135103633923,3.40876692554514,0.000652572083087866,0.00230516144033816
"Os10g0340100",153.561182324084,1.39265247038868,0.408725100086939,3.40730840873842,0.000656069499508584,0.00231547476627234
"Os06g0685300",415.496388495485,1.76744064006965,0.518778668329873,3.40692620565846,0.00065698887250187,0.00231812214436413
"Os05g0166600",69.2207198809365,2.30287848633565,0.67614562653636,3.40589126950717,0.000659484384433229,0.00232632798119904
"Os05g0307400",2313.02568869352,0.592706847159351,0.174034102633598,3.40569370135004,0.000659961775662037,0.00232771220669056
"Os02g0566900",551.468082650254,0.909642206003788,0.267105830937915,3.40554978829803,0.000660309720345913,0.00232863957126238
"Os02g0621500",3147.86113622821,0.856488733591884,0.251548313703215,3.40486772096751,0.000661961104635398,0.00233356198417866
"Os04g0447650",12.0320678051564,3.35255360963104,0.984652702555812,3.40480821403221,0.000662105361573339,0.00233366596979492
"Os05g0440300",154.697729960861,3.63849366650729,1.06872222461448,3.40452699748039,0.000662787483369044,0.00233557338954863
"Os02g0530600",472.035797778481,0.995129628088903,0.292419281028406,3.40309169966202,0.000666279146487338,0.00234697172086351
"Os07g0621500",1009.82245360897,0.899604960310384,0.264353198949342,3.40304170286502,0.000666401081885858,0.00234709940001743
"Os01g0531200",1082.59303136018,0.567719875846551,0.166882257311819,3.40191872396457,0.00066914534767687,0.00235595458997153
"Os09g0120100",1475.14807684946,0.487959458865845,0.143448892257695,3.40162584169184,0.000669862800619789,0.00235807890653857
"Os01g0551100",399.793248072878,1.52179043347062,0.447435433055659,3.40113974228168,0.000671055142635294,0.00236166920363913
"Os02g0830300",705.097200209468,1.19821934689526,0.352331225254343,3.40083211764805,0.000671810727147339,0.00236372095405174
"Os05g0196100",3019.41047180037,1.17330047119676,0.345003009860081,3.40084126127653,0.000671788257258732,0.00236372095405174
"Os02g0828100",317.634291431363,1.55199636118296,0.456513140145138,3.39967511272412,0.000674659638374198,0.00237343978354838
"Os02g0538000",1935.79806506056,1.38513387691243,0.407535068326776,3.39880904629729,0.00067679951297728,0.00238035637647158
"Os07g0274100",807.845351166771,1.01948334662501,0.300010010711231,3.39816442860734,0.000678396326651426,0.00238566616809722
"Os04g0531400",2450.84747525052,1.13988950954979,0.335449884569184,3.39809182231125,0.000678576402508666,0.00238599309898779
"Os02g0783700",2658.45154304057,0.762197006922386,0.224313752744769,3.39790582430154,0.000679037911673761,0.00238730938758259
"Os07g0168900",85.5816261261601,1.98442552392823,0.584063167744203,3.39762141069874,0.00067974417961684,0.00238916798557351
"Os10g0497300",593.816589077293,1.1612562568427,0.341840071450542,3.39707469611476,0.00068110372281902,0.00239303643813953
"Os12g0597650",318.142641710808,1.05290529787147,0.309949653147506,3.3970204101838,0.000681238856292639,0.00239320424685285
"Os01g0681600",10708.6703588837,1.32643733345544,0.390580646829747,3.3960651768638,0.000683620791330856,0.00239911045424004
"Os05g0393100",1167.56935160871,0.555165405757546,0.163471839364419,3.39609199918493,0.000683553802663744,0.00239911045424004
"Os03g0841900",602.782089435261,1.09728877367546,0.323119231237657,3.39592530432951,0.000683970221463942,0.00239964520854749
"Os03g0205400",1502.72691355737,1.15474805320024,0.340147309183408,3.39484694432081,0.000686669764050888,0.00240765124259061
"Os03g0168400",949.972462137563,1.03688412162016,0.30549374514224,3.39412553647336,0.000688481245705104,0.00241300194745274
"Os03g0223301",1656.8938709551,0.557792877180754,0.164341962720655,3.39409891391452,0.000688548180836429,0.00241300194745274
"Os08g0369600",430.779116630279,0.952695418700241,0.28074875325423,3.3934092588384,0.000690284238859838,0.00241817984635567
"Os08g0491000",289.040667062577,1.4637662099148,0.431355954139089,3.39340675808272,0.000690290541369609,0.00241817984635567
"Os02g0728300",664.667014725024,0.572068785055289,0.168634639400458,3.39235632186334,0.000692942629656359,0.00242716004717613
"Os06g0505302",854.53248311016,1.98203282822784,0.584310443114785,3.39208866037411,0.000693619920187148,0.00242922174067845
"Os03g0715400",503.945761989626,1.28555721860701,0.379024865680444,3.39174902495939,0.000694480219177347,0.0024316128957544
"Os02g0715400",614.471134426638,0.766412037188876,0.225975749669237,3.39156762754713,0.000694940106317515,0.00243291212322892
"Os07g0605600",23.5660737072725,7.02024273834388,2.07030995038018,3.39091387598978,0.000696599876774144,0.0024380995687095
"Os06g0479400",451.932248054697,1.01430501383793,0.299139543655222,3.3907419976778,0.000697036859483934,0.0024393173141848
"Os03g0424600",632.543175058124,0.719139586163813,0.212140395453507,3.38992290754648,0.000699122812847274,0.0024456798169476
"Os06g0308200",177.776467261787,0.870152277639809,0.256733763780625,3.38931765275463,0.000700667923455069,0.00245045902596499
"Os06g0591200",511.584976429506,2.63585145853093,0.777919596151306,3.38833405350834,0.0007031856523994,0.00245832268090261
"Os10g0363300",8448.17516193704,0.662966898864173,0.195690559046088,3.38783282185848,0.000704471891373359,0.00246250505061354
"Os02g0736600",1773.48961143961,0.75599975400556,0.223219563724912,3.38679881543549,0.000707132223974934,0.00247085836801855
"Os02g0273100",2259.33524841872,0.856998506009505,0.253064134612971,3.38648741086988,0.000707935245164475,0.00247334876279338
"Os03g0596900",10604.9064947685,0.378573206670892,0.111852089963089,3.38458768893654,0.000712852452591363,0.00248894092146973
"Os10g0528651",296.403635922006,2.24463895943196,0.663214419743839,3.38448455372688,0.000713120312039367,0.00248955881558378
"Os07g0477500",3948.5942678165,0.506709207034062,0.149718144235703,3.38442083703858,0.000713285841703038,0.00248981935645316
"Os02g0114000",11343.5055515188,0.69700353426659,0.205973687169515,3.38394454090129,0.000714524343360157,0.00249339366814406
"Os12g0618400",3433.64247529277,0.629014052561283,0.185889367227534,3.38380867040852,0.000714878010315521,0.00249410566559068
"Os12g0610950",136.702866771321,1.69466251922887,0.500851065852799,3.38356576389303,0.00071551069427267,0.00249567724778081
"Os01g0243000",110.255793377661,1.575867961186,0.465792688701521,3.38319599987498,0.000716474795120457,0.002498721812216
"Os07g0273700",279.438603005552,1.64672569067825,0.486754527322434,3.3830721611089,0.000716797954706508,0.00249953058909815
"Os04g0558400",2099.21314698039,0.421932750404491,0.124746459543146,3.38232244786521,0.000718757238816848,0.00250454472980072
"Os11g0470966",134.825327324287,3.15106510010928,0.931627968588325,3.38232127668303,0.000718760303447276,0.00250454472980072
"Os06g0167400",2640.94992515238,0.832062084771057,0.246042776846248,3.381778142144,0.000720182831654686,0.00250909793205972
"Os06g0116500",1647.95310222918,0.737865076612847,0.218200792043195,3.38158752634948,0.000720682694824982,0.00251052011877796
"Os02g0801300",1798.35448817809,1.11860066829556,0.330846419760549,3.38102697047516,0.00072215454223608,0.0025150076371759
"Os11g0249000",2268.59517192735,1.38336506800204,0.409165879820194,3.38093945812381,0.000722384574625728,0.0025154889249394
"Os07g0578200",1982.11287106711,0.797814244766063,0.235979007738584,3.38086956298196,0.000722568347831333,0.00251550224759417
"Os03g0413000",332.14423310963,2.40012214317793,0.710033185717178,3.3802957262535,0.000724078762446275,0.00252003121464418
"Os05g0316000",1545.90027204645,0.652203784938916,0.192996256587148,3.37935976827825,0.000726548623275099,0.00252773953259599
"Os06g0581300",483.928823195147,1.04586706015417,0.309508168332684,3.37912587505602,0.000727167055509959,0.00252956982695876
"Os11g0700500",6362.73516481726,1.57898036619513,0.467287035119734,3.37903739569951,0.000727401129402486,0.00253006277275727
"Os03g0112101",1082.33010235687,1.30114194814522,0.385198867343145,3.37784468869201,0.000730563298216447,0.00254041631350092
"Os04g0185000",73.7236099274914,2.04872926049569,0.606692215868037,3.37688403923962,0.000733119502848113,0.00254833455615643
"Os04g0390000",14367.7526870093,0.478306992930962,0.141682606555352,3.37590480977,0.00073573369576759,0.0025564482634492
"Os10g0161625",54.1713933923077,1.37887659506216,0.408515008041406,3.37533889311211,0.000737248436308114,0.00256138659549918
"Os02g0529800",335.809450371157,2.38911016812012,0.707926538236008,3.37479955769597,0.000738694724354235,0.00256543517114072
"Os02g0185300",1344.79253439739,1.77787664485128,0.5269172814885,3.3741095752808,0.000740548831310143,0.00257154830608724
"Os01g0881800",335.718758934715,2.0291524918024,0.601433636783349,3.37385933825538,0.000741222330616908,0.00257356076282516
"Os02g0740400",306.828147529624,1.27956334597124,0.379310059480611,3.37339681347588,0.000742468688588308,0.00257756145109282
"Os07g0494900",2851.78708800023,0.332475167375326,0.0985623507260806,3.37324713672185,0.000742872436764708,0.00257863628379446
"Os07g0621600",90.659108787171,1.12303449935388,0.332945164726206,3.37303141277752,0.00074345470383015,0.00258033043494826
"Os01g0678100",25.8886659914254,3.50961970875311,1.04061225704757,3.37264882763406,0.000744488393596162,0.00258228208040933
"Os04g0525850",60.6100470928324,4.07824453217827,1.20919733126651,3.37268734120239,0.000744384275111458,0.00258228208040933
"Os03g0197100",1011.98794431498,2.31342063932402,0.686170235179426,3.37149663555296,0.000747609518652666,0.00259277947903459
"Os04g0193950",23.263866595937,5.55369720296228,1.64738382770894,3.37122236454509,0.000748354268373627,0.00259503377199924
"Os01g0551000",145.007698464959,2.1561477430612,0.639735960682071,3.37037133376458,0.000750669527369751,0.0026027327878715
"Os12g0639500",90.833043938725,2.21717452253892,0.658011131656441,3.36950914030516,0.000753021936686012,0.00261022827989959
"Os02g0146500",1592.92526300748,0.921979771931911,0.273647432718265,3.36922500157763,0.000753798679524104,0.00261259010892633
"Os03g0117200",1494.97391792074,0.759265988422503,0.22535645490322,3.36917790417218,0.000753927500367198,0.00261270599222646
"Os10g0362300",5368.70836198921,0.851596884929776,0.252829104551715,3.36827077895055,0.000756412661896996,0.00262032366536241
"Os08g0468200",21.763095806623,3.2842691695357,0.975087797433456,3.36817789965199,0.000756667542985148,0.00262068065785362
"Os02g0751600",294.813348294081,2.22997643186879,0.6621190186294,3.36793894923135,0.000757323641702306,0.00262248443361161
"Os03g0138100",3583.11297163229,0.630650447314235,0.187271305304895,3.36757650237701,0.000758319839458152,0.00262493854702366
"Os04g0479100",1045.58262322426,0.504400050826508,0.149822315234504,3.36665502757058,0.000760858026752776,0.0026323938626734
"Os02g0537400",35.9004330437202,3.32021499761345,0.98631431703908,3.36628490558745,0.000761879740461248,0.00263519655743758
"Os12g0529400",471.469708315878,1.18277454702183,0.35136192355338,3.36625703508292,0.000761956727936388,0.00263519655743758
"Os10g0530400",202.284159678071,1.31044309807509,0.389461789324524,3.36475396045372,0.000766119428483819,0.0026482555862696
"Os01g0886000",1775.27717887331,0.538021724501854,0.159904183304625,3.36465071383966,0.000766406139116836,0.00264891237306615
"Os05g0527000",122.136830956732,1.59690413742313,0.474720181585142,3.36388508297856,0.000768535367818527,0.00265426204260715
"Os01g0624000",6339.88969026748,0.693147298759484,0.206074593414698,3.36357474870576,0.000769399974335918,0.00265590859445937
"Os10g0198600",791.609574136768,0.884905993858709,0.263099409594422,3.36339026842678,0.000769914373329808,0.00265734936994415
"Os07g0633200",1515.92169728825,1.47970768357377,0.440076443565835,3.36238784240313,0.000772715091977269,0.0026646656281442
"Os10g0213800",8771.37950894601,0.742526703701966,0.220840962999742,3.3622689088837,0.000773048012088957,0.00266547810915516
"Os03g0332400",4623.52385443904,0.368825813689491,0.109704416518829,3.361996038019,0.000773812338726581,0.00266777769289613
"Os11g0670900",86.269613248766,1.83638413463531,0.546232040986221,3.36191214876322,0.000774047458206887,0.00266825244497166
"Os07g0693500",6639.27531419494,0.496166001585778,0.14760019434816,3.36155385009467,0.000775052421715519,0.00267138050625516
"Os05g0573300",6466.59525014107,0.914310859582971,0.271996270844521,3.36148307013227,0.000775251090034072,0.00267172906481169
"Os02g0740500",1283.52309665948,0.979995873284068,0.291564481978233,3.36116342647398,0.000776148868901476,0.00267448656033216
"Os02g0202800",589.897181861171,1.00250488163513,0.298278659901734,3.36096749920159,0.000776699644217581,0.00267604779305205
"Os04g0609100",3761.35672533886,0.404406109586592,0.120347129865849,3.36033032144084,0.000778493337800794,0.00268155319613953
"Os04g0517400",1526.71831350279,0.646697988812486,0.192463323909497,3.36011025724872,0.000779113724527791,0.00268316589778618
"Os07g0661500",1415.68413772501,0.502978706795232,0.149691822239795,3.36009475513964,0.000779157444087155,0.00268316589778618
"Os02g0743500",5447.31705083514,0.618741676006858,0.184154256910155,3.35990971041593,0.000779679489188169,0.00268462613304251
"Os08g0139400",378.391868752794,1.24785085468504,0.371402710485113,3.35983238532411,0.000779897733625264,0.00268502313353448
"Os03g0765100",908.779215695797,0.752536395294727,0.223986973829671,3.35973285601415,0.000780178731322614,0.00268533244906481
"Os04g0647800",8731.50829671275,0.68753901923672,0.20466709217736,3.35930418477298,0.000781390058584661,0.00268916385157588
"Os03g0162000",494.955951477294,1.10134014970673,0.327911925873945,3.35864621810095,0.000783252719212201,0.00269523558190218
"Os04g0610000",1914.2156408668,0.565581577918132,0.168400867672057,3.35854313422863,0.00078354491608085,0.00269589223095101
"Os08g0118000",4937.07859199667,0.498761628187218,0.148521612090428,3.35817542758386,0.000784588025036984,0.00269881333590205
"Os03g0696300",4526.37965880304,0.640946440075981,0.190867226339281,3.35807488990618,0.000784873454290344,0.0026994561509878
"Os05g0343400",4336.93639875765,0.695033653573978,0.20702943350117,3.35717314113237,0.000787437856617559,0.00270759607464368
"Os08g0292600",615.529437449086,0.896191487962529,0.267000515432611,3.3565159472088,0.000789311688230569,0.00271233677735836
"Os11g0213733",13.6736130648439,7.37414504869748,2.19695962485808,3.35652278961378,0.000789292157443076,0.00271233677735836
"Os03g0274300",4434.14972988201,0.449551240612818,0.133941501549176,3.35632522715722,0.000789856255248943,0.00271386762261964
"Os10g0538950",38.9224139868871,6.48809542589683,1.93327929583283,3.3560052289816,0.000790770736298711,0.00271666891232384
"Os10g0395200",1088.09385597016,1.53540455249544,0.457552308195796,3.35569185204156,0.000791667247692501,0.00271906678138499
"Os10g0569300",1188.12825085753,0.581335917520485,0.173285329458954,3.35479015641764,0.000794252091061797,0.00272686560446287
"Os03g0399600",447.643461058481,1.29367240740354,0.385654404065765,3.35448628037171,0.000795124959682021,0.00272854770366452
"Os10g0554200",765.011283582763,1.27621079890515,0.380475946229908,3.35424830807563,0.000795809144608977,0.0027305534611029
"Os04g0455401",1342.09233109886,0.438577850729181,0.130787378674326,3.35336524957262,0.000798352770244289,0.00273893796715447
"Os07g0539200",80.8529790953206,2.45953883689568,0.733570477826311,3.35283236068018,0.000799891390251644,0.0027431858107403
"Os01g0136700",71.4369629566859,1.99587491798764,0.595315380287318,3.3526345598939,0.000800463204106288,0.00274480315769596
"Os03g0640300",611.481419674315,0.603870896337648,0.180126415408738,3.35248383735034,0.000800899176111307,0.00274595435384464
"Os08g0201100",253.05295486467,1.26524018523749,0.377499338175708,3.35163550577823,0.000803357128147613,0.00275300326499328
"Os03g0578300",2006.23325649749,1.31959953638289,0.393840065629591,3.35059749259735,0.000806374185510004,0.00276265107133265
"Os06g0225300",667.812836480787,0.811457336807865,0.242330762346025,3.34855273408987,0.000812348197220329,0.0027817263995577
"Os10g0194200",3370.69059134945,0.589969166965518,0.176206809137456,3.34816327390217,0.000813490698194728,0.00278494234648816
"Os07g0605400",1517.02991101724,0.95040113978925,0.283887566954466,3.34780825375734,0.000814533466383926,0.00278816373128244
"Os01g0681800",13.2328017661436,4.89757738397604,1.46293749745884,3.34776939717742,0.000814647671528707,0.00278820621902322
"Os01g0355600",4069.63798004144,0.695932205474559,0.207909982132476,3.34727653928192,0.000816097542587202,0.00279281956384384
"Os10g0537800",5578.57377033777,2.65158532640118,0.792234940213047,3.34696842036292,0.000817005171245507,0.00279487806239362
"Os09g0569700",364.643166696825,1.19396782505983,0.356772419462757,3.34658106940486,0.000818147523211427,0.00279808700315697
"Os09g0530500",5913.53431828153,0.578148821282058,0.172780175490737,3.34615252959419,0.000819413073436016,0.00280171557789114
"Os01g0740700",75.7006735334732,1.99670032607252,0.596978043649572,3.3446796700694,0.000823776537156389,0.0028162834659574
"Os06g0554700",2168.19963182724,0.678640819681055,0.203026884302639,3.3426155457789,0.000829927952143894,0.00283483682967619
"Os02g0153300",392.42766063793,2.01152324618245,0.601859797412324,3.34217911684901,0.000831234024342787,0.00283894403500914
"Os03g0627500",3071.4042489727,0.340495177587311,0.101880732483094,3.34209589280105,0.000831483299845823,0.00283922239637614
"Os01g0758400",2180.46560665256,0.731232773853087,0.218949925815162,3.33972606353105,0.000838610661537786,0.00286164004362545
"Os06g0318600",252.778461973044,2.01458586347898,0.6032649900114,3.33947087405305,0.000839381525032112,0.00286355702480441
"Os06g0638900",2812.58494672211,0.433447260944014,0.129806789612338,3.33917249042584,0.000840283700752888,0.00286592091237982
"Os11g0219000",248.049889629115,2.44918632039852,0.733588765510533,3.33863662524062,0.000841906170550893,0.0028703823646452
"Os03g0437600",4691.5557645535,0.557100982887802,0.166906520938742,3.33780238036516,0.000844437845684991,0.00287758111858144
"Os01g0557500",1989.40223940873,0.368653188678257,0.110462389891362,3.33736386693083,0.000845771427776016,0.00288176703299078
"Os08g0110800",12496.5585937897,0.622044934961764,0.186452019010852,3.33621989325608,0.000849259615534786,0.00289221312061586
"Os06g0151600",730.325469297977,0.7758525081581,0.232576849767307,3.33589739879245,0.000850245369006282,0.00289485032970181
"Os11g0119900",146.944311525136,0.910639796621365,0.273002077372405,3.33565152831842,0.000850997622368405,0.00289705143851516
"Os06g0126000",6553.95722373309,0.410527148770604,0.12308154501744,3.33540782830144,0.000851743844160347,0.00289923146954096
"Os04g0629600",170.847839224373,4.7963626169887,1.43824309894015,3.33487615586208,0.000853373958724543,0.00290405840519617
"Os02g0570500",9.32253673030133,7.08133853776201,2.12358293096053,3.33461831629952,0.000854165539502626,0.00290639109223807
"Os07g0235200",8.21182013704521,7.0304134269113,2.10842270272303,3.33444210111735,0.000854706920867992,0.00290787197484724
"Os06g0244100",1023.19835834465,0.733430004754947,0.219972664110767,3.33418703510191,0.000855491117292115,0.00291017848903978
"Os06g0535300",4869.88669005817,0.527378573796624,0.158195719967699,3.33370949545478,0.000856961099669856,0.002914817022359
"Os03g0843600",1202.55607605117,0.807364365246982,0.242197968220651,3.33348942263398,0.000857639325126988,0.00291603758125041
"Os10g0381800",762.827095371274,0.72903303287999,0.218695400446244,3.33355448442176,0.000857438764411679,0.00291603758125041
"Os12g0573600",240.54610478857,1.07983588746264,0.324048830892464,3.33232458974981,0.00086123743103921,0.00292609209545956
"Os07g0670300",322.004245918344,1.34323624226734,0.403144616307757,3.3318967634233,0.000862562474524453,0.0029302305270618
"Os06g0338200",557.601838617116,1.03905083167956,0.311862200383845,3.33176265158354,0.000862978228387976,0.00293127934694631
"Os05g0411600",14855.2739287831,1.06484024403913,0.319611406908999,3.33167158937576,0.000863260632006572,0.00293187501193949
"Os07g0195200",476.044380995325,0.695766602152159,0.208844052300877,3.33151265016532,0.00086375374222485,0.00293291041496228
"Os11g0142500",6132.16509263911,0.354647411444145,0.106453312668386,3.3314830938978,0.000863845469585974,0.00293291041496228
"Os12g0600550",104.730182313343,2.86013348832167,0.858520010114483,3.33146980224756,0.000863886722935113,0.00293291041496228
"Os04g0118100",1300.59750505782,1.48427744184334,0.445609197723536,3.33089498472205,0.000865672535197218,0.00293788085882629
"Os01g0339500",191.764466495471,2.60698532653576,0.78275509908143,3.33052487246022,0.000866824191029276,0.00294142485337994
"Os12g0193100",1063.45728779019,0.550031144722355,0.165153010328637,3.33043366044524,0.000867108228022991,0.00294202421327607
"Os03g0820900",1840.66152321565,0.479274666603046,0.143911932676837,3.3303330563928,0.000867421612191435,0.0029423585609332
"Os09g0493600",690.869528467455,1.33284622661166,0.400233608422344,3.33017067673433,0.00086792765048944,0.00294371053424421
"Os01g0169500",5192.62065818789,0.682850514542187,0.205111837850214,3.32916189381936,0.000871077548699081,0.00295329683579856
"Os06g0284500",316.46905342183,1.42685692173764,0.428675892044569,3.32852149658394,0.000873082668816516,0.00295972863633084
"Os08g0492400",1085.49762861783,0.787047385615491,0.236474157464647,3.32825960372924,0.000873903902413657,0.00296141306334436
"Os07g0678600",15225.2528078671,0.671457833856544,0.201747767458261,3.32820453141054,0.000874076687195906,0.00296163217948826
"Os09g0123300",3396.67913154796,0.297287076631132,0.0893257279296212,3.32812375025212,0.00087433018861102,0.00296212469959733
"Os07g0438800",3903.86900743415,0.347452198335655,0.104429237127443,3.32715442430777,0.000877377376072289,0.00297134566122602
"Os01g0328600",2030.79480594739,0.522981043861208,0.157199193056505,3.32686850162917,0.00087827808553347,0.00297402831510042
"Os08g0379300",1568.45226091114,1.23776132869711,0.372061817120249,3.32676257477148,0.00087861199234698,0.00297479123391547
"Os06g0136700",1361.17241452307,0.819029960072824,0.246199203584047,3.32669622057987,0.000878821216591796,0.00297513186796019
"Os04g0491350",333.770089758446,1.27715243817019,0.383932499382862,3.32650254985732,0.000879432152231583,0.00297655346080726
"Os01g0667600",944.940725746138,0.79695692037598,0.239584255674123,3.3264160791099,0.000879705051929481,0.00297702014793679
"Os01g0720800",456.541732216711,1.10906073849103,0.333438478039859,3.32613303962614,0.000880598867220539,0.00297930874160546
"Os03g0100030",3316.06523402808,1.84456339995535,0.554616095819594,3.32583820386516,0.000881530829409073,0.00298209348503692
"Os09g0315200",428.587294631829,1.00311780449624,0.301632291752342,3.32563134626138,0.000882185242440965,0.00298393874730804
"Os05g0593550",303.87620351034,2.75016060586517,0.827013236072812,3.32541304770972,0.000882876338365406,0.00298553898569961
"Os01g0868200",2078.99511495667,0.487516063433272,0.146631322341899,3.32477437730894,0.000884901143034847,0.0029912781943561
"Os09g0566550",1739.4884916155,0.682306478811133,0.205256454276224,3.32416576724509,0.000886834650987495,0.0029963350098925
"Os12g0617900",5269.2680004642,0.502971721010397,0.151306762039621,3.324185345257,0.000886772392214489,0.0029963350098925
"Os10g0531300",81.2193694832598,2.92200995008246,0.879179243827447,3.32356566718032,0.000888744957221283,0.00300204872650736
"Os04g0273600",20.680871130207,3.82905334079605,1.15214515033654,3.32341227984825,0.000889233848808643,0.00300332975989119
"Os06g0638000",5112.13871059392,0.746646702336913,0.224708123669267,3.32274014016446,0.000891379101326404,0.00300983295912618
"Os04g0203600",9.38285689966168,7.28911386238194,2.19400275391666,3.32229020650483,0.000892817823503142,0.00301423559057009
"Os03g0678400",1077.13260434483,0.68453410416168,0.206055801442351,3.32208120018982,0.000893486880656624,0.00301583476870802
"Os01g0182832",341.436066181446,1.97229186535914,0.59374435682851,3.3217862918212,0.000894431712293421,0.00301828003343958
"Os05g0358700",2021.02342459535,0.621540462470909,0.187109830360857,3.32179480507367,0.00089440442443751,0.00301828003343958
"Os08g0460900",316.649163795895,0.771283930635339,0.2322835156351,3.32044195442164,0.000898750464088332,0.00303248016282871
"Os02g0214900",554.364485980499,2.18160516131649,0.657107571028125,3.32001221337794,0.000900135100495771,0.00303677799454116
"Os02g0554000",5216.12553674575,0.593210265495438,0.178701068563132,3.31956753401207,0.000901569949791797,0.0030412441495994
"Os01g0667700",3310.87124018241,0.52108023283693,0.156983130390359,3.31933903688375,0.000902308066928436,0.00304335922438576
"Os09g0334800",404.540992045625,1.20389294158543,0.362790747123212,3.31842239950117,0.000905274725746227,0.00305298941306512
"Os01g0952800",7554.3499578905,0.949849792599619,0.286294238955341,3.31773980526302,0.000907489783187666,0.00305932955708226
"Os09g0511600",9873.87584993523,1.68013453419059,0.506562718501321,3.31673546596818,0.000910758055460908,0.00306921430820986
"Os06g0650600",2898.81886652886,1.0742871136368,0.323940581685565,3.31630914548264,0.000912148661981623,0.00307352245052757
"Os03g0649000",3267.43636488476,1.19780981597917,0.361258100245569,3.31566216830834,0.000914262783562215,0.0030790713530653
"Os02g0550000",2487.32431668782,0.527994572395857,0.159250511279734,3.31549687440815,0.000914803640746433,0.00308019502442355
"Os07g0479200",2457.13201111171,0.411911617492435,0.124240904683033,3.31542673923146,0.000915033219220884,0.00308058934460168
"Os04g0182600",412.919174563653,1.44103480468312,0.434665617880703,3.31527212046162,0.000915539532473039,0.0030819151203108
"Os01g0562600",9.98618828277952,4.3710936704587,1.31855970814884,3.31505175188115,0.000916261598168195,0.00308335455438823
"Os04g0692800",405.58605936775,1.06996780453246,0.322761797761382,3.31503855770282,0.000916304847311898,0.00308335455438823
"Os02g0665400",1133.7057728055,0.548325047208611,0.165408073098931,3.31498358535775,0.000916485061299946,0.00308358215379767
"Os04g0465700",999.10678608045,0.777200921420463,0.234460177678669,3.31485256522166,0.000916914712635614,0.00308464884473128
"Os03g0213900",8940.23030552772,0.809007376187083,0.244152615118032,3.31353148028326,0.00092125735756211,0.00309773634679398
"Os04g0388700",2248.89020161258,0.696586813456207,0.210301306603731,3.31232755851955,0.000925231455915336,0.00311033564174975
"Os07g0521800",633.034984814921,1.40865817971373,0.425302468585149,3.31213262034407,0.000925876431407161,0.00311174004081884
"Os10g0415600",5436.33201842555,0.595923517392444,0.179938452113973,3.31181862682127,0.000926916191264802,0.00311485233651505
"Os07g0213300",747.536060360358,1.28461133546455,0.388033863884627,3.31056501771326,0.000931078190792045,0.00312807098294921
"Os05g0582500",78.9538233145201,2.74792829843458,0.830148547959545,3.31016455451114,0.000932411378820359,0.00313139775346597
"Os07g0121200",29.3800663668248,4.87792059566269,1.47388409259263,3.3095686561636,0.000934398467150886,0.00313730184036895
"Os04g0511600",2429.9488366856,0.406465374643373,0.122829338204916,3.30918802123045,0.000935669788698576,0.00314118533916444
"Os03g0197200",116.186342562148,2.77945420602396,0.839984156578256,3.30893646535703,0.0009365108651937,0.00314323846446767
"Os01g0331100",31.2509558844548,6.0770857537656,1.8368761167569,3.30838084197808,0.000938371073400872,0.00314832460454719
"Os05g0155700",1090.36829205701,0.629699270779032,0.19034641948614,3.30817502361732,0.000939061014713294,0.00314986777541169
"Os02g0248100",81.5047162078537,3.77044029755806,1.13990624464572,3.3076757981354,0.000940736463982788,0.00315471504468077
"Os07g0299600",700.115731125032,0.773377382548137,0.233841659401158,3.30726947682748,0.000942102161551317,0.00315890810467035
"Os04g0404800",7398.96195690798,0.526105502745858,0.159116359584398,3.30641993142637,0.00094496352826243,0.00316772683914285
"Os02g0199500",1852.08273386073,1.0948784183279,0.331188496344638,3.30590715079836,0.000946694526406243,0.00317275293928709
"Os02g0629400",1676.62817714427,0.723249677339921,0.218875494816181,3.30438854266134,0.000951838150726132,0.00318869111068713
"Os03g0184000",2438.21774186268,0.619125558465251,0.187365934135357,3.30436565922373,0.000951915856014336,0.00318869111068713
"Os03g0190300",143.837775837723,3.83682499235246,1.16123171124855,3.30409939307213,0.000952820448039092,0.00319133099684993
"Os06g0663400",3476.80987653098,0.698419528268073,0.211389943608838,3.30393923355431,0.000953364945037889,0.00319245105150256
"Os01g0866000",204.8052065898,1.23431742559771,0.373625793350801,3.30361941697851,0.000954453093295571,0.00319562702340288
"Os01g0536466",8.65688717492838,7.17304410643997,2.17139274073909,3.30343008515283,0.000955097820454426,0.00319704183972472
"Os10g0518900",1080.76124890422,0.521499140060276,0.157878502593374,3.30316750852032,0.000955992634079998,0.00319960828935548
"Os07g0575500",22.9642243666402,6.11178175345374,1.85086458213367,3.30212259311165,0.000959561215461652,0.00321115959104583
"Os02g0570700",165.757886462305,3.43244832068421,1.03948359184679,3.30207070857749,0.000959738731956678,0.00321136130063833
"Os04g0481400",617.534848852099,1.18457348314456,0.358809703028058,3.30139757411167,0.000962044536768244,0.00321789741196959
"Os03g0734200",354.622502113355,1.454993387348,0.440821871708139,3.30063792368118,0.000964652861535524,0.00322583402885112
"Os05g0398000",2954.97456502637,0.610527088700929,0.184971209707381,3.30066008470596,0.000964576677105784,0.00322583402885112
"Os07g0457300",1290.19887570583,0.700052220676762,0.212118662842008,3.30028584612651,0.000965863969784524,0.00322909556894519
"Os10g0544500",5136.22575994373,0.513928615040077,0.155730741695429,3.30011023799781,0.000966468568738229,0.00323072254897594
"Os12g0160400",5740.12767009661,0.610237486943559,0.18492534289004,3.29991269669521,0.000967149100019881,0.00323260292844961
"Os01g0284900",239.81230637823,1.08242124435204,0.32804570557432,3.29960498174185,0.000968210064483982,0.0032350859735876
"Os11g0150100",299.288326261763,1.99058505735895,0.603281728523207,3.2995944734341,0.000968246314901652,0.0032350859735876
"Os04g0449500",1343.371331426,0.774079556033432,0.234634700528684,3.29908387075423,0.000970009251643416,0.00323979068549748
"Os03g0268200",4257.18519341825,0.543223533285539,0.164661546985502,3.29903091055843,0.000970192275169577,0.00324000690187392
"Os11g0140700",1113.63527814658,1.25108793538489,0.379299406179184,3.2984178593569,0.000972313229146832,0.00324629834953204
"Os12g0130800",128.184718469186,2.44705779882157,0.741967302102685,3.29806689848296,0.000973529369318917,0.00324956653119845
"Os06g0130000",2859.32067645532,0.731786727620905,0.221914543100972,3.29760599461,0.000975128620684783,0.00325371519663502
"Os03g0444900",1011.93693508161,0.677873933580263,0.205611683057631,3.2968648643874,0.000977705307731509,0.00326151821752207
"Os10g0400900",5925.76575760641,0.516553667068246,0.156720400746824,3.29602058574824,0.000980648292229645,0.00327014090241809
"Os02g0833200",416.107795234711,0.968898599807403,0.294020667325886,3.29534181600063,0.00098302029230447,0.00327605655511762
"Os12g0266000",1774.80598913833,1.01128463393164,0.306912836375001,3.29502228018905,0.000984138766776271,0.0032793850317237
"Os08g0356700",833.946167558172,0.784172831751837,0.238045382825739,3.29421567620108,0.000986967374542948,0.00328801062467841
"Os04g0530600",1614.67449519013,0.632590201439842,0.192048128034296,3.29391495722818,0.000988023864141504,0.0032907916627707
"Os03g0401200",866.476156429014,0.445380471446196,0.135267759078454,3.29258409010739,0.000992712066144309,0.00330433542395902
"Os04g0449900",37508.7085795522,0.589800383926743,0.179136393134905,3.29246544270081,0.000993131019834141,0.00330532828241518
"Os03g0789900",745.017608986825,0.430546879308968,0.130783804599092,3.29205042343567,0.000994597774881803,0.0033098077574763
"Os07g0655500",2538.402435176,0.495284337156186,0.150465336648922,3.29168397311219,0.000995894545256131,0.00331264712819232
"Os04g0386500",543.123173560841,0.941362831855907,0.28598611943998,3.29163818754313,0.000996056678185258,0.00331265037301753
"Os08g0189700",49.7044088845501,2.66159544159278,0.808722249723511,3.29111192687321,0.000997921994300265,0.00331845105570943
"Os04g0371000",35.0481523649593,5.78305349361956,1.75722193219577,3.29102055219242,0.000998246198595477,0.00331912619880174
"Os04g0370900",38.4988836699116,7.27020948983914,2.20943587276647,3.29052749593316,0.000999997282888143,0.00332373808707549
"Os10g0331500",16.9302135905664,8.13570166222081,2.47260968916745,3.29032992868364,0.00100069973864327,0.00332526586693895
"Os01g0811300",797.742173436623,1.00362718626701,0.305202896787458,3.28839338299575,0.00100760940409866,0.00334660230237256
"Os11g0525900",32.0436661765248,4.33089175386035,1.31713411619147,3.28811751257591,0.00100859730587351,0.00334947730421696
"Os01g0963000",138.477819816539,1.96200804400826,0.596757393540605,3.28778171036561,0.00100980103542478,0.00335266183773579
"Os06g0207000",9677.90167186438,0.682566871651323,0.207639458600786,3.28726955970178,0.0010116394714081,0.00335835859427212
"Os03g0765900",2827.94076261586,2.58691207562482,0.787002935895227,3.28704247168045,0.00101245562642872,0.00336066069601419
"Os06g0181800",75.3552035065199,1.36123114925707,0.414130249750645,3.28696382376484,0.00101273842933459,0.00336119208989503
"Os01g0272800",588.658247904275,1.16234593994151,0.353634308456558,3.28685852064123,0.00101311719377648,0.00336204180454708
"Os01g0121500",287.944910295345,1.25912439449001,0.383156735837521,3.28618624369935,0.00101553839676464,0.00336885215281339
"Os05g0158600",656.039053570047,1.89250125330462,0.575908195388443,3.28611620473321,0.00101579094966681,0.00336900200686787
"Os11g0139700",28188.1769080257,1.83519013671204,0.558478621024629,3.28605262157584,0.00101602027396633,0.00336922655256801
"Os02g0733500",79.7517725925974,3.04817436713382,0.927777505536437,3.2854583657656,0.00101816588439289,0.00337593290635586
"Os09g0560900",5027.40446942242,0.606931572150202,0.184735338338288,3.28541132200049,0.00101833591886802,0.00337608801182692
"Os01g0678000",139.104496568038,3.33617040916559,1.01579248540214,3.28430310039636,0.00102234907320746,0.00338775265717706
"Os12g0527800",2440.5903188633,0.511109794498847,0.155633860704776,3.28405266170437,0.00102325800124348,0.00339035441055523
"Os02g0286850",175.343708794382,1.39895344480071,0.426034864043869,3.28365953791203,0.00102468629109951,0.00339467612475892
"Os09g0475700",682.267122680064,0.734980772245322,0.223837531605339,3.28354573504327,0.00102510010175887,0.00339563633901044
"Os10g0550066",75.9613768183996,2.12747277916076,0.647966699545927,3.2833057326119,0.00102597330708919,0.00339770703113045
"Os02g0781700",3540.8383773584,0.630974471113132,0.192184147790656,3.28317646573246,0.00102644390638298,0.00339885457443619
"Os08g0516900",2864.87139748724,0.522625443712385,0.159221927627217,3.28237103708478,0.00102938059250854,0.00340734305853794
"Os03g0183050",120.268131008872,1.68414823180525,0.513149158407516,3.28198576225236,0.00103078809677777,0.00341158974853066
"Os11g0357094",186.828777221364,1.40305922176339,0.427518483160649,3.28186798238654,0.00103121873109267,0.00341260266562272
"Os03g0114400",224.6695055847,1.58359466628457,0.482622666900663,3.28122729181825,0.00103356418271944,0.00341912518464592
"Os06g0705100",811.217637457685,2.25350606233439,0.686817570650039,3.28108388403861,0.00103408984823929,0.00342045103648381
"Os03g0271400",844.335668937071,0.670725988869207,0.20443046712439,3.28094925528439,0.00103458355912295,0.00342167088480278
"Os04g0431200",2739.96984750592,0.834980940381058,0.254541327984979,3.28033544490006,0.00103683729165784,0.00342746925607046
"Os04g0195000",5477.64551995612,0.568234115180882,0.17323919163399,3.28005522203899,0.0010378676979526,0.00343004755243965
"Os11g0441900",33.2917483138458,1.95359462446779,0.595668501835429,3.27966749701922,0.00103929496265362,0.0034339358651442
"Os10g0528200",1240.71621337493,1.14985486315055,0.350631573534201,3.2793819779564,0.00104034715530413,0.00343699782064111
"Os12g0290150",802.180239888465,0.878179572786831,0.267791426140406,3.27934163331425,0.00104049591252729,0.00343707471539255
"Os01g0556800",240.931297922503,1.65706744531873,0.505325829586416,3.279205906959,0.00104099650205989,0.00343831366066834
"Os07g0447800",3308.03061094624,0.361674974235254,0.1103029532038,3.27892376160598,0.00104203783124566,0.00344133810412947
"Os08g0100400",1185.69829065983,1.04951931873266,0.320083865299152,3.27888854301286,0.00104216788206679,0.00344135267723828
"Os02g0255000",2283.99120844317,0.708903628691665,0.216223434218431,3.27856983334898,0.0010433454564174,0.00344441067816427
"Os02g0761100",1184.12647330734,0.702695543117975,0.214337385022907,3.27845533359883,0.00104376881273911,0.00344497789489541
"Os03g0837800",115.924899926064,1.55015305377573,0.472826123289929,3.27848436755091,0.00104366144631028,0.00344497789489541
"Os10g0184300",12929.2873101751,0.706189915766286,0.215470454037252,3.27743271773213,0.0010475569323566,0.00345498277353158
"Os09g0419100",109.610782166779,2.80522832899083,0.856030361301108,3.27701966636682,0.00104909061977944,0.00345962450835284
"Os09g0411650",450.044118479573,1.86969311650068,0.570650372263154,3.2764249484069,0.00105130249689201,0.00346650134734188
"Os10g0394100",119.695171155688,4.53033958444263,1.38277744401558,3.27626083579044,0.00105191362428821,0.00346809895075569
"Os07g0538300",240.196966792872,1.80839298529788,0.551991730794264,3.27612332651392,0.00105242593845204,0.0034693704272644
"Os12g0552700",5509.07186598332,0.655799446497814,0.200178243882347,3.27607752860123,0.001052596617595,0.00346951551775509
"Os07g0476500",1981.67868287636,0.385843769636492,0.117789984500189,3.27569250708131,0.00105403252445967,0.00347341252135164
"Os10g0155500",8266.75306731806,0.437500374577942,0.133585754669679,3.27505261066019,0.00105642297637714,0.00348003388405848
"Os07g0152900",2394.42796923099,2.81873216948391,0.860709993164239,3.27489188213252,0.00105702419528508,0.00348159568699538
"Os04g0129300",484.532752306686,0.884541760873186,0.270140324307474,3.27437883677966,0.00105894540420503,0.0034870850645083
"Os06g0728600",5045.82016061616,0.550060540733502,0.167994045536905,3.27428593659686,0.00105929363423046,0.00348781246967262
"Os08g0268000",1029.04405448018,1.1953523682587,0.365087517710949,3.2741529366805,0.00105979235979481,0.00348903515951198
"Os10g0567400",4551.35027394396,1.73648982995849,0.530445191139126,3.27364609759095,0.00106169490639157,0.0034944586855289
"Os02g0522700",3132.87715824922,1.08406119629929,0.331184445585723,3.27328535729402,0.00106305095910913,0.0034985016004996
"Os04g0583200",651.24811981206,1.15658880048759,0.353379698270715,3.27293505016681,0.00106436932600451,0.00350241953490984
"Os01g0715000",839.737742100485,1.04922576542919,0.320597418013217,3.27272057252167,0.00106517725042734,0.0035042361357741
"Os02g0829600",1954.51189830814,0.760725565219341,0.232460828557682,3.2724892616933,0.00106604922028785,0.00350626251115567
"Os09g0532900",3067.64297308285,0.605002712779993,0.184888806731786,3.2722517034666,0.00106694542819027,0.0035083676138727
"Os03g0128800",397.731653044996,2.32349262067476,0.710363148167369,3.27085185467324,0.00107224064234561,0.00352451019254632
"Os06g0255700",5051.8122255226,0.546816391578639,0.167237308661476,3.26970336915378,0.00107660316623897,0.0035380008789984
"Os02g0166501",43.1426562016102,4.87205213993348,1.49013482055608,3.26953781142794,0.00107723338970585,0.00353964728616038
"Os07g0463400",1770.71562199669,0.536179011735097,0.164000664785004,3.26937096528235,0.00107786886298495,0.00354131054648203
"Os03g0355900",64.3099433247424,1.01274347362039,0.309772359789885,3.26931516519846,0.00107808146825649,0.00354158425246024
"Os07g0147800",587.596249797694,1.10657645391779,0.338550665853716,3.26856971652193,0.0010809254435318,0.0035500753985347
"Os06g0691000",2412.10784893887,0.675285930248727,0.206609304455325,3.26841974532054,0.00108149843929198,0.00355110810341975
"Os09g0439600",1215.55331097623,0.492707534730514,0.150747946100627,3.26841955380024,0.00108149917121418,0.00355110810341975
"Os07g0111600",3374.74122237013,0.420883921798887,0.128808070330484,3.26752757586556,0.00108491296682077,0.00356061000169995
"Os08g0246100",469.737343913383,0.932685833771045,0.285437992922841,3.2675602298786,0.00108478781718503,0.00356061000169995
"Os03g0144100",299.426476908492,1.35965520879591,0.41619256290301,3.26688972842785,0.00108736025795147,0.00356735954312478
"Os11g0704525",166.871066531645,1.65885489092069,0.507809032429512,3.26669039931061,0.00108812608977628,0.00356944451797152
"Os03g0664800",66.0441802138398,1.6450213861798,0.503597061083609,3.26654286393202,0.00108869324885582,0.00357087735353968
"Os03g0761100",2565.74163452654,0.940557790503484,0.287962019086534,3.26625640939419,0.00108979522518383,0.00357406381860757
"Os10g0487900",1678.61237321212,0.471040162554883,0.144222088365794,3.26607503671818,0.00109049349010383,0.00357592567789225
"Os08g0463900",417.553640361981,1.76378535148651,0.540242315898988,3.26480414358415,0.00109539790906063,0.00359028887484501
"Os01g0259966",62.6211651692931,3.75890078455454,1.15149747503346,3.26435868601912,0.00109712176707431,0.00359507863643169
"Os05g0162500",783.199252951528,0.844305883981361,0.258735696581858,3.26319829515384,0.00110162410297549,0.00360810544118161
"Os12g0150700",322.106092067219,4.02472276595394,1.23353233302001,3.26276227887791,0.00110332026509107,0.00361322876388205
"Os12g0450500",152.943878494231,0.907217021783852,0.278187312441803,3.26117324985352,0.00110952226152646,0.0036326708421553
"Os05g0563100",378.581356026975,1.18062737562997,0.362056107639566,3.26089617249409,0.0011106069921984,0.0036349188819819
"Os12g0136500",16433.7192134233,1.68084006610336,0.515494031248878,3.26063923966533,0.00111161373517196,0.00363777918997551
"Os02g0490000",14.0625313103886,6.6311947492989,2.03385452699145,3.26040759616569,0.0011125221099266,0.00363988212052072
"Os06g0113950",478.220814831321,3.8886222405372,1.19266804016182,3.26043971129601,0.00111239613158568,0.00363988212052072
"Os12g0472800",1389.27634878818,1.3100290196287,0.401854445910499,3.25995900495891,0.00111428318273201,0.00364346790715201
"Os02g0237801",12.944498704181,5.19927897826195,1.59494491774597,3.25984861321088,0.00111471695206148,0.0036437506041366
"Os02g0563800",1299.6029959505,0.868701979133347,0.266520918620878,3.25941387125812,0.00111642672990927,0.00364869982287689
"Os02g0452601",21.5232456810332,3.48696121448071,1.06985289823531,3.25929033816923,0.00111691301006387,0.00364945297133002
"Os03g0743800",172.331059823897,1.91511223154601,0.587669029043826,3.25882790635064,0.00111873508272643,0.00365453460357301
"Os07g0669200",378.950837046417,1.21694463187788,0.373469434880683,3.25848521517341,0.00112008712613982,0.00365720663632086
"Os03g0313800",17.7352891956192,3.61828639913815,1.1104462009848,3.25840765264383,0.00112039334858774,0.00365736463799262
"Os08g0494300",397.875408819505,0.916046211326046,0.281133291234418,3.25840531835917,0.00112040256571122,0.00365736463799262
"Os03g0441500",4621.24213389052,0.417824466293794,0.128250930328793,3.25786694273975,0.00112253026177646,0.00366300052422193
"Os03g0130100",285.201156956698,1.59759395656068,0.490406088155362,3.25769600979049,0.00112320658103096,0.00366477087087779
"Os06g0508800",9.52435029591424,5.72501240653395,1.75772205979907,3.25706352413214,0.00112571237310114,0.00367250924387963
"Os04g0545000",7.53186083130838,6.57571530426529,2.01944794373893,3.25619450833212,0.00112916368349027,0.00368289145683282
"Os07g0498400",1401.51726347912,0.611989741790127,0.187985166683219,3.25552144665443,0.00113184347826531,0.00369119236970654
"Os10g0343100",2587.6292086579,0.624161714213835,0.191756192552434,3.25497552859036,0.00113402136780563,0.00369785467685285
"Os08g0116700",253.934879869855,3.3039435850083,1.01521338298198,3.25443265464413,0.00113619095421131,0.00370404742047156
"Os03g0775600",2219.48387786282,1.04800339461076,0.322052803540366,3.25413529424344,0.00113738097581698,0.00370748569660869
"Os03g0190800",1071.91708509587,0.935370423971417,0.287444051250779,3.25409560539264,0.00113753989575781,0.00370756250412924
"Os03g0789466",188.813512486561,4.74040325941612,1.45683354832347,3.25390863278197,0.00113828883748819,0.0037095621115573
"Os01g0956300",18.7308331905326,8.27169556175643,2.54223340868822,3.25371208382655,0.00113907662985017,0.00371168783823769
"Os03g0283000",11.7572070279042,6.92921518274234,2.12970845743523,3.25359800237027,0.00113953411347155,0.00371273687428326
"Os01g0912700",511.964299375282,5.73581887940592,1.76314130957805,3.25318160730895,0.00114120536135291,0.00371773977792788
"Os05g0460800",815.221236036717,0.610488444303741,0.187675118382744,3.25290027556404,0.00114233579979065,0.00372009510070927
"Os11g0293900",5735.20555864814,0.652657888626576,0.200683938863783,3.25216802262177,0.00114528297062121,0.00372924938757555
"Os09g0363100",793.830631073137,0.876322629470771,0.269463264662334,3.2521042546148,0.00114553995641396,0.00372964280828892
"Os05g0200500",1445.7973363792,0.612724465707086,0.188450825784142,3.25137585976365,0.00114847917993609,0.00373832361469155
"Os05g0138300",13749.9066940643,0.603024415850408,0.185479251123063,3.25116913185243,0.00114931463871727,0.00374059853482708
"Os01g0847800",779.374998497015,0.413695781055876,0.12728242681082,3.25021914981831,0.00115316107039445,0.00375267136499637
"Os04g0630100",6.58588199976202,6.60732972725258,2.03305396166413,3.24995295345935,0.00115424101876195,0.0037552934724918
"Os07g0191700",3373.49860874649,0.45875214626048,0.141163218926492,3.24979941481333,0.00115486434412249,0.0037559830503276
"Os09g0434900",562.657911313644,0.910962249664958,0.280309227299746,3.24984752888933,0.0011546689805293,0.0037559830503276
"Os02g0791800",1232.75759441063,0.587285571149634,0.180725680469345,3.24959667947827,0.00115568787134333,0.00375821518270987
"Os11g0110901",538.785842482531,1.13334783744237,0.348770995312575,3.2495472750727,0.00115588863823885,0.00375842185303898
"Os07g0264800",309.382329001986,0.692133263672256,0.213005460412578,3.24936864215424,0.00115661482584493,0.00375989042187497
"Os01g0101700",370.666342285744,0.681109385783925,0.209620801210723,3.24924521731616,0.00115711682505334,0.00376062968142336
"Os08g0176800",3814.06447320781,0.426520712715337,0.131275047246749,3.2490615822338,0.00115786408683855,0.00376261184038377
"Os10g0144000",10.7025449538018,6.60433609922073,2.03310868102175,3.24839304502979,0.00116058831813173,0.0037700026144317
"Os04g0614650",4818.49027722442,1.1594742677418,0.356968427418518,3.24811433920571,0.00116172576878102,0.00377202827556672
"Os01g0838800",751.130350357247,1.02531980722257,0.315681579271561,3.2479557710922,0.00116237337467035,0.00377323644294804
"Os04g0430900",741.465963347419,1.32556482429008,0.408161884847655,3.24764480344568,0.00116364436223609,0.00377691464936707
"Os05g0374500",955.95834827666,1.16074710464143,0.357416520208819,3.24760339550972,0.00116381370169511,0.00377701671838043
"Os02g0260700",5393.90577508642,0.880788494880557,0.271248207209491,3.24716798662675,0.00116559570353216,0.00378190380424656
"Os03g0326200",218.593867523212,1.63062703242944,0.502250825656739,3.24663882891033,0.00116776478635755,0.00378759564986616
"Os10g0567300",1906.50206911737,0.588597436835504,0.181306658004968,3.24641931693084,0.00116866568723904,0.00378872314346841
"Os11g0104300",1108.60538834914,0.778377193311066,0.239808229207778,3.24583187108502,0.00117107978872629,0.00379565098722067
"Os01g0278600",263.073821805173,1.10438451495531,0.340273785555069,3.24557624429927,0.00117213172209107,0.00379861097962571
"Os12g0434400",682.610961927298,3.31856947735303,1.02288336654308,3.24432832314833,0.0011772796071929,0.00381213686258668
"Os04g0448900",1931.54024172647,1.06106239524206,0.32706922310622,3.24415236984088,0.00117800712238901,0.00381404173633065
"Os03g0777000",257.032937381414,3.43760949663001,1.05979464632326,3.2436562201518,0.00118006079330229,0.00381888530119838
"Os12g0416300",2816.22957302514,0.991364646995806,0.305700968777448,3.24292281755092,0.00118310256521338,0.00382827671160775
"Os05g0143500",7364.52029346726,0.36099434333487,0.111339517636624,3.242284060481,0.00118575769752295,0.00383596186286182
"Os07g0684400",676.160941304276,1.13903338948748,0.351412475313649,3.24130037919355,0.00118985735153222,0.00384831535196825
"Os02g0517333",115.157692660795,4.73955492617284,1.46236011832588,3.24103130739008,0.00119098103144474,0.0038514948562341
"Os05g0149600",12568.8426247683,0.415733979470635,0.12831285990716,3.24000244224497,0.00119528675816196,0.00386450656194691
"Os01g0155500",205.452728903835,1.61735845375577,0.499244522679605,3.23961181401628,0.0011969252724018,0.00386889074066057
"Os06g0166900",1887.55347597349,0.538582165627023,0.166264982615808,3.23930004474566,0.0011982344965698,0.00387266561599333
"Os04g0119200",108.381621242573,1.347983135643,0.416185093492153,3.23890297062841,0.00119990386000586,0.00387760342489622
"Os04g0628400",2661.31041840587,0.450892085980204,0.139288622683681,3.23710635723753,0.00120748399905247,0.00389979887018586
"Os03g0133000",319.174929145095,1.39888577727581,0.432231441099024,3.23642762710389,0.00121035914129946,0.00390816306015956
"Os08g0468801",45.5417576686837,3.26836211816344,1.00989453249626,3.23634004640534,0.00121073059877753,0.00390890167740633
"Os01g0105900",4676.75438963897,0.688617554773145,0.212816796038772,3.23572935778852,0.00121332365113561,0.00391635023901196
"Os06g0255001",93.199608059183,1.22835999859009,0.379654490913237,3.23546811111159,0.00121443449967412,0.00391947394610274
"Os03g0254700",21471.3365464232,0.473857721178988,0.146474711982876,3.23508211597908,0.00121607751133326,0.00392385193932494
"Os04g0204000",10.4647269246058,7.35973766406585,2.27543230950949,3.23443489542978,0.0012188370530844,0.00393090377028552
"Os01g0775300",4230.73114607958,0.580435618178321,0.179472046280371,3.2341282679285,0.00122014643298864,0.00393466340310711
"Os07g0607800",2445.9765234857,0.52193822537749,0.161460455934415,3.2326071566991,0.00122666120747892,0.00395380997105851
"Os11g0141500",41.4115055464191,2.57911981836564,0.797844580666994,3.23260930870711,0.00122665196798331,0.00395380997105851
"Os08g0167500",214.837393280203,3.48021044196829,1.07666874625481,3.23238735597572,0.00122760524510388,0.0039563872536346
"Os02g0681700",441.59178489383,0.895704697973347,0.277163502832984,3.23168342446982,0.00123063312757026,0.00396427990089111
"Os07g0244300",551.247572807882,0.797015671376407,0.246669907420491,3.23110216285019,0.00123313855671285,0.00397141660281266
"Os05g0571100",730.973636183395,1.28884528821547,0.39899112201866,3.23026056743988,0.00123677445889285,0.00398265803004162
"Os02g0106966",230.234648555826,2.10092456687983,0.650430833451268,3.23005069690818,0.00123768269290179,0.0039851142166772
"Os06g0142900",7030.32156791542,0.728871564061448,0.225689418120094,3.22953362250064,0.00123992300870806,0.00399092022697091
"Os01g0522100",42.8757736471249,3.73830159039035,1.15755483344785,3.22948121537843,0.00124015028066419,0.00399114459176602
"Os03g0654400",863.950903684245,0.715312395550023,0.221496637890025,3.22945035357684,0.00124028413585164,0.00399114459176602
"Os01g0946600",1253.09184605238,1.17268765655664,0.363135074575074,3.22934284970647,0.00124075051063915,0.00399214907389582
"Os03g0334800",4484.79665257611,0.357757156845703,0.110788316470289,3.22919571525076,0.00124138907388149,0.00399282387537434
"Os03g0719100",2120.33003449118,0.501130119118454,0.155219149085163,3.2285328329142,0.00124426974724295,0.00400161942547042
"Os06g0491300",702.110236112903,1.00809715996967,0.31225036932184,3.22848988828773,0.00124445658350958,0.00400164221740013
"Os08g0480200",39.0625877653756,2.91342690072452,0.903163574428133,3.22580203986775,0.00125620210776108,0.00403525647164111
"Os07g0206800",1048.79247024327,0.868388423287335,0.269260102252913,3.22509133741495,0.00125932484371447,0.00404481317943046
"Os04g0497900",378.451150495902,0.714192496279616,0.221452374184715,3.22503878727398,0.00125955602666234,0.00404508138425469
"Os07g0607200",292.789525090929,2.50390944556231,0.776512278484994,3.22455872873967,0.00126166975477354,0.0040509197342635
"Os08g0409100",2756.38773946815,1.42291227338431,0.441337326638928,3.22409229289694,0.00126372663774147,0.00405657287406264
"Os05g0292200",2679.2544566193,0.333969171802008,0.103600808635151,3.22361549298461,0.00126583242355738,0.00406285632923133
"Os09g0505400",55.7391446580896,1.83922808728407,0.570557146553977,3.22356506862204,0.0012660553119625,0.00406309561218099
"Os04g0625600",905.672945032905,1.26955877106326,0.393915930194853,3.22291807400443,0.00126891840829535,0.00407132998964718
"Os06g0188800",644.717765915674,1.475285723147,0.457789187306876,3.22263121116064,0.00127018975239431,0.00407397745993356
"Os09g0323500",229.043780349993,3.67032985648651,1.13897655820179,3.22248059457977,0.00127085773896504,0.00407564270319536
"Os06g0652000",1916.58526281067,0.306756987966932,0.095210855098816,3.22186989759266,0.00127356951298771,0.00408338318275154
"Os09g0573000",174.537508181736,1.26948011051942,0.394099666449594,3.2212158968721,0.00127647949805125,0.00409223430841783
"Os01g0719300",306.893157531513,1.6262151790178,0.504903456885216,3.22084382042071,0.00127813779538585,0.00409707107705253
"Os07g0489800",484.848734905987,2.58334365483159,0.802094933989785,3.22074550699567,0.00127857629783068,0.00409751765226163
"Os04g0223500",214.519960136053,6.97444373566084,2.16573329183195,3.22036132609907,0.00128029117263427,0.00410205351615689
"Os07g0693900",2856.4647096219,0.69692770216345,0.216411302356604,3.22038495482573,0.00128018563943929,0.00410205351615689
"Os03g0714400",1878.04847837052,0.520182182507733,0.161545079886255,3.22004348800964,0.0012817115165209,0.00410612399403789
"Os01g0296100",4402.89804999322,0.568490791600118,0.176550507564166,3.21998956244012,0.00128195264152053,0.00410641618569626
"Os01g0167400",272.07414546008,1.29791890471941,0.40309774128286,3.21986151693328,0.00128252535721025,0.0041077703530573
"Os10g0535800",1140.4475974893,1.46083654817418,0.453800663124951,3.21911505839282,0.00128586878486418,0.00411703470323959
"Os11g0303400",336.720231390754,1.1046940453244,0.343172706895821,3.21906149039924,0.00128610902789112,0.00411732262540506
"Os11g0562600",174.773317072239,1.66630820093286,0.517671492740272,3.21885254316849,0.00128704651550045,0.00411984236368738
"Os06g0564500",390.7402780652,1.59665748862732,0.496039046832967,3.21881412122979,0.00128721897260451,0.00411991293276585
"Os08g0548200",2283.2083065244,0.493936236517001,0.153474157649292,3.21836747034447,0.00128922533362178,0.00412585244926208
"Os06g0714200",4139.23485092883,0.73854555303287,0.229532674285649,3.21760531624253,0.0012926556051776,0.00413489777898161
"Os01g0120700",5613.30891218131,0.690812368173637,0.214744843529867,3.21689851462049,0.00129584427527872,0.00414412966073081
"Os06g0670300",187.976175901717,3.46885532877928,1.07843121522503,3.21657541047293,0.00129730434626373,0.00414831465660866
"Os01g0571700",7527.99301964961,0.581797357237873,0.181000011214063,3.21434984083952,0.00130740276451856,0.00417767955237144
"Os06g0203550",197.359553313988,1.37327026624343,0.427282011352404,3.21396695802113,0.00130914737372688,0.00418227848305961
"Os11g0121300",314.694225791611,0.698067184614178,0.217231945626109,3.21346467989411,0.00131143926662011,0.00418862324533482
"Os05g0131500",28.4639954149782,4.72197333769811,1.46957423894958,3.21315739793676,0.0013128432177842,0.00419261846546894
"Os06g0103600",1441.25331338567,1.25839912632725,0.391734198736604,3.21238005358163,0.00131640104802857,0.00420251061847909
"Os04g0542200",3058.50895029413,1.04923387621007,0.326637091859691,3.21223125713101,0.00131708308876843,0.00420419798210651
"Os03g0618300",3639.79562446179,0.813642737849217,0.2535435311625,3.20908498086564,0.0013315812902023,0.0042460236460921
"Os05g0481800",519.981360720673,0.871859925940633,0.271684604230501,3.20908845169944,0.00133156521560847,0.0042460236460921
"Os02g0697300",8170.79160107782,0.34266998977577,0.106787135847742,3.20890701914089,0.00133240573053563,0.0042481579984986
"Os05g0405600",2100.73775249246,1.04240401164417,0.324889845410687,3.20848443362853,0.00133436532276762,0.00425316403192116
"Os03g0719400",553.899444083839,1.13847800898564,0.354913717252265,3.20775995303793,0.00133773103573568,0.00426206066712143
"Os03g0850600",541.006207160386,1.42633013611632,0.44468316759236,3.20751996042232,0.00133884769315755,0.00426472580105576
"Os01g0613500",8.89337339811623,7.1326092246147,2.22386459301418,3.20730373918464,0.00133985448150497,0.00426694036773661
"Os12g0527301",197.373187161574,2.6215937163222,0.817494436637312,3.20686429024017,0.00134190283505971,0.00427197356521624
"Os02g0136800",2890.65789989947,0.557071513605797,0.173767780757892,3.20583891430343,0.00134669354372404,0.00428622854475312
"Os01g0906600",2351.64628704966,0.449578383961249,0.140255747585128,3.20541861351086,0.00134866180678203,0.00429199437081058
"Os07g0513000",2080.90840013446,1.79577933421746,0.560339039072558,3.20480853375795,0.00135152352429135,0.00429910357146259
"Os02g0734300",4410.18425775143,0.868850719912747,0.27113242305173,3.20452533907012,0.00135285381593033,0.00430233587276764
"Os11g0173500",708.431747269445,1.5034760188855,0.469179699812066,3.20447798463515,0.00135307637865168,0.00430254412440772
"Os10g0548800",1605.02618171009,0.477826985536652,0.149125045854525,3.20420344415372,0.00135436736649185,0.0043061493366893
"Os07g0242700",6.43061416690562,6.0478571670149,1.88760587021784,3.20398302550148,0.00135540467630133,0.0043080452330533
"Os12g0231700",41.8445998243372,2.90602924861053,0.907007048494251,3.20397647783985,0.00135543550138561,0.0043080452330533
"Os01g0959800",1652.35461208071,0.861286147677554,0.268846421795353,3.20363626908588,0.0013570380263117,0.00431213788616052
"Os03g0563300",1531.68613427,1.81248846019541,0.565868430665518,3.20302098857811,0.00135994069315428,0.00432086017007179
"Os07g0501900",4868.63295743339,0.436122475179226,0.136198909389517,3.2020996139694,0.00136429811005557,0.00433319683818787
"Os05g0526200",1105.42923723762,2.16302425437402,0.675527332670014,3.20197888340756,0.00136487002916134,0.00433400822730794
"Os05g0533500",1402.70957161061,1.05524481058463,0.329607596613621,3.20151847659516,0.00136705307679488,0.00433973419829077
"Os01g0768333",14.7362074126339,2.93881464611195,0.918012364060644,3.20128002755071,0.00136818496330772,0.00434252077983335
"Os01g0731201",30.207362500543,2.64109731676599,0.825150193741144,3.20074737520394,0.00137071651733032,0.00435005168881875
"Os01g0168500",1531.49136394708,0.468553929394766,0.146397595413781,3.20055755062393,0.00137161974642805,0.004351132260348
"Os01g0329400",1180.71972326603,0.461228303127889,0.144105761999699,3.20062360260691,0.00137130539361572,0.004351132260348
"Os10g0548000",2153.51811773539,1.09371707396494,0.341728675155409,3.20054228246297,0.00137169241970374,0.004351132260348
"Os02g0830801",535.298956590658,1.93006013856053,0.60314966405249,3.19996885282615,0.0013744243984526,0.00435878878059687
"Os01g0796500",463.463548540231,0.691786311330842,0.216231622722732,3.19928372464697,0.0013776951198712,0.00436707017392186
"Os03g0436300",978.232811417233,0.779336928627192,0.243600182902995,3.19924607338056,0.00137787507050743,0.00436707017392186
"Os04g0594000",385.844275371496,1.05773629929791,0.330623023312295,3.19922154452871,0.00137799231547613,0.00436707017392186
"Os08g0483200",360.737955777689,1.41096134652103,0.441152551467729,3.19835245614406,0.00138215239682751,0.00437924075205348
"Os11g0432400",126.728969136801,2.05630557461557,0.642965300240759,3.19815948674926,0.0013830776569499,0.00438115879513298
"Os09g0251800",341.859938589494,1.06645771113268,0.333470147650157,3.19806051200572,0.00138355244801667,0.00438215600180674
"Os10g0208900",16.7710950575058,4.14639326427838,1.29656203179576,3.19799065728892,0.00138388763807833,0.00438271086768453
"Os02g0161900",203867.801645428,1.51479608724253,0.473684789349894,3.19789894313792,0.00138432783190399,0.00438309139332819
"Os08g0433300",150.458173712951,0.731415173864531,0.228737838409597,3.19761338548106,0.00138569922954355,0.00438692644433974
"Os12g0615500",2099.2851974562,0.476028803409053,0.148887825514603,3.19723121594225,0.00138753656857797,0.00439223554257705
"Os12g0528000",606.492634188685,0.551490453055886,0.172501646880491,3.19701558233793,0.00138857425157647,0.00439501240177155
"Os04g0405300",156.267083588048,1.87029546719469,0.585042835954945,3.19685218286943,0.00138936104737094,0.00439699462143701
"Os05g0162200",5001.67723775769,0.393751787788836,0.123173600436119,3.19672223913795,0.00138998704164147,0.00439846754362308
"Os01g0348900",684.20630436448,1.35970986094027,0.425424072615993,3.19612816590097,0.00139285225939383,0.00440656856106097
"Os01g0549500",983.391068812807,0.641083930581163,0.200604867977665,3.19575460478127,0.00139465673434426,0.00441171528010436
"Os02g0125500",7.67141457437146,6.5751996508209,2.057524377583,3.19568493207593,0.00139499352453197,0.0044122710889671
"Os07g0519600",93.6413240754499,3.76213987549646,1.17735136102448,3.19542661608069,0.00139624285020426,0.00441571272485219
"Os01g0233000",9009.92149404591,0.680998451786401,0.213141854135181,3.19504798599759,0.00139807593035015,0.00442048918483447
"Os10g0377800",5174.8873495687,0.69542806752037,0.21770879559799,3.19430395823104,0.0014016844944288,0.00443111154554054
"Os04g0298600",2868.91108811759,0.548764778942631,0.171843339324872,3.19340150801647,0.00140607293896226,0.00444372261118209
"Os04g0349300",587.884213545907,1.24761684832075,0.390729603913182,3.19304407914266,0.00140781454758076,0.00444871346017359
"Os09g0392400",8537.90526487661,0.928409105970276,0.290765681589762,3.19298034380879,0.00140812531336941,0.00444918219615891
"Os12g0507350",282.328643895415,0.791914798177041,0.248053528405153,3.19251575766172,0.00141039249089101,0.00445531780855677
"Os02g0833300",1367.63079806494,0.549606681124146,0.172168558533767,3.19225929405892,0.00141164547296586,0.00445876166397693
"Os05g0508700",9013.6170490745,0.551368926468753,0.172732149440094,3.19204576713715,0.0014126894658751,0.00446154469731175
"Os03g0389900",2480.22315010146,0.769900728301519,0.241221784651213,3.19167163701543,0.00141452040930573,0.0044662972370367
"Os01g0953200",298.79129130278,0.795620414967227,0.249350722372239,3.19076843811785,0.00141894956548723,0.00447821725409155
"Os05g0460200",20878.7919979567,0.779265243849762,0.24429471621995,3.1898571361165,0.00142343141353832,0.00449080970378118
"Os08g0557700",2202.72737317642,0.401487509409031,0.125900056204289,3.18893828575871,0.00142796359493578,0.00450458952307796
"Os05g0146900",1188.6931751933,0.677043927637886,0.21231495177921,3.18886598406859,0.00142832078320969,0.00450519744045332
"Os05g0582800",589.708302255425,0.973923296982843,0.305424720577353,3.18875071782601,0.00142889039735144,0.00450647517257955
"Os03g0752800",62.6612710621042,2.57405873686195,0.807260240061767,3.18863559620501,0.00142945950582225,0.00450775101588501
"Os03g0157500",1191.51837918196,0.782279560504188,0.2453445353214,3.18849392540741,0.00143016014803161,0.00450944130479266
"Os11g0214001",186.640743707589,1.17472246859454,0.36844622766214,3.18831455012682,0.00143104771439811,0.00451172052774846
"Os05g0559000",9.93149257990054,7.01647975072446,2.20099814414042,3.18786263832344,0.0014332860696163,0.00451825742120614
"Os01g0106700",4415.35531542143,0.766236071194398,0.240404804575139,3.18727436645264,0.00143620466219673,0.00452693692775955
"Os03g0801500",556.270356430363,0.846592594847909,0.265667615234875,3.18666087358613,0.00143925421854967,0.00453602718907995
"Os07g0665100",47.6834787694302,3.06649223024164,0.962379472049716,3.18636496236822,0.00144072726970032,0.00453962505974478
"Os05g0494800",286.583629538968,1.86879789594227,0.586506697087452,3.1863197900767,0.00144095226037086,0.00453981175107181
"Os11g0620100",15680.713809315,0.684966781110471,0.215015321295912,3.18566498881163,0.00144421728346365,0.00454957511343909
"Os01g0865600",2086.6468053235,0.603744945682756,0.189536691493431,3.18537239900952,0.00144567842154623,0.00455365428295454
"Os03g0435200",348.8122531421,1.05123473764293,0.33007758510672,3.18481104163147,0.00144848554948331,0.00456144719313605
"Os11g0655800",1287.68004468225,0.56622634390855,0.177814774853735,3.18436049183376,0.00145074220550595,0.00456802848040159
"Os05g0214100",3607.40054972421,0.978240060759458,0.307222928172414,3.18413754656511,0.00145186006318545,0.0045710228724957
"Os06g0128300",3810.2790888307,0.660152529554238,0.207406497308139,3.1828922339567,0.00145811873240531,0.00458967251198735
"Os09g0401600",1205.72408602772,0.52978848833539,0.166483720693281,3.18222398039409,0.00146148747127171,0.00459921913207759
"Os01g0250900",2614.07870203015,0.449327503042903,0.141208444540186,3.18201581007452,0.00146253834478814,0.00460199744998183
"Os02g0814800",104.590019661885,1.27513542651282,0.400781654068024,3.18162124830292,0.00146453206000281,0.00460774151798034
"Os05g0423200",1771.4041785954,0.458820552389573,0.144214015516758,3.1815253929758,0.00146501679365926,0.0046087372223637
"Os06g0139700",1423.97787973474,0.87627822957773,0.275436836113055,3.18141263145375,0.00146558721002346,0.00461000221287925
"Os01g0812200",1591.10796720238,0.695387648301693,0.218622331173568,3.18077135381752,0.00146883507601859,0.00461900402690049
"Os08g0480100",18713.3905013794,0.404426560681615,0.127148267216206,3.18074771710351,0.00146895491505714,0.00461900402690049
"Os03g0647600",927.125361423539,0.613886783212247,0.193006193833938,3.18065845980276,0.00146940753422341,0.00461989689737298
"Os07g0154100",25.6864376206868,4.85993505825152,1.52798842548187,3.18060986405632,0.00146965401477611,0.00462014152630924
"Os06g0213400",1939.39990378769,0.883164011131969,0.277725463485118,3.17998933208835,0.00147280474155549,0.00462845280816272
"Os06g0656400",117.121634559394,1.08940888361157,0.342617399005136,3.17966596785481,0.00147444907662789,0.00463255731336483
"Os09g0499600",705.086803549393,0.579374047017684,0.182292654067108,3.17826327112665,0.00148160151453825,0.0046534281716222
"Os02g0572400",5971.67782140103,0.372660589056506,0.117257358407275,3.17814245620413,0.00148221905032385,0.00465483398388221
"Os03g0689866",121.07237297923,1.67783811419719,0.527999070796525,3.17772929347404,0.00148433269128571,0.00466093737785246
"Os01g0502400",2657.08372468963,0.528333616480824,0.166277314567953,3.17742452031788,0.00148589361681374,0.00466423470755731
"Os05g0543800",117.762594167147,1.47904697970583,0.465622296294085,3.17649517962875,0.00149066266826871,0.00467759664870527
"Os03g0425000",517.866369252767,1.4553975448328,0.458194670223048,3.17637379789756,0.00149128659708417,0.00467901846285595
"Os12g0562232",49.421773731799,1.93571399761752,0.609428887518126,3.17627542320916,0.001491792441151,0.00468006949439549
"Os07g0565600",876.783908973862,1.32513137756835,0.417414186866006,3.17461988419127,0.00150032899767663,0.00470200361274149
"Os09g0557800",3858.44590826852,0.709311389258133,0.223457218598687,3.17426035151724,0.00150218881584828,0.00470729365689282
"Os03g0655600",3665.40940432019,0.523174759084802,0.164828412529845,3.17405689380205,0.00150324221832336,0.00471005577694979
"Os04g0672800",1895.7978479843,0.491741742628991,0.154941177580648,3.17373180136724,0.00150492679715193,0.00471425547813225
"Os10g0521400",481.324876401055,0.556345151636957,0.175373365598962,3.17234689393593,0.00151212267687081,0.00473571372537941
"Os06g0270900",17580.735218181,0.593188269612103,0.187032079919893,3.17158569731016,0.00151609128516842,0.00474759990763097
"Os01g0893400",77.0042254353608,1.88266181248269,0.593621429684524,3.1714855939133,0.0015166139019032,0.00474815080432399
"Os01g0805700",5046.66657031294,0.356371374222765,0.112403259072444,3.17047189880039,0.00152191552697815,0.00476212334970625
"Os04g0395900",1774.99837259853,0.658842736415283,0.207818977029829,3.17027225247441,0.00152296168721544,0.00476421237717202
"Os06g0161300",1719.16129925294,0.870307592532659,0.274527047276347,3.17020709313419,0.0015233032699079,0.00476473676670633
"Os07g0232800",167.551100889829,2.70913613873024,0.854665923908318,3.16981882972657,0.00152534011403049,0.00477028909346441
"Os03g0219700",1129.76596411298,0.819694168996716,0.25862174379861,3.16947120128853,0.00152716591382266,0.00477518282483065
"Os01g0559500",508.732467282526,1.26257042634758,0.398445612550477,3.16873968887693,0.00153101450970388,0.00478612399398528
"Os03g0152900",1491.17568083136,0.668972993571499,0.211126164458887,3.16859350562288,0.00153178467174173,0.00478798515847059
"Os02g0250300",1845.56206160752,0.288221480478888,0.0909670523155238,3.16841618082971,0.00153271938098216,0.00479036017394824
"Os03g0815800",2191.17764424089,0.79610819596676,0.251342642904525,3.16742191761375,0.00153797004970733,0.00480567392556851
"Os01g0689451",3104.01139826368,0.955559430518002,0.302022014796201,3.16387343870545,0.00155684480033784,0.00486021608457419
"Os04g0563100",1229.09390520741,0.694992525044937,0.219669579698647,3.16380868938867,0.00155719118224264,0.00486074343849667
"Os05g0580500",341.081304639882,1.19995516162901,0.379283750341321,3.16373997185262,0.00155755887009198,0.00486133717077135
"Os04g0492600",1874.02681007106,0.642635921096945,0.203170970528785,3.16303022732225,0.0015613611896144,0.00487209436599773
"Os03g0103900",115.750535362457,1.82799120647032,0.577983297100181,3.1627059391536,0.00156310134421598,0.00487606965329422
"Os07g0595700",271.191576778453,1.07856834767507,0.341028435366394,3.16269330009468,0.00156316920249632,0.00487606965329422
"Os08g0382400",1299.06809584257,1.64051066658894,0.518702724377685,3.16271843098018,0.0015630342790817,0.00487606965329422
"Os08g0104300",3229.38457721843,0.749979461673835,0.237245952163992,3.16118970559054,0.00157126128664142,0.00489685037005292
"Os12g0160500",1849.45708453328,0.932844291004494,0.295171462830417,3.16034714893979,0.00157581262479356,0.0049104759505939
"Os07g0100500",2244.12619600443,0.464627536958099,0.147048370338765,3.15969184757169,0.00157936083187079,0.00491873479770014
"Os03g0357200",60.2381623372563,1.39804269471206,0.44246107287809,3.15969648045685,0.00157933572076678,0.00491873479770014
"Os06g0218500",1799.46205674292,0.821576269973435,0.260079932315212,3.15893757222952,0.00158345405052997,0.00492980107957109
"Os08g0270500",1139.22875759455,1.00204561279767,0.317220259968335,3.15883232961759,0.00158402594537585,0.00493102110123762
"Os12g0228900",1456.91531818604,0.605129514512691,0.191620103691227,3.15796465431302,0.00158874819822126,0.00494459742046116
"Os06g0159600",3775.87827180451,1.78168242361544,0.564238512354382,3.15767602636882,0.00159032190288151,0.00494799556139403
"Os05g0565900",55.5157943517471,2.5550842357684,0.80919479193465,3.15756386624735,0.00159093382778892,0.00494915030970657
"Os08g0445700",471.454186215787,1.1529080764967,0.365175078895574,3.15713788570546,0.00159325987443259,0.00495469814039319
"Os02g0298100",1167.81415968466,0.597137286693001,0.18916956864705,3.15662445584539,0.00159606759455813,0.00496117651867245
"Os02g0817700",27352.7559243094,0.479039048405737,0.151767250864503,3.15640591548581,0.00159726407623706,0.00496433227189486
"Os02g0307000",3628.19136368798,0.664439952214955,0.21052261370551,3.15614527351635,0.00159869213863581,0.00496820698540657
"Os05g0465000",32.941447991096,2.27934046530922,0.722241249184083,3.15592673207768,0.00159989043719933,0.00497136687071206
"Os09g0570150",8.22951453399217,7.0660052637093,2.23908779571039,3.15575176518145,0.00160085040529269,0.00497378555482894
"Os02g0151400",3813.71956951676,0.398341030756316,0.126281458478387,3.15439048262569,0.00160833730681749,0.00499421462090895
"Os01g0747800",2160.86110205655,0.588388264559672,0.186581351875818,3.15352128518869,0.00161313464092757,0.00500797585284452
"Os01g0182600",33899.1931484537,0.37251132156034,0.11813577610295,3.15324733834833,0.00161464935462233,0.00501211020766774
"Os11g0706801",8.45177372293552,7.13870261432763,2.26400702893926,3.15312740776794,0.00161531288969039,0.00501360174068096
"Os06g0227500",12.2491984855868,3.04401867571021,0.965598572163685,3.15246807883038,0.00161896521691684,0.00502323020577358
"Os01g0909200",3534.02544288433,0.645333546466074,0.2047328311745,3.15207650264963,0.00162113793398687,0.00502940187448572
"Os07g0626400",925.560810740383,0.75286546115867,0.238853650916996,3.15199478119051,0.0016215917156707,0.00503023994155562
"Os06g0622300",2500.79764088681,0.57016303495925,0.180928427616096,3.1513181343125,0.00162535348398249,0.00504133815873225
"Os10g0516900",383.727132620313,2.04315109025289,0.648448266553664,3.15083129316039,0.001628065007616,0.00504860507456243
"Os01g0560200",2145.02605906789,0.503108459227466,0.159684314869969,3.15064419218098,0.001629108197241,0.00505126812662761
"Os10g0475900",131.200208759173,2.17114862061406,0.689135817008406,3.1505380608995,0.00162970021020869,0.00505233155644576
"Os11g0672200",112.096278585179,2.30490345720844,0.731595406911799,3.15051657710355,0.00162982007348234,0.00505233155644576
"Os03g0338200",936.898329388654,1.37225158566646,0.435585294319848,3.15036252040874,0.00163067983061263,0.00505442471883111
"Os12g0570000",7892.6372072189,0.992805951011933,0.315159312820695,3.15017170879788,0.00163174528762315,0.00505715491890538
"Os05g0395300",2765.07540866321,0.474216692480971,0.15056147038365,3.14965502975367,0.00163463354549285,0.0050644266233267
"Os01g0280000",3135.63930558699,0.608156648962185,0.193128739261054,3.14897022208659,0.00163846889986231,0.00507569572903512
"Os08g0433500",168.577156190288,0.889205297605058,0.282448644832058,3.14820167798565,0.00164278309194077,0.0050879095060323
"Os08g0526400",1173.38076280342,0.743371925861225,0.236131025440933,3.14813322168534,0.00164316787526128,0.00508852586447505
"Os01g0570800",1091.46395337435,0.948600197684117,0.3015729190747,3.14550855758089,0.00165798344376184,0.00513002771867803
"Os06g0152200",2570.74291062665,0.513788764296052,0.163341216876152,3.14549367344076,0.00165806781035583,0.00513002771867803
"Os03g0319000",88.4935372098895,3.20494821553299,1.01900910334307,3.14516151525879,0.00165995158425428,0.00513411628774942
"Os02g0817900",1799.68452254218,1.16661550575751,0.370938627191369,3.14503645681431,0.00166066134029049,0.00513506860175837
"Os04g0430600",1321.54621730806,0.767394686753436,0.244004035802604,3.14500817262812,0.00166082190292349,0.00513506860175837
"Os02g0101700",10884.6709621435,0.680995713462053,0.216552299490754,3.14471707325891,0.00166247523535064,0.00513960035795592
"Os07g0563800",20864.282101814,0.794687931370838,0.252729591249203,3.14441980237778,0.00166416518228869,0.00514250321616307
"Os10g0471350",4390.66201927617,0.514647917680966,0.163777939782397,3.14235188429376,0.00167596484058756,0.00517546256465995
"Os05g0574800",153.271037258189,1.35106590695518,0.430050622245075,3.14164388346179,0.00168002238818189,0.0051868229525124
"Os01g0196800",14.2771549235734,6.23131629510325,1.98371901186762,3.1412293060783,0.00168240252130384,0.00519300061539705
"Os12g0235600",350.18737307927,1.80888199288535,0.57603319594583,3.14023914874422,0.00168809967739903,0.00520823814638848
"Os02g0640800",6.82426277441232,6.47194390629744,2.06129318812933,3.13974932996838,0.00169092454727462,0.00521636606311513
"Os03g0823100",1854.99952043729,0.701682833332984,0.223494071438252,3.1396037882233,0.00169176474935896,0.00521837029838867
"Os03g0189100",1045.00517273359,0.816598540313139,0.260106647100109,3.13947586275582,0.00169250357103207,0.00522006140233527
"Os04g0464800",598.332994543734,0.676384316236645,0.21545797818655,3.13928647214452,0.00169359792391283,0.0052210850572759
"Os02g0614500",887.492823760323,0.758454437061312,0.241643732506455,3.1387300187521,0.00169681703671728,0.00522879096012226
"Os04g0499150",52.2737241324996,2.39212779690314,0.762276879584128,3.13813505429707,0.00170026516324823,0.00523810179805785
"Os02g0165200",1132.25157962062,1.17738858219734,0.375225216629414,3.13781838218023,0.00170210306882366,0.00524317421931499
"Os10g0391100",2420.16858017759,0.536130589867051,0.170918539835823,3.13676088259376,0.00170825384610181,0.00526093783433492
"Os11g0171400",610.208587520339,0.664449979138029,0.21184724140284,3.13645801917496,0.00171001916472702,0.00526459873452149
"Os01g0151400",802.511832412963,0.803428363556515,0.256190218287049,3.13606182518769,0.00171233101806473,0.00527105377064938
"Os03g0689688",83.6200846177393,1.4819818459898,0.47260832462731,3.13575061793179,0.00171414897603294,0.00527517479805838
"Os03g0257600",1136.29485728559,0.988452904515936,0.315387027941912,3.13409499105331,0.00172385041435519,0.00530203680392862
"Os12g0566900",2684.0046872684,0.45879321684403,0.146388349694122,3.13408285428913,0.00172392171792882,0.00530203680392862
"Os01g0548600",251.045059743111,1.93133726668864,0.616251129749532,3.13401010311106,0.00172434918846392,0.00530216082411488
"Os05g0567500",936.963682186426,0.906151819343465,0.289132998698361,3.13403113246444,0.00172422561441632,0.00530216082411488
"Os02g0318400",12.5701057818112,4.76946882175449,1.521914006374,3.13386222991527,0.00172521836052776,0.0053042379743199
"Os03g0213200",429.567927443031,1.07343787772752,0.342567067433166,3.13351159459292,0.00172728094248696,0.00530886876848867
"Os08g0547300",494.747834004464,1.67279449677667,0.533840938013162,3.13350733835146,0.00172730599338363,0.00530886876848867
"Os06g0258900",9041.99792656271,0.511672232386892,0.163304243554476,3.13324517017958,0.00172884967692825,0.00531251690085994
"Os11g0207100",4624.22622024925,0.392365983673684,0.125226921383188,3.13323987637662,0.00172888086065735,0.00531251690085994
"Os03g0685000",484.05071268147,1.93802621799061,0.618719604916478,3.13231745461214,0.00173432239157807,0.00532625009840956
"Os05g0272400",7.84427640652078,7.0310373999648,2.24591159163922,3.13059402077045,0.0017445314582801,0.00535340143107217
"Os12g0121300",1157.01255157382,0.476684798803028,0.152315346249231,3.12959140717861,0.00175049601224947,0.00536989990721528
"Os08g0305300",9327.33428793023,0.485603161903169,0.155168064460327,3.12953031664146,0.00175086004553706,0.00537041517439032
"Os05g0392700",4214.63974449349,0.694012205988263,0.221766442199527,3.12947350872793,0.00175119862149252,0.00537085224961388
"Os02g0321500",648.037544676794,0.591261242837489,0.18893560330909,3.12943263462214,0.0017514422689698,0.00537099811793012
"Os07g0122000",471.071573630902,5.72245242652478,1.82872393713655,3.12920518527532,0.00175279864682973,0.00537395430213936
"Os03g0683900",1168.73574263186,0.827038871493287,0.264301628648822,3.12914784415565,0.00175314074887981,0.005374401595139
"Os01g0695700",1006.48111578338,0.807384216871394,0.25807264436522,3.1285153017954,0.00175691862688964,0.00538357289508158
"Os04g0446000",32.7169719776121,3.3936397157476,1.08489555806971,3.12807964831722,0.00175952493140408,0.00539035313679556
"Os06g0702800",2020.17464841919,0.593038230413251,0.189587719233395,3.12804137742266,0.00175975405746007,0.00539045217936578
"Os07g0456400",1804.79798157634,0.489113054228824,0.156412676188022,3.1270678703871,0.00176559163019719,0.00540772898834075
"Os07g0185000",1273.28218675826,0.630828387219287,0.201773204142504,3.12642300497819,0.00176946832102403,0.0054177852426972
"Os07g0243150",272.820846162633,2.42412224976399,0.775381503675113,3.12636068602908,0.00176984337369819,0.00541832791426928
"Os01g0762300",807.018092103645,2.08090442724815,0.665765159489335,3.12558324446457,0.00177452837871989,0.00543197163608942
"Os06g0264650",252.949724165359,1.01336637438236,0.32429041992751,3.12487299072506,0.00177881846019193,0.00544276323091122
"Os07g0605200",613.379572947998,1.45238729561667,0.464836596814985,3.12451150698609,0.00178100555683068,0.00544823801732735
"Os08g0564900",746.945445580335,0.601522284641,0.19253877214151,3.12416183997943,0.00178312351004927,0.00545410787981682
"Os05g0571000",3263.86515504386,0.682806124561366,0.218564471255406,3.12404903065634,0.00178380729641136,0.0054555901804381
"Os04g0545200",627.919489051875,0.909539400444353,0.291286861109702,3.1224868742082,0.00179330101776953,0.00548156547011775
"Os07g0417200",559.786979383035,3.20941786880015,1.02785740541607,3.12243493298663,0.00179361747737509,0.00548192103579348
"Os12g0624800",247.213258805662,0.747536669687998,0.23946586383095,3.12168364095401,0.0017982005799731,0.00549408946860494
"Os03g0359700",1911.75182818001,0.985840926629597,0.315826994560374,3.12145872141763,0.00179957474743897,0.00549767476099719
"Os07g0661800",389.040448935883,0.853672889710185,0.273618023417168,3.11994392419334,0.001808854714278,0.00552456245187007
"Os01g0672201",92.1123042553866,1.8498056067512,0.592915867974731,3.11984500106183,0.00180946226538601,0.00552466909520856
"Os11g0128300",315.179937874758,1.04015457466652,0.333480108501043,3.11909030898995,0.00181410349550716,0.00553650237832162
"Os12g0133400",173.026425491342,1.12456337260031,0.360573041164302,3.1188226634167,0.00181575209726531,0.00553968207799
"Os03g0346700",3562.34737125944,0.536151486330774,0.171917805646748,3.11865012651711,0.00181681559309229,0.00554230937859348
"Os03g0743900",29585.9855588685,0.693972245686346,0.222536219673541,3.11846874501777,0.0018179342230969,0.00554448683942181
"Os12g0182700",303.378569264388,0.80419535883008,0.257993627827031,3.11711326207344,0.00182631392239327,0.00556942380853641
"Os08g0425800",1401.94439082539,0.628433820945225,0.201624431499182,3.1168535294681,0.0018279236558137,0.00557309181393512
"Os02g0195300",2736.5167953592,0.421569454164231,0.135267480022546,3.11656174931303,0.00182973356387413,0.00557715136199979
"Os02g0750200",937.179546023856,1.67540862747191,0.537586042988866,3.11654041120001,0.00182986598847403,0.00557715136199979
"Os08g0189500",56.7848600807712,3.03906541776858,0.975153991173678,3.11649795342663,0.00183012950814942,0.00557733392943044
"Os02g0794900",1691.43610691843,0.808719205507851,0.259526697101348,3.11613107453079,0.00183240804255274,0.00558284572876797
"Os07g0687700",9381.56876738573,0.71407113655237,0.229178165081253,3.11579044320912,0.00183452589735008,0.0055882449793501
"Os07g0614100",728.264984877027,0.921399470808631,0.295726101520184,3.11571912682772,0.00183496958731538,0.00558835356528302
"Os06g0152700",36.7573369671117,3.82912487415642,1.22906939327534,3.11546678739776,0.00183654029152307,0.00559127210460247
"Os07g0534700",771.082809091699,0.808854113527543,0.259620935654025,3.11551959971917,0.00183621145539643,0.00559127210460247
"Os01g0901600",357.753715356551,1.20291508932482,0.386178846524448,3.1149170912671,0.00183996619074344,0.00560107956553162
"Os10g0556900",2344.13448916579,0.756227741163026,0.242788015097148,3.11476553264144,0.00184091178942604,0.00560333535105776
"Os05g0212200",2048.28723503216,0.636950390656341,0.204505567308013,3.1145870454324,0.0018420259724326,0.00560610371232236
"Os05g0310600",1014.76510417385,1.45575002169041,0.467520497016476,3.11376727005642,0.00184715127508291,0.00561982900986295
"Os06g0505202",62.9386155775653,1.78411721524415,0.573045517794253,3.11339528858285,0.00184948125245696,0.00562504341395165
"Os01g0386700",3618.06199633592,0.626418610238978,0.20127226779742,3.1122946896463,0.00185639088819497,0.00564375808750969
"Os02g0748300",5867.50792567845,0.481955741315254,0.154857599462824,3.11225114548515,0.0018566647485141,0.00564375808750969
"Os07g0414200",533.15255422001,0.670335668045471,0.215385405991703,3.11226132039463,0.0018566007525941,0.00564375808750969
"Os11g0615900",182.260367743642,1.60178326844214,0.514669430727949,3.11225647533908,0.00185663122571195,0.00564375808750969
"Os09g0482500",88.848836645783,2.22827990666416,0.716029597968937,3.111994131227,0.00185828193285477,0.00564804709529792
"Os10g0461400",662.992982961801,1.8636371067564,0.598876565876807,3.11188851416798,0.00185894687127442,0.00564944122390743
"Os01g0919400",307.556762519737,1.64247879035749,0.527971537432007,3.11092298336066,0.00186503575109527,0.00566543132508045
"Os01g0165000",1019.51453946022,0.614767138321152,0.197682897841888,3.10986506689546,0.00187172826925609,0.00568261017769823
"Os09g0527600",748.333148845903,0.568568915024017,0.182826259026074,3.10988650127622,0.00187159245387918,0.00568261017769823
"Os11g0507400",262.086509769142,0.926571696095138,0.297954616062612,3.10977459701591,0.00187230161630784,0.00568372088798492
"Os07g0646400",45.5993504368549,2.08178497482723,0.66947947503659,3.10955757786817,0.00187367761895697,0.00568726769291338
"Os01g0845000",180.036261006872,1.5682849348475,0.504488117941466,3.1086657526183,0.00187934196509382,0.00570382889372686
"Os01g0327600",1354.89396323645,0.888675532959472,0.285887022798582,3.10848503811093,0.00188049167153753,0.0057066859489347
"Os03g0741400",5938.99811801322,1.07963964843641,0.3473657597882,3.10807734502876,0.00188308778983295,0.00571393127853266
"Os01g0954000",430.761687623921,0.876853538942472,0.282172527109352,3.10750854424131,0.00188671531460103,0.00572240274412985
"Os05g0456100",329.521466063928,3.90027559179242,1.25514867573518,3.10742119016928,0.00188727298306294,0.00572346039405194
"Os11g0258400",88.4208215728053,2.41271918485367,0.776466536190779,3.10730607488905,0.001888008110319,0.00572381500143966
"Os12g0572500",364.770274065202,0.897479128963023,0.288828441153122,3.10730870332547,0.0018879913221658,0.00572381500143966
"Os10g0162852",41.1539911496274,2.02926087159217,0.653192792306462,3.10667982790613,0.00189201193879925,0.0057352920557382
"Os11g0104150",960.431559485523,1.27717140394515,0.411132734788807,3.10646975021636,0.00189335678897972,0.00573873362918487
"Os05g0405500",292.234855566172,0.937059410514224,0.301702784674537,3.10590242488176,0.00189699301261266,0.00574721110590347
"Os01g0724500",750.515388793583,0.994408843900734,0.320228606605115,3.10530921782067,0.00190080198153665,0.00575747728367469
"Os07g0544800",11074.6847443596,2.52853691246064,0.814290118391898,3.10520397503304,0.00190147847623428,0.00575850681704622
"Os05g0593000",1082.18438961153,0.967796142013662,0.311680876778244,3.10508669000644,0.00190223263828047,0.00575989986680745
"Os06g0202400",478.92819128943,0.840771656839599,0.270786959832934,3.10491929655079,0.00190330948161888,0.0057624790208439
"Os12g0121000",288.693762015399,0.806566477869156,0.25977305709288,3.10488888607403,0.00190350517252366,0.0057624790208439
"Os01g0621900",16088.9425805619,0.598704347410819,0.192858808137354,3.10436610696268,0.00190687213779351,0.00577075844948646
"Os08g0117900",1277.82474757637,0.423874348472465,0.136554836430833,3.10405958186009,0.00190884885925004,0.00577546438790653
"Os02g0435000",2130.26101353555,0.482493723299841,0.155497713243308,3.10289915675403,0.00191634927701891,0.0057962370855593
"Os02g0564100",2921.42318732783,0.516926631135325,0.166604361385227,3.10271968174994,0.00191751172889192,0.00579838420230144
"Os02g0596000",1257.78751836485,1.79988791494797,0.580105339631153,3.1026915147728,0.00191769422396586,0.00579838420230144
"Os01g0884400",649.854074817494,0.933211981044179,0.300897251262755,3.10143072802371,0.00192587926993555,0.00581992046368102
"Os01g0151600",1311.0591087736,0.451461382609762,0.145571714549152,3.10129879288689,0.00192673764630125,0.00582147475666211
"Os03g0197000",1630.69707018863,0.520265116266147,0.167757845886012,3.1012863423369,0.00192681866831801,0.00582147475666211
"Os12g0147200",103.538579687523,1.75990874155033,0.567572658562735,3.10076377887361,0.00193022207525238,0.00583047120238619
"Os01g0731600",308.937337666531,6.32725459938127,2.04064979659536,3.10060776226168,0.00193123926636818,0.00583225741401223
"Os01g0704200",342.37384586459,0.739699789836999,0.238607517917435,3.10006908538799,0.00193475509584437,0.00584223093708225
"Os05g0419000",291.878363799346,1.28815214138223,0.415811883984825,3.09792045633126,0.00194883729145971,0.00588216002758929
"Os01g0732200",1167.95806632831,0.452075641777182,0.145995674751714,3.09650023910639,0.00195819704084124,0.00590715585304873
"Os01g0728900",768.393490872278,0.671795247752795,0.216991319243016,3.0959544837848,0.00196180473042653,0.00591738722289539
"Os04g0549650",4.57765412883213,5.52377093335915,1.78431356119449,3.0957400389096,0.00196322397713561,0.00592101607109903
"Os01g0857900",1304.34585263122,0.766590705750857,0.247651653037804,3.0954394866641,0.00196521468899025,0.0059238553786169
"Os05g0501400",40.4413532680062,3.551522072593,1.14735406168166,3.09540201338339,0.00196546302365267,0.0059238553786169
"Os01g0872000",154.880543644125,1.18819990806745,0.383873521612731,3.09529009210007,0.00196620489521707,0.00592543935360223
"Os04g0615100",3571.85661599367,0.489607024262213,0.158205349553727,3.09475643929436,0.00196974575541882,0.00593480431049134
"Os03g0399532",947.036895889571,1.10439210787765,0.356981971909557,3.09369154405773,0.00197682898317165,0.00595242651362409
"Os08g0474866",67.6188130326588,1.67148170262434,0.540313901081625,3.0935382178365,0.0019778507670053,0.00595463952066853
"Os01g0178100",925.944421308574,0.583073159447417,0.188499248810009,3.09323863690887,0.00197984860838649,0.00595934431124333
"Os01g0170800",246.865612541796,0.895098631654533,0.289392227638784,3.09302927365342,0.00198124590675844,0.00596289491616531
"Os04g0649500",3601.02057666268,0.700470790049109,0.22648600793634,3.09277732620902,0.00198292861369833,0.0059666481003857
"Os06g0147200",7.68237638886096,7.00058375443613,2.263610550258,3.09266262857726,0.00198369509084175,0.00596780610152451
"Os02g0184500",3473.8877152812,0.406920292490764,0.131615074220849,3.09174534071951,0.00198983473964072,0.00598479887487634
"Os02g0144300",874.24234288991,0.932822068073297,0.301732249134389,3.09155574437065,0.00199110593089224,0.00598665011559486
"Os03g0351100",5246.10207862086,0.842644190725977,0.272605865792323,3.09107138350399,0.00199435682210117,0.00599510839707783
"Os05g0333600",83.3549484250782,1.55885089533466,0.504375286809604,3.09065677106244,0.00199714345088666,0.00600282632099598
"Os07g0417800",281.754042858844,0.80041505820075,0.259018562825464,3.09018415309523,0.00200032429559327,0.00601172731847656
"Os01g0115900",264.955774628985,2.34460607724954,0.758758035734824,3.09005765583608,0.00200117644423277,0.0060129688442277
"Os08g0123300",413.251629965291,0.74118276637154,0.239872500135742,3.08990303578822,0.00200221849450756,0.00601544003324081
"Os02g0153900",194.798010928809,0.767687904065316,0.24848141954756,3.0895183449255,0.00200481325102016,0.00602257509965926
"Os03g0188100",682.694971067817,1.85281096183296,0.599784068486959,3.08913000391448,0.00200743575773491,0.0060295127853954
"Os02g0224100",2571.26088364224,0.793229812794616,0.256833279584616,3.08850089084066,0.0020116909049619,0.00604124828174666
"Os03g0638800",7097.6885065315,0.634904900011876,0.205604316844587,3.08799401566938,0.0020151252881242,0.00604904578843127
"Os08g0412100",469.977019986138,0.708826735794419,0.229559338613121,3.08777129293361,0.0020166360690434,0.00605278090808326
"Os09g0431600",552.382824303005,0.866799244375959,0.280729437126189,3.08766780302533,0.00201733841916613,0.00605422555487886
"Os07g0232850",12.0797402615399,7.09358292724481,2.29744512071159,3.08759624475718,0.00201782419157889,0.00605501998592652
"Os07g0117200",44.2975287619718,5.20561033623029,1.68612247769705,3.08732633903336,0.0020196574093832,0.00605919343925686
"Os11g0531800",353.365608113629,1.08515217160044,0.351557008739259,3.08670327891335,0.00202389511326336,0.00606991252024489
"Os10g0544950",250.24100951873,1.22686269062011,0.397479529469372,3.0866059750497,0.00202455765544989,0.00607123480845499
"Os06g0720301",103.233663950494,1.44454779438928,0.468295612501896,3.08469213852271,0.00203762949228821,0.00610709152240577
"Os04g0647425",12.2669558915201,3.69359514441201,1.19768043208738,3.08395716040432,0.00204267006795517,0.00612018987435571
"Os08g0558200",411.8522017804,1.51640617044133,0.491730090206907,3.08381813649693,0.00204362479772133,0.00612238071031224
"Os05g0510300",2661.42483105551,0.542173143715502,0.175843518310996,3.08327056307312,0.00204738917494383,0.00613231677319698
"Os09g0130800",4679.22571670958,0.911183555526775,0.295542387837432,3.08308923871857,0.00204863711838578,0.00613538369885249
"Os06g0562700",872.684908084555,1.36776383927166,0.44378492868155,3.0820421129108,0.00205585750014553,0.00615501877646639
"Os10g0418100",75.4485244597017,2.03938268227576,0.661724103462627,3.08192292165906,0.00205668085326588,0.00615610810313688
"Os02g0768000",311.768451376392,4.36320527978098,1.4157597757936,3.08188250180735,0.0020569601354848,0.00615627131458305
"Os02g0750100",1162.06660162865,1.85284296461885,0.601286308361307,3.08146541648092,0.002059844031994,0.00616422898288513
"Os08g0162400",623.186340149608,0.670787145556429,0.217699354672571,3.0812546347017,0.00206130287292271,0.00616792079880117
"Os03g0697833",79.3237645351544,1.22668635029501,0.398172648849456,3.08079008902191,0.00206452138518308,0.00617687659874929
"Os01g0758900",1425.79195580456,0.471873889169679,0.15319806657666,3.08015564239223,0.00206892447013726,0.00618734688956541
"Os02g0255700",2663.54237440845,2.82705270503095,0.917888223277434,3.07995312864633,0.00207033173628251,0.0061908795402308
"Os06g0326700",2503.41912099835,0.733595208437953,0.238240671533421,3.07921902551824,0.00207544037593014,0.00620536764088307
"Os10g0162848",51.2132410920036,2.02728792595806,0.658383121772869,3.0791918245095,0.00207562989032057,0.00620536764088307
"Os11g0515700",175.974193419225,2.2065435484565,0.716648278305193,3.07897697553223,0.00207712734029208,0.00620848919445006
"Os04g0191500",497.434731100152,2.41881643556246,0.785622385187968,3.07885376125546,0.00207798656367323,0.00621037970164467
"Os11g0151700",224.727073432487,2.06850447340445,0.671861738611793,3.07876510080544,0.00207860503082319,0.00621087273909436
"Os10g0559050",81.8131190360598,2.99426556494324,0.972566444579294,3.07872596431031,0.00207887808829993,0.00621101109474513
"Os04g0479700",155.072314075527,1.49182586215401,0.48466088368635,3.07808183488447,0.00208337694450171,0.00622377335443848
"Os02g0722700",7241.37850537624,0.496961653840254,0.161455698296466,3.07800628335663,0.00208390521117791,0.00622467258880851
"Os07g0598900",1831.73092577631,0.638909609695378,0.207591382213354,3.07772703704401,0.00208585880628379,0.00622914942901431
"Os07g0298900",46.0852364493167,3.71037108972056,1.20557918072949,3.07766685841026,0.00208628003335287,0.00622972815802557
"Os03g0454100",1620.28343328097,0.445034127877237,0.144707904357999,3.07539612194403,0.00210223143899384,0.00626779376787638
"Os03g0133900",1727.58988639316,0.802603504723845,0.261007431510026,3.07502165773779,0.00210487268310297,0.00627498559674287
"Os11g0498600",659.445216842986,0.931631235173032,0.302974378140237,3.07495056476957,0.00210537447353578,0.00627579847694183
"Os03g0340900",3582.29961268387,0.853165237056725,0.277485446637808,3.07463057033882,0.00210763442595136,0.00628185142124415
"Os09g0514400",4132.16430570839,0.751370418285658,0.244403427150821,3.07430393691652,0.00210994356037857,0.00628804962053416
"Os12g0489100",1731.28661018285,1.31942901448552,0.429253966365368,3.07377244678145,0.00211370588862934,0.0062985768054228
"Os11g0246200",5386.76166495964,1.1211671181456,0.364780123621365,3.07354223967903,0.00211533739425189,0.00630275280821858
"Os01g0272600",651.14983758676,0.641902697341212,0.208861326833909,3.07334396018496,0.00211674355067113,0.0063062565364839
"Os03g0423800",9181.15853151287,0.826135630699089,0.268812267547928,3.07328098615066,0.00211719032858603,0.00630690160851548
"Os09g0364400",76.1959998189834,2.63038246005629,0.855987663627327,3.07292099153602,0.00211974602031167,0.00631382810377957
"Os03g0829466",52.107934403329,2.46721124609261,0.802899681402768,3.07287610549561,0.00212006487581251,0.00631409122685446
"Os06g0255100",303.806818095005,1.13914576659559,0.370741302172229,3.0726162958407,0.00212191134142237,0.00631890340866494
"Os12g0258700",621.858284920221,2.35538748834748,0.766596969338095,3.07252387180867,0.00212256855398479,0.0063201734169146
"Os05g0299700",4731.24868568665,0.515261602473867,0.167721541684629,3.0721253650454,0.00212540441015775,0.00632792958680771
"Os03g0734100",4628.9538657553,1.26879483142854,0.41302075601236,3.07198806103239,0.00212638229826065,0.00633015297594364
"Os08g0359300",659.003086740549,0.68703765836879,0.223650404130561,3.07192674674406,0.00212681911584737,0.00633020047457043
"Os03g0704000",2275.67996256509,1.38002171233156,0.449377131397225,3.07096560085452,0.00213367731148328,0.00634910974892325
"Os03g0315400",288.619675978711,1.73503201418739,0.564996529880142,3.07087198315264,0.00213434639728401,0.00635041083728073
"Os09g0518200",7457.39230120017,0.84095584887846,0.273965570655709,3.06956763532629,0.00214368860737855,0.00637543698639585
"Os10g0559300",30.2147482245882,3.25329830362,1.05998668232191,3.06918790384575,0.00214641541927833,0.00638285362603982
"Os09g0131200",713.99484751415,1.0284565673178,0.335150452762652,3.06864143801751,0.00215034511461598,0.0063938453142039
"Os03g0326000",1182.04273235,0.492681116891675,0.160563793369893,3.06844467579736,0.00215176166755159,0.00639736283902156
"Os01g0655500",3268.04111913022,1.5664097423331,0.510677807209931,3.0673150863773,0.00215991050369682,0.00641761714258108
"Os04g0480801",6.39900887785094,6.38590186653391,2.08192562901351,3.06730546833211,0.00215998000939926,0.00641761714258108
"Os01g0908800",428.709435742843,0.717393891595598,0.233892668948601,3.06719272057753,0.0021607949445091,0.00641934211768425
"Os06g0116100",14206.4767669396,0.487901934589552,0.159073745626858,3.06714305787476,0.00216115399344863,0.00641961850344151
"Os08g0343300",4929.95772943271,0.36716423728963,0.119715219955781,3.0669804342777,0.00216233010428006,0.00642181328053076
"Os07g0534500",121.011955358487,3.85797845834746,1.25831058955168,3.0659985621849,0.0021694435809803,0.00644154245275136
"Os02g0595700",2970.84788075148,1.47290968782015,0.480417411074682,3.0658957270622,0.00217018984163208,0.00644305982572558
"Os03g0215900",155.476707199371,1.08514776887453,0.353975599122919,3.06560048648356,0.00217233367065999,0.00644802682846204
"Os10g0374700",391.862428881897,1.32122163275036,0.430989710579326,3.0655526113939,0.0021726814886962,0.00644836045691598
"Os04g0249700",863.668948733767,1.17563243915571,0.383587903512876,3.06483188961209,0.00217792378824574,0.00646251873944741
"Os05g0549000",5816.93312855272,0.498690718338443,0.162749197805088,3.06416698247377,0.00218277039002087,0.00647549699480792
"Os03g0299800",193.876199368034,1.31266689791043,0.428512526347002,3.06331044532278,0.00218902838061593,0.00649054734503692
"Os07g0287100",1360.91291944027,1.22400065187587,0.399665405112242,3.06256342485314,0.00219449964695191,0.00650395367124647
"Os02g0618400",103.74220283306,3.89234658347997,1.27097587250181,3.0624866039496,0.00219506300251582,0.00650491947440343
"Os07g0120400",250.991384260365,0.791446898093481,0.258495910506207,3.06173856500711,0.00220055557730298,0.00651978559414884
"Os12g0287300",1304.2887503335,0.627086864740548,0.204826725101252,3.06154806913287,0.00220195632938854,0.00652181940076573
"Os03g0176700",488.346414659748,1.29648800112731,0.423496696685192,3.06138869860197,0.00220312883874078,0.00652458666039017
"Os06g0554600",1668.44531161392,1.14625775066989,0.37454901933544,3.06036777963986,0.00221065345382218,0.00654334627863322
"Os01g0235800",1656.28349469621,0.404668974896598,0.132234408253792,3.06023961721017,0.0022115997286194,0.00654542713847801
"Os05g0301600",2896.76155881104,0.422646869247304,0.138133325807174,3.05970240546654,0.0022155702196726,0.00655505334705684
"Os11g0210500",42619.5048149533,1.57523307054977,0.514953120690492,3.05898344384741,0.00222089423211445,0.00656938595160334
"Os04g0177600",2266.87822722998,0.515003087226463,0.168399319874322,3.05822545845681,0.00222651991512557,0.00658460451254637
"Os01g0722700",1722.6012194812,0.758599088748025,0.248071237716341,3.05798888952798,0.00222827837533004,0.00658696017468866
"Os02g0627900",78.9346545967808,2.14045710623165,0.700040839132732,3.05761747969365,0.00223104170033084,0.00659192907506289
"Os08g0519750",591.023125668587,1.01942901693249,0.333490848283001,3.0568425555936,0.00223681732405608,0.00660634119572698
"Os12g0446700",1526.61495911161,0.619662865774993,0.202715616687499,3.05680872495506,0.00223706978063943,0.00660634119572698
"Os05g0521500",1511.3596363569,0.681895759475006,0.223151852527357,3.05574769714902,0.00224500082030637,0.00662638119278144
"Os03g0103950",885.867998981873,1.58076439861924,0.517417365751336,3.05510503367786,0.00224981716302413,0.00663845113782116
"Os04g0105100",289.399539942726,1.14703390987072,0.375465333860585,3.05496621506109,0.00225085876041404,0.00664008324379325
"Os09g0410300",4618.28574218687,0.444337604334042,0.145449147623224,3.05493439868803,0.0022510975503583,0.00664008324379325
"Os04g0538100",1752.75595157405,1.67112895060285,0.547279542892802,3.05351985526377,0.00226173754265339,0.00666787784208578
"Os04g0688000",869.647367352885,0.374251771965974,0.122576020689109,3.0532217464882,0.00226398574399536,0.00667306935475918
"Os12g0614500",42.3718944640719,3.21110688486789,1.05208848600032,3.05212624945211,0.00227226508393591,0.00669603151308108
"Os11g0263000",929.603450683741,0.861322398881233,0.282212082668713,3.05203941211948,0.00227292255171297,0.00669724845244945
"Os05g0437800",123.794190313613,1.79651874620979,0.588674972228635,3.05180079154451,0.00227473010698002,0.00670185353988274
"Os01g0693400",1236.08863516586,0.759277352324138,0.248862844020591,3.05098720265897,0.00228090296163345,0.00671715009376431
"Os07g0475000",399.099298830004,1.50379394641373,0.492925820998178,3.05075101030117,0.00228269787016389,0.00672099079454576
"Os09g0468900",3641.57624853686,0.434697031256379,0.142495439867576,3.05060310463516,0.00228382251589365,0.00672285680095036
"Os08g0185900",181.610146688548,1.16654624382403,0.382451412244255,3.05018155634109,0.00228703067206756,0.00673085388832089
"Os08g0345400",534.319956975539,1.43810705350695,0.471574155968473,3.04958835276609,0.00229155218785102,0.00674343639637165
"Os03g0214900",2273.3320491043,0.478697371664924,0.157017831263211,3.04868159121672,0.00229847953136283,0.0067628324773203
"Os06g0106800",4368.14708883145,0.732092764300347,0.240171570087814,3.04820742951662,0.00230210959493683,0.00677232133121198
"Os01g0200200",40.4877698097897,2.28790362249315,0.750628764854652,3.04798287730976,0.00230383054217667,0.00677665618350098
"Os02g0111600",209.800135091524,1.11261636900829,0.365049749497659,3.04784860293521,0.0023048601713916,0.0067789568296561
"Os01g0343200",560.067259628923,0.89942491709806,0.295111647133381,3.04774455984636,0.00230565827391015,0.00678057609841883
"Os07g0534350",8.38113314079414,4.99778967492664,1.64019611260793,3.04706835756371,0.00231085151509971,0.00679511903919445
"Os02g0454300",127.8260181054,2.00076738300521,0.656956793650335,3.04550832313961,0.00232287349132988,0.00682665977535666
"Os08g0421825",529.13881566834,1.04830554383909,0.344213828968712,3.04550676240952,0.00232288554729481,0.00682665977535666
"Os11g0182400",1180.65288412392,0.647681293592153,0.212686617239088,3.04523764588381,0.00232496521309599,0.00683002168081426
"Os02g0133000",821.551672609659,0.992715717511453,0.326048703898898,3.0446853664515,0.0023292384329259,0.00684037417350416
"Os12g0507000",4187.91156136171,0.517062154385689,0.169842698125207,3.04435904571249,0.00233176669391947,0.00684706491350216
"Os03g0307100",6351.14112205839,0.311113688290743,0.102201938164157,3.04410751771686,0.00233371719212578,0.0068520578421607
"Os10g0521500",1060.96764050826,0.590976202124273,0.194241911815381,3.04247521351609,0.00234641140629216,0.00688785283782539
"Os02g0606200",2259.70253246669,1.03870482472621,0.341462582249353,3.04192868771692,0.00235067577396522,0.00689889211664859
"Os02g0666250",109.865647902491,1.22759368323601,0.403556021105741,3.04194119040131,0.0023505781402173,0.00689889211664859
"Os05g0134300",1013.03305844601,0.463138381562861,0.152323512301382,3.04049174395684,0.00236192167058118,0.00693115454027097
"Os01g0186000",106.362769336019,1.51591006769254,0.498746696176998,3.03943881596074,0.00237019340909617,0.00695393826783989
"Os10g0569800",1664.23066846309,1.97450772528964,0.649701348302319,3.03910055050534,0.00237285642569825,0.00696100571450153
"Os11g0630300",15.5922354543871,6.22961782594571,2.04995869165526,3.03889919894706,0.00237444287911353,0.00696342236635961
"Os12g0580400",688.982957245046,0.593418799959931,0.195273077021538,3.03891764810198,0.00237429747740883,0.00696342236635961
"Os10g0372800",502.956028637619,1.7749063877056,0.584273532426535,3.03780042942262,0.00238311722987869,0.00698736502286525
"Os11g0661101",494.706012808044,0.918169140890353,0.302340162008619,3.03687454154429,0.0023904492610868,0.00700436411108565
"Os11g0454000",8.17942352921668,7.09099525135608,2.33526970530656,3.03647807156614,0.00239359518470989,0.00701133201843532
"Os04g0611800",287.861136543453,1.30429129327992,0.429566404991012,3.03629724793588,0.00239503124834842,0.00701403837522843
"Os02g0638650",90.9946682141744,1.78521549109461,0.587968950472355,3.03624109684775,0.00239547734906286,0.00701457707121451
"Os08g0463100",6.76785043839863,5.96569587545142,1.96487065251799,3.03617740323332,0.00239598346457898,0.00701457707121451
"Os09g0247700",16091.5367147773,0.631521464678138,0.207998589000864,3.03618148426725,0.00239595103336056,0.00701457707121451
"Os09g0345000",1093.02865226327,0.587128643878447,0.193412217170439,3.03563369712605,0.00240030779084076,0.00702573527451586
"Os10g0340301",69.3231175425213,3.68279993896348,1.21340287552255,3.03510071819922,0.00240455373235295,0.00703741118526334
"Os04g0382200",1316.76362894899,0.403311863342534,0.132884523922576,3.0350551850381,0.00240491678785368,0.00703745724058675
"Os01g0874800",848.083388913432,1.07249431339963,0.353417483236528,3.03463853451149,0.00240824125292498,0.00704443999987912
"Os02g0168500",2110.25771751876,0.342775304555595,0.112953593774403,3.03465603086701,0.0024081015644919,0.00704443999987912
"Os10g0565100",4075.15764029372,0.565397334555715,0.186314202233715,3.03464431469627,0.00240819510392506,0.00704443999987912
"Os04g0524136",6.81379590917622,5.39313480670276,1.77772088718234,3.03373541121565,0.00241546174220143,0.00706254404148586
"Os06g0606700",1765.7209322142,1.02887076282873,0.339151298803768,3.03366304790131,0.00241604114498145,0.00706348415008934
"Os01g0547500",248.955023590575,0.91876283698336,0.302921166469684,3.03300970246101,0.00242127815121281,0.00707577401470929
"Os03g0686300",6902.56664417644,0.620167532539418,0.204471812009853,3.03302213857005,0.00242117837045082,0.00707577401470929
"Os01g0533900",3541.27856300352,0.530700515469469,0.174978412755176,3.03294850555083,0.00242176921768797,0.00707645409021667
"Os03g0430000",761.167959547477,0.346985206042636,0.114410881272387,3.03279899764551,0.00242296930741706,0.00707829006172781
"Os09g0375500",5.82039486315446,5.40445937996977,1.78198373503235,3.03283316997933,0.00242269496045467,0.00707829006172781
"Os03g0583800",5380.18415275728,1.3091109594551,0.43192945160907,3.03084439965429,0.00243870888436914,0.00711987583156632
"Os01g0626100",444.548444497067,1.19284363945075,0.393609728992927,3.03052376907123,0.00244129970663279,0.00712668019443449
"Os12g0635700",142.280498514817,1.4225503357344,0.46943322194762,3.03035718228976,0.00244264678800041,0.00712985274617639
"Os05g0489500",55.7395121184317,4.01822007697073,1.32607751247904,3.03015475276317,0.00244428462235895,0.00713311315693949
"Os02g0702300",69.6346518363766,3.1198932346729,1.02993943919833,3.02920066552778,0.00245201757341137,0.00715187023248971
"Os03g0100900",1641.32766298356,0.700661426964979,0.231301636496982,3.02921085028347,0.00245193490709444,0.00715187023248971
"Os04g0492400",2916.40656867212,0.465638803086982,0.15374349889467,3.02867312396729,0.00245630294401055,0.0071636066800887
"Os07g0179300",30.8260125211962,1.84446543464961,0.609062142570747,3.02836985872155,0.00245876955536635,0.00716925932062149
"Os01g0129550",13.9525069429235,2.80745252724177,0.927146826080272,3.02805601903522,0.00246132456036917,0.00717519593795997
"Os07g0257200",2135.62860318657,1.1013915980442,0.363749631228133,3.02788375159463,0.00246272804196075,0.00717852333695296
"Os07g0657900",1587.35217943756,0.973501587019546,0.321524753057606,3.02776560050768,0.0024636910550463,0.00718056625758386
"Os09g0429600",2182.00372199745,0.659579474368167,0.217898631260582,3.02700145729407,0.00246992767620305,0.0071979773357674
"Os03g0260100",883.66657818923,0.851502368017164,0.281340527072035,3.02658979450601,0.00247329348188064,0.00720548625422173
"Os02g0212500",361.335526842234,2.28399217258945,0.754752221843921,3.02614832588299,0.00247690764677559,0.0072152480434787
"Os04g0639200",61.0388561661741,3.98467251562633,1.31689791143164,3.02580213776364,0.00247974515976659,0.00722274560518574
"Os11g0241900",2291.70968789666,0.470210625864017,0.155413181275892,3.02555177111582,0.00248179912993369,0.00722795959255862
"Os11g0707100",5.42308922283293,5.76550296726869,1.90585236860382,3.02515717494548,0.00248503949741935,0.00723508895342403
"Os11g0555300",744.063637881377,2.96601497218598,0.980462752142078,3.02511744143869,0.0024853659977272,0.00723527049035452
"Os03g0425300",174.076287285866,1.27602779187263,0.421844081095888,3.02488016083502,0.00248731660981704,0.00723941018589931
"Os03g0184100",1769.06425648429,0.755498788945828,0.24977774546785,3.02468415483025,0.0024889289721717,0.00724179450571011
"Os12g0616600",177.970528029696,1.2136976713437,0.401281932795183,3.02455100056345,0.00249002485608515,0.00724367080703231
"Os07g0143000",219.694784762731,2.29809112220177,0.760278428678781,3.02269673255811,0.00250533176763224,0.00728456538230124
"Os09g0472200",50.8535670277604,4.2006472744392,1.38969448148495,3.02271278356855,0.00250519889862937,0.00728456538230124
"Os03g0723400",20.2624923397944,4.65839941652835,1.54117674207959,3.02262504314887,0.00250592528562744,0.00728505619811304
"Os12g0291301",7.52625477239383,6.97116762352955,2.30640910237027,3.02251999281712,0.00250679523168078,0.00728681186362817
"Os09g0440300",18406.5071971406,0.803695239619898,0.265913852393991,3.02238951594407,0.00250787612546305,0.00728918027934617
"Os03g0797600",2464.82093054763,0.890913435961511,0.294775090264505,3.02234980290256,0.00250820520003355,0.00728936325030441
"Os07g0100300",1714.69585723873,1.39363623164262,0.461121593186368,3.02227493189495,0.00250882571184475,0.00729039306950344
"Os06g0103500",8940.83259135444,0.44248485425213,0.146413319790808,3.02216256611312,0.00250975723430922,0.00729232633976491
"Os06g0137650",7.59177773570401,5.83599374211688,1.9310993109735,3.02210958750477,0.00251019654149576,0.0072928291756587
"Os02g0157700",1060.10906359411,1.61862968067311,0.535659239835673,3.02175256263603,0.0025131588842283,0.00729777252042482
"Os02g0780800",1398.04089246552,0.48097804526822,0.15917127768268,3.021764053607,0.00251306349039998,0.00729777252042482
"Os07g0553800",62.7897250514267,1.97418972507,0.653327926690575,3.02174397330639,0.00251323019185745,0.00729777252042482
"Os08g0412600",695.037677303359,0.646040054734195,0.213808199439794,3.02158690090887,0.00251453451530917,0.00730078597719245
"Os03g0817100",591.467640040358,1.08939503580121,0.360558703966907,3.02140823065861,0.00251601893930858,0.00730432164987826
"Os02g0787100",1807.16338839749,0.695636032845529,0.230345326508858,3.01997024809956,0.00252799517127843,0.00733598005471846
"Os02g0817800",2102.02570743664,0.55515221153638,0.183863348860996,3.01937398059733,0.0025329764584417,0.00734887810329166
"Os02g0100700",5183.66891343941,0.326026127949898,0.107992162679136,3.01897952463994,0.0025362767211063,0.00735678834667861
"Os02g0633066",8.15685345335948,5.88757120234376,1.95020376488881,3.01895181844213,0.00253650867606268,0.00735678834667861
"Os12g0640800",1897.51920878689,0.532178122678685,0.176285402110037,3.01884396727586,0.00253741178562105,0.00735862850396466
"Os03g0707200",436.801101867847,0.812332452879529,0.269194251271163,3.0176441326054,0.00254747865339415,0.00738547711633354
"Os06g0114651",107.501434670018,2.38834728524639,0.79152406422931,3.01740325175315,0.00254950409240548,0.00738978482487602
"Os05g0408300",2677.49917416114,0.530172310526728,0.175719207933973,3.01715627312606,0.00255158233345861,0.00739502610260975
"Os02g0816600",1864.35835665841,1.44790776740104,0.479984801297299,3.0165700319836,0.00255652155795122,0.00740777340461672
"Os02g0739000",1960.55411885606,0.911494303167658,0.302166956703231,3.01652541069495,0.00255689786104481,0.00740808010491626
"Os01g0937200",1284.40449691984,0.584421786829953,0.193780497859987,3.01589578561315,0.00256221305832578,0.00742190967434449
"Os09g0515400",744.871313611541,1.18898137615165,0.394275433306798,3.01561110764532,0.00256461958105159,0.00742809505599915
"Os04g0438600",1489.25050148339,0.872847613451895,0.289456080206809,3.0154751381566,0.00256576972718114,0.00742985501609246
"Os10g0564800",2400.72956435945,0.838698674707418,0.278167164045795,3.01508870604634,0.0025690410759349,0.00743854166077515
"Os04g0218600",328.350065845242,2.25606145288472,0.748276070047419,3.01501216354781,0.00256968950037956,0.00743963271376139
"Os11g0622800",185.254786848273,2.74422431013285,0.910271528690169,3.01473156485696,0.00257206785282284,0.00744573140527059
"Os05g0506200",14201.7591241338,0.700220312913865,0.232285106996289,3.01448647297501,0.00257414689660468,0.0074493880237611
"Os01g0160900",7.18250147526918,5.15906963579915,1.7118448200465,3.01374842823604,0.00258041680204031,0.00746280188202789
"Os03g0146500",841.642053385972,0.510106571196692,0.169325086089206,3.01258710672057,0.00259031084620931,0.00748825376132128
"Os08g0307000",924.623277751883,1.6269136978652,0.540073072896362,3.01239550629735,0.00259194654285767,0.007492191616232
"Os02g0234300",1742.96616227233,0.659899971136062,0.219092303043069,3.01197240601529,0.00259556190431597,0.00749947638408425
"Os11g0303500",2841.6001740007,0.36196188591516,0.12017405040621,3.01198041250722,0.00259549344664,0.00749947638408425
"Os10g0565600",3360.47085693125,0.533558510388717,0.177151241101628,3.01188130024236,0.00259634099964836,0.00750093622206183
"Os11g0518900",20.5368985233141,5.08035481211386,1.68730481351036,3.01092889170653,0.00260449837690989,0.0075229162756447
"Os01g0281000",5410.57437631723,0.71156789137575,0.236341213525883,3.01076515923797,0.0026059031033195,0.00752538660021342
"Os11g0433800",360.315759079643,0.775574633576195,0.257676447372808,3.00987785839071,0.00261352766790499,0.00754581388759201
"Os01g0773100",3374.43575872911,0.732758266584041,0.243484002141334,3.0094719165931,0.00261702271563469,0.00755431227779004
"Os04g0576500",6465.95596281812,0.412050731058425,0.136921586052598,3.00939203917881,0.00261771094120762,0.00755550267551295
"Os06g0531000",888.755350330079,0.625142470246452,0.207797347920865,3.00842371907712,0.00262606717954034,0.0075780242430246
"Os04g0439400",144.824000052707,0.977171612929881,0.324875014131953,3.00783861615466,0.00263112820928256,0.00758943057923953
"Os04g0416400",504.853563552767,1.01621092116894,0.337952318062038,3.00696538196963,0.00263869810494273,0.00760806103078803
"Os11g0112650",167.616746669492,1.23966862399364,0.412278566332481,3.00687138558135,0.0026395141268526,0.00760961282482049
"Os07g0141600",565.566375500228,0.81790843459377,0.272120113659044,3.00568900841551,0.00264979855624961,0.00763534308377243
"Os05g0375700",6.87419872989574,6.40444084735118,2.13077574335477,3.00568507376934,0.00264983284123766,0.00763534308377243
"Os11g0156700",48.345530370704,1.40401166850457,0.467257663359282,3.00479110050465,0.00265763309919083,0.00765701359208331
"Os06g0349800",770.900432751041,3.14091043678313,1.0455631651567,3.00403700269261,0.00266422920222047,0.00767440341550331
"Os05g0515700",3076.8295701237,0.494349722588165,0.164581961578369,3.0036689188005,0.00266745426774475,0.00768126995876751
"Os02g0732900",948.323876903046,1.14184258857767,0.380250197435678,3.00287178357302,0.00267445081510791,0.00769818014676553
"Os06g0360600",982.033746631211,0.816507154461085,0.27190775500413,3.00288292420598,0.00267435291704364,0.00769818014676553
"Os10g0518800",3793.60665956292,0.419612052175641,0.139740625279203,3.00279214678805,0.00267515071697244,0.00769889382345459
"Os07g0584200",549.281520387834,1.11144462950614,0.370163060951424,3.00258115072155,0.00267700590229987,0.0077014881493431
"Os08g0267800",15.1132713074916,6.05171363919333,2.01565778472276,3.00235173106316,0.002679024411454,0.00770648578598369
"Os11g0660500",119000.833713418,0.481121638542963,0.160251150502767,3.00229756250427,0.00267950120707465,0.00770704794318825
"Os11g0303300",10.7821924235522,6.73780210741721,2.244376447088,3.00208198858942,0.00268139947296808,0.00771169812726467
"Os03g0674600",372.391416759653,0.743994859842742,0.247870467091904,3.00154701191929,0.0026861155944159,0.00772445062956913
"Os03g0294001",93.5538849932471,2.74183324645621,0.913591491289717,3.00115891248676,0.00268954165290518,0.00773267927099041
"Os01g0178000",4440.18603462458,0.316006843450666,0.105297274843303,3.00109232571241,0.00269012986783711,0.00773355869121812
"Os11g0245800",1449.04278312169,1.09654377422527,0.365459981933354,3.00044828006705,0.00269582531539586,0.00774830547890956
"Os07g0275300",656.189077331713,0.778364740019392,0.259437977634589,3.00019583530557,0.00269806074829916,0.00775310343649415
"Os10g0548300",726.397504342562,1.01156885867962,0.337195577785925,2.99994699017623,0.00270026596362961,0.00775856883406328
"Os04g0630900",680.961239631496,1.60815873753038,0.536075042594914,2.99987615492407,0.00270089399241064,0.00775880307772627
"Os12g0554500",1225.11596635415,0.611057071867265,0.203711996627702,2.99961260005721,0.0027032318549683,0.00776389050429242
"Os12g0117500",27.9998329154557,4.59840316916995,1.53334092602704,2.99894373854915,0.00270917329214649,0.00777932337196609
"Os03g0293900",1002.19532587743,0.625878410374479,0.208706013394532,2.99885183083506,0.0027099906319573,0.00778085465408201
"Os02g0681632",180.548601853091,1.33107312751005,0.444110227343527,2.99716837297792,0.00272500162062077,0.00781739834420019
"Os03g0791800",27965.6132001635,1.0506434209371,0.350568873486242,2.99696721642439,0.00272680035708834,0.00782173930055574
"Os10g0330300",1455.81824635159,0.435927282586808,0.145462007922475,2.99684631618133,0.00272788196564492,0.00782354489983396
"Os07g0456700",3510.0183912414,0.414142882215137,0.138236884278438,2.99589277041985,0.00273642640878619,0.00784360148211203
"Os03g0122600",1516.03235166545,0.533485341866616,0.178095729839362,2.99549765930832,0.00273997404245616,0.00785294851908722
"Os06g0334600",1290.77886548619,0.574851218253241,0.192018029319666,2.99373564185604,0.00275584609637076,0.00789348326107828
"Os02g0327500",771.270954990146,0.618541992973865,0.20662578636935,2.99353727258514,0.00275763823440509,0.00789779055610518
"Os08g0191900",1073.81103827188,1.00233961556143,0.334849180775156,2.99340620526851,0.00275882292683232,0.00790035742695914
"Os06g0179800",1231.90956375268,1.09971281458712,0.367439871522059,2.99290550595867,0.00276335293382639,0.00791167557337082
"Os03g0268000",9171.10118908827,0.574926057963641,0.192168355196525,2.9917832068432,0.00277353147128858,0.00793915775212305
"Os06g0325900",66.2923740410079,3.94032381854716,1.31739263795197,2.99100185095372,0.00278063807853194,0.00795451254402802
"Os03g0426300",45.1020917292618,9.3141437860467,3.11402318872597,2.99103225042373,0.00278036127787362,0.00795451254402802
"Os03g0776000",10207.6073797417,0.712229441329553,0.238155043201104,2.99061246722426,0.00278418581673519,0.00796216681000141
"Os03g0395600",8848.32550604518,0.51467936937871,0.17211371238108,2.99034494264553,0.00278662567188793,0.00796831232682768
"Os02g0273501",22.4282722297584,2.76313403032483,0.924160908225443,2.98988412702995,0.00279083294301286,0.00797784441056828
"Os06g0686400",1727.60345108204,0.859935449354409,0.287623474286663,2.98979577896811,0.00279164022797415,0.00797931936600645
"Os10g0548900",476.942834140995,0.544259153954235,0.18204221243525,2.98974148178858,0.00279213647705458,0.00797990507543843
"Os02g0128400",480.650526152236,0.715196095168245,0.239237427936959,2.98948246240427,0.00279450489381773,0.00798500767228892
"Os04g0370500",253.604500208018,0.86086870012402,0.287976793458309,2.98936830911221,0.00279554926900068,0.00798715865517865
"Os07g0570300",8560.31330266918,0.494252870186772,0.165384587980168,2.98850622191011,0.00280344792274251,0.00800722023481126
"Os04g0659300",3095.01006320411,2.7379290518296,0.916185621603304,2.98839993476245,0.00280442316157866,0.00800833557326951
"Os02g0481700",1338.37492112532,0.576093835569073,0.1928105834287,2.98787455192836,0.00280924836961716,0.00802044216095305
"Os08g0433200",872.131032753954,0.510015412197068,0.170700612368236,2.98777728516205,0.00281014251594687,0.00802215879669627
"Os11g0112800",2246.00206318412,0.630255005110692,0.210959408133327,2.98756528892216,0.00281209223900424,0.00802688813240571
"Os02g0242550",17.1236684659173,3.62521627634389,1.21365160675902,2.98703207424148,0.0028170016607091,0.00804006382082766
"Os06g0631300",1549.50552866794,0.529463152504722,0.177286945206395,2.98647569277212,0.00282213272716731,0.00805386929879556
"Os04g0338100",1971.81993622353,1.11766300525165,0.374402524258799,2.98519089171281,0.00283401405567479,0.00808440731087151
"Os01g0877500",672.064961505366,1.34915456845484,0.452011069453827,2.98478214280249,0.00283780356863633,0.00809268896913252
"Os05g0563900",721.92662723426,1.19598252836692,0.400758282356714,2.98429896778122,0.00284228905311676,0.00810463662855727
"Os08g0520900",728.848628484419,0.803159679116431,0.269164845786335,2.98389515454773,0.00284604275883502,0.00811365083339404
"Os02g0231700",380.145295305729,1.91949839715735,0.643366930051873,2.98352045698492,0.00284952986341935,0.00812274664261831
"Os03g0192800",322.754659499071,1.24578661059518,0.417630563645294,2.98298716387354,0.00285449965693353,0.00813352752554524
"Os01g0662700",1125.46966417887,1.707735413269,0.572619046855972,2.98232380261451,0.00286069260758497,0.00814608911678552
"Os07g0535100",241.791770825083,0.602852130891725,0.202161237484115,2.98203621225407,0.00286338127849019,0.00815289777537679
"Os08g0449500",2612.36191639903,0.494421618792213,0.16587328797793,2.98071874513029,0.00287572774252683,0.00818549917858801
"Os06g0138200",2411.65446683067,0.40227920403424,0.134967667490791,2.98055980008463,0.00287722055504487,0.00818889736317894
"Os10g0492300",919.745117028334,2.13105710809391,0.71514926301003,2.9798773743042,0.00288363794291496,0.00820290029020498
"Os05g0407550",24.321858056774,1.95853333385766,0.657262734508091,2.9798332250245,0.00288405356306225,0.00820323064858131
"Os05g0128300",453.700606380948,0.77858064573119,0.261297708227887,2.97966886510984,0.00288560132369884,0.00820678079715865
"Os11g0704500",54995.0532042862,1.06742434050405,0.358247435312609,2.97957287418571,0.00288650561117342,0.00820850033177442
"Os10g0490800",881.005200144477,1.08844078056443,0.365310194976264,2.97949741215175,0.00288721668677948,0.00820881796424918
"Os05g0103700",1051.36553844272,0.535085007209369,0.179611567401973,2.97912331009194,0.002890744196734,0.00821615205157992
"Os11g0694600",11.6947993152675,6.08654179858942,2.04308305093304,2.97909661372297,0.00289099607437214,0.00821615205157992
"Os09g0550600",22.4093471129276,4.12826023328776,1.38587993463231,2.97880078217818,0.00289378855744538,0.00822323502199256
"Os02g0118950",536.480331648071,1.19091619230538,0.39986634831876,2.9782856129619,0.00289865734218825,0.00823536181515178
"Os07g0209401",184.510283897463,0.884800591888402,0.297115368422136,2.97796979196072,0.00290164581345644,0.00824299735287132
"Os01g0588500",3914.08095716662,0.778317053280937,0.261379523381163,2.97772772408776,0.00290393829576337,0.00824850762798008
"Os10g0461100",1830.41580408591,1.64233508681275,0.551544588022176,2.97770139074724,0.00290418778300317,0.00824850762798008
"Os12g0198200",127.831580202862,1.63441821951525,0.549163265728015,2.97619728324059,0.00291847050698007,0.00828563698763381
"Os01g0228600",2304.91029810436,0.584141468205574,0.196279857616066,2.97606425488746,0.00291973680001588,0.00828837295981292
"Os08g0171216",191.497771409961,1.25512369395529,0.421777272237414,2.97579736171463,0.00292227886073626,0.00829472956211679
"Os01g0720600",1526.04879601961,0.641134928177144,0.215468580901643,2.97553789742463,0.00292475210023905,0.00830002950452216
"Os08g0534400",265.509819572363,0.921726449546397,0.309815664210383,2.97508020420973,0.00292911953517319,0.00831156253889244
"Os01g0510600",1082.6631017943,1.65807610376174,0.557350279003501,2.97492648021322,0.00293058774664765,0.00831486730561691
"Os08g0201500",7.18064692431473,6.90308007274749,2.32105327542931,2.97411530610846,0.00293834636523125,0.00833256499534622
"Os07g0516600",302.66330862758,0.540677315083502,0.181801749061114,2.97399402302642,0.00293950800826621,0.00833450029501242
"Os05g0335100",1873.66656019282,0.625786438151452,0.210427688203757,2.97387878702304,0.0029406121209485,0.00833516400042842
"Os08g0110700",1667.07240064158,0.647854424860667,0.217863160649836,2.97367587493115,0.00294255720597995,0.00833899495841652
"Os12g0138900",4326.74378732565,0.526611476398467,0.177092247013139,2.97365630218354,0.00294274488949122,0.00833899495841652
"Os10g0510500",1388.66366199718,0.65637842100653,0.22077261369497,2.97309711572022,0.00294811155735429,0.00835247452084105
"Os04g0444200",8191.04340233465,0.442310064138286,0.148782011935295,2.97287325520672,0.00295026251112385,0.00835683975617304
"Os06g0110000",658.410839472923,2.28316109604077,0.768164748659786,2.97222841847949,0.00295646640223021,0.00837354681247933
"Os11g0130200",10.1701328913098,7.40558586360035,2.4925115822909,2.97113398237202,0.002967023083962,0.0084017088072783
"Os07g0249100",1102.34684801694,0.703625708481673,0.236838483451076,2.97090953391037,0.00296919230824739,0.00840698227364113
"Os09g0134400",1224.49627950447,0.738099665428823,0.248518707912415,2.96999639032788,0.00297803248306155,0.00842939834076046
"Os01g0668300",1736.87379049811,0.748947258416384,0.252199080075196,2.96966689249253,0.00298122825439621,0.00843582883431473
"Os05g0511400",5811.06076635616,0.367758884589226,0.123843117562761,2.96955448010953,0.00298231924810228,0.00843630140708145
"Os01g0871800",177.500118047191,1.02497998956196,0.345170635655398,2.96948779439411,0.00298296662380079,0.00843726133751834
"Os10g0431900",1848.73680122002,0.562756610121377,0.189520772429442,2.96936638083243,0.00298414561908414,0.00843972458981245
"Os06g0472000",1168.69716399692,1.24622208624796,0.419753251599668,2.9689396842041,0.00298829246128779,0.00845058009571896
"Os02g0640500",130.143124686623,1.63520469586351,0.550830063352455,2.96861918884991,0.00299141064531614,0.00845765162942346
"Os08g0506700",3537.69688335603,0.500942849364212,0.168762470126595,2.96833086757047,0.00299421833534035,0.00846384256174485
"Os10g0462600",682.619638643733,0.851439111210948,0.286855162301107,2.96818472563239,0.00299564239229554,0.00846612059093758
"Os09g0442600",2010.88837319612,0.37913630838704,0.127736058631805,2.96812280297365,0.00299624597417765,0.00846695279879295
"Os05g0501200",328.416226186474,1.21753456119709,0.410260739107149,2.96770917891586,0.00300028055950163,0.00847747934859802
"Os05g0579600",38.2105973977811,3.05841882605756,1.0307343455147,2.96722316411249,0.0030050275938136,0.00849001658815352
"Os02g0556800",890.48989369228,1.46696851077177,0.49446140076302,2.96680086354172,0.00300915787659114,0.00850080893128177
"Os10g0406200",2522.43252027434,0.507204233435958,0.170978827085733,2.96647393177889,0.00301235896676219,0.00850897436924649
"Os07g0249700",2699.4539121303,0.754287715449065,0.254278438626497,2.9663848792033,0.00301323144625717,0.00850930968261904
"Os11g0550900",1657.91827412271,0.471649846849897,0.158997803645123,2.9663922144648,0.00301315957140207,0.00850930968261904
"Os07g0143200",294.493548564027,1.84856146564127,0.623256723537065,2.96597115735941,0.00301728784900537,0.00851895097659526
"Os07g0661201",734.3443576915,0.771791730805766,0.260281752242299,2.96521644009564,0.00302470043033977,0.00853591278461122
"Os10g0161400",236.463535411568,1.79361480467001,0.604996190883358,2.96467123545215,0.00303006557843742,0.00854929195086313
"Os05g0445900",1506.82006292082,0.646533899038183,0.218134321270427,2.96392559993647,0.0030374171430946,0.00856650462999426
"Os03g0838400",1325.30688987882,1.11344796405359,0.375767483908775,2.96313015823344,0.0030452777016672,0.00858425455658806
"Os01g0602500",12.9547171924694,6.81536530621183,2.30092257520684,2.96201418494022,0.00305633703068549,0.00861099851959538
"Os06g0104000",1054.12190293365,1.110262018203,0.374831212830513,2.96203192316597,0.00305616095822841,0.00861099851959538
"Os02g0499000",1980.61539548114,0.656175822021997,0.221554950619659,2.96168431437331,0.00305961306470289,0.00861845551781951
"Os03g0127950",130.726453576621,1.04957559486351,0.354426425213121,2.9613356121299,0.00306307960284644,0.00862660241889658
"Os09g0372900",1121.28004684989,0.679312915102273,0.229445066632097,2.96067780002224,0.00306962883471349,0.00864400158441835
"Os06g0542000",238.922803296104,1.28280805298327,0.43328666577062,2.96064512094259,0.00306995452304708,0.00864403005147846
"Os04g0443900",764.672777259856,1.50377149969829,0.507963899554825,2.96039049431698,0.00307249327875578,0.00864940014372041
"Os01g0974300",1985.40302664189,0.534720728918509,0.180651073039015,2.9599643108847,0.00307674682661235,0.00865870464684465
"Os04g0362375",24.582718373841,5.78319243945155,1.95391230123315,2.95980143827422,0.00307837380363361,0.00866214790248297
"Os09g0510900",159.033236544702,0.77575807628917,0.262113812163068,2.95962303507512,0.00308015682005324,0.00866563018262925
"Os03g0707300",2317.0972832306,0.677521903945814,0.228931946612081,2.95949042487224,0.00308148277730626,0.00866758007323843
"Os04g0437700",15.9201157728352,2.44238252278784,0.825354195089836,2.95919320131644,0.00308445657928401,0.00867505392372608
"Os03g0751400",105.898896796982,3.54698193117586,1.19873095194898,2.95894748142519,0.00308691704896261,0.00868019144729852
"Os07g0573300",2756.52441489371,0.484680186433939,0.163803994633236,2.95890333760882,0.00308735926431902,0.00868054379069618
"Os05g0551000",5070.00445759993,0.875649950356691,0.295956821010894,2.95870846080097,0.00308931215385545,0.0086846108447662
"Os01g0952700",950.001266992752,0.494880329518567,0.167306380617295,2.95792860793864,0.00309713845366316,0.00870357231807609
"Os12g0181500",295.586392193751,1.25703248648402,0.424970318956934,2.95793007278564,0.00309712373609732,0.00870357231807609
"Os08g0559501",212.29427482068,2.83046818416061,0.956982569723801,2.95770087534355,0.00309942729735789,0.00870755361971271
"Os12g0506500",424.795742941003,0.844490902164415,0.285523538270317,2.957692760745,0.00309950888219484,0.00870755361971271
"Os03g0282100",12.1144188071639,6.64255213219027,2.24719724540452,2.95592749847579,0.00311730359062976,0.00875664676965848
"Os01g0553400",645.765618185462,0.845266509377435,0.285980928584892,2.95567439954837,0.00311986257250063,0.00876293639493075
"Os03g0265400",923.074938244076,1.67941231039944,0.568316465198826,2.95506537860361,0.00312602798987785,0.00877755332350018
"Os06g0505400",944.715437385977,0.68847439864637,0.233021532256865,2.95455270583085,0.00313122663618332,0.00879124936364262
"Os11g0384789",3579.96081057265,0.520360342297415,0.176174044587622,2.95367199813936,0.00314017566292255,0.00881276143269586
"Os05g0200100",623.127584796166,0.775110380223596,0.262447969880824,2.95338683921071,0.00314307820615464,0.00882000360053086
"Os03g0295800",5408.96591660428,0.663966483228418,0.224850537018867,2.95292371560004,0.00314779740791283,0.00883234161034012
"Os02g0815400",303.652254280486,2.15227374128071,0.728964934495247,2.95250654651996,0.0031520538643343,0.00884247310507793
"Os05g0145400",1743.95473419674,0.373508798286562,0.126517973869406,2.95221925283205,0.00315498822712776,0.00884889233353027
"Os04g0661700",2607.45737002925,0.653711843101048,0.22156156685127,2.95047490587513,0.003172858174093,0.00889627989011991
"Os05g0440100",3972.5768253698,0.559198031480162,0.189527577360307,2.95048371993423,0.00317276764711466,0.00889627989011991
"Os02g0525501",20.9336546429922,3.88994694199122,1.31869391237713,2.94984825931217,0.00317930033982879,0.00891343046143813
"Os10g0329900",50.6831928858131,2.06834061863694,0.701209107164942,2.94967734660413,0.00318105945564687,0.00891653699852879
"Os12g0506800",341.806857638474,0.876231867483568,0.297126607254491,2.94901851968131,0.0031878487230018,0.00893373893715392
"Os08g0300901",637.318826472477,0.631449302232301,0.214130862684015,2.94889440185046,0.00318912924513547,0.00893641321263485
"Os05g0409000",1551.9108132959,0.312978632458016,0.10615825398901,2.94822701671805,0.00319602269007414,0.00895389766838711
"Os02g0564300",579.860205021671,1.26352104542872,0.428769507859343,2.9468537810371,0.0032102496264412,0.00899007744789396
"Os03g0248200",676.750830190598,1.07683012329124,0.365491267819793,2.94625403696969,0.00321648115590853,0.0090042981696021
"Os12g0220866",10.4605078349125,5.61278460155836,1.90506124386293,2.94624890388153,0.0032165345378504,0.0090042981696021
"Os03g0333800",603.356453935859,0.466257929604821,0.158260408462382,2.94614385325342,0.00321762719721278,0.0090061339218123
"Os02g0565400",355.17208869516,0.956319484785354,0.324606116336796,2.94609200706841,0.00321816658774194,0.00900672330692138
"Os07g0583200",552.700170425541,0.568491234055603,0.192990320701982,2.94569816759605,0.00322226665410591,0.00901635569747829
"Os01g0934400",478.244289620505,0.980122778818112,0.332880732688215,2.9443662025826,0.00323616837327268,0.00905155600044031
"Os07g0688200",314.932539910421,1.08219436976014,0.367573585729548,2.94415706616196,0.0032383560872329,0.0090567502129259
"Os07g0187400",924.805002184267,1.30865565408179,0.444570744971508,2.94363870966286,0.00324378427087469,0.00906822769580819
"Os03g0265600",3171.19561939855,1.06346001301649,0.36144336840351,2.94225902584345,0.00325827262077592,0.0091068719750687
"Os04g0481000",324.073213997081,1.30437318508819,0.443545142418563,2.94079014815877,0.00327376239061622,0.0091473656677924
"Os04g0105700",1355.90012141701,1.38733930101185,0.471903802788347,2.93987734960908,0.00328342189987013,0.00917079701747246
"Os04g0674450",713.679620994483,0.703648377716094,0.239348354036739,2.93985049760605,0.00328370644856571,0.00917079701747246
"Os02g0778200",4687.62336871943,0.719435957879182,0.244788581658698,2.93900946279542,0.00329263021067984,0.00919352029569129
"Os03g0157800",1576.88317833826,0.616917894699142,0.209919384903254,2.93883242361568,0.00329451148911535,0.00919783551099362
"Os03g0597200",1310.7338396194,0.709401731029462,0.241398150128791,2.93872065983514,0.00329569963309897,0.00919927735149433
"Os03g0244800",22.1526074379197,3.62250955234844,1.23268089661564,2.93872450063446,0.00329565879566233,0.00919927735149433
"Os01g0567400",214.846849169628,1.07412640094344,0.365563180973943,2.93827840670859,0.00330040498874303,0.00921147269682702
"Os02g0100050",305.876973827113,1.06044953059191,0.360934671166416,2.93806501648872,0.00330267754355444,0.00921687627055524
"Os11g0417132",785.123232121595,1.19018784978305,0.405131432018607,2.93778205224123,0.00330569324327071,0.00922363380114408
"Os11g0547000",951.740566810006,0.634202204240504,0.215890968709947,2.93760414356454,0.00330759059418002,0.00922682696457734
"Os05g0393400",854.671863992214,0.758508270201837,0.258229623104218,2.93734026748633,0.00331040659233358,0.00923374205403352
"Os12g0634000",258.985247677108,1.00093409888037,0.340798788664813,2.93702364025955,0.00331378841530679,0.00924223383399534
"Os01g0838400",624.014918727376,0.946897367249526,0.322408543945074,2.93694874106947,0.00331458885649676,0.00924352508331324
"Os01g0177500",11.9876575969952,4.21138896771804,1.43403754689058,2.93673549681427,0.00331686874398103,0.00924894144012873
"Os03g0774300",1087.39934706693,0.836584899129809,0.285036053064699,2.93501432585412,0.00333532288829464,0.00929472268117595
"Os04g0286900",683.400528992623,1.21600524594511,0.41434372017592,2.93477416631011,0.00333790526458296,0.00930002676250552
"Os01g0332200",39.1208648625712,3.40780914618263,1.16143603526518,2.9341341603927,0.0033447959845986,0.00931733009398354
"Os03g0608600",242.630197394923,0.853750393891736,0.290978985560917,2.93406203285083,0.00334557336831697,0.00931854790843707
"Os10g0561400",4588.02252236443,0.871378169261713,0.297010080885659,2.93383364855273,0.00334803595778584,0.00932445886321423
"Os04g0432250",320.249554194351,1.63996672476032,0.559152691710616,2.93294970957426,0.00335758273425402,0.00935009644916142
"Os12g0633700",582.859946874774,0.86512258664193,0.295003719126741,2.93258196609464,0.00336156175835808,0.00935927405196039
"Os04g0611300",9540.45069180315,0.731296780478124,0.249383869882154,2.93241411653327,0.00336337933552156,0.0093624312377308
"Os02g0593600",89.5620860748291,2.55224832154732,0.87057696659566,2.93167453249739,0.00337139866469773,0.00938189381537495
"Os05g0118900",272.039062197253,2.76470425085557,0.943045312080187,2.93167699944039,0.00337137188665472,0.00938189381537495
"Os09g0406900",244.650115000315,1.27246356951792,0.43415883350288,2.93087108063984,0.00338013024161692,0.00940428110189222
"Os01g0680400",2358.0602937269,0.493220347604091,0.168289756964944,2.93078055669682,0.00338111530729653,0.00940606636016241
"Os08g0556700",2558.62438934935,0.506023307280337,0.172661239004354,2.9307290402774,0.00338167601663793,0.00940667084104087
"Os08g0117100",254.876177928986,1.60988929541574,0.549356813833276,2.93049845724553,0.00338418674078052,0.00941269892533704
"Os07g0665700",3368.7203645257,0.598185507384401,0.204126482320587,2.93046497732192,0.00338455143102318,0.0094127574623978
"Os12g0124500",164.769340866323,1.44785366167676,0.494075217644713,2.93043166297385,0.00338491435320114,0.00941281107091699
"Os09g0296800",286.50241171536,1.75415792388746,0.598821517340511,2.92935018714429,0.00339671507261309,0.00944370915082674
"Os01g0866133",11314.0333937517,0.820028387385063,0.280005930055722,2.92861078771394,0.00340480470870998,0.00946235854061232
"Os05g0399100",4104.6076681616,0.368015209156691,0.125719640170799,2.92726903017473,0.00341952944455563,0.00949846171948316
"Os05g0239900",150.386302899121,4.09860253796154,1.40022182825196,2.9271094445644,0.00342128462340427,0.00950237346579461
"Os10g0445900",68.477823294533,1.35342107870495,0.462411546396368,2.92687561383866,0.00342385785744887,0.00950855627835163
"Os05g0552800",262.885518228964,1.46960443427397,0.502166081818306,2.92653065884626,0.0034276571961001,0.00951814256471795
"Os08g0220600",1858.26625882293,0.328843011155424,0.112374038546697,2.92632546990624,0.00342991896965869,0.00952345772913544
"Os02g0643500",804.773631901239,1.33465540694775,0.456161817180998,2.92583762313929,0.00343530190306442,0.00953743709982137
"Os05g0435500",1424.49821614785,1.05596706926538,0.360948560203618,2.9255334019609,0.00343866259139964,0.00954579984200136
"Os09g0425700",217.473402279654,0.935042212587178,0.319760380750929,2.92419658242623,0.00345346574425435,0.00958397975692715
"Os11g0501500",24.2683455991382,2.38387275527359,0.815283962448194,2.92397847262336,0.00345588646021252,0.00958875466285261
"Os04g0535000",694.504165684842,0.943975807444204,0.322877136787366,2.92363781727249,0.00345967035147466,0.00959828123136254
"Os02g0728001",26.107546280221,3.6538691804225,1.24984830044624,2.92345013320251,0.00346175669712152,0.00960309678862221
"Os01g0783700",63.4696980887633,1.64173590207934,0.561603957931966,2.92329831172276,0.00346344522249433,0.00960583516497998
"Os08g0347500",123.531356277107,2.60538018230389,0.891300638282543,2.92312163864734,0.00346541108556552,0.00961031437123874
"Os05g0136800",4.6332017794714,5.45928695119762,1.8677533703471,2.92291639670985,0.00346769611301659,0.00961470434574728
"Os01g0859400",2189.8630362308,0.40760194666937,0.139453812821899,2.92284548139198,0.0034684859557825,0.00961564256843961
"Os03g0102700",5086.30683738008,0.892485344312726,0.30535231014564,2.92280527986524,0.00346893378627576,0.00961564256843961
"Os05g0269100",2025.88252302782,0.730231010964478,0.24985789246516,2.92258532944402,0.00347138488627601,0.0096210364686822
"Os02g0160300",17.9110313463593,5.75791691165451,1.97021001682959,2.92248890345202,0.00347245994237311,0.00962304231905524
"Os06g0309400",114.949964613898,1.4832602413678,0.507621288446676,2.92198194820903,0.00347811698644872,0.00963774429699716
"Os05g0530400",236.682617369574,0.956013941620669,0.327196421514449,2.92183495527151,0.00347975882830629,0.0096413184367932
"Os06g0330100",744.97939112006,0.624787736447168,0.213848887975008,2.9216319166466,0.00348202783409348,0.00964628777307778
"Os08g0240000",161.768703155074,1.28105656312908,0.438610351422614,2.92071666565558,0.00349227270955342,0.00967207702602404
"Os05g0553400",1722.6496206774,0.722571922119231,0.247405865994271,2.92059333037788,0.00349365536007572,0.00967492811321748
"Os03g0326300",3823.77418753198,0.380403833275222,0.130315673422245,2.91909501969613,0.00351049200722019,0.00971664173097902
"Os08g0428100",575.860927288932,0.978305224451035,0.335148887592079,2.91901677335049,0.00351137329338554,0.00971809900769156
"Os06g0111300",668.493842297438,1.06407200796632,0.364548514984953,2.91887626537235,0.00351295633573492,0.00972149797859318
"Os09g0533650",9.67455455339086,6.46608475305609,2.21576234751158,2.91822124350016,0.00352034475635415,0.00973997608295925
"Os02g0780550",3142.02371488141,0.386586924751844,0.132565857595702,2.91618771049521,0.00354337248117274,0.009797750417101
"Os09g0481700",3263.21122008347,0.442005075464022,0.151595417068198,2.91568890413869,0.00354904185443824,0.00981045569027327
"Os12g0548200",5919.19668668243,0.320906423406218,0.110084986351451,2.91507892258541,0.00355598604763208,0.00982766762493091
"Os02g0665000",1298.51614764559,1.02395117094493,0.351347965364831,2.91435064916822,0.00356429309489398,0.00984764496290509
"Os01g0920300",722.04649685168,0.992191861114544,0.340478288644848,2.91411198365572,0.0035670192701581,0.00985418303871915
"Os03g0411100",3258.41474576282,0.595087499354424,0.204236171825575,2.91372235405317,0.00357147392068211,0.00986350495678602
"Os02g0184450",11.1087929982213,4.51771951845565,1.55066740488217,2.91340328959771,0.00357512556534208,0.00987259445108226
"Os03g0773100",1061.06890366818,0.524128681034778,0.179915735535854,2.91318977450046,0.00357757111000233,0.00987835184214453
"Os06g0226100",12.2856407637839,3.09324997671118,1.06230815077468,2.91181986550273,0.00359329791625123,0.00992077645640938
"Os02g0510000",3055.54556910264,0.366522608961542,0.125890337407382,2.91144353498293,0.00359762925602985,0.00993173381897939
"Os09g0499000",3319.01000295829,0.488800624777271,0.167921592830372,2.91088606615969,0.00360405411753822,0.00994746537016216
"Os01g0950866",411.939376110374,0.825042639904778,0.283472677143956,2.91048381881898,0.00360869652209443,0.00995927520772681
"Os01g0866500",45.6432702935022,2.80126332459148,0.962575742822568,2.91017444131442,0.00361227079968558,0.00996612706226709
"Os04g0469500",1051.89882211277,0.871297873680371,0.299403481579322,2.91011269837066,0.00361298450905004,0.00996709222352601
"Os12g0556100",772.933845800915,0.4872998560686,0.167483491261281,2.90953963521332,0.00361961487846887,0.00998236721064649
"Os01g0743500",106.212441077591,2.07586193614765,0.713483656584264,2.90947370271331,0.00362037843021016,0.00998346779239772
"Os01g0192000",4768.2281161033,0.520522794950805,0.178916748329608,2.9093016713666,0.0036223713823131,0.00998795797593499
"Os12g0635400",93.7122079612577,2.13890596070139,0.735225887663297,2.90918205763848,0.00362375767375925,0.00998976916686189
"Os02g0108500",16.0347557630767,5.50176492583213,1.89122662732446,2.90909870152133,0.00362472403435506,0.00999142759635899
"Os02g0539500",323.765612646849,0.812284395796719,0.279227682666314,2.90903963403738,0.00362540895487474,0.00999230999023687
"Os11g0641500",1196.2586535489,4.53972106331991,1.56058400500153,2.90898858938098,0.00362600094102603,0.00999293608769936
