"","baseMean","log2FoldChange","lfcSE","stat","pvalue","padj"
"Os11g0206000",6000.25706357351,-11.5319741900687,0.383221341291248,-30.0922024624522,6.12850151131401e-199,8.92371105062433e-195
"Os04g0419400",3275.01064017567,-9.97752892576684,0.356297054250807,-28.0033999909058,1.47704286597004e-172,1.43381474475932e-168
"Os07g0158900",1714.30790209154,-6.13706913313303,0.245199585371931,-25.0288723931732,2.96567540661813e-138,2.15915997978833e-134
"Os04g0330301",4251.01562191594,-12.3305847018633,0.510796090258175,-24.1399355575156,9.52447685239961e-129,4.62286358159302e-125
"Os12g0285100",6914.12466240811,-4.50459055916126,0.193253354973594,-23.3092489378865,3.57224557710008e-120,1.48615622423298e-116
"Os06g0720000",1106.94273329244,-6.76127409307219,0.360595326529286,-18.7503098227843,1.92466513492658e-78,5.09546345993927e-75
"Os11g0178200",485.863040321613,-4.55541716959745,0.250349518782825,-18.196228983165,5.52851261156177e-74,1.12091099196791e-70
"Os12g0234800",1072.29740667768,-8.88336118132545,0.488261682247914,-18.1938528135717,5.77352684551837e-74,1.12091099196791e-70
"Os04g0367400",843.622228164098,-2.60327608009715,0.147135290504304,-17.6930773791554,4.74138277944502e-70,8.1222676060587e-67
"Os06g0621500",411.91734475052,-6.91673364598621,0.396646304107787,-17.4380388128024,4.24388977971433e-68,6.86614212026893e-65
"Os01g0120300",6099.69505321205,-3.31361118215689,0.194311749275676,-17.0530665001413,3.31667073210534e-65,4.82940425301859e-62
"Os11g0550500",1387.7681456804,-11.6430830647675,0.6938870398137,-16.7795078978468,3.44680508654995e-63,4.77989798716702e-60
"Os12g0505800",669.282348320574,-9.53362585787867,0.596056871299316,-15.9944903195173,1.39596075389304e-57,1.69388204478638e-54
"Os09g0340400",5650.95426600877,-16.2667639663096,1.0445872796661,-15.5724316033306,1.12064731048689e-54,1.20872188799997e-51
"Os07g0220600",2397.33514320164,-2.88740050400692,0.185841265097421,-15.5369180385922,1.95145076107228e-54,2.02964818085525e-51
"Os03g0673700",1015.83761394673,-6.07057333615248,0.392675911272056,-15.4595002186081,6.51016741241141e-54,6.53755501324983e-51
"Os11g0549665",3786.46860455582,-15.6645167904689,1.03130434170585,-15.1890340775244,4.18034233869672e-52,4.05799765291753e-49
"Os08g0367300",3982.81015447332,-15.8404803513119,1.04481144655142,-15.1610899780971,6.39983607885887e-52,6.0121298802751e-49
"Os07g0115200",8113.83086725003,-16.5251659431999,1.09399722227372,-15.1053088680195,1.49404685888374e-51,1.35967601951288e-48
"Os01g0942900",3700.73753492067,-15.6426508696082,1.03603988463319,-15.0985025785435,1.65652695583416e-51,1.46185993963037e-48
"Os03g0847500",2775.3076488994,-3.38108519334577,0.225232909331112,-15.0115061044444,6.17299541223801e-51,5.28735212927045e-48
"Os04g0194800",484.355905075427,-2.89162664146184,0.19279193131369,-14.9986911887765,7.48813590183337e-51,6.23055696380547e-48
"Os09g0241700",4318.0165116435,-15.8347484414185,1.05657634778982,-14.986847353286,8.95019100714567e-51,7.24020729194712e-48
"Os02g0129000",3205.69719204619,-15.583710576038,1.04053249513355,-14.9766688199755,1.04316105195768e-50,8.21052328516527e-48
"Os12g0551900",444.165415756879,-5.04780949866547,0.340048776018964,-14.8443689689504,7.56634329527288e-50,5.3743182791448e-47
"Os06g0271500",3048.33312335711,-15.3783252210348,1.04057847700707,-14.7786308873754,2.01214868129859e-49,1.39518556897089e-46
"Os01g0541000",2593.76712352639,-15.2870177956227,1.04386291963902,-14.6446602403591,1.45727893476928e-48,9.64519934962523e-46
"Os06g0713400",2340.4224845483,-15.205087781069,1.03855788419639,-14.6405780673788,1.54746932474464e-48,1.0014533705603e-45
"Os11g0308100",2542.71169724669,-15.1057642223638,1.03244151938776,-14.6311088218553,1.77864596963131e-48,1.10207931760857e-45
"Os01g0943800",2770.09287164609,-15.1393504733386,1.03710471979812,-14.5977066580949,2.90452501585022e-48,1.76219953149146e-45
"Os02g0800433",361.859036191939,-9.15069900429392,0.627527209815299,-14.5821549427112,3.64816556439856e-48,2.16820158298806e-45
"Os02g0800750",385.107252323928,-9.23838212423662,0.645320844616724,-14.3159518266043,1.73965872387237e-46,9.55893233143605e-44
"Os01g0539400",2008.78177089311,-14.8277942786686,1.03770928713705,-14.2889675003075,2.56382395782277e-46,1.35752147817663e-43
"Os06g0135000",2607.00446809382,-15.1004445211142,1.06177596413874,-14.2218745113175,6.70330011731917e-46,3.42479835116787e-43
"Os06g0113600",864.082207433655,-5.50396928905484,0.389265182597872,-14.1393824444368,2.17181886390729e-45,1.07199506702895e-42
"Os05g0155000",868.597545423975,-6.31941792453798,0.455562482607419,-13.8716820761198,9.40451983788367e-44,4.34727661458489e-41
"Os11g0549680",1814.7373892089,-14.5883886166786,1.05222260209801,-13.8643558764001,1.04156888046196e-43,4.73946389637705e-41
"Os06g0244000",3085.58848680946,-4.70900506608252,0.340471414786284,-13.8308382483105,1.66073882527554e-43,7.44062093379604e-41
"Os12g0103580",1369.75792017191,-14.2871148242444,1.03349286963109,-13.8241058492684,1.82364374885448e-43,8.04668988699095e-41
"Os08g0300100",417.476745867189,-9.55596581234499,0.693587295093811,-13.7775963890061,3.4765563485888e-43,1.48888638211181e-40
"Os02g0272800",155.513962170492,-5.63334669794536,0.41090689102985,-13.7095454491566,8.90137321373207e-43,3.75689551783051e-40
"Os07g0212400",1385.20250685557,-14.2703219001234,1.04225672245504,-13.6917532817726,1.1373145973442e-42,4.73155367197969e-40
"Os09g0315050",465.86665687769,-6.45718735634485,0.472662753227633,-13.6612993349935,1.72871370134833e-42,7.09064794516422e-40
"Os01g0784500",563.613359849143,-10.6559508739443,0.782555465976095,-13.6168633882749,3.17931882293881e-42,1.26833044878937e-39
"Os07g0258100",1281.63603801838,-14.2805950520071,1.04873862477005,-13.6169248606995,3.17664445465414e-42,1.26833044878937e-39
"Os07g0582800",1236.95767246601,-14.0005694861101,1.04043547603163,-13.4564514654097,2.82144028047944e-41,1.0955464513083e-38
"Os10g0159300",1697.27383081877,-14.5741866576962,1.0931294810953,-13.3325346262669,1.4972298902508e-40,5.66264011219272e-38
"Os11g0549675",1165.98623821305,-13.915694429124,1.05325483703556,-13.2120868946498,7.4723633619134e-40,2.65378251006881e-37
"Os01g0136600",262.008159153531,-6.60912436213883,0.503688279457172,-13.1214575198405,2.48116590810015e-39,8.60196590186817e-37
"Os01g0647850",937.737189160928,-13.6572175021794,1.04699311101521,-13.0442286185979,6.85472508579972e-39,2.29452073504206e-36
"Os01g0956500",1322.36138264712,-3.12637144485111,0.240080237155267,-13.0221940876758,9.15033241123539e-39,3.02813614181815e-36
"Os08g0526200",440.574985171982,-9.95154607824872,0.766472158905402,-12.983571500445,1.51641085235489e-38,4.96190076879541e-36
"Os09g0560600",755.633419248538,-1.78941149812317,0.137985434204132,-12.9681187615496,1.85528022605106e-38,6.00327452700656e-36
"Os01g0539900",839.76440071847,-13.7306960588294,1.06532149245139,-12.8887816082955,5.20597763238784e-38,1.66602725945493e-35
"Os03g0805800",244.39576937941,-6.06353199781341,0.470801325827015,-12.8791735816847,5.89635355590778e-38,1.8664522636429e-35
"Os08g0543400",849.155540844644,-13.5098582738775,1.04935240929684,-12.874472059325,6.26661055554224e-38,1.96232508170431e-35
"Os11g0256300",790.672636398066,-13.4870435914074,1.04842669169583,-12.8640788127896,7.16915152328646e-38,2.22106415596966e-35
"Os12g0226400",794.358307742526,-13.4616834244932,1.04971885978196,-12.8240845623078,1.20197833613204e-37,3.64625136508722e-35
"Os10g0212100",668.238784275682,-13.3962471042659,1.04789752646484,-12.7839285482991,2.01622257005739e-37,6.05324058610427e-35
"Os01g0540800",1037.30905980982,-13.6941263944538,1.07139460265911,-12.781589864711,2.07778278703506e-37,6.17440717592193e-35
"Os04g0376100",331.490855581503,-3.12073783471134,0.24503108271772,-12.7360896425801,3.72607369450971e-37,1.08510718131512e-34
"Os10g0450000",660.216574735617,-7.81755575460152,0.619979372276537,-12.6093804151835,1.87460929321026e-36,5.30023027542419e-34
"Os04g0127200",590.39584799747,-13.0518825801217,1.03690088725685,-12.5873964816934,2.47709387551505e-36,6.93633921564896e-34
"Os02g0801210",262.371161600382,-8.85720673644652,0.706165316128856,-12.5426816273009,4.35988159520408e-36,1.20922354110032e-33
"Os10g0130500",1127.97844272,-14.0451731476248,1.12137650859238,-12.5249396968866,5.45327829231023e-36,1.4982110417798e-33
"Os11g0258500",301.780167064734,-3.75754881091924,0.301464876397301,-12.4643005043386,1.16892963828272e-35,3.09468808418811e-33
"Os04g0389500",692.741486443582,-13.0548890091753,1.05013933962876,-12.4315779025957,1.76123157260883e-35,4.62077350067698e-33
"Os06g0240001",990.792144602144,-13.5491325871814,1.09298534498243,-12.3964448831646,2.73176943960022e-35,7.10308835893192e-33
"Os06g0731950",673.529314553734,-13.0966815939069,1.05958186899198,-12.3602356525469,4.28897570409626e-35,1.09564517942712e-32
"Os06g0713300",566.659070773769,-12.8789801862684,1.04299508163316,-12.3480737474831,4.98917187553378e-35,1.26343185529822e-32
"Os01g0637300",518.881144119271,-13.0001867794681,1.05306807836168,-12.3450582603294,5.17967329158213e-35,1.28925167177312e-32
"Os01g0150200",3733.6255082437,-2.05381933708984,0.167053202777631,-12.2944026390427,9.7071706744724e-35,2.39569681679648e-32
"Os11g0226400",631.241443380136,-13.0645274905285,1.07170085575472,-12.1904610044639,3.49438980834929e-34,8.41021652882214e-32
"Os01g0266200",669.967258976785,-12.8991874382149,1.0598142839452,-12.1711771898348,4.42652080149195e-34,1.04804177870771e-31
"Os03g0170200",342.803823029683,-4.41886687527524,0.363216332175835,-12.1659366163525,4.72000167960724e-34,1.10851523317356e-31
"Os01g0165800",478.7455079291,-12.9010987101661,1.0617670443691,-12.1505925227054,5.69513448497854e-34,1.32682965177236e-31
"Os12g0466200",1222.96129241365,-13.9461467575066,1.14824971120248,-12.1455695755428,6.05593894502571e-34,1.39969090442094e-31
"Os04g0380000",622.947264854438,-12.9396019064485,1.06678690335672,-12.129509525973,7.36894619898434e-34,1.68975158430568e-31
"Os01g0944200",567.545138266198,-12.824524484354,1.05988178221151,-12.0999574665721,1.05665909029968e-33,2.37996299184731e-31
"Os10g0552600",6034.72793673968,-4.94033736507479,0.408308816834592,-12.099511843449,1.0624105107484e-33,2.37996299184731e-31
"Os01g0144900",481.779272979198,-12.5846317647902,1.04019946932508,-12.0982870458063,1.07837900319249e-33,2.39729414740243e-31
"Os06g0580100",482.743765095418,-12.632829008672,1.04857412040305,-12.0476261647734,1.99616161715021e-33,4.37084350486078e-31
"Os11g0676500",448.661471076775,-12.6545794666291,1.05228937429871,-12.0257600007248,2.60182942681538e-33,5.5713585711557e-31
"Os02g0644600",3034.41998989984,-2.35164153789926,0.196000799744175,-11.998122155464,3.63449079140978e-33,7.56026005910254e-31
"Os10g0343500",428.380553244308,-12.5688162758449,1.04774503184845,-11.9960638263975,3.72598872166565e-33,7.69562011009554e-31
"Os06g0491800",531.58369675458,-12.843376451941,1.07278669329412,-11.9719759130345,4.98276629234467e-33,1.02188816877226e-30
"Os11g0687800",459.069910782727,-12.5960929560957,1.05284897073162,-11.9638175144368,5.49751722481817e-33,1.11957130504304e-30
"Os04g0554600",2200.33219307553,-4.74663070214797,0.397363354234004,-11.9453156703341,6.86890597000814e-33,1.38914083096234e-30
"Os04g0378400",438.594828062121,-12.5600076017052,1.05295886157195,-11.9282984930243,8.42785146757933e-33,1.69266131337135e-30
"Os04g0498900",680.148334340978,-3.979664006127,0.335444047524005,-11.8638683127689,1.82351453323195e-32,3.6125435535225e-30
"Os05g0365300",326.360537991579,-2.04655866172934,0.172520080071791,-11.8627272887753,1.84854135068149e-32,3.63737981179367e-30
"Os04g0375900",771.960078646204,-3.82437603541168,0.323938510606583,-11.8058702815248,3.64005151213495e-32,6.97405132476277e-30
"Os09g0322500",382.480899307715,-12.4800748393002,1.05994814175809,-11.7742315379695,5.2997860580717e-32,1.00876058551088e-29
"Os12g0549700",369.033821815819,-4.94826043849167,0.420426206532545,-11.7696289184785,5.59701657926948e-32,1.05841764169796e-29
"Os01g0144700",432.71624077211,-2.19269928763143,0.186768080381504,-11.7402250060743,7.92752591634002e-32,1.47990647266445e-29
"Os05g0297001",350.145623864294,-12.2539682212976,1.04778849261304,-11.6950780693706,1.35062938949016e-31,2.44304528451754e-29
"Os12g0103500",368.486212816187,-12.386467343789,1.05919682389833,-11.6942074072703,1.3645520130033e-31,2.45299282238779e-29
"Os04g0405401",436.399068572106,-12.5394328935426,1.0726636112812,-11.6899955975624,1.43394046642087e-31,2.56191498546679e-29
"Os03g0438400",363.363179403719,-12.3601470085592,1.06069146474407,-11.6529145556399,2.21742806271468e-31,3.93755731965713e-29
"Os11g0691800",192.43506474796,-3.27366082605109,0.281125654708474,-11.6448313102049,2.43803583906905e-31,4.30305937608296e-29
"Os10g0540900",359.790803118337,-12.2765189419379,1.05477845583069,-11.6389549616554,2.61196320427929e-31,4.58226460451937e-29
"Os03g0789500",168.475314301842,-6.76111099166629,0.581317324236794,-11.6306717687158,2.8782351468442e-31,4.9892835682379e-29
"Os12g0410050",443.8873802506,-12.5677993886038,1.08212806023893,-11.6139668218463,3.49993472708382e-31,6.03107095397249e-29
"Os11g0549655",365.200638793533,-12.4380220855118,1.07458334724574,-11.5747392860606,5.53392313649693e-31,9.42326596710571e-29
"Os01g0943000",343.585003744858,-12.3278276047265,1.06702404757024,-11.5534674525834,7.09010116800421e-31,1.18665474835988e-28
"Os02g0132200",1100.30255216328,-2.51833130750901,0.218056743051741,-11.5489724016994,7.4708325550889e-31,1.24323191811028e-28
"Os01g0943900",332.241863029221,-12.2731915937877,1.06396752845373,-11.5353065441992,8.75746547717807e-31,1.44906198651352e-28
"Os11g0549670",435.235746302262,-12.3319710336803,1.0693832449521,-11.531853609912,9.11595585040415e-31,1.49985800155633e-28
"Os06g0361750",330.662482524513,-12.1052389697951,1.05038455872937,-11.5245781834784,9.91968229134738e-31,1.62292689712707e-28
"Os12g0410200",369.564646620941,-12.280882016899,1.06916558452618,-11.4864172534524,1.54382752069546e-30,2.47029368448864e-28
"Os09g0322400",390.594688120809,-12.3461249049936,1.07639988040236,-11.4698311749892,1.87023796013253e-30,2.97623332650162e-28
"Os06g0271400",364.249352499084,-12.5834703894788,1.09729190465616,-11.4677510479055,1.91573417721656e-30,3.03206579939678e-28
"Os12g0491200",448.126371071488,-12.351563399764,1.07814984468565,-11.4562585717065,2.18762327980009e-30,3.44367379212639e-28
"Os07g0549300",336.898242926846,-12.0181940543572,1.04932762940906,-11.45323321099,2.26535315725656e-30,3.54686100245298e-28
"Os02g0163500",390.373110562809,-12.5135964969243,1.0949616615253,-11.4283421389317,3.01816110407907e-30,4.67525998260589e-28
"Os04g0192775",367.887605817091,-12.0278058039917,1.05269039910055,-11.4257770511336,3.10862439779949e-30,4.78991321231305e-28
"Os11g0576900",455.733623810466,-2.44410132794017,0.214648281158239,-11.3865404127712,4.87982147368505e-30,7.29175217080724e-28
"Os04g0384200",295.407167054685,-11.9185795007891,1.04829898566616,-11.3694467549401,5.936265002344e-30,8.77542687300823e-28
"Os12g0116200",336.397924164182,-12.2919389410695,1.08672677864659,-11.3109745545958,1.15796143928952e-29,1.66118980467928e-27
"Os04g0370300",229.658222628515,-9.24675962450474,0.818024087272857,-11.3037742633371,1.25697074340274e-29,1.78563424338413e-27
"Os11g0225300",342.608873870156,-12.2117743611178,1.08075823725639,-11.2992655897942,1.32319920793328e-29,1.8705925890016e-27
"Os06g0139150",326.606914237942,-12.1824115430762,1.07825014753416,-11.2983166020762,1.33757407817334e-29,1.88177933838473e-27
"Os06g0138900",325.502848663147,-12.1809299583879,1.07865021610375,-11.292752531388,1.42502861131385e-29,1.99517707782124e-27
"Os12g0576100",848.684502755029,-3.43776255386192,0.305041067180112,-11.2698351918369,1.84915696860603e-29,2.56434043998785e-27
"Os03g0382350",291.222441841108,-11.9744965853986,1.06292382404235,-11.2656206536599,1.93980310495128e-29,2.67729602001854e-27
"Os11g0227200",308.045541519303,-12.2103621825118,1.08721132885355,-11.230900431646,2.87533253172916e-29,3.89467134832636e-27
"Os06g0239200",484.694359524451,-4.66713871247042,0.415623184380721,-11.2292549787001,2.92938112514153e-29,3.93131046665307e-27
"Os09g0336600",255.787912131679,-11.7329090144566,1.04483072787537,-11.2294831128437,2.92182777978983e-29,3.93131046665307e-27
"Os09g0523700",244.652502511997,-11.8469237070874,1.05519606465323,-11.2272250664436,2.99744886504371e-29,3.98592264145218e-27
"Os10g0137300",1264.76881006292,-12.6888211288738,1.1321877151461,-11.207347473503,3.75271336035904e-29,4.94509133395366e-27
"Os08g0297500",248.057341343202,-11.68111785575,1.04435541599835,-11.1850024204485,4.82892269715457e-29,6.33458949488898e-27
"Os03g0643900",328.072314858845,-12.1847527459419,1.09199847954987,-11.1582140214743,6.52900022142475e-29,8.41316568355449e-27
"Os06g0621200",311.591794426467,-6.77713720044382,0.60802306803902,-11.1461843418232,7.47432044445723e-29,9.58886167328121e-27
"Os08g0301600",459.226404588618,-12.4079568396945,1.11327244949945,-11.1454809155417,7.53361954840462e-29,9.62254686353682e-27
"Os11g0485200",272.146181972062,-11.9185346818182,1.06995661965766,-11.1392690720785,8.07795831953542e-29,1.02727642874022e-26
"Os07g0609550",236.17076216661,-11.8367734935033,1.06410117713431,-11.1237293481626,9.61663029140141e-29,1.21763264063562e-26
"Os01g0312500",217.442420994031,-3.49949461956807,0.315620330792773,-11.0876717313427,1.43986600756802e-28,1.80740421863775e-26
"Os11g0229600",222.868144072933,-11.6185329173843,1.04869147002083,-11.079076400949,1.58499094678733e-28,1.9810346073966e-26
"Os07g0434100",300.804809471729,-11.8872493371839,1.07432492181119,-11.0648548645259,1.85763351304063e-28,2.31188047721235e-26
"Os07g0442800",1530.95155470805,-1.46774310293962,0.133469799474372,-10.9968180721021,3.95854504822667e-28,4.86416662001928e-26
"Os10g0552700",2343.92991190593,-14.5308602549914,1.32206239287362,-10.9910548347173,4.21965383482002e-28,5.16322516712725e-26
"Os10g0513200",1889.8688859442,-1.90724750483624,0.173543709988399,-10.9900122854567,4.26867987722258e-28,5.20135963951783e-26
"Os03g0400600",242.212430689107,-11.6484560529417,1.06245456143046,-10.9637216270769,5.71018015828471e-28,6.87156473427964e-26
"Os01g0145200",226.288374272522,-11.5599852223651,1.05626777403563,-10.944180544483,7.08555355916323e-28,8.49158398147948e-26
"Os06g0635500",204.969250149667,-11.7834209133083,1.07955343524605,-10.9150881545966,9.76345339862604e-28,1.15581825152353e-25
"Os11g0549690",418.021545352903,-2.69601825079469,0.247545536101166,-10.8909992612143,1.27236453817847e-27,1.49410484196909e-25
"Os06g0569900",196.062765609409,-6.52338491742623,0.600489350797755,-10.8634481340258,1.72124624934798e-27,1.98913227275841e-25
"Os10g0165400",263.020515223349,-11.9779520581935,1.10480019227421,-10.8417360369363,2.18288882393557e-27,2.50275938309652e-25
"Os04g0205200",312.053732033282,-12.2368124128685,1.13103161369988,-10.8191603706273,2.79324522125302e-27,3.16517071335917e-25
"Os01g0893300",207.282573710026,-11.4729409730093,1.06227845908343,-10.8003140559855,3.43028246528412e-27,3.857014901699e-25
"Os06g0626200",348.342104507209,-12.1551483224384,1.1258435065178,-10.7964812623327,3.57648236576833e-27,4.00593536368867e-25
"Os12g0577600",1324.31231139379,-2.04542369405369,0.189829278376728,-10.7750696391229,4.5144037677323e-27,5.01788040167558e-25
"Os01g0341000",249.06344430757,-11.8624145213491,1.10278353718433,-10.7567932612022,5.50526475603515e-27,6.07289091762332e-25
"Os08g0421400",204.202859782701,-11.3097658114202,1.05280863290948,-10.7424706237117,6.43002358649e-27,7.06623195795328e-25
"Os08g0424500",5455.07887394129,-2.66072744325168,0.2478399250893,-10.7356691715146,6.92156762124536e-27,7.54943416726245e-25
"Os11g0194800",1116.82382981994,-2.89384414930016,0.269657279205602,-10.7315632562388,7.2361533270572e-27,7.86310661158805e-25
"Os08g0198000",149.040350082708,-8.36401200977976,0.781105604540902,-10.7079144755282,9.34431169419843e-27,1.01161726824701e-24
"Os11g0550300",205.313656278791,-11.5330352335714,1.08118543184954,-10.6670279619309,1.45196462231538e-26,1.54886863483768e-24
"Os07g0521300",200.083094642631,-11.4655352946386,1.07502600259554,-10.6653562490174,1.4783142982955e-26,1.57122149616648e-24
"Os10g0145800",169.1324785227,-11.7288887835897,1.10360461872289,-10.6277996527077,2.21271351372563e-26,2.3263047995205e-24
"Os12g0132000",187.323930379678,-11.355782666574,1.06860809279374,-10.6267047228566,2.2388379837452e-26,2.34530358858373e-24
"Os01g0967600",687.783026510445,-4.34950471006238,0.409561965037516,-10.6198941341244,2.40834095009058e-26,2.50484661244778e-24
"Os01g0236400",759.830912372054,-1.5952270771951,0.150292583182194,-10.6141437150046,2.56132020300792e-26,2.65447569224188e-24
"Os11g0202600",201.350737699006,-11.2667693655476,1.06182698350273,-10.6107393582909,2.65638638307477e-26,2.7432370300675e-24
"Os01g0145600",200.928041475697,-11.3587911034166,1.0729048291438,-10.5869512326468,3.42567824462021e-26,3.52518027702579e-24
"Os12g0565100",215.812739242174,-11.3573518082038,1.07379698044407,-10.5768148123371,3.81714745974595e-26,3.91418902544794e-24
"Os10g0333000",246.982509135289,-11.5858896102916,1.09953247416318,-10.5371054357528,5.82646515977361e-26,5.89160827718497e-24
"Os06g0287700",290.688431494988,-12.103221939541,1.14871209731894,-10.5363406268547,5.87402688494862e-26,5.91914916759424e-24
"Os06g0237800",1297.93208991957,-1.95916959238709,0.18603620604017,-10.5311199044989,6.20913226798471e-26,6.2352534451121e-24
"Os12g0407100",177.094604047757,-11.236257141561,1.06737600173265,-10.526990604362,6.48754503193968e-26,6.49244970515971e-24
"Os04g0269100",110.157253529382,-5.64042168090124,0.536219014430568,-10.5188766699947,7.07115842708371e-26,7.004295092297e-24
"Os02g0104100",149.667830818104,-3.74183671415519,0.356021074494919,-10.5101551065865,7.75658720325445e-26,7.62394604004735e-24
"Os04g0309900",661.007232834917,-4.87548241686916,0.466829877362089,-10.4438097330424,1.56405017071475e-25,1.50822083018394e-23
"Os05g0326675",409.211348887293,-11.1331146532201,1.06671409782517,-10.4368308958497,1.6833683032802e-25,1.61792249927809e-23
"Os02g0289700",155.082978672121,-11.2116407575915,1.07441506304865,-10.4351112928168,1.71412772658115e-25,1.64206669912816e-23
"Os02g0163400",258.979116218227,-11.8940196914115,1.14021889843404,-10.4313476190813,1.78340775851599e-25,1.70283281126238e-23
"Os06g0491901",150.329473657788,-10.9943102048536,1.05476940025268,-10.4234254446705,1.93843307668682e-25,1.83879635372227e-23
"Os08g0543051",209.528998387724,-11.6191825033295,1.11577361125005,-10.4135663240072,2.15012673806598e-25,2.02640747139021e-23
"Os10g0428500",107.27637513874,-4.00171708285502,0.384377885762543,-10.4108931108674,2.21137192604157e-25,2.07072582733706e-23
"Os11g0687900",228.903497073196,-12.0118423360934,1.15520302538885,-10.3980357323339,2.53096627013942e-25,2.33249366199368e-23
"Os02g0276200",955.236977279264,-4.91127926426991,0.473670370138324,-10.3685591793206,3.44682474418399e-25,3.16651199369483e-23
"Os08g0150150",1003.85238587789,-6.3547975280487,0.613788352042565,-10.3534019616065,4.03874471298414e-25,3.67551011036013e-23
"Os02g0773800",201.84191449291,-11.3945467015004,1.1018671688178,-10.3411255221677,4.59113254444014e-25,4.16520130713974e-23
"Os08g0310300",229.097647277335,-6.41776129572152,0.620745691197405,-10.338793143037,4.70424350764886e-25,4.25456457856367e-23
"Os01g0223000",146.249496752379,-11.107682156989,1.07480127822677,-10.3346380228675,4.91263301153803e-25,4.42222971467838e-23
"Os12g0405400",382.31037547545,-6.42406553711241,0.621613919591482,-10.3344943455163,4.92000009462192e-25,4.42222971467838e-23
"Os11g0146000",172.551293063952,-11.058395597105,1.07046833604565,-10.3304275565545,5.13312703121201e-25,4.59959770470634e-23
"Os02g0108302",235.188533688392,-9.4668313192533,0.917321212350013,-10.3200832944885,5.71735365708829e-25,5.09176676457875e-23
"Os12g0406000",254.098615289787,-11.7265418467238,1.13772506607639,-10.3070084296943,6.55087886311584e-25,5.76358592905315e-23
"Os09g0343200",255.909510570245,-11.9737986424704,1.16698137017769,-10.2604882549643,1.06168556053071e-24,9.25700805202854e-23
"Os09g0276600",178.869252751799,-11.1897837545256,1.09184844772594,-10.2484770462708,1.20222806226506e-24,1.0451130038592e-22
"Os07g0648566",146.747639991119,-11.1142948891348,1.08521382206117,-10.2415714425984,1.29121857458415e-24,1.11581208691513e-22
"Os08g0204632",214.704179524485,-11.4222439568699,1.11625136678683,-10.232680825063,1.41545836387778e-24,1.21595806704568e-22
"Os08g0539600",232.087964293154,-4.28625971930726,0.419814714428337,-10.2098844370995,1.79077992555258e-24,1.5204400289196e-22
"Os12g0141900",241.595992084644,-11.6897761991874,1.14491747609944,-10.2101474064426,1.78593311536448e-24,1.5204400289196e-22
"Os11g0460700",158.970831557245,-11.0452808326383,1.08310718365539,-10.1977726667471,2.02871557597083e-24,1.7174492733553e-22
"Os01g0222800",113.77037643609,-8.27341981259889,0.811408865011635,-10.1963635959046,2.0583545644026e-24,1.73281115120788e-22
"Os03g0259001",156.068445677036,-11.0149350823025,1.08258435154894,-10.1746668206893,2.57278941866031e-24,2.14070781286359e-22
"Os09g0247500",137.248052360666,-10.8524361638705,1.07023249196772,-10.1402604063322,3.66122286125917e-24,3.02903784561334e-22
"Os02g0118800",171.498704572287,-11.0836586688562,1.09378290584492,-10.1333259183588,3.93048197380788e-24,3.2425919558423e-22
"Os04g0611700",138.654509831509,-7.76873235701252,0.767915146055283,-10.1166546810801,4.66073917998075e-24,3.83070270324819e-22
"Os09g0124566",156.909615561729,-11.1535788976094,1.10310648438819,-10.1110627627173,4.93460441129878e-24,4.0141214990459e-22
"Os07g0117000",319.823698082997,-2.34111458397132,0.231775936880694,-10.1007663499442,5.48121607414908e-24,4.44635026494065e-22
"Os03g0673600",464.94223250757,-12.3822386778765,1.2284829230196,-10.0792924719222,6.82155454451396e-24,5.48777103440153e-22
"Os11g0688832",170.832907052741,-11.1523752359231,1.1092245240653,-10.0542090388064,8.80254474198595e-24,7.02322487605794e-22
"Os05g0213900",384.957092518376,-2.59381637576731,0.258240926136299,-10.0441723725785,9.7462355723518e-24,7.7549145447549e-22
"Os07g0580800",397.353991233174,-3.10669468174383,0.310133582221616,-10.0172791978517,1.27977507672071e-23,1.00457169229813e-21
"Os11g0655300",125.939457415001,-10.6383087303179,1.06340158467299,-10.0040369354813,1.46308284402501e-23,1.14230291109105e-21
"Os01g0576050",129.644902293391,-10.9602107508134,1.09824320755702,-9.97976648104546,1.86906137815096e-23,1.45536912979979e-21
"Os12g0141500",784.493015838387,-2.23449035821215,0.224379455084407,-9.95853366954468,2.31451104458189e-23,1.79263804894452e-21
"Os06g0636700",181.923020326362,-2.54400516290326,0.255537444489802,-9.95550835214208,2.38600304208041e-23,1.84310823850042e-21
"Os01g0966400",2543.0683378695,-1.4703598032266,0.147728780965705,-9.95310320449974,2.44439621352176e-23,1.88321974947568e-21
"Os06g0325900",66.2923740410079,-5.90154501066715,0.593100145597833,-9.95033478657895,2.51336248867226e-23,1.92616164197667e-21
"Os09g0110300",3641.64275090098,-4.28825091478777,0.431186864839666,-9.94522622200547,2.64572206492851e-23,2.02227606233197e-21
"Os08g0231400",386.247341147146,-5.97473076856402,0.602128019279681,-9.92269181512518,3.31687977272658e-23,2.52004435212433e-21
"Os07g0197100",386.854896070335,-3.41836908068364,0.344996823915278,-9.9084073931159,3.82697662995883e-23,2.87982463611527e-21
"Os12g0487500",302.952957069206,-5.47309409304079,0.552588473981888,-9.9044666161824,3.98088531494085e-23,2.98024015788451e-21
"Os06g0653300",130.086215300793,-10.7870752541157,1.08977681007719,-9.89842613126599,4.22877342060549e-23,3.14602739164938e-21
"Os04g0140666",120.630886789268,-10.8191979835174,1.09520002129199,-9.87874157521854,5.14752605139122e-23,3.81440849029555e-21
"Os02g0467200",162.273111760367,-10.8923577654715,1.10339502028094,-9.87167566036161,5.52340849488835e-23,4.06193692394289e-21
"Os11g0250600",117.855447785938,-10.6262274884266,1.07927741823081,-9.84568685393743,7.15488254262798e-23,5.22216765429604e-21
"Os01g0753400",712.275554135644,-3.94305627122941,0.40074108371279,-9.83941110978127,7.61552859020111e-23,5.54448559009592e-21
"Os11g0150400",410.761882118164,-3.88285432033139,0.394655290489015,-9.83859690698729,7.67740399002723e-23,5.57559498747065e-21
"Os12g0267200",255.931905594923,-3.80349003550448,0.388162411829516,-9.7987077563167,1.14035139451119e-22,8.06051293955216e-21
"Os12g0262100",207.177204093335,-9.23294318482844,0.945374963370624,-9.76643505758758,1.56875112447102e-22,1.09294665662309e-20
"Os04g0626500",2081.80553265945,-1.9010661652872,0.194660871636107,-9.76604157429747,1.57485338452607e-22,1.09457948124506e-20
"Os02g0498100",232.194870624944,-11.6639230943715,1.19472235210372,-9.76287341894386,1.62484996231698e-22,1.12396390980036e-20
"Os12g0284850",129.769736528571,-10.8513381579417,1.11413883887572,-9.73966419561475,2.04228109010865e-22,1.39613403535549e-20
"Os01g0124100",247.742337445164,-7.552323535183,0.775593898184613,-9.7374715722497,2.08681923392086e-22,1.42324004052092e-20
"Os05g0406550",179.641103512986,-8.82303469712288,0.907597324956761,-9.72130972019252,2.44614604742702e-22,1.6566666323993e-20
"Os04g0153200",121.568547169091,-10.6985257393189,1.10113648918735,-9.71589430045545,2.57974370886484e-22,1.7390577844806e-20
"Os06g0241200",200.143449169877,-11.2829708073279,1.16257156361162,-9.70518388758493,2.86559115316738e-22,1.92285128024287e-20
"Os11g0481000",164.318113403314,-11.1238805182244,1.14623555657575,-9.70470725184597,2.87901583029391e-22,1.92741836804182e-20
"Os04g0192350",136.426329214698,-10.3963149796083,1.07327985670237,-9.68649035448297,3.44151961291219e-22,2.28821767505088e-20
"Os05g0509101",535.012432669312,-4.20037125171833,0.434394294830003,-9.66948991206738,4.06398571186469e-22,2.68798257574827e-20
"Os07g0289600",146.479417993967,-10.932133318394,1.13302018340534,-9.64866599775568,4.97993072526987e-22,3.27371427948779e-20
"Os04g0389600",153.956637681032,-10.7892109102301,1.11909325661192,-9.64102933020495,5.36473021261243e-22,3.51873137954277e-20
"Os03g0743200",748.063531969836,-2.6993963650933,0.280128905975559,-9.63626497484275,5.61955351930082e-22,3.67758736155233e-20
"Os06g0620600",1172.93489485388,-2.17995812258895,0.226268862005289,-9.6343708244663,5.7241583043298e-22,3.73764435288548e-20
"Os11g0550100",156.263052157472,-11.0484157198812,1.14691965587198,-9.633120910707,5.79423788796279e-22,3.77493950275732e-20
"Os07g0481000",1756.06059548004,-1.3381254002247,0.139387448659893,-9.60004227848188,7.99116386313573e-22,5.1486432305805e-20
"Os11g0172150",139.94555988934,-10.9825121799012,1.14464134031512,-9.59471914309656,8.41459567664544e-22,5.37390033542256e-20
"Os07g0551700",727.114721451454,-3.69618555061285,0.388126455576833,-9.52314766876581,1.68011373046223e-21,1.05448862195088e-19
"Os06g0301500",1135.96427370941,-1.83849945079389,0.193695168626681,-9.49171558500421,2.2726272205039e-21,1.40516878801517e-19
"Os06g0505700",204.030941716687,-8.99352053908665,0.947913492857774,-9.48770178592241,2.36183855561902e-21,1.4541535394659e-19
"Os12g0557900",96.3009971574627,-10.5513314142249,1.11282982941686,-9.48153179876028,2.50577266330133e-21,1.53304856093827e-19
"Os06g0490200",533.673666529663,-2.2190383372207,0.234105148466895,-9.47881049072482,2.57198145217082e-21,1.57025668448886e-19
"Os04g0138800",76.2570451289201,-10.3983365636933,1.09724515080654,-9.47676693403465,2.62283568618831e-21,1.59461838941912e-19
"Os03g0100800",321.589683359391,-2.74823471411796,0.290656014959643,-9.45528243927636,3.22151070878378e-21,1.95045394721832e-19
"Os04g0369066",105.41363800206,-10.960588127297,1.16600943509931,-9.40008528006767,5.45188652124839e-21,3.24682697897333e-19
"Os06g0295900",110.86465282489,-10.7260775334862,1.14139985420772,-9.39730059886115,5.59808172371864e-21,3.32708848894151e-19
"Os05g0370200",91.4052686004181,-10.4158619437587,1.10878424461821,-9.39394836670431,5.7792240751967e-21,3.42775078447818e-19
"Os04g0307466",133.092352106075,-10.1093356606705,1.07774715872002,-9.38006245609299,6.59336607498392e-21,3.88688272946724e-19
"Os08g0299600",80.6543886075376,-10.1457080504304,1.08199109883898,-9.37688679816047,6.79493952005961e-21,3.99762078188234e-19
"Os01g0784450",109.812407044675,-10.6071461947432,1.13421362956217,-9.35198265853828,8.60198781517312e-21,5.02018214736416e-19
"Os03g0708000",2736.93085937702,-1.7263034956123,0.184702588258221,-9.34639580252584,9.0685330760545e-21,5.26083307252707e-19
"Os01g0162701",130.281578207693,-10.6629097909767,1.14155331032453,-9.34070243985837,9.56970946786681e-21,5.54053835235024e-19
"Os06g0138700",488.9609941408,-1.84048038675668,0.197318423794032,-9.32746345408599,1.08434819013282e-20,6.26555317322378e-19
"Os08g0394000",138.40125287702,-11.1036308846259,1.19090781546046,-9.32366950697412,1.12384713285804e-20,6.46811782669798e-19
"Os01g0952500",3317.16796836288,-1.56636745207021,0.168142060085287,-9.31573843734104,1.21107138090992e-20,6.92904140566965e-19
"Os06g0184834",95.453569867847,-10.4590798044631,1.12333238106427,-9.31076142802359,1.26919173974935e-20,7.24733369509426e-19
"Os02g0163533",110.234888324684,-10.6712011647922,1.14707375991028,-9.3029773130081,1.3656685851976e-20,7.76777354260246e-19
"Os07g0535600",83.9693821161636,-10.1362505935716,1.08977015925323,-9.3012737663119,1.38773073455186e-20,7.87787416210903e-19
"Os09g0534600",85.770608196333,-10.1499005005941,1.09207839504988,-9.29411345064701,1.48438051031974e-20,8.4101418718933e-19
"Os08g0208700",122.312574446169,-10.8450117922194,1.1669134268622,-9.29375868215124,1.48933848499118e-20,8.42184764270157e-19
"Os11g0438000",101.04120160198,-10.5174451236531,1.1322976939499,-9.28858654384793,1.56350757975379e-20,8.80705372100385e-19
"Os11g0462900",212.091630375924,-10.9635085868061,1.18142846180626,-9.27987511833281,1.69677319808582e-20,9.52089192189887e-19
"Os02g0801255",175.610588293151,-7.57434474056794,0.816531338038951,-9.27624499845788,1.75556624927196e-20,9.83184621371117e-19
"Os05g0361000",788.513905018374,-2.56080913897718,0.276559429978707,-9.25952566207683,2.0534239187084e-20,1.13904402591669e-18
"Os11g0246300",179.289297002739,-11.1212995578692,1.20142155089345,-9.25678380714806,2.10682639783032e-20,1.16527420143109e-18
"Os07g0424400",22915.853239207,-1.42568566180019,0.154039075894245,-9.25535065387559,2.13528369356055e-20,1.17772219173997e-18
"Os10g0168900",150.235124248805,-10.8101676954917,1.16915473048179,-9.24613946610561,2.32747402893405e-20,1.27888110699278e-18
"Os07g0191301",224.123616114144,-11.6384041158681,1.2594054883189,-9.24118897671589,2.43773158583557e-20,1.33442893313353e-18
"Os01g0158600",228.556840346883,-3.85560158530032,0.417757970476776,-9.22927115166715,2.72479619267264e-20,1.48320588267313e-18
"Os09g0520700",18874.9680665131,-1.43069347546838,0.155062361279265,-9.22656835395227,2.79441063615519e-20,1.51543438633355e-18
"Os12g0111500",276.031690672427,-5.76173531282323,0.625818441292813,-9.20672024448602,3.36241592571028e-20,1.82007949049321e-18
"Os06g0488200",492.230512786658,-2.62104501738475,0.284857649050313,-9.20124499420342,3.5382612959756e-20,1.90817121224818e-18
"Os08g0540400",191.270992613328,-3.45365592532007,0.375691261888392,-9.19280344174219,3.82733962079244e-20,2.05266638005005e-18
"Os07g0469200",283.080865661117,-4.28179682462551,0.466277663255493,-9.1829336081221,4.19503986193732e-20,2.23341774879961e-18
"Os02g0828900",742.599294991158,-2.91748017754959,0.317929867685121,-9.17648976735673,4.45372871113638e-20,2.36250432651573e-18
"Os04g0431700",844.694746281627,-2.1922941285584,0.239380499099401,-9.15819850324596,5.27708758665975e-20,2.78404609961422e-18
"Os05g0251400",129.890798978846,-3.44923523987304,0.377130594091271,-9.14599688785331,5.90823918198782e-20,3.08350791143099e-18
"Os06g0350200",130.392238366037,-10.5415960573721,1.15536339063113,-9.12405234825178,7.23665874955448e-20,3.73663078199513e-18
"Os09g0268800",93.7611408256024,-10.7809247744486,1.18165859956627,-9.12355292671322,7.27009762989146e-20,3.74725279960529e-18
"Os12g0225900",2273.084244448,-2.72580274240201,0.299479850384495,-9.10179011677216,8.88550164138027e-20,4.5317614500924e-18
"Os07g0273600",269.596383669765,-8.66214136007948,0.952893314613986,-9.09035799415645,9.87134860365587e-20,4.99953763540289e-18
"Os02g0289500",76.8928297356964,-10.0028138449819,1.10145096090111,-9.0814881461436,1.07100346832422e-19,5.38683298869396e-18
"Os06g0307900",186.306294643943,-4.50683934909491,0.49672026033003,-9.07319412761719,1.15578114406123e-19,5.79322865358883e-18
"Os05g0210600",1365.5775418418,-2.00608256655876,0.221124058330718,-9.07220400033729,1.16633480496098e-19,5.83608285052813e-18
"Os11g0660400",1201.02913268314,-5.16032323942278,0.569552803092825,-9.06030698365602,1.30083929308177e-19,6.49794886674568e-18
"Os01g0127200",281.627687850657,-8.15301121788537,0.905283746559134,-9.00602849534624,2.13653676229702e-19,1.04571804355653e-17
"Os05g0221200",466.983545506299,-7.11489231594016,0.790606939826404,-8.99927885467637,2.27205145017507e-19,1.1083196370519e-17
"Os04g0233400",6525.87062709251,-2.11329472790459,0.234984283828811,-8.99334497384577,2.39818068992505e-19,1.16594020120196e-17
"Os11g0234300",267.028871568124,-2.85832683164419,0.317824661208982,-8.99340793999848,2.39680664701409e-19,1.16594020120196e-17
"Os06g0161400",136.844233579019,-4.42882437645811,0.49339153940717,-8.97628763918312,2.80056595916557e-19,1.3525386710252e-17
"Os04g0390100",3099.00416039033,-1.52226964376611,0.169650581081516,-8.97297040812767,2.88623651930688e-19,1.39160562773601e-17
"Os07g0236200",74.6619825024988,-9.82995469672871,1.09598361471539,-8.96907085538996,2.9902616018429e-19,1.43937848543585e-17
"Os03g0250200",1614.99001469001,-2.29284914661384,0.255765948518856,-8.96463802117431,3.1130165804083e-19,1.49599453555529e-17
"Os11g0659400",852.811100626694,-2.03925056199413,0.228151095436181,-8.93815810130332,3.95710659516458e-19,1.88606969336142e-17
"Os11g0688500",89.9694496802584,-10.6677638800086,1.19377730849573,-8.93614228054899,4.02993007552104e-19,1.91764090946608e-17
"Os04g0206300",102.913373932666,-9.80059499755558,1.09709498450891,-8.93322377363942,4.13771579167039e-19,1.9625172521991e-17
"Os06g0585982",109.778407442922,-6.35295479997927,0.711587110644696,-8.92786660261947,4.34302905976006e-19,2.04325835667742e-17
"Os06g0492000",106.148551654196,-10.1894476150055,1.1421086988807,-8.92160932229254,4.59560842335684e-19,2.15512574082122e-17
"Os05g0328000",91.8451242704255,-9.98280831476541,1.11987216763038,-8.91423914560602,4.91177161274304e-19,2.29968831039072e-17
"Os03g0381500",67.2109637564708,-4.65856196919962,0.522707418206279,-8.91237010790075,4.99530620713553e-19,2.3350450620257e-17
"Os05g0488900",1055.68303589486,-1.06818723785417,0.11993105209101,-8.90667778886468,5.25846048489124e-19,2.45411676668273e-17
"Os11g0252400",725.973345888151,-3.09145081924929,0.350156118893136,-8.82877851462813,1.05825043677438e-18,4.86862072981729e-17
"Os04g0289500",127.777129990162,-10.2085383805001,1.15668054712006,-8.82571977709631,1.08758037640576e-18,4.987797751447e-17
"Os09g0456100",970.846200285346,-2.9386987182325,0.333120604324225,-8.82172606583133,1.12708703545513e-18,5.14467533644584e-17
"Os07g0658500",110.16716247941,-10.6337739981587,1.20547515282413,-8.82123034493606,1.13208864626226e-18,5.15941870992952e-17
"Os12g0212366",78.5878691410045,-10.1847507409939,1.15583519130266,-8.81159426329236,1.23378472655819e-18,5.6053477077734e-17
"Os09g0130300",513.389147456695,-6.89584108072045,0.78298695316301,-8.8070957668752,1.28429962575113e-18,5.82575914347731e-17
"Os04g0369000",84.8574092762827,-8.55858531690146,0.972652667288608,-8.79922052828951,1.37769714490751e-18,6.22035600837157e-17
"Os07g0689600",1539.57500821775,-2.54834705181515,0.289712268517258,-8.79613095039965,1.41614319553592e-18,6.38404367498408e-17
"Os04g0616200",508.844420358023,-2.23872445388323,0.254789645533005,-8.78655978817327,1.54209627248275e-18,6.91971150188636e-17
"Os10g0567900",90.2585708320882,-9.88880194347694,1.12553145798588,-8.78589565250607,1.55123548398177e-18,6.95001227146418e-17
"Os07g0658550",76.1355109841029,-9.87783281053818,1.12501662859654,-8.78016605217721,1.63233481968851e-18,7.29092862254124e-17
"Os11g0585200",70.5504389267977,-9.86001334765286,1.1230792535656,-8.77944572152758,1.64282250062256e-18,7.32653550737065e-17
"Os01g0117600",114.564579766023,-3.03535004134799,0.345895855113183,-8.77532932666908,1.70404445646304e-18,7.58794841913101e-17
"Os10g0450400",117.948451075123,-10.1832661519435,1.16127984488251,-8.76900274883676,1.80255641524796e-18,7.97781883356398e-17
"Os06g0631800",98.9177937854026,-3.36868063191519,0.38469999243127,-8.756643353761,2.01150855583768e-18,8.88909744508422e-17
"Os01g0206800",195.842710812298,-3.67199993342798,0.419610499573549,-8.75097247842904,2.11521960178045e-18,9.31912636052196e-17
"Os12g0109600",78.4242000934042,-10.0938082439394,1.15400191122956,-8.7467864183905,2.19514627598108e-18,9.6420889666849e-17
"Os10g0198333",155.208721284611,-8.18257634508882,0.935930506632507,-8.74271784828326,2.27568507552533e-18,9.96578958939079e-17
"Os05g0489500",55.7395121184317,-5.36153434726354,0.613323727377562,-8.7417690005053,2.29488346145311e-18,1.00347741988645e-16
"Os12g0569700",1059.41041848658,-3.00125113340411,0.343731725896658,-8.73137655703748,2.51591519306687e-18,1.09683356665409e-16
"Os06g0194200",228.352445400035,-5.78659925003779,0.663550467751442,-8.7206618505548,2.76580284077654e-18,1.20397175379812e-16
"Os05g0239900",150.386302899121,-6.60834842966338,0.758384271467188,-8.71372031078481,2.94061365428459e-18,1.27625262056745e-16
"Os05g0121800",1401.97943980919,-3.1867358555829,0.366208263861826,-8.70197690783214,3.26151963228938e-18,1.40922811174379e-16
"Os04g0191550",161.461098419708,-11.1124877206308,1.27879335851456,-8.68982282918558,3.63005146837577e-18,1.56613864980799e-16
"Os11g0269700",54.1887119474813,-9.82468822442784,1.13314628973781,-8.67027347960617,4.31083739027625e-18,1.85162546430126e-16
"Os07g0437500",1031.94968730037,-1.50190718639018,0.173360797361242,-8.66347645633269,4.57591082332732e-18,1.96258726063238e-16
"Os11g0102600",2635.30843027867,-1.12879721856707,0.130340814526015,-8.66035111620215,4.70313342848951e-18,2.01418605447752e-16
"Os09g0375600",1753.32871229994,-2.68537848945706,0.31021680626061,-8.65645714630013,4.86653898390015e-18,2.07501242004597e-16
"Os02g0234200",1257.04239362175,-1.75958638398958,0.203563544124284,-8.6439170213861,5.43180090518622e-18,2.30590241925413e-16
"Os06g0238600",93.8740544418988,-8.37205692441215,0.969014755211943,-8.63976206696771,5.6330210235971e-18,2.38784335151666e-16
"Os07g0181200",60.2349826433117,-9.95524982838997,1.15281386516594,-8.63560903386336,5.84149752302826e-18,2.46902889500187e-16
"Os12g0410150",71.990955508161,-9.87556673175966,1.14757489720434,-8.60559668551305,7.59207732766223e-18,3.19042533818441e-16
"Os06g0240400",94.8347213417617,-10.0499988116306,1.16884920119238,-8.59819966628563,8.0976327765889e-18,3.3833466530821e-16
"Os04g0379400",365.336813984608,-3.58933064826613,0.417889179979147,-8.58919259035433,8.75826050003838e-18,3.63848876294034e-16
"Os04g0117200",500.312199305,-2.21919791681535,0.25843150866295,-8.58718013254977,8.91298356988389e-18,3.69749156014471e-16
"Os01g0349600",85.7937968008327,-10.5627512861033,1.23021100890348,-8.58612970430021,8.99481163333292e-18,3.72612950762335e-16
"Os09g0120800",857.260025612044,-1.84119045431987,0.214640408161123,-8.57802344905045,9.65172757314321e-18,3.98691645936279e-16
"Os03g0733200",1200.65436136472,-1.74789856698736,0.203957053559149,-8.56993438807673,1.0354401823963e-17,4.25905211747813e-16
"Os08g0132000",70.804914485641,-9.97236120587853,1.16385872980817,-8.56836053248679,1.04968719160075e-17,4.3115642304368e-16
"Os01g0162900",72.4577297074475,-10.2426294942438,1.1965477773698,-8.56015086732159,1.12719918518415e-17,4.61043464479394e-16
"Os07g0282500",70.0819499833911,-10.1666334621834,1.18808188571249,-8.55718245050631,1.15659413890087e-17,4.72403008598472e-16
"Os07g0521400",80.3507690367451,-9.59542932078894,1.12140763980834,-8.55659349924611,1.16251557211099e-17,4.74156561498825e-16
"Os07g0597500",66.0727797924539,-9.74453810613176,1.14066055087868,-8.54289043188638,1.30905508617386e-17,5.30212826419403e-16
"Os04g0554500",5732.66025710407,-3.02552000095873,0.355789973881193,-8.50366852093764,1.83691561170892e-17,7.39898429380181e-16
"Os04g0367800",81.0579501322375,-9.78589224136478,1.15080914832788,-8.5034883982141,1.83976930815531e-17,7.40024334145012e-16
"Os08g0454600",70.7856942128395,-10.0746599163471,1.18595656612966,-8.49496533353279,1.97991999213649e-17,7.94204270123952e-16
"Os11g0219400",1815.44854514231,-1.32999689008536,0.156684895839519,-8.48835417708406,2.09584002898205e-17,8.39546813260181e-16
"Os02g0211600",247.378415915037,-3.41109668747357,0.401941710743768,-8.4865456763906,2.12870015459972e-17,8.51538542613367e-16
"Os05g0325200",1217.84904150195,-1.80528900884039,0.212783316987704,-8.48416611977484,2.17271177923564e-17,8.67007605658252e-16
"Os10g0155400",301.610631465207,-2.39409204621166,0.282400557210233,-8.47764632570953,2.29795260078507e-17,9.15471622983073e-16
"Os11g0197400",1151.76062828931,-1.76897252636164,0.208705987560122,-8.47590693032731,2.33255180669361e-17,9.27985979706712e-16
"Os12g0404400",60.2773512132136,-9.89630462264414,1.1681912843299,-8.47147616609798,2.42302566930733e-17,9.62665123350179e-16
"Os05g0588100",142.406734019089,-7.69026322441865,0.908286708370318,-8.46677943599638,2.52271153739691e-17,1.00090470561407e-15
"Os06g0190800",953.900407388764,-2.76523014683662,0.326911297118647,-8.45865582257021,2.70477032068796e-17,1.07167784053163e-15
"Os02g0269000",892.962583946088,-0.910227597667649,0.107697744400465,-8.45168673433903,2.87124140081395e-17,1.13609092492532e-15
"Os03g0438000",69.7179885744758,-9.98747897678551,1.1827961528697,-8.44395625785046,3.06774031787663e-17,1.21055194494855e-15
"Os11g0665600",106.577416562014,-10.4666718054804,1.24094535356764,-8.43443409928521,3.32809228490457e-17,1.30973923677015e-15
"Os12g0575400",324.025278120094,-2.60676720553314,0.309149048335249,-8.43207255390384,3.39596315387327e-17,1.33464560009578e-15
"Os12g0558400",48.9566467572323,-9.52322983728169,1.12962221250187,-8.43045553804206,3.44322193815761e-17,1.35139500381437e-15
"Os10g0480200",1665.93870016856,-1.01379998495071,0.120625984115453,-8.40449089294381,4.29721642419634e-17,1.66858048940594e-15
"Os01g0126900",2026.98671675507,-2.49594974277741,0.297679766096187,-8.38468054281833,5.08636985088174e-17,1.96713496410861e-15
"Os03g0193300",496.661793808385,-1.78617649306657,0.213092507991762,-8.38216467533257,5.19630645217064e-17,2.00698722148692e-15
"Os01g0144800",55.8717447641585,-9.71335272495477,1.16186006951017,-8.36017432723187,6.26256471928859e-17,2.39656254605943e-15
"Os03g0117432",60.6555694805558,-9.70185511219117,1.16048209213512,-8.36019373150442,6.26153472348864e-17,2.39656254605943e-15
"Os12g0575300",341.30750295187,-2.63882699870228,0.316790622384643,-8.32987725090628,8.0926218179914e-17,3.07266404932915e-15
"Os04g0142850",261.650595666976,-3.73574229860849,0.448963511190704,-8.32081495598798,8.73605455131784e-17,3.30834045050037e-15
"Os08g0445500",51.330635012479,-9.26766667740511,1.11437558442403,-8.31646601643301,9.06249620754153e-17,3.42750668254577e-15
"Os08g0247700",114.533282363745,-10.1412436796982,1.21952705994346,-8.31571845578262,9.11980889015136e-17,3.44470913747066e-15
"Os05g0521700",1818.90994755913,-1.56356962403718,0.188063725054351,-8.31404154940198,9.24967436927404e-17,3.48923597126941e-15
"Os01g0249900",194.144799233436,-5.35041598738583,0.644742163114501,-8.29853590083209,1.05402252750345e-16,3.96067665109104e-15
"Os06g0731200",1373.91415799665,-3.19908635869602,0.385844072739509,-8.29113775412532,1.12170283684839e-16,4.20414800703974e-15
"Os12g0572000",583.469849057863,-3.3933108826623,0.409429766216777,-8.28789492766305,1.1527033741678e-16,4.30924616977081e-15
"Os02g0834100",99.763741485786,-3.91842908684432,0.473553168281634,-8.27452828805472,1.28965151767261e-16,4.80271502527644e-15
"Os10g0195000",135.199994700167,-3.43978106365462,0.415896956187288,-8.27075315767785,1.33115398313126e-16,4.94462580315669e-15
"Os01g0601700",59.5194741052967,-9.77613955556821,1.1836324832551,-8.25943837624572,1.46359469865533e-16,5.42965666423447e-15
"Os12g0425600",607.735751565834,-2.05059255638713,0.248564665492186,-8.24973474136691,1.58746492351231e-16,5.87422534974912e-15
"Os11g0227000",1506.4953862728,-2.36042507446316,0.286583299191312,-8.23643625125355,1.77416149039064e-16,6.52362764181265e-15
"Os01g0269500",87.7507288522535,-10.2386562137656,1.24638236595946,-8.21469919135444,2.12696758240982e-16,7.77183813487312e-15
"Os05g0177400",55.1735570651792,-3.87351451797278,0.472192199555169,-8.20325816822437,2.33958026519158e-16,8.51665706036366e-15
"Os03g0292900",215.46300257665,-2.72112742950756,0.331793676075829,-8.20126369402433,2.37873100762461e-16,8.6483650941378e-15
"Os02g0439200",292.018552785432,-2.62439491960148,0.320539891752112,-8.18742062105344,2.66884139538672e-16,9.67895381275865e-15
"Os03g0573001",83.7137448611022,-8.82774488850875,1.08107967102452,-8.16567467237902,3.19643649315255e-16,1.14921757473566e-14
"Os10g0568200",649.737260681692,-3.56907520478066,0.437081706146831,-8.1656934037447,3.19594049526913e-16,1.14921757473566e-14
"Os02g0168400",1530.61334391586,-2.03219939047283,0.248989920896312,-8.16177371018605,3.30140272132817e-16,1.18403263609013e-14
"Os11g0274100",1021.42933313251,-3.44990157418576,0.424248358669033,-8.13179710349126,4.22972360549102e-16,1.5003411795263e-14
"Os01g0115750",130.701547282871,-7.2101694031033,0.88712033268378,-8.12761148342816,4.3783189134853e-16,1.54739567231212e-14
"Os08g0512700",3452.14071359869,-2.24928590686401,0.277220621685151,-8.11370342217398,4.90998912950363e-16,1.73109810447221e-14
"Os01g0663400",432.571651306169,-2.90213755983531,0.358704304588143,-8.09061258176839,5.93653992560662e-16,2.07046605644929e-14
"Os07g0596200",59.2910247142314,-9.68301881122158,1.19684558289004,-8.09044955309926,5.94449169541042e-16,2.07075941571462e-14
"Os05g0277500",595.977705319783,-3.01901300625299,0.373304498510673,-8.08726661022725,6.10186032312262e-16,2.1205056841286e-14
"Os05g0237400",173.466839974014,-5.9919706750276,0.743257104645761,-8.06177382977508,7.51952294269136e-16,2.59459179072343e-14
"Os12g0102200",5515.13828697057,-1.08649323877833,0.13489487348056,-8.05437012352368,7.98891336478662e-16,2.7500370568477e-14
"Os07g0273000",44.4492343113987,-9.31270394273633,1.15877555841758,-8.03667619245759,9.23081814755585e-16,3.17004582656983e-14
"Os12g0199100",60.4053717977786,-9.73773020207884,1.21417184552081,-8.02005930050365,1.05694126943301e-15,3.6212051351092e-14
"Os04g0206200",4942.99127158174,-4.2705146672845,0.532590819914314,-8.01837828893025,1.07150381989743e-15,3.6667842823799e-14
"Os04g0152000",77.596186351627,-9.80348712997226,1.22389011110246,-8.01010404532268,1.14611438862171e-15,3.90375944157211e-14
"Os03g0231700",1696.94538733302,-1.32200039280382,0.165236439834968,-8.00065889899461,1.23755175933037e-15,4.19557419501967e-14
"Os08g0197950",160.592761345216,-3.6131540523037,0.452478807642714,-7.98524481428689,1.40243696643065e-15,4.72705663615665e-14
"Os09g0300800",1285.24270413131,-3.17901793900915,0.398635188465393,-7.97475494134692,1.52683466650002e-15,5.11085967331191e-14
"Os03g0439500",142.200104580817,-4.38971047480438,0.550755446570845,-7.97034419202919,1.58233045009432e-15,5.290542751739e-14
"Os10g0563400",1143.05392108391,-1.28145713306404,0.16132545777364,-7.94330387000724,1.96865871587036e-15,6.55214618555161e-14
"Os11g0256400",83.1849894814068,-10.214013411802,1.28590459093795,-7.94305696066591,1.97258303786384e-15,6.55771269733684e-14
"Os01g0153700",71.3675179784501,-9.60248079818253,1.20961494744727,-7.9384607626148,2.0470565459037e-15,6.78979279382774e-14
"Os12g0244000",37.8222424242324,-9.1188165501487,1.1494593171134,-7.93313553110211,2.13681016453409e-15,7.07942953487619e-14
"Os11g0172166",1526.17001029136,-14.0021671308208,1.76657588300895,-7.92616228122133,2.26022186293421e-15,7.47130318869126e-14
"Os11g0146200",100.896039593063,-10.5133290293788,1.32674022292656,-7.92418051982188,2.29655791207331e-15,7.58280720129241e-14
"Os08g0282200",215.707339726099,-4.59739128893639,0.580376885789869,-7.92138936181018,2.3487119210151e-15,7.74622747041922e-14
"Os04g0325300",132.663953271107,-9.14245927546346,1.15480563576295,-7.91688141478739,2.43541821629083e-15,8.01403946834143e-14
"Os09g0533900",6039.75342451851,-1.8326913499953,0.231508059039614,-7.91631771955598,2.44647970911383e-15,8.0413523802272e-14
"Os05g0121700",522.374884573715,-1.16634494772564,0.147377781480318,-7.91398090004092,2.49286561192806e-15,8.16616786845547e-14
"Os07g0642900",657.844575961902,-1.76295928042891,0.223355183901768,-7.89307527871959,2.9482965225714e-15,9.57193883281208e-14
"Os02g0588500",4813.26527849684,-1.45767446850066,0.184691465963921,-7.8924841540075,2.96229952609644e-15,9.59600520567079e-14
"Os01g0741200",392.363275166297,-2.57264859566231,0.326746945367031,-7.87351995830436,3.44800048537202e-15,1.11198970249174e-13
"Os07g0533300",66.544610008137,-8.08263954582091,1.02680315608665,-7.87165436521002,3.49981957416904e-15,1.12514571096426e-13
"Os01g0739700",540.516938371846,-2.95726744507058,0.376037490310946,-7.8642888575424,3.71200107599663e-15,1.19053849488077e-13
"Os10g0318700",41.0925316211022,-9.32989323509691,1.18827200381525,-7.85164777520708,4.10606315550414e-15,1.31258804845874e-13
"Os04g0671900",2460.64231216493,-1.87534344245712,0.239136504393622,-7.84214625538844,4.42910060809999e-15,1.41120643226573e-13
"Os08g0189600",1698.14155319387,-2.50664781078716,0.319884700651859,-7.83609783674908,4.64763793160947e-15,1.47760384109532e-13
"Os01g0616900",7896.01696653579,-1.02464665223595,0.13085413026699,-7.83044944890394,4.86128970573825e-15,1.54048399140924e-13
"Os11g0251400",11511.2750343018,-11.2438821920341,1.43691729611747,-7.82500302725489,5.0764469917104e-15,1.60517143640163e-13
"Os02g0690300",92.5807741287382,-9.94042724087833,1.27082162901353,-7.8220475745243,5.19709589898702e-15,1.64153825130477e-13
"Os12g0298950",1439.53517747068,-2.28840371013205,0.293362196242852,-7.80060873364085,6.16092561901241e-15,1.93338874867327e-13
"Os03g0597450",61.1022392456434,-9.56113938661313,1.22583837287404,-7.79967375649741,6.20674248631086e-15,1.94567012579489e-13
"Os05g0535100",61.202668795846,-6.08541151931184,0.780443699015294,-7.79737414369538,6.32086254996773e-15,1.97931353957162e-13
"Os01g0629000",224.74558187069,-3.89876431007,0.501000670770934,-7.78195427177896,7.14126830576638e-15,2.22663828266091e-13
"Os07g0200900",42.3282562611238,-9.08304281325089,1.16752850189109,-7.77971826686778,7.26862371459688e-15,2.26150491256934e-13
"Os03g0393900",45.7471672380603,-9.42852594748405,1.21245784864941,-7.77637421209055,7.46327217978634e-15,2.31711527099934e-13
"Os11g0134300",1420.92944928569,-1.48209379533872,0.190619515024381,-7.77514198978608,7.53628251962889e-15,2.33729094288214e-13
"Os06g0492700",46.2136851684386,-9.31873802126236,1.19993041925033,-7.76606532492469,8.09618078403685e-15,2.50560017845612e-13
"Os11g0687000",564.454037754202,-3.10817019503923,0.401523637127982,-7.74093953041308,9.86848284794729e-15,3.02834517911403e-13
"Os05g0166300",101.229081196184,-2.75613914563096,0.356104510721079,-7.7396917552379,9.96581290420163e-15,3.05499371995958e-13
"Os04g0434700",374.214692330201,-2.23754459169107,0.289148294160668,-7.73839803615705,1.00677241483834e-14,3.08298909200022e-13
"Os12g0212100",53.2594926338141,-9.60754018440884,1.24206263968204,-7.73514948237094,1.03281678522843e-14,3.15610602512302e-13
"Os01g0629900",5291.41596738493,-1.23932408121879,0.160657719161637,-7.71406495552142,1.21872396974812e-14,3.70090505182532e-13
"Os06g0344201",54.2463000728725,-9.7155384954268,1.2600001208356,-7.71074409817017,1.25086257670851e-14,3.79059520904321e-13
"Os12g0442700",39.9320555920756,-8.95070057973529,1.16083839739346,-7.71054834146867,1.25278288313283e-14,3.79246810006177e-13
"Os04g0627300",551.318982244751,-2.23880975361859,0.290446360383218,-7.70816942124763,1.27635237700854e-14,3.85980622255894e-13
"Os04g0518100",10265.7816423675,-1.47315586477856,0.191165051663874,-7.70619865899344,1.29620799292892e-14,3.91172737513742e-13
"Os01g0195200",2100.29214881775,-2.64316968881481,0.34300104496322,-7.70601060150776,1.29811849899137e-14,3.9134375701477e-13
"Os09g0520500",184.639752476564,-3.35794017557807,0.436278385568961,-7.6967832619049,1.3953427554675e-14,4.19784831866988e-13
"Os01g0204300",77.7268927219342,-6.06630715041091,0.789406228112363,-7.68464566705628,1.53421022355555e-14,4.59190854371888e-13
"Os02g0272850",145.336889934405,-8.92187899483123,1.16111130238515,-7.68391365797915,1.5430067939247e-14,4.61349526208164e-13
"Os10g0159700",588.068074971618,-3.13854509174088,0.408826332538861,-7.67696413352371,1.62903016855544e-14,4.86071891072453e-13
"Os09g0407600",534.371116108509,-1.63826677834846,0.21362046185812,-7.66905362949989,1.73269984908299e-14,5.14894744948926e-13
"Os07g0282401",51.6464748422821,-9.59009670751693,1.25381296500994,-7.64874584578959,2.02948906240463e-14,5.99419680277359e-13
"Os01g0748100",112.772852317863,-3.4803218513546,0.45511150814292,-7.64718489663342,2.05426846322754e-14,6.06123669565475e-13
"Os04g0194000",79.8436858893362,-6.81321801011918,0.892382618579686,-7.63486184991263,2.26062700502404e-14,6.64989693336465e-13
"Os02g0236600",4203.79740073124,-2.79307685341195,0.366275797313988,-7.62561128497823,2.4288067886971e-14,7.11586632801175e-13
"Os04g0456200",274.493739682964,-5.09431026102102,0.66817645474687,-7.62419900436469,2.45554306534968e-14,7.16536324139412e-13
"Os09g0424600",2814.62440761679,-0.880095785942382,0.115434310133861,-7.62421315570558,2.4552737319123e-14,7.16536324139412e-13
"Os06g0732000",66.3898697129269,-9.68947552588338,1.27207807322783,-7.61704468444836,2.59549504718534e-14,7.56616684325641e-13
"Os12g0222900",49.2723057593587,-9.24465542122998,1.21419664599968,-7.61380411623408,2.66144058243855e-14,7.75064726417756e-13
"Os01g0511800",457.746574955479,-1.95520739353256,0.257074733664552,-7.60559921880087,2.83586840988294e-14,8.22571313073814e-13
"Os02g0163600",88.9976813787249,-10.0001080413641,1.31669052367606,-7.59488115206059,3.08075054026007e-14,8.91825221008488e-13
"Os02g0801200",2263.08929810985,-1.82334419883568,0.240392145157851,-7.58487427964169,3.32809609070856e-14,9.60563075853466e-13
"Os01g0835000",4188.28448167205,-1.61570050062192,0.213029976905861,-7.58438095937976,3.34078230305604e-14,9.63269923065327e-13
"Os04g0623600",616.573321907165,-1.89050407547675,0.249317567919543,-7.58271505394611,3.38397515765485e-14,9.74758897539314e-13
"Os06g0291100",122.714140893452,-5.41044077890648,0.714528332005949,-7.57204513321024,3.67393767057633e-14,1.05203945764527e-12
"Os04g0348300",4056.77849488284,-0.826538108213514,0.109161449784085,-7.57170328763828,3.6836206002376e-14,1.05377602279096e-12
"Os12g0258200",2409.11490540207,-1.01413414542755,0.133974036354379,-7.56963194529,3.74283133238178e-14,1.06966372975095e-12
"Os11g0129000",120.97601928997,-5.82592902296205,0.769775102826933,-7.56835210903396,3.77988308972018e-14,1.07919367979246e-12
"Os01g0618500",2046.58569437212,-0.957155108660209,0.126666847584583,-7.55647690703807,4.14133386130359e-14,1.17547684901446e-12
"Os06g0492800",173.706193916908,-2.28000120599822,0.30217973569512,-7.54518234240099,4.51655113696412e-14,1.27948445730223e-12
"Os05g0147100",480.278261080788,-1.82341826685208,0.241852753687896,-7.53937360252324,4.72234266767163e-14,1.33518507930032e-12
"Os10g0551800",946.508082684525,-1.94300324577747,0.257720213670995,-7.53919616199722,4.72877200815113e-14,1.33570609526069e-12
"Os05g0413200",13737.0860570428,-2.8897588020692,0.383307523494532,-7.5390088243609,4.73556929868061e-14,1.33632993329629e-12
"Os03g0847900",728.034228434344,-1.62478080844225,0.215764361932678,-7.53034835729364,5.06051307067942e-14,1.42526365226621e-12
"Os02g0800500",3648.51744848434,-1.66204010414637,0.220738263842511,-7.52946079766295,5.09502795753993e-14,1.43221432605674e-12
"Os03g0135200",1508.30528524881,-2.76171742966734,0.367119005603705,-7.52267626440606,5.36661926662554e-14,1.50275659887182e-12
"Os05g0310750",126.741793234133,-7.22751938106685,0.961053940955113,-7.52040970133686,5.4604856240508e-14,1.52610616452598e-12
"Os12g0191500",254.679146382379,-3.05555595209197,0.407092243821886,-7.50580734087595,6.10511521921827e-14,1.69812001350596e-12
"Os12g0111600",3453.92450286676,-1.95066459779742,0.260357544698683,-7.49225300943348,6.77012524222062e-14,1.87236075312392e-12
"Os04g0259200",59.0341941953839,-8.90849366619672,1.19083021954355,-7.48090997355723,7.38097303115662e-14,2.03549902095969e-12
"Os12g0576750",1061.2757904176,-3.24808056094074,0.434448657108192,-7.47632777267823,7.64281922990435e-14,2.09777739503557e-12
"Os04g0371500",35.1948041975755,-9.20283250177307,1.23156053478551,-7.472497081417,7.86871149986584e-14,2.15571605173183e-12
"Os11g0121400",1865.17198070721,-1.76277752948667,0.23597281952797,-7.47025667198811,8.00385454726793e-14,2.19067906133023e-12
"Os06g0284200",3057.88380904216,-2.03056335020813,0.272215514135429,-7.45939612096432,8.69199252574069e-14,2.37011429152266e-12
"Os03g0385400",2171.93439382984,-2.87398852517023,0.385886800150279,-7.44775028337582,9.49453141484866e-14,2.57688484495082e-12
"Os01g0668100",5956.51662263044,-2.92419304142431,0.39273693137081,-7.44567879373529,9.64472108416623e-14,2.6152101248891e-12
"Os11g0691700",44.6781063809249,-9.17930606809646,1.23294883974654,-7.4450015865893,9.69432538990783e-14,2.6262152930688e-12
"Os01g0144200",1271.48200869347,-1.31988735562206,0.17734474245081,-7.44249498114194,9.88012140204262e-14,2.67406036682421e-12
"Os03g0400000",75.8595538322021,-3.97678659074942,0.534611298670166,-7.43865047491811,1.01719064346291e-13,2.74283573323397e-12
"Os06g0483500",441.343100172213,-2.06395241279502,0.277587233667988,-7.4353290153957,1.04308010219319e-13,2.80744720296397e-12
"Os05g0370100",158.054034621546,-8.14002430994048,1.09485519986597,-7.43479531442782,1.047300043503e-13,2.81620238844824e-12
"Os02g0151600",843.560552614313,-1.98913952401837,0.267557644325891,-7.43443353685517,1.05017013418872e-13,2.82131500441365e-12
"Os09g0268700",38.7683055717091,-9.40167490240342,1.26505116932692,-7.43185345412204,1.07086406080706e-13,2.86896993365439e-12
"Os04g0629600",170.847839224373,-6.12438172465741,0.826304948079331,-7.41176939445051,1.24625329405594e-13,3.32052959098784e-12
"Os04g0377932",853.643420768237,-1.36366195447432,0.183995129210307,-7.41140246661447,1.24970691100775e-13,3.32364974085551e-12
"Os06g0223800",11499.5423847817,-1.25362727938186,0.169162541006188,-7.41078534245952,1.2555366616578e-13,3.33610754204366e-12
"Os06g0634500",2599.54843583209,-1.52670991738635,0.206080373076558,-7.40832275579776,1.27906710769464e-13,3.38935325844252e-12
"Os10g0420200",426.9931032839,-2.62993598015136,0.354997281570435,-7.40832709624442,1.27902525513274e-13,3.38935325844252e-12
"Os03g0146800",157.28292244983,-2.32370682539924,0.313790591248707,-7.4052788394713,1.30875180210604e-13,3.458572593551e-12
"Os12g0604700",1572.06867296817,-1.96461126516461,0.265473703310929,-7.40039876139299,1.35776150565449e-13,3.58158791373823e-12
"Os08g0244500",36.1039648142546,-9.01494645239344,1.21881262375503,-7.3964990817205,1.39821771337881e-13,3.67831041093205e-12
"Os07g0204400",1271.89550247679,-2.96851131019167,0.401590438302889,-7.3918874232577,1.44759067983455e-13,3.8013287446476e-12
"Os11g0485500",299.43189008021,-4.26092741351972,0.576809275785278,-7.38706465446282,1.50105619890063e-13,3.92756142177755e-12
"Os06g0146100",559.660151847553,-2.38028105712569,0.322283514279956,-7.38567426398987,1.51682726339237e-13,3.96170794300562e-12
"Os07g0694300",1033.86046711322,-2.70979701660799,0.367090517399299,-7.38182243389424,1.56137344705461e-13,4.05984977902895e-12
"Os01g0212400",5094.20118406888,-1.30693945710788,0.177073663402798,-7.38076703216402,1.57380183059421e-13,4.08123391901733e-12
"Os08g0265000",49.9730059105372,-9.47123631057271,1.28321574881546,-7.38086040427387,1.5726983749878e-13,4.08123391901733e-12
"Os01g0576000",84.6571062099326,-8.81222733187629,1.19465052246831,-7.37640604188495,1.6261955499004e-13,4.20586738936053e-12
"Os01g0214200",3729.12258650489,-1.16789139506902,0.158475812166071,-7.36952459246688,1.71237576743491e-13,4.41308027426899e-12
"Os06g0139000",1642.91049192271,-0.85497625489888,0.116069587618539,-7.36606610259309,1.75736707525993e-13,4.52102861887982e-12
"Os11g0571900",4909.86952787458,-1.12018098433184,0.152368096951973,-7.35180793578416,1.95543655656113e-13,5.01728840530162e-12
"Os07g0253000",109.016612871266,-5.56330715138521,0.756786332529939,-7.35122571887241,1.96397435836074e-13,5.03475891410047e-12
"Os02g0131600",214.705014804468,-1.97981110104738,0.269391826058256,-7.34918772412659,1.99414957556533e-13,5.10313039891155e-12
"Os11g0229300",69.1642826684834,-9.85590046827651,1.34164345001394,-7.34613989146974,2.04012855774485e-13,5.21163367181102e-12
"Os05g0128900",438.604285438276,-9.32711319906369,1.26971338303857,-7.3458414502514,2.04468637253345e-13,5.21869908334085e-12
"Os03g0399800",876.500151965151,-1.89148935236977,0.257509304727525,-7.34532429564511,2.05260809108105e-13,5.23433037026815e-12
"Os06g0543601",878.174036501225,-10.6147279514435,1.44513557543287,-7.34514334287558,2.05538702056297e-13,5.23683121722089e-12
"Os03g0789466",188.813512486561,-6.29460684463775,0.858174082568939,-7.33488341409109,2.2191457958671e-13,5.64912271566799e-12
"Os12g0516800",89.9978925379386,-7.59810285912286,1.0359323368934,-7.33455515242275,2.22459144732155e-13,5.65803948724002e-12
"Os03g0449200",38.8936516556364,-22.6740161358258,3.09230583931389,-7.33239767152417,2.26071077954658e-13,5.74488824798915e-12
"Os08g0561500",2337.02459664753,-2.56362964453575,0.34995845305495,-7.32552570785657,2.37964002612864e-13,6.03657463771065e-12
"Os09g0272500",792.249279461143,-1.55156639764873,0.211850690793907,-7.32386754007867,2.40924504241552e-13,6.10635632073322e-12
"Os05g0121750",57.8022758873286,-9.29804332571271,1.27008601644235,-7.32079812338818,2.46500433068428e-13,6.24224835810327e-12
"Os02g0155750",33.4622918385053,-8.90973525267902,1.21936091855498,-7.30688930332262,2.7339760340376e-13,6.87554836470148e-12
"Os11g0226933",1720.10243328185,-1.52728858297269,0.209086229051713,-7.30458715478075,2.78119349319996e-13,6.98223421629045e-12
"Os05g0383100",1325.65842279764,-0.838734391017218,0.114913035100344,-7.29886205063523,2.90211673218786e-13,7.27327396512691e-12
"Os02g0200800",2584.92304402336,-2.28062564179048,0.312555892125307,-7.29669700443898,2.94917910228649e-13,7.37852180556592e-12
"Os12g0106100",355.444868953871,-1.72416918970007,0.236367388109855,-7.29444617333899,2.99890087908829e-13,7.49005072048106e-12
"Os11g0695900",728.660738145326,-1.48021436864315,0.202965834877175,-7.29292380433832,3.03299644054663e-13,7.56223650184923e-12
"Os06g0288300",229.756703194053,-4.28340844669398,0.587907007399988,-7.28586050647245,3.19623558912727e-13,7.94882773924547e-12
"Os10g0404900",1161.75776056618,-2.03243514928372,0.279005467436643,-7.2845710442762,3.22695390996048e-13,8.01837472405027e-12
"Os07g0671100",591.589756405794,-1.6737000534755,0.230012204582941,-7.27657063463329,3.42412866606301e-13,8.50106351347715e-12
"Os03g0332100",912.896461443702,-2.70164193792057,0.371671848844848,-7.26889041049852,3.62452287983149e-13,8.97562545122896e-12
"Os01g0211600",1376.20414526425,-1.38457056998374,0.190664047940396,-7.26183349687706,3.81878102921128e-13,9.44062318613674e-12
"Os05g0538500",28.8327351903301,-8.78735346220522,1.21167899817885,-7.25221240560627,4.10018204370995e-13,1.01019882806194e-11
"Os12g0222650",69.8441871171012,-9.7523438119081,1.34569518469678,-7.24706748066839,4.25891810749853e-13,1.04842107461177e-11
"Os06g0708200",447.733086086463,-1.76972261277901,0.244366695161854,-7.2420777782621,4.41862308812529e-13,1.08681707409109e-11
"Os05g0490400",351.641734843778,-1.32242762772285,0.182700858892517,-7.23821242953672,4.54636963629027e-13,1.11729431686114e-11
"Os01g0311300",38.8228927503743,-9.34680021691831,1.2953198256091,-7.21582425600807,5.36082555225102e-13,1.31301902214175e-11
"Os03g0858600",650.054504958591,-1.6244367299991,0.225236595488807,-7.21213498398766,5.50813301380813e-13,1.34796512292538e-11
"Os01g0116300",44.2601353892349,-8.97122892455346,1.24576282634601,-7.20139398513541,5.96000576723737e-13,1.45244592429696e-11
"Os07g0573400",3786.05311586913,-2.24230558698218,0.311368556915083,-7.20145158264553,5.95748819794945e-13,1.45244592429696e-11
"Os04g0380200",260.364495988194,-2.79491556727767,0.388204528480493,-7.19959547668727,6.03914566988167e-13,1.46927318461399e-11
"Os11g0648100",3174.03926392364,-1.69812401098789,0.236093588104781,-7.19258843333877,6.35743629134893e-13,1.53899633978939e-11
"Os05g0525000",75.1329620685531,-6.31460592416094,0.8790285531575,-7.18361866799283,6.78900550426846e-13,1.64210480311716e-11
"Os10g0389800",5398.33484239315,-1.84113278815517,0.256329109425931,-7.18269100329077,6.83524688343671e-13,1.65191750821115e-11
"Os01g0262700",923.126270424386,-1.6152911966682,0.224996720712755,-7.17917661889119,7.01324982100989e-13,1.69239237969083e-11
"Os04g0244201",76.0702867617805,-4.09338364229808,0.571532824136563,-7.16211470177957,7.94419057572171e-13,1.90412113535941e-11
"Os04g0380500",648.011793357639,-1.25978807631519,0.175906993957247,-7.1616713353727,7.9699319789511e-13,1.90872005831426e-11
"Os04g0682600",49.6640148984219,-7.49915839514663,1.05070463706297,-7.13726591719345,9.52055579447213e-13,2.26888400856479e-11
"Os06g0585900",153.065267892368,-7.18385704874741,1.00724953515585,-7.1321522602002,9.88114780033797e-13,2.35044912832666e-11
"Os02g0741700",726.114649168248,-2.34234671294291,0.328487731265824,-7.13069770952085,9.98614200296646e-13,2.36906421631847e-11
"Os05g0389000",2507.60398610725,-1.76835079255765,0.248219626384883,-7.12413767723464,1.04734313980073e-12,2.47570835367507e-11
"Os02g0169400",236.605732526617,-5.18618100391879,0.728396360733019,-7.11999851111241,1.07928229324157e-12,2.54913697840883e-11
"Os02g0833900",939.043206771536,-2.90289200501738,0.407861265562345,-7.11735153622636,1.10020624781598e-12,2.59434869221839e-11
"Os07g0208500",22810.8292329372,-1.25161628492513,0.175943482823069,-7.11374053100773,1.12939388504941e-12,2.65672122135774e-11
"Os09g0492700",5445.31607764553,-1.42005157042241,0.19962948995986,-7.113435849122,1.1318910958816e-12,2.66044652899629e-11
"Os01g0580500",1147.38337056862,-2.77253606677393,0.390220503744884,-7.10504968387449,1.20279261984879e-12,2.8202678482477e-11
"Os12g0483700",59.5025109134023,-9.38180038040365,1.32219586241797,-7.09562073749546,1.28772174731976e-12,3.01455246989117e-11
"Os01g0117050",36.1354325034491,-9.08371955576508,1.28185448084484,-7.08638904922986,1.37656481259878e-12,3.21420502004068e-11
"Os01g0198000",186.956882053213,-2.81078018611105,0.396655946841558,-7.08619197188995,1.37852553740499e-12,3.21420502004068e-11
"Os04g0271200",564.101357797026,-1.6899013605753,0.238642943820612,-7.08129615533738,1.42812326286256e-12,3.32452483302025e-11
"Os01g0280200",26.0891120190516,-8.63748339554932,1.22053815624298,-7.07678277108268,1.4753952957158e-12,3.42635261577637e-11
"Os03g0862000",228.032964671241,-1.90600015049911,0.26948042538569,-7.07287049800062,1.51761105727864e-12,3.5159800485337e-11
"Os08g0209000",30.9389735542363,-8.99169301257497,1.27274468445376,-7.06480500166776,1.60841694927692e-12,3.71453754138323e-11
"Os01g0625200",4637.10687426139,-1.91627058613631,0.271577039922373,-7.05608466269479,1.71259505979595e-12,3.94430105944936e-11
"Os01g0683400",469.78718979135,-1.69121589401517,0.239769083853836,-7.05351943975456,1.74448123495621e-12,4.01188507933663e-11
"Os12g0408100",151.842273771418,-4.25035212379534,0.602793078760761,-7.0510964268756,1.77513421387117e-12,4.07692890980727e-11
"Os11g0124900",804.103216243423,-2.72491938427958,0.386548033407159,-7.0493681218897,1.79732083410674e-12,4.12463178336143e-11
"Os01g0783200",1241.97135007332,-1.07924814835775,0.153352275586034,-7.0377054675806,1.95431234831236e-12,4.45681160591642e-11
"Os11g0211800",29459.2177978879,-3.48709591369743,0.496380390265947,-7.02504768939228,2.13993144859026e-12,4.84973413586347e-11
"Os02g0661100",1450.13051010522,-1.39888428955574,0.19918556952762,-7.02302025630309,2.17122718655255e-12,4.9091986123279e-11
"Os06g0700000",1781.98722662591,-1.69586858265573,0.241517474756457,-7.02172206945198,2.19150147171515e-12,4.95119517915349e-11
"Os11g0550800",261.509446576873,-4.45377871953434,0.634747301202296,-7.01661702396889,2.27304532689011e-12,5.11953797445427e-11
"Os06g0470350",1165.28913369032,-3.9810457432888,0.567440627596622,-7.01579257754313,2.28649053958363e-12,5.1458406100274e-11
"Os05g0538900",702.680394738909,-2.06914034801058,0.294975311025186,-7.01462214183041,2.30571227033732e-12,5.18509287542575e-11
"Os12g0212400",63.0208224732904,-9.89580228461774,1.41164697775277,-7.01011119676043,2.38128791994806e-12,5.34077133975767e-11
"Os12g0466800",44.3243271060059,-7.02671282893312,1.00250917841845,-7.00912568203953,2.3981196393047e-12,5.37215693352549e-11
"Os05g0480600",2991.02573671817,-1.69143026445164,0.241562167321829,-7.00204954775962,2.52244834436329e-12,5.6463290303265e-11
"Os02g0771450",35.0363999822018,-9.13144524743089,1.30495711768385,-6.99750598980462,2.60558926753208e-12,5.8234820145103e-11
"Os06g0187500",185.714008168848,-3.27050348376967,0.468435012563193,-6.98176565810923,2.91493068196029e-12,6.48499704507621e-11
"Os01g0955000",1067.84161265411,-1.20946340427003,0.17335220995011,-6.97691367544787,3.01734974813593e-12,6.692403607404e-11
"Os11g0602300",443.560564119506,-1.58790215385864,0.227614225156806,-6.97628697312183,3.03083330443169e-12,6.71719387303345e-11
"Os03g0438200",30.4060743383548,-8.37821147654834,1.20164942135028,-6.97225940252508,3.11890771907634e-12,6.90188682332379e-11
"Os11g0525200",5745.23310723726,-1.26116816675043,0.180929052821126,-6.97051218190632,3.15789175369482e-12,6.97226108044734e-11
"Os01g0327000",847.126744228388,-2.54821020537793,0.365600644904743,-6.96992809200833,3.17103023840824e-12,6.99596534870643e-11
"Os06g0634000",1125.97977690367,-1.82057852300713,0.261310566476894,-6.96710641116805,3.23525969611856e-12,7.13226592508438e-11
"Os03g0209800",250.471055743094,-2.25094892170243,0.323320005702752,-6.96198466534689,3.35512034042112e-12,7.37974430164229e-11
"Os07g0604600",426.706689250474,-24.6083826749344,3.53584077143395,-6.95969764072677,3.41003811211515e-12,7.49487772837867e-11
"Os02g0715300",2158.61166103261,-2.27023274876472,0.326284591447659,-6.95783009149208,3.45553602183146e-12,7.58343029598914e-11
"Os11g0112400",835.953218869759,-3.7930638076523,0.546371974809709,-6.94227373022446,3.85838652963382e-12,8.41047399071828e-11
"Os02g0696700",1971.46486175632,-0.883628207746063,0.127489396147202,-6.93099374889035,4.1789451992629e-12,9.08881569028635e-11
"Os04g0308600",833.754602362352,-4.23051535285564,0.610883566076633,-6.92524007484094,4.3523677722336e-12,9.45892942261096e-11
"Os11g0146100",67.2171681984689,-8.74300155888393,1.26289286185102,-6.92299546777808,4.42191921348601e-12,9.60291807122591e-11
"Os08g0500900",321.762938126641,-1.78225503242774,0.257640629532114,-6.91760082897013,4.59356432452373e-12,9.95340626925447e-11
"Os04g0446600",82.4623441450522,-9.75156469181742,1.41158703891791,-6.90822770609509,4.90745837881103e-12,1.06098740094829e-10
"Os12g0165900",841.366549678185,-2.13226497252639,0.308679601690663,-6.90769639732527,4.92586754162249e-12,1.06417740761966e-10
"Os10g0438700",268.182238386349,-1.63492903334503,0.236801788246383,-6.90420898191844,5.0483935155596e-12,1.08903197007501e-10
"Os06g0624700",250.392819584196,-2.37318899331825,0.344105956640394,-6.8966809423713,5.32315520920032e-12,1.14575702884207e-10
"Os06g0176300",585.889587786126,-3.04653553321932,0.442819292610032,-6.87986179478013,5.99106553690307e-12,1.28288096004185e-10
"Os11g0459400",32.5762818071837,-8.71672075884599,1.2673714345612,-6.87779487618319,6.07861091549428e-12,1.30067088229996e-10
"Os12g0151900",1050.13577844365,-1.05049466833828,0.152815819884264,-6.87425339296595,6.23153561284325e-12,1.33241395093408e-10
"Os03g0576700",27606.9441015701,-1.38359519744733,0.201304020929932,-6.87316225009192,6.27940748466827e-12,1.34166474518349e-10
"Os07g0101500",3896.23199153552,-1.62590714080736,0.236882582028602,-6.86376823016494,6.70674129964618e-12,1.42877629940231e-10
"Os01g0229100",3046.95206528277,-0.979305341393097,0.142681887135115,-6.86355753387063,6.71664549285292e-12,1.4298402780911e-10
"Os08g0566700",77.5898172628103,-3.53896279816098,0.516532114530956,-6.85138967859643,7.31359898340737e-12,1.55238068217776e-10
"Os03g0645000",573.487839657306,-2.63025934212579,0.383929083944636,-6.85089890846893,7.33873650781313e-12,1.55658182505851e-10
"Os08g0509400",1448.40767164248,-2.23972568248887,0.327178176039905,-6.84558398606544,7.61645187716356e-12,1.61079383853854e-10
"Os09g0426500",442.28211200706,-2.88635179197553,0.421814427795772,-6.84270523191541,7.77114533881715e-12,1.63993691707995e-10
"Os06g0267400",28.282849002721,-9.05018356406672,1.32286471801202,-6.84135228707829,7.84490692340939e-12,1.65191163719109e-10
"Os06g0695200",408.948414349341,-2.61783559970503,0.382656990017501,-6.84120679354455,7.85287986329992e-12,1.6523957180565e-10
"Os08g0542100",2861.93493587707,-0.681101605536213,0.0996694662608704,-6.83360342026442,8.28077478999347e-12,1.73491167938266e-10
"Os09g0544800",1250.17635694205,-1.59000353299557,0.232692876432939,-6.83305633317832,8.3124294207284e-12,1.74029165773151e-10
"Os01g0654900",29.8526087782529,-9.05657115929182,1.32590367591206,-6.83048951731881,8.46253633710835e-12,1.77044528167578e-10
"Os07g0482566",24.1341881592893,-8.49504708686739,1.24420183913912,-6.82770818981046,8.62818635418762e-12,1.80380504670963e-10
"Os12g0511600",83.6684231394089,-6.31679791521728,0.925294771282102,-6.82679521301588,8.68325076660082e-12,1.81401455398098e-10
"Os08g0326400",22124.5239440004,-1.36072760915592,0.199412959246635,-6.82366689856384,8.87455274418069e-12,1.85265035853785e-10
"Os10g0540250",36.3110372107165,-8.37707673873587,1.22858389318471,-6.81848165616184,9.20077215958067e-12,1.91800205319476e-10
"Os04g0140400",29.2280054347075,-8.79076837185217,1.28943610652783,-6.81752924968403,9.26195513317215e-12,1.92937523167553e-10
"Os02g0807900",32.6304878378746,-8.72403051607485,1.28034113584168,-6.81383286989355,9.50321035651421e-12,1.9768035143029e-10
"Os05g0440800",3479.07232800934,-1.46052708547257,0.21438637527849,-6.8125928411977,9.58551540818612e-12,1.99107974120682e-10
"Os07g0663600",46.4140744223482,-8.87795694672661,1.30399447127022,-6.80827805817197,9.87738190623983e-12,2.04586853395104e-10
"Os09g0507500",416.41353093468,-3.02157684523197,0.443807536627986,-6.80830449205453,9.87556759473483e-12,2.04586853395104e-10
"Os02g0802200",1919.92575662699,-1.78798932846949,0.262670811033966,-6.80695857081084,9.96836218746127e-12,2.06324551260304e-10
"Os03g0736300",18641.2269386014,-1.89666137668405,0.278897972392195,-6.80055634831546,1.04215898307896e-11,2.14941599895364e-10
"Os02g0816400",1689.38996761276,-2.33743766483146,0.343788273823926,-6.79906163998075,1.05302759284935e-11,2.17029508555971e-10
"Os01g0144600",767.441049507668,-1.18110636248916,0.173765096265968,-6.79714389063117,1.06713504642043e-11,2.1962619662089e-10
"Os10g0569500",24.3498025390077,-8.70784678827806,1.28124430225911,-6.79639844869885,1.07266853526986e-11,2.20609131950063e-10
"Os02g0164000",955.510632073352,-2.2963702281808,0.337900514954273,-6.79599505343033,1.07567468907045e-11,2.21071265314818e-10
"Os12g0191901",44.65693945689,-9.42660911598671,1.3876839745197,-6.79305179642895,1.09785940274466e-11,2.25153954413592e-10
"Os04g0484800",2691.23024150813,-0.618244889682429,0.0910183662249397,-6.79252897326809,1.10184677559892e-11,2.25812679795861e-10
"Os04g0525100",169.176477144725,-2.28860807917812,0.337054563489104,-6.79002252776826,1.12116036448387e-11,2.29609227387477e-10
"Os10g0422200",963.184397386916,-2.24590516212882,0.330778942781152,-6.78974647916068,1.12330764188359e-11,2.29887316563133e-10
"Os06g0125132",2768.60664197922,-1.41453168665018,0.20839374012792,-6.7877839602182,1.13868988999723e-11,2.32708259484206e-10
"Os11g0484700",900.527631395658,-5.11167075435438,0.753771899104346,-6.78145571681329,1.18970946212023e-11,2.42794106207886e-10
"Os09g0238700",35.2773757259054,-7.84398301693414,1.15902993871271,-6.76771389153776,1.30833151042066e-11,2.66255976565133e-10
"Os05g0588800",643.55365403576,-1.29191746117332,0.190993812091273,-6.76418490749814,1.340617787747e-11,2.71876540492814e-10
"Os01g0738800",1018.80805449577,-1.71871542780507,0.254232568264099,-6.7604061884772,1.37605405558797e-11,2.78868797542331e-10
"Os02g0800800",359.835456736373,-2.02674802451194,0.299953332812291,-6.75687782999319,1.40996981161076e-11,2.85344967711803e-10
"Os01g0717700",333.456809380002,-2.64965023524206,0.392180122636995,-6.75620737080192,1.41650642440447e-11,2.86468750635465e-10
"Os07g0132000",24.9836167982592,-8.76467796857803,1.29754506600392,-6.75481584279058,1.43016793138818e-11,2.89030884787554e-10
"Os02g0582900",457.060533982201,-4.46765979890235,0.661607948056349,-6.75272993927491,1.45088858016904e-11,2.93015098694056e-10
"Os12g0194600",816.535611604291,-1.66454094399275,0.246522985668293,-6.75207198014572,1.45748530739418e-11,2.93939661509234e-10
"Os10g0519600",2952.49449292184,-1.08222201650633,0.160315272829222,-6.75058587623886,1.47249333890729e-11,2.96555677839959e-10
"Os10g0510000",6732.685182389,-2.25632715870874,0.334418750250637,-6.74701151480797,1.50921302462594e-11,3.03538037705356e-10
"Os03g0226400",2464.46586557556,-1.70841953149326,0.25337034945033,-6.74277607936193,1.55388596259026e-11,3.11869517591685e-10
"Os02g0153000",1247.21145864091,-1.48891416735743,0.220828418027369,-6.74240290564824,1.55788349450219e-11,3.12456495364276e-10
"Os02g0208500",648.310273956523,-2.35092936925758,0.349113027278618,-6.73400642646705,1.65053882780527e-11,3.301304377977e-10
"Os06g0730200",189.325239307724,-6.31166386627109,0.937381407991187,-6.73329320644093,1.65865339098412e-11,3.31525765629647e-10
"Os07g0207100",750.299043789368,-1.89226161972776,0.28126369319399,-6.72771376297988,1.7234953289381e-11,3.4330800936618e-10
"Os12g0211900",34.5369459553717,-9.15654976603683,1.36179958688442,-6.72385999689244,1.76972483906921e-11,3.52275644315609e-10
"Os02g0566800",1740.39341711807,-2.48649986139577,0.370159142514242,-6.71738065013508,1.85020195398899e-11,3.66790887025646e-10
"Os01g0895200",1190.15211949852,-2.4264901834868,0.361291134344252,-6.71616309625453,1.86571961859465e-11,3.69615556004854e-10
"Os06g0116200",1068.47566886218,-2.11562117578611,0.315414819362298,-6.70742478131956,1.98089007292594e-11,3.90571974974605e-10
"Os02g0517333",115.157692660795,-5.81717514158895,0.867901757142961,-6.70257329670407,2.04780797236679e-11,4.03220174247909e-10
"Os06g0290701",254.890775484945,-4.57831221633019,0.683367381195509,-6.69963528010469,2.08940363286206e-11,4.10854912871094e-10
"Os09g0356300",73.8849880899754,-5.61495771822542,0.838404692694012,-6.69719261730645,2.12461502312616e-11,4.16653459282694e-10
"Os06g0161300",1719.16129925294,-1.82067025366713,0.271907436381886,-6.69591930950372,2.14319965192104e-11,4.19732752274677e-10
"Os09g0322900",22.8007140835365,-8.39890324346647,1.2550782167002,-6.69193611339104,2.20237020881364e-11,4.3074160658879e-10
"Os08g0242900",2146.81928909568,-1.73946832089286,0.260267381855869,-6.68338962988509,2.33477718204024e-11,4.54805224718234e-10
"Os04g0115200",1053.45824857139,-1.15673462920132,0.1731999562735,-6.67860809026261,2.41222279686765e-11,4.69577221192377e-10
"Os04g0511700",762.106313693389,-1.60884143379988,0.241204882725463,-6.67002017380819,2.55768264203885e-11,4.96896823892298e-10
"Os08g0382800",757.339030619149,-1.1367931720125,0.170514929861545,-6.66682485185055,2.61396727842037e-11,5.07154930593992e-10
"Os09g0241100",1361.76769775479,-2.37757363443224,0.356651130140367,-6.66638469222429,2.62181495567432e-11,5.08338849128811e-10
"Os02g0601700",1698.82147162023,-2.09885544989355,0.314856664376699,-6.66606645931576,2.62750314167525e-11,5.09102771070304e-10
"Os12g0408000",41.6212470544037,-9.26048292756889,1.38942400085704,-6.66497982031166,2.64701723410608e-11,5.12202231838122e-10
"Os11g0695700",48.5449467983004,-9.35538371702054,1.40425461743597,-6.66217052154154,2.69812706263701e-11,5.21745393878585e-10
"Os11g0444000",79.4775442521219,-7.22722131767819,1.0852591080479,-6.65944313582226,2.74867023378205e-11,5.30814154828919e-10
"Os07g0676900",23668.3681465509,-1.56503479701188,0.235072339081285,-6.65767313639872,2.78196603575711e-11,5.36888103998134e-10
"Os05g0148500",187.381973255737,-2.3544045461024,0.353812856304903,-6.65437816672627,2.84500307547179e-11,5.47964150554825e-10
"Os06g0589600",1931.73706315382,-1.17985986111471,0.177358659812481,-6.65239499645609,2.88361541759286e-11,5.55034026378977e-10
"Os04g0431800",1517.27280733903,-1.01663158542717,0.152828929094295,-6.65208865528276,2.8896254391288e-11,5.55823461283413e-10
"Os02g0670700",227.82278568358,-2.75358440977942,0.414070026663974,-6.65004523984542,2.93002945020223e-11,5.62851699530272e-10
"Os05g0392900",23.4744908053096,-8.47360500934814,1.27426982938167,-6.64977292404378,2.93545547374994e-11,5.63522309205971e-10
"Os05g0237200",376.505089694714,-2.39488627881523,0.360347112444567,-6.64605375236258,3.01055352924094e-11,5.76419065605225e-10
"Os01g0127000",1298.650812405,-6.84090250116166,1.02959815413498,-6.64424511027711,3.04775027973294e-11,5.83157579805406e-10
"Os06g0609700",3728.69058244133,-0.986872442221631,0.14856778812884,-6.64257343163648,3.08253000527762e-11,5.89425074285586e-10
"Os04g0271000",3477.22946825992,-0.855930549749923,0.128872105041135,-6.64170535180377,3.10074356905891e-11,5.92518728465443e-10
"Os03g0770800",1073.36573934249,-1.65740489388104,0.249557359221333,-6.64137855542492,3.10762748112515e-11,5.93444770526732e-10
"Os01g0187600",281.698666862333,-2.82328874308965,0.42534828292462,-6.63759290075702,3.18847006583788e-11,6.07773346182835e-10
"Os11g0294800",34.5175370504521,-8.95191811419534,1.34867359164991,-6.63757203345543,3.188921341142e-11,6.07773346182835e-10
"Os09g0386600",1212.09441203298,-0.971542302392157,0.146407089844338,-6.63589654999027,3.22536000611522e-11,6.13914601948284e-10
"Os04g0371600",29.6912494247553,-8.86437765215494,1.33640244099885,-6.63301516085942,3.28898012895054e-11,6.24391651338315e-10
"Os02g0280200",984.385529166845,-2.90905334012128,0.438621582627978,-6.63226219442245,3.30580676562671e-11,6.26768910342324e-10
"Os02g0118500",55.52024256072,-3.77359303315828,0.568989287183933,-6.63209856170529,3.30947461519802e-11,6.2705608161221e-10
"Os06g0236600",145.962821351207,-1.98571743219362,0.299685174822848,-6.62601155818746,3.4487817921598e-11,6.52178073709596e-10
"Os04g0221000",470.214435252514,-2.34914042945584,0.354703689570347,-6.62282490577237,3.52398360402729e-11,6.65725892867416e-10
"Os12g0245700",282.461601345201,-2.77904539079937,0.419929287548088,-6.61788894750794,3.64364571882132e-11,6.85909829499123e-10
"Os03g0212800",1674.06506287816,-1.93462622563656,0.292494036625268,-6.61424160286431,3.73461373042736e-11,7.00769465576711e-10
"Os06g0300000",346.974166145696,-2.90274570233833,0.439036983426687,-6.61162000449797,3.80136772872113e-11,7.12377290835372e-10
"Os10g0349300",71.202589332065,-6.17061928548996,0.933954216164369,-6.60698263222356,3.92232034200995e-11,7.34571144694622e-10
"Os03g0661300",7318.74436308173,-2.16582126349052,0.328362377435487,-6.59582647806855,4.22893313822214e-11,7.90468490701574e-10
"Os01g0688200",1610.39163463902,-1.1421982713221,0.173316352955009,-6.59025101698627,4.39083570783093e-11,8.20204730490393e-10
"Os03g0769400",3336.23017691647,-1.24561475382368,0.189067757330985,-6.5881923571087,4.45213609546073e-11,8.30590053632335e-10
"Os06g0679500",876.787370161963,-1.60542175811188,0.243725174097137,-6.58701656100588,4.48752245104941e-11,8.36655754285922e-10
"Os02g0518400",604.022654147638,-1.84296816346837,0.279827991774432,-6.58607508055868,4.51605517428008e-11,8.40898713461538e-10
"Os07g0506600",1370.07272206952,-1.61575843737126,0.245513041733801,-6.58115115173049,4.66819703333219e-11,8.67563714133376e-10
"Os05g0217800",515.440404668336,-7.15673370310618,1.08768507204217,-6.5797847989852,4.71129662545974e-11,8.74457490928226e-10
"Os06g0637800",35.4309360570463,-8.97234538116054,1.3638861319969,-6.57851500258595,4.75169935617638e-11,8.81394832169226e-10
"Os07g0120900",550.06163130216,-2.09726898870794,0.318812031140336,-6.5783872120709,4.75578415408866e-11,8.81591000225143e-10
"Os01g0140400",1358.72903541618,-1.97566257121744,0.300336617417862,-6.57816082568674,4.7630289843836e-11,8.82372328773658e-10
"Os03g0183800",4980.35883766728,-0.784834843897582,0.119366418675021,-6.57500537093535,4.86514118318036e-11,9.00716093684542e-10
"Os02g0822500",7598.21433456977,-0.785608228980144,0.119531469854718,-6.57239662437846,4.9511761751457e-11,9.14899445257571e-10
"Os10g0124000",2004.13090997812,-1.1443405773087,0.174289399016765,-6.56574974590755,5.17717015305666e-11,9.554470798309e-10
"Os02g0695800",3656.27682899007,-0.930198464138562,0.141861997669471,-6.55706587683799,5.48767755435632e-11,1.01146927682256e-09
"Os04g0412900",2310.81365584715,-2.03192133846591,0.310566161170273,-6.54263597427755,6.044383520728e-11,1.10986467144162e-09
"Os05g0492100",386.454207206726,-2.21114255652327,0.338307220840941,-6.53590115820455,6.32276639307639e-11,1.1573325135083e-09
"Os10g0543800",995.070417288978,-2.67393936657521,0.409154365586223,-6.53528250332629,6.34895847994696e-11,1.16139678927773e-09
"Os02g0669000",2029.6581710252,-2.04770292111935,0.313554962713917,-6.53060281169157,6.55055031529318e-11,1.19676992648663e-09
"Os02g0775400",5123.34711308278,-1.21700787154923,0.186375408477148,-6.52987366462809,6.58251910275832e-11,1.20185655994061e-09
"Os08g0346500",1067.00948879652,-0.840571001230303,0.128808441958508,-6.5257446519,6.76645114543899e-11,1.23389223705369e-09
"Os02g0662000",48605.4847109599,-2.19090506356199,0.335829240241248,-6.52386630177921,6.85177903186092e-11,1.24867026887268e-09
"Os02g0632700",25.2919348244389,-8.54830640185804,1.31049967453208,-6.5229366843683,6.89439719312032e-11,1.25565125114478e-09
"Os04g0585100",1589.46173803541,-1.88270066299257,0.288667587998569,-6.52203690773174,6.93589416016385e-11,1.26241943582682e-09
"Os11g0116500",215.687218370128,-2.06301206947513,0.316632699354994,-6.51547383980759,7.24605515284804e-11,1.31558365437182e-09
"Os08g0374800",5209.05009715015,-1.40459645029344,0.215894148385333,-6.50594960909492,7.72041047902108e-11,1.3973511123061e-09
"Os01g0140500",5944.39930978218,-2.01990733739257,0.31057286654448,-6.50381135952609,7.83100881227473e-11,1.41473100887757e-09
"Os05g0144200",3880.17997203116,-0.931589043466397,0.143328865171691,-6.49966105815786,8.05011760513888e-11,1.45341304957752e-09
"Os11g0141100",140.644687822673,-2.50238608990547,0.385369493906019,-6.49347218572453,8.38802585345144e-11,1.51160946104092e-09
"Os11g0629500",2547.35897763284,-0.73556562280216,0.113283988757351,-6.493111964637,8.40811513872643e-11,1.51429269678411e-09
"Os06g0180666",187.249636380898,-3.03420508225872,0.467601747793567,-6.48886599884616,8.64848429531642e-11,1.55662026976641e-09
"Os03g0281100",350.477631037479,-1.92314227730185,0.296438062717488,-6.48750116524221,8.72716652110069e-11,1.56884286066354e-09
"Os02g0163300",28.9325236603017,-8.75408366961921,1.3494617935005,-6.48709264077134,8.75085362924174e-11,1.57213053294743e-09
"Os03g0643800",33.5447084536121,-8.96004574955532,1.38195747748172,-6.48359004929934,8.95653795475512e-11,1.60709980479592e-09
"Os09g0334900",61.4517291242541,-5.60699197100663,0.865094946762216,-6.48136021599926,9.08993607945677e-11,1.62902842157502e-09
"Os03g0828500",253.881877451691,-1.91487310450509,0.295655589565371,-6.47670185204362,9.3749176334911e-11,1.67391999584628e-09
"Os09g0425700",217.473402279654,-1.96027914829984,0.302825600367397,-6.47329402111835,9.58891021120677e-11,1.71003210759806e-09
"Os02g0720200",1220.39527841316,-1.87211172039997,0.289611863057271,-6.46420937539342,1.01829798565937e-10,1.81153780930802e-09
"Os08g0563300",1004.19096609377,-1.30617052316553,0.202086729556796,-6.46341561383143,1.02365631642654e-10,1.81995843998619e-09
"Os04g0420500",162.893274580063,-2.90113582969709,0.449151596505202,-6.45914620424484,1.05295347633481e-10,1.86748545297335e-09
"Os02g0640300",318.922487375939,-2.71079650315021,0.420570264541658,-6.44552582932714,1.15200304578971e-10,2.03448348693074e-09
"Os09g0570800",202.966962229775,-2.96040769941382,0.459587024191302,-6.44145187654723,1.18335971648246e-10,2.08732899233205e-09
"Os07g0468500",41.3661875637058,-9.31044676638508,1.44568887152548,-6.44014555950809,1.19358977346385e-10,2.10282645994037e-09
"Os07g0541900",305.416374737898,-11.1685427995018,1.73447198829924,-6.43916008724546,1.20136437862615e-10,2.11524385939244e-09
"Os08g0124500",38.1281713179969,-8.50061626963218,1.32024513924363,-6.43866507586781,1.20528828563115e-10,2.12087042019035e-09
"Os03g0329200",699.987152816518,-2.52659566201544,0.392467819076812,-6.4377142257387,1.21286075553462e-10,2.13290645668352e-09
"Os02g0169700",29.4764715788413,-9.1074629972104,1.41479811127964,-6.4372880657672,1.2162697211248e-10,2.13761055030758e-09
"Os05g0461300",6803.6525804688,-0.889158159197252,0.138347515852301,-6.42699042132792,1.30155019362082e-10,2.2806103934191e-09
"Os03g0243350",26.3372709611698,-8.02384208633012,1.24989772480525,-6.41959892164803,1.36633846897451e-10,2.3898203539625e-09
"Os10g0116900",2583.02869010007,-0.91548568508245,0.142618408904724,-6.41912704056345,1.37057998663576e-10,2.39580014230531e-09
"Os10g0122500",39.0675888950566,-9.17668163063624,1.43014277386646,-6.41661923433463,1.39333830368104e-10,2.43412106057585e-09
"Os06g0510200",30.0491931474306,-8.60200518601422,1.34102685485392,-6.41449136896759,1.41293795040011e-10,2.46540317504804e-09
"Os06g0154600",141.38807693183,-4.86233906189388,0.758042160936484,-6.41433855854001,1.41435580203315e-10,2.46639938124608e-09
"Os08g0409900",30.4533424219693,-8.55386003487214,1.33368239991638,-6.41371591572959,1.42014738275753e-10,2.47501688094941e-09
"Os10g0539600",2770.17840852668,-1.20058296531368,0.187274773045303,-6.4108098800005,1.44748615211823e-10,2.51964684530706e-09
"Os04g0666900",2115.26811131229,-1.6912339451773,0.263866566655308,-6.40942869956912,1.46065938063963e-10,2.53802640113289e-09
"Os04g0394500",4611.50047879418,-1.03207893799293,0.161087342924569,-6.4069523977201,1.48457144263058e-10,2.57343390192189e-09
"Os01g0875500",2870.68912369787,-2.02352422106249,0.315877173623532,-6.40604763506642,1.49340322706826e-10,2.58720337767292e-09
"Os03g0327751",27.7852219702916,-8.72481350677773,1.36261959741174,-6.4029708095717,1.52382335690246e-10,2.63520093822526e-09
"Os01g0737401",65.6850821436315,-2.97391961693376,0.464655691577638,-6.40026512284065,1.55107383960365e-10,2.68073426450667e-09
"Os09g0272300",712.306132544427,-1.57849682367909,0.246704332757231,-6.39833441933266,1.57080958444734e-10,2.71162517594994e-09
"Os07g0532600",25.9834609879611,-8.48371362577895,1.32612880604191,-6.39735264563046,1.58093922470417e-10,2.72587993498133e-09
"Os03g0577100",695.568170923322,-1.8857475469516,0.294842294297329,-6.39578372378949,1.59725953003486e-10,2.75239006116421e-09
"Os04g0669100",2182.55705440676,-1.00421040263747,0.15709786182343,-6.39226015543198,1.63451490174592e-10,2.80993760145482e-09
"Os01g0326000",1399.88071647669,-4.01545567639759,0.628888986010767,-6.38499920609016,1.71398358493356e-10,2.94134531293077e-09
"Os04g0627400",335.189522854108,-3.49499476096639,0.547575756655884,-6.38266891564152,1.74027895365497e-10,2.98295489631195e-09
"Os05g0534500",165.859447453811,-2.94276210183492,0.461288393249034,-6.37944102843753,1.7773550830079e-10,3.04292385228431e-09
"Os06g0678800",3422.0000436667,-2.56689311889389,0.402981330792874,-6.36975691614168,1.89328027160333e-10,3.23000047273769e-09
"Os05g0320300",613.867904838605,-1.4174317528838,0.222668103960222,-6.36567037521013,1.94438604294946e-10,3.31524650718818e-09
"Os02g0617100",315.826102328264,-3.65522525409226,0.574325052832622,-6.36438413414906,1.96074867797359e-10,3.341189174953e-09
"Os03g0755700",196.649202464835,-2.21513592047986,0.34811768662821,-6.36318120442306,1.97617317632466e-10,3.36550381525888e-09
"Os02g0269200",679.070872414876,-2.64412358653615,0.415562365694802,-6.36275997253815,1.98160237045809e-10,3.37277757057162e-09
"Os03g0111200",2780.84591384535,-2.92128292567582,0.459277028513467,-6.3606118841412,2.00951618104813e-10,3.41629481754136e-09
"Os07g0637400",3285.65704636286,-1.60050876727099,0.251663320585723,-6.35972204271149,2.02119161505124e-10,3.43413898561974e-09
"Os03g0837100",5994.63332180249,-1.11596017362473,0.175829525223806,-6.34683038701418,2.19796225518933e-10,3.72145679044323e-09
"Os11g0169800",1401.33363610012,-2.52296078444392,0.397913617296346,-6.34047359722535,2.29059927549222e-10,3.87379977357053e-09
"Os11g0708400",805.120516997266,-1.97473621400608,0.311541542470075,-6.33859676738219,2.31867193875551e-10,3.91899966340324e-09
"Os06g0237900",372.54994184068,-1.49858747899583,0.236464816010673,-6.33746493147714,2.33576350522663e-10,3.94559772617226e-09
"Os01g0771300",94.6510777912851,-2.25372745404713,0.35564165951129,-6.33707383196929,2.3416979588458e-10,3.95108043672144e-09
"Os04g0374400",35.3465966771767,-8.32014622166455,1.31305106847457,-6.33649857299947,2.3504535761489e-10,3.9635152892072e-09
"Os08g0539300",1721.91650969854,-1.00089461112455,0.158075180349787,-6.33176320855542,2.42375263358054e-10,4.08239006333907e-09
"Os05g0125900",72.6805601994717,-5.77476070532382,0.912518533876868,-6.32837634627489,2.47754278918083e-10,4.16335840199216e-09
"Os05g0398800",299.297019066025,-1.95725581329615,0.30928090223903,-6.32840824999749,2.47703069541829e-10,4.16335840199216e-09
"Os08g0115800",477.670252069995,-2.45911210051694,0.388719223750027,-6.32619111757208,2.51286557068987e-10,4.22028091981721e-09
"Os06g0211500",25.3470492590515,-8.64391742978453,1.36886347259131,-6.31466731552216,2.70743264794643e-10,4.53658536096064e-09
"Os07g0580766",85.8185366850412,-3.97433293437067,0.629474672496582,-6.31372969877872,2.72389532142266e-10,4.55892411209602e-09
"Os05g0123400",326.326412546506,-1.8681815755112,0.295914866866295,-6.31324000478595,2.73253218833539e-10,4.57075257832874e-09
"Os01g0140100",559.2265700921,-2.46244995289426,0.390058694291995,-6.31302413951806,2.73634795096177e-10,4.57450775131507e-09
"Os11g0557300",1393.21557499754,-0.978296320478135,0.155232820553918,-6.30212294659901,2.93596122001998e-10,4.89977436386372e-09
"Os01g0770700",3249.50667444312,-1.29098874044307,0.204861984858976,-6.30174866914311,2.94306128860665e-10,4.90881047232548e-09
"Os05g0594200",556.94053679379,-2.65330099957654,0.42111302853892,-6.3006860860666,2.96331005730518e-10,4.93975475036299e-09
"Os06g0234200",787.53132760734,-1.99246229858753,0.316390124712959,-6.29748573978143,3.02512180462566e-10,5.03127339773321e-09
"Os01g0716200",2442.17618232002,-1.26791643010443,0.201406601903317,-6.2953071951091,3.06791675244785e-10,5.0937213035796e-09
"Os06g0524700",20.3862150096205,-7.98085962205584,1.26844531186424,-6.29184368250477,3.1371732003253e-10,5.20277664805657e-09
"Os09g0507600",549.292731428722,-2.2582917154871,0.359484976389917,-6.28201973324648,3.34202413136864e-10,5.51737113116312e-09
"Os07g0252400",12868.2574796995,-1.58498336667523,0.2523324291649,-6.28133043351094,3.3568779999129e-10,5.53616263997674e-09
"Os03g0712700",21693.4285472042,-0.752746251906575,0.119856737568661,-6.28038329072118,3.37739336531642e-10,5.56629595838962e-09
"Os01g0861900",507.03037616902,-2.02546437428677,0.322715754880898,-6.2763107894571,3.46700836559052e-10,5.71075891531261e-09
"Os02g0658100",12857.8446135042,-2.15563903757748,0.343565148433392,-6.27432394527468,3.51156715383311e-10,5.78088516980938e-09
"Os06g0244700",1698.43891188536,-1.99235267815516,0.317891676575267,-6.26739491772578,3.67138212490217e-10,6.02083066400234e-09
"Os03g0173900",763.175269959031,-1.75926208551129,0.281317433736822,-6.2536546780713,4.00957060183193e-10,6.55256537971658e-09
"Os04g0598500",133.158537939128,-3.98698030349039,0.63763152865671,-6.25279667692987,4.03166878089963e-10,6.58498363641946e-09
"Os06g0283400",3075.85967927363,-1.48003696724677,0.236819790253245,-6.2496338066345,4.11416144636919e-10,6.70843279065866e-09
"Os01g0174700",313.416510911284,-1.70280889374487,0.272880264200599,-6.240132091389,4.37201539282726e-10,7.10131118189136e-09
"Os06g0185300",53.0411737230924,-3.24240753339061,0.520144247486776,-6.23366988879952,4.5563271687827e-10,7.38804898715421e-09
"Os03g0599400",32.0467251763514,-8.82530158152878,1.4161307780229,-6.23198204465977,4.60570276812665e-10,7.46395525950942e-09
"Os11g0629400",2270.6625003084,-1.75445574917273,0.281638012933971,-6.22947069855962,4.68013677073044e-10,7.57620535223317e-09
"Os02g0538900",918.780264380163,-1.30133162207464,0.209035004096895,-6.22542443404085,4.80254087112844e-10,7.76135378740303e-09
"Os12g0509600",138.047422654112,-2.13281452012758,0.342595975941438,-6.2254511725268,4.80172183712123e-10,7.76135378740303e-09
"Os06g0680500",612.41046245335,-1.26483242970052,0.203223513659388,-6.22384883975798,4.85104482775303e-10,7.83539253875895e-09
"Os03g0295500",6264.32599539347,-0.798362763720756,0.128289197742275,-6.22314877457271,4.87274911521529e-10,7.86172851708031e-09
"Os02g0675700",743.378110182411,-2.58807091808111,0.416064731942571,-6.22035639982659,4.9602686127968e-10,7.99251300444457e-09
"Os11g0247350",88.514927518749,-7.61264984989891,1.22510147260742,-6.21389331423842,5.16876281108973e-10,8.28880564892925e-09
"Os04g0633600",124.738468325039,-3.10587576000437,0.499900302681619,-6.21299035696418,5.19856408349149e-10,8.32284679711046e-09
"Os10g0432200",192.477746533807,-1.35768960454873,0.218521548589211,-6.21306966436061,5.19593991325082e-10,8.32284679711046e-09
"Os01g0369600",21.5365023240958,-8.18664978188002,1.31817062155357,-6.21061465641785,5.27777511581197e-10,8.4403825877362e-09
"Os04g0423100",121.819001719742,-2.06958974613422,0.333304921063173,-6.20929849920206,5.32216440607584e-10,8.50203356191666e-09
"Os03g0134900",2030.43930223481,-2.44811879618409,0.3943006708351,-6.20876142817397,5.34038237769945e-10,8.52645918878089e-09
"Os12g0540900",4714.92074023889,-0.510959291858877,0.0823575031919609,-6.20416200170518,5.49891188700846e-10,8.76515117533992e-09
"Os01g0745300",510.415567438194,-1.36026404433943,0.219287868302676,-6.20309757611355,5.53624890862517e-10,8.81983811362048e-09
"Os04g0136000",24.9814426598298,-8.74994027545884,1.4132100364432,-6.19153561736719,5.9580870593898e-10,9.48149788762567e-09
"Os01g0229400",1089.54919262841,-2.34107031333951,0.378208606987728,-6.18989168962902,6.02055692880945e-10,9.57105423523283e-09
"Os04g0672300",851.814920602192,-2.23009532967004,0.360280764528485,-6.18988175121883,6.0209365287228e-10,9.57105423523283e-09
"Os02g0801450",826.577333245903,-1.7944575947002,0.289924843995011,-6.18938884289295,6.03979260716997e-10,9.59579052405913e-09
"Os07g0147600",733.245043701261,-1.7926859109952,0.289915833754549,-6.18347017401243,6.27075860863484e-10,9.95188186379638e-09
"Os01g0835500",1464.73481597226,-2.39094157812845,0.386767614235353,-6.18185569351609,6.33524255986812e-10,1.00487436725751e-08
"Os12g0223000",20.91736590097,-7.83731586850405,1.26785770541098,-6.18154216759173,6.34783989969349e-10,1.00632440696175e-08
"Os08g0442700",355.787236311419,-1.79527525261434,0.290445551710165,-6.18110775683644,6.36533473958173e-10,1.00854884812894e-08
"Os05g0123200",9635.39552720977,-1.18911145785863,0.192500008007737,-6.17720212152324,6.52475211897485e-10,1.03212292889074e-08
"Os04g0677700",6616.43708877197,-0.990404114520295,0.160489051506217,-6.17116311190818,6.77894427961528e-10,1.06884902713025e-08
"Os02g0606600",261.917496126709,-3.48200187673914,0.564333643463895,-6.17011216160447,6.82415669236646e-10,1.07539551512498e-08
"Os11g0477400",23.2834095616105,-8.1356516290502,1.31859080305645,-6.16995933097064,6.83075599590469e-10,1.07585330509863e-08
"Os02g0522300",2939.77873293351,-1.83023440069351,0.296666360766502,-6.16933580189108,6.85774487120075e-10,1.07952024940058e-08
"Os06g0703500",4814.83723378921,-1.74848197311592,0.283729836424737,-6.16248891955967,7.16103433625445e-10,1.12483086267747e-08
"Os04g0420700",96.4105731278793,-5.32162863628182,0.863682933582181,-6.16155353934113,7.2034707126159e-10,1.12966868116748e-08
"Os03g0831700",1485.05848533775,-1.07190211942706,0.17407266506818,-6.15778542258327,7.37692129270713e-10,1.15624704997964e-08
"Os03g0121200",3345.2565196967,-1.56392080361659,0.254041485665802,-6.15616303580418,7.452850101968e-10,1.16751963781341e-08
"Os02g0821800",8940.38399026905,-1.66649951564075,0.270781458490235,-6.15440778306041,7.53585569047204e-10,1.17988811515014e-08
"Os06g0185400",15.444268914065,-8.30426266949715,1.34947851186287,-6.15368277189805,7.57040389281735e-10,1.18466040927795e-08
"Os01g0137550",24.3355162193004,-8.57145244920026,1.39299144587865,-6.15326998206632,7.59014311007173e-10,1.18711142669983e-08
"Os06g0169900",535.830567381091,-2.9072397466069,0.472968149047684,-6.14679815640989,7.9062633205466e-10,1.23390246742207e-08
"Os01g0530100",30.3477139878956,-8.58514637220505,1.39833160009165,-6.13956401446004,8.27482737354893e-10,1.29073124141667e-08
"Os07g0616200",1941.7213468213,-2.09419321136264,0.341190802591208,-6.1378946778696,8.36222701150509e-10,1.3015754945433e-08
"Os03g0850800",983.055263165467,-1.73577659429438,0.282805711935134,-6.13769991566688,8.37248242661337e-10,1.30197649510521e-08
"Os01g0829800",4747.10386910306,-0.573650328572114,0.0934651668678058,-6.13758416954914,8.37858297428598e-10,1.30203358258888e-08
"Os02g0608700",3053.81913629563,-0.778391971994096,0.12695778596775,-6.13110858905357,8.72688119954756e-10,1.35255047521673e-08
"Os03g0618800",335.549789559195,-1.27904644951807,0.208693855743874,-6.12881699348071,8.85348898458658e-10,1.37144311813367e-08
"Os01g0106500",1008.04589646932,-1.39237087823984,0.227217652783425,-6.12791682857051,8.90371047417652e-10,1.37848940153625e-08
"Os07g0445600",6051.93838726039,-1.56800162422756,0.255912287137941,-6.12710566484986,8.9492043704792e-10,1.38479665078159e-08
"Os01g0590700",1937.05176449992,-1.71564225635038,0.280099576653888,-6.12511549230351,9.06178520998963e-10,1.40072881573948e-08
"Os05g0173500",1488.98814047301,-1.34110810504815,0.218985169968299,-6.12419601401454,9.11426394127397e-10,1.40809333951077e-08
"Os01g0702900",26.0170787714988,-8.76113505697124,1.43166209815783,-6.11955507395529,9.38369947899391e-10,1.44664953005432e-08
"Os10g0568300",249.005185926168,-2.19545106589139,0.358923244015689,-6.11677037499255,9.54908075340691e-10,1.47058873453578e-08
"Os11g0197200",340.797467575282,-2.03854246754806,0.333289346087236,-6.11643453797797,9.56921692200363e-10,1.47291086259297e-08
"Os06g0179000",937.830871693491,-2.05007822089584,0.335433454032479,-6.11172855972004,9.85577184643688e-10,1.51381744573805e-08
"Os08g0321000",4330.60547221505,-1.80052892709568,0.294641700693662,-6.1109100404212,9.9064599122268e-10,1.51999960781807e-08
"Os06g0546500",922.930407676744,-3.40940454051549,0.557959993813928,-6.11048207454902,9.93306346784389e-10,1.5232789589813e-08
"Os03g0445700",218.346158476813,-2.05733511413615,0.337171197995138,-6.10175224446609,1.04911909038768e-09,1.60464528100157e-08
"Os03g0222600",848.78457079253,-1.75377459210726,0.287480406863241,-6.10050128717662,1.05736330775748e-09,1.61640599729729e-08
"Os12g0125800",77.3867280272537,-2.83429016237115,0.464780074823864,-6.09813181738749,1.07315237830259e-09,1.63882242060451e-08
"Os02g0187600",1022.2196279283,-1.47626612663883,0.242204317802516,-6.09512720513314,1.09350461702389e-09,1.66640719293405e-08
"Os09g0334600",788.885243829936,-2.25585201843154,0.370151938800559,-6.09439471191588,1.0985230539894e-09,1.67317930848741e-08
"Os01g0347000",182.237821358019,-2.15691294860672,0.354249204579451,-6.08868819103577,1.13839585381572e-09,1.73119394542148e-08
"Os05g0386800",11174.5114132055,-1.32356204131933,0.217437466416614,-6.08709282319985,1.14979316222604e-09,1.74670195463468e-08
"Os11g0513700",14.6123964486385,-21.1775408382556,3.48179971739715,-6.08235468928323,1.18430215520261e-09,1.79818807944789e-08
"Os06g0725800",88.3013589970773,-2.35334678142479,0.387999514142588,-6.06533435132072,1.31679425520218e-09,1.99001983912807e-08
"Os08g0541300",180.839579188729,-1.98027040008192,0.326557092563057,-6.06408632726157,1.32705866553718e-09,2.0044918287227e-08
"Os01g0603500",97.2711530288162,-5.83964339226934,0.963505294327002,-6.06083165982836,1.35419506119004e-09,2.04336106590551e-08
"Os07g0671450",419.554427681974,-1.38737497717126,0.228948509511433,-6.05976854853462,1.36317557665449e-09,2.05478256435467e-08
"Os12g0611900",271.982242962472,-1.42629022611056,0.235604172077201,-6.05375623672403,1.4150669326389e-09,2.12639727617699e-08
"Os07g0666900",912.03792740129,-2.29598252391101,0.379622487553639,-6.04806774937589,1.46593314486038e-09,2.20056211570227e-08
"Os01g0935800",352.277670804506,-2.68586186836327,0.444372682308982,-6.04416512375919,1.5018563915936e-09,2.25332621514626e-08
"Os12g0614200",271.252009897168,-5.0336060289919,0.832959072137679,-6.04304124580073,1.51235971575765e-09,2.26674933825498e-08
"Os08g0551225",252.246971695205,-2.43685226771306,0.403348298233469,-6.04155832164325,1.52632815325939e-09,2.28650866662654e-08
"Os10g0403000",220.95114871465,-2.41873618956628,0.400500502363021,-6.03928378440308,1.54799786483938e-09,2.3177786025631e-08
"Os11g0576975",23.9818138001895,-8.00042347872609,1.32503998939518,-6.03787322854908,1.56158666701792e-09,2.33692327424954e-08
"Os10g0504600",2685.4466016354,-2.13891882220543,0.354338996580446,-6.03636303891783,1.576264162468e-09,2.35646637265879e-08
"Os06g0203200",586.445156138188,-2.06724101047735,0.342508440961865,-6.03559142855552,1.58381523199034e-09,2.3665401326846e-08
"Os06g0561200",2011.93010460326,-0.851271478433102,0.141045474351885,-6.03543986324098,1.58530260477876e-09,2.36754781827524e-08
"Os05g0477600",1946.44557143447,-2.4039224069042,0.39849718580948,-6.03247022189389,1.6147210525924e-09,2.40777811027116e-08
"Os09g0462700",4062.33636858816,-2.05849759053346,0.341314279596787,-6.03109132429289,1.62856117756762e-09,2.42717290752938e-08
"Os07g0104500",10934.0553672909,-1.79677633942631,0.298034010860476,-6.02876273831535,1.65219629607977e-09,2.45988039542102e-08
"Os06g0163300",1949.91778515558,-1.23669449695844,0.205153591139035,-6.02813964938259,1.65857711940291e-09,2.46811869551617e-08
"Os02g0116800",795.192574780513,-2.02271121226706,0.335799055539943,-6.02357623970879,1.70604689564776e-09,2.53616629377509e-08
"Os06g0177600",466.172934010302,-2.72615116392899,0.452639886692658,-6.0227815622887,1.7144475900411e-09,2.54735422026413e-08
"Os10g0571300",1774.4615092352,-2.09650071429176,0.34810594775252,-6.02259377591054,1.71643859777159e-09,2.54901197574219e-08
"Os07g0635900",12418.2685704481,-2.35384856153427,0.390880390896241,-6.02191518519817,1.72365216459136e-09,2.55841989486389e-08
"Os11g0695600",122.509425312089,-4.31081405265267,0.71592269836789,-6.02134010065634,1.72978855700944e-09,2.56622019140238e-08
"Os02g0139400",4798.93762233744,-1.79250666463668,0.297739537823879,-6.02038505781855,1.7400263251597e-09,2.5787809995573e-08
"Os07g0542900",670.395543440163,-2.44597857925529,0.406302561680148,-6.02009145386789,1.74318551860412e-09,2.58214896606253e-08
"Os06g0109200",165.941565310014,-3.0549755263183,0.507640874500437,-6.01798570559287,1.76600784215296e-09,2.61462533701975e-08
"Os05g0153000",1543.08372714468,-1.34097514433365,0.222856615485404,-6.01721039966831,1.77448380806375e-09,2.6245792019826e-08
"Os09g0353400",126.650000539726,-2.37108943878469,0.394077831220476,-6.01680493277514,1.77893231288516e-09,2.6297495845605e-08
"Os06g0235900",108.539455131772,-4.17178622622662,0.693875511648574,-6.01229782027457,1.82911885126705e-09,2.69709362970122e-08
"Os11g0558400",331.920231086795,-2.22621074109858,0.37043795381715,-6.00967238415707,1.85898604406187e-09,2.73974653720494e-08
"Os04g0432000",3481.72866321281,-0.835750698119455,0.139245754310226,-6.0019833441922,1.9492170071977e-09,2.86403116466254e-08
"Os09g0280300",2314.0539395507,-1.36305273123201,0.227168792186347,-6.00017598418138,1.97103790018643e-09,2.89026010721194e-08
"Os02g0285300",2642.39331008868,-2.68364382684551,0.447390139611747,-5.99844205143732,1.99219586905555e-09,2.91981520375621e-08
"Os11g0102500",1218.90775828664,-1.49265616623597,0.248985795824015,-5.99494505819519,2.0355425019797e-09,2.9803453364833e-08
"Os05g0585400",856.532768079477,-1.89522511526206,0.316243318605298,-5.99293330091658,2.06089394210585e-09,3.01443261587175e-08
"Os01g0869300",663.993098436651,-2.00437580190649,0.334571291873599,-5.99087802985723,2.08711129766995e-09,3.04818732250473e-08
"Os03g0794700",21933.4731831961,-1.5149354422014,0.253051588155154,-5.9866664076123,2.14185442393243e-09,3.12657065332132e-08
"Os10g0497600",1826.67020448878,-1.43496605137703,0.239762509006727,-5.98494759385745,2.16459544575159e-09,3.15818379615119e-08
"Os02g0118400",1056.67159878858,-0.852825067327856,0.142500481368234,-5.98471709807125,2.16766288397666e-09,3.16107553866642e-08
"Os03g0719000",1707.10296331766,-1.98498352573814,0.331868437931056,-5.98123623358997,2.2145043031308e-09,3.22615279218485e-08
"Os08g0123900",17.7505397939804,-8.17872308952171,1.36837989066283,-5.97693896653219,2.27369333248654e-09,3.30741744398966e-08
"Os10g0177400",999.008077009914,-1.76432778110937,0.295203831018634,-5.9766425626028,2.2778322263157e-09,3.3117838289948e-08
"Os07g0640100",5372.55640503869,-1.12030703782571,0.187554181165306,-5.97324480246219,2.32580490254812e-09,3.37815912079833e-08
"Os02g0155000",69.9600294533836,-2.45428249634619,0.411105704958361,-5.96995484797461,2.37319255085329e-09,3.44355323696808e-08
"Os08g0398350",270.691018930407,-2.20116224289429,0.368864442178563,-5.9674015470126,2.4106165128421e-09,3.49437402125374e-08
"Os11g0686900",183.687169065344,-3.67441897214366,0.615985902073883,-5.96510238265637,2.44480697031626e-09,3.53874778015917e-08
"Os02g0167300",13364.6926313625,-1.29487631007908,0.21715609910597,-5.96288253201306,2.47826589248075e-09,3.57996325996152e-08
"Os07g0194300",95.274106825458,-2.76513528342847,0.463959012666895,-5.95986974697208,2.52439064431857e-09,3.64117406358819e-08
"Os06g0492101",22.7270305022081,-7.76167628380591,1.30273272166497,-5.95799595321905,2.55349838953822e-09,3.67951410688432e-08
"Os03g0562000",2282.9356310374,-1.10156153732725,0.184928885534919,-5.95667644965747,2.57419159181773e-09,3.7056652267383e-08
"Os04g0153000",146.301440991913,-4.40695571938926,0.739869074210641,-5.9563994130867,2.5785569348514e-09,3.71011536841612e-08
"Os12g0568200",590.923851965372,-3.21787305852462,0.540388329541764,-5.95474195612864,2.60482494395384e-09,3.74421085971489e-08
"Os02g0781000",966.811170705519,-1.45915361406834,0.245101086962663,-5.95327271759761,2.62832775797738e-09,3.77613028948285e-08
"Os03g0327700",17.2676022427626,-7.75611747961465,1.30350226743371,-5.95021402984181,2.67792073818686e-09,3.843588355716e-08
"Os07g0592100",137.210361002504,-1.82781294431165,0.30747475723054,-5.94459512961314,2.77140985559557e-09,3.9738551361228e-08
"Os07g0588900",293.253840116002,-1.22540759701136,0.206184510726392,-5.94325729267551,2.79413340321258e-09,4.00446618938764e-08
"Os02g0800600",359.459660802802,-1.99834252043518,0.336486791638874,-5.93884387170788,2.87039057192205e-09,4.10365803807137e-08
"Os11g0246100",1678.36971003305,-1.16857645675237,0.196861497737904,-5.93603355750237,2.92000059072804e-09,4.16844398054814e-08
"Os05g0439100",1490.35662547121,-1.41367010658782,0.238172150141509,-5.93549710051279,2.92956502050573e-09,4.18004862945458e-08
"Os04g0616700",1414.36213634126,-1.34242727195874,0.226423387076157,-5.92883663341373,3.05088426190707e-09,4.34251473486108e-08
"Os02g0198900",1693.8082980338,-0.911614343538234,0.153781963931769,-5.92796658483765,3.06708888386261e-09,4.36344711655335e-08
"Os12g0121100",2012.42469453779,-1.63637944771946,0.276155337617236,-5.92557602485146,3.11204564673166e-09,4.42308410561833e-08
"Os10g0554900",2183.80166429225,-2.59354540160001,0.437709756158418,-5.92526295132737,3.11798060118573e-09,4.42935761306004e-08
"Os01g0860900",338.134286544124,-3.02628875849713,0.510808548471325,-5.92450687748625,3.13235902070514e-09,4.44761381769746e-08
"Os04g0384000",97.7419289971063,-2.96467710110658,0.500719390152021,-5.9208354208262,3.20310285231687e-09,4.54584606555418e-08
"Os03g0202200",14955.785249066,-0.883672922473136,0.14935678484932,-5.9165234667085,3.2881757800428e-09,4.65976910298815e-08
"Os01g0129600",767.315051142295,-3.04330938451471,0.514596332430888,-5.91397410498148,3.33950409838671e-09,4.72560924942749e-08
"Os01g0580200",1029.77791683171,-1.14843414601287,0.194228623688327,-5.91279557155144,3.36349529935965e-09,4.75724672695248e-08
"Os12g0585300",939.820290821711,-1.86431112134757,0.315385580249234,-5.91121230043015,3.39598996031993e-09,4.80087473905034e-08
"Os06g0256900",814.751878657997,-2.43367285122938,0.411862558518878,-5.90894413898959,3.44307423342374e-09,4.86507558591781e-08
"Os11g0166100",190.252591076274,-1.26231507336658,0.213709404575311,-5.90668939382938,3.49050965065198e-09,4.92254828311317e-08
"Os11g0479100",153.408662879677,-2.0347438868549,0.344714963022975,-5.90268513153949,3.57632437810725e-09,5.03625331427657e-08
"Os06g0206000",832.761960112769,-1.46028624432131,0.247475023709553,-5.90074191097025,3.61870601801775e-09,5.08855416015031e-08
"Os06g0141600",319.561606434715,-7.80609037377244,1.32320453124802,-5.89938304277865,3.64863300390347e-09,5.12816073067939e-08
"Os09g0487600",1215.36353989908,-1.01414773961451,0.171928356047392,-5.89866478648213,3.66454868448648e-09,5.14804567243682e-08
"Os02g0761000",1448.75826636331,-1.85751992599388,0.3149180757556,-5.89842269783033,3.66992828510854e-09,5.15171402327294e-08
"Os06g0308300",6001.31519122048,-1.59489000325311,0.270394212618481,-5.89838808977564,3.67069795971821e-09,5.15171402327294e-08
"Os07g0119400",2103.33727083111,-1.79990456212409,0.305205529925172,-5.89735239255125,3.69380446403784e-09,5.18164612725001e-08
"Os12g0175400",397.009751440594,-1.82349221388584,0.309283249827948,-5.89586476118652,3.72724157570174e-09,5.22603414384141e-08
"Os06g0271300",19.4069224841932,-8.57768560383363,1.45590470103425,-5.89165320899106,3.82350930936935e-09,5.35585560882415e-08
"Os04g0619300",6842.50813963029,-1.37863026185122,0.234001946540147,-5.89153330660304,3.82628517224882e-09,5.35716715318415e-08
"Os01g0115700",114.663407049861,-6.43518858193702,1.09276261074206,-5.88891724394478,3.88734032389851e-09,5.43481156565398e-08
"Os02g0177600",11907.6230869486,-1.03086220595088,0.175072831451755,-5.88819063130852,3.90446601463882e-09,5.4561352820687e-08
"Os04g0127300",23.5439139260645,-8.19938012051396,1.39278733618479,-5.88702948935063,3.93198577297183e-09,5.49195633959164e-08
"Os05g0424000",1039.18581166994,-2.17856362765766,0.370143427989838,-5.88572824185731,3.96305047520541e-09,5.53004101288605e-08
"Os11g0234200",585.158713491221,-1.36527020430792,0.232055485563242,-5.88337828340559,4.01975739919267e-09,5.60261425445984e-08
"Os11g0115100",5295.75630158788,-1.74002350810749,0.295866716048556,-5.8811059633417,4.07534148192089e-09,5.67585340203252e-08
"Os01g0324400",566.164213541346,-4.43656241057131,0.754474778316456,-5.88033230278567,4.09443644335845e-09,5.69972170666753e-08
"Os01g0249200",4416.22715031963,-1.80933501189098,0.308095814365393,-5.87263743137114,4.28915867178244e-09,5.9593930744107e-08
"Os03g0639800",2382.06082585877,-2.11015647294876,0.35939395545385,-5.87143005864974,4.3205186675625e-09,6.00010227166214e-08
"Os02g0697800",1855.55015688916,-1.04712548098321,0.178382793180065,-5.87010362555659,4.35522835188734e-09,6.04098803628129e-08
"Os02g0752300",898.582675735516,-1.84861100185215,0.315243338482218,-5.86407633783012,4.51639674867822e-09,6.25125979634065e-08
"Os06g0190700",144.621706910151,-2.96263657308795,0.505215138248544,-5.8641088692605,4.51551148090758e-09,6.25125979634065e-08
"Os07g0520400",3442.17549516341,-0.984570613493495,0.167911299723008,-5.86363523549444,4.52841701439169e-09,6.26491972888907e-08
"Os12g0103540",26.9603689106737,-8.26982201209382,1.41039074479609,-5.86349707881093,4.53218825349128e-09,6.26715984416776e-08
"Os12g0571700",152.939939870984,-3.09003778222856,0.527171621079761,-5.86154045223356,4.5859272282689e-09,6.33713954237693e-08
"Os06g0702500",3349.93360040417,-1.29886081273977,0.221614316428408,-5.86090661322127,4.60346828288905e-09,6.35667156634873e-08
"Os04g0689500",3283.55036482639,-1.94794340771476,0.332517604189778,-5.85816625396775,4.68006010670938e-09,6.45631029974375e-08
"Os11g0251250",43.9143829642193,-4.69683702446567,0.802110396336735,-5.85559923660919,4.75293109151914e-09,6.54443778946669e-08
"Os02g0497600",18.1931432702962,-8.52412299919942,1.4560368559698,-5.85433189019237,4.78931370890493e-09,6.58830391264664e-08
"Os12g0289600",1673.60481962769,-2.68751191746135,0.459519195829187,-5.84853025043236,4.95935459422323e-09,6.81577746545393e-08
"Os04g0566400",2629.84077782012,-1.22689178173918,0.209857600644623,-5.84630615222185,5.0260864909044e-09,6.90097552042045e-08
"Os02g0111800",2459.74099434932,-2.1295607741795,0.364290364992522,-5.8457784746056,5.04204671682047e-09,6.91674037604538e-08
"Os11g0126100",129.60358428888,-5.32856094953829,0.911524299001098,-5.84576950431014,5.04231845970206e-09,6.91674037604538e-08
"Os05g0593200",1907.83422408754,-1.3873312750644,0.237331545293398,-5.84554098507778,5.04924594608583e-09,6.9229821300335e-08
"Os06g0561800",216.20546437287,-2.11954897408368,0.362668900821046,-5.84430859465819,5.08676539353824e-09,6.97114267249979e-08
"Os07g0480300",45.6880741760935,-2.85181525404191,0.488384772788267,-5.83927962733245,5.24270126372797e-09,7.17134552382743e-08
"Os10g0145100",157.668133921899,-2.80531381013911,0.480583220243956,-5.83731119183701,5.3049957079244e-09,7.25314953080631e-08
"Os10g0563900",1024.79659046254,-1.99012302143383,0.341152727858471,-5.8335251602017,5.42684195605802e-09,7.40236493884411e-08
"Os07g0600700",1336.58294244514,-2.25493395814179,0.386615271141985,-5.83250100670147,5.46026753788135e-09,7.44098789135147e-08
"Os03g0389700",11916.4973572523,-1.14004649835995,0.195549358150779,-5.82996798936519,5.54380094499587e-09,7.53522028473779e-08
"Os08g0179000",866.053751368178,-1.68881834912742,0.289800751230831,-5.82751542897916,5.62586501853686e-09,7.63806252073801e-08
"Os05g0543100",2806.63767395506,-2.06672415734289,0.355239011402815,-5.81784120269206,5.9612491956478e-09,8.07082747910996e-08
"Os05g0476350",83.0947433723247,-3.44129958616078,0.591716232514887,-5.81579378266288,6.03468251876910e-09,8.16265788720825e-08
"Os05g0176000",6024.44621886096,-1.68781567181052,0.29045341348771,-5.81096862158908,6.21124060370728e-09,8.38589470844522e-08
"Os06g0135900",755.542464107349,-1.68082429837053,0.289395656691276,-5.80804949731366,6.32048330475493e-09,8.52110261119e-08
"Os12g0572500",364.770274065202,-1.61649207404804,0.278322575261096,-5.80798044330972,6.32309001537724e-09,8.52110261119e-08
"Os03g0219100",772.585768895364,-1.80018732817459,0.309963422914831,-5.80774115618548,6.33213092631053e-09,8.52539606269141e-08
"Os08g0492000",380.573655765288,-1.94673450362325,0.335195676696878,-5.80775540665375,6.33159215338087e-09,8.52539606269141e-08
"Os08g0462300",657.268874295389,-1.54920250261932,0.266774104736627,-5.80716971817326,6.35377228710924e-09,8.55058024700532e-08
"Os04g0480400",1259.91014375463,-0.83929325493484,0.144725111448709,-5.79922341419161,6.66227238953163e-09,8.95746521366297e-08
"Os04g0350700",1445.24313791192,-1.7239317270703,0.297350947011648,-5.79763321555108,6.72573503038094e-09,9.03861816127152e-08
"Os07g0486700",102.904119010235,-3.77691203496491,0.651578629840682,-5.79655602868437,6.76905769462184e-09,9.09264290510965e-08
"Os08g0200500",482.217417498004,-2.05811387054619,0.355280666280801,-5.79292392150472,6.91714465520765e-09,9.27872347530895e-08
"Os11g0307300",2636.45380246542,-3.27379938173804,0.56517990775735,-5.79249073932683,6.93501510904754e-09,9.29413299611976e-08
"Os10g0415800",873.289449436563,-1.25834011372339,0.217280668042692,-5.79131187812876,6.98387539263812e-09,9.34683178853069e-08
"Os02g0164300",2549.53136729546,-0.939611151342179,0.162293341239335,-5.78958535308316,7.0560394198653e-09,9.43416314841835e-08
"Os02g0751100",708.124894885877,-1.92835846482082,0.333077644105973,-5.78951634534586,7.05893877494801e-09,9.43416314841835e-08
"Os01g0706500",935.097643527406,-2.54269524868393,0.439229765744486,-5.78898664659967,7.08123264121141e-09,9.45528000813199e-08
"Os01g0690900",22.2130105531421,-7.80569647686163,1.34901505884891,-5.78621893481465,7.1988377801845e-09,9.59032725684048e-08
"Os03g0861200",34.7144561180139,-5.08244479025106,0.878836924785832,-5.78314889476181,7.33151162792071e-09,9.76261004244659e-08
"Os05g0117798",2726.35472910536,-1.72274026884029,0.297897617640044,-5.78299444785057,7.33824860069386e-09,9.76265307215197e-08
"Os03g0348900",1808.68989092881,-1.19645096944958,0.206994966917092,-5.78009691379983,7.46576062212089e-09,9.9232259624557e-08
"Os01g0683100",2960.49239068791,-0.819499698475726,0.141820283235064,-5.77843789183119,7.53973661326511e-09,1.00078491181179e-07
"Os08g0539100",715.400663611329,-1.19160889305636,0.206224958551912,-5.77819921227623,7.55043784142013e-09,1.00174875087853e-07
"Os04g0434600",1627.64247755087,-1.32197585602783,0.228965699862886,-5.77368512759544,7.75563072307971e-09,1.02710085455901e-07
"Os08g0260400",252.950247955164,-2.58220645943619,0.447256069980605,-5.77344083792572,7.76688850054354e-09,1.02812421324013e-07
"Os09g0407300",578.246723224965,-1.25667848581445,0.21770352675314,-5.77243053687152,7.81361591349801e-09,1.03337022085781e-07
"Os01g0606400",249.18015542387,-2.60051686032705,0.450610664950601,-5.77109478891748,7.87581536418591e-09,1.04112344546447e-07
"Os02g0118850",453.750577065288,-1.23270943651327,0.213734055150839,-5.76749192188072,8.0459940474451e-09,1.06217333930053e-07
"Os01g0143100",2067.98278818693,-1.57567836224501,0.273346373367982,-5.76440193016138,8.1947911644367e-09,1.08132627227334e-07
"Os01g0119500",670.181596430989,-1.5369468384145,0.266769707791029,-5.7613244439974,8.34564391843425e-09,1.09874250539169e-07
"Os06g0707200",2319.71296340899,-1.49773658616109,0.260007417842284,-5.76036098735304,8.39342326861761e-09,1.10449331879483e-07
"Os02g0606400",569.829304942928,-4.09719232839017,0.712003447582393,-5.75445574358127,8.69213720532889e-09,1.1422943126967e-07
"Os03g0647800",3239.85719672234,-1.66363297305003,0.289101562400274,-5.75449319345655,8.69021064850132e-09,1.1422943126967e-07
"Os10g0521900",244.615426149583,-1.63852550357255,0.284772938166241,-5.75379638993658,8.72612482801991e-09,1.14572681353289e-07
"Os04g0226600",201.479890333019,-2.79951486064248,0.4866081390114,-5.75311967927626,8.7611414876045e-09,1.14980604958097e-07
"Os07g0634600",5490.79457306278,-1.5950226073066,0.277452406140843,-5.74881519137706,8.98709837122647e-09,1.17627990457014e-07
"Os04g0586500",53.3336607307694,-3.982108973735,0.692926597931438,-5.74679769202482,9.09494383076333e-09,1.18986053117471e-07
"Os03g0788600",4450.34281885289,-1.86711558532397,0.325024288918255,-5.7445417126766,9.21702733701947e-09,1.20529084018267e-07
"Os04g0472200",870.639008836465,-1.95220107918233,0.339842764114456,-5.74442443778159,9.22341709908194e-09,1.20558506624535e-07
"Os11g0183800",2495.20121191777,-1.10583428073403,0.192560498648557,-5.74278882997856,9.31298383032083e-09,1.21565537923175e-07
"Os07g0586200",174.805274489484,-1.95880586498742,0.341157114172362,-5.74165328411641,9.37566357469938e-09,1.22328886479568e-07
"Os01g0520600",220.620518666894,-3.10727133110457,0.541211579238249,-5.74132455827726,9.39388496000058e-09,1.22511741068131e-07
"Os10g0509600",21.8279815952532,-5.85614432501791,1.02010300541797,-5.7407382332125,9.42647065125476e-09,1.22881682321326e-07
"Os12g0228032",106.953043095148,-3.56061633011918,0.620279621785859,-5.74034065453857,9.44862903001952e-09,1.23115424882429e-07
"Os01g0744000",3295.09013654122,-2.01022636080961,0.350324451459077,-5.73818456701255,9.56967958423443e-09,1.24636944924899e-07
"Os02g0798000",476.665772139894,-1.71620343905064,0.299389700324395,-5.73233961352409,9.90546855468163e-09,1.28779935379214e-07
"Os01g0832900",918.854540668864,-1.78917847339866,0.312166161702586,-5.73149396987904,9.95498887755918e-09,1.2936599111659e-07
"Os09g0330000",1754.13400113723,-1.26198404495667,0.220214966757259,-5.73069153082472,1.00022016241251e-08,1.29863627150143e-07
"Os05g0104000",554.462462614953,-1.56337477995213,0.272841164360886,-5.72998133772902,1.00441684291078e-08,1.30350389034081e-07
"Os12g0267900",855.734090091211,-2.04840801648311,0.357520434601121,-5.72948513773342,1.00735914416138e-08,1.30673999983375e-07
"Os12g0284800",25.9789924322593,-8.66351244770646,1.51225185438045,-5.7288820130135,1.01094675466209e-08,1.31080994609392e-07
"Os07g0634900",945.176452477865,-2.35973337256168,0.412028210912635,-5.72711603250397,1.02152302863696e-08,1.32363881556651e-07
"Os01g0164300",698.458171300643,-2.23520817173084,0.390356141269957,-5.72607405242549,1.02781370291906e-08,1.33027025587451e-07
"Os01g0924933",455.916480030709,-1.71922472516305,0.30043079482681,-5.72253162713942,1.04948299403477e-08,1.35414460577229e-07
"Os07g0413700",1583.01261200351,-1.09064252609356,0.190960345158772,-5.71135606812375,1.12079466100931e-08,1.44168648930711e-07
"Os01g0846600",809.45418393129,-0.866165082210351,0.151668387277608,-5.71091377549204,1.12371171747516e-08,1.44480055789456e-07
"Os08g0421850",67.1044962451477,-23.4279710486931,4.10298266597721,-5.70998538281986,1.129858770788e-08,1.45206297982737e-07
"Os06g0165900",28.2622125000535,-8.46333409410773,1.48247873421623,-5.70890758752247,1.13703603944313e-08,1.46064241467414e-07
"Os05g0373400",3462.30259699279,-1.24658884490529,0.218385012311103,-5.70821610747464,1.14166406279688e-08,1.46594095400223e-07
"Os11g0242600",240.070176709622,-2.50318582710929,0.438650265900211,-5.7065640253795,1.15279555988092e-08,1.47958185521605e-07
"Os12g0533600",876.852500928461,-1.05275426693217,0.184573663689587,-5.70370791741275,1.1722888777898e-08,1.50393818057245e-07
"Os05g0486300",101.279595520483,-1.91236382773216,0.335331690727087,-5.7029021730265,1.17784587170506e-08,1.50973712481491e-07
"Os11g0657000",1028.30322584126,-1.88013835976838,0.329887932793868,-5.69932444586626,1.20283116632576e-08,1.53905312942613e-07
"Os02g0162150",81.9822577249151,-4.06521085664605,0.713420736747502,-5.69819553490893,1.21082133413645e-08,1.54780603399995e-07
"Os05g0176100",21085.0620272395,-1.2325788612747,0.216312762393648,-5.6981328685158,1.21126637987977e-08,1.54780603399995e-07
"Os11g0672700",179.359484155083,-2.16964074063094,0.380958655609877,-5.69521313843771,1.23217894294152e-08,1.57383838492732e-07
"Os03g0726100",80983.5603471229,-1.47053750349246,0.258342805816349,-5.69219451978022,1.25416852946777e-08,1.59982023281473e-07
"Os09g0512200",222.203674792565,-1.37738219383148,0.242006851985042,-5.69150080889697,1.25927559563529e-08,1.6056315190933e-07
"Os06g0228200",2181.51644647558,-1.60750394719485,0.282503979778896,-5.69019929720274,1.26891183450736e-08,1.61721008509949e-07
"Os11g0665950",23.5152026310624,-8.5269482138796,1.4985662339025,-5.69007096314596,1.26986587603054e-08,1.61771802457398e-07
"Os01g0256900",2891.32736707736,-0.519006636428132,0.0912157400318188,-5.68988023609836,1.27128503771398e-08,1.61881779048127e-07
"Os03g0861100",3554.52498092217,-1.40210390807915,0.246443022504722,-5.68936338237083,1.27513859312088e-08,1.62301512713577e-07
"Os11g0587100",61.5457671793654,-23.3364801536649,4.10264978017682,-5.68814824663369,1.28424315643241e-08,1.6338894365061e-07
"Os04g0600900",87.1244139946344,-6.65000098666907,1.16990755202291,-5.68421066704838,1.31418202059582e-08,1.66979096002581e-07
"Os02g0219200",1884.2825167107,-1.66349745285186,0.292669205395226,-5.68388276657069,1.31670553075805e-08,1.67226770461124e-07
"Os02g0817500",4437.35674939529,-2.13441990519877,0.375548259842958,-5.68347702127901,1.3198346493381e-08,1.67551110104726e-07
"Os02g0119000",285.308766932051,-1.4957418157878,0.263285902238351,-5.68105547266906,1.33866047141436e-08,1.69719069431994e-07
"Os12g0617000",377.216327914077,-2.690922015224,0.473678104609253,-5.68090859391485,1.33981070283137e-08,1.69790980364905e-07
"Os05g0325400",1936.33168105606,-1.10747623203213,0.195017438139147,-5.67885745295218,1.35597420094144e-08,1.71764596258446e-07
"Os08g0304900",659.591814973441,-2.11233079387116,0.372043775002305,-5.67764047082381,1.36565369672645e-08,1.72840360521806e-07
"Os06g0712500",1812.78050538595,-0.985048540892896,0.173555658015091,-5.67569246752673,1.38128738553719e-08,1.74591368236172e-07
"Os05g0515200",13.654275749284,-7.71243955530217,1.35889679915773,-5.67551528569534,1.3827179526847e-08,1.74696365371296e-07
"Os05g0366300",1013.00786430654,-1.17637314230306,0.20728779645379,-5.67507186833018,1.38630441839373e-08,1.74921825270634e-07
"Os07g0107366",603.983967162889,-4.5364942802055,0.799796514827649,-5.67206057553663,1.4109006642603e-08,1.77948242289253e-07
"Os02g0104150",49.8698077761305,-4.51781647301823,0.796648575300416,-5.67102812091838,1.4194309445498e-08,1.78869182030201e-07
"Os01g0978000",2737.7536926043,-1.36798607500473,0.24128263954282,-5.66964153573907,1.43096596163977e-08,1.80244769614505e-07
"Os03g0234000",300.947845571852,-5.73226154812634,1.01261581495472,-5.6608453704455,1.50629109139665e-08,1.89241627108081e-07
"Os03g0291800",2974.05162801566,-1.40437692060012,0.248205439006043,-5.65812307024397,1.53037382987143e-08,1.92101494282396e-07
"Os09g0423500",495.383455883665,-1.95747062882035,0.346036236950413,-5.65683711645742,1.54187963513846e-08,1.93462381449816e-07
"Os11g0107000",2242.1865764682,-2.13598053034957,0.377693062964461,-5.65533429071891,1.55543234783288e-08,1.95078814959471e-07
"Os02g0831500",760.421004438221,-1.4465663503344,0.255937829469038,-5.65202242019247,1.58570901067413e-08,1.98619431435922e-07
"Os01g0974800",2200.24935066792,-0.973167545442724,0.17219327859678,-5.651600070416,1.5896109862818e-08,1.99022575849092e-07
"Os05g0389600",2163.93344875898,-1.7226455514653,0.304850014191277,-5.6507970191021,1.59705589989024e-08,1.99868766293956e-07
"Os11g0666000",36.586657894991,-8.38621101364956,1.48460069048894,-5.64879907935892,1.61572560302399e-08,2.02118389223645e-07
"Os11g0184100",458.003113767152,-1.30700253387806,0.231408330622604,-5.64803579180392,1.62291394061494e-08,2.0284334668922e-07
"Os07g0642800",1022.94856077751,-1.2723841930512,0.225320379828878,-5.64700003620411,1.63271796238565e-08,2.0398117760873e-07
"Os12g0106300",1995.18679500422,-2.20658084242242,0.390796975314784,-5.64636110769547,1.63879444775698e-08,2.04564817434971e-07
"Os02g0164400",84.2420575921301,-3.94494732800255,0.698982127374223,-5.64384577731912,1.66293046575371e-08,2.07488693331961e-07
"Os11g0483900",775.090570758324,-1.52915328372667,0.27103689931196,-5.64186384809042,1.6821910347486e-08,2.09532794328267e-07
"Os12g0191400",158.241789874188,-3.29393308132145,0.584090597453437,-5.63942151385862,1.70622399802199e-08,2.12253973816302e-07
"Os01g0358400",19626.3945217615,-1.04392288419378,0.185122657707761,-5.63908760342963,1.7095355304358e-08,2.12484394867057e-07
"Os07g0573100",1467.52787551592,-1.33543725681799,0.236840145215257,-5.63855952547342,1.7147854501912e-08,2.12955146611805e-07
"Os01g0928100",4317.90428920189,-0.635627292443388,0.112772634125529,-5.63636113825149,1.73680961175501e-08,2.1559833552229e-07
"Os03g0787400",21.9765131647599,-7.13755022595081,1.26647904184973,-5.63574286671668,1.74305298894712e-08,2.162811638011e-07
"Os02g0186100",54.1067112788373,-7.84150181238992,1.39141904889061,-5.63561481973531,1.74434874371781e-08,2.1634976198701e-07
"Os03g0581100",440.95798576602,-1.5167224839182,0.269142448419963,-5.63538933684495,1.74663276274428e-08,2.16540822974197e-07
"Os02g0669700",490.985338892328,-1.77040414276302,0.314262226901641,-5.63352509850678,1.76562807730574e-08,2.18616585320143e-07
"Os05g0250700",142.095778811879,-1.85371019960861,0.329069882141647,-5.6331809752516,1.76915632356842e-08,2.18960350424817e-07
"Os05g0563000",819.920055681388,-2.94452853492684,0.522789500700539,-5.63234060932969,1.77780127380881e-08,2.19936825385982e-07
"Os12g0403800",2212.66635287485,-0.568208778766782,0.100900584025532,-5.63137254609944,1.78781071194468e-08,2.21065843101451e-07
"Os05g0239350",13.4253781523288,-7.99482655467778,1.42035473924448,-5.62875339081167,1.81516697523569e-08,2.24134438799111e-07
"Os10g0574400",60.1629723077756,-2.94663924158278,0.52349688513017,-5.62876174678687,1.8150790567239e-08,2.24134438799111e-07
"Os12g0420300",82.3342862768074,-3.28236047424359,0.583309559506927,-5.62713300467452,1.83229446747322e-08,2.26102031702353e-07
"Os04g0175400",50.6511925300409,-23.0796956099403,4.10277404580311,-5.62538793320814,1.8509153814902e-08,2.28303082336966e-07
"Os02g0252300",26.9821192915748,-6.46375997110339,1.1494156591387,-5.62351828053826,1.87106953009088e-08,2.3069130760079e-07
"Os06g0652600",2102.49872899767,-2.3658817924126,0.420847182294186,-5.62171232682454,1.8907392609688e-08,2.32722353161172e-07
"Os08g0524200",2903.60315073703,-1.17195424822523,0.208569079541613,-5.61902200844401,1.92041395441921e-08,2.36175233026167e-07
"Os10g0509900",57.7910330769668,-3.0588185650855,0.544402583573935,-5.61867018522347,1.92432790551848e-08,2.36556679039718e-07
"Os03g0257000",275.801253376536,-2.04444234191915,0.364082778512728,-5.61532284023612,1.96195582193319e-08,2.40775716166618e-07
"Os03g0246500",10640.3385277158,-1.01370092103534,0.180542279286775,-5.61475641628057,1.96839333530313e-08,2.41463987829393e-07
"Os07g0510200",1083.99119350338,-1.26347534718349,0.225095660172368,-5.61305955972662,1.98780140720505e-08,2.43332293319149e-07
"Os05g0567800",1958.14594658794,-0.937316228601069,0.167121951822127,-5.60857636224047,2.0399768708264e-08,2.49195496779389e-07
"Os02g0118900",40.4088749513519,-23.0112808618355,4.10360616671813,-5.60757536833484,2.051806728172e-08,2.5026998569094e-07
"Os03g0234900",427.280268381054,-3.03222611510404,0.540740754175519,-5.6075413064202,2.05221044512727e-08,2.5026998569094e-07
"Os07g0598300",799.91714364645,-1.57012798027137,0.280040148195534,-5.60679599117713,2.06106358304184e-08,2.51152339560079e-07
"Os11g0150450",207.49876870371,-1.5342118812711,0.273668800765745,-5.6060898318634,2.06948581232298e-08,2.52060082921246e-07
"Os02g0812700",205.154608514901,-2.4778939895952,0.442082080209288,-5.60505413026949,2.08189889783166e-08,2.53465968656579e-07
"Os12g0290100",2248.34377777519,-0.873882466881755,0.15596062947951,-5.60322479973424,2.10400058905692e-08,2.56049749914399e-07
"Os02g0529600",3034.64114353245,-0.870965901531412,0.155449087960935,-5.60290132902091,2.10793234044461e-08,2.56421076100367e-07
"Os12g0637400",63.6333431348713,-4.49571421139736,0.802626104990184,-5.60125590663706,2.12804295007667e-08,2.58651363907065e-07
"Os02g0258300",1019.76589377329,-1.63050905785692,0.291110157507838,-5.60100366066071,2.13114235915765e-08,2.58920015783851e-07
"Os06g0334600",1290.77886548619,-1.06271772188426,0.189743544432779,-5.60081095281083,2.13351316079326e-08,2.59099959418771e-07
"Os01g0823100",1461.83040936533,-1.56998367804885,0.280439141622989,-5.59830439133018,2.16458451046862e-08,2.62217263368832e-07
"Os02g0609500",380.74806686631,-7.3531680713356,1.31373825988773,-5.59713323106231,2.1792523618749e-08,2.63884354605076e-07
"Os02g0701900",775.26015517783,-0.843716533358235,0.150780104098525,-5.59567549314677,2.19764420108537e-08,2.65890296734558e-07
"Os10g0550775",15.858903521162,-8.15802733041754,1.45794120411885,-5.59558047153765,2.19884827675747e-08,2.65925496327787e-07
"Os05g0389900",29.4525534305999,-4.79095450837644,0.856493965263734,-5.59368157007528,2.22304510004471e-08,2.6862871121785e-07
"Os03g0160600",231.985800483312,-2.47803305082972,0.443350692567009,-5.58932937824425,2.27948216545951e-08,2.75220064769949e-07
"Os06g0140700",1112.76188175071,-1.71969958925986,0.30786910278822,-5.58581414531495,2.32607895500415e-08,2.80613385781404e-07
"Os04g0678300",951.355788867135,-1.7815852605134,0.31902885425813,-5.58440165124343,2.34506176382094e-08,2.82786288554838e-07
"Os02g0597700",278.380503029557,-2.26921879902756,0.406517005188818,-5.58210055191555,2.37630917698371e-08,2.86317235631443e-07
"Os10g0397400",25898.3006753518,-1.53988546363034,0.276026963774459,-5.57875014300624,2.42252916568557e-08,2.91644871281915e-07
"Os02g0131050",296.758233124022,-1.89046867556758,0.339149744048376,-5.5741415370136,2.48753437084743e-08,2.99170124914307e-07
"Os04g0643300",3229.40907809333,-1.12087400010316,0.201086072439302,-5.57410061525518,2.48811909395801e-08,2.99170124914307e-07
"Os08g0417000",1119.50772394587,-1.50438605953756,0.270036727562071,-5.57104240271081,2.53219684312452e-08,3.03967998621073e-07
"Os01g0283100",9678.40162606723,-0.839927327488905,0.150801458957702,-5.56975597778862,2.55096355931531e-08,3.05968536962028e-07
"Os01g0875700",1863.06030722328,-1.53716120472706,0.276173765365064,-5.56592043670456,2.60772215699208e-08,3.12261861249684e-07
"Os02g0628200",1760.56829741477,-2.21831995216012,0.398686609978887,-5.5640693633468,2.63555106162567e-08,3.15334913790727e-07
"Os10g0389500",317.750204139868,-2.00403554417425,0.360236479604446,-5.5631110607531,2.65007111699313e-08,3.16551973211952e-07
"Os12g0112000",752.289735655135,-2.22517625230848,0.400026012476049,-5.56257888964587,2.65816798583646e-08,3.173889630321e-07
"Os12g0510900",1346.62838775594,-2.33429671567758,0.419742523956343,-5.56125858699123,2.67835990602833e-08,3.19407031872879e-07
"Os08g0497300",1809.08739942693,-1.65996694001904,0.29850397339505,-5.56095425176196,2.68303529211965e-08,3.19833621682802e-07
"Os09g0462550",456.580228933383,-1.66809237737962,0.299987502744396,-5.56053956287945,2.68941874912813e-08,3.20463391211577e-07
"Os01g0164800",782.521874757876,-1.66832733514288,0.300041484739196,-5.56032222208549,2.69277023877214e-08,3.20731512856942e-07
"Os06g0656000",111.677217138418,-2.30506803250043,0.41470486885936,-5.55833366229937,2.72362346693626e-08,3.24273763712664e-07
"Os12g0638100",797.826717272482,-1.95011421858984,0.350957341807932,-5.55655627132334,2.75149045015191e-08,3.27323957881225e-07
"Os03g0108800",2115.31499652847,-1.25778499310025,0.226373640459276,-5.55623433253273,2.75656750481073e-08,3.27794033789703e-07
"Os01g0901000",3513.26535934035,-1.00284252424646,0.180527826298711,-5.55505788114408,2.77519785331566e-08,3.29471308129876e-07
"Os07g0560300",560.444036252497,-1.74177322314534,0.313592365830821,-5.55425900924196,2.78791842238384e-08,3.30846618975804e-07
"Os05g0498500",1075.8756026949,-1.45060543209248,0.261193757967879,-5.55375229246816,2.79601626160048e-08,3.31672446314986e-07
"Os03g0648250",48.2207596293173,-6.88230993925451,1.23964433188507,-5.55184238110369,2.8267441797996e-08,3.35180960928844e-07
"Os05g0415400",37.9177373075487,-6.25806751625822,1.1284922534046,-5.54551216224832,2.9309496060487e-08,3.46831021647096e-07
"Os08g0414200",191.307339864586,-2.19746816091874,0.396594953943396,-5.54083741880483,3.01028603166202e-08,3.55875667223762e-07
"Os07g0148800",3998.56593625978,-1.43655292653438,0.259275894152384,-5.5406343548856,3.01377909075072e-08,3.56053852660619e-07
"Os06g0613500",140.315740504684,-2.31266033352942,0.4176754677454,-5.53697909530835,3.07733265328361e-08,3.63120265514284e-07
"Os02g0278200",18.8288030369051,-8.04647930250242,1.45331690263923,-5.53663092192073,3.08345368097827e-08,3.63656996559086e-07
"Os12g0563200",491.552265084614,-1.61169622348487,0.291099686219697,-5.53657836054314,3.08437875661336e-08,3.63656996559086e-07
"Os12g0222800",13.4511636566132,-8.14284333585465,1.47164175838612,-5.53316952950866,3.14495230929005e-08,3.70199277086277e-07
"Os08g0470200",861.31121133459,-1.88260797755388,0.340297567495338,-5.53224047826811,3.1616602941619e-08,3.71865392110593e-07
"Os08g0531100",2206.35728014726,-2.46750004141351,0.446113624881797,-5.53110217619402,3.18224884005457e-08,3.7413585272535e-07
"Os05g0361700",649.377626363674,-3.2314008482211,0.584249154644422,-5.53086097349641,3.18662815909612e-08,3.74499536921699e-07
"Os12g0601400",6696.4867668879,-1.97540367545957,0.35733325780484,-5.52818309606784,3.23564263779694e-08,3.79953164910978e-07
"Os01g0763900",697.018311192084,-2.53072904590138,0.457860491067845,-5.52729290967886,3.25209752027945e-08,3.81577695348824e-07
"Os02g0220600",6904.07736132741,-1.03629259868942,0.187565626102946,-5.52496009114507,3.29560514690696e-08,3.86526834829741e-07
"Os01g0756200",1092.36294691972,-2.3472267832985,0.424872403689271,-5.52454516442337,3.30340254776968e-08,3.87285382432161e-07
"Os03g0210500",1083.86875317552,-2.05026236011728,0.371143325583022,-5.52417952524557,3.31028855635967e-08,3.87936512427792e-07
"Os03g0301800",2486.72792852882,-1.93718510621059,0.350736642410477,-5.5231899721029,3.32899451627665e-08,3.8997175504026e-07
"Os06g0163200",2838.55334032505,-1.03353954165955,0.18714041765983,-5.52280236724835,3.33634949422926e-08,3.90676196103517e-07
"Os09g0561000",186.208762802505,-1.37953409444845,0.249844253637242,-5.52157623945772,3.35971977011785e-08,3.93254658944421e-07
"Os09g0487200",80.9979052859583,-2.78172878958493,0.504048240516801,-5.51877492267966,3.41371087937237e-08,3.98772917084164e-07
"Os02g0123100",1284.84970851382,-1.4564532423584,0.264138437395083,-5.51397690060504,3.50814663672558e-08,4.09147962974459e-07
"Os02g0138000",711.11281489495,-2.5820959645004,0.46908034182349,-5.50459214398717,3.70023891376983e-08,4.31033430587219e-07
"Os11g0689650",276.447409283039,-1.20948614023298,0.219773164233773,-5.50333861028842,3.72665677636639e-08,4.33763783538537e-07
"Os09g0481100",1353.96089680548,-2.1819949067808,0.396663397524187,-5.50087283172567,3.77915717324997e-08,4.39347765267008e-07
"Os07g0501800",890.435580849567,-1.8223967587097,0.331442800344727,-5.49837485326053,3.83307426784109e-08,4.44905495528371e-07
"Os02g0700100",9835.18057065453,-1.85925559211814,0.338178974180958,-5.49784502901492,3.84460566302094e-08,4.46066159834645e-07
"Os06g0560400",1054.44670119738,-0.851913836194846,0.154985273568154,-5.49674053915981,3.86875267049567e-08,4.48689029351553e-07
"Os10g0573800",3713.55996581784,-0.914828311990456,0.166435234440344,-5.49660241755097,3.87178269281522e-08,4.48861686226771e-07
"Os04g0692100",2055.4432697834,-0.838667940973583,0.152764774863485,-5.48993013424097,4.02092761255962e-08,4.65041516810807e-07
"Os05g0500200",1029.88600203729,-1.56590695749,0.285253373628616,-5.48953001877103,4.03004624034431e-08,4.65911102069499e-07
"Os08g0508100",846.892528387134,-1.41339366222535,0.257536888182834,-5.48812122487841,4.06231250961763e-08,4.69268801686174e-07
"Os09g0463300",662.130016383472,-2.092643056847,0.381421381217614,-5.48643353491785,4.10129634296972e-08,4.73247346491124e-07
"Os01g0141700",1318.76259074413,-0.897716942291201,0.16369840510583,-5.48396877606004,4.15888207747955e-08,4.79473332780521e-07
"Os01g0122000",21.1036255516396,-8.22127837642038,1.49960130640695,-5.48230942537561,4.19809129652216e-08,4.83610817790025e-07
"Os03g0141700",274.419737670664,-1.3196272970854,0.240736160794627,-5.4816330572422,4.21417598550567e-08,4.85079972529233e-07
"Os11g0496600",985.33934914107,-1.28099610093715,0.233708405105614,-5.48117257639177,4.22516083735769e-08,4.86152247750022e-07
"Os05g0573900",343.924763120587,-2.60252166625763,0.474849998957218,-5.48072374849496,4.23589442103228e-08,4.87194776182077e-07
"Os08g0190700",819.390848587453,-1.59476617546273,0.29113707982673,-5.47771577708979,4.30851451265667e-08,4.95156115381166e-07
"Os11g0666200",766.220397591944,-5.44900455718165,0.995683945378353,-5.47262470432931,4.43418517197042e-08,5.09196926569884e-07
"Os04g0582000",312.31655448464,-1.15457619409711,0.211001279582227,-5.47189190692646,4.45256398522107e-08,5.1110590610015e-07
"Os05g0535900",3993.16034719323,-1.13517142379261,0.207527315207735,-5.46998559036099,4.50072169554035e-08,5.15820610852129e-07
"Os01g0228901",1073.00337612708,-1.67749870002743,0.306713170791738,-5.46927507448472,4.51879973706607e-08,5.17485198359568e-07
"Os09g0459900",281.893460429754,-2.58842195486175,0.473407951901501,-5.46763514314671,4.56079456076971e-08,5.21883926124697e-07
"Os10g0183900",1954.88242824977,-0.741734158636512,0.135711943164046,-5.46550392945089,4.61593565432032e-08,5.27778869749181e-07
"Os04g0476400",856.578509821788,-1.84926675300923,0.338472737954677,-5.46356189329746,4.66674452419931e-08,5.33378861984821e-07
"Os07g0283200",1492.58483039539,-0.974085361734615,0.178334295675943,-5.4621314315484,4.70451555075294e-08,5.37484903370055e-07
"Os06g0634700",15.0343885721715,-8.25642464647954,1.51174911187136,-5.46150454572391,4.72116157060424e-08,5.39175165722105e-07
"Os02g0567900",9289.84961548711,-0.823419575497463,0.150893076595109,-5.45697386571913,4.84317604904859e-08,5.52027291195276e-07
"Os08g0505900",444.030844859147,-2.47287553985663,0.453177734513856,-5.45674544780844,4.84940776925259e-08,5.52521334335579e-07
"Os03g0233900",20481.7743454818,-2.6294477253442,0.48214216783226,-5.45367715328937,4.93387446992466e-08,5.61345719537071e-07
"Os01g0330100",372.751264822891,-2.3126960264098,0.424086243712641,-5.45336251929188,4.94261617254943e-08,5.61822280159971e-07
"Os01g0929200",1201.91199669211,-1.5532810839967,0.284883644546218,-5.45233506286706,4.97126741886283e-08,5.64858563293497e-07
"Os04g0368800",60.1836884752449,-3.92524955418245,0.720238949642854,-5.44992680016662,5.0390555912038e-08,5.71891570253457e-07
"Os02g0816500",2391.66821100765,-0.952155513284503,0.17486126865491,-5.44520533682957,5.17456577190913e-08,5.86356826496255e-07
"Os02g0710700",194.039199897049,-2.09569088563283,0.384947549914181,-5.44409462042305,5.20695381736392e-08,5.89568075697015e-07
"Os09g0402300",822.259016670707,-1.30916299797092,0.241103410474133,-5.42988170675991,5.639141779565e-08,6.37264597999581e-07
"Os07g0606900",1952.73454085466,-1.55180470424559,0.285849681844511,-5.42874385667395,5.6752064193893e-08,6.40431315557333e-07
"Os08g0420600",1074.90827816232,-1.91493938782683,0.352735601860973,-5.42882367905008,5.67266914256741e-08,6.40431315557333e-07
"Os02g0208900",5083.02353202448,-0.669921044908546,0.123440257538556,-5.42708722637991,5.72811389680621e-08,6.46065580568514e-07
"Os02g0603600",2108.57877164153,-1.10804506886457,0.20419043199549,-5.42652786438618,5.74608582962775e-08,6.4784170162764e-07
"Os03g0599000",2983.57771927057,-0.981621374121785,0.180995634172162,-5.42345332588559,5.84584848507018e-08,6.5807445478247e-07
"Os06g0143400",1148.01905124034,-1.61793849570195,0.298326422383768,-5.42338316121605,5.84814466374917e-08,6.5807445478247e-07
"Os07g0499500",1690.3304236897,-1.94991178234923,0.359537478864852,-5.42338948502832,5.84793767757096e-08,6.5807445478247e-07
"Os02g0530100",15182.3830964958,-1.44366708271516,0.266488332169714,-5.41737445298641,6.04805894234803e-08,6.79257896332662e-07
"Os09g0550300",36.6430565342791,-9.73111539853466,1.79713228978354,-5.41480193408952,6.13565859901092e-08,6.87770014320231e-07
"Os04g0684800",1327.68869589053,-1.73776587198518,0.321069685018841,-5.41242587846064,6.21765948902946e-08,6.96157937868189e-07
"Os01g0738300",999.661278340555,-1.86203212790689,0.344102456113447,-5.41127241269385,6.25784901817874e-08,7.00388466976946e-07
"Os09g0565600",1344.52331957571,-1.27321201495526,0.235602267432882,-5.4040736909205,6.51441604269406e-08,7.2826419959822e-07
"Os01g0276000",20704.9723967413,-1.56899378905764,0.290344438601988,-5.40390508808215,6.52054564189773e-08,7.28669724418057e-07
"Os12g0109850",104.306254979104,-4.95645417111558,0.917438930659154,-5.40248947965889,6.57223131985638e-08,7.33882363868318e-07
"Os02g0730400",840.321360980623,-1.83953158775846,0.34061518760982,-5.40061528279729,6.64127157061376e-08,7.41023412564804e-07
"Os01g0703300",389.997056142341,-2.17782052747559,0.403488474467119,-5.39747890036215,6.75838187058485e-08,7.53224633888909e-07
"Os11g0247000",2861.10527615156,-0.717823080073276,0.133005966870604,-5.39692388967496,6.77931285133506e-08,7.55268358288369e-07
"Os01g0514000",4219.15698728868,-0.697639040472539,0.129273334247393,-5.39661984069703,6.79080598446921e-08,7.56259471815343e-07
"Os01g0864700",1904.64615321841,-1.29947955357497,0.240828067683099,-5.39588082932647,6.81881955964524e-08,7.58709321680329e-07
"Os12g0484900",821.207019377619,-2.19436041316537,0.406951811323445,-5.3921873600442,6.96051353867996e-08,7.73679676616175e-07
"Os08g0486233",125.515242262143,-1.64244831442239,0.304694624896377,-5.39047354373567,7.02722611252688e-08,7.79655278419208e-07
"Os01g0897700",2256.3284539007,-1.41021148334549,0.261786291045277,-5.38688056473358,7.16910388635681e-08,7.94137099195447e-07
"Os01g0949400",540.793234274925,-1.02523972926956,0.190389407958629,-5.38496201160696,7.24599504884371e-08,8.02349307271584e-07
"Os09g0422500",7533.5022981535,-2.58123195413969,0.479537133838381,-5.38275718812141,7.33534586877347e-08,8.11934406653064e-07
"Os02g0170900",419.675929057179,-1.76366560303962,0.327760588369479,-5.38095691069322,7.40909294111227e-08,8.1978573188097e-07
"Os02g0457300",9.56455354234326,-19.9321700027543,3.70635055952506,-5.37784261975166,7.53836656374312e-08,8.33772544889202e-07
"Os10g0525400",135.27007329052,-2.90593109163262,0.540532219126946,-5.37605528182243,7.61354244258127e-08,8.41128918865143e-07
"Os02g0197900",1326.56592151634,-0.833426029819875,0.155038228576848,-5.37561630747586,7.63211657840924e-08,8.42861202110102e-07
"Os12g0554800",828.176901815371,-1.92167448474409,0.357561844888712,-5.37438351494746,7.68451419361871e-08,8.48004631855112e-07
"Os07g0630900",2091.56359636171,-0.57565011346178,0.107119344423194,-5.37391370869086,7.7045739995383e-08,8.49574418835874e-07
"Os03g0683700",4189.77574221909,-1.09898876571909,0.204553763861335,-5.37261571223928,7.76025986807634e-08,8.55067301846837e-07
"Os01g0616300",1516.04211766402,-1.98769400340033,0.370212195544059,-5.36906678743859,7.91451081836912e-08,8.71040991059318e-07
"Os04g0662800",3611.45204115063,-0.654776663058228,0.121954922090464,-5.36900562793624,7.91719491564458e-08,8.71040991059318e-07
"Os03g0385100",62.6664574664526,-4.54275589339805,0.846129990873255,-5.3688628726062,7.92346342654305e-08,8.7140144224995e-07
"Os03g0767600",1286.61776379279,-2.13656625831548,0.398227280663122,-5.3651930996734,8.08626629624452e-08,8.88634894638615e-07
"Os04g0670100",345.624278233504,-2.31530604437716,0.431557934615309,-5.36499472878658,8.09515833405113e-08,8.8927650322232e-07
"Os01g0525701",170.797398623631,-1.79385125956466,0.334404979165494,-5.36430786419869,8.12602046998803e-08,8.92330196557283e-07
"Os06g0506200",2195.24899068678,-2.18180131806005,0.406837775056883,-5.36282875343863,8.19286707320604e-08,8.99331605374694e-07
"Os04g0653100",1923.66801938991,-0.833288359950223,0.155441751130054,-5.36077568537577,8.28653614287427e-08,9.09270932753521e-07
"Os03g0562400",12.4638572785735,-7.70088029083962,1.43704059955573,-5.35884671123448,8.37548788310083e-08,9.17648450457721e-07
"Os12g0637200",620.596139531644,-3.35684196934473,0.626570570218722,-5.35748426258342,8.4388715622422e-08,9.24245271288519e-07
"Os06g0207500",671.581671919755,-1.21308507433758,0.226463596307593,-5.35664492711628,8.47814996646101e-08,9.28198057606307e-07
"Os03g0857500",705.056349616704,-2.16833052615995,0.404859374268434,-5.35576218304946,8.51965073985809e-08,9.32040829624896e-07
"Os03g0269700",45.3944399562984,-3.97791222474763,0.743112169487244,-5.35304411377415,8.64867535148353e-08,9.45445659106244e-07
"Os02g0149700",360.875492990356,-1.775086588186,0.331738359770818,-5.35086322067883,8.75356672861997e-08,9.55835659058384e-07
"Os05g0412500",171.785604725083,-2.12584512422237,0.397344915842457,-5.35012539348871,8.78933101153293e-08,9.59021722434852e-07
"Os11g0568300",638.114646207272,-2.01604190860486,0.376884814033079,-5.34922563483258,8.83313599365826e-08,9.63201615465995e-07
"Os05g0498800",1578.13588701526,-0.547558723973614,0.102398827667681,-5.34731438284262,8.92688828152406e-08,9.72209575671442e-07
"Os05g0372900",230.361146731018,-3.07700708366652,0.575472752276553,-5.3469205474872,8.94632637340287e-08,9.73878512602893e-07
"Os10g0114400",758.937620275487,-1.27050197604006,0.237616090290631,-5.34686844853852,8.94890083004375e-08,9.73878512602893e-07
"Os08g0524000",3375.81959510038,-0.865666944747007,0.161917027565669,-5.3463613911509,8.97399443535137e-08,9.76244549668668e-07
"Os07g0205500",732.513259823338,-1.61853088770422,0.302786084422714,-5.34545995001743,9.01877388581815e-08,9.8074956349065e-07
"Os11g0655700",105.445707856314,-2.6107552215059,0.488575248724064,-5.34360925635099,9.11138681781792e-08,9.90081369061543e-07
"Os11g0579200",15.2549687585007,-8.07722002545448,1.51321616518759,-5.33778333279512,9.40898000093466e-08,1.02051514185184e-06
"Os12g0138166",168.969878384004,-2.03158347955793,0.380600770184333,-5.33783333799874,9.40638610160834e-08,1.02051514185184e-06
"Os01g0805800",2492.23456274626,-0.547736606671108,0.102628077204419,-5.33710288248025,9.44434561470849e-08,1.02396959416061e-06
"Os09g0383300",1377.70209544434,-2.11576627945888,0.396477656144534,-5.33640735277043,9.48062794308551e-08,1.02752082976753e-06
"Os01g0171000",2305.00470221718,-1.18585175095617,0.22223596810654,-5.33600281295453,9.50179280014916e-08,1.02943158454592e-06
"Os01g0799500",1527.49426822196,-2.29891542897049,0.430928481275676,-5.33479574653552,9.56521673366082e-08,1.03553249709171e-06
"Os12g0173366",600.204978026136,-1.52803794770989,0.286447276948522,-5.33444745569878,9.5835933371508e-08,1.03713639971946e-06
"Os02g0645100",1756.03402828195,-1.29014004078386,0.241874994028876,-5.33391244499562,9.61188828651483e-08,1.0398120753339e-06
"Os06g0126500",3627.62254799043,-1.5659805951413,0.293610748428874,-5.33352611755852,9.63237013163363e-08,1.04164085768078e-06
"Os01g0134500",4453.04675764346,-1.69224058746033,0.317346362676364,-5.33247198168176,9.68847219473833e-08,1.04693019389673e-06
"Os01g0525700",617.278952113535,-2.08103737622061,0.390372323075069,-5.33090399398123,9.77250748888443e-08,1.054836779434e-06
"Os03g0635100",415.622687888621,-1.33111447070624,0.249742059568829,-5.32995712858442,9.8235953592618e-08,1.05956571871267e-06
"Os06g0671900",13763.1710605827,-0.633760421629355,0.118924072760411,-5.32911804077002,9.86908410047882e-08,1.06407799768287e-06
"Os07g0572800",4240.88419005623,-0.868629251476424,0.16300781151962,-5.32875844033937,9.88864116102117e-08,1.06579203512679e-06
"Os09g0490400",4318.01823538153,-2.72907463751638,0.512289721813957,-5.3272094311263,9.97331453782942e-08,1.07372593704498e-06
"Os07g0102200",293.751868514047,-1.68923886467165,0.317113526750179,-5.32692150342244,9.98913066902505e-08,1.07463916537011e-06
"Os07g0112100",56.8437377666998,-2.6897171985185,0.504929089968416,-5.32692065471362,9.9891773252417e-08,1.07463916537011e-06
"Os01g0694900",2772.03206162691,-0.894276875450593,0.167958887712543,-5.32437960044796,1.01298170071719e-07,1.0885628445862e-06
"Os11g0227250",15.8977514029699,-8.21436425062148,1.54300135089739,-5.32362738752244,1.01718160817646e-07,1.09227001450277e-06
"Os07g0679500",636.091682458431,-1.77388013139945,0.333272583557622,-5.32261043636896,1.02288646043865e-07,1.09799113530757e-06
"Os10g0561600",45.4576182822235,-5.12643433230554,0.963397566360561,-5.32120332384867,1.03083111943738e-07,1.10570400958583e-06
"Os03g0642300",296.934714588638,-2.53678813749532,0.476768094202696,-5.32080096873431,1.03311380436709e-07,1.10733677625243e-06
"Os08g0101600",2112.3545737323,-0.938354482963541,0.176495615899928,-5.31658805335756,1.05731068497789e-07,1.13119036619861e-06
"Os04g0545100",631.260694690785,-1.74637011944165,0.328490701857319,-5.3163456669169,1.058719392261e-07,1.13228153292049e-06
"Os05g0586400",1249.71104821914,-1.33940994253719,0.252023676124687,-5.31461949580692,1.06880425811821e-07,1.14222816898784e-06
"Os11g0180600",1066.01784874975,-1.6043687174724,0.301891863482753,-5.31438210677069,1.07019841521128e-07,1.14329854173819e-06
"Os05g0513500",634.383205497173,-1.32815963539667,0.249937647375023,-5.31396389997946,1.07265877572373e-07,1.14550674245055e-06
"Os02g0109100",5377.84608000019,-1.37040157608344,0.257911340698763,-5.31345993693255,1.07563092417972e-07,1.1482596691335e-06
"Os02g0161601",21.0485115144787,-8.40057257473499,1.5812301650624,-5.31268170842382,1.08023623018021e-07,1.15275337102631e-06
"Os03g0718100",30795.5476436533,-1.58131947938682,0.297929115424202,-5.30770373729763,1.11014887836348e-07,1.18250752142287e-06
"Os09g0532500",156.419476405554,-1.88217952135473,0.354738882739858,-5.30581679351736,1.12169574996693e-07,1.19219064345026e-06
"Os05g0255800",365.070463384802,-2.24614248437258,0.423782163680758,-5.30022893097652,1.15657564840822e-07,1.22747070090904e-06
"Os03g0646100",1078.47308477133,-1.21553516972424,0.229388084062051,-5.29903362109879,1.16417198074469e-07,1.23508256550991e-06
"Os05g0123100",2549.44275367582,-1.82942607389257,0.345414846729531,-5.29631569463214,1.18162484018126e-07,1.25268578797811e-06
"Os02g0718100",3990.74132200407,-2.82877126489859,0.53423119256512,-5.29503200911238,1.18995564972381e-07,1.26059979742658e-06
"Os08g0160500",6589.22035483608,-1.31844761918532,0.249128457263358,-5.29224013052659,1.20827094195936e-07,1.27860706292662e-06
"Os03g0171300",839.518524523865,-3.51027348864967,0.663338465112647,-5.29182864143656,1.21099335258088e-07,1.28102246327135e-06
"Os06g0196600",5536.52694970997,-1.5510918645547,0.293126507020356,-5.29154418793992,1.21287876453143e-07,1.28245199220263e-06
"Os08g0546500",38.9609741260215,-2.68662618162196,0.507725650806389,-5.29149192552111,1.21322547851049e-07,1.28245199220263e-06
"Os01g0243700",4107.1314663964,-1.89062183019646,0.357310330301634,-5.29125992131389,1.2147657751247e-07,1.2836142562838e-06
"Os01g0926600",2568.07750586295,-0.760632390839067,0.143790532002296,-5.28986422295815,1.22407194746811e-07,1.29297871796033e-06
"Os05g0467000",1752.37916557793,-1.4304041936988,0.270448776590066,-5.28900227146132,1.22985364203306e-07,1.29814417409521e-06
"Os02g0207500",138.939105728869,-3.05763705786889,0.578122886251207,-5.28890505908856,1.23050736709424e-07,1.29836360668545e-06
"Os01g0646300",285.280929544354,-2.00897477051281,0.379972294344156,-5.28716119679296,1.24229160534572e-07,1.30984852030695e-06
"Os08g0560300",1119.22736569429,-1.74307790556439,0.329700907031233,-5.286845951562,1.24443351240457e-07,1.31163202129012e-06
"Os03g0597800",58.9172869249247,-3.78781481078444,0.716647521952227,-5.28546418533063,1.25386403295401e-07,1.32061585416588e-06
"Os05g0135500",8080.46073184041,-2.92696613590236,0.553843211512954,-5.28482804349386,1.25822889376115e-07,1.32425521662856e-06
"Os01g0795400",1902.83885758656,-3.01919030639993,0.571318086762786,-5.28460480484231,1.25976411825257e-07,1.32539200331472e-06
"Os11g0513900",141.813835125018,-11.2854694877655,2.13648067362011,-5.28227080502587,1.27592407446334e-07,1.34190902479311e-06
"Os04g0422300",64.2662366506237,-4.25132014340023,0.805071151305209,-5.28067629365162,1.28707913285056e-07,1.35217599231147e-06
"Os02g0708100",7000.49838959215,-0.411212707258069,0.0778783339308386,-5.2801939448686,1.29047214892784e-07,1.35525171010013e-06
"Os08g0244100",996.858625092672,-0.809927741545624,0.153462332555723,-5.27769732192448,1.3081730717003e-07,1.37334593345552e-06
"Os05g0594700",1366.08873769178,-1.17937517389001,0.22348845796245,-5.27711893778499,1.31230717049137e-07,1.3771895286144e-06
"Os05g0140100",1797.46870388927,-1.93382893360978,0.366506621049597,-5.27638198751145,1.31759296173306e-07,1.38223855301118e-06
"Os08g0509600",873.800557126099,-1.7261736880918,0.327178828768987,-5.27593333158672,1.32082103581375e-07,1.38512604267079e-06
"Os02g0450000",1146.471786139,-1.68457385543349,0.31945297945625,-5.27330769711665,1.33986640124018e-07,1.40331954382929e-06
"Os01g0264600",124.113477418282,-2.64062318461579,0.500997741062391,-5.2707287242777,1.35883177555364e-07,1.42242627489839e-06
"Os02g0510600",643.193544595705,-1.92316169694691,0.365047589911861,-5.2682492641884,1.37731003461825e-07,1.44021625953869e-06
"Os02g0581800",370.317179310665,-3.13791865175479,0.595811607773239,-5.2666289323941,1.3895166840254e-07,1.45245889706345e-06
"Os11g0688200",15.4515267587473,-7.80294040038627,1.48180498275369,-5.26583490486434,1.39553657136091e-07,1.45818944049208e-06
"Os10g0467800",6785.20764429618,-2.26828602269744,0.430768430263766,-5.26567376654909,1.39676131038939e-07,1.45846120047185e-06
"Os11g0181400",1996.1738706958,-1.82881104316876,0.347465171219895,-5.26329311438062,1.41497716104028e-07,1.47642296251576e-06
"Os03g0816500",424.688193759813,-1.50987845156223,0.286878322387863,-5.26313190552214,1.41621894232373e-07,1.47718939965443e-06
"Os11g0247300",137377.501793225,-1.3075790587302,0.248465599569197,-5.26261607642006,1.42019942666635e-07,1.48081087373352e-06
"Os05g0310800",5445.94102930484,-0.700799133614055,0.133175981511486,-5.26220363206871,1.42338990789995e-07,1.48360633134797e-06
"Os07g0515700",15.3978583862354,-7.66665282175076,1.45743032375362,-5.26039063192074,1.43749685263203e-07,1.49670301545763e-06
"Os03g0215700",836.200429115387,-1.17417851120206,0.223214651007768,-5.26031112160821,1.43811860715829e-07,1.49681522793651e-06
"Os03g0789900",745.017608986825,-0.667604671555149,0.126941572984335,-5.25914919643808,1.44723435440167e-07,1.50468971327688e-06
"Os06g0137100",1859.39699414649,-1.28305365373685,0.244015718288781,-5.25807789241845,1.45568864422913e-07,1.51293949668953e-06
"Os01g0270300",4105.54627844863,-1.46199155666726,0.278061117983864,-5.25780651127246,1.45783784336467e-07,1.51463266765844e-06
"Os04g0605500",1452.82903569312,-1.03447132600974,0.19675460132235,-5.25767285266652,1.45889747844991e-07,1.5151930230891e-06
"Os05g0525800",457.421516352676,-4.15270697275019,0.789889780632502,-5.2573245971418,1.46166192156467e-07,1.51752294045656e-06
"Os02g0813800",778.121174252711,-1.18059415311338,0.224661140921211,-5.25499936603375,1.48024981250385e-07,1.53524362115597e-06
"Os10g0518000",456.282514656876,-1.98626974275308,0.377977715785936,-5.25499165638111,1.48031182206097e-07,1.53524362115597e-06
"Os08g0542300",599.383227131682,-1.73635647998288,0.330499613615428,-5.25373225399083,1.49047512613833e-07,1.54468386560144e-06
"Os06g0304700",408.485059270808,-2.80334597855666,0.533693140820477,-5.25273001306878,1.4986113417168e-07,1.55256348251428e-06
"Os06g0715100",2716.18462815744,-1.05802802849869,0.201525613116581,-5.25009209567139,1.52023185848865e-07,1.57405051745272e-06
"Os07g0616000",3875.67546652783,-0.589981291413728,0.112497725861053,-5.24438415886217,1.56805185861633e-07,1.61887129800518e-06
"Os02g0662700",1415.31544230174,-1.06827503982196,0.20376260625062,-5.24274330545235,1.58206567100362e-07,1.63205513535131e-06
"Os01g0233500",384.732124961113,-1.85746282843048,0.354559909099205,-5.23878413989204,1.61637964482021e-07,1.66450523396232e-06
"Os01g0195400",2098.21293346761,-2.37846448411838,0.454142541137975,-5.23726422580563,1.62974294268919e-07,1.67648795397367e-06
"Os04g0382900",231.834871710942,-5.181293430242,0.989986318629697,-5.23370205500795,1.66148195316198e-07,1.70732806774817e-06
"Os05g0102800",2742.03133412041,-0.799696587569757,0.152856710398333,-5.23167471997668,1.67981155012854e-07,1.72494611998742e-06
"Os02g0627100",3483.89099917546,-1.7294768517684,0.330586474790385,-5.23154146843125,1.681023131075e-07,1.72497377107703e-06
"Os05g0141100",118.658417283647,-1.83235800652836,0.350248681669344,-5.23159144467019,1.68056862640992e-07,1.72497377107703e-06
"Os07g0607500",177.197828605543,-1.81654487790559,0.347307704154336,-5.23036159629318,1.69178796749916e-07,1.73540856602714e-06
"Os03g0308200",2952.18769899397,-1.37291559430769,0.262521269443446,-5.22973089844611,1.69756959074366e-07,1.74072611343792e-06
"Os01g0938600",2886.76000219482,-1.14457768916145,0.218868393464733,-5.22952478904125,1.69946313907572e-07,1.74201576388807e-06
"Os02g0700600",10442.4847806963,-1.04917789242037,0.200628195889423,-5.22946382371215,1.70002362508409e-07,1.74201576388807e-06
"Os01g0102000",500.922948380677,-1.20593273930867,0.23065102125882,-5.2283867321596,1.70995540980477e-07,1.75096066963202e-06
"Os07g0572400",252.959858169935,-2.10615027715153,0.402935344899323,-5.22701794174391,1.72265789848585e-07,1.76210900315086e-06
"Os05g0170000",929.518738841341,-1.30218472036314,0.249139818427574,-5.22672260332278,1.72541060490775e-07,1.76368577171371e-06
"Os04g0116900",143.200073936298,-2.09298877093052,0.400563308460829,-5.22511355064663,1.74048266747151e-07,1.77784413336041e-06
"Os01g0152900",4011.2234350193,-1.29286648324778,0.247555833431224,-5.22252481522299,1.7649989554932e-07,1.80225454354393e-06
"Os10g0337500",1628.42456903333,-1.56594962769462,0.29995258833214,-5.22065715919289,1.78289332447963e-07,1.81925085478262e-06
"Os05g0394200",1481.45384329899,-1.95188298385451,0.374185942383038,-5.21634503804116,1.82488106544718e-07,1.86013953055488e-06
"Os09g0371100",211.987047052456,-4.11179225259854,0.788270412766525,-5.21622045684518,1.82610822705344e-07,1.86073911085551e-06
"Os11g0696200",8873.89751074243,-1.6419438371924,0.314806949229104,-5.21571662002118,1.8310793106972e-07,1.86515186030513e-06
"Os02g0272300",262.077416571318,-1.75293054742046,0.336184365929849,-5.21419412997405,1.84618051098832e-07,1.8792194631598e-06
"Os06g0251700",4326.61231475487,-0.558729388869116,0.107171445942329,-5.21341653979158,1.85393961039488e-07,1.88514068903351e-06
"Os12g0298600",2495.99227826606,-1.05938083281608,0.203201497518967,-5.21344992901539,1.85360579288629e-07,1.88514068903351e-06
"Os07g0626500",3766.73015503083,-1.07970448968528,0.207144830416978,-5.21231684861195,1.86496659512515e-07,1.89569135020017e-06
"Os01g0144000",2875.44249996033,-0.99909119019265,0.191730151346532,-5.21092370279779,1.87902721299339e-07,1.90865122067644e-06
"Os09g0274800",14.4007081988832,-7.38221250121637,1.41681213934815,-5.21043848806433,1.88394836218663e-07,1.91298271281726e-06
"Os02g0170100",14249.2974350375,-1.63867237129724,0.314527455614457,-5.20995017142763,1.88891354860546e-07,1.91735588576118e-06
"Os08g0143300",238.419008152037,-3.59636240261301,0.690296328334952,-5.20988198110182,1.88960791116696e-07,1.91739238986078e-06
"Os03g0226300",45.24535814929,-2.91312592390453,0.559428164132108,-5.20732796573431,1.91579313537522e-07,1.94125705248425e-06
"Os10g0469900",346.751142681211,-2.31928145985395,0.445453877047981,-5.20655802846259,1.92375553984272e-07,1.94864726369738e-06
"Os01g0514600",1175.44453042942,-1.85303221101424,0.356004233028353,-5.20508476894054,1.93908069719105e-07,1.96348776299019e-06
"Os06g0210500",3711.45223046114,-1.25100416766619,0.240382762463527,-5.20421745238912,1.94815781995802e-07,1.97199346655605e-06
"Os07g0644200",448.60042055576,-1.50520300791458,0.289257054925605,-5.20368641761118,1.95373575681515e-07,1.97695249165986e-06
"Os08g0550500",533.276091893845,-1.42977361024202,0.274801042936065,-5.20294098947312,1.96159170998176e-07,1.98352339507253e-06
"Os02g0767000",1899.78506666661,-1.85089409745407,0.355863651072479,-5.20113277058775,1.98077532092367e-07,2.00066086992492e-06
"Os12g0242900",948.359315428831,-2.15725623583123,0.41519419376625,-5.1957765022257,2.03867070361965e-07,2.05433108065092e-06
"Os03g0780800",2829.82338420117,-1.94171634237408,0.373749916529869,-5.19522883216189,2.04468174731984e-07,2.05967560862845e-06
"Os01g0871100",1059.22507665249,-0.823259822715214,0.158604600705233,-5.19064276228182,2.09569366975227e-07,2.10805871044933e-06
"Os05g0456000",586.296880764902,-1.17408541791542,0.226303857075483,-5.18809282832421,2.12458696950041e-07,2.13352488709624e-06
"Os04g0382800",926.527731065121,-2.05376302615994,0.395930924348453,-5.18717508499653,2.13507982552058e-07,2.14332280864565e-06
"Os03g0249500",1714.89150169701,-1.19722592169295,0.230851905002128,-5.18612104016173,2.14719285175441e-07,2.15399759658257e-06
"Os11g0275500",168.849105938211,-2.31512372369191,0.446592707258874,-5.1839711801427,2.17210512126526e-07,2.17705006728339e-06
"Os01g0805900",19255.8979726791,-2.25855326435053,0.435700715692092,-5.1837263125972,2.17496026619442e-07,2.17885080399428e-06
"Os07g0574800",21978.4543002598,-1.54551667568355,0.29838552398651,-5.1795967010565,2.22366119126242e-07,2.22381391524534e-06
"Os01g0674800",2151.23480382904,-1.10191629876862,0.212779632805852,-5.17867374916492,2.2346888462468e-07,2.23407513149329e-06
"Os03g0216900",405.306811172149,-1.71534571319564,0.331301525255326,-5.17759678852569,2.24762344720491e-07,2.24623507307829e-06
"Os01g0118400",2401.43869209896,-1.35891576958394,0.262520475298075,-5.17641821286885,2.26186137107025e-07,2.25813941886554e-06
"Os01g0757051",151.489180084584,-3.27604171960342,0.632931244991522,-5.17598356144877,2.26713419351238e-07,2.26185275722739e-06
"Os10g0320100",386.272509357669,-1.2242722924716,0.236550599993515,-5.17551970912421,2.27277435665424e-07,2.2662679814294e-06
"Os11g0664400",92.0198125152729,-3.34904872939698,0.647112837272329,-5.17537056367742,2.27459075361336e-07,2.26696207825901e-06
"Os01g0880800",1012.99868337163,-2.92160255803641,0.564540474668598,-5.17518705767107,2.27682754197628e-07,2.26841504199224e-06
"Os01g0925300",1784.87751262194,-1.74587108774388,0.337377231249097,-5.17483376480391,2.28113987964746e-07,2.27115745555875e-06
"Os04g0540600",355.912563926736,-2.35677103232058,0.455472909691192,-5.17433854390693,2.2871978951271e-07,2.27641070067982e-06
"Os04g0202200",276.144213423168,-1.75596212950373,0.339466492366468,-5.17271120711406,2.30721469934686e-07,2.29554856420838e-06
"Os02g0462000",1105.39286534562,-1.31824486906379,0.254890496819617,-5.17180862178907,2.31838967331269e-07,2.30587923723403e-06
"Os07g0665900",930.660048056007,-0.730869294797937,0.141349932965833,-5.17063771777381,2.33296466768394e-07,2.31958337495021e-06
"Os08g0162800",6507.71054206621,-1.51620162190606,0.293687153436507,-5.16264196157239,2.43488587647173e-07,2.41761835985713e-06
"Os05g0119700",1748.29682232378,-2.03369924511289,0.394035486055747,-5.16120836087633,2.45360901396534e-07,2.43454861004084e-06
"Os11g0708500",244.772130391178,-1.47476760824321,0.285944850144027,-5.15752463281078,2.50235938263372e-07,2.47785480928457e-06
"Os07g0507200",2651.82312843699,-1.71513115142562,0.332636182883323,-5.15617734835309,2.52042194138025e-07,2.49489217460488e-06
"Os08g0307601",67.3274767140785,-5.8557062292589,1.13633158563327,-5.15316682497702,2.56123923018568e-07,2.5309945321163e-06
"Os08g0384500",1459.73833367799,-1.46758021691237,0.285039486192552,-5.14869092881041,2.62310691914561e-07,2.58861808537305e-06
"Os01g0556800",240.931297922503,-2.46545192478536,0.478975041118036,-5.14734947155167,2.64192854931292e-07,2.6054264548964e-06
"Os01g0368000",175.375558308068,-2.25535674854165,0.438348607269468,-5.14512128278578,2.67348030812658e-07,2.63386649300617e-06
"Os02g0614600",759.234557510262,-1.9497815575586,0.379003466379701,-5.14449531605399,2.68240945130698e-07,2.64176963276841e-06
"Os09g0539800",4877.37686552644,-1.44433058508226,0.280858708804131,-5.14255225067464,2.71031028769124e-07,2.66654243912649e-06
"Os12g0405300",316.691600825625,-2.95772455706681,0.575211880693725,-5.14197403833122,2.71866691929321e-07,2.67205595759895e-06
"Os05g0445800",893.757311173615,-0.945315609808925,0.183849525215362,-5.14178977999306,2.7213351432226e-07,2.6737760472648e-06
"Os08g0430800",739.057159941206,-0.853006844312302,0.165981282839671,-5.13917491007864,2.75947449187604e-07,2.71033444021633e-06
"Os06g0554300",1694.83248617197,-1.82916958080066,0.356018115815515,-5.13785534932866,2.77891650186913e-07,2.72667137356579e-06
"Os01g0750300",9430.38940631271,-2.25258773039906,0.438557049099746,-5.13636192833542,2.80107970797028e-07,2.74656711298015e-06
"Os12g0163700",1075.69793635194,-1.94087329823439,0.377913490832867,-5.13576081646884,2.81004864568121e-07,2.75443408480404e-06
"Os02g0200000",3061.68364314863,-0.862578291675581,0.167968654234629,-5.13535275737029,2.81615292133701e-07,2.75948874075291e-06
"Os02g0247200",1915.41934215879,-1.47896935118047,0.288124981209372,-5.13308268159416,2.85034613387519e-07,2.79111567285519e-06
"Os05g0156700",3685.59254952913,-1.4450114767011,0.281575178309015,-5.13188515187681,2.86854521492402e-07,2.80799239492495e-06
"Os03g0302900",1636.22818139505,-1.81319415179557,0.353432335365383,-5.13024409586368,2.89366698988214e-07,2.82973035860805e-06
"Os03g0819900",7866.46127059631,-0.652636532710099,0.127236782964145,-5.12930708798266,2.9081061335189e-07,2.84194183960864e-06
"Os10g0478100",140.017670978121,-2.32919644471403,0.454093542249613,-5.12933179620881,2.90772449206711e-07,2.84194183960864e-06
"Os03g0149200",8733.86825642754,-1.58465613207772,0.308963561160475,-5.1289418277214,2.91375356282752e-07,2.84650557721111e-06
"Os07g0175900",2035.28398774856,-1.03102270195783,0.201162357934309,-5.1253261919634,2.97023060383757e-07,2.89585054050746e-06
"Os03g0681900",2541.81287175907,-0.810831859665546,0.15824836843491,-5.12379285603223,2.99449954337847e-07,2.91755823694439e-06
"Os01g0200400",1632.39638586132,-1.07681518738121,0.210210876023267,-5.12254745212147,3.01435203694508e-07,2.93591839531487e-06
"Os07g0633600",4064.72807812898,-0.935919068336393,0.182726811567498,-5.12195807669238,3.02379128266851e-07,2.94412737324883e-06
"Os01g0964333",12.904520894565,-7.72424617639916,1.50830618315342,-5.12113936989243,3.03695079783256e-07,2.95595190957486e-06
"Os07g0411200",328.710720342897,-2.2566244102641,0.440719946343795,-5.12031377064962,3.05027708961326e-07,2.96793081870088e-06
"Os12g0428200",110.687540098572,-5.15287447821063,1.00640594203365,-5.12007557089555,3.05413244029202e-07,2.97068954329273e-06
"Os05g0212300",108.172557919377,-2.88786088933551,0.564098054008939,-5.11943068906552,3.06459371682816e-07,2.9798697235883e-06
"Os09g0567500",465.680640566134,-1.59768819131782,0.312094903631057,-5.11923832375849,3.06772096165233e-07,2.98191488134977e-06
"Os09g0556700",916.867624332019,-1.73455684003874,0.33883790738672,-5.11913455438464,3.06940919902378e-07,2.98256038351586e-06
"Os03g0853600",524.34602235353,-1.2348218685057,0.241231186211424,-5.11883180569968,3.07433978458258e-07,2.98635501022728e-06
"Os08g0137600",577.148287580495,-0.7650207380892,0.149479315041614,-5.11790369039505,3.08950283685738e-07,3.00008341497035e-06
"Os03g0113500",1216.37171342671,-1.75269555565211,0.342524457515151,-5.11699388816514,3.10443677094048e-07,3.01056968509253e-06
"Os03g0339300",375.193313502827,-2.17341232170944,0.42475041419031,-5.11691630919904,3.1057134096551e-07,3.01080512370092e-06
"Os12g0108100",2142.2634484482,-1.48360687551517,0.289950184815263,-5.11676471756838,3.10820946316541e-07,3.01222216260576e-06
"Os10g0502100",424.278362695139,-2.01376375164683,0.393726764641194,-5.11462245519932,3.1436909523444e-07,3.04559440832248e-06
"Os06g0584400",598.223597529482,-2.44176978143794,0.477429167945276,-5.11441266135172,3.14718663789751e-07,3.04796705250586e-06
"Os02g0233333",258.770974530347,-1.39350359030417,0.272482544364968,-5.11410223928945,3.15236592462276e-07,3.05196810029468e-06
"Os09g0562200",21.0211206598939,-7.94720383432279,1.55439365597813,-5.11273563408998,3.17526529354411e-07,3.07209554413925e-06
"Os06g0607900",65.9383385590811,-2.23828631072334,0.43779694682697,-5.11261288354297,3.17732999206235e-07,3.07307220288408e-06
"Os04g0411200",23.19123255111,-8.67349608430694,1.69662103365055,-5.11221770346943,3.18398583868412e-07,3.07848723752188e-06
"Os08g0528000",51.5291603435072,-4.55263280153813,0.890579242594606,-5.11199069526316,3.18781532459985e-07,3.08116687298364e-06
"Os03g0128000",3902.94117073148,-2.15033122690491,0.420699359150191,-5.11132517826639,3.19906782350846e-07,3.08999181280973e-06
"Os04g0383700",22.1944509228662,-8.14884531819095,1.59512360644614,-5.10859803294253,3.24557997812018e-07,3.13283991126337e-06
"Os03g0652000",500.937258026843,-2.24418768255195,0.439358925968967,-5.10786864658,3.25813008560694e-07,3.14391200639646e-06
"Os04g0495900",463.659700869117,-1.80849432731739,0.354087699768438,-5.10747571435012,3.26491043601444e-07,3.14941112015941e-06
"Os05g0466000",106.693810202948,-2.34537505640735,0.459372180774298,-5.10560968766999,3.29729656321633e-07,3.17959836139027e-06
"Os02g0826600",3157.43462837371,-0.864327780607356,0.169330369978522,-5.10438724439678,3.31868077170739e-07,3.19915992829072e-06
"Os01g0300900",379.421178162598,-1.79867565402668,0.352453138977139,-5.10330439742046,3.33773479169463e-07,3.21539902757959e-06
"Os06g0727700",895.370495685854,-1.37992976336767,0.270412769056382,-5.10304956449724,3.34223421648816e-07,3.21866881126218e-06
"Os03g0295600",1319.82570960548,-1.49708324905744,0.293396819717475,-5.1025885369141,3.35038917365312e-07,3.2254556533926e-06
"Os03g0135100",1519.54673547022,-2.43778167211727,0.477807138802554,-5.1020201963216,3.36046879104879e-07,3.23409028859626e-06
"Os06g0227250",575.448080424575,-1.6553791184997,0.324517262267106,-5.10105104096798,3.37772448351834e-07,3.2496231387189e-06
"Os11g0143200",127.158606932913,-2.03581979600705,0.399150764581283,-5.10037804422764,3.38975739543261e-07,3.2590463806467e-06
"Os04g0625000",5244.20137625201,-1.4041414559379,0.275315849535798,-5.10011122972172,3.39453937739768e-07,3.26256685638863e-06
"Os05g0563600",11629.6435915679,-1.99502509800498,0.391378203701839,-5.09743536848782,3.44285903480033e-07,3.30355653415009e-06
"Os04g0101300",259.307626878471,-1.93756197434765,0.380125566780999,-5.09716299999346,3.44781442303999e-07,3.30722172686991e-06
"Os12g0470700",276.770115173882,-8.46525821141247,1.66082910308669,-5.09700738967038,3.45064863875768e-07,3.30885049910771e-06
"Os03g0161100",2980.59013343324,-1.82035317858378,0.357266889307084,-5.09521938099088,3.48337642134265e-07,3.33803514782299e-06
"Os02g0702600",2136.68817999599,-1.69921389023386,0.333579994233004,-5.09387229333353,3.50823126160989e-07,3.35765899833834e-06
"Os03g0441700",14.661269963544,-7.42493606603728,1.45884192624284,-5.08960973253612,3.58801183255815e-07,3.42253785089284e-06
"Os11g0169200",452.152112616675,-2.39471917653008,0.470509560885353,-5.0896291502004,3.58764446074444e-07,3.42253785089284e-06
"Os01g0300200",16565.5766042914,-0.914682625522889,0.179746620208974,-5.08873337623527,3.60462987510465e-07,3.4372636287753e-06
"Os06g0604000",89.1626876446241,-2.32677728613259,0.457269850295423,-5.08841176523962,3.61074708718284e-07,3.44196977652827e-06
"Os09g0524800",1495.68616463943,-1.34934394692271,0.265280903114299,-5.08647223031102,3.64785103502557e-07,3.47279234527671e-06
"Os02g0611500",3281.88139483433,-0.525646380289698,0.103444256696185,-5.08144576681059,3.74572959835983e-07,3.55899306242855e-06
"Os09g0103300",16.9996596551668,-8.04603819778698,1.58443095483533,-5.0781879596787,3.81051626985741e-07,3.61700960921732e-06
"Os04g0402700",1477.70645667642,-1.89950416014594,0.374063496292924,-5.0780260008543,3.81376513558144e-07,3.61891392239826e-06
"Os09g0518800",713.032006943296,-1.14848345894532,0.226220508197963,-5.07683175187768,3.83780422641398e-07,3.63816844666757e-06
"Os06g0495500",315.710153758104,-1.82512944090927,0.35962162442254,-5.07513819237083,3.87214481757889e-07,3.66714150821244e-06
"Os05g0108600",4300.18212597883,-1.97576315089153,0.389474175197412,-5.07289899231464,3.91800493393815e-07,3.70816183575388e-06
"Os07g0145400",1423.60943616422,-2.06918801102249,0.407932890637282,-5.07237356563712,3.92884165587618e-07,3.71721009429585e-06
"Os09g0103800",349.499364889456,-2.98667844456488,0.58900053029786,-5.07075680059999,3.96236853736546e-07,3.74528064086845e-06
"Os06g0217300",854.340967478125,-2.54367189089168,0.501645545907942,-5.07065578801825,3.96447237463608e-07,3.74605335801921e-06
"Os09g0533200",199.45471582618,-4.21333716121968,0.831024358136884,-5.07005254414657,3.97705888022259e-07,3.75672749626475e-06
"Os01g0964133",5891.35794828013,-1.87204752209194,0.369375623780529,-5.06814040117668,4.01721051365848e-07,3.79219463788533e-06
"Os09g0529900",682.465209835452,-1.84502258335173,0.36408746951418,-5.06752563007356,4.03020251230669e-07,3.80322610380413e-06
"Os01g0277500",731.668381284133,-0.958121549061452,0.18908709285975,-5.06709122537576,4.03940725117247e-07,3.80944358706751e-06
"Os04g0359300",81.2184962275758,-3.4076136138789,0.672849544468222,-5.06445109741742,4.09578756861515e-07,3.8601140962204e-06
"Os04g0337500",306.363774928535,-2.37294518793464,0.468610747188015,-5.06378738040887,4.11008033419033e-07,3.86982733567057e-06
"Os05g0587300",3313.9013777878,-1.69242422629057,0.334462524150264,-5.06013111809865,4.1896826903268e-07,3.94095411200572e-06
"Os06g0273200",177.323755807323,-2.68218993867535,0.530233120177633,-5.05851075047291,4.22543432109882e-07,3.97201737569528e-06
"Os05g0121600",26738.1269549357,-1.00069920911483,0.197829688132749,-5.05838743699246,4.22816711680308e-07,3.97330373589994e-06
"Os11g0555600",361.767316552666,-2.06132957243386,0.407534758258026,-5.05804604555658,4.23574171693856e-07,3.97913775098983e-06
"Os12g0614201",154.619311220823,-4.15943420265165,0.822508182030042,-5.05701255443527,4.25875212392391e-07,3.99946402298975e-06
"Os09g0315200",428.587294631829,-1.48252717678987,0.29319811228398,-5.05640082482506,4.2724288902073e-07,4.011014640252e-06
"Os03g0365800",822.906562508606,-2.16150807886425,0.42753741902145,-5.05571672255383,4.28777392204128e-07,4.02282706693576e-06
"Os11g0210000",146.941199677745,-2.78839283301777,0.551562859985879,-5.05543979717771,4.29400071481438e-07,4.02737162050964e-06
"Os03g0832400",954.62276031139,-0.868984907116509,0.171898030156048,-5.05523481756974,4.29861539200447e-07,4.03040172073259e-06
"Os02g0770700",936.078603212401,-1.39553412267148,0.276073083964132,-5.05494451915778,4.30515902639698e-07,4.03523788756784e-06
"Os03g0198500",2717.02534257077,-1.33848285781609,0.264823872712669,-5.05423791331804,4.32112686078247e-07,4.04890142984901e-06
"Os09g0505300",3719.26506914733,-1.02138155003096,0.202178260035737,-5.05188614171683,4.37468463387176e-07,4.09381638520609e-06
"Os01g0133200",245.594808664651,-2.75699472331716,0.546054088472563,-5.04894072129209,4.44266553555495e-07,4.15476254741269e-06
"Os03g0787500",18.2718337382608,-7.94503288378776,1.57440611370615,-5.04636816042664,4.50287353470449e-07,4.209716952734e-06
"Os06g0517500",514.301158700656,-1.31008793229442,0.25962046334365,-5.04616591243157,4.50764015825082e-07,4.21167348163551e-06
"Os10g0577600",1456.18665961809,-1.15822004379684,0.229525186357606,-5.04615664266275,4.50785874674057e-07,4.21167348163551e-06
"Os10g0568900",4333.48829398151,-1.24122950162448,0.245992307477313,-5.04580616505236,4.51613079213829e-07,4.21804877898176e-06
"Os07g0510900",1148.9067166489,-1.78811403848987,0.354505005868909,-5.04397401697367,4.55961243278499e-07,4.25729507109857e-06
"Os05g0301700",10827.369507469,-0.774957577377561,0.153765428049253,-5.03986876119729,4.65851189980936e-07,4.34128587347994e-06
"Os11g0168100",1407.0697245917,-1.11754971232966,0.221777161820512,-5.0390658044137,4.67809633878874e-07,4.35535554917538e-06
"Os01g0723200",6287.7576216542,-1.630725769634,0.323678316999783,-5.03810630489374,4.70160307564736e-07,4.37304646339835e-06
"Os02g0145000",1335.90233819523,-1.30634318519376,0.259316184440837,-5.03764617704298,4.71291610511887e-07,4.38216931076857e-06
"Os11g0180000",1393.68003052572,-1.53929348466902,0.305565534071867,-5.03752325779972,4.71594272583829e-07,4.38358391515681e-06
"Os01g0180400",363.582969335658,-1.99298482669487,0.395795200976482,-5.03539411740692,4.76866664209436e-07,4.42976427276146e-06
"Os01g0216000",377.086838426764,-3.39877318884588,0.675201103479245,-5.03371983744152,4.81052570640807e-07,4.46596584427135e-06
"Os12g0127650",578.789708987626,-1.65867555087569,0.329603087130941,-5.03234227966058,4.84523188093607e-07,4.49515268673527e-06
"Os06g0190500",339.673471150858,-2.76445196944694,0.549469803633742,-5.03112628058016,4.87606831425968e-07,4.52088065736614e-06
"Os08g0561600",2656.30681288618,-0.813628222515327,0.161776236492886,-5.02934324690577,4.92162661558668e-07,4.55876623088789e-06
"Os07g0481100",486.71557415645,-1.94878962925714,0.387627315115009,-5.02748272184826,4.96960247555655e-07,4.60174128118149e-06
"Os04g0588200",656.557307914679,-1.82710759754402,0.363528583148021,-5.02603559181497,5.00722996604205e-07,4.63510969710987e-06
"Os10g0540800",524.128694717309,-1.4545919983324,0.28952442434152,-5.02407353590515,5.05868531188079e-07,4.67382720979036e-06
"Os12g0605100",1706.51420643758,-1.30426186023298,0.259601439561809,-5.02409332719607,5.05816374416e-07,4.67382720979036e-06
"Os02g0739900",1838.9643409879,-1.69404692742235,0.33723719434938,-5.02330987153009,5.07885011841773e-07,4.69096965266606e-06
"Os10g0158700",12.9779784097262,-7.71511063606437,1.53634225876786,-5.0217395193255,5.12055964499307e-07,4.72799422896284e-06
"Os04g0627200",377.202562434351,-1.59363057605008,0.317554544372983,-5.01844676541076,5.20909234038417e-07,4.79908848898031e-06
"Os07g0184800",7159.74428935042,-1.27212137601927,0.253500755303602,-5.01821532837536,5.21537022874954e-07,4.80335268189893e-06
"Os08g0546100",5204.23018866211,-1.86809773723934,0.372331168275586,-5.0173015218985,5.24022920416345e-07,4.82472193751653e-06
"Os01g0696500",149.529712381953,-2.94108042769613,0.586295456831876,-5.0163793586064,5.26543132594089e-07,4.84486227722119e-06
"Os03g0115700",535.132732296588,-1.9162650928347,0.382346681113631,-5.0118522992101,5.39085767536817e-07,4.94464747156132e-06
"Os12g0485600",208.621264609766,-3.04463042866718,0.607501779177781,-5.01172265336887,5.39449172859599e-07,4.94642279975354e-06
"Os03g0252100",620.098370088269,-1.31474755492074,0.262353499369982,-5.01135894157306,5.40469940835125e-07,4.95422273119311e-06
"Os12g0144600",1263.4124665898,-1.69394259028737,0.338178831353271,-5.00901426475695,5.47095186157786e-07,5.010222016128e-06
"Os03g0279000",6412.86711681004,-0.554065447767143,0.110634412192224,-5.00807512588825,5.49770771530158e-07,5.0315601535202e-06
"Os07g0211200",1253.30538715125,-0.687941230549493,0.137386624117064,-5.00733775919346,5.51880349437393e-07,5.04928040726225e-06
"Os12g0517200",2350.36963618407,-0.844952783174665,0.168769585020209,-5.00654654731472,5.54152656141865e-07,5.06847790583021e-06
"Os03g0675000",19.029247339758,-7.69260582308844,1.53676401334553,-5.00571704977765,5.5654460143343e-07,5.08875726309084e-06
"Os02g0289300",32.796021445483,-9.17730363365424,1.83353561187115,-5.00524973403089,5.57896536972631e-07,5.09951756111643e-06
"Os02g0684100",374.582662243007,-1.57211877677164,0.314204317013531,-5.00349196890232,5.63010126862406e-07,5.13819520980476e-06
"Os11g0128700",1919.73732928672,-0.875971101760947,0.175222612345175,-4.9991898307928,5.75717018051476e-07,5.25087096764644e-06
"Os02g0588300",118.510490521085,-2.21888785229962,0.443954812731777,-4.99800382531319,5.79268363059396e-07,5.2799540748093e-06
"Os10g0456400",3614.88026142103,-0.752466997450003,0.15055299301744,-4.99802084547623,5.79217249272865e-07,5.2799540748093e-06
"Os06g0237300",3807.78477133274,-0.831420039703653,0.166366232966634,-4.99752879462264,5.80696698188872e-07,5.28921508538197e-06
"Os11g0664800",480.264458041168,-7.13571184093643,1.42785035185584,-4.99752080577759,5.80720748269288e-07,5.28921508538197e-06
"Os01g0766900",2363.85724007519,-1.19210679812,0.238667777436163,-4.99483763969292,5.88852858513475e-07,5.35390975511377e-06
"Os03g0212600",745.452590403069,-1.95268658173495,0.391092401458446,-4.99290340199162,5.94783099457886e-07,5.40445348593215e-06
"Os01g0652800",2898.02105962884,-1.4106623214563,0.282692853600862,-4.99008837148759,6.03516760154625e-07,5.47868300786253e-06
"Os03g0633800",4085.683486335,-1.65440006134445,0.331611685386135,-4.98896792318412,6.07027243611151e-07,5.50711756649344e-06
"Os10g0203000",1687.42516504108,-0.964095209122501,0.193401077660686,-4.98495262169099,6.19769978508784e-07,5.61048844082462e-06
"Os10g0478200",50324.274558666,-1.05849267522183,0.212345885346447,-4.98475717339603,6.20396777522571e-07,5.61441732598269e-06
"Os03g0206100",341.051264318818,-1.67217891587054,0.335640969670691,-4.98204649304636,6.29153128312012e-07,5.68835684653909e-06
"Os03g0775200",3482.51508782325,-1.09657816183943,0.220136923118372,-4.98134591101638,6.31435527921241e-07,5.70545002920335e-06
"Os06g0503100",722.587305083489,-1.26658363382382,0.254277027654234,-4.98111703408032,6.32182905283337e-07,5.71043131751283e-06
"Os04g0683600",1994.58260030886,-1.56806460448817,0.314822489756367,-4.98078966881197,6.33253369566753e-07,5.71832701659628e-06
"Os04g0408600",3273.90496309447,-2.53955018170562,0.510084033363817,-4.97868981500601,6.40161419268567e-07,5.77533483641239e-06
"Os05g0163300",376.367609113627,-3.032058834886,0.609415695588645,-4.97535402654387,6.51284982793938e-07,5.86736480196002e-06
"Os09g0494200",4992.11405017289,-1.11982635676507,0.22506975260257,-4.97546357880645,6.50916728189214e-07,5.86736480196002e-06
"Os03g0849500",54.7113175932414,-3.19248212748275,0.641872615305378,-4.97370046853283,6.56867783555034e-07,5.91505986168513e-06
"Os10g0546100",2284.00836265805,-1.52350804128926,0.306321962347183,-4.97355145421315,6.57373150117401e-07,5.91778079682193e-06
"Os12g0118700",501.796371937508,-1.37594224482739,0.276682742794759,-4.9729962589248,6.59259337865751e-07,5.93292658755451e-06
"Os09g0261900",432.636313696902,-2.10363042421187,0.423046210643476,-4.97257834082034,6.6068258763271e-07,5.94389815169595e-06
"Os02g0158100",1635.84607641746,-1.70289207730383,0.342515716329164,-4.97171953320624,6.63616618092635e-07,5.96667313323167e-06
"Os06g0184600",12.5075396217284,-7.68929603381088,1.5466573141761,-4.97155767042483,6.64171010629232e-07,5.96790748890605e-06
"Os01g0919100",93.0749125878721,-5.22408368432712,1.05094237239902,-4.97085646323494,6.66577858534249e-07,5.98768673542085e-06
"Os09g0468700",262.177752496774,-1.79752191822384,0.361654764044956,-4.97027026028723,6.68596410197579e-07,5.99889420817369e-06
"Os10g0322300",177.603805877232,-1.81965143165135,0.366158976086382,-4.96956663769475,6.71027067808708e-07,6.01651793987845e-06
"Os03g0402400",6834.58428787121,-1.12606362428819,0.226602001688566,-4.96934544221639,6.71792943148825e-07,6.02153096041246e-06
"Os03g0323500",1201.49729276672,-1.77846395803796,0.358063503765644,-4.9668953672586,6.80332708831645e-07,6.09432456062601e-06
"Os07g0571600",277.890853272162,-1.83742863167062,0.369952881919651,-4.96665581340081,6.81173268252266e-07,6.09997783457641e-06
"Os01g0773400",345.73280671232,-2.37613702599024,0.478435824574059,-4.96646969968367,6.81827004710694e-07,6.10395512793878e-06
"Os07g0173700",3298.7042086986,-1.1896380254488,0.239551992763136,-4.96609530034296,6.8314393845476e-07,6.11386532749832e-06
"Os12g0581800",666.676526442954,-1.89239568401282,0.381209501446942,-4.96418813494922,6.89890444206622e-07,6.17045132560972e-06
"Os01g0672800",1444.36671691559,-0.897897470591129,0.180958529852934,-4.96189636001605,6.9808243380977e-07,6.23797380712124e-06
"Os12g0619000",1097.68573558443,-1.05144702301981,0.211990151491396,-4.95988618161107,7.05344944229846e-07,6.29321552262916e-06
"Os09g0327550",1835.01111232285,-0.901075149786266,0.181687522118429,-4.95947734483891,7.06830900444719e-07,6.3045419549008e-06
"Os03g0324700",641.359183990879,-1.5255536772035,0.307786014822823,-4.95653994572068,7.17596193528908e-07,6.39468676497823e-06
"Os02g0177500",5782.71520137577,-0.925891311675173,0.186826661976175,-4.95588425057472,7.20020731871202e-07,6.41236812035264e-06
"Os03g0304500",1724.92986397744,-2.17336568820189,0.438575094392679,-4.95551552285813,7.21387627019056e-07,6.42257733844358e-06
"Os04g0415600",268.582134355504,-1.60832652715755,0.324624512864467,-4.95442107241308,7.25459557986439e-07,6.45685612704189e-06
"Os08g0191433",2464.88792413049,-1.29645476563524,0.261705493444895,-4.95386913193791,7.27521457360225e-07,6.47322941681775e-06
"Os02g0720300",1024.5344449737,-1.11428429803877,0.225147896755855,-4.94912150677148,7.45491981557798e-07,6.62705051493474e-06
"Os03g0258900",215.746675425313,-2.21946328075624,0.448467379448783,-4.94899603062369,7.45972681644757e-07,6.62727774095748e-06
"Os05g0391200",2438.78882455701,-1.15099969028876,0.232587224001082,-4.94867977049076,7.47185601821904e-07,6.63602900160338e-06
"Os03g0690000",1402.62023078521,-1.35993541908933,0.274863836727995,-4.94766949074905,7.51072966164093e-07,6.66648793679693e-06
"Os06g0247900",931.55481680013,-1.61452963641386,0.326327975425244,-4.94756734941262,7.51467069325343e-07,6.6679536846108e-06
"Os11g0522900",731.285418696652,-1.9699901395661,0.398251550034119,-4.94659754468582,7.5521891243794e-07,6.69920352361185e-06
"Os11g0462100",164.257378396259,-2.42519531188152,0.490515287902442,-4.94417884965874,7.64654805819388e-07,6.77671249393555e-06
"Os01g0617700",2189.57939018307,-1.19843499457884,0.242518020731098,-4.94163275358267,7.7471038766894e-07,6.86165325720647e-06
"Os07g0689800",218.950150279866,-2.96625191341333,0.600313739265512,-4.94116945756158,7.76553780671991e-07,6.87588908505008e-06
"Os01g0937400",3123.85077405871,-0.90400181096661,0.18299227052799,-4.94010926449669,7.80788058047573e-07,6.91127958251107e-06
"Os04g0466000",123.783214264473,-3.24730569750179,0.657408942695069,-4.93955206053229,7.83022367250121e-07,6.92895089002067e-06
"Os02g0705300",2611.27549158585,-1.6054293359295,0.325020290605952,-4.93947418770815,7.83335116357704e-07,6.92961277599303e-06
"Os04g0454200",325.958685540215,-2.07479510807822,0.420158208497165,-4.93812822436437,7.88759760449403e-07,6.97336422094946e-06
"Os11g0302500",3022.23223764042,-1.64769047032549,0.333664977781146,-4.93815827265584,7.88638262712291e-07,6.97336422094946e-06
"Os05g0362100",2674.76102686981,-1.55370005294292,0.314679980607595,-4.93739719299263,7.91721185351624e-07,6.99742165699848e-06
"Os01g0263300",16590.9152862375,-1.19165831902519,0.241399407258392,-4.9364591759318,7.95536804601501e-07,7.02687983730813e-06
"Os01g0957200",630.132641165065,-1.78880374227032,0.362422470945515,-4.93568662451739,7.98692646264722e-07,7.05047809776334e-06
"Os08g0553000",239.301630244269,-1.6139475985023,0.326994645165939,-4.93570039253481,7.98636299077418e-07,7.05047809776334e-06
"Os02g0108700",68.6989395515991,-4.47593143333491,0.906906174657596,-4.93538533357632,7.9992667312734e-07,7.05709317625399e-06
"Os03g0417800",21856.7797709951,-1.64786251449551,0.333983580219174,-4.93396266191922,8.05778500565937e-07,7.10441462109634e-06
"Os01g0610400",1974.81865714512,-1.07011818400823,0.216980251371744,-4.93186903989173,8.14465170544886e-07,7.17448720405571e-06
"Os03g0109400",2279.74307342329,-0.52081316108092,0.105666627689274,-4.9288329955266,8.27222462813775e-07,7.27805817584978e-06
"Os03g0120000",535.20578631245,-1.66079625793387,0.336971010430274,-4.92860277747105,8.28197637072379e-07,7.2844372053222e-06
"Os08g0459300",2282.06599412967,-1.83189093174443,0.371694242634407,-4.9284888535286,8.28680613739592e-07,7.28648455112452e-06
"Os12g0533400",357.305339903244,-2.33684211924646,0.474216751298502,-4.92779327775266,8.31635372977964e-07,7.30805230291619e-06
"Os02g0312600",1600.79896785327,-1.09663465661039,0.222604229217869,-4.92638733982489,8.37638714960228e-07,7.35636750816398e-06
"Os02g0708400",8407.77754521254,-0.749478238340671,0.15214058457384,-4.92622162876545,8.38349043050238e-07,7.35816782149157e-06
"Os01g0678700",872.885997453629,-0.828406136528073,0.168245081145432,-4.92380597927848,8.48769934291565e-07,7.44514398386716e-06
"Os02g0591900",3271.36279652921,-0.62275007053848,0.126502745176909,-4.92281862869922,8.53065090919042e-07,7.48056656963094e-06
"Os06g0621600",133.066848922497,-5.14160567986541,1.04454103312072,-4.92235873635727,8.55072845322344e-07,7.49591553325626e-06
"Os05g0246300",2498.04300949182,-3.02571858313599,0.614722186802669,-4.92209106502816,8.56243513705269e-07,7.5016617346946e-06
"Os01g0904500",1087.87808092414,-0.780695828718212,0.158626937363089,-4.92158420061554,8.5846452997459e-07,7.51608451574227e-06
"Os03g0635800",323.493462587109,-1.99791030055698,0.405999631233164,-4.92096580109845,8.61181793170103e-07,7.53585822737372e-06
"Os02g0655500",39.7728385372808,-3.1374576318436,0.637587097933445,-4.92082986310852,8.61780217636124e-07,7.53882952778589e-06
"Os08g0154300",4693.8754911893,-1.01014357144101,0.205291839984255,-4.9205247101808,8.63125016677217e-07,7.54832634704923e-06
"Os09g0491100",1756.66239538888,-2.38143402725695,0.484040841558542,-4.91990308005638,8.65870774673038e-07,7.57006565596765e-06
"Os03g0842400",463.071029801097,-1.59808370303761,0.324832144634617,-4.91972155291219,8.66674170734658e-07,7.57481548623491e-06
"Os02g0644400",1160.94976089135,-1.34502197298021,0.273560509831505,-4.91672564073177,8.80037508320996e-07,7.68469334852295e-06
"Os10g0561200",536.054942979956,-1.04792805470707,0.213159177006145,-4.91617611507695,8.82510120269089e-07,7.70397473695336e-06
"Os07g0568700",6105.79165846255,-1.88447718345085,0.38360223751854,-4.91258131245852,8.98850865315078e-07,7.83488024534741e-06
"Os10g0555600",6095.44182252898,-1.60948327982998,0.327780452966906,-4.91024789691311,9.09613289602778e-07,7.91921023013815e-06
"Os12g0209100",2264.4037632165,-1.35712452356673,0.276390845095235,-4.91016452842029,9.10000097097851e-07,7.92021005011465e-06
"Os02g0653000",1781.82080000081,-2.61896298401252,0.53340477122942,-4.90989793356402,9.112380891618e-07,7.92624720208182e-06
"Os08g0385400",697.840337571202,-1.19666234412674,0.243783751017102,-4.90870428867425,9.1680095511919e-07,7.96749549835304e-06
"Os02g0103700",9888.39481293059,-1.81481330396768,0.369738326943221,-4.90837214245948,9.18354696169149e-07,7.97623783532298e-06
"Os05g0436100",891.461144834013,-2.05487018532763,0.418910282815269,-4.905275114084,9.32964786837985e-07,8.09347647372529e-06
"Os05g0499300",7040.6252911007,-1.75912362439677,0.35874313859786,-4.90357427119658,9.41083365891983e-07,8.15661600640069e-06
"Os01g0938200",3307.86998621829,-0.713320843949138,0.145482675548347,-4.9031325637951,9.43202853617317e-07,8.17255385392547e-06
"Os07g0549900",1658.12079781719,-1.92626924903679,0.392974811914677,-4.90176263372071,9.49805592037638e-07,8.22242522334129e-06
"Os02g0732200",2142.26662092983,-1.37656248413414,0.2808481566529,-4.90144746022114,9.51330938057926e-07,8.23318263837234e-06
"Os09g0439700",2323.10282080021,-1.0951118049479,0.223467847809819,-4.90053408434795,9.55764737762823e-07,8.26418666660598e-06
"Os02g0761200",1349.35071325557,-1.59373434416664,0.325235011744705,-4.90025454399004,9.57125681603465e-07,8.27349780340045e-06
"Os08g0194900",51.7745672878024,-3.45579498854642,0.705483222725818,-4.8984793361833,9.65811933286124e-07,8.34115513676112e-06
"Os05g0324600",94.6227501577563,-2.14785008796727,0.438484216903062,-4.89835210748785,9.66437380632243e-07,8.34408224096418e-06
"Os10g0499200",13.4116177180937,-8.04569460999255,1.64265335769156,-4.8979868895159,9.68234933451181e-07,8.35712440188657e-06
"Os07g0112700",2745.83221660743,-2.00573864874651,0.409540070040465,-4.89753944845574,9.70441564429662e-07,8.3736886635024e-06
"Os05g0380700",66.3746159910394,-3.05093706266407,0.623129715250829,-4.89615081417835,9.77320718307004e-07,8.42805269722729e-06
"Os06g0256000",1326.98115351101,-1.49422096480691,0.305244861115671,-4.89515518572706,9.82281830133083e-07,8.46832784403068e-06
"Os04g0554200",520.685224307592,-1.9466589039639,0.397698392026977,-4.89481210633573,9.8399696801239e-07,8.4806036408573e-06
"Os06g0131700",706.237890159299,-2.26796427759327,0.463822869686471,-4.88972067963432,1.00979161096778e-06,8.69005652913819e-06
"Os07g0204000",86.3331896420861,-1.77657664255223,0.36334153053204,-4.88955017047126,1.01066662592102e-06,8.69501727623986e-06
"Os12g0467300",2013.80161801762,-1.0988946167814,0.224755392948281,-4.8892914308591,1.01199581402113e-06,8.70388130417107e-06
"Os03g0137800",479.210243991798,-1.79383867855438,0.367034201755252,-4.88738834140194,1.02182413226009e-06,8.77028068956034e-06
"Os09g0480100",237.53842206509,-1.72062289495609,0.352188777520355,-4.8855131247237,1.03159833350466e-06,8.85156354399608e-06
"Os10g0552300",794.527574426476,-2.59910512562324,0.532092101642065,-4.88469029628942,1.03591551572433e-06,8.88337209921198e-06
"Os02g0658800",1180.3105449121,-2.22971407048876,0.456489000778,-4.88448586206597,1.03699082669258e-06,8.88997552397449e-06
"Os03g0120200",2018.93944029701,-1.15502851911201,0.236488467198564,-4.88407968808987,1.03913046446689e-06,8.90307660670928e-06
"Os05g0509200",11387.3784524367,-0.61182057911602,0.125307384783695,-4.88255804055076,1.04718401858481e-06,8.9668018198256e-06
"Os03g0109600",14323.2842154263,-1.14167761337654,0.233842571190702,-4.88224880338612,1.04882803278718e-06,8.97823926244216e-06
"Os04g0615000",4512.27824664474,-1.09193502796187,0.223659138627884,-4.88213910981118,1.04941179930115e-06,8.9805966556709e-06
"Os01g0841100",312.851734148642,-1.48602068043175,0.304543860712064,-4.87949642773042,1.0635704973955e-06,9.0937463373904e-06
"Os08g0380100",517.370577752771,-1.88642996645509,0.386631245622888,-4.87914514879917,1.06546633159033e-06,9.1046098910134e-06
"Os02g0642200",180.285337406496,-3.32520172788764,0.681574558621739,-4.87870576421128,1.06784224602542e-06,9.12223581365574e-06
"Os04g0515300",14387.3363625369,-0.99714346614245,0.204406246295514,-4.87824361639546,1.07034675141267e-06,9.13869029548534e-06
"Os06g0213900",211.512013899416,-1.74945879031258,0.35867444106911,-4.87756748180308,1.07402109773341e-06,9.16197947146553e-06
"Os07g0448200",674.818802239876,-0.898362424272484,0.184182792455765,-4.87755893096388,1.07406764355413e-06,9.16197947146553e-06
"Os04g0552200",405.420678099814,-2.86087823517523,0.586633796567321,-4.8767702302793,1.07836923144767e-06,9.19597913857069e-06
"Os07g0640900",492.932564366071,-2.03294064585561,0.41689327832807,-4.87640542924707,1.08036446619194e-06,9.21029683385297e-06
"Os05g0256100",2764.59220095833,-1.42090602629092,0.291425914313323,-4.87570238782285,1.08421969111429e-06,9.23775478192812e-06
"Os01g0754800",274.65895444352,-1.67885618484135,0.344414474428181,-4.87452273203294,1.09071826000414e-06,9.29040572326425e-06
"Os04g0552300",1157.4353453985,-1.47624277588674,0.30286204041138,-4.87430770089755,1.09190687047385e-06,9.2975093999509e-06
"Os01g0806200",928.302859379313,-0.894252222683893,0.183493858711628,-4.87347221843138,1.0965369418337e-06,9.32905311717233e-06
"Os11g0245500",279.413923494234,-1.69025764448692,0.346842357084409,-4.87327343377374,1.09764134462566e-06,9.33572174012513e-06
"Os12g0443500",24378.4019975872,-2.00505431215072,0.411450390888345,-4.87313745849577,1.09839740909715e-06,9.33942462707366e-06
"Os06g0329200",884.371884220254,-0.916228453531732,0.188070837282499,-4.87171996876622,1.10630899168093e-06,9.40120526867002e-06
"Os02g0109800",5977.75737503695,-0.652447483531603,0.133944849095611,-4.87101585418847,1.11025929682191e-06,9.43202194925546e-06
"Os01g0654500",44593.8648270892,-0.611673271973955,0.125608072916871,-4.86969712829501,1.11769431268873e-06,9.48964833064754e-06
"Os02g0606900",512.458033545315,-1.00076906594905,0.205558554308618,-4.86853524201446,1.12428474573331e-06,9.54282144134231e-06
"Os03g0144800",1369.2495703433,-1.13776224734401,0.2337196350195,-4.8680644535881,1.1269657762026e-06,9.56279059865151e-06
"Os05g0113400",4814.05684659653,-1.50336341685862,0.308852417327855,-4.86757859907814,1.12973905460821e-06,9.58033379874227e-06
"Os07g0604800",11618.6865457881,-1.89285584960487,0.388878251189039,-4.86747675864425,1.13032119612704e-06,9.58033379874227e-06
"Os09g0297400",10405.2689207164,-1.52042510324607,0.312364435186391,-4.86747187572367,1.13034911518709e-06,9.58033379874227e-06
"Os07g0158200",1275.76518569995,-0.657716076111061,0.135151814384764,-4.86649830862506,1.13592895253123e-06,9.62482483433652e-06
"Os05g0207700",575.924187396175,-1.47093767865685,0.302269600095099,-4.86631033419857,1.13700934500233e-06,9.63117688922569e-06
"Os01g0253500",108.206348925944,-2.06320675320814,0.424006952440243,-4.86597387456497,1.13894563297807e-06,9.64477310950493e-06
"Os10g0463600",671.815405963153,-1.33032421089276,0.273405771075808,-4.86575029363187,1.14023407084428e-06,9.65287692183931e-06
"Os01g0273100",1764.19839175616,-2.11985193456413,0.43605879809381,-4.86139012406324,1.16564274227465e-06,9.85365687678443e-06
"Os01g0618200",699.092119261334,-1.19785225833977,0.246458068285107,-4.8602679826009,1.17226959327634e-06,9.90392663051744e-06
"Os09g0275400",14.2905717281583,-7.20488466138388,1.48281537130264,-4.85892229121854,1.18026443368202e-06,9.96568884827133e-06
"Os04g0599800",2975.99021847629,-1.46539127554084,0.301625113237255,-4.85831985212776,1.18386053925725e-06,9.99025981577789e-06
"Os02g0555700",1663.49266528415,-1.141149800168,0.234971336210055,-4.85654896709553,1.19449252601296e-06,1.00741417151895e-05
"Os02g0554900",1325.7820050647,-1.87242277348118,0.385555277644089,-4.85643144330041,1.19520135300961e-06,1.00772014482762e-05
"Os10g0520400",202.337645315367,-1.55269725562996,0.319806251013051,-4.85511853102144,1.20314754840475e-06,1.01383283867602e-05
"Os09g0416900",263.318129568832,-2.01336435631144,0.414718796887182,-4.85476995839942,1.20526575296445e-06,1.01532395886118e-05
"Os07g0200000",1893.79726484692,-0.80584649672449,0.166005469968303,-4.85433700996936,1.2079016879675e-06,1.0172502301038e-05
"Os07g0533600",99.7723459225162,-1.84981129130937,0.381070769377114,-4.85424608749972,1.20845595864468e-06,1.01742279351403e-05
"Os01g0174900",765.148726329673,-0.910229537200641,0.187538434825564,-4.85356262062909,1.21263026754213e-06,1.02034725950194e-05
"Os03g0255100",3308.706347055,-1.22300734562069,0.252032132069717,-4.85258500801946,1.21862520638852e-06,1.02509541480203e-05
"Os07g0516000",649.776066580568,-0.843249402344076,0.173825022224593,-4.85113933283175,1.22754269515171e-06,1.03229853792112e-05
"Os02g0730300",3150.82889555662,-0.769764864491597,0.158687547263403,-4.8508208600255,1.22951558059718e-06,1.03342890090315e-05
"Os10g0376200",1095.41207002938,-1.16238285542875,0.23985337177288,-4.84622270196568,1.25834259954222e-06,1.05667396723958e-05
"Os07g0624700",3083.44824133105,-1.61377178088623,0.333021874850904,-4.84584317954706,1.2607507526274e-06,1.05839098927688e-05
"Os03g0588100",28.5124097540837,-8.58106380102056,1.77203821265482,-4.84248236846126,1.28227016927053e-06,1.07614616338606e-05
"Os01g0769700",2124.58989136221,-1.60585563588858,0.331629147605431,-4.84232356378763,1.28329569530573e-06,1.07669654965985e-05
"Os03g0796400",106.301037095682,-1.6197124940528,0.334612191209107,-4.84056629317671,1.29469656237102e-06,1.08532392888223e-05
"Os02g0213450",41.6432206088739,-8.86098128204488,1.83112852220067,-4.83908211499851,1.30440148557856e-06,1.09251596384868e-05
"Os02g0128200",1880.52306688997,-0.87012311257002,0.179818063966696,-4.83890824634379,1.30554296702308e-06,1.09315762753439e-05
"Os03g0689100",1070.8697260648,-1.0982070943206,0.226963815841217,-4.83868800958523,1.30699024343424e-06,1.09405489707651e-05
"Os07g0164300",5312.18036709773,-0.723316802371454,0.149515123886199,-4.83775007886155,1.31317111368413e-06,1.09891290726176e-05
"Os12g0125500",772.496375604621,-1.42768771830259,0.295147150125991,-4.83720651781034,1.3167659846169e-06,1.10160468267778e-05
"Os05g0371500",2487.98253599532,-1.14686950461966,0.237173504847303,-4.83557176994974,1.3276346107425e-06,1.10974096251559e-05
"Os01g0872800",5046.9903806198,-0.592237456807775,0.122481382151773,-4.83532636881828,1.32927359103266e-06,1.11079212390396e-05
"Os01g0969000",1211.91566027033,-0.908132038189832,0.187829921389701,-4.83486353756002,1.332370037204e-06,1.11306024737392e-05
"Os11g0134100",53.8064765069395,-2.78101687828088,0.575293477861745,-4.83408379427033,1.33760239202653e-06,1.11611355956426e-05
"Os12g0145500",1864.42757302787,-0.675966048874088,0.139834790691112,-4.83403340136765,1.33794122534127e-06,1.11611355956426e-05
"Os03g0349600",3642.60006009707,-0.858793288192045,0.177693230762458,-4.83301071462924,1.344835461056e-06,1.12154347929189e-05
"Os01g0685600",78.1093703618479,-2.65348341551607,0.549091013888101,-4.83250198674135,1.34827765990358e-06,1.12409224196141e-05
"Os07g0661900",2063.29163577902,-0.667776980739154,0.138196468178528,-4.83208427495044,1.35111035145218e-06,1.12613152990814e-05
"Os12g0467000",40.3726215758841,-9.38285895955125,1.94220266370546,-4.83104010456356,1.35821639983004e-06,1.13173041475967e-05
"Os10g0530750",75.8232336915858,-2.10581831629592,0.4359798455511,-4.83008179801079,1.36476972741011e-06,1.13686567510404e-05
"Os04g0243700",261.861840309324,-3.40813640661249,0.705625411798538,-4.82995134475903,1.36566417304124e-06,1.13696032153536e-05
"Os06g0712200",1713.91700947351,-1.20997889027214,0.250515690706494,-4.82995251459021,1.36565614965273e-06,1.13696032153536e-05
"Os11g0250100",29.6473923540158,-6.6793492920921,1.38297913504719,-4.82968189672955,1.36751341394037e-06,1.13817449673539e-05
"Os12g0569200",6040.82028436002,-2.74264146761655,0.568180179107115,-4.82706290797853,1.38561362908762e-06,1.15225128801513e-05
"Os01g0611000",4260.33372219488,-2.12234464009339,0.439906769259683,-4.82453280649687,1.4033181864401e-06,1.16531030012856e-05
"Os03g0130700",1033.94068474173,-0.696082036177933,0.144308140861051,-4.82358120633099,1.4100332058389e-06,1.17055265166592e-05
"Os03g0338400",1655.04225404948,-1.65833406077886,0.343886484001292,-4.82232986153834,1.41891043452769e-06,1.17691568425848e-05
"Os01g0218200",1166.37444587984,-1.56085291546563,0.323689499315416,-4.82206842905543,1.42077185101442e-06,1.17812408443172e-05
"Os02g0743400",5332.46721315497,-1.33500790671567,0.276913864747526,-4.82102226240226,1.42824415315585e-06,1.1836461647184e-05
"Os11g0108800",2735.83754911841,-1.20702359277847,0.250373623668135,-4.82088957732366,1.42919455959274e-06,1.18409684109416e-05
"Os05g0455200",2246.25638361228,-0.918134108909105,0.190472653352031,-4.82029358415148,1.43347108933258e-06,1.18730219179588e-05
"Os07g0122000",471.071573630902,-6.74288115801117,1.39902537635931,-4.81969896468798,1.43775002308354e-06,1.19050771032809e-05
"Os02g0219300",34.085267277794,-2.77779164803393,0.576454937277239,-4.81874899216621,1.44461160451571e-06,1.19584932196437e-05
"Os03g0806700",756.138288435978,-1.53002790900868,0.317657209470836,-4.81660061031653,1.4602455284139e-06,1.20776115531013e-05
"Os03g0567100",140.979975496992,-2.80599274782649,0.582589658791892,-4.8164135862714,1.46161418660438e-06,1.20854992453983e-05
"Os02g0832200",1785.98394322537,-1.17054555907897,0.243069556742472,-4.81568146487032,1.46698378912043e-06,1.21264552673191e-05
"Os02g0130600",368.987487141438,-1.7441787662627,0.362200508194371,-4.8155061265864,1.46827258623106e-06,1.21336646584055e-05
"Os07g0671400",1299.03905369759,-1.86384010779721,0.387085853979958,-4.81505611386591,1.47158532023085e-06,1.21575908356774e-05
"Os03g0861400",573.317788487404,-3.07916003834017,0.639579681126643,-4.81434937538371,1.47680243137482e-06,1.21963330090642e-05
"Os08g0296600",218.510555404401,-2.33337374381271,0.484791776633127,-4.81314629554562,1.48572444114158e-06,1.22639646187429e-05
"Os06g0109100",331.101130937698,-1.98739188655937,0.413082370058299,-4.81112734556764,1.50081350361584e-06,1.23850073256731e-05
"Os12g0478400",11.4828186037704,-7.59357194314329,1.57863237715707,-4.81022184330112,1.50762873104487e-06,1.24377234859741e-05
"Os06g0256800",245.463182794917,-1.96218181919171,0.407935303232917,-4.81003189388434,1.5090621486447e-06,1.24460231925321e-05
"Os06g0686600",2241.87438078898,-0.925150925539147,0.192349873401676,-4.80972983853852,1.51134425145196e-06,1.2457788647264e-05
"Os10g0508000",312.035878911499,-1.25313607277254,0.260558900056454,-4.8094157309577,1.51372093101673e-06,1.24738486001894e-05
"Os03g0233200",75.5721547323919,-2.33310628391255,0.485246992016918,-4.80807984860462,1.52386901796495e-06,1.25503714765767e-05
"Os04g0433300",67.7152703492478,-3.63337166205025,0.755710921561353,-4.80788560597145,1.52535002616514e-06,1.25590170941423e-05
"Os04g0599900",7959.67592253236,-0.582396366289688,0.121169690818677,-4.80645252418122,1.53631944297439e-06,1.26350451336629e-05
"Os12g0114800",3969.92276039684,-1.69902986869471,0.35354989980639,-4.805629614448,1.5426525799386e-06,1.26799685105763e-05
"Os01g0856500",4295.49448209632,-1.1401811379999,0.237275704120592,-4.80530083021236,1.5451899236255e-06,1.2697240676022e-05
"Os08g0487900",168.885851122323,-2.09375883570154,0.435968090720304,-4.80255064594806,1.56657178213193e-06,1.28656806089245e-05
"Os08g0505300",2026.64173032725,-1.04047683113153,0.216701645992758,-4.80142560230625,1.57540038895229e-06,1.2930893496919e-05
"Os12g0621700",1799.94867893746,-1.81626450807705,0.378457168717151,-4.79912829827905,1.59357691394699e-06,1.30616793943046e-05
"Os07g0677300",1883.23864926456,-1.36705690262248,0.28489927363068,-4.79838676034893,1.59948696123033e-06,1.31027452278339e-05
"Os02g0646200",90.0429278065354,-3.33186636069814,0.694419675416359,-4.79805869368609,1.60210836557654e-06,1.31205286339483e-05
"Os04g0465300",741.683846977991,-2.25324134014084,0.469713553921396,-4.79705412230431,1.61016106487562e-06,1.3179064230272e-05
"Os01g0347500",1436.10067680093,-1.56324610269609,0.326014834832984,-4.79501524369877,1.62662461130594e-06,1.33079678752973e-05
"Os06g0334300",1628.43114184932,-1.26529315937292,0.26387812667229,-4.79499068501532,1.62682390069564e-06,1.33079678752973e-05
"Os04g0460400",224.994156977979,-3.274251113802,0.682875180845628,-4.79480175241892,1.62835784041159e-06,1.33167753519984e-05
"Os05g0566400",4876.75959508377,-0.570878042748385,0.11911312826371,-4.79273822348526,1.64520235985278e-06,1.34394342562784e-05
"Os12g0547500",825.746312565253,-1.652557628427,0.344817886778525,-4.79255192897934,1.64673129166766e-06,1.34481516197268e-05
"Os03g0266800",4748.48201735374,-1.05693290270612,0.220552566449265,-4.79220405240331,1.64958999569419e-06,1.34677207329986e-05
"Os04g0463000",288.964259122365,-1.34624686896637,0.281030586023359,-4.79039270428191,1.66455214329253e-06,1.35746534631658e-05
"Os07g0150100",3309.91283725882,-1.08936811056926,0.227452375635646,-4.78943386511076,1.67252508470735e-06,1.3635855407852e-05
"Os09g0548200",1444.75768453361,-2.05667025290418,0.429496448243585,-4.78856172458443,1.67980897606792e-06,1.36914069412398e-05
"Os12g0407350",10.7217367873821,-6.9957698835191,1.46098867175309,-4.78838064851291,1.68132509393307e-06,1.36999298784328e-05
"Os02g0623400",284.454494258586,-2.77430260285623,0.579473891020981,-4.78762312822784,1.68768194872234e-06,1.37440362725649e-05
"Os02g0608600",2333.29834577411,-0.944242572987797,0.197250441533966,-4.78702387505277,1.69272703760348e-06,1.37812683223619e-05
"Os03g0226800",11.6624869392158,-7.76929066151774,1.62357921346024,-4.78528586539335,1.7074413893432e-06,1.38923780581054e-05
"Os11g0528400",146.525628675933,-1.61435645912733,0.337365390176244,-4.78518694014217,1.70828259824447e-06,1.38923780581054e-05
"Os04g0433900",94.3697305644919,-2.37805687087873,0.497004919638974,-4.7847753149127,1.71178712392116e-06,1.39169917986689e-05
"Os09g0459450",77.1143690436106,-4.16041623747755,0.869712338269752,-4.78366932882025,1.72123760867394e-06,1.39860160825342e-05
"Os01g0886350",392.295426234619,-1.22329245072916,0.255776770320831,-4.78265656883045,1.72993545555349e-06,1.40449345794895e-05
"Os08g0505200",4476.81422702622,-1.25678172141637,0.262833601812646,-4.78166304745247,1.7385091110734e-06,1.41106082309587e-05
"Os03g0165400",2762.29911568547,-1.57010240555584,0.328440518610147,-4.78047718411846,1.74879605818982e-06,1.41901473409317e-05
"Os11g0670800",63.080605604357,-2.49862460845992,0.522748831910379,-4.77978037622529,1.7548678790927e-06,1.42354491295091e-05
"Os12g0573900",17.729994860611,-8.18880727466931,1.71334144865882,-4.77943686069079,1.7578686436112e-06,1.42558202838333e-05
"Os11g0557800",2835.65420503194,-1.23758671570812,0.258969872865211,-4.77888297204463,1.76271750115515e-06,1.42911634378175e-05
"Os07g0181000",3650.2421301211,-0.636241844366303,0.133139117179501,-4.77877469705997,1.76366686378786e-06,1.42948807145088e-05
"Os03g0817800",1984.6653712537,-2.31841727692321,0.485325639795859,-4.77703440085794,1.77899348630676e-06,1.44056725920215e-05
"Os10g0516200",803.871612714192,-1.63168053069686,0.341570271694049,-4.7769980759871,1.77931475563153e-06,1.44056725920215e-05
"Os02g0799300",2801.3850002889,-0.634240677114764,0.13277728805998,-4.77672564624346,1.78172599320838e-06,1.44211852068411e-05
"Os04g0512300",466.406034743228,-2.57784533950615,0.539795163742407,-4.77559917660973,1.79172959485316e-06,1.44981242737743e-05
"Os03g0608000",617.471782691774,-2.45803126510812,0.514717459778911,-4.77549618418605,1.79264690608793e-06,1.45015175553035e-05
"Os02g0164800",1965.15872871356,-1.16525503553982,0.244059444231059,-4.77447221602551,1.80179155175508e-06,1.45673996585817e-05
"Os02g0614300",1182.52488493472,-1.80411438720024,0.377879752483803,-4.77430816375263,1.80326079610689e-06,1.45752320022827e-05
"Os07g0645000",5145.0804556059,-1.77509298380706,0.371833588743532,-4.77389089513216,1.80700302395025e-06,1.45933283592566e-05
"Os11g0153400",1004.22834096159,-1.27176445944733,0.266462852361888,-4.77276456427074,1.81714169443505e-06,1.46670732886191e-05
"Os08g0127300",1351.77536507617,-0.954613395903843,0.200074466388556,-4.77129047566683,1.83049331481224e-06,1.47666554886322e-05
"Os10g0169900",29.0833170578449,-6.51974051268246,1.36669198694023,-4.77045345621652,1.83811656042332e-06,1.48240461015364e-05
"Os10g0169200",6802.36583430032,-1.86573078055851,0.391123452940496,-4.77018385507645,1.84057847064576e-06,1.48397913128864e-05
"Os02g0189200",226.558211286326,-1.64981407801385,0.345869620477122,-4.77004622648832,1.84183647152708e-06,1.48458238925579e-05
"Os03g0831200",2752.64139949065,-1.26786914141754,0.265806205819424,-4.76990045250813,1.84316982670684e-06,1.48524603468059e-05
"Os03g0105600",9815.63248641744,-1.98613228749226,0.416497131257091,-4.76865778522321,1.85457388238492e-06,1.49360897684772e-05
"Os03g0705300",2158.58221619987,-0.64867091542581,0.136069089783198,-4.76721727513097,1.86787840761402e-06,1.50307695458788e-05
"Os07g0693000",1366.8154243216,-1.52707223786888,0.320334384757311,-4.76711933071376,1.86878634239263e-06,1.50339215091598e-05
"Os04g0526200",26.6105702183172,-8.68708613799317,1.82256753888019,-4.76640012107899,1.87546634335664e-06,1.50793293349619e-05
"Os04g0676300",1539.71092562344,-1.31033631354257,0.274986605924015,-4.76509140923266,1.88768052535831e-06,1.51733459176055e-05
"Os01g0110500",988.527230493682,-1.44703097615555,0.303761875413172,-4.76370174561019,1.90073388177703e-06,1.52740541128893e-05
"Os05g0511500",736.367538558461,-1.17752948834162,0.247366905810814,-4.76025474985001,1.93348753741344e-06,1.55115768772876e-05
"Os07g0499300",2194.82827090092,-1.16354237555815,0.24464833332669,-4.75597916297439,1.97486840243404e-06,1.58304755341823e-05
"Os03g0807100",1548.67882482832,-1.80411106697221,0.379418716095547,-4.75493429933458,1.9851096374184e-06,1.59081901103188e-05
"Os01g0876800",4709.24049455058,-1.14125911898065,0.240023559358325,-4.75477958093644,1.98663044023712e-06,1.59140864822677e-05
"Os12g0285600",1579.6671605682,-1.65315488041442,0.347708107624863,-4.75443294005092,1.99004180699712e-06,1.59345607652929e-05
"Os03g0799200",410.160898382514,-2.04509528435121,0.430295083896018,-4.75277399368434,2.00644590863862e-06,1.60473614260131e-05
"Os05g0210400",106.016859900598,-2.56915312163769,0.540560507124847,-4.7527577168051,2.00660750040873e-06,1.60473614260131e-05
"Os06g0595800",733.387857781623,-1.05818346419545,0.222651684290349,-4.75264073374593,2.00776923950879e-06,1.605002904007e-05
"Os06g0275500",3553.28418438573,-0.94780255744483,0.199463878247715,-4.75175037090049,2.01663247986676e-06,1.6112035961229e-05
"Os01g0323000",2560.45216738674,-1.28050496363906,0.26949951890112,-4.75141836564421,2.01994708274813e-06,1.61340918660974e-05
"Os03g0339700",1160.89827084215,-1.86978557194943,0.39365372086404,-4.74982318938937,2.03594577270093e-06,1.6248509945902e-05
"Os02g0234800",7491.7368334074,-0.700176131583191,0.147477863465852,-4.74766934595113,2.05774079710597e-06,1.64134559006629e-05
"Os11g0107700",629.414839770363,-2.04956500317318,0.431704667236085,-4.747609091871,2.05835372691307e-06,1.64138491881605e-05
"Os04g0175500",149.028456850751,-1.50466622558513,0.317042104529783,-4.74595078725191,2.07529169173883e-06,1.65398589619098e-05
"Os11g0103100",972.906218058404,-1.45596641649548,0.306785276736966,-4.74588100179205,2.0760074096048e-06,1.65410363290043e-05
"Os01g0260100",1417.53897598514,-1.13192562542421,0.238566757281852,-4.7446913321914,2.08824516274178e-06,1.66248976570164e-05
"Os12g0601300",5768.12944189623,-1.50770565894213,0.317888196350874,-4.74288028385293,2.10700796146214e-06,1.67651054245083e-05
"Os02g0816000",221.750760112503,-1.66470564155162,0.35103905976833,-4.74222339431473,2.11385339103068e-06,1.68149790913946e-05
"Os09g0453200",280.584524509885,-6.85154131377071,1.44489716002491,-4.74188856018831,2.11735090298389e-06,1.68382012552422e-05
"Os09g0458300",476.303149617603,-1.52642084268856,0.321911736910989,-4.74173715235063,2.11893425871084e-06,1.6846192596827e-05
"Os05g0181000",5055.00643502263,-0.539994653207248,0.113889863371125,-4.74137589793752,2.12271669135067e-06,1.68716581565268e-05
"Os03g0713100",7136.12419239563,-1.27823828066615,0.269872522837479,-4.73645211163613,2.17492103567165e-06,1.72630281822921e-05
"Os03g0233800",1711.76706688065,-0.988501346376034,0.208715033970034,-4.73612910183537,2.17838849564399e-06,1.72858391744262e-05
"Os05g0415700",490.883319983951,-1.91916548549692,0.405245204421626,-4.73581294622842,2.18178751771739e-06,1.73080948218376e-05
"Os01g0598600",1232.10140366716,-1.90232411615094,0.401804557351344,-4.73445131805093,2.19648481882443e-06,1.74105797197473e-05
"Os01g0765500",557.786818530717,-1.89797812359447,0.400886724596644,-4.7344499259838,2.19649989321995e-06,1.74105797197473e-05
"Os05g0377000",864.649602012125,-0.74751436838163,0.157893838584236,-4.7342845996035,2.19829088376469e-06,1.74200345896586e-05
"Os04g0320000",131.207708927079,-1.42744890572532,0.301552015240539,-4.73367390560029,2.2049187339609e-06,1.74678028755194e-05
"Os03g0729500",4504.73125348683,-2.01365319629037,0.425485484318775,-4.73260139417997,2.2166051511663e-06,1.75460655646276e-05
"Os02g0489800",757.713951060582,-1.65371286862768,0.349536718378166,-4.73115636119956,2.23244477051318e-06,1.76618464023051e-05
"Os01g0108800",912.538331861336,-1.9967648073116,0.422053436613523,-4.7310710779499,2.23338298516575e-06,1.76644702047792e-05
"Os02g0785900",699.579312171549,-0.641510061042595,0.135668049054085,-4.72852720677697,2.26154325205332e-06,1.78726357086287e-05
"Os09g0497700",3907.36955003002,-1.47878112576467,0.312783335472784,-4.72781301960809,2.26951029291966e-06,1.79307321623457e-05
"Os02g0753300",5397.25108642292,-1.27156803426405,0.268960652854995,-4.7277102459652,2.2706589894361e-06,1.79349419827388e-05
"Os02g0478600",13959.0098202953,-1.30957576263853,0.277099550903329,-4.72601185519568,2.28972286612234e-06,1.80757140979167e-05
"Os07g0207400",3927.39208425886,-1.36039785240514,0.287866102431991,-4.7258007834616,2.29210278581394e-06,1.80895981919983e-05
"Os07g0122400",2605.2685859534,-0.595239172369821,0.126096026242641,-4.72052284363369,2.35239186724323e-06,1.8540285780205e-05
"Os07g0639900",647.153245924241,-1.88589422167926,0.399507189565928,-4.72055139665527,2.35206165136399e-06,1.8540285780205e-05
"Os08g0103500",2912.67906755555,-0.92038353341517,0.194990218613721,-4.72015232332481,2.35668097553988e-06,1.85590220036972e-05
"Os05g0518200",224.238379417598,-1.86944245017552,0.396072014237306,-4.71995592461993,2.35895751223683e-06,1.85719277294839e-05
"Os04g0666800",545.628666086881,-1.79945290745762,0.381313011009502,-4.71909653094103,2.36894394841117e-06,1.86404716740422e-05
"Os12g0433500",1498.77836563675,-1.68527586648025,0.357144426446328,-4.71875169171516,2.37296249360054e-06,1.86670485517652e-05
"Os10g0487300",1016.50851026979,-0.531697338613506,0.112686004972982,-4.71839727338802,2.37709948742399e-06,1.86894954840068e-05
"Os03g0297300",8215.90957519948,-1.1518771019112,0.244211160657849,-4.7167258810298,2.39670253589768e-06,1.88334514976827e-05
"Os11g0257700",178.377272978165,-2.43890207122179,0.517189144051592,-4.71568689960457,2.40896643159995e-06,1.89094125124134e-05
"Os08g0230200",2494.354351889,-1.35854828937663,0.288183194486797,-4.71418290645283,2.42682599819856e-06,1.90393390947032e-05
"Os06g0687400",1445.54037723441,-0.958796408909399,0.203389559821037,-4.71408861769033,2.42794987929243e-06,1.90430262280512e-05
"Os02g0669900",505.42844816083,-1.74551489995463,0.370307881343119,-4.71368552466016,2.43276020977673e-06,1.90756173476354e-05
"Os12g0540200",782.300912471432,-1.4552813456465,0.308829763910664,-4.71224446510107,2.45003209705964e-06,1.92007090232968e-05
"Os01g0103000",1308.15594116676,-1.5047672577912,0.319362144708508,-4.71178968053541,2.45550733364426e-06,1.923844083142e-05
"Os11g0147500",2577.98988269941,-1.57844658631251,0.335007118648369,-4.71168073287805,2.45682071784695e-06,1.9243553777606e-05
"Os07g0166700",2133.96121937648,-1.38148840422714,0.29327028380704,-4.71063207050361,2.46949707071348e-06,1.93272648153721e-05
"Os04g0569300",813.849966257523,-1.69604451551746,0.360132739113366,-4.70949828025373,2.48327309327217e-06,1.94298439071124e-05
"Os02g0822200",4007.64015727452,-0.786437324697889,0.166994081589241,-4.70937243531962,2.48480670216761e-06,1.94366212142157e-05
"Os03g0809400",1089.89208767912,-0.918350458219621,0.195119271358201,-4.7066107403287,2.51869189584348e-06,1.96910994337594e-05
"Os10g0556100",7521.4225361471,-1.88335448918489,0.400221192192795,-4.70578401624879,2.5289215282506e-06,1.97657683160799e-05
"Os01g0718300",3863.84031025561,-0.959712777693531,0.203978435079285,-4.70497176488533,2.53901091257525e-06,1.98339795590173e-05
"Os06g0296900",70.9371811776639,-2.73161921621925,0.580626347279413,-4.70460775508819,2.54354498933921e-06,1.98640700401009e-05
"Os12g0624000",52796.6977642945,-1.0162824266913,0.216027344234694,-4.70441568539211,2.5459405253321e-06,1.98774477154749e-05
"Os09g0437100",208.103169735853,-1.82302619869808,0.387614372968491,-4.70319556196197,2.56120882663465e-06,1.99859387591785e-05
"Os01g0644600",1856.14219858694,-1.15893924258523,0.246528332543807,-4.70103874320122,2.58841393542438e-06,2.01830317977516e-05
"Os12g0601000",806.215777477397,-1.78349017265426,0.379389284068726,-4.70095031026545,2.58953528578691e-06,2.01853443770574e-05
"Os05g0145600",5931.76310275128,-0.636739413002,0.135451711203224,-4.70085912791957,2.59069198754949e-06,2.0188956933748e-05
"Os05g0349400",12.0654010938189,-7.41946173383842,1.57886728697371,-4.69923076819184,2.61143238745996e-06,2.03396988466458e-05
"Os03g0664650",152.495925433825,-1.93716094407971,0.412306313299038,-4.69835382480482,2.62266793361315e-06,2.04162885759642e-05
"Os02g0192500",6192.62609377072,-1.66080822676791,0.353580332307525,-4.69711710470204,2.63859188092495e-06,2.05347602234892e-05
"Os03g0328900",1664.12770602389,-0.915086614332043,0.194851473735231,-4.69632893603611,2.64878867145044e-06,2.06086090542291e-05
"Os01g0322700",1549.25888358849,-2.66468987128694,0.567465996477302,-4.69577012160855,2.65604113388657e-06,2.06524968733786e-05
"Os04g0650500",925.902667692989,-0.911311347585272,0.19407233049748,-4.69573042818232,2.65655701145787e-06,2.06524968733786e-05
"Os02g0235600",6531.58307715645,-0.809965947734049,0.172571711222258,-4.69350359915525,2.68565263335072e-06,2.08564202635839e-05
"Os10g0552800",12101.0256422424,-2.1068145820627,0.44898116805133,-4.69243418650878,2.69973398384379e-06,2.09545983682033e-05
"Os01g0832300",3006.07618960692,-0.997616196948422,0.212630938738296,-4.69177346847101,2.7084692841644e-06,2.10167978932683e-05
"Os04g0450701",5514.05591566983,-2.40783934564828,0.513299435927911,-4.69090588672776,2.71998071279477e-06,2.10948810434112e-05
"Os04g0649700",402.522603619606,-1.99603838301248,0.42552947869462,-4.69071705475175,2.72249242690959e-06,2.1103120696423e-05
"Os03g0287700",1494.9620635957,-1.26403104596074,0.26952106214724,-4.68991564477508,2.73317702640332e-06,2.11746691574668e-05
"Os06g0140400",607.20623758937,-2.22163117801456,0.473926029980753,-4.68771714882339,2.7626949393709e-06,2.13976601128615e-05
"Os01g0514700",815.475204749874,-1.24931600179926,0.266585457770292,-4.6863621603687,2.78103968847678e-06,2.1534016965653e-05
"Os09g0557900",1048.21829756497,-1.5233263589133,0.325258498293619,-4.6834329215225,2.82109802560888e-06,2.1820987171788e-05
"Os12g0273700",474.533661198204,-1.81677938158889,0.387968859467195,-4.68279692366008,2.82986837629292e-06,2.18830129724914e-05
"Os04g0641700",330.328931042885,-2.68976146078444,0.574422644835164,-4.68254774593069,2.83331164180361e-06,2.19038231039566e-05
"Os04g0654600",712.416373514637,-1.28521122935308,0.274514421946078,-4.68176214656414,2.84419379302841e-06,2.19821156158634e-05
"Os06g0104400",8286.43001573424,-1.23455988667823,0.263711421408177,-4.68148053689096,2.84810441634092e-06,2.19948281126174e-05
"Os11g0233800",618.639466978403,-1.30626734899506,0.279025709015402,-4.68153043532974,2.84741111682032e-06,2.19948281126174e-05
"Os03g0111700",1622.69889679933,-0.745523110573727,0.159272705838932,-4.68079641547405,2.85762609372925e-06,2.20537509594013e-05
"Os03g0629900",493.033533406109,-1.1751617196142,0.251068128089319,-4.68064874883731,2.85968533845682e-06,2.20608626295469e-05
"Os03g0314750",477.280193770198,-2.19102285619751,0.46811099941673,-4.68056264203906,2.86088677439986e-06,2.20642861875193e-05
"Os09g0320400",750.561981992417,-1.2657018127471,0.270680382204904,-4.67600127662362,2.92522785252757e-06,2.25068653953257e-05
"Os06g0531900",2198.62268963074,-1.80885274606056,0.386892687643054,-4.67533454064504,2.93474812291248e-06,2.25681898165982e-05
"Os07g0516050",526.117587164911,-1.30573063388707,0.279310038970431,-4.67484319110101,2.94178308260549e-06,2.2616316507824e-05
"Os01g0729200",964.106387707896,-0.503960071535455,0.107811336102273,-4.67446272122428,2.94724162027827e-06,2.26523015217059e-05
"Os09g0298500",682.39058324948,-2.2117791347022,0.473256738649218,-4.67352908912637,2.96067749414302e-06,2.27495646396921e-05
"Os07g0124400",151.781411801033,-2.69106688177105,0.57587061688054,-4.67304078882929,2.96772799496152e-06,2.27977247874622e-05
"Os04g0261400",241.326880464302,-2.42476962494368,0.518913843043033,-4.67277883882276,2.97151689061611e-06,2.28208108883234e-05
"Os03g0717000",2729.72885135209,-1.44888062277007,0.310210052737664,-4.6706436815423,3.00257377252683e-06,2.30410944409819e-05
"Os12g0158800",1217.22389136104,-0.982097164810298,0.210289803686339,-4.67020819647138,3.00894623125257e-06,2.30839125781184e-05
"Os12g0165600",155.785941473985,-1.89336104945913,0.405572319975775,-4.66836851581051,3.03600976666548e-06,2.32731446235409e-05
"Os04g0563700",2393.87327591367,-1.72459500895423,0.369672445035238,-4.66519761512071,3.08320587776276e-06,2.36287162032124e-05
"Os02g0331400",179.88288480608,-1.64514448967171,0.352728253109779,-4.66405646604014,3.1003624846039e-06,2.37227420590212e-05
"Os06g0550000",5239.44787785772,-1.6695111326432,0.358114213147862,-4.66195161026428,3.13224847224678e-06,2.39478445809322e-05
"Os01g0969100",3241.18304638905,-1.13108311254298,0.242761362063146,-4.65923861577598,3.17381125653537e-06,2.42528815042831e-05
"Os09g0415700",1967.7803351007,-1.4560497739198,0.312506007759576,-4.65926970287241,3.17333202331313e-06,2.42528815042831e-05
"Os03g0287800",1000.47673078982,-1.73071041071298,0.371582833146207,-4.65767052815381,3.19807488913708e-06,2.44318827181138e-05
"Os02g0829900",1216.21387287097,-1.18631664697907,0.254710624137408,-4.65750751856777,3.20060738469499e-06,2.4444817271725e-05
"Os02g0810500",660.664908696284,-1.63052870590389,0.350182352291548,-4.65622752041593,3.22056022899321e-06,2.45843132342701e-05
"Os06g0234600",284.110720554747,-2.34899134809025,0.504533325585757,-4.65577044957953,3.2277139970163e-06,2.46288418334575e-05
"Os11g0618300",40.7878234305955,-9.02758490732881,1.93910099012267,-4.65555169808753,3.23114313974343e-06,2.46457177882682e-05
"Os10g0133500",13.5945307733413,-7.45161352518179,1.60065542912401,-4.65535142017407,3.23428575494635e-06,2.46632285298632e-05
"Os04g0405500",605.744114559223,-2.2059544324583,0.47390989058433,-4.65479720150672,3.24299743871355e-06,2.47231862330409e-05
"Os01g0829100",159.033843525845,-2.06335278076257,0.443513217207846,-4.65229152301816,3.2826655092151e-06,2.49994207529713e-05
"Os12g0562900",3710.5604015692,-0.763361146631344,0.164086597764764,-4.65218462098716,3.28436821259881e-06,2.50058486502752e-05
"Os04g0514800",2413.98972363619,-1.38783607847217,0.298336821223397,-4.65191012219357,3.28874422755732e-06,2.50326213787047e-05
"Os08g0282500",259.92971743586,-1.4089774487522,0.302930142714981,-4.65116292530147,3.30068426349758e-06,2.5116939409871e-05
"Os03g0267600",2294.4932222256,-0.909595927018839,0.195580038446748,-4.65076054919839,3.30713135278615e-06,2.51594250929567e-05
"Os02g0753500",267.440667366194,-1.65716238196927,0.356332324718249,-4.65060918422033,3.30955972964525e-06,2.51713236998508e-05
"Os02g0797400",2349.14210719213,-1.83344442555238,0.394243662894654,-4.65053619908734,3.31073125487323e-06,2.5173659426741e-05
"Os03g0275300",2145.55580499339,-0.85991183413429,0.185061106704949,-4.64663726184932,3.37389667344654e-06,2.56284225937425e-05
"Os05g0235800",2047.71058068568,-1.67998607589114,0.36158456858685,-4.64617746951117,3.38142135395592e-06,2.56776408526478e-05
"Os04g0495400",2988.0465710972,-1.99118112840983,0.428834378725694,-4.64324043778099,3.42986811204322e-06,2.60116195726361e-05
"Os07g0658700",536.386322978404,-1.32300704906151,0.284970371084036,-4.64261264786495,3.44030959277334e-06,2.60840135279211e-05
"Os03g0328100",311.649072770498,-1.8982181206053,0.408874870668097,-4.64254043664663,3.44151257163767e-06,2.60863428191651e-05
"Os12g0100100",2108.29650400141,-0.999824427209264,0.215415496728353,-4.64137651373374,3.460958296482e-06,2.62132711339789e-05
"Os04g0569900",2148.05463684203,-1.37260492020484,0.295875117569072,-4.63913603645433,3.49868707898402e-06,2.64783693124149e-05
"Os03g0227900",296.426932707017,-1.36700672858319,0.294701497533423,-4.63861480184083,3.50752084861812e-06,2.65383273976245e-05
"Os02g0116300",327.464873456304,-1.93779187718791,0.417831949948268,-4.63773025836781,3.52256085958593e-06,2.66451993124316e-05
"Os10g0454300",81.4674702570911,-4.4103433116548,0.950982508760577,-4.63767027366554,3.52358302324843e-06,2.66460100760947e-05
"Os08g0476050",89.4529784680102,-1.93489005275949,0.417328522015682,-4.63637146920618,3.54578504955905e-06,2.68069450190184e-05
"Os10g0457500",1923.97053278983,-0.45868169776301,0.0989503352412363,-4.63547391370393,3.56120635422126e-06,2.69165459246384e-05
"Os04g0191600",16.9792565548948,-7.57564086717583,1.63453666001953,-4.6347329200223,3.57398613954415e-06,2.69991243465122e-05
"Os03g0266100",7697.56047816056,-1.02321173389292,0.220790929864295,-4.63430148385994,3.58144728384259e-06,2.70414591133171e-05
"Os02g0104800",2586.19317543276,-0.755225824456828,0.162996964586534,-4.6333735500693,3.59754536332341e-06,2.71516777578441e-05
"Os03g0781700",1039.75567335666,-1.09129809871993,0.235533709930782,-4.63329898315039,3.59884198012768e-06,2.71516777578441e-05
"Os04g0455600",4177.98232621135,-1.93676752338819,0.418033714886899,-4.63304143760795,3.60332379223119e-06,2.71784500070854e-05
"Os02g0264800",1594.16159448098,-2.3937226864348,0.516678867583369,-4.63290224667174,3.6057482224371e-06,2.71896943899051e-05
"Os03g0121300",3204.40904999961,-2.30807093362143,0.498411185549478,-4.63085701232181,3.64155297718295e-06,2.74241804503548e-05
"Os04g0467901",2098.86988821903,-1.74236562515792,0.376314243006678,-4.63008152770609,3.65521786695362e-06,2.75057505740112e-05
"Os06g0192100",130.960908809141,-2.70263901329285,0.583710596605494,-4.63010099355701,3.65487425658702e-06,2.75057505740112e-05
"Os02g0538700",2475.58041172208,-1.47829717013654,0.319286024926794,-4.63000900360572,3.65649833193066e-06,2.75064016651053e-05
"Os03g0751600",1059.94358352547,-1.18377243447209,0.255719755117615,-4.62917866446271,3.67118924586013e-06,2.75974117754101e-05
"Os03g0823800",750.065985158003,-1.87505938030064,0.405091850106179,-4.62872649698868,3.67921307480124e-06,2.76505917843514e-05
"Os03g0237250",293.37031480796,-1.94244349102009,0.419781841900288,-4.62726896958415,3.70519187801496e-06,2.78364856115108e-05
"Os07g0637600",292.123547091041,-1.67084493378823,0.361146172383757,-4.62650600104594,3.71886097125697e-06,2.79197394186505e-05
"Os02g0685900",2013.70097002347,-0.689761560470895,0.149106186140737,-4.62597547642892,3.7283941559713e-06,2.79840965490196e-05
"Os06g0589500",3653.15954315931,-2.29918192211918,0.49715319270853,-4.62469507556222,3.75149872974354e-06,2.81430051539391e-05
"Os03g0249900",1554.91757122103,-1.39914301922818,0.302577450066255,-4.62408226033305,3.76260536209582e-06,2.82190557185049e-05
"Os03g0341200",286.042012613408,-1.28232396283392,0.277326389118273,-4.62388006749346,3.76627680575523e-06,2.8232049713566e-05
"Os03g0223000",7171.22032506753,-1.40906572866832,0.304780418896981,-4.62321606410221,3.77835803805747e-06,2.83007568889685e-05
"Os02g0162500",19396.7865149914,-1.14805705356251,0.248335660982372,-4.62300520602236,3.78220226793848e-06,2.83222665073038e-05
"Os04g0103400",73.5206003575088,-1.85622877306392,0.401732242424446,-4.62056209843058,3.82701772202384e-06,2.86431277565608e-05
"Os03g0806800",2675.38560168379,-1.90864687260645,0.413239396580932,-4.61874373159541,3.86070311279304e-06,2.88878201569267e-05
"Os01g0926700",5102.06921317653,-1.62369991763296,0.351738177104462,-4.61621746891222,3.90797435259071e-06,2.92040105455855e-05
"Os01g0922100",381.276543952046,-2.17414818296363,0.470986071329609,-4.61616237785109,3.90901136790552e-06,2.9204266048267e-05
"Os08g0431300",3914.62395257254,-1.29141741845857,0.279777702914636,-4.61586968870282,3.91452527303758e-06,2.92379597336241e-05
"Os01g0304300",1349.44167899897,-1.53725928288043,0.33304645054604,-4.61575038665042,3.91677491554734e-06,2.92472613052742e-05
"Os03g0256800",262.84273369902,-1.86142108423442,0.403288399729122,-4.61560780197171,3.91946521700271e-06,2.92598477440535e-05
"Os08g0116900",1030.18543351937,-1.0804397946766,0.234095765901155,-4.61537520987374,3.9238575886437e-06,2.92776276444996e-05
"Os03g0643522",15.0843513569167,-7.67726168810651,1.66352190305712,-4.61506498591795,3.92972333779466e-06,2.93063772197839e-05
"Os09g0427125",64.3778437381472,-2.74124612009296,0.594161328371307,-4.61363940936238,3.95678651837684e-06,2.95006495105403e-05
"Os11g0558500",159.996374649536,-2.31846015650308,0.502534790422255,-4.61353164137153,3.95883963495296e-06,2.95084023161249e-05
"Os02g0773200",485.072585299088,-1.23273687026706,0.26726907022047,-4.61234391712509,3.98153502898692e-06,2.96699752083309e-05
"Os11g0446000",2767.32720806065,-1.15862691901137,0.251246520870188,-4.6115142808684,3.99746188688815e-06,2.97810399258012e-05
"Os03g0805100",3503.91514695489,-1.0608728358477,0.230064047557558,-4.61120651883814,4.00338562977174e-06,2.98175438133536e-05
"Os01g0279400",117.190516940309,-3.24430190648229,0.703713997970308,-4.61025631981131,4.02172800634311e-06,2.99311942245653e-05
"Os12g0111000",10.4119182056108,-7.63561256464871,1.65632432455442,-4.60997429757776,4.02718756701734e-06,2.99565150259717e-05
"Os02g0625300",454.741932612315,-2.10974255955473,0.457832446756029,-4.60811061885916,4.06344477796631e-06,3.02184981675013e-05
"Os02g0760200",2883.22322238697,-1.23665518059332,0.268394081201168,-4.60760973214761,4.07324256346096e-06,3.02836277592826e-05
"Os02g0236200",9102.53388653428,-0.390877622901606,0.0848641798485395,-4.60591999591844,4.10646258638331e-06,3.04839162479365e-05
"Os05g0582000",115.97460807418,-2.6130042899591,0.567412194957665,-4.60512536244318,4.1221746037164e-06,3.05927545385905e-05
"Os04g0393900",845.040163393477,-1.00024274189972,0.217211684882426,-4.60492142695333,4.12621623117087e-06,3.06149475373651e-05
"Os10g0467600",9083.76417308306,-0.620511992713075,0.134767662732623,-4.60430922471483,4.1383717801955e-06,3.0697316093442e-05
"Os09g0502350",226.560090861363,-1.80577763243667,0.392304120435149,-4.60300450179743,4.16439223819448e-06,3.08667423671926e-05
"Os01g0929000",1511.49558784582,-1.53418392832983,0.333415869260121,-4.60141243946882,4.19635559576541e-06,3.10799256510377e-05
"Os06g0513943",6141.79050322915,-3.44637637562407,0.749017691887385,-4.60119488892157,4.20074150732572e-06,3.11044989006711e-05
"Os10g0318900",230.070358253373,-1.59715393261865,0.347156074414216,-4.60067978160445,4.21114381038381e-06,3.11735968596841e-05
"Os04g0299500",20.9644337583415,-8.09337029809157,1.75929017140374,-4.60036123070809,4.21758911442652e-06,3.12054446621771e-05
"Os01g0906000",614.832009734249,-1.53833266226217,0.334483011668123,-4.59913540777526,4.24247972302395e-06,3.13816343647202e-05
"Os07g0105700",2124.50086699062,-1.49589748745383,0.325455187717499,-4.59632399146852,4.30009887560774e-06,3.17836242272712e-05
"Os04g0579700",1001.91880992707,-1.36162502243962,0.296280838544377,-4.59572420926463,4.31248791371723e-06,3.18671081002977e-05
"Os06g0725550",103.053982589025,-2.51753183074385,0.547917572941202,-4.59472730036716,4.33315565886526e-06,3.19954764445928e-05
"Os01g0178400",602.36843654662,-1.29072392174585,0.280947811531502,-4.59417681422704,4.34460888107134e-06,3.20719137730189e-05
"Os01g0962600",8033.46396934995,-1.86642633312642,0.406341368526343,-4.59324715053082,4.36401702300831e-06,3.21907051023425e-05
"Os03g0161400",541.561496175914,-1.86746232569092,0.406578020772866,-4.59312168951251,4.36664256534895e-06,3.22019156211932e-05
"Os01g0214600",1633.56537010837,-1.22093502989324,0.265827273764726,-4.59296374146259,4.36995012097502e-06,3.22181487146923e-05
"Os01g0348800",156.221462763625,-2.69695825745954,0.58721898838407,-4.59276404681859,4.37413531893254e-06,3.22408425102388e-05
"Os01g0728200",486.176859919557,-1.28121321868488,0.278977604970882,-4.59253071162684,4.37903042041663e-06,3.22687560484244e-05
"Os05g0429700",1693.8585469509,-1.65675209261658,0.360974352183247,-4.5896670569424,4.43953567742146e-06,3.26814386927125e-05
"Os07g0614500",30481.5732812189,-0.701949907990934,0.152944852124589,-4.58956217381624,4.44176685480929e-06,3.26814386927125e-05
"Os03g0330300",2835.61839045855,-0.906131864338239,0.19744933128908,-4.58918679755667,4.44976103532143e-06,3.2731988095638e-05
"Os02g0160800",613.01123044967,-2.12639740338181,0.46345749936467,-4.58811737062573,4.47261167503244e-06,3.2883463064957e-05
"Os02g0581600",10.8223600773306,-7.6092405043587,1.65879117329899,-4.5872202763326,4.49186671722799e-06,3.29917131246188e-05
"Os02g0590800",4949.86348481476,-0.615514364019573,0.134189275132816,-4.58691175885972,4.49850700406478e-06,3.30321535482538e-05
"Os02g0741800",1064.75289636864,-1.72048828362542,0.375255833150478,-4.5848408782376,4.54332303541831e-06,3.33360174949489e-05
"Os06g0278000",53.0777022680375,-8.27922792721742,1.80587611528889,-4.58460459005128,4.54846366154687e-06,3.33653296603446e-05
"Os06g0185500",186.246300688961,-2.21252596303755,0.482775695872998,-4.58292739661772,4.58511273075031e-06,3.36003152855839e-05
"Os11g0442380",2290.8344587299,-1.25523060548077,0.273987206913964,-4.58134750019527,4.61989433997012e-06,3.38466825078264e-05
"Os01g0265100",6079.40647153545,-1.89457488721971,0.413597831350297,-4.58071765278455,4.63383085126339e-06,3.39317128615772e-05
"Os03g0297100",26613.1168207062,-1.24828965510529,0.272582452664585,-4.57949381151588,4.6610257847329e-06,3.4113695125155e-05
"Os03g0722400",2309.04344144716,-1.55378102070448,0.339314852533777,-4.57917184910085,4.6682054606307e-06,3.41490779765102e-05
"Os03g0127700",1870.58059951395,-1.44712455659237,0.316274118328902,-4.57553897940983,4.74995513016315e-06,3.46861066450881e-05
"Os10g0512700",2339.42790082381,-0.657496263040954,0.143700793335432,-4.57545325798029,4.75190056285052e-06,3.46916139862955e-05
"Os01g0296700",673.171876873076,-1.85530750390854,0.405592101193267,-4.57431862812455,4.77772280082947e-06,3.48713893247509e-05
"Os06g0683300",2334.24073376049,-1.11863861970492,0.24457189458899,-4.57386414569353,4.78810369842083e-06,3.49384003772015e-05
"Os04g0642000",2805.26016575295,-1.5977767283143,0.349389939351289,-4.57304732723814,4.80681509263655e-06,3.50573676753723e-05
"Os02g0143400",83.1307069460223,-2.10480027164366,0.460330753981735,-4.57236509496208,4.82249709089145e-06,3.51629344719431e-05
"Os05g0149800",10674.1206135936,-0.480022674893086,0.104995165223904,-4.57185503608121,4.83425345932611e-06,3.52398321007497e-05
"Os04g0578300",692.216768012334,-2.89847162568016,0.634099163359867,-4.57100686006615,4.85386390262019e-06,3.53438548971733e-05
"Os07g0655400",1405.95774965831,-1.18322164764831,0.258897568948099,-4.57023081543692,4.87187334461946e-06,3.54608086833312e-05
"Os04g0640800",1280.49839108818,-0.473817825705555,0.103677408605058,-4.57011640318371,4.87453388355402e-06,3.54713082850725e-05
"Os04g0641101",598.918247932457,-2.13565881501034,0.467445183521537,-4.56878986092269,4.90548303101495e-06,3.56876035046759e-05
"Os12g0151500",447.249920504564,-1.17740512154103,0.25777555148084,-4.56755931575824,4.9343606890685e-06,3.58887242724907e-05
"Os12g0560700",1691.10800284535,-1.9877206015925,0.435257403056736,-4.56677034700177,4.95296128954861e-06,3.60060256301135e-05
"Os11g0505300",1507.09354444694,-1.57286677946697,0.344566194448136,-4.5647739238787,5.0003290598393e-06,3.63412984478762e-05
"Os03g0301400",901.149268024652,-0.977413024445091,0.214158249792771,-4.56397558997086,5.01939174815193e-06,3.6461642925837e-05
"Os11g0220700",1103.59121229132,-1.15422939391969,0.252904222856357,-4.56389925357342,5.02121815650827e-06,3.64658142528264e-05
"Os01g0282800",25416.5142033625,-1.74808885447339,0.383046182034477,-4.56365038071583,5.027177056153e-06,3.64999875914455e-05
"Os03g0294800",570.019586744889,-1.27166072573375,0.278711870456457,-4.56263568412461,5.05154266175598e-06,3.66586158474103e-05
"Os03g0725000",2121.3368019163,-0.812487529864519,0.178073785796397,-4.56264534519128,5.05131014110671e-06,3.66586158474103e-05
"Os01g0168800",2172.18687246422,-1.69852192274711,0.372355767966645,-4.5615566317728,5.07757768536072e-06,3.68383700431178e-05
"Os03g0792800",1256.39075155426,-1.64318094802957,0.3602466733631,-4.56126612548446,5.08460884983822e-06,3.68801940037332e-05
"Os02g0556700",6093.39105973445,-0.606050128038066,0.132922204929434,-4.55943480895315,5.12914756898156e-06,3.71642845799788e-05
"Os07g0694600",1476.45314896081,-1.26961535717558,0.278477951239863,-4.55912344773756,5.13675712344758e-06,3.72028452994381e-05
"Os01g0635400",985.251377190188,-1.32355577164378,0.290511379485788,-4.55595155682543,5.21489550391636e-06,3.77499843065007e-05
"Os09g0527700",142.990390341049,-2.02873173094653,0.445298689785613,-4.5558897375675,5.21642964764011e-06,3.77517058147553e-05
"Os06g0597000",2789.72170879153,-0.781624637264126,0.171596868354943,-4.55500525596632,5.23842685119809e-06,3.78647892900069e-05
"Os02g0520750",2259.67037211532,-0.766884741749302,0.168380269858481,-4.55448101130761,5.2515067960139e-06,3.79489778941729e-05
"Os02g0111700",7989.77613547662,-1.2999346555901,0.285594428480367,-4.55168072608062,5.32190545625189e-06,3.84195663601803e-05
"Os02g0106100",752.648127604296,-1.99530562672752,0.438374935617011,-4.55159605308898,5.32404813028562e-06,3.84255092069834e-05
"Os10g0503600",375.939644517414,-1.34415763104822,0.295423365797036,-4.54993675744555,5.36620413900287e-06,3.872016772449e-05
"Os11g0549650",526.997667148629,-0.969651710553232,0.213293015487055,-4.54610156051773,5.4648674265865e-06,3.93735450759653e-05
"Os02g0552000",3511.9108925732,-0.937166863837258,0.206155628216407,-4.54591937142503,5.46959732390543e-06,3.93978761481014e-05
"Os01g0531400",439.376709229468,-1.98389889202375,0.436734060126244,-4.54257882119447,5.55702080862906e-06,3.99880306372363e-05
"Os05g0326600",113.640588135858,-3.46578616610119,0.763131913429316,-4.54152959024719,5.58475453875732e-06,4.01532997517407e-05
"Os09g0560400",1326.5970645003,-0.722513714034497,0.159095773080481,-4.54137592749872,5.58882732612136e-06,4.01672826730766e-05
"Os01g0153800",212.059473678162,-4.82547691371873,1.06259213238115,-4.54123154752272,5.59265666691442e-06,4.01848871092726e-05
"Os08g0501700",45.0735997347975,-8.07508893725771,1.77879670621582,-4.53963564753642,5.63515183987088e-06,4.04702569372922e-05
"Os10g0563500",971.519020279209,-1.79037428864649,0.394514445110804,-4.53817169646004,5.67440518555964e-06,4.07220374110074e-05
"Os06g0188950",108.686530535208,-1.44822303519315,0.319137842871628,-4.53792324395604,5.68109294062608e-06,4.07599873409492e-05
"Os11g0224900",446.070107291673,-5.17242069164646,1.14041234384512,-4.53557059388418,5.74479582239007e-06,4.11663247882982e-05
"Os09g0560300",3538.08056254132,-1.21206241088073,0.267267511011314,-4.53501589585058,5.75991472290485e-06,4.12645108389754e-05
"Os04g0574100",438.737315381715,-1.44798731661531,0.319300314824042,-4.53487594402548,5.76373527504277e-06,4.12817261878494e-05
"Os08g0491200",3234.19365115897,-1.5510077826845,0.34209776749776,-4.53381439472463,5.79279364347648e-06,4.14796499840969e-05
"Os03g0238800",3117.87940580916,-1.2793185086355,0.282176979603529,-4.53374513552806,5.79469437797495e-06,4.14830603921796e-05
"Os09g0293900",931.427407913125,-0.860172227158755,0.189764504501054,-4.53284047730844,5.81957651041381e-06,4.16202620668642e-05
"Os10g0507700",23.7981847209282,-3.71848574149064,0.820335783590599,-4.5328825291698,5.81841763406035e-06,4.16202620668642e-05
"Os03g0307700",91.0833958945281,-2.39339320156907,0.528079347741049,-4.53226056237045,5.8355805077876e-06,4.1714230620469e-05
"Os05g0541750",1553.86495128285,-2.13372401230321,0.470856329752627,-4.53158188066453,5.85436368370288e-06,4.18177039972517e-05
"Os02g0448400",4438.06544242649,-1.3167115920912,0.29057835503678,-4.53134780780397,5.86085528731865e-06,4.18435468686673e-05
"Os02g0823200",123.897233801386,-2.00607537915019,0.442726667917871,-4.5311826111237,5.86544087611296e-06,4.18660218613141e-05
"Os05g0199500",903.152987857145,-1.02435618912434,0.226194018284035,-4.52866170774703,5.93584446982283e-06,4.23166860832755e-05
"Os03g0758500",1380.64443207414,-1.89665300829273,0.419082522902164,-4.52572680711744,6.01882913847312e-06,4.28872870493306e-05
"Os10g0579500",1596.24758839688,-1.39744950999421,0.308811116805773,-4.52525648833146,6.03223024810518e-06,4.29722625453324e-05
"Os05g0286100",799.609723764057,-1.33243053813505,0.294610838863626,-4.52267996409944,6.1061530719228e-06,4.34669737864912e-05
"Os01g0757400",4427.29411722412,-2.03983353737595,0.451303783614232,-4.51986801670507,6.18781955131614e-06,4.40160432275106e-05
"Os12g0623900",83641.9212154526,-0.918971644224291,0.203321947451869,-4.51978576706202,6.19022396339389e-06,4.40223937147636e-05
"Os01g0759900",733.049294782599,-1.88031582371775,0.416035482451455,-4.51960446411479,6.19552716840948e-06,4.40493511226613e-05
"Os04g0499100",365.61933442458,-1.10977151435882,0.245616952449447,-4.51830178369806,6.23375928501706e-06,4.42887382040173e-05
"Os01g0745700",907.656444422494,-2.07505555409018,0.459356436113918,-4.51731028663672,6.26300973682014e-06,4.44636792002852e-05
"Os09g0531900",7059.32165696326,-0.563904296091129,0.124834681050594,-4.51720861018248,6.26601673779172e-06,4.44636792002852e-05
"Os02g0132500",2135.9293112103,-1.57388570391327,0.34844950564102,-4.51682576222311,6.27735156287246e-06,4.45255519189874e-05
"Os03g0756000",25661.4730531441,-1.25003929121093,0.276784032132429,-4.51629843521045,6.29299604740458e-06,4.46225056957673e-05
"Os09g0316000",1053.50349144756,-2.35692597353557,0.52190233834607,-4.5160287670003,6.30101084474877e-06,4.4668461007978e-05
"Os05g0480400",1425.32034743101,-1.10155861993127,0.243925045897557,-4.51597176451448,6.30270626323764e-06,4.46696061810675e-05
"Os06g0338700",134.203730839434,-2.66960198316642,0.591220230129413,-4.51541041243137,6.31942582648049e-06,4.47772065495778e-05
"Os10g0200700",253.113421196116,-2.28285536154482,0.505695168435723,-4.51429142304528,6.35288101061072e-06,4.50033083899308e-05
"Os01g0166800",1355.82446114464,-1.64720304064548,0.364898005237667,-4.5141464655928,6.35722728003201e-06,4.50231451481256e-05
"Os06g0687000",270.315672676122,-1.42698783829324,0.316240463814479,-4.51235057361407,6.41131015171725e-06,4.53730678586415e-05
"Os01g0234100",158.731491507928,-1.36685002946923,0.302929118906926,-4.51211172567796,6.41853608281469e-06,4.54131700203424e-05
"Os05g0319700",999.444696514594,-2.05427272555254,0.455291266995464,-4.51199676881351,6.42201668088438e-06,4.5426759723273e-05
"Os02g0743450",331.67968167714,-2.26095098815645,0.501210336097437,-4.5109823667262,6.45280853990233e-06,4.5622405996367e-05
"Os03g0356638",3613.27937606463,-0.539647547673627,0.119643983345105,-4.51044450866408,6.46919230647279e-06,4.57049535053616e-05
"Os09g0402533",12.3107268319728,-7.28971794771841,1.61617472599485,-4.5104763924774,6.46821998067655e-06,4.57049535053616e-05
"Os03g0320800",466.621974316556,-1.91683565174193,0.424984667385742,-4.5103642527463,6.47164040250767e-06,4.57111597870067e-05
"Os07g0616600",17048.1938970092,-1.52708766605596,0.33867016019278,-4.50907061072844,6.51122366666938e-06,4.59684498474535e-05
"Os12g0476200",2522.61975019075,-2.26567190958216,0.502491559234357,-4.50887555809762,6.51721200665514e-06,4.59995753896779e-05
"Os09g0469600",2673.35831630677,-2.0025405782473,0.444230971738677,-4.50788149779281,6.54781274446356e-06,4.61998042734808e-05
"Os03g0818400",9228.38486687639,-1.07941337544806,0.239526209698365,-4.50645203632357,6.59205774996798e-06,4.64827859066749e-05
"Os03g0295300",580.411291422895,-1.12687625746976,0.25014913845936,-4.50481766361486,6.64299567418606e-06,4.68192933261487e-05
"Os07g0229700",580.400372736263,-1.86510659949611,0.414049646791921,-4.50454822011577,6.65142939876564e-06,4.68673909873827e-05
"Os01g0191800",2059.77092693979,-1.91495410362043,0.425121045069561,-4.5044914285697,6.65320831083913e-06,4.68685854930472e-05
"Os01g0192600",1403.45720440002,-1.4498175012162,0.321873741148074,-4.50430499873933,6.65905115238359e-06,4.6898400885058e-05
"Os09g0533300",4337.30840914001,-0.703196564471834,0.15620111380279,-4.5018665190803,6.73592825370562e-06,4.73939846833571e-05
"Os02g0154100",122.838772453071,-1.82433287569272,0.405268521263203,-4.50154102767805,6.74625390924246e-06,4.74551706147244e-05
"Os02g0107350",81.4226985643797,-1.86495754012473,0.414365559625903,-4.50075421762477,6.77127668215043e-06,4.76196859545001e-05
"Os11g0163100",24259.2925178249,-0.610757630305714,0.13574078903988,-4.49944069594495,6.81324831007304e-06,4.79032876112861e-05
"Os12g0150500",13.57855295223,-7.7123594127528,1.71477408231088,-4.4975950431671,6.87264410600821e-06,4.82742743982564e-05
"Os12g0588200",265.032196262266,-3.00634113256407,0.668598708925601,-4.4964806130049,6.90874756925157e-06,4.85161675215202e-05
"Os05g0172300",650.871932841888,-1.44074774871253,0.320469772130259,-4.49573680268017,6.93294517459138e-06,4.86391783605035e-05
"Os04g0642100",587.738579023368,-1.58084968530135,0.351644429540812,-4.49559143412473,6.93768375827323e-06,4.86607000020311e-05
"Os09g0479200",2390.1154701748,-1.65797455876478,0.368812190752052,-4.49544402364783,6.94249206588138e-06,4.86827002028889e-05
"Os01g0708700",453.773515728844,-1.67758559158535,0.373207769297205,-4.49504466304238,6.95553462752929e-06,4.8762416808596e-05
"Os05g0525600",1439.32458085122,-1.48313120740296,0.329996778126784,-4.49438087190398,6.97726498831443e-06,4.88794589823654e-05
"Os09g0474100",1544.65023671548,-1.11304902263805,0.247696219167556,-4.49360521682051,7.00273968333877e-06,4.90343315840807e-05
"Os09g0420300",1228.57459963572,-1.33217121694966,0.296475707192302,-4.49335707659035,7.01090807146971e-06,4.90707384049919e-05
"Os12g0638800",417.451470802699,-1.01872485691788,0.226718598071379,-4.49334490237609,7.01130906198652e-06,4.90707384049919e-05
"Os07g0457600",139.967809804275,-3.03722352809351,0.67633318868521,-4.49072081468878,7.09825429324421e-06,4.96077181492339e-05
"Os10g0545600",305.584627777014,-1.69976699455048,0.378761820428657,-4.48769359231298,7.19983781677924e-06,5.02935180859307e-05
"Os04g0689000",14369.4154924326,-2.26793752821476,0.505485615364698,-4.4866509733981,7.23514541752029e-06,5.05159206063357e-05
"Os02g0135300",530.127181276786,-1.68685144827404,0.376030677234598,-4.48594104257521,7.25928145187172e-06,5.066014724213e-05
"Os04g0166000",257.392579749619,-1.81367236122857,0.404419588779033,-4.48463034815934,7.30404453553982e-06,5.09481161590397e-05
"Os01g0769200",1303.48460920749,-1.47978274906351,0.329976053433671,-4.48451556913042,7.30797703578512e-06,5.09633398553961e-05
"Os03g0850700",256.947133045013,-1.75263224005235,0.390829363301211,-4.4843924347148,7.31219805517043e-06,5.09805678148608e-05
"Os11g0602550",406.536530303985,-1.91703696657148,0.427523816838054,-4.48404718303134,7.3240456400887e-06,5.10509471351516e-05
"Os11g0552100",634.07894146104,-1.394026204833,0.311124398104363,-4.48060715690123,7.44309988831803e-06,5.18435673158569e-05
"Os08g0410950",23.0706872398326,-6.85107290047959,1.52930253539915,-4.47986761408949,7.46893496213745e-06,5.20110769888491e-05
"Os05g0420900",483.718691639741,-1.57471727950411,0.351523691477534,-4.47969032438529,7.47514110314024e-06,5.20418501567416e-05
"Os04g0250200",1807.96461014063,-0.631518394586629,0.141038266093914,-4.47763867265721,7.54732015710354e-06,5.25192491314622e-05
"Os08g0536350",173.201001155013,-2.43133089209376,0.543016482205778,-4.477453211397,7.55387760274077e-06,5.25523228731526e-05
"Os07g0160600",8888.04792938121,-2.10861396996936,0.470996205264108,-4.47692347921777,7.5726376219206e-06,5.26576773700028e-05
"Os03g0830200",326.873622329787,-2.9380203918528,0.656420105217115,-4.47582328527405,7.61174250372719e-06,5.29043353683874e-05
"Os08g0276400",2713.63181278368,-0.502605245093618,0.112303287246408,-4.47542772270624,7.62584936364938e-06,5.29897363799087e-05
"Os12g0217300",103.31878201242,-2.8817323515021,0.643942769187802,-4.475137371504,7.63621999898898e-06,5.30491409376329e-05
"Os02g0261000",249.376854225443,-2.11066739366985,0.471662289694575,-4.47495472880948,7.64275045734096e-06,5.30818456519636e-05
"Os01g0934200",2115.5912597167,-0.527099820745617,0.117802419970107,-4.47443966668403,7.66119547256037e-06,5.31972662260141e-05
"Os03g0811200",690.769643858409,-1.5592503084418,0.348511102466942,-4.47403338775902,7.67577484579341e-06,5.32730970112478e-05
"Os06g0687600",375.11349489855,-1.73520973515941,0.388012048662936,-4.47205116732543,7.74728835389805e-06,5.37310148707357e-05
"Os01g0679550",303.769380324414,-2.18666551773429,0.489143646607678,-4.47039542044409,7.80751137549082e-06,5.41100300516525e-05
"Os09g0439050",608.589212484321,-0.871166500496536,0.194886260663208,-4.47012784550288,7.81728555466643e-06,5.41648798294065e-05
"Os06g0597400",1619.57721492819,-1.18788723035231,0.265755960281893,-4.46984229099617,7.82772940858008e-06,5.42243424920716e-05
"Os02g0321600",225.330710949056,-3.61916680605964,0.809698260284465,-4.46977223933783,7.83029351074095e-06,5.42292051414502e-05
"Os06g0107432",8.02993631865409,-7.16889349414172,1.60399392287972,-4.46940190475976,7.84386222335778e-06,5.42973510027633e-05
"Os12g0263100",857.063895541602,-1.5087107463073,0.337725040405,-4.467275344754,7.92221358907986e-06,5.47746211161405e-05
"Os02g0699700",6756.74983068476,-1.66709976855929,0.373198167486452,-4.46706311498651,7.93007395369844e-06,5.4802945818606e-05
"Os03g0336200",1335.6145583086,-1.47330296658448,0.32990335441011,-4.46586234086297,7.97468770539579e-06,5.50851174944346e-05
"Os01g0957100",1350.6408362435,-1.62751628983747,0.364526498084971,-4.46474069344088,8.0165782399476e-06,5.53351010911955e-05
"Os09g0462400",264.872224532351,-1.14270198193217,0.25596438637661,-4.46430067130849,8.0330692707262e-06,5.54095318100636e-05
"Os12g0149300",492.574661888614,-2.22256194656974,0.49796857160476,-4.46325746905529,8.07229580222728e-06,5.56405676573876e-05
"Os11g0307500",517.989473875556,-0.958724602066403,0.21482031892679,-4.46291396854843,8.08525214606579e-06,5.57166855176829e-05
"Os05g0386700",3297.90873595498,-1.58657862644769,0.355566712344474,-4.46211237263012,8.11556455523706e-06,5.59123423178646e-05
"Os02g0726500",691.824576045947,-1.63431967197873,0.36628008681712,-4.46193973082335,8.12210722088376e-06,5.59177320299236e-05
"Os06g0352900",1321.86648478093,-1.31470164776505,0.294731178967866,-4.46068058482672,8.16997822612727e-06,5.62074429249417e-05
"Os04g0606500",2742.35191654908,-0.799207334921091,0.179193012802279,-4.46003626158646,8.19457871086446e-06,5.63500640419823e-05
"Os06g0254901",14.087685921188,-7.40048066733933,1.65980036000907,-4.45865710458026,8.24747360047851e-06,5.66736494084793e-05
"Os10g0572900",6272.95623366357,-1.05187659314946,0.23608507156726,-4.45549812263237,8.36986283708828e-06,5.75010959050919e-05
"Os07g0694400",127.540296552716,-3.08135048400702,0.691624812768586,-4.45523414880435,8.38016825988037e-06,5.75583160528859e-05
"Os04g0467000",257.421305612289,-2.7335720903643,0.613613407340672,-4.45487673128148,8.39414101219574e-06,5.76272892756645e-05
"Os06g0653100",700.180605492659,-1.50577033163343,0.338004989990626,-4.45487604095784,8.39416802099337e-06,5.76272892756645e-05
"Os09g0466100",1722.52139206614,-1.70916971964699,0.383822117374376,-4.45302561337257,8.46686498674083e-06,5.80852867241146e-05
"Os01g0974500",613.126967242486,-0.856665840260991,0.19242101289927,-4.45203892939409,8.50587399811692e-06,5.82842500172143e-05
"Os04g0533602",12.7019591833452,-5.68481536792,1.27687126003411,-4.4521445081066,8.50169170217589e-06,5.82842500172143e-05
"Os07g0568000",2168.26438521659,-0.811020486094556,0.182166338666098,-4.45208753732002,8.50394824520567e-06,5.82842500172143e-05
"Os01g0844500",195.123230370952,-1.53457011089863,0.344703491961503,-4.45185542556097,8.51314782592037e-06,5.82991670366444e-05
"Os02g0120800",5906.44053623903,-1.6149853008623,0.362771211240425,-4.45180116509293,8.51529977133307e-06,5.82991670366444e-05
"Os02g0793100",2050.37710979028,-0.873174478631828,0.196135541514679,-4.45189317493729,8.51165100946601e-06,5.82991670366444e-05
"Os08g0508700",158.284666435596,-1.52864814761072,0.343378928960613,-4.45178203635805,8.51605853217105e-06,5.82991670366444e-05
"Os10g0462900",22413.2618369655,-1.34677275079989,0.302574040267329,-4.45105188009519,8.54506928203423e-06,5.84840205949238e-05
"Os01g0276600",766.267324774934,-1.30071074225414,0.292372812981798,-4.44880879651116,8.63478398410812e-06,5.90654975161021e-05
"Os10g0447400",14.3605673010364,-7.8012787860653,1.75359215310088,-4.44874184243484,8.63747567603393e-06,5.90654975161021e-05
"Os10g0438500",273.115269871681,-1.81540336155974,0.408081046879489,-4.44863434712724,8.64179888632576e-06,5.90766354853472e-05
"Os04g0295100",567.463962069418,-1.46243916458464,0.328877764486158,-4.44675597594616,8.71767719457792e-06,5.95673850916232e-05
"Os05g0134800",1845.5338495063,-1.88958625233363,0.425003715185923,-4.44604643398707,8.74650504983484e-06,5.97173046854493e-05
"Os01g0883900",3705.60319540659,-1.1719107779654,0.26368728237975,-4.44432043665143,8.81701111212798e-06,6.01332547089909e-05
"Os03g0859500",1211.42608485207,-0.998173694046771,0.224649295509071,-4.44325316838782,8.86087984720137e-06,6.03900170629999e-05
"Os07g0291200",358.934951936075,-0.912557232700845,0.205429308315534,-4.44219590760234,8.90454283650417e-06,6.06450178869678e-05
"Os01g0229000",517.769171425888,-2.17010003226633,0.48854732174049,-4.44194438429254,8.91496053411524e-06,6.07017724279878e-05
"Os11g0177301",241.168012739666,-2.15018620468511,0.484089698772572,-4.44171030727774,8.92466609558418e-06,6.07394545537748e-05
"Os05g0461600",313.319685369776,-2.33468967738529,0.525801587893,-4.44024843428277,8.98550871212591e-06,6.1110692366775e-05
"Os10g0536700",2332.4578113012,-1.82017458102622,0.409987994069714,-4.43958020077222,9.01345214969304e-06,6.12721179979834e-05
"Os08g0462700",724.076060677101,-1.86714768771034,0.420593094034119,-4.43932084048644,9.02432013865656e-06,6.13316805316117e-05
"Os01g0521600",405.328367836716,-3.87344141977348,0.872581404879532,-4.43906023909396,9.0352527442512e-06,6.13916543205981e-05
"Os09g0347800",1101.08927221762,-1.68722204724757,0.380146665041041,-4.43834499262387,9.06532343793406e-06,6.15816069884571e-05
"Os01g0775400",177.501104600963,-2.13317613600013,0.480632273398083,-4.43827069896601,9.0684523997247e-06,6.15884959852572e-05
"Os03g0757900",14337.8667419579,-1.2514214756036,0.281981694846992,-4.43795288301479,9.08184923245806e-06,6.16507257220615e-05
"Os09g0480400",557.104956994054,-1.66847883725349,0.37613173199785,-4.43588959748556,9.16928348428209e-06,6.22007625504922e-05
"Os01g0778500",139.129843164628,-3.0083285561867,0.67823566673634,-4.43552101979941,9.18498684497216e-06,6.22927775731903e-05
"Os05g0138200",479.999065415708,-1.87492684548016,0.42280404554581,-4.43450545289784,9.22838842230888e-06,6.25434320769093e-05
"Os07g0184300",2660.23551238392,-1.38532042930032,0.312530210364261,-4.43259686059053,9.31048530661127e-06,6.30558030463101e-05
"Os10g0178200",409.020034799806,-1.57654837524838,0.355736398157387,-4.4317882100748,9.34547893250287e-06,6.32780835787837e-05
"Os01g0748000",708.157391377267,-1.57421317725898,0.355276527563047,-4.43095182239313,9.38180503641373e-06,6.34945215594796e-05
"Os01g0600200",5441.62719425309,-0.52239627229512,0.11791510337339,-4.43027447163321,9.41132264838481e-06,6.36794930683695e-05
"Os01g0588200",3639.37786270839,-0.869446157109451,0.196254473714015,-4.43019789896061,9.41466511105139e-06,6.36873118151077e-05
"Os01g0544450",2245.8111323557,-1.7514064889899,0.39538300771566,-4.42964531811499,9.4388193812432e-06,6.38358797075161e-05
"Os03g0234100",692.760132689754,-6.88850501788848,1.55517991809075,-4.42939426992171,9.4498126823634e-06,6.38953900477796e-05
"Os01g0652100",738.877455489233,-1.32580763613334,0.299363934233924,-4.42874870523764,9.47813790144718e-06,6.40720362037941e-05
"Os01g0118300",1579.5054752068,-1.03984466852769,0.234829685400392,-4.42808014989553,9.50755735910179e-06,6.4241087102497e-05
"Os06g0187000",1642.28221045803,-1.69123582287198,0.382020726048422,-4.42707870948764,9.55178852056176e-06,6.44950580328773e-05
"Os03g0353000",315.307032536939,-1.23651851467857,0.279340837486947,-4.42655834285723,9.57484937635945e-06,6.46208026740069e-05
"Os03g0136200",6166.85092870726,-1.15054470337413,0.259973492590408,-4.42562313530489,9.61642830327069e-06,6.48863820778149e-05
"Os06g0178900",26167.8602276968,-1.46205242597257,0.330446923431878,-4.42446977804582,9.66794362168468e-06,6.51886673189861e-05
"Os03g0350100",9618.42124100797,-1.02500356212558,0.231754737558516,-4.42279442881628,9.74324380147423e-06,6.56356109152284e-05
"Os06g0114200",208.390355720103,-1.78345828941899,0.403273278158658,-4.42245590276213,9.75852706580665e-06,6.57233638321973e-05
"Os02g0175400",5719.86890334024,-1.42815229415139,0.32302540394698,-4.42117640501674,9.81649900207167e-06,6.60850740741069e-05
"Os06g0653200",132.83079028959,-2.62754387512635,0.594309569104915,-4.42117039960112,9.81677187159489e-06,6.60850740741069e-05
"Os02g0641000",285.784191811251,-1.72150302541621,0.389513811008845,-4.41961998974439,9.88746112392266e-06,6.65301855015886e-05
"Os01g0726400",46.570637554714,-3.49834483029389,0.791648376621343,-4.41906398548355,9.91292977486108e-06,6.66676666164565e-05
"Os04g0659000",300.960788223924,-2.06967314094086,0.468351861885193,-4.41905607593847,9.9132925356724e-06,6.66676666164565e-05
"Os05g0556700",3176.81088154915,-1.63832481113494,0.370802201856149,-4.41832546552817,9.94685574940806e-06,6.68526040005219e-05
"Os02g0511901",839.499989257994,-1.62652408064762,0.368198524247778,-4.41751928248647,9.98401661443205e-06,6.70868785984057e-05
"Os01g0109000",180.748433992177,-1.85263288669647,0.419391856534858,-4.41742694291559,9.98828144456548e-06,6.71000535706196e-05
"Os07g0100800",501.694979896711,-1.61244120340803,0.365074480720313,-4.41674586573838,1.00197917220329e-05,6.72651854608208e-05
"Os07g0109400",1673.78742978078,-1.66505972931342,0.377063722695908,-4.41585766301959,1.00610274020502e-05,6.74642505186523e-05
"Os01g0348700",17885.0858645843,-1.15944678179882,0.262590946787978,-4.41541034061233,1.0081856102506e-05,6.75883548382092e-05
"Os02g0596900",1999.16644695453,-1.13199884794669,0.256390016879202,-4.41514401272509,1.00942766966874e-05,6.76560474018252e-05
"Os02g0725600",1403.41297733593,-1.03648072902462,0.234841786202549,-4.41352770213845,1.01699697827464e-05,6.81163431492964e-05
"Os03g0116400",4244.90672975385,-1.79181189806369,0.406217710202198,-4.41096449776106,1.02911191983287e-05,6.88960858146502e-05
"Os01g0607900",1318.40698992536,-1.40768335641671,0.319236660861971,-4.40952913307582,1.03595621965231e-05,6.933835216896e-05
"Os06g0675200",686.879107475293,-1.7548972602211,0.39799425462283,-4.40935325029799,1.03679787117725e-05,6.9378739899871e-05
"Os01g0706850",265.278181423077,-2.07569162076554,0.470815345082268,-4.40871701070584,1.03984792416339e-05,6.95508756258294e-05
"Os03g0359600",46.1899795547311,-1.74644711724241,0.39628842102582,-4.40701020918453,1.04807249988255e-05,7.00687955499992e-05
"Os05g0218400",4149.25566935656,-0.638447076493076,0.144869857303148,-4.40703876139736,1.04793440567076e-05,7.00687955499992e-05
"Os03g0205700",3295.33286965594,-1.82338431258203,0.413778969105334,-4.40666261150131,1.04975506768544e-05,7.01651757657455e-05
"Os07g0124600",2127.94979788692,-0.662732096351019,0.150402463701616,-4.40639122551752,1.05107052089204e-05,7.02369795993988e-05
"Os10g0573700",850.67769168785,-1.46414231364109,0.332312934986977,-4.40591430393304,1.05338605412458e-05,7.03755647355263e-05
"Os07g0546700",10452.9542450538,-1.65466678837514,0.375669333670434,-4.40458307365259,1.05987520057204e-05,7.07766236896557e-05
"Os03g0302700",506.150000418877,-0.692418710490941,0.157209116846474,-4.40444373952649,1.06055659394965e-05,7.08058897959689e-05
"Os03g0350300",14065.1630478598,-0.709974005147976,0.161316424200938,-4.40112659739855,1.0769026643953e-05,7.17820082227509e-05
"Os05g0476400",33.0481435254521,-3.38154263714029,0.76838104685382,-4.40086679777723,1.07819300157721e-05,7.18515711485848e-05
"Os01g0914300",4728.10732798558,-1.65975677049691,0.3773210675599,-4.39879167423754,1.08855255823586e-05,7.24756003679579e-05
"Os07g0690400",3229.07190440455,-0.938835904005899,0.21347220363173,-4.39793044730791,1.09287987396038e-05,7.273045632878e-05
"Os12g0480200",1757.70277206847,-1.00862104395569,0.229359730197719,-4.39755070816578,1.09479312210687e-05,7.28244981772414e-05
"Os02g0168300",402.082263326199,-1.78542317496205,0.406178108094901,-4.39566569290557,1.10433786869953e-05,7.34258616718441e-05
"Os04g0166600",976.429119560961,-1.49661094310358,0.340545011793562,-4.39475220976316,1.10899180570438e-05,7.37109651747438e-05
"Os07g0574400",314.248496857751,-1.22880515494863,0.279609129231975,-4.39472472992526,1.10913209736875e-05,7.37109651747438e-05
"Os12g0538300",2906.2059739831,-0.681627696001113,0.155171399591493,-4.39274052947629,1.11930685530485e-05,7.42854472201182e-05
"Os03g0220100",817.255108091753,-1.707133898704,0.388815241562741,-4.39060436993834,1.13036042853388e-05,7.49336590024209e-05
"Os07g0559400",1218.21372041392,-1.3438009859209,0.306057738654573,-4.39067801986722,1.12997759806831e-05,7.49336590024209e-05
"Os05g0459400",847.356571765855,-1.5673686178469,0.357046933874618,-4.38981116806707,1.13449132704582e-05,7.51238928810022e-05
"Os06g0595900",671.964986768675,-0.957919495456345,0.218214554860419,-4.38980569407517,1.13451988493458e-05,7.51238928810022e-05
"Os07g0150901",160.117471018268,-1.27764335926337,0.291061807430929,-4.38959467248743,1.13562131066322e-05,7.51797313233332e-05
"Os05g0337200",1069.83700698676,-1.62039198534783,0.369202987900839,-4.38889185204276,1.13929704321938e-05,7.53716685430143e-05
"Os06g0176150",33.6159189380105,-3.27358944675416,0.745897714035801,-4.38879136529576,1.13982351336957e-05,7.53893716928201e-05
"Os04g0486600",64663.235415903,-1.26959659250491,0.289328261475424,-4.38808357687088,1.14353834260091e-05,7.56169888036911e-05
"Os04g0275950",22.2537664278627,-7.38695408648077,1.68385550102375,-4.38692873704997,1.14962434617624e-05,7.59685958914105e-05
"Os12g0259800",1363.09862998506,-1.29225011404911,0.294565134866233,-4.38697578596987,1.14937579545089e-05,7.59685958914105e-05
"Os09g0497400",7190.46315370378,-0.560918269913976,0.12787427239782,-4.38648259259646,1.15198379602313e-05,7.60899798316752e-05
"Os04g0399000",9001.30764346186,-1.1790359527652,0.268861552245229,-4.38529028386254,1.15831206545981e-05,7.64732803679905e-05
"Os04g0662400",107.474744968647,-1.32831532333711,0.302966693467474,-4.38436089503588,1.16326786719949e-05,7.67656624259764e-05
"Os07g0458700",855.39903396215,-0.911058043319731,0.207806301614986,-4.38416947050864,1.1642911151997e-05,7.68137555386977e-05
"Os07g0681600",395.02766216681,-1.69648404231444,0.387012563105052,-4.38353739398879,1.16767594674959e-05,7.7004209513681e-05
"Os02g0828400",180.408732753374,-2.86736634777001,0.654163002010872,-4.38325973642018,1.16916579756038e-05,7.70850042031996e-05
"Os07g0484500",684.102387135022,-1.24791651741623,0.284742939671437,-4.38260741023534,1.17267318177779e-05,7.72987514706494e-05
"Os06g0654300",2814.46920290259,-1.25163766169564,0.285864309028895,-4.3784327814394,1.19535797069932e-05,7.86871944455373e-05
"Os04g0430400",106.429528920415,-1.69541690050485,0.387276894953374,-4.37778995493383,1.19888806448082e-05,7.88836624987203e-05
"Os12g0405700",5530.06401879739,-1.42201331500523,0.324915691564066,-4.37656091080119,1.20566509893121e-05,7.92581918985883e-05
"Os02g0810200",1459.43737038975,-1.72684220417987,0.3946910186709,-4.37517481394665,1.21335199884126e-05,7.97455132255814e-05
"Os01g0897300",810.449154887252,-1.2329355976137,0.281830183907801,-4.37474645376185,1.21573700830679e-05,7.98842354600863e-05
"Os09g0272000",1526.95433463522,-1.19351660326374,0.272868223902629,-4.37396698741161,1.22008837706267e-05,8.01159272081601e-05
"Os03g0802900",817.027683361584,-1.31682600784233,0.301072635115387,-4.37378178637077,1.2211244444894e-05,8.01658838422461e-05
"Os07g0144732",31.7492351297759,-5.26607457747856,1.20423212381839,-4.37297301186489,1.22565880715146e-05,8.04454265987488e-05
"Os06g0177250",29.4453704394177,-3.30963763652166,0.756987929685707,-4.37211414704563,1.23049158899459e-05,8.07444255401091e-05
"Os02g0824900",419.669366245486,-1.18428625994857,0.27112698480918,-4.36801324214214,1.25381892993968e-05,8.21825678093706e-05
"Os08g0248900",4043.01016779223,-0.821861604300526,0.18815736784397,-4.36794803051271,1.25419326246761e-05,8.21886052870875e-05
"Os04g0486800",290.516359067808,-1.41753133239634,0.324548482220624,-4.36770285504745,1.25560159086631e-05,8.22623836427641e-05
"Os11g0490600",61.6382185710362,-4.02372581634865,0.921428247806152,-4.36683575300499,1.26059448375238e-05,8.25709234274335e-05
"Os04g0400600",121.452547894088,-2.83683558049119,0.649928132307071,-4.36484503359038,1.27212909296857e-05,8.3270270724726e-05
"Os05g0159300",2172.41286690106,-1.74886311228818,0.400699562655522,-4.36452463461175,1.27399492873984e-05,8.33736636286778e-05
"Os07g0221300",40.5534608470246,-5.70458005559039,1.30726894213079,-4.36373868585309,1.2785829476533e-05,8.36175445801918e-05
"Os11g0643400",136.16165702658,-4.56589442780257,1.04630551243176,-4.36382526284391,1.27807677812797e-05,8.36175445801918e-05
"Os06g0199500",2502.66317874659,-0.586994915792954,0.134527640668981,-4.36337776291874,1.28069513316666e-05,8.37368739741346e-05
"Os11g0179000",367.380451227562,-2.54856660590996,0.584275454667756,-4.36192652891637,1.28922166805264e-05,8.42565381890237e-05
"Os04g0462800",144.200487566575,-1.45597919747837,0.333838209571651,-4.36133179406437,1.29273157774033e-05,8.44406815989256e-05
"Os01g0704400",2834.27713173473,-0.778244056583062,0.178515688637332,-4.35952751561305,1.30343564653315e-05,8.50900087387099e-05
"Os06g0526800",428.933460696515,-1.53739909697127,0.352658230823164,-4.35945899627161,1.30384380661457e-05,8.50975780731274e-05
"Os11g0586825",113.858583874111,-3.41163656880648,0.782664600082248,-4.3590020149729,1.30656910019326e-05,8.52563417786873e-05
"Os03g0319300",15823.3993217152,-1.24100402153859,0.284722654311848,-4.35864165616886,1.30872199906535e-05,8.53776927795278e-05
"Os03g0133300",1063.05433511847,-0.827783984173039,0.189939706864337,-4.35814079024706,1.31171995421143e-05,8.54966618320172e-05
"Os06g0638700",256.712617567547,-1.14508852318729,0.262872539443187,-4.35605988214971,1.32424562336504e-05,8.62165907525971e-05
"Os10g0406200",2522.43252027434,-0.740651111816159,0.170039409110802,-4.35576150075616,1.32605100578503e-05,8.63148354726682e-05
"Os06g0232300",2264.10084016268,-1.44716554285986,0.332297160629161,-4.35503433168023,1.33046064441183e-05,8.65825137129863e-05
"Os01g0802900",3350.75218968902,-1.0845949029603,0.249084717364425,-4.35432135072936,1.33479782440895e-05,8.68453580036585e-05
"Os04g0598200",13557.347131129,-1.51545293025485,0.348044656879797,-4.35419105077151,1.33559191675138e-05,8.68776140264319e-05
"Os01g0941800",55.1917004449338,-3.05214374105902,0.700978008897994,-4.35412195862932,1.33601317063042e-05,8.68849911563564e-05
"Os12g0592500",26.384848970048,-3.61097158304219,0.829331584675324,-4.35407459424792,1.33630202386278e-05,8.68849911563564e-05
"Os01g0848700",537.304011897574,-1.78617821329911,0.410304466450142,-4.35329946259836,1.34103766346616e-05,8.71539808869926e-05
"Os02g0276900",1449.05444355883,-1.07700192609141,0.247446622682177,-4.3524616113865,1.34617448960934e-05,8.74487920731724e-05
"Os03g0431500",840.830841956691,-1.37688280834931,0.316564791479167,-4.34945024023596,1.36479246736731e-05,8.85594613071985e-05
"Os04g0574200",478.375052176289,-1.82585558130363,0.41980308166607,-4.34931438344227,1.36563817374006e-05,8.85945976735529e-05
"Os08g0499100",961.351198938099,-1.59657770756555,0.367217792287316,-4.34776783995359,1.37530068356362e-05,8.91167013787276e-05
"Os01g0589200",3427.58925158761,-0.917180280264844,0.211016237187021,-4.34649149511636,1.38332412591775e-05,8.95623948309845e-05
"Os01g0944100",23.146741296245,-8.63632596934265,1.98700215729441,-4.346409961176,1.38383818413946e-05,8.95757626106009e-05
"Os03g0232600",1298.07568969148,-1.45517701500119,0.334828146944241,-4.34604147913383,1.38616367678581e-05,8.9686422118099e-05
"Os03g0787200",396.139284099251,-1.42214254439287,0.327234578229145,-4.3459421436723,1.38679122112573e-05,8.97070944949433e-05
"Os07g0462200",5552.90561240146,-1.76484484920284,0.406138848805759,-4.34542239530231,1.39007911313105e-05,8.98998088665391e-05
"Os09g0476000",2307.6191673747,-0.675358701189198,0.155420202360532,-4.34537267956037,1.39039400076493e-05,8.99002089038104e-05
"Os02g0767300",80.0941664148988,-2.28764575360901,0.526813800701678,-4.34241804326695,1.40923061833057e-05,9.1057497375245e-05
"Os10g0371000",3746.20578367733,-1.41053550589742,0.32483250924714,-4.34234710425566,1.40968585226101e-05,9.10667067203755e-05
"Os09g0127800",5414.10488253901,-0.663597965691182,0.15283644090342,-4.34188313839708,1.41266670108114e-05,9.12188019265744e-05
"Os04g0689900",67.8902147461026,-2.21917095515468,0.511349756098944,-4.33982988881153,1.4259305646506e-05,9.20140702498446e-05
"Os12g0143400",382.817063862382,-1.08534803223248,0.250087754982536,-4.33986874850499,1.42567843445212e-05,9.20140702498446e-05
"Os02g0699466",2219.40260636435,-2.08835776341761,0.481251196091062,-4.33943391804568,1.42850213516182e-05,9.21391786936492e-05
"Os03g0118400",3851.57376685224,-0.709321723488723,0.16345806789213,-4.33947208991129,1.42825404141939e-05,9.21391786936492e-05
"Os08g0547500",2278.27962110586,-0.880431366916806,0.202896344015091,-4.33931607388314,1.42926830934727e-05,9.21681835801845e-05
"Os03g0271200",3559.14514099118,-0.541052488855635,0.124700772590598,-4.33880622882706,1.43258762972602e-05,9.23617820519842e-05
"Os04g0386300",99.4105073202874,-2.22565884587352,0.513021989120586,-4.33833031151104,1.43569269835355e-05,9.2541484642435e-05
"Os06g0196700",2721.84439417516,-0.729715646671982,0.16821618455802,-4.33796336891884,1.43809115469885e-05,9.26755711598579e-05
"Os06g0192900",2122.41993569186,-0.979266121827908,0.22576355389196,-4.33757400141096,1.44064036598263e-05,9.28193113675798e-05
"Os02g0503400",21605.910907903,-0.955055480524166,0.220190621995572,-4.33740307315801,1.4417608036065e-05,9.28709536001517e-05
"Os03g0637900",1870.07930928769,-1.40392184628698,0.323688634701038,-4.33726024265156,1.44269769730757e-05,9.29107526337705e-05
"Os12g0182200",2720.64178360061,-1.19326262978183,0.275144278079828,-4.33686151174704,1.44531623803845e-05,9.3038239354898e-05
"Os08g0240500",2490.39375002734,-2.00670352937123,0.462790629407616,-4.33609369303752,1.45037142037654e-05,9.33223961648378e-05
"Os03g0102000",773.890904341997,-0.691065351346478,0.159469118500416,-4.33353716283743,1.46732497473612e-05,9.4350712992416e-05
"Os02g0796600",140.57600550248,-2.37391796283965,0.547889438498094,-4.33284125597889,1.4719724803903e-05,9.46077743851827e-05
"Os11g0490100",306.259104954698,-2.17475217244894,0.502040833134757,-4.33182328789817,1.47879611309752e-05,9.5004412983953e-05
"Os03g0721300",1061.09965463808,-1.4801085181528,0.341881477209996,-4.32930303867754,1.49581983792098e-05,9.60133685693955e-05
"Os03g0788200",1629.40496805217,-1.41810775302502,0.327615508263918,-4.32857333445468,1.5007836082216e-05,9.62743751455414e-05
"Os03g0805700",36.9286013558729,-4.72561324296999,1.09174812157324,-4.32848305354557,1.50139882948255e-05,9.62865816168044e-05
"Os09g0501200",9837.32233322047,-1.60206826064804,0.370161638813274,-4.32802347046069,1.50453439824387e-05,9.64451920441512e-05
"Os06g0575400",2431.13784795347,-1.44522023982404,0.333934807848299,-4.32785144243059,1.50570968829713e-05,9.64992903666135e-05
"Os07g0103500",727.836722169615,-4.98770839900279,1.15270671069391,-4.32695355438702,1.51185825270301e-05,9.68507171914146e-05
"Os09g0114500",6050.55626946491,-0.678578409259639,0.156834686649934,-4.32671128915679,1.51352133484414e-05,9.69302378775632e-05
"Os09g0299000",3704.02839798086,-0.712465954726342,0.164722586729693,-4.32524748955944,1.52360707312301e-05,9.75389869938192e-05
"Os12g0581600",1839.27266932635,-0.888040042515356,0.205330041262439,-4.32493967787366,1.52573606769317e-05,9.76538148645289e-05
"Os05g0382900",903.476918122572,-1.4508561437579,0.335500974780679,-4.32444688038937,1.52915043204137e-05,9.78508435111161e-05
"Os01g0165200",134.68812975747,-1.6220950717578,0.375130552552169,-4.32408147169569,1.5316868809506e-05,9.79700974018086e-05
"Os12g0263200",975.173361001866,-1.45441183705333,0.336349929729163,-4.32410328797884,1.53153533281782e-05,9.79700974018086e-05
"Os02g0755000",1719.11001756149,-0.753388750874273,0.174245704226029,-4.32371491865869,1.53423530297659e-05,9.80900120598995e-05
"Os03g0145050",649.474824322823,-2.14685535459889,0.496524873345454,-4.32376194999848,1.53390809654094e-05,9.80900120598995e-05
"Os03g0808100",1606.45070152459,-0.831866985299632,0.192414649448483,-4.32330380084888,1.53709836640756e-05,9.82514895226533e-05
"Os08g0132400",56.155432559213,-4.99645239277232,1.15577006898082,-4.32305051572955,1.5388648030442e-05,9.83212391273653e-05
"Os01g0819500",10990.3362926622,-0.967527809195604,0.22389316057362,-4.3213817104407,1.5505516974118e-05,9.90244880088298e-05
"Os01g0941200",924.632071409896,-1.51963625479635,0.351668802146168,-4.3212142945928,1.55172879467942e-05,9.90779345727998e-05
"Os02g0122700",229.147003511724,-2.10759928509081,0.487833267086751,-4.32032710207937,1.55798085897557e-05,9.94309951606155e-05
"Os08g0234000",29939.4855612812,-1.02048195944697,0.236422016248631,-4.31635756956657,1.58624951888343e-05,0.00010117117496479
"Os02g0708000",164.350363708432,-1.91355961992776,0.443407907132302,-4.3155739650732,1.59188737263346e-05,0.000101508526529082
"Os04g0613200",514.241878122788,-1.72279658193894,0.399242332462004,-4.31516510615241,1.59483659638671e-05,0.000101652071262801
"Os01g0226300",6432.33551037641,-1.62928500861148,0.377581991667186,-4.31504956424826,1.5956709787243e-05,0.000101682998342252
"Os07g0466200",982.872133243156,-1.03746800129448,0.240447474702963,-4.31473860383069,1.59791863733173e-05,0.000101803952212589
"Os01g0788200",134.771497569341,-3.41871795332646,0.792372569609955,-4.3145334460648,1.59940319390409e-05,0.000101876246309875
"Os04g0551200",142.996298949038,-2.51966016758363,0.584008613616132,-4.31442295342548,1.60020328209443e-05,0.000101904920142475
"Os04g0472300",602.931604825854,-1.90230679294564,0.440982087635112,-4.3137960617568,1.6047498945866e-05,0.000102172117250002
"Os12g0244200",1378.16512995506,-1.23741887528224,0.286878217174083,-4.31339432973174,1.60766997880381e-05,0.000102335661470436
"Os12g0139300",543.166697861544,-1.34672054795499,0.312327336630288,-4.31188816990794,1.61866301225368e-05,0.000102967899176173
"Os06g0715300",108.218218381296,-2.19809453973564,0.509844991794469,-4.31129965992044,1.62297781642937e-05,0.00010319729251104
"Os10g0352000",25.4049911032416,-6.7613309121895,1.56827981176942,-4.3113039276843,1.62294648685449e-05,0.00010319729251104
"Os05g0435800",455.666758402282,-1.90776766484145,0.442597925311135,-4.31038546667461,1.6297021957082e-05,0.000103534440103434
"Os03g0212400",931.553382514353,-1.84108740569844,0.427235909929486,-4.30929929556321,1.63772608353978e-05,0.000104021502736849
"Os01g0679700",21180.0160516696,-1.28526815616062,0.298299280727385,-4.30865321909787,1.64251669860818e-05,0.000104303033791687
"Os12g0286200",104.728845304025,-1.37341123653034,0.31876607972058,-4.30852378563687,1.64347804386969e-05,0.000104341328959174
"Os10g0411500",433.79436291138,-1.58572536092735,0.368094105668775,-4.30793467351592,1.64786035422488e-05,0.000104596750731772
"Os05g0430700",719.744763643571,-1.93066037066378,0.448278626989142,-4.30683118584314,1.65609900778052e-05,0.000105051002623795
"Os06g0643500",4063.36471167142,-1.7984198803697,0.417623984161171,-4.30631369024927,1.659976144638e-05,0.00010527400976513
"Os04g0524900",136.501887735313,-1.61048779696391,0.373990655286517,-4.30622469893027,1.66064374902003e-05,0.000105293418808973
"Os07g0662600",1940.89932909165,-0.548173675918681,0.127301557369008,-4.30610345425466,1.66155372682783e-05,0.000105328183789029
"Os08g0124000",20.6354698417922,-8.41861652941779,1.95549698267391,-4.30510330826811,1.66907827361212e-05,0.000105736126787323
"Os08g0225000",3629.97588596784,-1.42633862718993,0.331371845095126,-4.30434464575731,1.67480768054551e-05,0.000106076009727809
"Os02g0236800",1712.13875189452,-1.34599569619355,0.312777352753868,-4.30336686573581,1.68221950827542e-05,0.000106522279886925
"Os04g0379800",673.304907918253,-1.71502390405321,0.398617867214014,-4.30242607046119,1.68938048242475e-05,0.000106921909225049
"Os06g0270950",9.62437325999825,-6.99726722932457,1.62636631990595,-4.30239309784108,1.68963198356457e-05,0.000106921909225049
"Os10g0140700",479.728125486724,-1.47351645102604,0.342519949442358,-4.30198723731278,1.69273063937759e-05,0.000107094724483932
"Os02g0158500",975.622148812212,-2.06756934647417,0.480667266065347,-4.30145652188656,1.69679070619571e-05,0.000107328277467054
"Os03g0795300",1259.54505101507,-1.44908064102575,0.337024648526451,-4.29962807575489,1.710849822254e-05,0.000108112376227514
"Os07g0674100",6307.42423415612,-1.27734767352314,0.297085023432098,-4.299603052239,1.71104299853242e-05,0.000108112376227514
"Os10g0512800",4043.61214447078,-1.22750646466257,0.285519151508754,-4.2992088557847,1.71408885632834e-05,0.000108281335518425
"Os03g0737000",38001.247108518,-0.415280606454879,0.0965960260181085,-4.29914794193529,1.7145599831054e-05,0.000108287607521135
"Os03g0300000",2983.28661636068,-1.19178248553269,0.277243187270485,-4.29868988762547,1.71810667328827e-05,0.000108464562192718
"Os01g0734200",2934.65753478624,-0.635006974638068,0.147783829426441,-4.29686371711014,1.73231623329778e-05,0.000109290540177855
"Os02g0676400",159.579153271637,-1.66990120283505,0.388731405923516,-4.29577126362568,1.74087014819946e-05,0.000109806412076813
"Os02g0809300",80.349683459807,-2.85512741161023,0.664685064474989,-4.29545895373081,1.74332292377421e-05,0.000109937310927139
"Os05g0217000",1184.48630701987,-1.85473213544249,0.431846008319036,-4.29489239153107,1.74778091785995e-05,0.000110194578674859
"Os01g0756600",4109.61561350294,-1.14248542661752,0.266044081114663,-4.29434634227068,1.75208778384062e-05,0.000110442208746768
"Os06g0536800",233.810896512278,-1.56756619348085,0.365107186765327,-4.29344107786188,1.75925018224485e-05,0.000110869690126238
"Os06g0683900",1008.6823778358,-1.65338098286361,0.385282244834446,-4.29135005578587,1.77590101805149e-05,0.00011187007756037
"Os02g0169800",1705.38937802786,-1.26168598026236,0.294017594317472,-4.29119210770777,1.77716484131448e-05,0.000111901825964887
"Os03g0856300",1397.82232337365,-2.03956309210749,0.47534631425003,-4.29068876935625,1.78119802759795e-05,0.000112131536877881
"Os02g0241200",1025.07494140791,-0.959901137381201,0.223729547054966,-4.29045313869683,1.78308910154664e-05,0.000112226325513813
"Os01g0937900",318.495716113465,-2.57154745850514,0.599457242461541,-4.28979295995431,1.7883976151955e-05,0.000112536117868892
"Os10g0477100",3030.61009886582,-0.879961770423314,0.205136108514439,-4.28964835491834,1.7895623964734e-05,0.00011258508556945
"Os07g0603100",2476.5532508946,-1.00218818086506,0.233659954842514,-4.28908831014938,1.79408033331993e-05,0.000112796216465766
"Os01g0753150",69.1018064701835,-2.11336442463505,0.492851739973489,-4.28803279612797,1.80262482633018e-05,0.000113284506241665
"Os04g0683800",2433.95854491555,-1.26350742449415,0.294672728989602,-4.28783290814379,1.8042472999664e-05,0.000113337553644568
"Os10g0521700",3490.07701675164,-0.517414381523814,0.120670282716132,-4.2878359930671,1.80422224934153e-05,0.000113337553644568
"Os03g0226200",26950.4795064812,-3.4053517839607,0.79426419064512,-4.28742957830542,1.80752533050638e-05,0.000113518983556193
"Os11g0438500",262.698564649516,-1.7635627351534,0.411428686083506,-4.28643600897448,1.81562470636026e-05,0.000114003067483018
"Os03g0349200",1645.47363954778,-0.902205948142487,0.210503657211155,-4.28593954183651,1.81968474902724e-05,0.00011423336766797
"Os01g0952700",950.001266992752,-0.706366569879787,0.164850711452171,-4.28488638997916,1.82832593818539e-05,0.00011472636925627
"Os03g0780600",6301.53825907116,-0.863590622704523,0.201651641339662,-4.28258662794563,1.84733174112933e-05,0.000115869039339152
"Os11g0458100",94.0270022222857,-2.57542934250097,0.60139073464973,-4.2824559709936,1.84841715320388e-05,0.000115912154038767
"Os02g0315600",527.173947909481,-1.70373139637804,0.397847448002164,-4.28237357040625,1.84910199547327e-05,0.000115930136301771
"Os01g0967800",2614.93871660804,-1.76353342101692,0.412039902380527,-4.28000640430272,1.86887935464052e-05,0.000117069272028052
"Os01g0667200",21877.7103744272,-0.752110150590462,0.175785716765908,-4.27856235664493,1.88104295914859e-05,0.000117805877540484
"Os08g0156800",13662.8879740812,-1.22298016100542,0.285859101621371,-4.27826210209425,1.88358153672093e-05,0.000117914147705045
"Os02g0699500",1765.60266186894,-2.28683461483355,0.534535594928971,-4.27817087679151,1.88435347010329e-05,0.000117937119613901
"Os04g0541100",933.524888598987,-1.20899348144979,0.282689976031519,-4.2767469098904,1.89644197328521e-05,0.000118641967380949
"Os06g0656700",92.0434740918996,-2.70467737812025,0.632421511871393,-4.27670047167888,1.89683744291498e-05,0.000118641967380949
"Os04g0476100",7528.7403413703,-1.07050980661459,0.250319779238467,-4.27656899455303,1.89795753333487e-05,0.000118686534863169
"Os09g0308500",262.836588107177,-1.55760147895606,0.364235345273536,-4.27636004898514,1.89973889533287e-05,0.000118746933054054
"Os01g0142300",425.547021502462,-1.17487027437883,0.274780327853993,-4.2756709825425,1.90562481222176e-05,0.000119089282792966
"Os08g0512600",2779.50721579,-1.72968989089375,0.404583201748066,-4.2752390198613,1.90932343464558e-05,0.000119269234370975
"Os02g0445100",11.4310973820731,-6.37792720698506,1.49225215385909,-4.27402781124571,1.91973074488005e-05,0.000119842226693241
"Os08g0253800",4848.65614313718,-1.6070988241314,0.376150962914535,-4.27248361051398,1.93307765748769e-05,0.000120597873910361
"Os11g0457700",117.791669459102,-1.70279197422422,0.398568352407638,-4.27227090143545,1.93492306580058e-05,0.000120661305186819
"Os04g0592400",2696.64943040507,-0.967417476695574,0.226490781667055,-4.27133267665477,1.94308289928197e-05,0.000121040556562331
"Os01g0939600",615.416831538421,-1.64661932644922,0.385563462331249,-4.27068300635436,1.94875233815997e-05,0.000121354584488635
"Os02g0806400",2837.65690634709,-1.08567160591274,0.254216379710295,-4.27065953480249,1.94895746052245e-05,0.000121354584488635
"Os06g0284800",1273.44916109215,-0.794239934581365,0.18600252457131,-4.27004921794417,1.95429836017538e-05,0.000121661130493859
"Os03g0115200",10171.7449037914,-0.730861588577842,0.171192895744029,-4.26922849456697,1.96150251165462e-05,0.000122057427658987
"Os03g0264000",671.468734866308,-0.849412484792342,0.198960361837197,-4.26925482517663,1.96127099447854e-05,0.000122057427658987
"Os10g0358600",751.623405626227,-1.59327619352984,0.373258740542052,-4.26855695653922,1.96741594884486e-05,0.000122399246447896
"Os02g0183000",533.852858066797,-1.99875591990298,0.468328300613754,-4.26785209709421,1.97364106849178e-05,0.000122704210876047
"Os08g0490600",697.976532103135,-1.97420894011265,0.462581138094412,-4.26781115253713,1.97400325511393e-05,0.000122704210876047
"Os07g0579000",397.03887979481,-0.983168821210835,0.230378155676773,-4.26763040238176,1.97560288816564e-05,0.000122777437706274
"Os11g0448700",919.710454260638,-1.11909564441368,0.262260992901494,-4.26710671698714,1.98024445936734e-05,0.000123039639739056
"Os06g0367500",117.442493404013,-1.36707985876305,0.320384612558417,-4.26699599536413,1.9812271453621e-05,0.000123074438837959
"Os02g0762200",405.451613119852,-1.81027765706055,0.42426055225694,-4.26690072275259,1.98207308867108e-05,0.000123100730407932
"Os11g0552600",787.719864242745,-1.42904151486443,0.334994279075064,-4.26586841664904,1.99126120975194e-05,0.000123567422204827
"Os02g0229000",12196.0045648448,-1.24118189548447,0.29100362985788,-4.26517667869172,1.99744075746583e-05,0.000123923028843033
"Os01g0814900",10761.2084363331,-0.735087250258901,0.172348243492258,-4.26512760074587,1.9978798817552e-05,0.000123923872026571
"Os09g0441000",384.564496106092,-1.84631129521428,0.43290327952977,-4.26495104684766,1.9994603558167e-05,0.000123995495064084
"Os03g0361500",172.327676529182,-1.83687752510602,0.430828231276725,-4.26359600359192,2.0116301190874e-05,0.00012469708882091
"Os03g0211800",3088.09478388555,-1.15044856217922,0.269858572055211,-4.26315367126394,2.01561799183991e-05,0.000124917699847546
"Os06g0649900",1028.27262990289,-0.692267493504703,0.162388966334974,-4.26302050643453,2.01682002059942e-05,0.000124965601361482
"Os01g0658700",658.98974427475,-1.88379456524391,0.441984640877694,-4.26212675966085,2.02490521793505e-05,0.00012538653998874
"Os03g0177500",65604.9622942616,-0.534644320771077,0.125515144394369,-4.25960009328612,2.04792976479231e-05,0.000126650691463754
"Os05g0438500",815.667621715731,-1.90607381454823,0.447582304852047,-4.25859957796657,2.05711579899395e-05,0.000127115079539541
"Os08g0421800",1607.15569278778,-1.83237207892267,0.430276496799034,-4.25859207406,2.05718484262708e-05,0.000127115079539541
"Os05g0443800",1100.12468540846,-1.20344019984494,0.282709009798714,-4.25681587120897,2.07358994916375e-05,0.000128074414633185
"Os08g0118900",1014.92718140791,-0.881284825081347,0.207033974945841,-4.25671595839226,2.07451643991714e-05,0.000128104469387758
"Os08g0532700",1075.583148741,-1.67116031554284,0.392685212151226,-4.25572510456357,2.08372598036433e-05,0.000128645893576786
"Os07g0686100",121.57713026741,-2.24038023079459,0.52661804733994,-4.25427924871019,2.09723442843798e-05,0.000129452439645975
"Os01g0215000",26.4800400016589,-8.15111000026106,1.91626519560389,-4.25364402534708,2.10319556407526e-05,0.000129792882426361
"Os01g0819100",1541.89911799025,-1.57115805127028,0.369419077270283,-4.25305066235319,2.10877843760552e-05,0.00013010984249989
"Os07g0595900",313.250942152921,-1.75947239975359,0.413738867133041,-4.25261569440084,2.11287995213164e-05,0.000130307687348534
"Os01g0719000",260.036427871703,-1.46276990469465,0.344221974386722,-4.24949600414318,2.14252030895156e-05,0.00013196801276922
"Os12g0541700",913.874486876093,-1.24178888962379,0.292239913001314,-4.24921044107417,2.14525314631836e-05,0.000132108399507471
"Os01g0716300",325.956417129982,-1.06962385651301,0.251727033604332,-4.24914178345367,2.14591069409822e-05,0.000132120953982089
"Os02g0635400",7.86585362613944,-6.95719451964692,1.63738856610989,-4.24895755573512,2.14767602809071e-05,0.000132201693701242
"Os01g0955600",68.4858459489256,-1.99111156129984,0.46863833352741,-4.24871680110519,2.14998510646306e-05,0.00013225996254841
"Os04g0459000",2812.07406886669,-1.54983373373266,0.364801710139035,-4.2484278188882,2.15275985661928e-05,0.000132402687527913
"Os06g0728800",1842.99440722641,-1.57772892986741,0.37138571790532,-4.24822187230591,2.15473939503172e-05,0.000132468483559455
"Os10g0376400",33.8752850487268,-1.85139142281141,0.435829668276258,-4.24797015341753,2.15716124561961e-05,0.000132589383273394
"Os03g0135700",2549.64925159414,-1.43172163894722,0.337071637415398,-4.24752924905041,2.16140954266119e-05,0.000132794448737087
"Os04g0105300",1121.04728050859,-1.14524583985706,0.269714925283163,-4.24613446458225,2.17490138165145e-05,0.000133517844688198
"Os10g0345701",710.706277028991,-0.987313915092226,0.232521299338267,-4.24612247524001,2.17501770208369e-05,0.000133517844688198
"Os03g0363600",287.024705714076,-2.00050313937265,0.471178814611314,-4.24574084686491,2.17872335102602e-05,0.000133717136835785
"Os07g0176600",707.427155932849,-1.45827234081821,0.343560844319906,-4.24458248059359,2.19000804073482e-05,0.000134324798151389
"Os10g0142700",10.361248721112,-6.71566810631776,1.58219777091228,-4.2445187509306,2.19063050067401e-05,0.000134334684019012
"Os01g0329900",929.391930276998,-2.18891648078349,0.515730602456673,-4.24430210337845,2.19274779874085e-05,0.000134436213463012
"Os05g0490300",1072.78516953715,-0.559761350203259,0.13194461006764,-4.2423964868008,2.21145550773158e-05,0.000135554635437085
"Os01g0956600",108.435070942778,-2.07262697674175,0.488672891926593,-4.24133814456215,2.22191091724868e-05,0.000136138206884317
"Os08g0157400",1080.08930491146,-0.960702158883717,0.226528622970244,-4.24097470018133,2.22551224033697e-05,0.000136330179770915
"Os09g0315700",783.355105712869,-1.51304918581442,0.356796163078403,-4.24065430737813,2.22869157780363e-05,0.000136438839875546
"Os04g0335400",230.761652075582,-1.05687185502069,0.249227755482336,-4.24058649878424,2.22936501339225e-05,0.000136451382765887
"Os05g0354400",2946.95238598886,-0.83806119874758,0.197715883747929,-4.23871457801557,2.24803249949633e-05,0.000137507251523487
"Os03g0364500",1745.43081106641,-1.29416575137927,0.305352797974007,-4.23826393589959,2.25254863601708e-05,0.000137754559802792
"Os02g0453000",162.281992126161,-1.36666976905738,0.32254503999934,-4.23714396308862,2.26380993553251e-05,0.000138414177918492
"Os07g0133500",449.827835587637,-1.44663912290816,0.341435503460192,-4.23693232908576,2.26594392052521e-05,0.000138515572740418
"Os12g0563400",2495.06177104781,-0.490577914280269,0.115793395929651,-4.23666574714081,2.26863469085596e-05,0.000138650953760981
"Os02g0774500",114.662563617103,-1.6587653714348,0.391542333533662,-4.23649048741287,2.2704053481257e-05,0.000138702773392857
"Os09g0295300",16.1774725696539,-6.92254357917132,1.63402901905583,-4.23648753996504,2.27043513757211e-05,0.000138702773392857
"Os07g0106700",65.9282559160258,-4.13910436911886,0.977074409756874,-4.23622226494377,2.27311775925753e-05,0.000138837532267403
"Os01g0631700",1615.08082343798,-1.00866924137338,0.238140110089654,-4.23561256015898,2.27929490192781e-05,0.000139127281773091
"Os11g0527100",66.1892802883838,-1.87789718473478,0.443434714930185,-4.23488987557151,2.28663737439613e-05,0.000139546214621048
"Os06g0546400",2126.85877548033,-1.14930253757992,0.271398495343876,-4.23474174432578,2.28814516447208e-05,0.000139608974397142
"Os03g0598800",22648.3198852691,-1.26153672622382,0.297966080277988,-4.23382663236992,2.2974808531137e-05,0.00014011986890969
"Os04g0141400",15.7208533110808,-7.99062064021576,1.88810884602658,-4.23207626881871,2.31543858540281e-05,0.00014103786338444
"Os11g0522000",650.268939707706,-1.02627738462962,0.242556802651701,-4.23108061043872,2.32571298877853e-05,0.000141486136743698
"Os03g0343700",2041.60918035566,-1.03167500512261,0.243890589004853,-4.23007303944015,2.33615447753666e-05,0.000142091668117842
"Os10g0456600",968.647065508401,-0.82907030434345,0.196014314875632,-4.22964162015148,2.34063891424881e-05,0.000142334697140852
"Os05g0119400",157.882558838638,-1.57465940201961,0.372450671774081,-4.22783343232834,2.35952359441858e-05,0.00014339325149553
"Os06g0731900",1568.71494919035,-0.97805306891977,0.231352312198785,-4.22754827744879,2.36251494916702e-05,0.000143515144659245
"Os01g0118600",465.44725712199,-1.01719197694219,0.240657648203578,-4.22671784809319,2.37124695595276e-05,0.00014398551678744
"Os02g0285700",327.721439068537,-1.68616760081526,0.399141656825702,-4.22448414486483,2.39488710682133e-05,0.000145299796510106
"Os04g0548400",440.779920207452,-1.51669533427336,0.359122121222891,-4.22334143357328,2.40706739799348e-05,0.00014597796077544
"Os10g0508700",140.879205377127,-2.86228644840396,0.677824834553907,-4.22275240223044,2.41336894926831e-05,0.000146299189301815
"Os11g0632200",247.63712630572,-1.7781993539301,0.421096576518391,-4.22278273699629,2.4130440401257e-05,0.000146299189301815
"Os02g0684900",141.140103902639,-1.22434294734253,0.290081952523388,-4.22067948968254,2.43567033922544e-05,0.000147620377979029
"Os07g0105900",75.0392753801829,-2.32598938129509,0.551112452272427,-4.22053497739751,2.43723236048142e-05,0.000147684312946192
"Os04g0641400",6273.50114932651,-0.667435114116852,0.158154478942602,-4.22014677408585,2.44143313781116e-05,0.000147908083709874
"Os08g0107600",253.358764980829,-1.88437399055889,0.446535340304084,-4.21998847678138,2.4431480611994e-05,0.000147981193507173
"Os12g0157000",1370.31602665182,-1.98792267440437,0.471193403470325,-4.21891023890272,2.45485974078945e-05,0.00014859784945182
"Os04g0555000",1867.42076309157,-0.797918329367035,0.189137281147598,-4.21872580871224,2.45686833909547e-05,0.000148688528202698
"Os03g0587200",3051.97096393505,-1.5227365005973,0.360956743666559,-4.21861213930931,2.45810707217509e-05,0.000148706669780102
"Os11g0290600",17.8370083214862,-8.59217175760457,2.03703560938407,-4.21797818262125,2.46502663587713e-05,0.000149058358990892
"Os05g0373500",423.631229700998,-1.13281481396642,0.268616609463701,-4.21721805002345,2.47334782519071e-05,0.000149499450737244
"Os02g0188500",364.416568295074,-1.70825006638002,0.405102436869323,-4.2168348321515,2.47755304521846e-05,0.000149698443546584
"Os05g0556400",2009.55749881488,-1.86017846555869,0.441132546119191,-4.21682435794724,2.47766807875329e-05,0.000149698443546584
"Os08g0390100",669.886154229142,-0.88705288511709,0.210403279924117,-4.21596510014963,2.48712225036523e-05,0.000150238486154607
"Os02g0655800",1134.878278555,-1.26261791099172,0.299626304558121,-4.21397551477927,2.50914499555731e-05,0.000151505951815509
"Os02g0119800",2918.56540440238,-0.792464039439093,0.18805874131871,-4.21391759767272,2.50978885092467e-05,0.000151506678903676
"Os07g0517300",851.19328357386,-1.58669773413891,0.376587230152525,-4.21336043045395,2.51599082467208e-05,0.000151793421993164
"Os01g0545100",119.276654036585,-3.13428462574039,0.743913867866578,-4.21323591497091,2.51737883064881e-05,0.000151845704859475
"Os12g0477600",2088.90490062687,-0.696839471216227,0.165427496178523,-4.21235578917439,2.52721060848594e-05,0.000152312556581804
"Os01g0595201",205.551049604016,-2.10185505031996,0.49905397304465,-4.21167882402954,2.5347977434445e-05,0.000152738216189925
"Os06g0230801",230.542694344253,-1.13628602189766,0.26984107164667,-4.21094540932416,2.5430419906014e-05,0.000153171600517671
"Os08g0471800",733.3363378812,-1.6706992212025,0.396930000238869,-4.20905252865012,2.56443770808733e-05,0.000154428360080478
"Os05g0589700",168.380967462275,-1.3802023076912,0.327937552059286,-4.20873516626629,2.56804165453866e-05,0.000154613415471315
"Os03g0424500",26825.4440097659,-1.06785466087429,0.25373986884346,-4.20846225601655,2.57114465742326e-05,0.000154768240416454
"Os03g0301600",236.689756361113,-1.90644332086347,0.453017048042414,-4.20832577736672,2.57269776364156e-05,0.000154829725713514
"Os10g0529300",1374.82390101847,-1.41409149541145,0.336048464361964,-4.20799868285757,2.57642368206586e-05,0.000154927423098316
"Os09g0248100",3289.92023657394,-1.5927772992358,0.378554215784859,-4.20752756889389,2.58179913991676e-05,0.000155185045516317
"Os07g0132300",187.127377871679,-2.43476828755831,0.578764222642235,-4.20683966338288,2.58966737408767e-05,0.000155525703724604
"Os01g0967400",1272.85819634866,-1.58880090493334,0.377753008226495,-4.2059252218601,2.60016203149681e-05,0.000156063311379328
"Os03g0851000",7985.59197679243,-1.48724595108982,0.353698903347782,-4.20483619545592,2.61271309714748e-05,0.000156752020632734
"Os04g0498000",331.115893708507,-1.40629196796986,0.334521866989844,-4.20388652205074,2.62370512626007e-05,0.00015728188696366
"Os05g0345100",445.420259613757,-1.51932153594382,0.361445593135729,-4.20345845902535,2.62867412419533e-05,0.000157547330407113
"Os05g0380400",233.658272585383,-1.19893078408054,0.285337720219389,-4.20179562365154,2.64806152107279e-05,0.000158611369018268
"Os06g0285400",747.395698050627,-1.85164519946577,0.440679109717581,-4.20179935611752,2.64801785147426e-05,0.000158611369018268
"Os02g0695600",829.474120795139,-1.36961817423932,0.326052681839497,-4.20060392238555,2.66203941746205e-05,0.000159415817222558
"Os07g0627600",74.3016350636313,-1.69509423717831,0.403760041131337,-4.19827140999056,2.68960162369873e-05,0.000160934001408166
"Os01g0757600",583.242228287042,-1.02417035919133,0.243995420006613,-4.19749829387606,2.69879689977659e-05,0.000161384729600193
"Os03g0286500",3342.13734435728,-2.28191919616467,0.543657136581563,-4.19734984169075,2.70056597576198e-05,0.000161457364701582
"Os01g0833500",955.542173787241,-1.8552036788467,0.442028150563116,-4.19702608642297,2.70442793020266e-05,0.00016162189653881
"Os01g0868400",163.025260686995,-2.22082965520853,0.529277889348902,-4.19596151643612,2.71716384237914e-05,0.000162316400856955
"Os05g0364300",1005.84228423572,-1.36012356985256,0.32425906131625,-4.19455840133339,2.73403705396298e-05,0.000163190463384935
"Os08g0327400",6589.96676226614,-1.60415289552016,0.382586251284433,-4.19291830308757,2.75388640739841e-05,0.000164240589711768
"Os02g0748800",356.671369448932,-1.36365562684708,0.325281901641802,-4.19222717269012,2.7622918094146e-05,0.000164674436179676
"Os06g0683950",421.691122183564,-1.35749044357738,0.323809945188168,-4.19224444384665,2.76208146391104e-05,0.000164674436179676
"Os11g0484300",2894.52163576939,-1.57196119210356,0.375055411409144,-4.19127719340844,2.77388509903811e-05,0.000165297896161629
"Os06g0153200",995.268314599926,-1.20250645518341,0.286938674739552,-4.19081344219248,2.77956138301829e-05,0.000165602263903966
"Os07g0572600",1253.53017185271,-0.847666613929486,0.202274876705836,-4.19066681801631,2.78135834979144e-05,0.000165675430277411
"Os01g0891300",772.370755557997,-1.56314471530089,0.373013819598202,-4.1905812416941,2.78240764907649e-05,0.000165704039992649
"Os06g0604300",850.881931512918,-2.45038460731129,0.584748497132182,-4.19049321089127,2.78348743683464e-05,0.000165734453354117
"Os10g0476300",1315.528081768,-1.04095551385792,0.24845231014125,-4.18975985075815,2.79249834559093e-05,0.000166236992682541
"Os05g0482600",2077.16000428777,-0.587620574511912,0.140274197917707,-4.18908525755139,2.80081165963332e-05,0.000166663745712794
"Os06g0167200",242.733868685403,-1.24811319493122,0.297958224433213,-4.18888653704869,2.80326506441137e-05,0.000166775659255951
"Os02g0109400",481.231265619097,-1.50232659036142,0.358688031128303,-4.18839342265101,2.80936188702017e-05,0.000167104241980804
"Os02g0778500",611.713192774654,-1.43764080383481,0.343285343035762,-4.18788868502621,2.81561547268058e-05,0.00016744201305984
"Os09g0442800",483.231574291801,-1.14694098704727,0.273965693000253,-4.18644018704274,2.83363560682785e-05,0.000168444858424251
"Os01g0577600",1128.80156117768,-1.35081539596912,0.322691897014495,-4.18608402772644,2.83808319450098e-05,0.000168674813857668
"Os02g0764400",40.077222943793,-3.09370437396528,0.739405787137586,-4.18404133127188,2.8637200989744e-05,0.000170024988220861
"Os02g0672100",1144.56836730949,-1.07422181343722,0.256756673637078,-4.18381262780969,2.86660411167647e-05,0.000170126849277037
"Os03g0264800",646.901748125018,-1.61335794778723,0.385667743656863,-4.18328463897326,2.8732727426092e-05,0.000170459691612438
"Os06g0529800",1478.395229955,-0.725393582038005,0.173403236463257,-4.18327591129887,2.87338309911907e-05,0.000170459691612438
"Os02g0187700",499.864988710885,-1.77012896565083,0.423168803353643,-4.18303275577603,2.87645928363399e-05,0.00017060742822401
"Os06g0606800",7987.5557926012,-0.565953805007525,0.135306085470245,-4.18276682117142,2.87982723276607e-05,0.000170772406175145
"Os02g0236000",12694.4667756898,-0.724824821563211,0.173306626608688,-4.18232606419491,2.88541748967139e-05,0.000171069071934467
"Os04g0150300",22.5511118944373,-8.33797983578508,1.99370617613291,-4.18215077808397,2.88764356325206e-05,0.000171166203641413
"Os02g0175600",11241.6467465224,-0.888834137513967,0.212646085514047,-4.17987538009607,2.91668888592387e-05,0.000172747231514897
"Os03g0164800",374.807307799342,-1.15654049808797,0.276707627716803,-4.17964805535332,2.91960588227594e-05,0.000172884836322976
"Os09g0544000",445.589412268006,-1.60133742298825,0.383143968822614,-4.17946660600999,2.92193620235316e-05,0.000172987652134435
"Os08g0192900",12376.4292974001,-1.13373809568057,0.271314898487784,-4.17867983660183,2.93206100344853e-05,0.000173538830700297
"Os08g0203400",377.442551450818,-2.36829773572526,0.566761370153672,-4.17865059342898,2.93243797086794e-05,0.000173538830700297
"Os05g0541900",15404.8409746173,-1.25889868297156,0.301274149156871,-4.17858182155569,2.93332467578678e-05,0.000173556036587287
"Os04g0495500",827.074060940565,-1.74160451274668,0.416836282753438,-4.17814999510695,2.93889822413657e-05,0.000173850485645552
"Os03g0138500",1316.8793492806,-1.63357947837368,0.391006170916692,-4.17788669305102,2.94230158051207e-05,0.000174016463500554
"Os09g0375100",4540.43694311396,-0.75565838211944,0.180890041717212,-4.17744600501985,2.94800615341772e-05,0.000174318447106256
"Os02g0736100",2350.9491344358,-0.892344897134489,0.213619770286997,-4.17725801284978,2.95044285244985e-05,0.000174391712500598
"Os02g0486400",234.840485330462,-1.67991483177013,0.402166026730925,-4.17716743859646,2.95161753243088e-05,0.000174425742247265
"Os03g0174200",1124.19031342179,-1.79958835019945,0.430836116926247,-4.17696724926039,2.95421541485795e-05,0.000174543845225184
"Os07g0577300",767.439200954487,-1.28685367773112,0.308204412723359,-4.17532528609894,2.97560554720091e-05,0.000175629478608806
"Os10g0109900",66.0411573943235,-2.68000913582122,0.641866623355675,-4.17533649251015,2.97545906174606e-05,0.000175629478608806
"Os06g0660200",2823.64953754636,-1.69722817308874,0.406527545620673,-4.17494015195815,2.9806440250147e-05,0.000175891216406238
"Os02g0803800",8.79496299451208,-6.12492589942965,1.46746809955872,-4.17380514184361,2.99553988109373e-05,0.000176698627541445
"Os03g0123500",1438.57110995002,-1.55847253697619,0.373435219511933,-4.17334106572234,3.0016507645073e-05,0.000177023235245001
"Os01g0183500",37.4707873415092,-2.81161011417827,0.673818256028203,-4.17265351454144,3.0107261171368e-05,0.000177522506546382
"Os01g0170300",3631.59174122399,-1.68503702754689,0.403885912299868,-4.17206190221316,3.01855598957774e-05,0.000177948152891666
"Os03g0356582",252.200040230007,-1.64420072342098,0.394158702271471,-4.17141804543632,3.02709929698664e-05,0.000178310764603338
"Os02g0195000",1073.72875494304,-0.990083347613638,0.237403307639778,-4.17046989554136,3.03972210392037e-05,0.000178978542479517
"Os03g0114000",1583.15930620849,-1.80543588156714,0.432953068245766,-4.17004985986675,3.04533005192058e-05,0.000179200043992788
"Os02g0131300",30152.394202623,-0.494554268919993,0.118600554232403,-4.16991532730018,3.04712829070121e-05,0.00017926963652889
"Os09g0517600",413.077102366771,-1.8841186050303,0.451850119811836,-4.16978666690383,3.04884898267828e-05,0.000179334639615344
"Os05g0188800",379.01749509033,-0.964433841525587,0.231312676557649,-4.16939467338369,3.05409716120643e-05,0.000179607062860771
"Os07g0180900",21405.0235894299,-1.0403006744324,0.24954828487925,-4.16873502030188,3.06294826651608e-05,0.000180054863579898
"Os10g0541000",381.335583889304,-1.34837365146314,0.32350694922017,-4.1679897594579,3.07297736773684e-05,0.000180607965495928
"Os03g0848600",2681.54968697511,-1.01419353765612,0.243381851876424,-4.16708776696741,3.08515737564325e-05,0.000181214104666161
"Os04g0349500",39809.5757625906,-1.00569727610157,0.241384189348859,-4.16637592882311,3.09480201826839e-05,0.000181707307209702
"Os06g0239600",759.989518506145,-0.695638911691791,0.166986545288268,-4.16583809486515,3.10210808525919e-05,0.000182026177027842
"Os03g0607600",845.008559428679,-1.79795881011621,0.431763610497432,-4.1642203428047,3.12418294221814e-05,0.000183247644800155
"Os05g0510800",2704.18305919888,-1.04279857399855,0.250502855935387,-4.16282109880426,3.14339648031371e-05,0.000184271388472333
"Os06g0219400",539.617816061423,-1.12213274288744,0.269643476558887,-4.16154233437344,3.16105381441527e-05,0.000185261036794931
"Os11g0578375",17.4743688900134,-7.30070447149367,1.75483660560057,-4.16033290403986,3.17784045927025e-05,0.000186166080377032
"Os02g0670400",4999.04609246372,-1.29434844441499,0.311145087077237,-4.15995141229304,3.1831530348512e-05,0.000186406158618413
"Os01g0312800",963.647086260941,-2.09854982609033,0.504544670707421,-4.15929440528616,3.19232216513637e-05,0.000186867951945932
"Os02g0330200",1662.4638966741,-1.32675867116008,0.318991990409229,-4.15922252297937,3.19332686967296e-05,0.000186889198349309
"Os07g0518200",58.9947239937972,-3.80176108457628,0.914216120203829,-4.1584927245963,3.20354434105864e-05,0.000187411848735054
"Os01g0233100",409.138755675826,-1.57833322831605,0.37956815393414,-4.15823406668073,3.20717310548915e-05,0.000187511132660219
"Os09g0543900",485.657945595202,-2.16282032781015,0.520267656406181,-4.15713008713653,3.22270500950257e-05,0.000188305809162789
"Os08g0139200",1889.79913496329,-1.40813568391209,0.338860939745227,-4.15549719295119,3.24580930141644e-05,0.000189579740224327
"Os02g0829000",183.395102340913,-1.99746958351277,0.480699496567786,-4.15533945380593,3.24804951412016e-05,0.000189607161484964
"Os05g0567400",7027.28017632201,-0.633095086509357,0.15236053230437,-4.15524333588323,3.24941530184591e-05,0.000189638221283279
"Os04g0506300",151.646122397776,-1.76380697339814,0.42452327025403,-4.15479455894773,3.25579942214967e-05,0.000189972732462117
"Os04g0387600",657.883722084408,-1.48955959666647,0.358530749748815,-4.15462159859384,3.25826306636876e-05,0.000190078399476745
"Os02g0776900",694.460271440123,-2.1634225795324,0.520819583087103,-4.15388101712486,3.26883193635989e-05,0.000190635402539031
"Os02g0738900",7702.34373242374,-0.983454275616922,0.236767439371881,-4.15367196699817,3.27182118885281e-05,0.000190754708031574
"Os03g0859900",1105.91796374847,-1.79502354861467,0.432297390204112,-4.15228865426908,3.2916670172417e-05,0.000191719853752226
"Os08g0240000",161.768703155074,-1.71928886135667,0.414353906420459,-4.14932461047452,3.33457666484024e-05,0.000194102621693938
"Os03g0111300",21.8316238027659,-2.90488577861921,0.700290382874478,-4.14811605250888,3.35222467061022e-05,0.000195049703387371
"Os05g0550200",553.781676768319,-1.20250090179795,0.289893868350948,-4.14807290902128,3.35285631191945e-05,0.000195049703387371
"Os06g0286850",11.3292996612529,-7.17122466116678,1.72885011761694,-4.14797360863859,3.35431054662547e-05,0.000195095330015632
"Os10g0563700",17476.4488044862,-1.58869096238294,0.383115618057347,-4.14676637417881,3.3720382458905e-05,0.000196087255984072
"Os03g0202001",683.160084445678,-1.24723816000575,0.3009126798507,-4.14485079400635,3.40035044337262e-05,0.000197536416540789
"Os04g0521900",242.718729865334,-1.2751597045119,0.307743883519555,-4.14357448774728,3.41933937331596e-05,0.000198520736103883
"Os02g0761300",77.1616472859204,-2.64348776171851,0.638028445828861,-4.14321301659891,3.42473562864877e-05,0.000198754784729991
"Os12g0581300",837.61693762384,-1.20887997211671,0.291780427634484,-4.14311536218283,3.42619485875106e-05,0.000198799853908246
"Os02g0509600",129.312717256533,-2.23577654370145,0.539730386063989,-4.14239516882857,3.43697481289054e-05,0.000199306213661884
"Os02g0106600",256.32258677313,-1.91378545000563,0.46205814741004,-4.14187145218174,3.44483409780676e-05,0.000199722195095219
"Os03g0648100",676.680935983596,-1.01841921800751,0.245890413345641,-4.1417605678508,3.4465002993414e-05,0.000199779024119069
"Os10g0254720",11.6549095757275,-6.81355896154985,1.64544552247004,-4.14085964470082,3.46006640758065e-05,0.000200485582812502
"Os04g0483500",1644.99540429296,-1.33541993856837,0.322506902703971,-4.14074839134265,3.46174517524339e-05,0.000200542954035087
"Os07g0659800",500.755795828124,-1.8295021196014,0.442066254241182,-4.13852471671196,3.49546220702386e-05,0.000202375448097314
"Os01g0509900",390.881966856051,-1.65324838131725,0.399509513288332,-4.13819527777823,3.50048385508826e-05,0.000202585633600716
"Os02g0747400",268.858236123565,-1.35941701071056,0.328537025015734,-4.13778937288865,3.50668049733238e-05,0.000202875986336103
"Os09g0553200",24012.6047094159,-0.48741053351369,0.117795309702402,-4.13777538974245,3.50689415292886e-05,0.000202875986336103
"Os01g0826800",905.570408576721,-1.46688468167486,0.354531483749917,-4.13753008945628,3.51064423188551e-05,0.000203012274267216
"Os04g0681600",963.916002096517,-1.17110755453713,0.283060399994909,-4.13730622354166,3.51406995179891e-05,0.000203170032035513
"Os03g0237600",3870.60631952958,-0.828645628415541,0.200321251311855,-4.13658372733269,3.52514765637695e-05,0.000203729609146675
"Os12g0104400",2124.36846735946,-2.04550634744278,0.494513818347752,-4.13639876490638,3.52798892782535e-05,0.000203812921158758
"Os12g0609100",19.1539426709001,-5.73571692050792,1.38673812767492,-4.13612116523018,3.5322573135186e-05,0.000204019035073956
"Os04g0399200",4097.7696595324,-0.978729894609771,0.236636997222904,-4.13599693241477,3.53416911114466e-05,0.000204088980477404
"Os01g0159200",1304.5773810212,-2.22509966539139,0.538012227867348,-4.1357789844509,3.53752544948237e-05,0.000204201815936225
"Os03g0416200",2942.48774982808,-2.16684470641707,0.524074497138921,-4.13461200315322,3.55554819260414e-05,0.000205201495174431
"Os04g0517000",941.924977057377,-1.81053445249194,0.437911875128697,-4.13447215141139,3.55771389042052e-05,0.000205285801301419
"Os04g0132500",2966.4100994922,-1.64695998751126,0.398427806763928,-4.13364719919536,3.57051433694218e-05,0.00020598359453334
"Os05g0320100",533.719729351416,-1.04195798441156,0.252165937391296,-4.13203303820816,3.59568722246169e-05,0.000207353669886197
"Os02g0186700",1681.64807996343,-0.96500223816698,0.233545846938455,-4.13196060138583,3.59682081830568e-05,0.000207377976382296
"Os09g0521400",4024.8812103083,-1.62342052394668,0.392906251761344,-4.13182665500769,3.59891789835565e-05,0.000207457812818514
"Os03g0168900",3337.96791665291,-0.660448025597463,0.159868257649145,-4.13120174892327,3.60871685257628e-05,0.000207981500456613
"Os02g0105900",34391.5785600713,-1.21820252965599,0.294922710245905,-4.13058230965075,3.61845508164854e-05,0.000208460235188465
"Os02g0190700",41.4120797464096,-2.73557464423698,0.662323999416012,-4.13026652612468,3.62342912419377e-05,0.00020870550426181
"Os04g0479800",300.956775388607,-1.1889729096456,0.287979430298906,-4.12867303894418,3.6486280225673e-05,0.000210032309296709
"Os09g0509400",1701.24706956802,-0.824823653917105,0.199787538539608,-4.12850400954103,3.65131073915736e-05,0.000210145200288025
"Os03g0297400",3990.00419412203,-1.32372324102586,0.320647390710625,-4.12828321506748,3.65481785583919e-05,0.000210274748416869
"Os11g0455500",79000.9824800149,-1.19799944376361,0.290200155400061,-4.12818332957846,3.65640549528016e-05,0.000210313728685659
"Os01g0532800",920.449140497369,-1.00328368077445,0.243062564260698,-4.12767669026307,3.66446841115705e-05,0.000210735878889644
"Os04g0487000",64.0332584448608,-7.27212119096368,1.76190485953698,-4.1274199066996,3.66856143885166e-05,0.000210904311448752
"Os01g0861700",1289.53709055027,-1.22778027007205,0.297573465706867,-4.12597362186019,3.6916958346566e-05,0.000212008609932695
"Os12g0614100",33.444524545991,-3.97224977856101,0.962784276361994,-4.12579419511364,3.69457553680783e-05,0.000212132154540453
"Os04g0649200",360.66745792564,-1.62696559330781,0.39436853682714,-4.12549542211819,3.69937541442913e-05,0.000212324026052434
"Os03g0321300",889.26264501433,-1.71538780665301,0.41587694138957,-4.12474853960738,3.71140021725082e-05,0.000212846390560808
"Os04g0690100",910.955463613336,-1.77674523225915,0.430751148225388,-4.12476029275603,3.71121070459836e-05,0.000212846390560808
"Os02g0317400",4851.43149022993,-0.917214494276554,0.222377701673144,-4.12457943119089,3.71412800895741e-05,0.000212958147565069
"Os03g0207200",238.362406204068,-1.31852260184253,0.319677718059797,-4.12453708017239,3.7148114471209e-05,0.000212958147565069
"Os03g0343500",11931.6544908182,-1.2076936619912,0.292819234197541,-4.1243658918132,3.71757521048522e-05,0.000213032714049096
"Os01g0367900",5995.34090948054,-1.03014151806398,0.24977595575157,-4.12426214110286,3.71925117158733e-05,0.000213086823960193
"Os11g0244300",534.020577320995,-1.6358997365668,0.396703113233645,-4.12373808521969,3.72772759739281e-05,0.000213473849257166
"Os02g0739700",1207.06195877002,-1.70550798699256,0.413615264833929,-4.12341645001265,3.73293901632896e-05,0.000213702870126857
"Os09g0387800",8.8564464036856,-6.96696069049098,1.69021390626152,-4.1219402258385,3.75694696139494e-05,0.000214992747906747
"Os01g0213800",511.660410205742,-1.27383095555195,0.30909819444931,-4.12112066141766,3.77033880301092e-05,0.000215716712419025
"Os02g0831400",507.276471176779,-1.93740065798991,0.470223688099447,-4.12016813916906,3.78596014046877e-05,0.000216567926165255
"Os01g0887100",1328.3596592584,-0.862729216859967,0.209417104112758,-4.11966931027488,3.79416541341083e-05,0.000216994668439415
"Os07g0448800",31675.9173444024,-0.797391921751597,0.193612272667403,-4.1184988470302,3.8134847754273e-05,0.000218013945092253
"Os01g0170500",1648.88950844324,-1.39945661598986,0.33985006189277,-4.11786482602265,3.82398871485235e-05,0.000218571539458155
"Os01g0328500",1420.53500341696,-0.573232730265635,0.139210046053692,-4.11775404516816,3.8258268573205e-05,0.000218633692580235
"Os12g0209300",985.747088087111,-1.40457107067884,0.341140814917125,-4.11727652998678,3.8337596795579e-05,0.000219044044316432
"Os03g0800200",79.1301731927396,-1.97032810246057,0.47867394121548,-4.11622178023184,3.85133730107352e-05,0.000219918911533065
"Os10g0457200",221.014381243435,-2.18763100667541,0.531484573170988,-4.11607620823947,3.85376928737925e-05,0.000220014642593724
"Os01g0692700",2293.97009100931,-0.917930803591155,0.223092633921257,-4.1145724422042,3.87897728007544e-05,0.000221236929789183
"Os06g0224650",203.02491969506,-1.67355012114145,0.406774129813325,-4.11419999081424,3.88524491130333e-05,0.000221507639598621
"Os06g0698900",1754.32053884999,-0.491632843041111,0.119510316251587,-4.11372723678642,3.89321428495357e-05,0.000221918548456484
"Os05g0126800",314.091468960499,-1.14369885764044,0.278071796189549,-4.11296245542581,3.90613932216817e-05,0.000222611720822273
"Os02g0559300",321.442071924008,-1.12025372507373,0.272491997855002,-4.11114357079152,3.93704283276372e-05,0.00022419742154037
"Os03g0296500",267.406905462161,-1.75775537594174,0.427587402915638,-4.11086800957169,3.94174491010053e-05,0.000224377434073392
"Os08g0553100",242.548108007414,-1.78626013653559,0.434567656144267,-4.11043047332217,3.94922182249635e-05,0.000224715197176121
"Os02g0658000",74.7576758685249,-2.95677881098082,0.71936384305675,-4.110268870919,3.95198679489961e-05,0.000224828598243927
"Os05g0459700",201.961031901169,-1.94196267345846,0.47251139690128,-4.10987478015094,3.95873728418657e-05,0.000225124677192114
"Os08g0113100",38174.4816592076,-0.890384253000454,0.216643399414964,-4.1099071349734,3.95818265744328e-05,0.000225124677192114
"Os01g0303600",494.385088237762,-1.22546002621512,0.298188109769079,-4.10968776442539,3.96194455547796e-05,0.00022526307954828
"Os03g0710700",635.021468950148,-1.97808763468554,0.481572618560113,-4.10755835869565,3.9986376406505e-05,0.000227216244626388
"Os05g0171300",897.599947586486,-0.771229658371537,0.187767918501643,-4.10735584931559,4.00214394691322e-05,0.000227371119824438
"Os03g0387500",1148.79425069945,-0.876511633014635,0.21346418749823,-4.10612966646643,4.02343683311424e-05,0.000228447119231727
"Os12g0406200",13413.656646726,-1.18428090215812,0.288448958550678,-4.10568617792412,4.03116453095803e-05,0.000228841273821754
"Os12g0508400",2269.84510282405,-1.13087229294443,0.275516269494528,-4.10455721914051,4.05090002320798e-05,0.000229827216980056
"Os06g0707000",459.469746522113,-1.69419111403513,0.412848250243882,-4.10366548249708,4.06655337732398e-05,0.00023058054410909
"Os04g0451100",444.530999485338,-0.875124699128999,0.213262024605394,-4.10351866793101,4.06913602530754e-05,0.000230682069941612
"Os11g0462800",9.35518375070459,-7.2553582291348,1.76812315090008,-4.1034235796536,4.0708095749473e-05,0.000230687130651129
"Os01g0262600",1330.41604661412,-0.563210788259723,0.137315450974299,-4.10158350180956,4.10332376373294e-05,0.000232439203749136
"Os02g0652550",158.037737583991,-1.3522000858977,0.329717463691297,-4.1010872483349,4.11213466645305e-05,0.000232847726534018
"Os04g0674300",733.040855803892,-0.999088959881141,0.243666055564617,-4.10023857268947,4.12724438615152e-05,0.000233612460667648
"Os05g0397900",1895.25161819005,-1.4819970521681,0.361568617151193,-4.09879890529433,4.15299660115537e-05,0.000234933113867223
"Os11g0707600",5056.84459532043,-1.08111137897317,0.263810088018279,-4.0980668597414,4.16614954871629e-05,0.000235494190911716
"Os01g0194200",1194.40201163931,-1.21703349844661,0.296987003388979,-4.0979352111668,4.16851911908609e-05,0.000235582405949981
"Os06g0490700",129.560749179574,-1.54708757755048,0.377570054969633,-4.09748484337538,4.17663505719576e-05,0.000235903735716941
"Os02g0203700",3181.35672452643,-0.878059041526572,0.214320708023435,-4.09693981335,4.18647692472384e-05,0.000236240824146814
"Os10g0532600",738.374364975842,-1.79213831047182,0.437434476155275,-4.09692973042132,4.18665920411273e-05,0.000236240824146814
"Os03g0278000",47288.9011059524,-1.05970331251278,0.258665556594049,-4.0968087381494,4.18884709224779e-05,0.000236318490934599
"Os07g0603300",907.989030651876,-1.36750912809724,0.333832221180368,-4.09639645706452,4.19631046844618e-05,0.000236693692547142
"Os01g0842500",848.484170274164,-2.17118932880527,0.530059689296227,-4.09612232857776,4.2012798992261e-05,0.000236928104619021
"Os01g0680900",3442.99610481131,-1.14421184747417,0.279367498060629,-4.09572285758828,4.20853155002605e-05,0.000237291105130413
"Os02g0144200",61.7308701476116,-2.9412402674413,0.718217474027917,-4.09519452505966,4.21814068249515e-05,0.000237786862089864
"Os11g0227700",18.1802583701959,-8.52424616726004,2.08166384424003,-4.09491964365268,4.22314836071361e-05,0.000238023082176702
"Os05g0428400",287.014514014506,-2.19993000398108,0.537388124955384,-4.09374510120358,4.24460930840833e-05,0.000239186362769867
"Os08g0486700",313.777855176831,-1.89884325687888,0.463846626649798,-4.09368775751061,4.24565972264415e-05,0.000239199269574082
"Os11g0585700",3105.73532687385,-0.670636222198463,0.163824933351245,-4.09361510778461,4.24699086492227e-05,0.000239227984464732
"Os12g0167900",33119.2165853691,-1.11624836724511,0.272693040801257,-4.09342447451253,4.25048567229083e-05,0.000239378541381655
"Os07g0558100",209.414074843349,-2.86321908867937,0.699747345879162,-4.09178985178147,4.28056479104835e-05,0.000240979330842664
"Os04g0491500",648.621153347847,-1.18275564838754,0.289081048527057,-4.091432677493,4.287164076724e-05,0.000241304198381052
"Os01g0262500",190.339429493571,-1.96307002541023,0.479850058156767,-4.09100716367714,4.29503862758827e-05,0.00024170070514517
"Os07g0572900",1501.16053905396,-1.44506072244801,0.353248524329021,-4.09077638807644,4.29931509338525e-05,0.000241847892890797
"Os04g0472700",308.342765794749,-2.11424559351523,0.516926054104091,-4.09003488357639,4.31308315165775e-05,0.000242575526347194
"Os09g0491596",106.082785527731,-1.74280737705336,0.426313162545738,-4.08809187745024,4.34935903840442e-05,0.000244285504178232
"Os06g0656500",3128.5224905376,-0.888890271111301,0.217440779868736,-4.08796487782975,4.35174016785441e-05,0.000244372111778358
"Os01g0180600",694.251172074774,-1.0880491696715,0.266214563572305,-4.08711362395463,4.36773236865673e-05,0.000245222868787394
"Os07g0638000",1224.6804242287,-1.11454073568746,0.272701985150197,-4.08702831801389,4.36933805031319e-05,0.000245265733811143
"Os06g0513862",28679.3717988148,-3.34081953594562,0.817575520074505,-4.08625191669288,4.38397772161267e-05,0.000245992676702898
"Os04g0562800",128.249047947869,-2.53258935802096,0.619804986310739,-4.08610678190196,4.38671951139666e-05,0.000246099105395673
"Os03g0126100",3052.54578553055,-0.508081845471138,0.124353834239285,-4.08577546948389,4.39298454063487e-05,0.000246403112080833
"Os02g0644466",219.07154648356,-1.71345639703011,0.419501680255045,-4.08450425273238,4.41710175417066e-05,0.000247660449143161
"Os02g0693400",1020.35890254522,-0.947697092264186,0.232067091586352,-4.08372029737593,4.43203731157029e-05,0.000248450030004908
"Os02g0202200",181.307821588913,-1.35128259713261,0.330925871619026,-4.08333924005876,4.43931432871049e-05,0.000248762193343673
"Os12g0590900",1931.18393805185,-1.21782871236059,0.298279455004093,-4.0828447683193,4.44877410595193e-05,0.00024924432380441
"Os02g0287000",28385.3286616886,-0.846526024038331,0.207339904847771,-4.08279353971852,4.44975525656398e-05,0.000249251341761216
"Os07g0456500",138.179735373942,-1.08113006649537,0.264810710370305,-4.08265234054749,4.45246062199424e-05,0.000249313989486713
"Os03g0162500",969.622865638237,-1.1059315808021,0.270891720518317,-4.08255955067965,4.45423931821642e-05,0.000249358626345826
"Os01g0173600",151.299799447105,-2.87694740561813,0.704838616024571,-4.08171082033599,4.47054000085401e-05,0.000250126927771125
"Os08g0405700",1122.87841757051,-1.34868780273352,0.330446043017185,-4.08141610781333,4.47621346059991e-05,0.00025029621733065
"Os12g0409000",2972.94356952662,-0.608098204263157,0.14901850062827,-4.08068932179148,4.49023389199743e-05,0.000250987699429461
"Os09g0517100",381.171238351719,-1.34037389527089,0.32848412789386,-4.08048298669697,4.49422188740103e-05,0.000251078272413938
"Os05g0535700",1407.15672302428,-1.12830121893262,0.276543623318509,-4.0800117008415,4.50334339052522e-05,0.000251479129854027
"Os05g0210100",3598.14748127864,-1.2113731182453,0.296949750243508,-4.07938756389571,4.51545027615162e-05,0.000252106869137438
"Os06g0592400",227.39808081622,-1.42835338196317,0.350154706016703,-4.07920658331817,4.51896667097345e-05,0.000252254834947458
"Os03g0129400",2248.60180531861,-1.53287876449679,0.375814029805785,-4.0788226168378,4.52643561878241e-05,0.000252623338616675
"Os06g0571400",20303.8429343092,-1.15382393726014,0.282912341368796,-4.07837965525885,4.53506668792998e-05,0.000253056547395855
"Os04g0115700",164.11165237009,-1.35464257208063,0.332171492761648,-4.07814216933016,4.53970050620559e-05,0.000253169586636766
"Os07g0673100",13831.9200051674,-0.6175305045303,0.151424161375271,-4.07815040163828,4.53953980255703e-05,0.000253169586636766
"Os09g0538700",406.902143162219,-1.55491828961534,0.381294988514033,-4.07799298825066,4.54261361878934e-05,0.000253283541654956
"Os03g0292800",8078.47807718871,-1.09246623371256,0.267933564354375,-4.07737730188831,4.55465511486392e-05,0.00025390632897218
"Os01g0147300",454.610918335411,-1.37454604589798,0.337132102890643,-4.07717341099326,4.55864944830454e-05,0.000254080362169425
"Os02g0692000",1086.44832038736,-0.837073277940232,0.205314757159483,-4.07702441617491,4.56157043830892e-05,0.000254194516464662
"Os12g0571000",266.92854182507,-8.02987538874496,1.96984465878924,-4.07640031558657,4.57382500654146e-05,0.000254828643276258
"Os04g0591300",43.7092257987542,-2.47619214761622,0.607669852335282,-4.07489714702842,4.60346885238501e-05,0.000256382137921507
"Os04g0571200",537.118708892131,-0.867709891742347,0.212957009597698,-4.07457774403181,4.60979119554373e-05,0.000256636090989532
"Os10g0390600",161.035315308653,-2.01736446795286,0.495363484311271,-4.07249329400551,4.65125397594982e-05,0.000258697131947308
"Os01g0904400",1874.07837196995,-1.35040690873075,0.33160998610159,-4.07227455543828,4.65562545194753e-05,0.000258890823776238
"Os08g0336500",20.0708539698284,-8.11813148525888,1.99378572981126,-4.07171711778044,4.66678342886793e-05,0.000259378199061926
"Os12g0616200",6479.13191251577,-0.503355833972469,0.123622918092829,-4.07170322249227,4.66706188820993e-05,0.000259378199061926
"Os11g0222000",579.336127069034,-0.868710274430283,0.213368603042813,-4.07140629896693,4.67301595464723e-05,0.000259659550908675
"Os03g0157300",1808.31183681931,-1.19093328572353,0.292588776990382,-4.07033139812699,4.69463072052033e-05,0.000260711357442779
"Os02g0126600",341.901877589676,-0.960574720164639,0.23606294331982,-4.06914658715936,4.71856545021217e-05,0.000261944767185942
"Os06g0253600",261.481730685223,-1.752202624396,0.430607294524587,-4.06914292134908,4.71863968359814e-05,0.000261944767185942
"Os11g0618800",44.6201453271653,-2.81018874185471,0.690715226361056,-4.06852004213057,4.73126920321598e-05,0.000262595810436546
"Os01g0657801",244.455177939474,-2.34723312562659,0.576947239342787,-4.06836702832719,4.73437661633132e-05,0.000262718208500001
"Os04g0497200",6092.18293469195,-1.04139433835136,0.256061285529107,-4.06697301468084,4.76277558331787e-05,0.000264042548138936
"Os04g0376500",7975.20068447637,-0.550356245159385,0.135349973564152,-4.06617179646904,4.77917108514242e-05,0.000264901066504602
"Os06g0701900",246.187682219841,-2.24324416278001,0.551727389502424,-4.06585608302514,4.78564628321709e-05,0.0002651086000758
"Os10g0438300",41.1991795039252,-2.45250549928222,0.603598203203845,-4.06314247833168,4.84164560440948e-05,0.000267905003404167
"Os02g0196900",829.033910515079,-0.536714882154962,0.132101714647253,-4.06289111074853,4.84686427388873e-05,0.000268142821778472
"Os05g0370600",3429.31887286968,-1.09053637242218,0.268439255336693,-4.06250706907366,4.85484770318917e-05,0.000268533475426923
"Os05g0503000",5127.14494375911,-1.01061551699635,0.248783211340497,-4.06223358702921,4.86054042514555e-05,0.000268797300153986
"Os03g0659700",76.6899374272215,-1.90504311605772,0.469006036538875,-4.06187333987505,4.86804888287498e-05,0.000269161419341343
"Os05g0541100",567.0197980013,-1.5275752300484,0.376157339127502,-4.06100073334104,4.88628180143513e-05,0.000270118258582752
"Os07g0622100",25770.4196198022,-1.17217381218295,0.288714333349911,-4.05997789781472,4.90773613690366e-05,0.000271149861086906
"Os02g0656100",127.833540974816,-1.6523802831542,0.407131417914642,-4.058591920068,4.93695002482805e-05,0.000272660456330443
"Os04g0461800",319.086006241223,-1.61835151103172,0.398912122467915,-4.05691233703205,4.97257351766976e-05,0.000274419719502708
"Os12g0477000",80.7526095411394,-2.90550661240417,0.716291294518558,-4.05631987242991,4.98519755948958e-05,0.000275064273072102
"Os11g0104400",2282.99801257991,-1.94036757050916,0.478590583843999,-4.05433712239863,5.02766666222896e-05,0.000277302478290591
"Os09g0414900",161.401320678843,-2.76495077637197,0.682462799776099,-4.05143075531602,5.09053918992251e-05,0.000280663919517083
"Os01g0170000",383.587209864575,-1.32959911286865,0.328189848310617,-4.05131090956305,5.09314770612687e-05,0.000280754585458692
"Os01g0314000",198.484009819268,-1.09085598302636,0.269277470199237,-4.05104809629725,5.09887243367962e-05,0.000280963789997385
"Os01g0666950",6243.66317131093,-1.12283722462192,0.277169439521097,-4.05108595869008,5.09804732061196e-05,0.000280963789997385
"Os07g0602100",192.901364646827,-1.29862219989366,0.320605602412474,-4.05052871853102,5.11020371474832e-05,0.000281481657993003
"Os01g0618300",362.712162747924,-1.71649570527579,0.423791817649523,-4.05032762264262,5.1145974359747e-05,0.000281670398128697
"Os06g0639300",201.137217471444,-1.33679984924176,0.330141079100431,-4.04917756034565,5.1397938843495e-05,0.00028295099716451
"Os04g0502300",3493.99666755699,-0.878121264429112,0.21688835296174,-4.04872485054103,5.14974442956375e-05,0.000283372114332892
"Os03g0798500",433.471651894462,-1.23945409590011,0.306171572036942,-4.04823376531694,5.16055910793525e-05,0.00028387949063334
"Os02g0514500",1274.17503373389,-0.986241706898549,0.243633070709455,-4.0480617184959,5.16435301143904e-05,0.000284027978271137
"Os07g0459000",34.9001462162663,-4.20275619567597,1.03822440797021,-4.04802291625237,5.16520902727814e-05,0.000284027978271137
"Os04g0119400",4708.32684711024,-0.799477233442054,0.197578309128184,-4.04638159406138,5.20154160957567e-05,0.000285863926691947
"Os12g0130100",34.8571093573621,-3.5235897631517,0.870823703638458,-4.04627222298786,5.2039712531283e-05,0.000285943492138872
"Os05g0507000",531.098457380026,-1.73766493152792,0.429467606322171,-4.04609080160609,5.20800384309346e-05,0.000286111088320256
"Os10g0462500",621.231179393018,-1.04622590106789,0.258639131273014,-4.04511836982441,5.22966934306897e-05,0.000287247134305648
"Os11g0176300",257.714700624912,-1.04870031594013,0.259253721594702,-4.04507333391181,5.2306747967248e-05,0.000287248182972317
"Os05g0587700",141.648989262471,-2.35296910794115,0.581828235441265,-4.04409577365497,5.25254460946655e-05,0.000288340441313638
"Os01g0729500",343.487741514846,-1.81694825885813,0.449299424151691,-4.04395857459345,5.255620928699e-05,0.000288454942867645
"Os09g0314333",608.244662050503,-1.50145978624499,0.371303689640026,-4.04375132307636,5.26027122320071e-05,0.00028865577268146
"Os04g0411400",641.876550467041,-2.06087124056197,0.509713385706995,-4.04319623214025,5.27274552764957e-05,0.000289285786089319
"Os04g0631200",395.732517315018,-2.08482435389769,0.515806380887423,-4.04187391073147,5.30257447063252e-05,0.000290703263806025
"Os04g0401000",77.1754384239332,-3.95495555193008,0.97853359297225,-4.04171668743338,5.3061317331916e-05,0.000290720902985158
"Os12g0601500",40.4817369250081,-3.55991404547046,0.880799868848061,-4.04168321474234,5.3068893629184e-05,0.000290720902985158
"Os03g0710100",753.899622735685,-1.21723484446809,0.301241034388774,-4.04073384935053,5.32842028120824e-05,0.000291845505791511
"Os06g0513781",27722.1963759097,-3.17308903145355,0.785378951830283,-4.04020126088029,5.34053521643323e-05,0.000292454055233111
"Os06g0108600",764.508004404275,-1.50432680635915,0.372358989862307,-4.03999056640321,5.34533514230406e-05,0.000292564550418775
"Os07g0273301",42.7866373316076,-7.28695010957548,1.80370927246498,-4.03998040084199,5.34556683187385e-05,0.000292564550418775
"Os01g0264900",2000.39450891695,-0.812826642088538,0.201200303417294,-4.03988775505332,5.34767881770975e-05,0.000292625145677083
"Os09g0540600",765.546633971944,-1.61900570961166,0.400791895295606,-4.03951708758369,5.35613659533471e-05,0.000293032894851282
"Os02g0611300",977.322070527403,-0.959279267136036,0.23750759759101,-4.03894139331038,5.36929774602676e-05,0.000293642608375195
"Os03g0817900",3155.8524959674,-1.17281892562425,0.290398115978623,-4.03865886550927,5.37576791741832e-05,0.000293941256648622
"Os03g0647500",1322.74816243607,-0.769044814828112,0.190430682133842,-4.038450139498,5.38055269751656e-05,0.000294147654696972
"Os01g0191100",21756.0111725444,-1.4079216168759,0.348790819067448,-4.03657877417822,5.42363202031256e-05,0.00029639146499445
"Os04g0689700",918.557604806583,-1.1475762304678,0.284333785495273,-4.0360178389243,5.43660842275212e-05,0.000296989139912563
"Os02g0319400",8.34890897516045,-7.31863568133402,1.81362218509482,-4.03536951713643,5.45164302752455e-05,0.000297754591612097
"Os02g0133100",7110.64390067007,-0.463241133157779,0.114805213385077,-4.03501826701883,5.45980497330503e-05,0.000298088564740512
"Os11g0544100",512.102228312669,-1.07952684602981,0.267539283004495,-4.03502182523108,5.459722233652e-05,0.000298088564740512
"Os06g0129000",348.22514527845,-1.33121192522419,0.330041695142949,-4.03346590692915,5.49601577448007e-05,0.000299840710723883
"Os03g0663700",762.469982425405,-1.37307329316021,0.340553683632899,-4.03188501299643,5.53312592333416e-05,0.000301695737014299
"Os02g0119300",1726.19007439639,-0.362210991163655,0.0898601454517031,-4.03083023450403,5.55801784846984e-05,0.000302996248190076
"Os01g0298301",127.197622129607,-1.7361763837522,0.430753750545913,-4.03055430521933,5.56454704186428e-05,0.000303295412601856
"Os12g0236100",598.835944016729,-0.977688177452369,0.242572181889125,-4.03050411567495,5.56573543572967e-05,0.000303303419459804
"Os05g0466900",1223.13824326302,-1.31892845581225,0.327253104906846,-4.03030081620674,5.57055164396689e-05,0.000303509083209736
"Os07g0607000",192.513954109229,-1.32089152057663,0.327932117540142,-4.02794191213961,5.62672403051158e-05,0.000306121037582307
"Os04g0640600",2480.74637379091,-0.749652751796997,0.186143068893595,-4.02729339455298,5.64226090568044e-05,0.000306784768661736
"Os02g0725000",1046.17390342705,-1.23019998397535,0.305476822114609,-4.02714672576307,5.64578035683463e-05,0.000306861544516122
"Os05g0111000",988.125850078938,-1.10286035213184,0.273860714018475,-4.02708492192657,5.64726401882308e-05,0.000306884909043041
"Os01g0525500",152.479454096108,-2.02518101856834,0.503008991280036,-4.02613283992151,5.67016640348456e-05,0.000307853571637203
"Os02g0457500",296.785582037481,-1.89616124315105,0.470988440917692,-4.02591885154654,5.67532600060022e-05,0.000308064946485517
"Os01g0657400",171.71780979077,-2.09657888392407,0.520791862536382,-4.02575200333051,5.6793520593497e-05,0.000308226035543015
"Os06g0194000",15340.4296205182,-0.786281932566975,0.195330843146173,-4.02538544298698,5.68820668771932e-05,0.000308607861190614
"Os02g0285900",44.4284308288599,-4.10237664588823,1.01951674299382,-4.02384431063052,5.72557752340105e-05,0.000310503293550252
"Os03g0789800",445.582183306589,-1.78927860863192,0.444908296671251,-4.02167957311448,5.7784630324701e-05,0.000313021578183769
"Os11g0417400",441.962392048847,-1.42831976615861,0.355270309913679,-4.02037470146508,5.81056477304057e-05,0.000314526519183062
"Os06g0645500",83.6972939509276,-2.47690715236908,0.616706342910023,-4.01634778180067,5.91070110179761e-05,0.000319768600197938
"Os02g0152400",8014.5719469172,-4.51802270817183,1.12502459012322,-4.01593240524367,5.9211226311018e-05,0.000320272907249158
"Os03g0823000",316.664766035226,-1.30242773653394,0.324382390254656,-4.01510000438518,5.94205942741913e-05,0.000321286027934088
"Os06g0327400",181.202517825076,-1.43139505177838,0.356545517046113,-4.01462080812883,5.95414409094679e-05,0.000321879681114818
"Os02g0696500",714.334316076052,-1.22585409360856,0.305416667859852,-4.01371052273766,5.97716434702495e-05,0.000323004231052256
"Os03g0602300",1572.80291108829,-0.88543774836947,0.220625447309068,-4.0133074365129,5.98738491611439e-05,0.000323496518603123
"Os03g0177400",78900.6591487239,-0.607246916652312,0.1513332671194,-4.01264657937506,6.00417728518436e-05,0.00032434362993719
"Os09g0556500",920.270694242085,-0.582235348187681,0.145115269949334,-4.01222661399428,6.01487176287183e-05,0.000324800844573249
"Os11g0604700",1097.21183587213,-0.726751876126606,0.181149746497331,-4.01188458818689,6.02359482229987e-05,0.000325211584010042
"Os08g0541500",1213.80889110718,-0.895577462506822,0.223266323854571,-4.01125188539484,6.03976291987139e-05,0.000326024051441139
"Os11g0139400",189.181870326495,-1.61241432599397,0.402051454716593,-4.01046758338572,6.05986202870477e-05,0.000326927198962468
"Os08g0108300",428.215841018767,-1.79227177441916,0.446920052872471,-4.01027379035637,6.06483806208877e-05,0.000327135051017131
"Os12g0515400",2193.82634136019,-0.680079696347973,0.169678987076367,-4.00803722409004,6.12254717438077e-05,0.000330125567140005
"Os04g0581800",122.578308135134,-2.20704136616735,0.550897730221111,-4.00626331366716,6.16868789339997e-05,0.000332490336538208
"Os05g0425000",443.963256394038,-1.74713071928276,0.436143962540951,-4.00585785735533,6.1792802361476e-05,0.000332999628121929
"Os07g0675100",326.464581686897,-1.59942996072329,0.399284801945707,-4.00573714033015,6.18243723300284e-05,0.000333108116742847
"Os01g0968300",1714.87027393872,-1.92584221593462,0.480817890151333,-4.00534642196546,6.19266578938936e-05,0.000333474136683796
"Os10g0191900",18.6591590208913,-8.14785714700417,2.03421473771673,-4.00540660527786,6.19108921649194e-05,0.000333474136683796
"Os07g0643800",283.165302482784,-7.3793364357329,1.84268314983746,-4.00466918926557,6.21043292248554e-05,0.000334369065573348
"Os11g0157200",3040.75415503832,-0.758807077760481,0.18955282855662,-4.00314299469197,6.25064956910144e-05,0.000336472119688304
"Os07g0573000",451.728666785865,-2.14031012851423,0.534678753803041,-4.00298331155057,6.254871586333e-05,0.000336570738668291
"Os05g0176500",920.23139286079,-0.839300096567169,0.209830699828429,-3.9998918044568,6.33714496016482e-05,0.000340561608285514
"Os09g0542900",135.594247553977,-2.07109764856097,0.51781833867026,-3.99966067999732,6.34333678733333e-05,0.000340831464798379
"Os12g0102100",1068.56883244242,-2.10649777085049,0.526733395582055,-3.99917261468253,6.35643088359209e-05,0.000341409037609681
"Os04g0612600",9212.95522140397,-0.942816360364283,0.235791384265869,-3.99851912867689,6.37400304770811e-05,0.000342289722949208
"Os08g0489300",6868.85841411481,-1.25546480662866,0.313992375811149,-3.99839264690859,6.37740943496344e-05,0.000342409508785039
"Os02g0156200",96.269595417888,-1.75848433704161,0.439824163839239,-3.99815308393188,6.38386603099652e-05,0.000342692989040886
"Os08g0538700",940.69775467453,-1.58514296388647,0.396478488210291,-3.99805540785284,6.38650032903348e-05,0.000342771217438469
"Os10g0391300",594.544809367666,-1.74727687550179,0.437206195559842,-3.99645954985704,6.42968620711737e-05,0.000344834846636597
"Os02g0221900",169.843567676373,-4.32332252806925,1.08180462143621,-3.99639864944334,6.43133971005351e-05,0.000344860016638148
"Os01g0101800",453.140870753469,-1.57883031925146,0.395072865561488,-3.996301586057,6.43397590334072e-05,0.000344937861298027
"Os08g0429200",246.692540576204,-1.40465468150123,0.351546850943925,-3.99564006256818,6.45196981002846e-05,0.000345838882399501
"Os09g0471500",115.371277365817,-3.67689229137948,0.920279584435584,-3.99540786687618,6.45829698286264e-05,0.000346114325975204
"Os08g0506400",662.279444063181,-1.71604888359101,0.429512771167765,-3.99533843644599,6.46019005460944e-05,0.000346152078694271
"Os01g0840700",2038.07178487894,-1.47411430248196,0.368971013625563,-3.99520354728439,6.46386940830865e-05,0.000346285513077198
"Os05g0594800",3804.20419731084,-0.38865641639488,0.0973120851671659,-3.99391725834703,6.49905511770981e-05,0.000347978457690651
"Os01g0723700",85.363800041764,-1.95061339916525,0.488419303586419,-3.99372708007663,6.50427269406208e-05,0.000348193804037639
"Os09g0401900",467.932491008138,-1.40175541834157,0.350993617085163,-3.99367780526179,6.50562520433863e-05,0.000348202200332199
"Os08g0128500",12415.510677798,-1.10085162355196,0.275693000370618,-3.99303436094523,6.52331111260067e-05,0.000349020514828508
"Os02g0771700",3858.38450524475,-1.57769181206951,0.395218464239475,-3.9919486431523,6.55325669988759e-05,0.000350398311263598
"Os10g0340800",980.641983506009,-1.05283153625633,0.263828620105968,-3.99058879902208,6.59094660703816e-05,0.000352186324936083
"Os04g0504200",412.262052927109,-1.92423190242863,0.482379362355922,-3.98904275885842,6.63404637235824e-05,0.000354294330562657
"Os05g0396900",500.085027780794,-1.74643799647419,0.437904279965594,-3.9881729327044,6.65841207218131e-05,0.000355334939281774
"Os02g0652300",2668.02275565951,-0.820394984400405,0.205724842265001,-3.98782653260528,6.66813904215384e-05,0.000355788833245885
"Os04g0570000",492.70214723332,-1.81563537611161,0.455428828288633,-3.98665008303104,6.70127441498115e-05,0.000357425848925057
"Os07g0516200",5121.59622050389,-1.19092928961847,0.298779268726014,-3.98598368185501,6.72011305010465e-05,0.000358233813372044
"Os07g0206700",15298.2218229577,-0.823907931487497,0.206793051108037,-3.98421478416629,6.77036175039894e-05,0.000360582433970589
"Os06g0536200",132.622323679384,-1.97387953045332,0.495445324040307,-3.98405118521764,6.77502698922309e-05,0.000360698968885109
"Os08g0280100",151.220633310648,-1.56719268936185,0.393366449131259,-3.98405276510734,6.77498192205162e-05,0.000360698968885109
"Os02g0196700",24.1292684376368,-5.41103262251263,1.35818847209183,-3.98400717845789,6.77628241882508e-05,0.000360699865839927
"Os05g0493500",2293.91135499877,-1.74384990259502,0.437722088226467,-3.98392027612916,6.77876222444381e-05,0.000360765923794321
"Os02g0663800",1392.42016710814,-1.32844204427946,0.333466877453616,-3.98373012163478,6.78419138277368e-05,0.000360988893566847
"Os03g0280800",220.429178353678,-1.96463723774637,0.493298600676069,-3.98265317406905,6.81501735813568e-05,0.000362426571933561
"Os08g0117300",19586.5787308203,-1.18027607263835,0.296357256540246,-3.98261235920864,6.8161882236114e-05,0.000362426571933561
"Os03g0196000",2468.21572359392,-1.15102500343365,0.289098665697926,-3.98142620497714,6.85029897202366e-05,0.000364107331015282
"Os01g0205900",535.715540799796,-2.03554727079241,0.511269891329268,-3.98135565053541,6.85233301741058e-05,0.000364148981994582
"Os02g0584200",1027.05263960315,-6.99765342458306,1.75826632968476,-3.97985976665872,6.89559325382939e-05,0.000366314240674972
"Os09g0491532",162.413589988433,-1.8943885642159,0.476012548214849,-3.97970299589847,6.90014191772109e-05,0.000366489025949067
"Os03g0807700",108.205935370032,-4.3450757977797,1.09192432188809,-3.97928291428333,6.9123444789536e-05,0.000367070196783528
"Os07g0128800",32.5456513700647,-4.05354076589548,1.01869816191652,-3.97913819562547,6.91655300337656e-05,0.000367226721174717
"Os02g0266300",969.84091029915,-0.512334565015512,0.128760603432491,-3.97896989729571,6.92145029085258e-05,0.000367419750948248
"Os08g0190200",3275.17771150537,-0.624122540995463,0.156863346260937,-3.97876595056985,6.92738930227889e-05,0.000367635472418981
"Os01g0842400",335.545787078071,-1.90183752639606,0.478035765153141,-3.97844191801589,6.93683517834519e-05,0.000367968149478631
"Os05g0178300",1350.83074486333,-1.4130341197262,0.355206543466071,-3.97806331476316,6.94788728229141e-05,0.000368420199262364
"Os04g0406300",86.8431567461313,-2.56471994251442,0.644780224253985,-3.97766532849518,6.95952317072612e-05,0.00036890286453929
"Os09g0318600",475.155609192711,-0.98179682034216,0.24685538338195,-3.97721454112696,6.97272506734191e-05,0.000369468157589395
"Os02g0652000",146.01236200974,-1.30186648242765,0.327434361659448,-3.97596170368239,7.00954058633336e-05,0.000371148801736728
"Os01g0803800",62.6847099397902,-2.94723165616111,0.741419267336622,-3.97512148119426,7.03433406138552e-05,0.000372393885721994
"Os04g0350300",2202.68028814805,-1.62393806154484,0.408593743451325,-3.97445650495699,7.05401511923843e-05,0.000373367917670777
"Os05g0555100",1523.68003640427,-1.76249010221008,0.443473897098565,-3.97428149377269,7.05920351352264e-05,0.000373561382825126
"Os11g0127900",14301.4928025627,-1.0823098656495,0.272345517010439,-3.97403224231523,7.06659907279611e-05,0.000373830151131641
"Os07g0178700",147.374087133114,-2.90525276278248,0.731509037161716,-3.97158834025479,7.13950157433243e-05,0.000377344037836133
"Os03g0773600",1319.09677201076,-1.3048139918742,0.328557008696444,-3.97134730758315,7.14673008500457e-05,0.000377657545881878
"Os06g0156900",1790.83042060795,-0.508962674608726,0.12827049205343,-3.96788588287884,7.25130396339266e-05,0.000382905664590972
"Os04g0429087",7.46247154564585,-6.30249217535355,1.58840405193638,-3.96781421431806,7.2534843757227e-05,0.000382951363288246
"Os02g0653400",184.447636727329,-1.59057438606736,0.400976770972172,-3.96674945087467,7.2859513986346e-05,0.000384526054061321
"Os01g0176500",1422.14836077499,-1.73352660899406,0.437148356512454,-3.96553385862878,7.32318555826978e-05,0.000386370954559375
"Os07g0199000",57.6098241920577,-2.45498321092374,0.619088786447183,-3.9654784009453,7.32488853829513e-05,0.000386370954559375
"Os03g0727600",181.455242878571,-2.99191434940495,0.754509882330969,-3.96537463520264,7.32807595567132e-05,0.00038646908363104
"Os07g0101000",195.494960526971,-1.93648053696595,0.488388408565218,-3.96504196865548,7.33830346508017e-05,0.000386938391291082
"Os05g0490500",603.565515995013,-0.997993577151317,0.251790727790985,-3.96358351201783,7.38330184305301e-05,0.000389170165200706
"Os01g0275600",7335.99976905607,-0.586980633972852,0.148164912127044,-3.961670989077,7.44270529103519e-05,0.000392159333246837
"Os05g0453300",1502.2278548875,-0.624499279334994,0.157635123709015,-3.96167595546651,7.44255045002007e-05,0.000392159333246837
"Os03g0425600",63.360934345312,-5.03880672027923,1.27193041249945,-3.96154276268743,7.44670416052665e-05,0.000392299056734546
"Os03g0337800",35900.1748266845,-0.977508871807971,0.246807271587357,-3.96061617439819,7.47566120234948e-05,0.000393753310788247
"Os01g0926400",1773.30735832389,-1.12999509689584,0.285347182559382,-3.96007098006193,7.49274893302703e-05,0.000394581979073441
"Os03g0101200",124.258005015996,-1.17999109132957,0.298048077990108,-3.95906291121504,7.52444162138573e-05,0.000396083737284394
"Os03g0798600",15855.1171536793,-1.30974994659162,0.33082562087508,-3.95903419791718,7.52534619323726e-05,0.000396083737284394
"Os12g0111900",140.961568389594,-1.90169457314299,0.480417404529891,-3.95842147934644,7.54467355387487e-05,0.000397029243288659
"Os02g0125400",386.22392767547,-1.74392079237302,0.440945330819712,-3.95495919898071,7.65477141859247e-05,0.000402168957698448
"Os11g0666100",12.3664820933563,-7.95505572593414,2.01159095143699,-3.95460902240161,7.66599096829749e-05,0.000402685766556204
"Os03g0185400",87.1418991779566,-5.07077628114485,1.28247931875278,-3.95388542099549,7.68922421509015e-05,0.000403692332756697
"Os08g0566100",478.788630551981,-1.71608637762005,0.434045809069769,-3.95369876119275,7.69522824339536e-05,0.0004039301314062
"Os03g0822000",376.403949088291,-1.60155979031351,0.405125772712549,-3.95324093944987,7.70997313857054e-05,0.00040463117271842
"Os11g0139100",1560.97095274806,-1.20209114229981,0.304124786682052,-3.9526246953246,7.72986246699206e-05,0.000405601900475212
"Os01g0151500",362.892922856768,-1.38182170629774,0.349612037939186,-3.9524431551127,7.73573093621875e-05,0.00040583670748435
"Os03g0819600",5324.41608423722,-0.998894675492448,0.252751909451692,-3.9520756842526,7.74762269568779e-05,0.000406387370576044
"Os01g0180700",380.632379813677,-0.896362823363314,0.226922621808209,-3.95008138113662,7.81246254817903e-05,0.000409567118502376
"Os11g0147800",17913.8228843231,-1.01928141854503,0.258133301767465,-3.94866300305271,7.85888944687318e-05,0.000411778658639512
"Os03g0369000",259.414662550699,-1.43774687997983,0.364200775642036,-3.9476766007576,7.89133039029958e-05,0.000413329718752346
"Os03g0195450",1467.88250112109,-1.19476490549862,0.302712021986501,-3.94686969370478,7.91796216565097e-05,0.00041465005248712
"Os06g0100700",21.0990264700505,-7.74285535930169,1.96206635674651,-3.94627599249031,7.9376113657752e-05,0.000415529603081261
"Os09g0482761",1904.34502650827,-2.1847541575318,0.55362310757286,-3.946284263874,7.93733729880397e-05,0.000415529603081261
"Os07g0475900",4571.33249228434,-0.508425812755541,0.128935158268929,-3.94326744994628,8.03789308270559e-05,0.000420325951435719
"Os06g0671800",3792.4917661116,-1.93722100381817,0.491306823378563,-3.94299633474762,8.04698856769667e-05,0.000420726034234223
"Os12g0616900",3313.17730631609,-1.3683162128496,0.347044797472143,-3.94276538019399,8.05474439981076e-05,0.000421055944015956
"Os02g0638200",392.425074502713,-1.78146579151335,0.451968216791548,-3.94157315786428,8.0948936903553e-05,0.000423078776113652
"Os09g0437400",415.427518037675,-1.71303236159851,0.434654674962819,-3.94113410086996,8.10972698016727e-05,0.000423777981547517
"Os02g0306900",1205.04892393262,-1.13919137160902,0.28909698725888,-3.9405162343975,8.13064476892462e-05,0.000424794827701153
"Os05g0558000",2238.00224244158,-0.631478863866939,0.160269781084163,-3.94009937241587,8.14478637635171e-05,0.000425457343232493
"Os05g0199100",1672.0537110922,-1.16595134340788,0.295966165863454,-3.93947510860345,8.16600735760985e-05,0.000426412885544762
"Os04g0128900",1484.35585622157,-1.15076414319197,0.292156557569413,-3.93886124879658,8.18692562187707e-05,0.00042727535476757
"Os11g0587300",1127.55213033065,-1.95266909930164,0.495755583256762,-3.938773793477,8.18990992164333e-05,0.000427354518434146
"Os07g0671301",310.128331889172,-1.68840764345022,0.428682089000273,-3.93860085777724,8.19581415596172e-05,0.000427432843570769
"Os05g0102600",1750.03435660293,-1.03814105052879,0.263605412549718,-3.9382387504391,8.20818997285698e-05,0.000428001626480826
"Os05g0173800",7.56722208182746,-6.67210570580493,1.69426219685884,-3.93805971600795,8.21431539270854e-05,0.000428244348131862
"Os08g0299400",67.0341217008827,-3.32873929730852,0.8456171026728,-3.93646165242773,8.26918268716718e-05,0.000430950497880606
"Os05g0497150",1188.76699870127,-1.59278865646085,0.404770912083889,-3.93503734806603,8.31837595591545e-05,0.000433359113753434
"Os03g0115000",1194.08768479019,-2.01619437986648,0.51237770821415,-3.93497677112799,8.32047430905171e-05,0.000433390901141484
"Os06g0726800",2191.22832062206,-1.45051757813211,0.368633368385043,-3.93485154229724,8.32481375571142e-05,0.000433539388758634
"Os01g0166700",1646.50217787882,-0.98180447155982,0.249546212389938,-3.93435934032796,8.34189033903978e-05,0.000434273383005929
"Os12g0157066",712.834879859805,-1.74685294612445,0.443996241158619,-3.93438679022596,8.34093711415034e-05,0.000434273383005929
"Os06g0235850",171.308451187542,-1.31865442438709,0.335234349131657,-3.93353016420525,8.37073287312753e-05,0.000435697020073673
"Os05g0357700",607.812812772425,-0.65006148333816,0.165278205592772,-3.93313492850861,8.38451412012391e-05,0.000436258388790867
"Os01g0164500",1519.11037497163,-0.771910265371348,0.196278209745198,-3.93273540844609,8.39846654602509e-05,0.000436828259963105
"Os03g0300900",2103.77879525515,-1.12973642824268,0.287312178103442,-3.93208681824806,8.42116397338582e-05,0.000437930602201682
"Os07g0531400",330.187041952393,-2.96157968521609,0.753380312813659,-3.93105531807095,8.45738078595001e-05,0.000439578517309363
"Os01g0945001",984.809912349874,-1.46245034846087,0.372043258368958,-3.93086103716076,8.46421859838735e-05,0.000439776938487487
"Os03g0728500",410.22758941039,-1.58972323890255,0.404451631014525,-3.93056453973223,8.47466404256322e-05,0.000440039459600007
"Os06g0163400",3042.51591070639,-0.970577505321611,0.247000771590098,-3.92945130929511,8.5139913768938e-05,0.000441653824150163
"Os03g0155300",1418.92766687549,-1.85432007666862,0.471974202481177,-3.92885896500365,8.53498748385571e-05,0.000442585301824868
"Os01g0285300",1596.06474615275,-1.11910299281286,0.284881000057839,-3.92831741178125,8.55422606661451e-05,0.000443425011591221
"Os10g0466700",20789.1803742103,-0.897151963487765,0.228433333717575,-3.92741264546341,8.58645917651232e-05,0.000444858324387817
"Os02g0714200",7840.01058937999,-1.80431569510315,0.459489868476058,-3.92678015096901,8.60906047883138e-05,0.000445791357155988
"Os05g0159100",3334.15379273157,-0.848758617009588,0.216184558209176,-3.92608345406587,8.63402102018189e-05,0.000446845495201239
"Os04g0620200",539.451534793745,-1.4071621225741,0.358499794823834,-3.92514066365248,8.66790723711226e-05,0.000448519535464078
"Os08g0213400",1360.75455998287,-0.775481674607253,0.197578874535574,-3.9249220162332,8.67578389609579e-05,0.000448847359428143
"Os04g0479000",484.221439543957,-1.59751892281592,0.407056946586971,-3.92455880242445,8.68888343377471e-05,0.000449285623860772
"Os07g0634000",35.4708857839211,-2.32544077993239,0.592628971747826,-3.92394042612198,8.71122857094346e-05,0.000450028012559317
"Os02g0803900",13.9701408098625,-4.81549782633996,1.22732352840313,-3.92357655899045,8.72440233574122e-05,0.00045056223589547
"Os03g0763000",1108.94220482883,-0.413311626610886,0.105348918843189,-3.92326405576214,8.73573149919214e-05,0.000450987365218
"Os02g0329800",4678.73566397436,-0.933871278732705,0.238048869082238,-3.92302337891,8.74446621777487e-05,0.000451278300893213
"Os11g0200950",557.53722208913,-0.987388390971939,0.251716050030838,-3.92262786123878,8.75883839170665e-05,0.000451939921409073
"Os06g0150400",2185.7756433225,-0.824440556305457,0.210185959667544,-3.92243400848226,8.76589068795142e-05,0.000452223682222358
"Os12g0446900",439.075182834189,-1.4235833032788,0.36300661867236,-3.92164558454977,8.79462859498148e-05,0.000453449329672357
"Os11g0433900",10869.3109806701,-1.40002058065184,0.357091211386857,-3.92062457996233,8.83197630515113e-05,0.000455229759218781
"Os01g0907200",181.390178353848,-2.10223256465329,0.53623355700108,-3.92036741678414,8.84140676871951e-05,0.000455596392999968
"Os06g0274500",237.907099741525,-1.23245865897475,0.314387924065636,-3.92018447476198,8.8481212487418e-05,0.000455819895641003
"Os02g0193600",1051.68354801085,-1.77696477772546,0.453354710088478,-3.9195904182371,8.86995800730732e-05,0.00045686402031978
"Os08g0501900",399.465628469897,-1.30853268640869,0.333897496838839,-3.91896524770978,8.89299345324707e-05,0.000457726679649101
"Os03g0810100",233.667397120158,-1.26294756525872,0.322325666507913,-3.91823455743235,8.91998857644399e-05,0.000458872826926695
"Os02g0321900",16098.9492521578,-1.31717611482294,0.336199465730552,-3.91784118978521,8.93455345714874e-05,0.000459519547895104
"Os05g0476100",365.948075482656,-1.66367521213194,0.424644198896459,-3.91780981926847,8.93571595264739e-05,0.000459519547895104
"Os12g0190100",583.166872550031,-0.566633773305506,0.144662601129742,-3.91693339453585,8.9682513929881e-05,0.000461029862430008
"Os04g0504800",11510.8222931598,-0.444501893923923,0.113521254797662,-3.91558298678249,9.01860159745781e-05,0.000463454589237985
"Os06g0100550",20.270100562323,-7.6969279933527,1.96586649499699,-3.91528520016029,9.02974050332714e-05,0.000463945135740813
"Os01g0681200",2024.38571917677,-1.05241068038968,0.268817278940481,-3.91496664402547,9.04167069267981e-05,0.000464394239704094
"Os01g0945600",172.097449256071,-7.94231068203052,2.02949876701907,-3.91343459335834,9.09925553705113e-05,0.000466693412733362
"Os10g0457400",605.683678099072,-2.09190773838509,0.534542726603346,-3.91345281541428,9.09856859768875e-05,0.000466693412733362
"Os01g0611300",10.17962846027,-7.95436937501346,2.03285453714606,-3.91290632441446,9.11919165376596e-05,0.000467551231234106
"Os04g0164900",268.258722955695,-1.46960367336932,0.375608696516046,-3.91259224560191,9.1310640891423e-05,0.000468077536356279
"Os02g0255100",2116.90056923044,-1.17886469551027,0.301342773797744,-3.91203903997215,9.15201122550374e-05,0.000468986223665528
"Os01g0968400",1166.53683978726,-1.75652526927121,0.449014146662081,-3.91195975077627,9.15501722786878e-05,0.000469057726442636
"Os01g0917200",1249.26902890148,-1.2230629032419,0.312684901816597,-3.91148691905589,9.17296253781427e-05,0.000469894485534261
"Os08g0130900",698.949768149729,-1.81203632257028,0.463328101753789,-3.91091391977167,9.19475401930353e-05,0.000470845131967922
"Os01g0618700",140.348781416916,-2.70153905269111,0.690984017348305,-3.90969832132795,9.24114590263792e-05,0.000473137572040474
"Os10g0561500",388.524561475727,-0.848477873418506,0.217090680446987,-3.90840303080493,9.29082238000829e-05,0.000475430204446672
"Os12g0228800",17.5003955869612,-4.31450684062005,1.10434878891879,-3.906833496729,9.35135450027895e-05,0.000478275633574154
"Os08g0335600",946.747622915505,-1.6533752270569,0.423261581924332,-3.90627285268824,9.37306696186578e-05,0.000479301942165856
"Os04g0629700",4661.90998285037,-0.942234371367938,0.241223765685972,-3.90605945765124,9.38134376605413e-05,0.000479556772257378
"Os03g0418700",813.353065443853,-1.08302103125068,0.277317777102124,-3.90534296995987,9.40918419438461e-05,0.000480726775629594
"Os10g0402200",409.903569912842,-1.59014156921705,0.407249590703789,-3.90458727403271,9.43863266428478e-05,0.00048214674697299
"Os06g0478600",162.563243373471,-1.78703387914674,0.457753489475865,-3.90392191481254,9.46463286356347e-05,0.000483305344998589
"Os12g0167700",1296.33352067821,-1.55948177161496,0.399462730179181,-3.90394811279502,9.46360784887686e-05,0.000483305344998589
"Os06g0555400",10990.3361043724,-1.07339819140613,0.275044402613051,-3.90263601516099,9.51507366224111e-05,0.000485540520749581
"Os03g0749300",48759.3825093653,-0.836119243604709,0.214339567451937,-3.90090944730584,9.58319947580864e-05,0.000488931210817273
"Os01g0972300",63.0826524989641,-3.0832603725503,0.790570433541996,-3.90004513416516,9.61747573156584e-05,0.000490479291272816
"Os03g0167700",6271.55644010686,-0.367925925487763,0.0943395706391724,-3.90001695995625,9.61859498818437e-05,0.000490479291272816
"Os01g0931200",1362.20433159496,-1.75442887396265,0.449896358089908,-3.89962897546293,9.63402068442422e-05,0.000491179885104696
"Os06g0226500",16.9049801437637,-6.33809257411198,1.62545004763656,-3.89928474475589,9.64772634727438e-05,0.000491792555024198
"Os02g0703600",2163.17456337031,-1.13693436984448,0.29163222558822,-3.89852104838993,9.67819893643288e-05,0.000493086965407275
"Os08g0490000",2326.85898771287,-1.04485180663639,0.268068072958277,-3.89771073856681,9.71063082437147e-05,0.000494566265944991
"Os01g0621300",1983.59840753614,-0.672825349431197,0.172658466757062,-3.89685696895417,9.74491314983857e-05,0.000496225495278193
"Os02g0549600",4153.30870607445,-0.958909654644028,0.24609830739999,-3.89644961306251,9.76131038489157e-05,0.000496973568232189
"Os03g0137500",3408.43762859184,-0.522237225703156,0.134032974092143,-3.89633393752894,9.76597140138207e-05,0.000497123962857977
"Os06g0247000",195.484787295822,-1.65023230909349,0.423624155104408,-3.89551041697981,9.79921502344651e-05,0.000498554751769408
"Os03g0666700",1164.76364852765,-1.10202223279265,0.2829422244225,-3.89486664651039,9.82527692344839e-05,0.000499793387885876
"Os07g0134400",670.739675783193,-0.743151795389144,0.190929042638773,-3.89229310071566,9.93011746443302e-05,0.000504861872903664
"Os10g0510400",5170.00206055903,-0.562578700038198,0.144660414682968,-3.88896092459796,0.000100674323819888,0.00051121842341461
"Os11g0256200",1063.16141364667,-1.24467953879832,0.320082736702226,-3.88861814798918,0.000100816590157141,0.000511851593193214
"Os04g0447600",330.537691225036,-2.23986261809336,0.576051075325234,-3.8883055930913,0.000100946478639132,0.000512421710114833
"Os01g0711400",9805.23630460029,-0.685025623269028,0.176260307212709,-3.88644292127748,0.000101723831091136,0.000516187734629039
"Os11g0527150",74.3818137436859,-4.09730342013683,1.0546579521406,-3.88495949025054,0.00010234695241052,0.00051925922440752
"Os03g0290900",1516.44942985042,-1.31811973576959,0.339371561362199,-3.88400174274711,0.000102751170198443,0.00052094700183131
"Os02g0617800",7329.21106494089,-1.00305519978225,0.258278509605454,-3.88361850668303,0.000102913336867017,0.000521678363140345
"Os06g0134800",1045.72663762669,-0.698351173990544,0.179831081182769,-3.8833730487378,0.000103017329479622,0.000521932962614049
"Os09g0294300",120.127804535476,-1.59969004091446,0.411928674037889,-3.88341511950033,0.000102999498414925,0.000521932962614049
"Os01g0672100",1109.70504713792,-1.36828708222904,0.352392333049643,-3.88285145249253,0.000103238642376372,0.000522690497789412
"Os01g0760900",74.0011000485766,-3.21870548049039,0.829029027434522,-3.88250033952473,0.000103387871961401,0.000523355050801309
"Os03g0285700",68229.1715614813,-0.655539942803248,0.168863359713082,-3.88207331606504,0.000103569639294389,0.000524184052056168
"Os01g0166500",418.906715766666,-1.91112217796638,0.492529043483005,-3.88022230009329,0.000104361037863732,0.000528005932013135
"Os04g0541900",393.006427275642,-0.773743415029587,0.199446079819036,-3.87946163560411,0.000104687910236235,0.000529567712680151
"Os02g0112100",45.2714475095144,-3.30968141684776,0.853189544512192,-3.87918656309842,0.000104806351948117,0.000530074779686185
"Os05g0137600",195.678754274859,-1.21995575855739,0.314606177887046,-3.87772346605157,0.000105438465634669,0.000532994097589453
"Os10g0557700",124.603787269053,-1.88667169115604,0.486539008135271,-3.87773983094793,0.000105431375522702,0.000532994097589453
"Os11g0704550",371.694559456368,-0.844595455791876,0.217862913594249,-3.87672891112098,0.000105870203399083,0.000534990814400157
"Os02g0167200",277.766631178989,-0.956182697896111,0.246673223030021,-3.87631331099014,0.000106051109775322,0.000535812008826673
"Os05g0371600",436.825998864726,-1.55315373471688,0.400804052963191,-3.87509488298392,0.000106583161364788,0.000538220014785046
"Os06g0157000",5773.5820667959,-0.74481285932175,0.192270113239485,-3.87378384904802,0.000107158463927399,0.000540750092963737
"Os07g0406800",1133.14792757376,-1.45316198962422,0.375140279841118,-3.87364958580206,0.000107217545893063,0.000540954499566491
"Os02g0804100",5970.83245662479,-1.40633495024524,0.363171468648473,-3.87237179032497,0.000107781374644067,0.0005436108750233
"Os04g0542900",2811.84282767307,-0.686858289123347,0.177409264570255,-3.87160327160562,0.000108121830499775,0.000545139187641005
"Os06g0665100",4115.74184230319,-0.582628034337448,0.15049266427245,-3.8714713248924,0.000108180385211713,0.000545339999677256
"Os03g0760500",336.077255995928,-2.09299677490363,0.540662056149122,-3.87117377870207,0.000108312538735065,0.000545911691423081
"Os04g0481200",344.468639917693,-2.32043086377287,0.599465953815389,-3.87083010970706,0.000108465367015266,0.000546398273346925
"Os08g0533300",658.417156843267,-1.20271502620138,0.310742360283354,-3.87045726596359,0.000108631399281074,0.00054714002245995
"Os04g0501800",1462.52774668395,-0.846569926135452,0.218817159083405,-3.86884616216396,0.000109351605838732,0.000550577016811125
"Os03g0355700",765.703249930942,-1.8329022171319,0.474090888793721,-3.86614098785055,0.000110571033059392,0.000556139831564011
"Os01g0752300",14362.538266315,-1.13449724022253,0.293457995307708,-3.86596125633907,0.00011065250449213,0.000556315737921432
"Os09g0508200",93.4692959967983,-2.73598336242224,0.707715378666158,-3.86593741622345,0.000110663315355362,0.000556315737921432
"Os01g0868300",1861.57174357362,-1.55977106760438,0.403472481388446,-3.86586728848728,0.000110695122209697,0.000556379590781983
"Os01g0968200",209.629134983021,-3.61946856053036,0.936686417591362,-3.86411982981202,0.000111490483066439,0.000560087260283048
"Os06g0514100",8600.61284497225,-2.98979249079867,0.773929319503555,-3.86313377133264,0.000111941666564511,0.000562062967877879
"Os12g0567700",28970.3793048194,-1.0117033708427,0.261928327403011,-3.86251987661517,0.000112223431187584,0.00056318641444853
"Os05g0574400",22171.6990852327,-0.924909485526393,0.239492283060745,-3.861959448989,0.000112481239571889,0.000564382952931177
"Os11g0291450",467.061373021096,-2.26319839777312,0.586062384405136,-3.86170219757459,0.000112599767567646,0.000564880349888884
"Os06g0572400",265.541598391562,-1.67649705645577,0.434218428646744,-3.86095325728259,0.000112945511217991,0.000566419696519775
"Os05g0521900",63.529808283618,-3.32354295392211,0.860977609631066,-3.86019673072133,0.00011329577350283,0.000568078429054651
"Os04g0545250",187.839220537541,-2.91263376014969,0.754546164709185,-3.86011339845888,0.000113334417874737,0.000568174370347405
"Os10g0563300",1751.74075984455,-1.08721150291894,0.281668892546009,-3.85989199265711,0.00011343715266078,0.000568591524920349
"Os03g0177900",60205.712805063,-0.673572558494233,0.174518493775186,-3.85960561498958,0.000113570165414344,0.000569062346386187
"Os10g0114500",1352.73581361264,-0.679477013696994,0.176046528642152,-3.85964448681723,0.000113552102138397,0.000569062346386187
"Os02g0139300",1731.6131023469,-0.546155430879045,0.141518313197638,-3.85925622301834,0.000113732645412585,0.000569778444814261
"Os01g0801000",1147.76069666789,-1.18823242965428,0.307952213593837,-3.85849614713748,0.000114086865992562,0.000571258203479261
"Os02g0730000",16374.1072234429,-3.5685573679794,0.924930849416997,-3.85818828534992,0.000114230635675192,0.000571781466506176
"Os12g0571300",93.114893189976,-2.68722845087788,0.696543219257744,-3.85794933692911,0.000114342340980361,0.000572052488762528
"Os12g0586300",1770.58384056457,-0.648285641441601,0.16811113809353,-3.85629202677172,0.000115119952227798,0.000575441683621342
"Os03g0421800",1346.87627333312,-1.45475839161271,0.377305161782279,-3.85565462380865,0.00011542034806705,0.000576844238271604
"Os08g0154900",1357.40487692345,-1.07679781675783,0.279323892384326,-3.85501507789476,0.000115722496734175,0.000578155867197228
"Os03g0388800",83.0284216976761,-2.32463623461947,0.603157298924375,-3.85411274764484,0.000116150064803171,0.000580092983570218
"Os02g0797700",5581.14654223317,-0.621593635714089,0.161291262387009,-3.85385808576915,0.000116271005323266,0.000580597430902632
"Os01g0887700",3475.4848371224,-0.567717292220275,0.147321905682913,-3.85358368525449,0.000116401452766202,0.000581049555614902
"Os10g0334500",183.331453427853,-9.99857112128645,2.59460181984952,-3.85360522173161,0.000116391209536928,0.000581049555614902
"Os06g0692800",1326.60578003565,-0.964498599597064,0.250328290733073,-3.8529348671402,0.000116710444049319,0.00058249212538205
"Os08g0524400",2955.14651379717,-1.68711629863171,0.43789484730258,-3.85278865239978,0.000116780183658312,0.000582740320167471
"Os04g0501200",599.843969352522,-1.04708755808012,0.271951439688453,-3.85027400215148,0.000117985756108422,0.000588252215269552
"Os04g0376700",883.603205597999,-1.40070097820964,0.363897003248719,-3.84916876397653,0.000118519333113545,0.000590710254823321
"Os02g0467700",2213.92797203601,-0.513751871328713,0.13348719219932,-3.84869786280013,0.000118747361126208,0.000591745491224746
"Os11g0579800",1999.69153589706,-1.25819835405668,0.327003667461241,-3.84765823522701,0.000119252253469507,0.000594109183106485
"Os03g0755000",2429.00639303524,-0.674912757663901,0.175412162252321,-3.84758245379288,0.000119289135560792,0.000594138749117421
"Os08g0525000",2609.79615851382,-0.907591155378574,0.235888614106473,-3.84754117453467,0.000119309230301445,0.000594138749117421
"Os03g0793600",448.385783907206,-1.42294102874471,0.369853156880889,-3.84731346014432,0.00011942013903522,0.000594589380917024
"Os10g0345600",266.751167677016,-0.993600433025321,0.258276832381644,-3.8470366229253,0.000119555104070478,0.000595159613801786
"Os02g0108000",33.4139556116373,-4.58022584104673,1.19066040871511,-3.84679444073347,0.000119673291849495,0.000595544361797847
"Os04g0504500",302.224131970246,-1.79581593163179,0.466861839152132,-3.84656825859482,0.000119783770892926,0.000595992307524993
"Os10g0147200",548.605416797314,-1.21511289028951,0.31599315712555,-3.8453772269718,0.000120367120510115,0.000598792498034773
"Os01g0802000",1032.15767302958,-0.545838809248688,0.141985027611694,-3.8443406211919,0.000120877013791666,0.000601123701441411
"Os05g0452800",776.132502509567,-1.20193600309838,0.312739273386429,-3.84325252816341,0.000121414423348775,0.0006029725165012
"Os06g0195900",8397.66597298511,-0.678380003052352,0.176597297989322,-3.84139514463788,0.000122336993799671,0.000607243554360662
"Os05g0476200",2261.97409886223,-1.49053619733233,0.388032021148799,-3.84127112221173,0.000122398831067344,0.000607446959499523
"Os03g0703100",3239.38531945327,-1.50543562002912,0.392079862708779,-3.83961473978403,0.00012322752906188,0.000611351294947202
"Os01g0100700",10864.2175665672,-1.28767203700431,0.335425633507908,-3.83891959459904,0.000123576887603751,0.00061287570177051
"Os02g0668000",394.023397343865,-1.4886485242608,0.387891403233714,-3.8377971562413,0.000124142962186477,0.000615578298109075
"Os03g0797800",84.1421566248148,-1.65340562350376,0.430872734440213,-3.83734103215386,0.000124373695063076,0.000616617423838425
"Os02g0195500",7317.05659344964,-0.763798686550528,0.199055398842184,-3.83711615456402,0.000124487599352053,0.000617077083971149
"Os07g0657600",382.299585131022,-1.20499996257532,0.314046898938634,-3.83700640460958,0.00012454322525307,0.000617247754564313
"Os03g0761200",757.419235902317,-0.632892847357507,0.164948859731324,-3.83690344018376,0.000124595433263642,0.00061740143057747
"Os03g0368000",1915.86887413108,-1.37558244463757,0.358571203755738,-3.83628810743718,0.000124907867420778,0.000618739056817129
"Os04g0117100",7824.56288037807,-1.00145611589853,0.261047010242963,-3.83630563309823,0.000124898958587918,0.000618739056817129
"Os04g0662200",308.018511066834,-2.04511055226346,0.533275747145188,-3.83499636578571,0.000125566151059424,0.000621682667655991
"Os09g0440200",1689.18104989216,-0.575599339235323,0.150113275851806,-3.83443327026961,0.000125854132060352,0.000623002555475363
"Os03g0370500",1843.11198187835,-1.16911475004503,0.304937140201678,-3.8339532838532,0.000126100100398091,0.000624114059108294
"Os04g0278200",935.71120827499,-0.760532878931464,0.198387438120029,-3.83357376927929,0.00012629490278003,0.000624865810186891
"Os09g0568200",483.574679989301,-1.13546075064384,0.296229381920855,-3.83304567319122,0.000126566443097727,0.0006259965957697
"Os11g0119200",72.3447574499719,-2.19307423621717,0.5723059861274,-3.83199597658756,0.000127107818569341,0.000628363738029527
"Os04g0359100",4555.42768815359,-1.1718100003124,0.305809103649863,-3.83183491376394,0.00012719107875314,0.000628658960531048
"Os08g0501500",131.780771393733,-1.39896463440622,0.365141059234235,-3.83129916241163,0.000127468401301918,0.000629815877623762
"Os01g0299400",1204.28267470707,-0.689160665947118,0.179882311039675,-3.8311752943574,0.000127532600550432,0.000630026190539388
"Os06g0245600",486.769607238328,-1.20018069548392,0.313272092168368,-3.83111271475433,0.000127565046354565,0.000630079592933791
"Os01g0908400",3733.35035695701,-0.806905680372433,0.210676672908159,-3.83006656234879,0.00012810860108289,0.000632549793274993
"Os10g0407100",576.602727096611,-1.39205555601329,0.363527904291113,-3.82929491679002,0.000128510926922146,0.000634428752979613
"Os05g0430200",1136.80031774305,-0.761239453781424,0.198815979857856,-3.8288645325475,0.000128735840596663,0.000635431381331529
"Os02g0170701",30.2790012362429,-2.59672579173812,0.678211227602475,-3.82878620414134,0.000128776813969085,0.000635525906864546
"Os03g0184500",767.436780923138,-1.91132092618938,0.49924563050035,-3.82841793582415,0.000128969618887761,0.000636369576626464
"Os10g0388500",16.5006459159675,-8.01445200036385,2.09354140383914,-3.82817936424231,0.00012909466693991,0.000636770814807598
"Os03g0249400",4243.76289496481,-1.32303083867799,0.34568960495224,-3.82722193472024,0.00012959765701017,0.000638927199500619
"Os08g0127500",678.27076912133,-0.999723365769104,0.261220824845835,-3.82711970364197,0.000129651473580417,0.00063908432864064
"Os10g0411800",18290.1495387779,-1.07156274361698,0.279998242734879,-3.82703381689294,0.000129696702433363,0.000639199080769061
"Os03g0720800",667.248442598865,-0.956747553195387,0.250023280002658,-3.82663387659427,0.000129907511042179,0.000640129701619347
"Os11g0156000",309.511002596785,-2.40598410665699,0.628766028451263,-3.82651733361495,0.000129969001599867,0.000640324355369875
"Os09g0442700",618.978969787161,-1.82020140466767,0.475784222794758,-3.82568676610545,0.000130408021649827,0.000642269982493872
"Os08g0464950",107.33950408755,-2.77354858554309,0.72517773908451,-3.82464661566214,0.000130959793735664,0.000644660431570318
"Os11g0153900",965.918984939221,-0.94550981709645,0.247240531699823,-3.82425086451602,0.000131170306339556,0.000645587571610706
"Os02g0753400",437.423895922728,-1.5648032740741,0.409280095530105,-3.82330655989354,0.000131673900859261,0.00064783225284917
"Os04g0635100",947.842560324572,-2.60028737760988,0.680152563804906,-3.82309428205838,0.000131787358457385,0.000648186362606984
"Os06g0545900",1661.78053185961,-0.655140930796246,0.171381780640457,-3.82269882100636,0.000131998968952528,0.000648857292400786
"Os02g0819400",2912.03384141807,-0.790872416117584,0.206933798838277,-3.8218619701447,0.000132447822421554,0.000650885164455027
"Os04g0560100",198.833795367802,-1.82654015362395,0.477951971235282,-3.82159769924831,0.000132589865332394,0.000651473267793145
"Os09g0246300",109.680692417413,-1.80100097565008,0.471324556199724,-3.82114819175029,0.00013283180078871,0.000652331821681079
"Os01g0502900",30.0576933953244,-7.51752068051359,1.96781472243419,-3.82023805128076,0.00013332293399209,0.000654328688795362
"Os03g0825300",3321.78623526609,-0.931293881067533,0.243812246927676,-3.81971739649235,0.000133604660396337,0.000655493196833985
"Os06g0606599",14.3117979003469,-6.85252385609154,1.79408509387659,-3.81950882902932,0.000133717673563778,0.000655821767979653
"Os09g0547200",1113.96807758968,-1.71613507097006,0.44960586423433,-3.81697661771517,0.000135096967551493,0.00066211610384291
"Os08g0469500",444.491435193194,-1.84027062236696,0.48217193202668,-3.81662743128136,0.000135288217484426,0.000662941859259878
"Os12g0210800",1674.31634378465,-1.26731828785802,0.33209488485473,-3.81613311633026,0.000135559390685251,0.00066404719521209
"Os07g0161000",5680.72710559938,-0.410028059123726,0.107452074190706,-3.81591572067755,0.000135678812483533,0.000664408672800648
"Os01g0896200",680.487711232846,-1.42653376722546,0.37394557934001,-3.81481650282696,0.00013628416410788,0.000667148668204688
"Os04g0430000",1319.72185255982,-1.02009082000011,0.267433568248124,-3.81437089847178,0.000136530287486732,0.000668209800382401
"Os10g0398600",27.4377534142852,-3.11022320865546,0.815480061499291,-3.8139782387042,0.00013674751466255,0.0006690794895838
"Os12g0590500",1970.77110409855,-1.34723524796389,0.353283956597801,-3.81346286125771,0.000137033125848898,0.000670364302195803
"Os07g0259700",1889.15567194756,-0.577450122333398,0.151431388931754,-3.81327891401457,0.000137135201495986,0.000670750980511606
"Os06g0589800",1259.10315891814,-1.42670188293687,0.374248379040214,-3.81217919125194,0.000137746953260771,0.000673630020631429
"Os05g0134400",8077.20004183068,-1.1874101833026,0.311491848820379,-3.81201045163567,0.00013784104660123,0.000673976991121731
"Os08g0129800",27829.180659061,-1.04601500787772,0.27449204973061,-3.81072970566648,0.000138557198209679,0.000677251212867115
"Os04g0605900",19100.8320759201,-1.07007474034221,0.280845283756549,-3.81019302168452,0.000138858335302783,0.000678495375954302
"Os11g0129700",251.019771456897,-1.87305636523569,0.491924694025892,-3.80760792857677,0.000140317505328537,0.000684362148748561
"Os05g0332300",1567.14265977319,-1.46853999405998,0.385749957016222,-3.80697383719532,0.000140677621003,0.000685888779315147
"Os02g0128800",1700.38948664119,-1.14921183816977,0.301892630824376,-3.80669059404207,0.000140838762676876,0.000686450867151617
"Os05g0459300",621.446455402214,-0.686170124648073,0.180336815557264,-3.80493646029913,0.000141840596851534,0.000690901493783571
"Os09g0372700",1247.89951088705,-0.927577008736908,0.243783360231069,-3.80492338713237,0.000141848088432524,0.000690901493783571
"Os06g0691200",1934.56699853436,-2.25311297291435,0.592239110990016,-3.80439746565864,0.000142149777079005,0.000692255151855317
"Os08g0520000",928.888993598783,-1.4952549255644,0.393153303644812,-3.80323632461516,0.000142817993200192,0.000695276763285858
"Os09g0306500",125.684284719083,-2.00333197407242,0.526758270240306,-3.80313340530658,0.000142877363947951,0.000695449539176371
"Os12g0596600",1820.07939890638,-0.723751244794058,0.190308507064416,-3.80304199721918,0.000142930113741441,0.000695485292908583
"Os06g0696400",1951.94000976524,-1.33864534451772,0.352074685241467,-3.80216300867988,0.000143438297606499,0.000697713396174456
"Os04g0560200",1122.80560446213,-0.682375128068387,0.179476473283341,-3.80203107173337,0.000143514723160371,0.000697968565109609
"Os01g0105700",150.861029502547,-1.51375674532752,0.398235029798377,-3.80116421725613,0.000144017810171043,0.000700298324895827
"Os06g0104300",2851.71880852077,-1.41666134716746,0.372716010589117,-3.80091358277924,0.000144163577426961,0.000700809664793171
"Os05g0555800",7457.06131334135,-1.22445518929846,0.322156916095298,-3.80080367089264,0.000144227545224699,0.000700967051407488
"Os07g0542600",1058.05314439088,-0.821307399948231,0.216105753495497,-3.80048835657374,0.000144411203879963,0.00070162547203742
"Os06g0726600",1415.69768946738,-0.645920456632524,0.170026263053527,-3.79894520430162,0.000145313212419306,0.0007051843646184
"Os04g0185100",476.184684871265,-1.53219868165796,0.403364863095832,-3.79854276323998,0.00014554931933742,0.000706212475465571
"Os12g0133800",123.716265226503,-2.0531359444696,0.541107090943603,-3.79432459642926,0.000148045895245254,0.000717369810537817
"Os05g0563400",2117.96074276798,-0.616633245370767,0.162547624317787,-3.79355433805187,0.000148506114000126,0.000719360454409792
"Os01g0337900",2764.55610068873,-0.643445973218688,0.169670249223663,-3.79233233971669,0.000149239005706437,0.000722309842809186
"Os07g0659500",1955.89071360212,-1.39303579722006,0.367334372254716,-3.79228273322079,0.000149268828932653,0.000722334136951929
"Os10g0159600",754.761966281497,-5.64699544862399,1.48948360296664,-3.79124378232613,0.000149894732901141,0.000725121995273591
"Os10g0394200",859.191992969789,-1.67566811989512,0.442079383608057,-3.79042358007979,0.000150390598665425,0.000727158395207455
"Os08g0509200",455.987180726332,-1.50425593421824,0.396911387628879,-3.78990369413323,0.000150705702851256,0.000728561002396126
"Os01g0210300",110.513873749127,-1.91791234995845,0.506094142355557,-3.78963554296785,0.000150868472817977,0.000729226832432388
"Os08g0479300",723.162926799389,-1.80620175608809,0.47667016562866,-3.78920663873724,0.00015112916532589,0.000730244491889923
"Os04g0525700",278.575657292941,-1.00139188599972,0.264284181402956,-3.78907235644531,0.00015121087064544,0.000730518078124837
"Os02g0606700",615.898249837716,-1.45164682557451,0.383178714198976,-3.78843284290762,0.000151600559578416,0.000732057922116919
"Os03g0388900",107.151606167418,-2.37408251290666,0.626667329378776,-3.78842553553912,0.0001516050177971,0.000732057922116919
"Os01g0908600",46.7039323287492,-3.63824992713816,0.960413918811479,-3.78821032877213,0.000151736370598997,0.000732570720255965
"Os06g0699500",1970.13113874632,-1.31276731037286,0.34654464228826,-3.78816218800719,0.00015176576827682,0.000732591199031583
"Os09g0461500",309.976659959875,-1.196887084423,0.316023841582615,-3.7873316089986,0.000152273815338672,0.00073480000833352
"Os01g0235400",3585.66279947872,-0.631433255037623,0.166769977871475,-3.7862525563459,0.000152936239578647,0.000737507727936636
"Os11g0163600",1228.1316205039,-0.724547221461488,0.191381629976844,-3.78587653135337,0.000153167715822631,0.000738501692083882
"Os05g0516800",1698.15888528908,-1.30592822302243,0.344970939810137,-3.78561806899208,0.000153327013196622,0.000739025037787494
"Os03g0766500",191.318135407767,-2.10847023572273,0.557033099136152,-3.78517944264451,0.000153597707477454,0.000739839966450285
"Os03g0149000",972.1027074,-1.84019566254339,0.486185890255039,-3.78496311684009,0.000153731376569176,0.000740361360748727
"Os05g0509900",554.874136273132,-1.34943611067673,0.356544613330326,-3.78476089730327,0.000153856428320964,0.000740718615566722
"Os12g0517100",17.5735952156177,-7.93485109025998,2.0965870525944,-3.78465138399147,0.000153924190876102,0.000740799915170029
"Os07g0600400",2255.80034587054,-0.701639304774651,0.185471363691091,-3.7830061245641,0.00015494560032478,0.000745223083841161
"Os06g0621550",358.689432193265,-4.76529269729271,1.26003172491297,-3.78188310903192,0.000155646450245951,0.000748223163430604
"Os11g0704600",2822.12763878496,-1.30563433244239,0.345319349462449,-3.78094750402734,0.000156232618537288,0.000750669248810905
"Os12g0569900",198.835744579565,-1.595183058705,0.421926662820821,-3.78071167164523,0.000156380698005701,0.000751256794345435
"Os01g0204000",663.351985688371,-1.17042416918849,0.309630225643608,-3.78007078202913,0.000156783780997667,0.00075294480049704
"Os11g0514800",6476.16599859749,-0.590225411201238,0.156162216835898,-3.77956603818882,0.000157101924171731,0.000754099593823827
"Os02g0742800",1567.60581254971,-1.59432278515379,0.421975616686263,-3.77823438632275,0.00015794419107865,0.000757643013110268
"Os04g0584300",499.738531802951,-1.04002316441584,0.275314035940383,-3.7775886030055,0.000158354176069573,0.000759359511855445
"Os01g0720200",1631.90568619567,-1.14796578258634,0.30393008865202,-3.77707185122,0.000158682964641422,0.000760560450343563
"Os09g0420100",375.253344104816,-0.938083658558398,0.248440787739145,-3.7758842543333,0.000159441021645068,0.00076381665279613
"Os09g0543100",4966.68098237992,-0.79062821927747,0.209412756561564,-3.77545395160795,0.000159716529024675,0.000764926832611861
"Os01g0664200",1384.31644853546,-1.14962490471358,0.304526945326597,-3.77511718537957,0.000159932460784802,0.00076566712526303
"Os01g0148500",222.45567745696,-3.32908628547213,0.88207093661595,-3.7741707013317,0.000160540810610657,0.000768326949318577
"Os07g0680300",7182.43103002914,-0.889101678595336,0.235593762823226,-3.77387613297071,0.000160730587421021,0.000769108801655432
"Os03g0724300",2342.35943893362,-0.648614242287467,0.17190388855232,-3.77312140958381,0.000161217784664885,0.000771145548650602
"Os04g0664400",180.062600085142,-1.8532243824857,0.491168391212211,-3.77309374064548,0.000161235672197429,0.000771145548650602
"Os07g0243200",582.094875149439,-1.3955620759661,0.369885562437803,-3.77295633484143,0.000161324530552857,0.000771443838876897
"Os08g0552300",179.193737017804,-1.72691049067527,0.457833225107459,-3.77192041986456,0.000161995926610904,0.000774400094347134
"Os07g0565100",12999.6605586732,-1.02104126460976,0.270712962393115,-3.77167482333948,0.000162155487461498,0.000775035632012759
"Os06g0725700",377.100666848724,-1.76673565304071,0.468451899985486,-3.77143449113013,0.000162311771305026,0.000775655300942727
"Os09g0286300",381.090315186686,-1.5559849851725,0.412594388521129,-3.77122187907026,0.000162450147358103,0.000776189202848674
"Os01g0695100",13634.1861833881,-1.54347749678335,0.409436233273869,-3.76976283813878,0.000163402745738437,0.000780356635191008
"Os05g0513800",525.241969298483,-0.861739822142376,0.228591118020325,-3.76978698737436,0.00016338693617233,0.000780356635191008
"Os08g0155100",3680.81221142914,-0.5963173722121,0.158199824784445,-3.76939337969945,0.000163644795346656,0.000781384445004971
"Os07g0561300",247.90477289258,-1.24102970375978,0.329386649826768,-3.76769885607831,0.000164759285720234,0.000785932828623201
"Os08g0455900",157.952145295802,-1.72816088842785,0.458803291455334,-3.76667064210914,0.000165439020441392,0.000788916841869038
"Os04g0628600",2686.62443461225,-0.42642218018174,0.113252693223252,-3.7652277225862,0.000166397360070905,0.00079335689587179
"Os12g0177800",419.17182413694,-0.913205981752429,0.242595938417331,-3.76430861831441,0.000167010519069159,0.000796019694980695
"Os09g0444500",1669.2951669392,-0.850417992908909,0.225928304210188,-3.76410559040774,0.000167146250726327,0.00079653626471152
"Os02g0684500",3023.14227495589,-1.79554882929827,0.477081081377787,-3.76361356462262,0.000167475618745015,0.000797652376185744
"Os12g0577700",386.198278636961,-1.15703167382924,0.307427492238022,-3.76359207631769,0.000167490017182056,0.000797652376185744
"Os05g0121500",1598.06566585701,-0.911422856394805,0.242181025245436,-3.76339498716357,0.000167622132921353,0.000798151039067306
"Os07g0633800",1859.95689647215,-0.498943941332076,0.132584001469567,-3.76322886473299,0.000167733566718344,0.000798551075686056
"Os01g0594300",1773.08776604681,-1.34934062121688,0.358676868401712,-3.76199509945994,0.000168563351416188,0.000802034293057853
"Os04g0501000",26278.5109311618,-1.23945587997831,0.329507581416192,-3.76153979417179,0.000168870547125749,0.000803307427866068
"Os03g0311600",539.154431435839,-1.66308459117207,0.44220733458167,-3.76087066205122,0.000169322968196153,0.000805268942140486
"Os04g0576900",1513.97937038728,-1.72036900698386,0.457477591202587,-3.76055360976581,0.000169537734997648,0.000806086190792084
"Os06g0221200",12374.7392138094,-0.529489139203169,0.140808839952068,-3.76034018448991,0.000169682450576923,0.000806642560512755
"Os03g0328000",6642.39418932728,-0.610125839589752,0.162292785725709,-3.75941442413173,0.000170311519692534,0.000809368811437005
"Os05g0153500",239.123153036493,-0.842597107887297,0.224146707666887,-3.75913220701646,0.000170503726656023,0.000810150028989511
"Os02g0834050",66.1162502234718,-2.0420005909938,0.543274372500728,-3.75869117770886,0.000170804502958602,0.000811314424263646
"Os01g0197100",592.792137432787,-1.39234903535908,0.370465143870523,-3.758380669264,0.000171016565011378,0.000812056808456113
"Os05g0488100",1176.14493879871,-1.17109586201269,0.311651812406314,-3.75770592498877,0.00017147823634153,0.000814116269764924
"Os01g0323100",503.451912337558,-1.62283910935588,0.43189506770902,-3.75748470100435,0.000171629856491142,0.000814570515113272
"Os05g0579900",1778.13277447916,-0.683872044067173,0.182023129677658,-3.75706123325222,0.000171920440091174,0.000815550913232638
"Os09g0507800",27013.3084923469,-0.971659717065592,0.258619875527637,-3.75709606650768,0.000171896520053999,0.000815550913232638
"Os12g0139400",1325.46319910863,-0.799331479464634,0.212761536109972,-3.75693602367805,0.000172006447506265,0.000815826020240626
"Os01g0176400",850.845408113445,-1.53950202217326,0.409869259596414,-3.75608071629759,0.000172595047998887,0.000818198879975287
"Os09g0376700",154.83799808614,-2.1667191907647,0.576887256333546,-3.75587979622823,0.000172733590517172,0.00081847504442582
"Os02g0747900",823.124348955491,-1.84615018050754,0.491641196013203,-3.75507625373598,0.000173288711872746,0.000820571360513512
"Os02g0451900",380.358851143871,-1.1101182471521,0.295636380834786,-3.7550123026722,0.000173332963994756,0.000820647468290567
"Os01g0281600",177.674185995961,-1.84979434324534,0.492690622558612,-3.7544744278653,0.000173705577255341,0.000822144290724857
"Os03g0167100",895.256944349389,-1.02799291573383,0.273967989988955,-3.75223731712333,0.000175263435080616,0.000828727876213719
"Os04g0472500",169.818967241152,-1.78407031131734,0.475498355950631,-3.75200100902677,0.000175428758107267,0.000828932131501029
"Os04g0672600",198.961463060702,-1.4017942406181,0.373613718313558,-3.75198814151047,0.00017543776453306,0.000828932131501029
"Os02g0584900",6.10008455527211,-6.85343919723551,1.82694178829293,-3.75131777112574,0.000175907582159949,0.000830810997025952
"Os03g0166000",3527.88418210984,-1.2820697525468,0.341803755348068,-3.75089428505908,0.000176204984653982,0.000832080681545852
"Os08g0191200",1657.89145694974,-0.501478209193413,0.133700611234914,-3.75075479881173,0.000176303045442355,0.000832408769353477
"Os06g0297600",408.72479328437,-0.96354038767184,0.256901792223739,-3.75061761668319,0.000176399536454965,0.000832729340353624
"Os10g0533500",178.060213991331,-2.32343904092414,0.619529910040968,-3.75032585718177,0.000176604919076403,0.000833563768775203
"Os02g0754500",298.222394956431,-0.833140659064569,0.222292334509382,-3.74795046758307,0.000178285450355746,0.000840678252147026
"Os06g0725400",1587.38351622932,-0.647304826394698,0.172725123893952,-3.7476008805304,0.000178534040454344,0.000841714153490595
"Os03g0228800",918.696281389285,-1.20656852805717,0.321973971114688,-3.74741015206904,0.000178669804157394,0.000842217875796637
"Os03g0290300",1859.17735296696,-0.976363517795809,0.260560266676628,-3.7471696289271,0.000178841150945798,0.000842889140288645
"Os05g0501300",2979.40034731524,-1.42875504538297,0.381388043103809,-3.74619779308099,0.000179535053772716,0.000845612135851374
"Os02g0258200",2868.40310954428,-1.68828923283381,0.450743648045072,-3.74556411422793,0.000179988870925654,0.000847475488940482
"Os05g0463000",332.596396558657,-1.82120742179772,0.48632842464931,-3.74480974068293,0.000180530531380213,0.000849888479607915
"Os06g0543400",339.335010594943,-1.42566364863738,0.380799721107073,-3.7438673654819,0.00018120933529864,0.000852946219907383
"Os01g0923200",53.9476891993292,-2.00052274287648,0.534362478841452,-3.74375601223687,0.000181289702687937,0.000853186606606026
"Os01g0839500",10030.2041735574,-1.36830813186488,0.365536216876902,-3.74329018217549,0.000181626271407487,0.000854494390295452
"Os09g0547300",2655.73563481736,-0.492869008659713,0.131736090066168,-3.74133624591528,0.000183044427968917,0.000860749205766317
"Os05g0462500",1105.75276268878,-1.09646574436869,0.293104127682663,-3.74087445658836,0.000183381109745792,0.000862054023892971
"Os03g0756800",5294.65894056656,-0.597248584707761,0.159656870621873,-3.74082607520391,0.000183416417361831,0.00086208084351376
"Os02g0678400",5196.39250325204,-1.02091707167295,0.27301788727673,-3.73937796477839,0.00018447617798245,0.000866502460516922
"Os04g0609500",477.882912279692,-2.15915063598311,0.577447901915033,-3.73912629835966,0.000184660939367918,0.000867230426749315
"Os04g0632000",51.911803116484,-3.52151381530734,0.941974931893644,-3.73843686925731,0.000185167976472188,0.000869051057344568
"Os01g0971900",3543.8687068122,-0.645685216941724,0.172733965743524,-3.7380327265828,0.000185465809280398,0.000870168406293502
"Os01g0263000",1003.39360351599,-0.946124924639367,0.253117336264018,-3.73789065025754,0.000185570619319495,0.000870519905899215
"Os07g0613200",7250.84938663638,-1.14165890935821,0.305515003313709,-3.73683418809363,0.000186351722009919,0.000873761849681671
"Os01g0685900",2779.31858308616,-1.41625097897663,0.379032569431063,-3.73648887509181,0.000186607701045098,0.000874680423279468
"Os10g0205500",48.4064035888481,-1.66800200967226,0.446468051058713,-3.73599411137463,0.000186975043348515,0.000876140768409716
"Os11g0611600",179.971686197219,-4.08949211167098,1.0946212565485,-3.73598821254918,0.000186979427088331,0.000876140768409716
"Os06g0216200",195.892196514053,-1.1252241383876,0.301301772566114,-3.73454204668076,0.000188057072068563,0.000880340468217437
"Os02g0537200",714.863405680589,-0.901328552974731,0.241367757423295,-3.73425416301167,0.000188272291009529,0.00088120630967205
"Os02g0665600",356.265560995466,-0.812540265507404,0.21760034984603,-3.73409448138453,0.000188391767188017,0.000881623821958773
"Os01g0857300",1108.09997859842,-0.64014793617404,0.171471997029297,-3.7332506022232,0.000189024354526839,0.00088429996024588
"Os01g0700200",184.856587550969,-1.20445565339984,0.322634597397035,-3.73318814261458,0.000189071254662733,0.000884377301363331
"Os01g0292200",4335.62344583964,-0.440601919016793,0.118031534514534,-3.73291697705192,0.00018927499632408,0.000885059825256327
"Os10g0104900",2043.4978521401,-1.69022442653402,0.452817444499223,-3.73268399233883,0.000189450215402679,0.000885723097279952
"Os06g0226700",338.989823073331,-1.70626937897349,0.457227270986552,-3.73177517450326,0.000190135161546351,0.000888212411702414
"Os03g0188400",337.811629760677,-1.34759188180199,0.361183771264522,-3.73104217026144,0.000190689297668432,0.000890515350657486
"Os02g0625500",27421.010341888,-1.43365419775806,0.384296533496245,-3.73059362444672,0.000191029137278197,0.00089167343096901
"Os01g0167100",392.657518054455,-1.21991301783441,0.327012428949723,-3.7304790577913,0.000191116029631496,0.000891936060084681
"Os08g0551500",201.026894193827,-1.80856569157798,0.485170226536177,-3.7276930707188,0.000193240513522592,0.000900984667756154
"Os05g0550250",339.696242414266,-1.03964614241285,0.2789011593159,-3.72765084577971,0.000193272882673391,0.000900991338116616
"Os01g0704100",202.239603577155,-1.85984079721621,0.498940762065023,-3.72757837928229,0.000193328446530051,0.000901106117133188
"Os02g0291600",323.270606547104,-2.21492810318732,0.594237316832588,-3.72734602901306,0.000193506702888102,0.000901648352241168
"Os11g0421800",82.0614375376331,-3.28126513083854,0.880378568494847,-3.72710700630572,0.00019369023942471,0.000902359166937517
"Os03g0742900",12861.3276010889,-1.11166341109633,0.298277665463019,-3.72694150388592,0.00019381741833758,0.000902807238775912
"Os12g0137600",231.444522601832,-1.17254532230989,0.314643315059822,-3.72658583922867,0.00019409099135911,0.000903647937707436
"Os10g0147400",1128.50725310361,-1.74447896536945,0.468131083318444,-3.72647539873521,0.000194176014678183,0.000903899280603907
"Os06g0608050",165.816743623826,-1.3831305637853,0.371175526787014,-3.72635172301907,0.000194271268760192,0.000904198160273982
"Os01g0848200",1275.11781712442,-1.42299558310155,0.381880284169248,-3.72628711690935,0.000194321045345692,0.000904285312009786
"Os06g0711900",641.903023627249,-1.66879565785217,0.447863282706202,-3.72612741944042,0.000194444137690384,0.000904713560923369
"Os01g0513900",2375.17116120467,-1.54504498147708,0.414658286433418,-3.72606802282045,0.000194489938379461,0.000904782106307772
"Os11g0250400",18.3046541743251,-7.42609717854683,1.99309430507362,-3.7259136005973,0.000194609060683963,0.000905191673093497
"Os02g0229600",132.09743833295,-1.82194730625214,0.489063256119334,-3.72538170360436,0.000195019894467329,0.000906957739807979
"Os03g0580800",38.8579637845109,-2.77758783566517,0.745630051946688,-3.72515542850433,0.000195194914864957,0.000907581941643628
"Os01g0834500",14172.0433552048,-1.21613976469458,0.326473497264962,-3.72507960028244,0.000195253599868926,0.000907609790164861
"Os10g0516600",381.532601777323,-0.978992461997827,0.262829601933786,-3.72481811331306,0.000195456097142397,0.000908406074206973
"Os01g0584100",219.816495589798,-1.10077307653064,0.295711995943519,-3.72244985536836,0.000197299100588796,0.000915802423867853
"Os07g0155200",309.767120271226,-1.57812616649538,0.42401912353291,-3.72182781131778,0.000197785882546481,0.000917769354926483
"Os02g0805200",4873.8740102203,-1.28406083103666,0.345035104413907,-3.72153677875131,0.000198014018010345,0.000918681572805047
"Os10g0498900",1416.76056814093,-1.66978393740918,0.448798034727665,-3.72056873738857,0.000198774629293733,0.000921916667350229
"Os02g0143200",362.898341850311,-1.38621244889622,0.372591703710743,-3.7204597823584,0.000198860409302691,0.000922020831032156
"Os02g0815000",6226.20444702299,-1.16106522974389,0.312149813460306,-3.71957688160379,0.000199556798674944,0.000924466911121368
"Os04g0597000",3716.34409478756,-0.665464280651243,0.178928349198466,-3.7191662675718,0.000199881451129625,0.000925684567775147
"Os04g0673300",551.038679529443,-1.098313385063,0.295320449624301,-3.71905632156608,0.000199968464249483,0.000925684567775147
"Os04g0673700",783.580126978633,-1.06051388782747,0.285153956705711,-3.71909231097205,0.000199939977710523,0.000925684567775147
"Os02g0108100",58.814307020513,-1.98979932786618,0.53522181860328,-3.71770966486153,0.000201037122466836,0.000930187969570894
"Os12g0263800",9.09409684350604,-6.42717023902697,1.72967567055997,-3.71582392492472,0.000202542597378716,0.000936856023008732
"Os09g0338500",1930.93488060798,-1.88146314878582,0.506612137751426,-3.71381380070483,0.000204159032222889,0.000943883050705665
"Os10g0550500",79.6828061436706,-2.38956367091669,0.643447103445237,-3.7136909283174,0.000204258231620137,0.000944191781149467
"Os05g0219800",257.303760325707,-1.78759265127521,0.481506976618974,-3.71249584757267,0.000205225428878209,0.00094796826505038
"Os07g0117300",29.0656285118678,-5.77901632622935,1.5571326056359,-3.71131932201067,0.000206181810136595,0.000951723993469318
"Os03g0301200",1146.29697575023,-0.668845181699109,0.18022106694267,-3.71124859621364,0.000206239435338383,0.000951839118213057
"Os05g0451100",2802.15765650447,-0.555688834569938,0.14974557212037,-3.71088658383341,0.000206534628839706,0.000953050461269199
"Os04g0201500",75.9471918796598,-2.42983190520142,0.654816439342449,-3.71070693894215,0.000206681262844267,0.000953576003889537
"Os04g0450200",844.756266252619,-0.657023612480335,0.177094514721469,-3.71001673040913,0.000207245551251617,0.000955876614436109
"Os12g0189900",753.997568616987,-0.716589426134845,0.193238675571012,-3.708312655411,0.000208644941424371,0.000961721744881377
"Os09g0545100",28.9019404565386,-5.43798908892608,1.46653333631953,-3.70805692189274,0.000208855714631089,0.000962540927597179
"Os03g0852900",2344.40066064886,-0.812599912146443,0.2191861207027,-3.70735112944783,0.000209438460288977,0.000965073867173353
"Os04g0594100",510.11281507096,-1.41632200757834,0.382198632850995,-3.70572232823897,0.000210789132446332,0.000970529820569498
"Os05g0252100",383.705555613086,-1.81308553930074,0.489266157172821,-3.70572440525517,0.000210787404897685,0.000970529820569498
"Os08g0386300",1614.1226306551,-0.787902215945557,0.212639645975326,-3.70534014168262,0.00021110724077914,0.000971840826109725
"Os03g0818200",849.769565983952,-1.22540788337113,0.330983683616575,-3.70232112345057,0.000213635977273926,0.000982394904495701
"Os03g0770900",1089.26775766306,-1.77034276630314,0.478405940374562,-3.70050331088503,0.000215172271800595,0.000988990987906711
"Os09g0332600",104.878431312428,-1.27254342944104,0.344038410426178,-3.6988411493492,0.000216586094212788,0.000994704342479861
"Os02g0736900",46.2593358936285,-1.9031850313103,0.51463712606888,-3.69811063933147,0.000217210215788563,0.000997256172819569
"Os08g0237000",14902.7937172005,-1.23149335210639,0.333097894075902,-3.69709137766502,0.000218083858638488,0.00100110941539566
"Os08g0378300",11.2592748950616,-7.94541846653157,2.14993252281054,-3.69565946011401,0.000219316776839163,0.00100583068941035
"Os03g0861300",58.1696698616113,-3.9038184225307,1.05643480107212,-3.69527624285846,0.000219647845158972,0.00100717753845372
"Os02g0129800",493.935426450655,-0.994528875446596,0.269149940040793,-3.69507373955151,0.000219822980851121,0.00100782192196888
"Os03g0154700",27859.4333773907,-1.1032874464906,0.298624134503625,-3.69456892131138,0.000220260145621395,0.00100950833503089
"Os01g0896700",61528.0471036038,-1.01761426424185,0.275444479333841,-3.69444421867863,0.000220368261813521,0.00100958495049866
"Os01g0562400",198.24607932715,-1.61925226585746,0.438359231253458,-3.69389338791228,0.000220846424075679,0.00101155859734695
"Os07g0519100",197.265307873575,-1.17201516427508,0.317314331021645,-3.69354627161523,0.000221148247081826,0.0010124633314757
"Os04g0481500",104.746155129182,-1.99728214033167,0.540903453811426,-3.69249285849074,0.000222066578661127,0.00101634809111572
"Os05g0245300",1164.93503582796,-1.19324737174095,0.323164387828816,-3.69238510393364,0.000222160717164584,0.00101661917116075
"Os07g0573900",2303.09860787978,-1.67146463365403,0.452787420809545,-3.69149971230559,0.000222935648968979,0.00101968461901596
"Os04g0684300",1127.13903964616,-1.02727982000959,0.278288746351809,-3.69141703887269,0.000223008137602051,0.0010198559961129
"Os12g0169700",6891.83172355424,-0.746733196762389,0.202317989776406,-3.69088877161962,0.00022347184859815,0.00102165575743726
"Os01g0357900",1502.04607603769,-0.831124291786894,0.225196055068582,-3.69066985446872,0.000223664278383273,0.00102237499844258
"Os12g0604300",104.463271469538,-1.72982663755811,0.468783173181706,-3.69003568497884,0.000224222596336189,0.00102476623516989
"Os07g0685300",231.362634264131,-1.6003024832519,0.433751074654649,-3.68944903370222,0.00022474024426344,0.00102680975736428
"Os03g0721900",533.090414461625,-1.12214260428304,0.304159442126104,-3.68932358778395,0.000224851080414615,0.00102715500609167
"Os02g0830200",332.070202099087,-1.19662164920605,0.324476679306925,-3.68785100908331,0.000226156000782708,0.0010326301434296
"Os02g0622300",15435.887937832,-1.06442417407807,0.288635451923104,-3.68778044064265,0.000226218712891208,0.00103275456291233
"Os10g0420266",49.0405485658427,-2.45976530225163,0.66701524153076,-3.68771978374379,0.000226272629946952,0.0010328387976983
"Os08g0558400",4661.68191306792,-1.65448125265537,0.448664203942658,-3.68757132420312,0.000226404644417216,0.00103327943186306
"Os11g0171700",872.252963655827,-1.34038082860538,0.363494780546954,-3.68748301306691,0.000226483207494802,0.00103347602141392
"Os10g0146200",502.885337488692,-1.83367147584132,0.497490401398537,-3.68584292417809,0.000227946916832984,0.00103999218424098
"Os10g0153900",37.4816478414878,-4.94079984065368,1.34049943514199,-3.68579031898684,0.000227994011353249,0.00104004411006098
"Os03g0442900",1366.49417312268,-1.24478608434517,0.337741042462517,-3.68562279333677,0.000228144048664715,0.00104056554192856
"Os03g0852500",1497.30471308422,-1.15224354649305,0.312649103173462,-3.68542092332107,0.000228324968180327,0.00104122764224044
"Os05g0125100",296.648505162111,-1.94656388837272,0.528196633887605,-3.68530157802356,0.000228431990896324,0.00104155259728867
"Os03g0685900",5948.23104030381,-0.66141877790695,0.179546096832267,-3.68383824308279,0.000229748067936595,0.00104689770528079
"Os06g0266800",847.269641843121,-1.69830978760708,0.461074076020951,-3.68337730514675,0.000230164092508582,0.00104862933386028
"Os08g0425300",80.6538249254988,-2.01953161691383,0.54845828867758,-3.68219727663018,0.000231232364247154,0.0010530021753879
"Os01g0914000",1786.15242235688,-0.684287287535043,0.185843425990886,-3.68206345684029,0.000231353803718465,0.00105339047402894
"Os10g0115200",1211.8107364641,-0.700149128367983,0.19026636091274,-3.67983665115183,0.000233383402240379,0.00106196741250692
"Os01g0583200",2040.12982176434,-0.84719252453738,0.230304080959299,-3.67858233778801,0.000234533977218569,0.00106686949149628
"Os12g0438000",2767.41457926983,-1.472093820504,0.400229637056815,-3.67812296792761,0.000234956684781255,0.00106862542155235
"Os07g0658000",91.057470944348,-1.99397643162172,0.542141153084018,-3.67796545286925,0.000235101793086277,0.00106911842883488
"Os02g0327700",5498.71600880072,-0.369639949245221,0.100537625084262,-3.67663299123507,0.000236332671599403,0.00107421258971716
"Os02g0110500",20.0001482031072,-6.21536919759063,1.69110969530331,-3.6753199481101,0.00023755152522008,0.00107941574620989
"Os01g0149600",1739.0754838738,-0.861885071418972,0.234531107952388,-3.67492857959783,0.000237915958843412,0.0010807547937179
"Os01g0834600",6131.95062355442,-1.2165683960468,0.331045885866634,-3.6749237733675,0.000237920437556674,0.0010807547937179
"Os09g0560850",90.1606194292135,-1.39219696859259,0.378918939072117,-3.67412875165796,0.000238662372862553,0.00108395596108909
"Os04g0636100",1655.64968590622,-0.816906984794736,0.222346484912985,-3.67402698142241,0.000238757504113475,0.00108421070139095
"Os01g0860300",6429.39800430495,-1.22844461948154,0.334374833900989,-3.6738548925763,0.000238918447686919,0.00108461154069189
"Os07g0182400",2358.25778703845,-1.14637465008316,0.312055039368521,-3.67362966610947,0.000239129241233126,0.00108539927730535
"Os04g0635800",4580.15643323758,-0.637456136578002,0.173576041288939,-3.67248919749747,0.000240199308004443,0.00108974672810491
"Os01g0119100",1443.45819246515,-1.25496605168391,0.34175712966373,-3.67209911002802,0.00024056634506457,0.00109107196713446
"Os03g0699100",156.151136720708,-2.85913511320095,0.779035057824118,-3.67009813548912,0.00024245736775766,0.00109930615971331
"Os02g0785800",14619.950773804,-0.83939551465552,0.228725325558321,-3.66988444592459,0.000242660137333902,0.00110005425271449
"Os10g0106600",40.2983318488131,-2.51598756998032,0.685807713379717,-3.66864869101767,0.000243835866107433,0.00110486822666573
"Os08g0555200",6623.07138705944,-0.812488698490921,0.221477293607807,-3.66849659960936,0.000243980938521043,0.00110535359234751
"Os05g0465800",61.5926128274958,-3.2088114967103,0.875092679452104,-3.66682475131587,0.000245580977096,0.00111208353521843
"Os05g0386900",868.949991686039,-1.19955830472132,0.327141807023722,-3.66678388077235,0.000245620215131802,0.00111208829369843
"Os03g0340001",782.0133131261,-0.501968014963754,0.136899445135799,-3.66669137676797,0.000245709045932611,0.00111231755567379
"Os04g0414000",418.952689934801,-0.80527250716465,0.219623341823864,-3.66660711232813,0.000245789990578427,0.00111251105154258
"Os11g0482000",20922.4364897198,-1.00900747234602,0.275299575690101,-3.66512541770801,0.000247217403662683,0.0011182766743499
"Os05g0263500",471.495973555249,-0.654919871833793,0.178692677502384,-3.66506272661932,0.000247277969195195,0.0011183769248179
"Os11g0521000",605.728170287926,-1.82336855637491,0.497548122367849,-3.66470794362049,0.000247620985527956,0.00111975440070577
"Os04g0324100",19.9276461881009,-5.69600982232729,1.55443677442943,-3.66435606518513,0.00024796163443428,0.00112094671188996
"Os04g0115500",1192.25311769832,-0.884253376241244,0.241351456937263,-3.66375818676369,0.000248541440816965,0.00112330613973145
"Os09g0115400",29209.8518516863,-0.556542284814122,0.151952908201558,-3.66259712565617,0.000249671040930513,0.00112779898464067
"Os03g0713600",1100.20428126513,-0.846436652345859,0.231222949822747,-3.66069480989983,0.000251532223663656,0.00113514976251867
"Os05g0478300",912.703437428643,-1.5199531797644,0.4154003506195,-3.6590079365548,0.000253193499831011,0.00114227067478598
"Os03g0138900",64.6011992550737,-2.50764615432018,0.685354070806394,-3.65890604745319,0.000253294171636943,0.00114239319597507
"Os06g0112100",1390.60916768656,-1.96816369550522,0.537951452785043,-3.65862697333708,0.000253570103834207,0.00114328356771323
"Os08g0500300",2170.30020976602,-0.579265929259486,0.158348838180522,-3.65816343154413,0.000254029049972629,0.00114482110697971
"Os01g0764600",1700.42568019899,-1.09817596716006,0.300250479799814,-3.65753276361874,0.000254654716318899,0.0011471082209805
"Os01g0737800",2409.07631806538,-0.445616269206704,0.121864329177548,-3.65665877959637,0.000255524158359502,0.00115066870879008
"Os03g0128300",1281.39181139881,-1.79031897834958,0.489667763499109,-3.65619122148489,0.000255990428790739,0.00115259017737228
"Os10g0489900",1202.25378954143,-1.20528383819026,0.329698454532705,-3.65571576578532,0.000256465393155975,0.00115437174335213
"Os11g0602600",18895.2904545416,-1.05356232726239,0.288208820112125,-3.65555199473947,0.000256629186215261,0.00115493048384497
"Os02g0721100",111.631639979164,-4.57735944694679,1.25279777090754,-3.65370976325326,0.000258478435646338,0.00116235469470239
"Os03g0733600",195.302120471218,-1.79855182565984,0.492353252713369,-3.6529703332881,0.000259224190569853,0.00116552831214687
"Os09g0568400",9274.17575503989,-1.43139065903777,0.391860431533122,-3.65280733611599,0.000259388853143578,0.00116608863557383
"Os01g0161200",10.8190311669302,-7.72135044895948,2.11561006747452,-3.64970396372557,0.000262542704479738,0.00117935656946767
"Os05g0596700",159.056046604621,-1.32021263859669,0.361789849675485,-3.64911464426347,0.00026314565695973,0.00118188276094714
"Os01g0179700",4390.51628510536,-0.79654391333,0.218374479007257,-3.64760532893374,0.000264695813505191,0.0011879290308057
"Os07g0246300",3306.11882049247,-0.496288938754946,0.136077104262473,-3.64711566611292,0.000265200562761224,0.0011898275749087
"Os03g0319400",1092.10258493333,-1.10295497611462,0.30242220797746,-3.64707004651201,0.000265247633815109,0.00118985545162717
"Os06g0151300",1017.07162798957,-0.752248097737422,0.206267600033644,-3.64695229699053,0.000265369165907037,0.00119015724260654
"Os03g0335500",795.590043172901,-1.72593349822692,0.473288427134935,-3.64668434568517,0.000265645919428622,0.00119109168061591
"Os10g0357800",501.216780224721,-0.997682057190201,0.273590611849885,-3.64662387515554,0.000265708413829113,0.00119118848945989
"Os06g0731800",11023.9234915977,-0.543253946501822,0.149034073609051,-3.64516605730645,0.000267219200752217,0.00119704008065006
"Os04g0103300",12302.6601861877,-0.493033832661053,0.135260339295969,-3.64507316207616,0.000267315743679168,0.00119728838625419
"Os05g0556900",6755.20440787443,-1.10124089520829,0.30217493113263,-3.64438205075635,0.000268035019872045,0.00120014081314786
"Os12g0117600",328.206282276068,-1.2259492359848,0.336531488569912,-3.64289606655966,0.000269587710899584,0.00120606525286005
"Os11g0145000",460.899474949395,-0.854108790052897,0.234585844602622,-3.64092211744369,0.000271663312757659,0.00121470581822947
"Os10g0369500",404.573975534199,-1.03424924618689,0.284106979449926,-3.64035142040282,0.000272266184541373,0.00121702775536667
"Os04g0252400",368.651751077444,-0.933215085996621,0.256362808424552,-3.64021244630446,0.000272413183460236,0.00121749796327946
"Os06g0660700",3836.49340425651,-0.634430730589154,0.17431582005518,-3.63954763479484,0.000273117412999713,0.0012202708348232
"Os03g0232200",136.429883098431,-1.51076409944505,0.415150418365123,-3.63907642293724,0.000273617596891608,0.00122231809429014
"Os02g0778400",4862.14611184146,-1.32638564058711,0.364539073222759,-3.63852804271711,0.000274200774691315,0.00122438401489445
"Os09g0258600",26357.6517392242,-0.825805085845734,0.226956828500721,-3.63859986633145,0.0002741243272536,0.00122438401489445
"Os11g0106800",132.965036410815,-1.22518475409611,0.33672585489314,-3.63852295953014,0.000274206185878086,0.00122438401489445
"Os06g0226950",509.745011141984,-1.27278626494712,0.349828306344232,-3.63831697396923,0.000274425547167626,0.00122517565301481
"Os01g0181166",14.003754567528,-4.61160850207671,1.267681503699,-3.63782897251431,0.000274945893677958,0.00122712250048881
"Os03g0294900",1617.78153110733,-0.962046085131325,0.264489057591749,-3.63737575342828,0.000275429980462555,0.00122909468143281
"Os09g0407200",2856.23702563522,-0.394123049461361,0.1083683248664,-3.63688420899047,0.000275955905741537,0.00123087576765278
"Os03g0837300",3159.57330333098,-0.532858976343696,0.146653401924362,-3.63345799927998,0.000279647985915556,0.00124625949944708
"Os12g0628400",423.723004566967,-1.79713929649081,0.494610235732526,-3.63344542158376,0.000279661624506788,0.00124625949944708
"Os03g0253200",325.644392140248,-1.76299688034551,0.485219785556402,-3.63339858106544,0.000279712421380519,0.00124629515536161
"Os08g0336700",7.73199761155886,-6.79423094131734,1.87052111659261,-3.63226636740348,0.000280942900220222,0.00125158622307072
"Os01g0243400",746.21761296719,-0.59585391938547,0.164047535725431,-3.63220280481849,0.000281012129569488,0.00125170315651922
"Os09g0277800",1286.1345283611,-1.39577358771088,0.384366056779294,-3.63136536926919,0.000281925718534046,0.00125558048251239
"Os02g0221800",1319.1094043283,-0.584210186815449,0.160886485205857,-3.63119491402862,0.000282112014933564,0.00125621805793505
"Os01g0973200",411.288286192317,-1.66850701710109,0.45960380218171,-3.63031595731104,0.000283074489323176,0.00126031115702026
"Os06g0537700",181.123146910704,-1.74624410654132,0.481220149477816,-3.62878426523954,0.000284759077560869,0.00126723011258063
"Os01g0896800",20557.7740048407,-0.927104642462085,0.255489721982152,-3.62873557209809,0.000284812785070799,0.00126727546628446
"Os02g0184100",4759.7076366006,-0.968852203812844,0.26700012310405,-3.62865826633078,0.000284898071199709,0.0012674612938402
"Os04g0534400",1423.67065729039,-0.939649326756433,0.258995154973116,-3.62805754746249,0.000285561618812228,0.00127002526925011
"Os03g0801800",2227.69268283844,-0.530884483504102,0.146329566237887,-3.62800558460651,0.000285619084415279,0.00127008687988117
"Os10g0409400",364.585350625002,-3.0117517707096,0.830247873649954,-3.62753325397784,0.000286141930843381,0.00127183799053087
"Os10g0446800",12.2320478506152,-8.05820733162355,2.22140245338458,-3.62753148100016,0.000286143895129395,0.00127183799053087
"Os07g0250900",216.361767042607,-1.64470761885437,0.453449012450208,-3.62710596714547,0.000286615688428237,0.00127374058880011
"Os09g0382200",743.006772104761,-1.05832212498049,0.291793031232328,-3.62696161903141,0.000286775901513135,0.001274258133028
"Os01g0902100",285.561279470594,-1.47830077293222,0.407631702634887,-3.62655986611601,0.000287222252017436,0.00127585210848868
"Os02g0549200",2620.30180558877,-0.874141273713761,0.241144668429796,-3.62496620557983,0.000288999240397033,0.0012829627864089
"Os01g0752700",6638.14379170725,-0.754205331680191,0.208083134424732,-3.62453849883255,0.000289477898706895,0.00128489184059476
"Os07g0512100",670.326449334305,-1.44370649138484,0.39844741574878,-3.62333004136007,0.000290834333250175,0.00128973312820338
"Os05g0109600",3737.45389227076,-1.10255234146252,0.304323269425595,-3.62296430221575,0.000291246029837104,0.001291165608299
"Os08g0552333",164.95530860488,-1.49129038149166,0.411664057741938,-3.62259068637591,0.000291667156526608,0.00129283575835128
"Os06g0625700",169.818509036665,-2.13911648454822,0.590831505603207,-3.6205186491609,0.000294013056877198,0.00130283752927233
"Os07g0517400",203.747865615967,-1.45633585430387,0.402323355195417,-3.61981434957087,0.000294814460929428,0.00130579265873564
"Os01g0834100",820.942079006061,-1.54971542339159,0.428186360044479,-3.61925453027183,0.000295452923692787,0.00130822260054452
"Os11g0308800",275.315072732469,-1.49476403857736,0.413221315051602,-3.61734495325029,0.000297640514862144,0.00131650775726236
"Os09g0502000",6445.28886785156,-1.06728501124249,0.295106280251276,-3.61661232805253,0.000298483821972237,0.00132003733689833
"Os10g0571200",7371.5247370073,-0.994084662766103,0.274874851728898,-3.61649913229072,0.000298614318286507,0.00132041393518671
"Os04g0552000",1106.2493246334,-1.83797374325252,0.508295455508918,-3.61595549071415,0.000299241793552791,0.00132278681114821
"Os04g0599700",734.325613632699,-1.18758759051111,0.32849305058415,-3.61525940472486,0.000300047024206398,0.00132614500515081
"Os02g0768400",230.968877986688,-1.82163235803725,0.503968224131474,-3.61457780632223,0.000300837461658952,0.00132943680704583
"Os03g0231800",3719.95022016024,-0.859293448646284,0.237832219879579,-3.61302370671799,0.000302647021314249,0.00133682489833362
"Os08g0298700",139.860318510627,-1.6696889219921,0.462157438327849,-3.61281412679037,0.000302891830134781,0.00133770334807175
"Os02g0529700",3820.19781995926,-1.67907134796694,0.464761395777241,-3.6127599306284,0.000302955166456286,0.00133778019068081
"Os01g0971500",11095.9795766045,-0.688633167913914,0.190650791062822,-3.61201316855277,0.000303829133390609,0.00134143602525793
"Os04g0525200",70.5392907476694,-1.60021132894588,0.443047952897224,-3.61182422462765,0.000304050636336118,0.00134221049437327
"Os06g0160001",16.5249444599093,-6.3884933270491,1.76966543687378,-3.61000062154955,0.000306196271426816,0.00135131111606832
"Os03g0859100",54.3791942896166,-1.65237091465992,0.45777260613307,-3.60958889309247,0.000306682665411526,0.00135300902622549
"Os09g0452200",933.746972897324,-1.84594300315557,0.511500688723734,-3.60887686732438,0.000307525522393948,0.00135631656264676
"Os12g0217400",46.0334731280515,-3.62921355340854,1.00597198290498,-3.60766861809445,0.000308960746428947,0.00136202768051829
"Os03g0178000",91857.6018437813,-0.452247051307893,0.125365408987712,-3.6074309090494,0.000309243847431177,0.00136306936959145
"Os06g0692050",206.483003930734,-2.40652149325576,0.66714156619376,-3.60721264451513,0.000309504004754217,0.00136380324201124
"Os06g0142700",5502.25403708564,-0.400021926894884,0.110913876853803,-3.60659944672349,0.000310235994166055,0.00136620181795008
"Os05g0564400",2150.44487327334,-1.20868371726164,0.335197403932315,-3.60588627203599,0.0003110893672191,0.00136913171409319
"Os03g0581800",10698.4185406599,-0.807296955820397,0.223925960511215,-3.60519590483108,0.000311917542257854,0.00137105690232222
"Os07g0640300",111.662244134475,-4.43163950249497,1.22924592425752,-3.60516916513003,0.000311949661097511,0.00137105690232222
"Os08g0481700",55.3707800224853,-1.34924393429484,0.374386518798227,-3.6038795911399,0.000313502335219905,0.00137746152780237
"Os04g0619900",161.028590211975,-1.22840827781701,0.340866382497769,-3.60378242294119,0.000313619620405368,0.00137776898256828
"Os09g0108600",378.860043577733,-1.18167058848622,0.328033414346259,-3.60228725735513,0.000315429521089923,0.00138530214344454
"Os01g0264400",2156.62465125704,-1.00234543994933,0.278297060192469,-3.60171048611189,0.000316130313623462,0.0013880502582004
"Os09g0419200",982.544137062451,-1.13783201070602,0.315966442246589,-3.6011166331962,0.000316853383568602,0.00139092617369383
"Os01g0110200",987.303243248298,-1.88590841655374,0.523745492387375,-3.60081078303368,0.000317226387692827,0.00139193413626495
"Os04g0295500",119.161959301714,-1.54651243081717,0.429516831464611,-3.60058632753393,0.000317500387218867,0.00139292652554803
"Os02g0106001",7042.08931865535,-1.31107192220761,0.364211702173305,-3.59975232641963,0.000318520419363353,0.00139719109093231
"Os06g0695300",591.459135697237,-1.55298348428106,0.431455913795831,-3.59940247572072,0.000318949219849337,0.0013986506821943
"Os09g0556800",903.401403207817,-1.55974482761899,0.4333900167606,-3.59894037079441,0.000319516434919477,0.00140050536088576
"Os02g0438601",271.117820554831,-1.06227639364284,0.295215135665459,-3.59831277366015,0.000320288297071051,0.00140367731938347
"Os05g0103500",1661.01922480076,-0.91643700220223,0.254748944571757,-3.59741236118876,0.000321398735017317,0.00140833192313787
"Os05g0209600",2852.95657640031,-0.950319558137089,0.264175450042145,-3.59730458672628,0.000321531889592155,0.00140870342841925
"Os02g0574600",1356.85478042598,-1.65588776364741,0.460326943642745,-3.59719930913393,0.000321662009154975,0.0014090615268669
"Os02g0707000",79.1010748002869,-2.21438756698966,0.615632097857763,-3.59693325720856,0.000321991060083477,0.00141029081843149
"Os09g0252100",8184.22706021505,-1.03294436080149,0.287222325188269,-3.59632337118784,0.000322746551624029,0.00141317472205608
"Os07g0139600",7441.93757606385,-1.07115604611329,0.297898609883605,-3.5957067625519,0.000323512057166866,0.00141610072580993
"Os04g0638800",21.0705955701001,-4.43162916096512,1.23269389261428,-3.59507675629559,0.000324295950472785,0.00141889222801509
"Os06g0269300",346.078239109262,-1.43715533497525,0.3997555476047,-3.59508540553485,0.000324285176521449,0.00141889222801509
"Os02g0609800",72.2354305139697,-1.64909702243985,0.458728505482068,-3.5949303405657,0.000324478384519658,0.00141947716899226
"Os08g0389700",435.859603167104,-1.65922723070311,0.461560461345441,-3.59482098156,0.00032461470853575,0.00141986024962122
"Os05g0346300",13690.4451845847,-0.69481584998784,0.193328118540922,-3.59397202658219,0.000325674817867865,0.00142406937626846
"Os02g0728700",1322.73604248893,-0.686090622522712,0.19092136238817,-3.59357703056713,0.000326169162049752,0.00142580281255072
"Os08g0425700",350.739507572934,-0.925752440231695,0.25769449949871,-3.59244160054852,0.000327594085432027,0.00143138709016526
"Os04g0650300",3293.53638591971,-1.07473117082713,0.299205352247011,-3.59195169055625,0.000328210701984729,0.0014338661960995
"Os10g0497700",163.156355284611,-2.40205644800749,0.668844197893907,-3.59135424299293,0.00032896413875984,0.00143672670200421
"Os05g0420500",2347.63780916383,-0.556166770659066,0.154888840091778,-3.59074785716978,0.000329730502368302,0.00143982184328114
"Os12g0613500",4430.15566491779,-1.00380754954524,0.279583108644486,-3.59037266025134,0.000330205520756065,0.00144149980144778
"Os06g0301100",2224.02933795081,-0.482449754068638,0.134387798436809,-3.58998182632996,0.000330701017310061,0.00144323018523956
"Os08g0478000",2461.05025270667,-1.31059172357128,0.365103001446707,-3.58964927261104,0.00033112317442254,0.00144463956337576
"Os04g0619500",2981.43391251983,-0.485492548193685,0.13527107081738,-3.5890345604576,0.000331904842761488,0.00144757091350247
"Os08g0439000",670.685399149261,-1.60878586775993,0.448256715623534,-3.5889833028426,0.000331970099907933,0.00144757091350247
"Os02g0827100",1234.63776627506,-0.957235230774937,0.266776085731672,-3.58815981631029,0.000333020145158632,0.0014516109365828
"Os02g0215700",136.72659243477,-2.01857098457258,0.562598004509111,-3.58794551063838,0.000333293920092723,0.00145258688131402
"Os12g0283300",41.0459742035194,-5.19796093751498,1.44908853330864,-3.58705546144009,0.000334433210832473,0.0014571160930376
"Os04g0553500",998.932475248068,-1.50279281637197,0.41916431071429,-3.58521176054108,0.000336804807382007,0.00146635216034965
"Os05g0591550",11.833963097726,-4.94327091310197,1.37902149815709,-3.58462208146002,0.000337566640777987,0.00146908446491167
"Os05g0552400",132.371012330455,-2.20533650385614,0.615274088549166,-3.58431558373664,0.00033796325572145,0.00147051635038399
"Os02g0534800",12148.6369997937,-1.16146050798975,0.324068838478588,-3.58399318318441,0.000338380919762124,0.00147211370560391
"Os10g0546200",1817.55697846084,-0.41186477684274,0.11499358519949,-3.58163262870916,0.000341453719318161,0.00148348727644092
"Os08g0515700",1397.03012437941,-0.791561478123468,0.221042169411528,-3.58104284006446,0.000342225529280736,0.00148632053642917
"Os05g0549700",3442.53040174947,-0.825600743755492,0.230579621251247,-3.58054514651098,0.00034287809103048,0.0014887474637021
"Os06g0314000",235.053189013585,-1.06127493273011,0.296420762236775,-3.58029891267328,0.000343201376146298,0.00148974668000186
"Os05g0118000",208.889626987032,-1.03622651773052,0.289462966234932,-3.5798241523218,0.000343825503164586,0.00149223342819062
"Os08g0471000",21.245939263317,-4.61682921688681,1.29017029287937,-3.57846498432627,0.000345618161567597,0.00149979021027739
"Os08g0552400",222.137788685176,-1.08989392373567,0.304739964305093,-3.57647191506696,0.000348262712885179,0.00151059081391751
"Os01g0896400",1096.49421131821,-1.81445033932689,0.507473019674475,-3.57546168758054,0.000349610374138383,0.00151598471049106
"Os02g0619600",272.750466979131,-1.393550027654,0.389763386531096,-3.57537438304976,0.000349727068617167,0.00151626495344189
"Os05g0129000",9869.99146117215,-0.638534875582865,0.178600142994448,-3.57522040507389,0.000349932970094355,0.00151693181826255
"Os03g0141000",16621.1670326338,-1.22385982275448,0.342389278934867,-3.5744688810402,0.000350939546628611,0.00152084248168429
"Os07g0529700",2586.98464213963,-1.59940063907579,0.447450358476456,-3.57447615981729,0.000350929784603283,0.00152084248168429
"Os08g0302100",62.2900792690562,-2.99685984937707,0.838786393449794,-3.5728522455538,0.000353114021999507,0.00152958300590059
"Os01g0940100",1361.86329598015,-0.480230270445083,0.134422376366179,-3.57254709689771,0.000353525877086338,0.00153093717774414
"Os07g0228900",86.5315048339039,-1.97779301433269,0.553609338354881,-3.57254272518225,0.000353531780795595,0.00153093717774414
"Os11g0267300",1261.56568430585,-0.631882956515758,0.176886406633888,-3.57225277250164,0.000353923548419926,0.00153240582472273
"Os01g0805600",3209.23868140237,-1.61316349053575,0.451734329566054,-3.57104471578547,0.000355560180162478,0.00153903441835489
"Os06g0209700",192.300449523993,-1.5063958253307,0.421940778270877,-3.57015937521835,0.000356764099007328,0.00154332799930056
"Os04g0559100",284.579195849697,-1.25648631457212,0.352052045579232,-3.56903568762062,0.000358297621007455,0.00154904146659428
"Os01g0815800",17357.467670875,-0.927866348606819,0.259990558637164,-3.56884632069168,0.000358556660506017,0.00154993128503135
"Os02g0738400",1854.2685509257,-0.617198087908245,0.172953262000332,-3.56858310025435,0.000358917016877913,0.00155102854511331
"Os04g0501700",2391.68427097711,-0.655850877518491,0.18380348282116,-3.56821790018326,0.000359417547244755,0.00155250041691809
"Os12g0138800",204.896037650334,-1.84422043849905,0.516841823966584,-3.56824922632092,0.000359374587162547,0.00155250041691809
"Os04g0630000",2602.22969113459,-0.480416692175256,0.134647961635302,-3.56794626773839,0.000359790260335632,0.00155387986971589
"Os12g0224000",589.384038346343,-0.753942734816011,0.211340607210747,-3.56742958566494,0.000360500209399206,0.00155625364632726
"Os02g0197400",616.083382242795,-0.741991098514852,0.208026292226763,-3.56681403380507,0.000361347720813418,0.00155968109167457
"Os01g0753800",171.376840740961,-1.97699300938005,0.554283154517322,-3.56675643715286,0.00036142711696629,0.00155979260525968
"Os12g0149000",179.422444143575,-1.74613748525562,0.489624195238794,-3.56628104214502,0.00036208306536836,0.00156239191430692
"Os05g0151700",347.116420125848,-1.36209035339068,0.381978112583806,-3.56588586758839,0.000362629172944284,0.00156451655918273
"Os03g0773700",1701.64031245966,-0.80678048650971,0.226264080619336,-3.56565869536768,0.000362943459881431,0.0015655315326472
"Os04g0107600",152.054231548,-4.31979179401488,1.21150595001099,-3.56563811673868,0.000362971942463907,0.0015655315326472
"Os01g0267100",6149.76157575038,-0.587595933842448,0.164846889453878,-3.56449512507696,0.000364557226585349,0.00157190339837408
"Os09g0556300",2600.80373022004,-1.3030790134845,0.365580684163468,-3.56440881570709,0.000364677196760407,0.00157211571515519
"Os01g0778400",176.200067209323,-2.1130202910781,0.592828126334608,-3.56430506113581,0.000364821464656114,0.00157234433827369
"Os04g0137201",855.446807134144,-1.17954451543976,0.331021316646493,-3.56334911415819,0.00036615319590456,0.00157785045444401
"Os01g0102500",1221.38120901883,-0.741616467961506,0.208128710228257,-3.56325884664431,0.000366279182301458,0.00157815983828718
"Os02g0663100",1986.78715951318,-0.493826094630033,0.138707635886974,-3.56019401147048,0.000370580901314681,0.00159530673415294
"Os03g0174300",1040.08220247799,-0.42187676280027,0.118523054883076,-3.55944894616879,0.000371633767667422,0.00159957413272401
"Os12g0173300",576.478729419599,-0.857328864842454,0.240883359935529,-3.55910373000406,0.000372122546813819,0.0016014412307244
"Os05g0155100",21836.3306580349,-1.0801978208899,0.303631647353286,-3.55759299238348,0.000374268623820843,0.00160996319983908
"Os10g0160100",1058.75518748913,-1.92401521155743,0.540841437848193,-3.55744785239158,0.000374475410328429,0.00161061481311247
"Os02g0205200",150.593062119941,-2.23950625014873,0.629834537145923,-3.55570569422405,0.000376965878959815,0.00162012991839843
"Os07g0623600",2798.29848946375,-1.26325602125517,0.355385872891295,-3.55460393227722,0.000378548863967642,0.00162621330822624
"Os03g0102500",2634.79659137996,-1.65702319969649,0.466280416993219,-3.55370532260758,0.000379844562864411,0.00163129823915903
"Os01g0852900",1594.40608043844,-0.698508243513951,0.196598323625318,-3.55297151386288,0.000380905709844508,0.00163513208757249
"Os11g0266000",2262.03008842732,-0.666176935641488,0.187500752781871,-3.55292939232349,0.000380966705015712,0.00163515289365771
"Os09g0539000",1028.04608143058,-1.55447985281259,0.437575972043985,-3.55247991691905,0.000381618148064682,0.00163770759032415
"Os05g0135200",2007.94529072999,-1.38655452302703,0.390354289651961,-3.55204120918788,0.000382254988988039,0.00163971568556631
"Os01g0787400",394.244342486422,-0.683560439202951,0.192444013778469,-3.55199637433165,0.00038232012848363,0.00163975357609724
"Os02g0198400",1149.7766213036,-1.40965287307303,0.39704092214827,-3.55039693502075,0.000384650713837883,0.00164877805245611
"Os03g0839200",835.697569887482,-0.866398641011682,0.244035959973658,-3.5502908714978,0.000384805730282225,0.00164919977590566
"Os09g0528000",77.6221892632835,-3.94600668641147,1.11171220432563,-3.54948580312216,0.00038598427757176,0.00165400737661048
"Os01g0247900",153.462241997255,-1.84618443712691,0.520134915379033,-3.54943377677609,0.000386060555359083,0.00165409084789866
"Os06g0492300",11.8379320537593,-7.49639785746772,2.11204782874236,-3.54935042447951,0.000386182790668147,0.00165437117237979
"Os06g0184800",1298.31995734226,-0.820268169169972,0.231114211076201,-3.54918966406406,0.000386418646366214,0.00165513808199395
"Os10g0402400",110.68604754316,-2.28499129350759,0.643852194402283,-3.54893764962446,0.000386788654105613,0.00165647929189172
"Os05g0577800",1195.20378665591,-0.579190231927984,0.163207812857849,-3.54878986358604,0.000387005787632767,0.00165716549734472
"Os10g0562700",1180.4243942591,-0.904827895353515,0.255012793526904,-3.54816667367731,0.000387922658282476,0.00166035914969169
"Os07g0300900",1453.2947179774,-0.643310361100578,0.181340831116036,-3.54752074941653,0.000388875119015072,0.00166419121468875
"Os06g0676400",222.133776363387,-1.58493492900716,0.446787104979734,-3.54740526604735,0.000389045637476154,0.00166467632303564
"Os04g0590100",271.559950437344,-1.14711029177931,0.323400158269759,-3.54703070622021,0.000389599179578931,0.00166655512745265
"Os02g0744200",1147.19663720959,-1.77129734950678,0.499395078990042,-3.54688587057963,0.000389813421740824,0.00166722668056048
"Os08g0383250",390.299525186675,-0.938543751730753,0.264794667726874,-3.54442088954308,0.000393476566581536,0.00168165902142464
"Os12g0176300",202.943028729474,-1.68585119179108,0.475912926693409,-3.54235217669794,0.000396575625607057,0.0016941580415034
"Os06g0134300",536.241224569609,-1.03364487159816,0.2918362298054,-3.54186617709325,0.000397306983650931,0.00169703343764776
"Os01g0649100",22839.1784010193,-0.92910115151778,0.262340530764249,-3.54158447728655,0.000397731477198933,0.00169834839867849
"Os10g0335200",647.623300739935,-0.48021780011257,0.135593132218733,-3.54160857747502,0.000397695144046808,0.00169834839867849
"Os01g0296000",254.615903876495,-0.791330814227355,0.223496384801461,-3.54068731326602,0.000399086239506054,0.00170346357659241
"Os01g0839900",1811.28552321602,-1.59741519252426,0.451161203488041,-3.54067499637433,0.000399104868590414,0.00170346357659241
"Os02g0724300",466.278579637895,-1.12738508851363,0.318427013900533,-3.54048192929318,0.0003993969853891,0.00170446058155061
"Os08g0489100",152.173008450756,-1.72802029280969,0.488197743808487,-3.53959090291816,0.000400747727487291,0.00170997440584394
"Os01g0719800",301.925975665345,-1.88093530683987,0.531415566781183,-3.53948100962269,0.00040091461439657,0.00171018535234465
"Os08g0542700",1656.29813206627,-0.742301568476754,0.209730769316099,-3.53930694526745,0.000401179086073922,0.0017110628800007
"Os11g0695800",60.5729786354743,-4.34552982868468,1.22871088118089,-3.53665772415745,0.000405224457905521,0.00172730483945032
"Os03g0775700",1761.62990134743,-0.958345771048822,0.271007771001137,-3.53622985609811,0.000405881377448138,0.00172985181824158
"Os01g0236000",467.28350149894,-1.36260251907707,0.385339293781394,-3.53611100935396,0.000406064023121948,0.00173037700927091
"Os03g0591300",457.988164865995,-1.17189192802071,0.331541326306961,-3.53467828905195,0.000408271901828537,0.00173953099122907
"Os05g0347400",701.568633580591,-0.938331953261026,0.265556928824294,-3.53344933387851,0.000410174699940884,0.00174716204226048
"Os03g0228500",934.739323877051,-0.491262046649757,0.139042843361849,-3.53317031478766,0.00041060785900393,0.00174820498098135
"Os05g0410500",522.995375367599,-0.976524787690076,0.276385797010753,-3.53319453550677,0.000410570240978694,0.00174820498098135
"Os06g0664800",125.950954761111,-1.56439431643225,0.442878939994957,-3.53232943623388,0.000411915853946843,0.00175300504144965
"Os08g0421500",6.9340338810235,-5.96703867505919,1.69011252760012,-3.53055703547273,0.000414685597549145,0.00176273156792092
"Os03g0831100",2794.89457647843,-0.531399894579629,0.150518493983593,-3.53046247351873,0.000414833857859852,0.00176310443791515
"Os01g0211800",451.475604304436,-1.64220746887477,0.465191458715439,-3.53017545380023,0.000415284169056588,0.00176476077210944
"Os01g0624700",122.049895541238,-1.55908788188903,0.441684853692031,-3.52986494523564,0.000415771846471432,0.00176606005147915
"Os02g0721700",1460.2639318085,-0.691690703739939,0.195958416596732,-3.52978308231276,0.000415900507507882,0.00176609136477756
"Os04g0512400",2033.44845663538,-1.33119456626739,0.377173148890696,-3.52939908416749,0.000416504520140005,0.00176839840144587
"Os05g0368300",4640.23243016258,-1.22758368787712,0.347894909268965,-3.52860491823999,0.000417756309232767,0.00177319621592722
"Os01g0911000",1080.11193445908,-0.575412333298142,0.163081925617064,-3.52836361921112,0.0004181373476813,0.00177455491681358
"Os04g0685500",361.199610713249,-0.859119578503771,0.243505077913834,-3.52813824608527,0.000418493530450058,0.00177554903755341
"Os10g0531900",121.088169468444,-2.17498622682179,0.61651975789862,-3.52784513222275,0.000418957195506651,0.00177699846308545
"Os02g0694900",10.3640170750472,-7.60764288973507,2.15687357571342,-3.52716217371189,0.000420039401961937,0.0017810989170953
"Os03g0780200",748.100889334137,-1.69917977305823,0.481745992960142,-3.52712798422552,0.000420093646695126,0.0017810989170953
"Os10g0478000",376.015472001039,-1.47766972831842,0.418945207869474,-3.52711929999877,0.000420107426053417,0.0017810989170953
"Os03g0343800",71.9058722351936,-2.74187465938344,0.777577294901234,-3.5261763394618,0.000421606145561495,0.00178719274687654
"Os01g0587900",13.1001601545873,-7.53089118570289,2.13580394638131,-3.52602175797196,0.000421852309587631,0.00178797598017916
"Os03g0366000",2947.04330362488,-0.975332141691312,0.27661917406568,-3.52590215405578,0.000422042865501094,0.00178806829830213
"Os10g0169800",2644.86632183094,-0.521775551535782,0.147981679614062,-3.52594694759905,0.000421971489908982,0.00178806829830213
"Os01g0174500",280.710549283702,-1.24079924142939,0.352035779348371,-3.52463957989198,0.000424059338543312,0.00179550102603349
"Os03g0113000",1010.06029308652,-1.20839343074781,0.342876173860007,-3.52428521685846,0.000424626910929166,0.00179764281146666
"Os02g0785700",428.773377246784,-1.26890070372161,0.360089837925557,-3.52384480226274,0.000425333298086783,0.00180010991235043
"Os01g0210400",21.3037931646273,-7.02446381201639,1.99364864011318,-3.52342116393067,0.000426013812779381,0.00180220427887291
"Os06g0681600",3996.35772953992,-0.933026802652591,0.264832896530193,-3.52307743817701,0.000426566706212176,0.00180428113555715
"Os03g0293500",12813.0851368603,-0.967407381440482,0.274629572585617,-3.52258998305395,0.00042735194165024,0.00180655294596288
"Os04g0602500",130.715783629085,-1.79600199834479,0.509905431585952,-3.52222566596066,0.000427939696637172,0.00180825012267379
"Os11g0658800",1529.37044477721,-0.653047313273111,0.185451124164316,-3.52139851519308,0.000429276947292921,0.00181363749587472
"Os07g0638500",304.468399996569,-2.00987616242996,0.570964074353681,-3.52014470385916,0.000431311419218195,0.00182170430028605
"Os09g0110100",1166.98396187424,-1.26949540988769,0.360644169938873,-3.5200774494784,0.000431420802175012,0.00182190205930115
"Os08g0393700",16.5816935402986,-7.73924057738291,2.19895733867879,-3.51950464943212,0.000432353458019083,0.00182478223252634
"Os08g0559200",16650.046557694,-1.06810399736551,0.303501888028798,-3.51926640161185,0.00043274193662825,0.00182615717700158
"Os04g0473400",14622.935097029,-1.19965021615848,0.34091293904848,-3.51893424610639,0.000433284081731174,0.00182818009680893
"Os08g0490100",1657.57251917422,-0.685895190154915,0.194926908589318,-3.51873014925812,0.000433617523604066,0.00182932196471065
"Os02g0247100",142.914516904656,-1.52939245582952,0.434660232283802,-3.51859301181926,0.000433841705532415,0.00183000262869568
"Os06g0189600",1459.95724978763,-0.655988956656785,0.186477017187813,-3.51780056625475,0.000435139256266802,0.0018346786478937
"Os02g0298900",262.455455271637,-1.12803324043723,0.320668674369661,-3.51775315332753,0.000435217004966555,0.00183474082493283
"Os01g0777300",406.723238304674,-1.57386717498552,0.447465410088213,-3.51729349241821,0.000435971439062934,0.00183765526825746
"Os04g0504600",2451.19227443163,-0.462187586712773,0.131450540135269,-3.51605696132674,0.000438007001733495,0.00184543401395874
"Os05g0528900",3268.20372739505,-0.931646803788135,0.265021914241321,-3.51535761280407,0.000439162185266617,0.00184976586047648
"Os01g0243100",1448.15941652947,-0.970853025389248,0.276189962115575,-3.51516404851449,0.000439482416805599,0.00185084699092012
"Os05g0552300",7735.32521944706,-0.907033312410136,0.258056909499901,-3.51485768843746,0.000439989702528307,0.00185244760980618
"Os01g0360200",3630.46861310138,-1.27017681089561,0.361466665999437,-3.51395282157939,0.000441491217682529,0.00185850061308913
"Os10g0376900",1372.02349525729,-0.978530841605083,0.278503937848272,-3.51352605340246,0.000442201045585,0.00186095470058149
"Os02g0162200",57.2265490570168,-2.9044175370553,0.826674267839072,-3.5133760055789,0.000442450867652813,0.00186173301080555
"Os03g0352800",4504.23889267478,-0.858670713473901,0.244493728492695,-3.51203574327902,0.000444688187909841,0.00187060658794026
"Os11g0455800",30640.6424540287,-0.936424038233261,0.266649067065776,-3.51182191836534,0.000445046104299717,0.0018718418037863
"Os03g0783800",183.970515498794,-1.64493730338861,0.468436120281088,-3.5115509504296,0.000445500057291263,0.00187321003009474
"Os06g0664100",154.867040069361,-2.59924928959771,0.740332580214386,-3.51092111716199,0.000446556888200619,0.00187738266178409
"Os03g0170100",212.081720812803,-1.2392490760859,0.353008979378387,-3.51053131358894,0.000447212132191719,0.00187959470539576
"Os01g0679500",185.120636414496,-1.74150912408505,0.496297958381405,-3.50899917010478,0.000449796308287116,0.00188969278193239
"Os04g0320200",3744.47597466733,-0.564179049130819,0.160786295512279,-3.50887522679278,0.000450005964289141,0.00189024573662604
"Os05g0597100",17358.5045636574,-1.03314697690153,0.294480889093701,-3.50836680805046,0.000450866933488042,0.00189304308492485
"Os10g0452700",90.5221912481033,-2.06848158298304,0.589659529617241,-3.50792530110677,0.000451615839428493,0.00189564088726385
"Os08g0503000",1273.06076195855,-1.38471727922986,0.394744213579684,-3.5078849330627,0.000451684371597503,0.00189565532060275
"Os08g0392700",6.72833552188715,-5.97000873408371,1.70190764433952,-3.50783355015752,0.0004517716175553,0.0018957482775858
"Os03g0170600",478.243607095251,-1.75259229229432,0.499645754403642,-3.50766973770475,0.000452049869042228,0.00189664259994925
"Os10g0465800",13308.9382542558,-1.06324049114938,0.303195629382609,-3.5067804021926,0.000453563285640018,0.00190244418902616
"Os03g0807800",24909.5241396428,-0.895973892715617,0.255543570657604,-3.50614922695946,0.000454640248182359,0.00190641228330693
"Os10g0387000",5372.60912848242,-0.424271568951869,0.121071146485632,-3.50431610889402,0.000457781608273857,0.00191820374045342
"Os02g0752200",2199.89527109994,-1.45503435372908,0.415227197445918,-3.50418846038763,0.000458001108297366,0.00191884739977498
"Os04g0623650",85.2754027904269,-1.8155462036813,0.518134833753648,-3.50400337018167,0.000458319557558525,0.00191990537330543
"Os06g0218800",196.166671458083,-1.49452082870945,0.426642616417657,-3.50298064749914,0.000460082888599767,0.00192673768792097
"Os02g0626100",289016.637154908,-1.10245794236232,0.314788486396378,-3.50221812424905,0.000461401712943866,0.00193198284462276
"Os03g0337500",2428.30944559799,-0.992651933552652,0.283452752914717,-3.50200138592873,0.000461777216637881,0.00193310928122472
"Os03g0288900",973.084042673786,-1.20830241869964,0.345093099655979,-3.50138098937414,0.000462853643525624,0.00193722676153395
"Os01g0636500",514.344221733946,-1.5823084235635,0.451972667214514,-3.50089405475599,0.000463700144982911,0.0019393760767187
"Os03g0711650",80.0499652455372,-2.15126774679534,0.614529340138093,-3.50067540520021,0.000464080721530027,0.00194068908276816
"Os07g0298700",98.0717347648424,-1.1402952127137,0.325785393927824,-3.50014222235614,0.000465009989865281,0.00194429589732329
"Os04g0446500",4365.00657014919,-0.925251093416687,0.264459803498183,-3.49864546966225,0.000467627920631828,0.00195468068101623
"Os02g0696900",170.559942600361,-1.00660802114749,0.28772332303927,-3.49852771931909,0.000467834456997212,0.00195498278901892
"Os10g0524600",568.574761324034,-1.42070581256384,0.406246976172066,-3.49714803036984,0.000470260806808498,0.00196371310809823
"Os09g0250150",523.886117593262,-0.772054251695261,0.220817719603358,-3.49634192890886,0.000471683861627222,0.00196909079964277
"Os08g0434632",1399.41995119535,-1.21754331745938,0.348260840079181,-3.49606725000306,0.000472169684207529,0.00197083639723257
"Os03g0836000",5303.80118722254,-0.387509750102932,0.110847342171205,-3.49588670790516,0.000472489261896686,0.00197188768772647
"Os07g0619700",1829.54857150435,-0.604852817054883,0.173024239563263,-3.49576925511485,0.000472697273479112,0.00197247313343727
"Os02g0194200",3375.74186553731,-0.499021316526213,0.142774055295351,-3.49518205877047,0.000473738493399561,0.00197566619880935
"Os02g0639600",926.106939004412,-1.54012163690617,0.440645049964842,-3.49515247482991,0.000473791008380536,0.00197566619880935
"Os09g0562700",410.129181822721,-1.03029174747652,0.294777846777488,-3.49514645940892,0.000473801687126038,0.00197566619880935
"Os01g0686800",15607.6571263771,-1.10367852554211,0.315850113776303,-3.49431099563821,0.000475287009029345,0.00198100877013777
"Os03g0137700",160.725896879747,-1.38528244486505,0.396601185970824,-3.49288528090019,0.000477831738021675,0.00198966993385303
"Os09g0510500",18.7082627975261,-7.74272115143324,2.21671621220995,-3.49287883978353,0.000477843263421747,0.00198966993385303
"Os03g0748200",2701.12486487187,-0.41618565418526,0.119182883576982,-3.49199181706693,0.000479432934849073,0.00199571840032515
"Os06g0677000",161.019665243155,-1.83747583288396,0.526221013927063,-3.49183286918041,0.000479718312793593,0.00199662093828427
"Os01g0136500",8.20368080360117,-5.83095631820871,1.67008071378062,-3.49142186368285,0.000480456974292107,0.00199883139136754
"Os05g0528000",3411.27552761101,-0.664669481596236,0.190373105187002,-3.49140431860549,0.000480488530005356,0.00199883139136754
"Os05g0566600",1725.68886688764,-0.644077401493497,0.184480829408618,-3.49129719092323,0.000480681246525272,0.001999200123009
"Os03g0275500",7740.96943063255,-0.475171905942269,0.136112809172102,-3.49101534846333,0.000481188609247197,0.00200102451499313
"Os04g0543600",406.786584739976,-1.53240761127526,0.438973641489403,-3.49088753045838,0.000481418867236632,0.00200169620954671
"Os02g0718600",1716.73988139302,-1.89133656685841,0.54181345515142,-3.49075230390844,0.00048166258323526,0.0020021378459859
"Os07g0503500",12.3379359475698,-6.50114475092908,1.86245127823515,-3.49063883007428,0.000481867183559027,0.00200268678993692
"Os02g0202500",2930.70447553333,-0.670958039323969,0.192242812959994,-3.49015928862628,0.000482732721808699,0.00200544113045833
"Os04g0586200",1673.02016716408,-1.24985669189677,0.358140906353185,-3.48984623014331,0.000483298552194383,0.00200750541106901
"Os01g0652000",19.1981722786186,-2.64006655064254,0.756671242223509,-3.48905363825457,0.000484733870966269,0.00201227764746576
"Os03g0410900",2140.63614630786,-0.946162402906698,0.2711816792669,-3.48903512016192,0.000484767453188326,0.00201227764746576
"Os01g0857500",395.385116857112,-1.19813066755988,0.343453891031254,-3.48847603374758,0.000485782368430299,0.00201580993636751
"Os07g0230700",655.994441649343,-0.889547863283971,0.255026600251586,-3.48805913738576,0.000486540454017443,0.00201838049884558
"Os09g0455200",769.400317221895,-1.70264403623894,0.488230113121453,-3.48738021371367,0.000487777372637591,0.00202322356444266
"Os03g0804800",8391.96599170568,-0.72364776534863,0.207563106052526,-3.486398807144,0.000489570563583205,0.00203008314860745
"Os08g0527800",11.5138192540134,-7.49266710607232,2.1493934945026,-3.48594481430968,0.000490402161033252,0.00203324198940922
"Os10g0577400",859.448269075056,-1.56543810879968,0.449220756519447,-3.48478578979445,0.000492531172181171,0.00204119721022628
"Os02g0221400",203.028593890588,-1.32381574649791,0.379983502616948,-3.48387689828845,0.000494206740336541,0.0020472672392718
"Os03g0687000",6527.1705688568,-0.763891106747327,0.219290084237554,-3.48347308727289,0.000494952881835845,0.00204977500353008
"Os05g0139300",87.9131273039584,-1.38262035007851,0.396969765818143,-3.48293615567667,0.000495946623768241,0.00205359840429102
"Os09g0345500",368.814752971399,-1.27123981450684,0.365001377495424,-3.48283566278536,0.000496132820496672,0.00205407733842822
"Os03g0149800",662.253063954358,-0.699134629488881,0.200798587823914,-3.48177064921379,0.000498110124612684,0.00206197058265396
"Os03g0241200",10538.1485863101,-0.724807507027724,0.208183824387719,-3.4815745611333,0.000498474981733766,0.00206260136658862
"Os01g0601200",488.473754305717,-1.1476924108676,0.329705154931131,-3.48096592880791,0.000499609039234492,0.00206670659667427
"Os02g0676500",199.589418724092,-1.43845412371094,0.413268000606829,-3.48068111152753,0.000500140561786528,0.00206831772796752
"Os03g0703000",15635.2806446119,-1.2186657907438,0.350149798523743,-3.48041265733063,0.000500642030371315,0.00207009757326046
"Os10g0532200",220.161750510402,-1.95966954351963,0.563127959962342,-3.47997201852786,0.000501466153675928,0.00207291658301638
"Os12g0502300",964.696405411973,-1.20211891634169,0.345600123418829,-3.47835210372555,0.000504506752183102,0.00208459784862036
"Os05g0148300",752.77900010257,-1.12793971478292,0.324303226687665,-3.4780403707461,0.000505093847053122,0.00208672762290836
"Os09g0498800",3393.95129605089,-1.43706208485637,0.413223537325412,-3.47768690563405,0.000505760307656853,0.0020888883391835
"Os03g0853900",1132.65670297652,-0.578074743107171,0.166250303651796,-3.47713496101591,0.000506802642356208,0.00209230316851396
"Os04g0105200",788.956767525847,-1.14721042317946,0.329943961742511,-3.47698565877906,0.000507084940122857,0.00209317188182252
"Os12g0443700",13517.9864324456,-0.642906774531334,0.184910361411761,-3.47685640557319,0.000507329447949398,0.00209388437970272
"Os03g0264600",185.327661242312,-1.64729354397093,0.473807486091135,-3.47671489439928,0.000507597270165904,0.00209439610396309
"Os03g0851100",11091.2866848579,-0.908461056681224,0.261349874002734,-3.47603403348769,0.000508887702362728,0.0020991257320407
"Os08g0553200",97.1597978326387,-2.11464418566956,0.60839864097374,-3.4757542888082,0.000509418786883239,0.00210075842217675
"Os11g0672400",49.3602665693607,-1.87932221191176,0.540701427948317,-3.47571157531953,0.000509499922252399,0.00210075842217675
"Os04g0691500",5832.716434599,-0.315522489929125,0.0908114128818252,-3.47448057371072,0.000511843424309715,0.00211012233900729
"Os03g0232400",17.2213667676888,-7.39077233297694,2.12730498058276,-3.47424201063652,0.000512298746143407,0.00211140165372039
"Os07g0604700",1862.26039784077,-4.92837349632613,1.41887620586759,-3.47343445181859,0.000513842857871455,0.00211686684211805
"Os02g0824300",2172.07227723547,-0.857803238363496,0.246992637583436,-3.47299112538819,0.000514692373927381,0.00211946709749904
"Os12g0616000",408.076390885917,-1.67790541821963,0.483215790437378,-3.47237290548988,0.000515879212191075,0.00212375380512136
"Os09g0471900",3081.96696255625,-0.451059381577503,0.129904612709861,-3.47223529764053,0.000516143734083452,0.00212454244861884
"Os12g0235300",1256.97707644895,-0.700783165073238,0.201882323649191,-3.47124578519803,0.000518049588163921,0.00213148348495475
"Os03g0409600",46.8291891399884,-3.45913820518901,0.996892408988845,-3.46992130143477,0.000520610881752679,0.00214111426329636
"Os05g0548900",4509.16130027991,-1.75661336224706,0.506509875372427,-3.46807327489017,0.000524204331742221,0.00215414957711536
"Os11g0594200",2279.21321870797,-0.4934269134808,0.142277375853659,-3.46806307412022,0.000524224230925642,0.00215414957711536
"Os04g0367201",13.5626537386624,-7.21580754784653,2.08068313833708,-3.46799924260142,0.0005243487664441,0.00215435733301144
"Os03g0192700",5702.08854541559,-1.11420398363409,0.321324369939291,-3.46753650787396,0.00052525238828337,0.0021577655595413
"Os02g0634800",2987.59390533679,-0.500375184777929,0.144312669680522,-3.46729906588005,0.0005257166248459,0.00215906353811343
"Os08g0126100",35.8596493213136,-3.53822699239438,1.02054895562561,-3.46698409017075,0.000526333042123791,0.00216129030636337
"Os01g0153100",9043.69821626709,-0.887250622208538,0.255953019271071,-3.4664589022444,0.000527362349330758,0.00216460131602683
"Os12g0583500",1695.21427460529,-0.985852782062066,0.284446483054827,-3.46586384712671,0.000528530854744677,0.00216848063565434
"Os06g0144000",451.411992920503,-0.670408149243858,0.193435922893895,-3.46578928677894,0.000528677438337818,0.00216877649799604
"Os09g0476800",166.639099119195,-1.69244386152251,0.488360109206434,-3.46556532693193,0.000529117965071576,0.00217027794067809
"Os03g0793900",343.318833369589,-1.20452080123664,0.347572445628728,-3.46552442918127,0.00052919844745665,0.00217030237809218
"Os07g0641000",309.28529254545,-1.03557761851977,0.298839104643772,-3.46533503289076,0.000529571307797231,0.00217121999516696
"Os07g0208000",14649.2774663134,-0.932587945437079,0.269287238437459,-3.46317170783297,0.000533847601944888,0.0021869053121169
"Os03g0165900",12.3867715917712,-6.93731018242754,2.00364290462985,-3.46234858836242,0.000535483114739198,0.00219329666208649
"Os02g0141100",1647.81989768312,-0.76272317612166,0.220327083996372,-3.46177674703951,0.000536622092757195,0.00219734372683845
"Os10g0545200",1841.23365357187,-0.950832655694174,0.274686676616766,-3.46151719990681,0.000537139796103517,0.00219915438522798
"Os12g0108500",1254.02355969574,-0.698638491807906,0.201887429558852,-3.46053487993044,0.00053910338832349,0.00220595319302468
"Os05g0583600",121.736418153139,-1.81741400142497,0.525198129069307,-3.46043502600738,0.000539303363696628,0.00220646144388497
"Os01g0222300",199.280235074204,-1.36605307854232,0.394835727995171,-3.45980108101825,0.000540574565229007,0.00221043710565078
"Os04g0553300",228.227792039405,-1.28225036067295,0.370640340174501,-3.45955424082886,0.00054107028972271,0.00221182607766771
"Os05g0296800",32.4664313683077,-3.16371862058988,0.914515066646683,-3.45944942404341,0.000541280919375793,0.00221206608673335
"Os11g0178800",1778.55010546854,-1.44087962213828,0.416569146473366,-3.4589206481964,0.000542344661322752,0.00221548060415783
"Os01g0885300",3300.17600434076,-0.740217472497122,0.214044545024749,-3.45824030419245,0.000543716179057221,0.00222046032344754
"Os06g0551500",59.8158652001628,-1.75874324800066,0.508666963012668,-3.45755351907307,0.000545103958295423,0.00222550364131211
"Os03g0157900",7244.93446221114,-0.711977767916931,0.205942765687226,-3.45716328292027,0.000545893973755685,0.00222841663915238
"Os07g0150200",11597.8955664174,-0.914885767336594,0.264644318250234,-3.45703914365366,0.000546145511633835,0.0022291309866574
"Os03g0186900",1700.60443495479,-1.5405238827389,0.445727871358233,-3.45619823603262,0.000547852250401542,0.00223551401560241
"Os01g0303200",1513.72217504487,-0.485530407338687,0.140505415216214,-3.45559924926407,0.000549071005906082,0.00223918860579707
"Os05g0539700",15957.4349428747,-0.489794133805623,0.141738916834922,-3.45560799209484,0.000549053198761496,0.00223918860579707
"Os02g0796900",2270.98083301262,-1.27976330211143,0.37037882706767,-3.4552820209607,0.000549717491358175,0.00224151117100711
"Os03g0424800",18850.0308437892,-1.06187004162285,0.307324778019708,-3.45520477868777,0.000549875012130446,0.00224183957766524
"Os02g0234450",265.562270536841,-1.29925939026977,0.376058448708741,-3.45494003586674,0.000550415223320926,0.00224341387453492
"Os01g0732100",1073.51174007399,-0.712510029098257,0.206244721983269,-3.45468248712836,0.000550941229262135,0.00224461534395242
"Os05g0160800",630.889725534291,-1.53074653414602,0.443143940554618,-3.45428740880494,0.000551749029584304,0.00224759200441378
"Os02g0784100",27.8353107606659,-5.04909377267034,1.46175530803745,-3.45413062289423,0.000552069908943257,0.00224858459975462
"Os05g0517900",2120.07024956025,-0.717815950311401,0.207821561356125,-3.45400133473805,0.000552334641930577,0.00224934826490033
"Os04g0551300",1388.59404211378,-0.789244182346676,0.228564673413673,-3.45304534843074,0.000554295811311118,0.00225544259005203
"Os01g0756300",50.2158595651961,-1.85679429157326,0.53798347820637,-3.45139649597381,0.000557693617825398,0.00226800077339914
"Os05g0358200",1092.22796120586,-1.3845731629283,0.401190260815502,-3.45116344577724,0.000558175428429181,0.00226964323187861
"Os05g0578600",1623.84843181575,-1.62904746727561,0.472040424658757,-3.45107618368335,0.000558355934805922,0.00227006024478822
"Os02g0829100",1042.97597145652,-1.82889242123544,0.530012650754031,-3.45065805247014,0.000559221616569909,0.00227294513855532
"Os02g0830700",200.955888539337,-1.88986121323106,0.547857068639403,-3.44955157359658,0.000561518459772101,0.00228037102014825
"Os03g0806900",9992.60820006063,-0.726322976389236,0.210606533642978,-3.44872005547797,0.000563250314820556,0.00228644768165657
"Os06g0656300",202.189175965066,-1.45363856042021,0.421533264689029,-3.44845515689629,0.00056380307971282,0.0022883725836093
"Os12g0529900",995.132012516728,-1.15215426370026,0.334121969138691,-3.44830442209566,0.000564117844091863,0.00228932065905813
"Os03g0659800",651.995059115206,-1.48871095852143,0.431739892533859,-3.44816632483105,0.000564406362414079,0.00228954479540644
"Os06g0703800",1827.4543944756,-0.473303821675965,0.137261150397728,-3.44819943811137,0.000564337168303283,0.00228954479540644
"Os11g0543500",124.022320731245,-2.9852861848549,0.865970475680676,-3.44733021354843,0.000566156136381347,0.00229600320341144
"Os01g0309100",675.647362412631,-1.48625338378244,0.431174031900783,-3.44699187293459,0.000566865634234361,0.00229824042881429
"Os11g0221000",135.440109905029,-2.1778658553238,0.631813353990715,-3.44700826845107,0.000566831233872117,0.00229824042881429
"Os01g0758500",327.193718724763,-1.86908629555984,0.542329898570165,-3.44640098303195,0.000568106712266146,0.00230295151372699
"Os08g0496600",244.112288088274,-1.69969326429907,0.493240315054064,-3.44597392472424,0.000569005260674193,0.00230595201800082
"Os03g0734400",630.885549892475,-1.16186539676459,0.337278815187886,-3.44482174522985,0.000571436100410708,0.00231483685021013
"Os09g0506800",33.538111922818,-4.14148979672342,1.20225625472293,-3.44476460858826,0.000571556897178914,0.002315004166849
"Os10g0436850",109.931570448514,-1.21856457211411,0.353836409518307,-3.44386428116033,0.000573463487591749,0.00232240351629077
"Os11g0170400",55.4957846486809,-1.69548689891696,0.492372347341426,-3.44350552599425,0.00057422485900189,0.00232516356282717
"Os05g0542100",6083.21437271742,-0.857534640112038,0.24905469259427,-3.44315793121405,0.000574963442869988,0.00232783058296396
"Os03g0784100",302.882146984918,-1.13722080349062,0.330293085149436,-3.44306573350182,0.00057515949678583,0.00232810708451888
"Os07g0590700",6298.04850837481,-1.31999132151962,0.383415274471017,-3.44271970734801,0.000575895859782808,0.00233045898222004
"Os08g0192400",694.827477159744,-0.576326211492138,0.167420106376057,-3.44239544441336,0.000576586706074424,0.00233278105783543
"Os12g0211400",152.747541715853,-1.87062357049299,0.543528729907188,-3.44162776972693,0.00057822532377373,0.00233908568953168
"Os03g0796501",9764.78506211064,-0.488359921703555,0.141906965117632,-3.44140910418833,0.000578692862748343,0.00234065188179962
"Os03g0815200",25300.8840681639,-0.958919257213256,0.278750335374689,-3.44006494530061,0.000581574612207177,0.00235132803785886
"Os01g0668400",255.300236963978,-1.26990807248178,0.369163491389643,-3.43996116111446,0.000581797670388004,0.00235190335328143
"Os04g0415100",101.811340517514,-1.32919804043089,0.386453763777636,-3.43947495151246,0.000582843717506867,0.00235580496061554
"Os02g0613900",198.780893834074,-1.66590715980307,0.484388648756088,-3.43919529097374,0.000583446181215838,0.00235725855845833
"Os09g0548100",37.9993664866558,-1.69118311355187,0.491731380962671,-3.43924178733725,0.000583345975427697,0.00235725855845833
"Os01g0228800",897.460102176768,-0.723581998400433,0.210401666116227,-3.43905070599928,0.000583757883286437,0.00235819074449544
"Os04g0597866",858.815519969274,-1.58673992266362,0.461535042226218,-3.43796196927966,0.000586110009275049,0.00236670766640432
"Os03g0698900",3533.26945019676,-0.302691924948079,0.0880465541950828,-3.43786225043414,0.000586325884110581,0.0023672511294979
"Os03g0266200",1906.98814722647,-0.691053725415317,0.201075281382742,-3.43679103996832,0.000588649551005499,0.00237597397427334
"Os05g0459900",28297.3909050132,-0.933989413840695,0.271840672810714,-3.43579716818551,0.000590813119013694,0.00238401388916357
"Os07g0674200",11329.8500831528,-0.821104082329707,0.238987385636235,-3.43576327321107,0.000590887035642559,0.00238401388916357
"Os02g0672700",423.285537653573,-1.05208930261199,0.306286071939309,-3.43498904782213,0.000592577777271569,0.00239017313430785
"Os05g0270000",527.986531192113,-1.53086167641709,0.445693176156618,-3.43478823171198,0.000593017051364233,0.00239161370583426
"Os07g0564600",1634.60661788743,-0.717528436282825,0.208949992514477,-3.43397206024361,0.00059480550243049,0.00239849430099429
"Os03g0333100",2792.14921597872,-0.821622663715453,0.239321661410341,-3.43313120456196,0.000596653292930482,0.00240561223822809
"Os01g0288200",422.24687806266,-1.73409501994322,0.505202194771389,-3.43247720989796,0.000598094146463665,0.00241035497211764
"Os01g0645000",1219.88591171094,-1.92445010792834,0.560672791039853,-3.43239432817697,0.000598276979034076,0.00241049006411599
"Os11g0137000",196.842396211233,-1.67608652346301,0.488332611591285,-3.43226416519942,0.000598564216489315,0.00241131375191615
"Os07g0545300",2869.24116995906,-1.05715310989149,0.308074563560998,-3.43148456552848,0.000600287288302804,0.0024175862826655
"Os06g0177700",65.6827248617879,-1.48041999258403,0.431474412060473,-3.43107250674356,0.000601199884797347,0.00242025754009792
"Os03g0298800",3972.17560149605,-0.725231530334074,0.211513645087427,-3.42876947742216,0.000606324280732938,0.00243987504539237
"Os02g0115700",34871.1784252005,-0.81360273928043,0.237302097508264,-3.42855266693163,0.000606808786449381,0.00244115008688754
"Os07g0142600",156.194617666206,-1.96275699933676,0.57253169867909,-3.42820668945512,0.000607582687518084,0.00244392583230686
"Os12g0228300",54.8410967195091,-1.36403904856214,0.397956677741219,-3.42760688501159,0.000608926539377228,0.00244865488535538
"Os01g0720300",4883.71310794403,-0.895988936676069,0.261439660930996,-3.42713471049274,0.000609986383788059,0.0024522395732573
"Os08g0558000",15322.2626286553,-0.724447694962635,0.211452618728651,-3.42605213081939,0.000612422828752433,0.00246169463339246
"Os05g0519700",703.822013689552,-1.09125763478395,0.318551360397216,-3.42568819490588,0.000613243931778062,0.00246465495186872
"Os02g0724600",2423.02480587601,-0.766164440928093,0.223727365848123,-3.42454503955588,0.000615829757485818,0.00247265878912202
"Os11g0245800",1449.04278312169,-1.24487532539116,0.363548057356849,-3.42423869471876,0.000616524433468287,0.00247510677577384
"Os06g0134700",353.716586907674,-1.39202027592471,0.406667507879532,-3.42299359784865,0.000619355360396558,0.00248373269147185
"Os07g0598800",20.1750107538205,-3.1337364331591,0.91551559760345,-3.42291976386016,0.000619523613074274,0.00248406535315283
"Os05g0465100",2818.2500370991,-0.794656787345281,0.232161868472661,-3.42285661540003,0.000619667549341509,0.00248430043666347
"Os08g0461100",241.530781033208,-1.38879734458309,0.405966733464037,-3.42096341917662,0.000623997248090991,0.00249981759026755
"Os01g0813700",34.713576188268,-6.92887484693215,2.02562838027198,-3.42060513883687,0.000624819788156809,0.00250220047726933
"Os04g0661300",2517.81503860824,-0.906431790995376,0.265082307364659,-3.41943526901797,0.000627512605312531,0.00251160281637047
"Os06g0172600",11262.7099807369,-1.19858217362583,0.350589938151714,-3.41875805091462,0.000629076362296725,0.00251682398994439
"Os01g0172200",3150.70755705549,-0.632545243022015,0.185133517349191,-3.41669759252148,0.000633856467536952,0.0025342075847901
"Os06g0158200",1534.37200310675,-0.519575747164316,0.15211331320556,-3.41571514166009,0.000636147554666214,0.00254197160908198
"Os05g0424800",1839.50297762724,-0.732114014884262,0.214387750355503,-3.41490599938781,0.000638040266352068,0.00254848561743313
"Os04g0608300",195.755787723587,-1.38873502442347,0.406708919710199,-3.41456741448656,0.000638833823426962,0.00255095551979158
"Os07g0559000",293.921671567583,-2.89193082338937,0.846932814295969,-3.41459295775822,0.000638773924478815,0.00255095551979158
"Os06g0687900",8248.05975122726,-0.699291651638923,0.204855653088395,-3.41358239861303,0.00064114767411378,0.00255949315497485
"Os01g0616600",733.798076474418,-1.05455782831358,0.308958666498049,-3.41326508256481,0.000641894723599841,0.00256207402338323
"Os01g0746700",3337.51252014319,-1.48552492874637,0.435229049425632,-3.41320261298459,0.000642041889570225,0.00256207402338323
"Os04g0272200",33.2184237752291,-4.40229533850217,1.28978695850656,-3.41319572931608,0.000642058108050642,0.00256207402338323
"Os08g0115200",634.48237593765,-1.56647478194262,0.458987723187933,-3.41289037332536,0.000642777934982938,0.00256389248357391
"Os03g0279200",12901.2478357722,-1.61222537590805,0.472427510266457,-3.41264075624793,0.000643366924041516,0.00256589038098288
"Os09g0449400",415.858942632031,-1.46440179344646,0.4291588190098,-3.41226074958749,0.000644264540346678,0.0025691184368035
"Os04g0572500",231.27139372395,-0.870016295186652,0.255057426304211,-3.41106043369609,0.000647107470697076,0.0025793955326636
"Os02g0761600",913.124904475953,-0.770148903873388,0.225806037303923,-3.41066568931817,0.000648044963418608,0.00258277890032526
"Os05g0273800",585.2065527732,-1.22121991571018,0.358094017758403,-3.41033319504965,0.000648835596011195,0.00258557611207417
"Os02g0700700",221.991330248359,-1.83845445358454,0.539208642495927,-3.4095418891555,0.000650720838615928,0.00259167016714621
"Os01g0231700",4366.39636301524,-1.14161796821474,0.334962385375106,-3.40819751130057,0.000653935428396898,0.00260269339152309
"Os01g0777900",93.3979749179278,-2.35544028038322,0.691103864264348,-3.40822906972239,0.000653859798966465,0.00260269339152309
"Os10g0516400",527.639443947706,-1.38124980852049,0.405299275835682,-3.40797502209325,0.000654468852363014,0.00260446049720083
"Os01g0133900",332.770162489083,-1.647158216708,0.483358918801386,-3.40773316191734,0.000655049177756622,0.00260641373884798
"Os05g0482700",16698.2204928533,-1.11719400674488,0.327876744313231,-3.40735970489444,0.000655946199921894,0.00260962639810456
"Os07g0508500",844.155422642616,-0.656998755093858,0.192822944316095,-3.40726440737695,0.000656175281910266,0.00261018119926113
"Os07g0592600",822.358452788891,-0.930627817067214,0.273148848523459,-3.40703547570434,0.000656725905906413,0.00261165804066729
"Os10g0562600",142.947405779816,-1.10795199759978,0.325192693783918,-3.40706300842044,0.000656659661791341,0.00261165804066729
"Os02g0833600",779.033165538482,-0.649336583243008,0.190643648307928,-3.40602264489924,0.000659167115003056,0.00262065047414594
"Os09g0560500",630.389052151091,-0.881533080537672,0.25882497400281,-3.40590425608659,0.00065945301573222,0.00262142925527624
"Os11g0639300",389.390704841258,-0.958106683413858,0.281353709989953,-3.40534583122458,0.000660803128188836,0.00262643765512696
"Os08g0248700",125.229722614697,-1.40211313179695,0.411807951533947,-3.40477430456166,0.000662187578114273,0.00263158114763153
"Os01g0338000",6877.1011797371,-0.771745366683368,0.226696530552922,-3.40431044445651,0.000663313201903869,0.00263533520680007
"Os10g0170200",18037.421242213,-1.12914592892483,0.331689480603098,-3.40422592501802,0.000663518492094445,0.00263563514777302
"Os03g0279816",295.325518965611,-1.6488910255066,0.484521300600035,-3.40313423468607,0.000666175425671611,0.00264562399378271
"Os03g0848400",1236.39850050231,-0.791922816146473,0.232727242743552,-3.40279378903274,0.000667006016632784,0.00264856138756203
"Os10g0462100",341.357562021328,-0.912977939301223,0.268345666976558,-3.40224587781766,0.000668344786829318,0.00265351559400728
"Os03g0152800",4306.06972990506,-0.430884572280712,0.126675751200513,-3.40147635358146,0.000670229266661627,0.00266027214170913
"Os07g0175600",4169.03868387524,-1.00772820328592,0.29639791953929,-3.39991658798516,0.000674064124272447,0.00267367140112533
"Os02g0710300",677.748532497805,-1.63856689813061,0.481980995111313,-3.39965043176067,0.000674720532863311,0.00267591057579264
"Os03g0769000",821.65321115067,-1.12838114284089,0.332002497824318,-3.39871281160656,0.000677037678500472,0.0026840037126723
"Os07g0464600",514.266377322809,-1.12793984210027,0.331912713371817,-3.39830261589505,0.000678053721603051,0.00268730001095864
"Os11g0249400",97.7371032088424,-3.45477824093461,1.01666656310965,-3.39814287819948,0.000678449770660312,0.00268850377210091
"Os06g0193200",300.218469634986,-1.555584782137,0.457802258376758,-3.39794038511885,0.000678952135282633,0.00269012844676202
"Os03g0833800",2027.52550208291,-0.463474025947034,0.136407708476403,-3.39771139859892,0.000679520644024753,0.00269164855757465
"Os06g0611100",500.079223852894,-1.28450968898454,0.378193189764459,-3.39643791519497,0.000682690425054801,0.00270310136756573
"Os02g0137000",4282.36469249985,-0.566416318351421,0.166788241914957,-3.39602067776592,0.00068373194115537,0.0027068572036877
"Os02g0786900",303.201187242419,-1.92495109426704,0.566847226847454,-3.39589046765341,0.000684057276410104,0.00270777708354153
"Os06g0216100",21.9835248874235,-5.11721861600481,1.50708307184904,-3.39544562047697,0.000685169830997191,0.00271033901362404
"Os08g0552000",360.978314746874,-1.3046020025129,0.384247366042507,-3.39521391115686,0.000685749997708845,0.00271226557561823
"Os01g0973000",1158.77746018508,-1.58579690474754,0.467361682592577,-3.39308283886415,0.000691107348503234,0.00273234159694694
"Os09g0553100",7488.70888662782,-0.837404859318043,0.246810270012202,-3.39290929537349,0.000691545331906839,0.00273370207082815
"Os02g0719000",1558.89795773747,-1.25653332477587,0.370425846898287,-3.39213188090757,0.000693510513328972,0.00274109842143951
"Os03g0341100",10820.7624963209,-0.913323210956509,0.26933118890186,-3.39107852558921,0.000696181511088007,0.00275128212320599
"Os01g0294500",3396.58546220392,-1.16378525015901,0.343244124340167,-3.39054674976943,0.00069753356602175,0.00275625135816627
"Os01g0258000",120.39719400472,-1.72004335963529,0.507456131604572,-3.38954099184205,0.000700097408392902,0.00276563167759334
"Os05g0420600",18728.3595441909,-0.727204660417085,0.214551457269273,-3.3894184158554,0.000700410472735982,0.0027661658590797
"Os11g0138300",164.683897981909,-1.63570144186894,0.482643066169606,-3.38904991394643,0.000701352426099486,0.00276908695131091
"Os07g0227300",68.2793795027897,-2.01933828519089,0.595857207501139,-3.3889634291065,0.000701573666513708,0.00276920958474007
"Os05g0387700",1006.21212379996,-1.18790086597086,0.350546581889078,-3.38871045202987,0.000702221189911073,0.002771389821465
"Os12g0639500",90.833043938725,-2.05789875404509,0.607429707354882,-3.38787966595581,0.000704351589526799,0.00277904443709517
"Os03g0146100",43781.718967914,-1.12345670738173,0.331653509243328,-3.38744103731908,0.000705478793861778,0.00278311479745905
"Os05g0543600",628.573022042982,-1.7898640226023,0.528405229787727,-3.38729429934169,0.00070585626065697,0.002784226740194
"Os02g0228151",26.312331258742,-6.25426714122654,1.84661411433186,-3.38688364433382,0.000706913621819,0.00278801983946545
"Os02g0671300",520.07065744594,-0.798252402189623,0.235700642054201,-3.38672137348722,0.00070733184497346,0.00278891388969904
"Os04g0397000",4732.68092706271,-0.856364819836931,0.252936895593854,-3.38568565818098,0.000710006631499899,0.00279870237175691
"Os05g0532600",1542.75825992146,-0.830628407770934,0.245355702700359,-3.38540493915211,0.000710733219604152,0.00280080823021815
"Os09g0563200",1888.21604454054,-0.477063824506415,0.140933255860826,-3.38503372814664,0.000711695089950792,0.00280414010414801
"Os10g0534100",1612.86554658091,-0.491781074373723,0.145292466708173,-3.38476650246078,0.000712388265391885,0.00280619113549878
"Os09g0530200",12.0043790051265,-6.05506425685655,1.78910665783915,-3.38440653067032,0.000713323013142353,0.0028094932091874
"Os11g0539200",1711.60602009164,-1.78260017447146,0.526801859760131,-3.38381526459139,0.000714860842094024,0.00281516936355134
"Os02g0781400",805.528554080099,-1.73816292252574,0.513731822523937,-3.38340520543625,0.000715929176749672,0.00281899533332936
"Os08g0238200",109.832745991783,-1.66537601092733,0.492306632016412,-3.38280230779384,0.000717502611118908,0.00282480884696564
"Os04g0590650",9.15661111561295,-6.78693142919523,2.00635956202019,-3.38270943935967,0.000717745263305042,0.00282538220572715
"Os03g0261100",736.938590980595,-1.48934384318095,0.440413867171645,-3.38169152743889,0.000720409926622257,0.00283510511933694
"Os02g0714700",311.823761182012,-0.707715531432806,0.209289422571011,-3.38151600180693,0.000720870341049442,0.00283653372139466
"Os02g0782800",871.313635182716,-0.627368190019468,0.185601744408982,-3.38018477152366,0.000724371148239637,0.00284953891382341
"Os03g0142600",86.0139784841156,-2.48074760378108,0.733956904766401,-3.37996357506935,0.000724954368242906,0.00285144801620339
"Os07g0106000",325.742689652414,-1.65370189185622,0.489344319213357,-3.37942390853667,0.000726379116727896,0.00285589478025514
"Os05g0154500",1064.82434183104,-0.770655315676252,0.228075790178835,-3.37894396889726,0.000727648367833948,0.00286049888877703
"Os08g0128000",603.039897990921,-2.25036227173337,0.666077938804582,-3.37852695702867,0.000728752872249579,0.0028644541970107
"Os03g0599800",42863.4617108921,-0.816302086964468,0.24168733603322,-3.37751286584692,0.000731445312491057,0.00287387350112852
"Os01g0897500",2399.35711035434,-0.556279331277215,0.164722413656117,-3.3770712736066,0.000732620637594201,0.00287771489182875
"Os05g0137200",1380.22351327013,-0.980576295249361,0.290396979304657,-3.37667525880368,0.000733676147295019,0.00288108370570733
"Os03g0343300",1900.51162905741,-0.572941910432859,0.169721552627318,-3.3757758019746,0.000736078745265908,0.00288966294887865
"Os11g0229500",60.5922690997804,-9.71034418164061,2.87657564966987,-3.37566098174927,0.000736385974527315,0.00289016608493052
"Os12g0589000",82.5118331904703,-1.76761210615866,0.523664579392492,-3.37546623491183,0.000736907339099307,0.00289182260197413
"Os03g0701800",3102.61758641399,-0.450483169666937,0.133466306003393,-3.37525764484322,0.000737466144205048,0.00289362557956608
"Os12g0640900",3768.18751146355,-0.732065181507415,0.216899799670899,-3.37513074063773,0.00073780630843433,0.00289457029694524
"Os01g0710200",109.818890389761,-1.06168389333843,0.314606080751298,-3.37464517787788,0.00073910919589956,0.00289890074114303
"Os01g0915600",4111.94996967807,-0.701277632661656,0.20781979536598,-3.37445059757986,0.000739631903455171,0.00290056023329134
"Os08g0532300",13809.762237396,-0.430338494208994,0.127544227999129,-3.37403347027144,0.000740753603623873,0.00290456798771165
"Os01g0885000",2300.08260906579,-0.54059948415429,0.160226118460372,-3.37397853326886,0.000740901452818457,0.00290475661133268
"Os08g0108200",696.110355453862,-0.99646726556648,0.295363691708587,-3.37369586560293,0.000741662615508071,0.002907349399492
"Os06g0474500",1167.98188944167,-1.4579809329503,0.43218975924708,-3.3734740394827,0.00074226045365763,0.00290890982793937
"Os01g0630300",323.103493093973,-1.86656195455121,0.553529456170657,-3.37210953047409,0.000745947763610516,0.00292218062575537
"Os04g0429900",409.751027082149,-0.791846068445123,0.234831624244505,-3.37197373221189,0.000746315660229074,0.00292322860217769
"Os10g0489100",1370.676771452,-0.480398318124273,0.142487711979885,-3.37150699838657,0.000747581393131535,0.00292739886120433
"Os01g0557200",54.9502443813951,-3.09418909633785,0.917984169384632,-3.37063448317637,0.000749952910744533,0.00293550116487934
"Os02g0717800",23008.6581550891,-0.942861377420527,0.279756621615518,-3.3702915483314,0.000750886927128298,0.0029386337795671
"Os12g0454600",1867.81574714704,-1.76351204058057,0.523255953501667,-3.37026655650836,0.000750955037000837,0.0029386337795671
"Os02g0244100",1079.73276723286,-0.60733170197064,0.180221024790291,-3.3699270253143,0.00075188092531024,0.00294146645713122
"Os05g0565100",349.649351065348,-1.60057558616014,0.474985823896051,-3.36973338073858,0.000752409461108573,0.00294313879468151
"Os06g0225900",1895.95855198144,-0.567301989425555,0.168356175681085,-3.36965357600062,0.000752627381481801,0.00294342059406322
"Os09g0543400",55.0907297763478,-3.2826001603918,0.974171426153455,-3.36963297450967,0.000752683646864528,0.00294342059406322
"Os02g0565100",687.674273318256,-0.658301030689007,0.195377422898667,-3.36938127713168,0.000753371380979933,0.00294531901690128
"Os03g0832500",252.336356399832,-0.902224712356357,0.267915085385175,-3.36757712265157,0.000758318133573081,0.00296306731328529
"Os02g0256100",244.792244101436,-1.53023212988707,0.454454763497583,-3.36718250703342,0.000759404129507906,0.00296577583024428
"Os05g0582400",2162.09151834329,-0.927684068264566,0.275590994510507,-3.36616248986031,0.00076221794666942,0.00297630880167697
"Os05g0489750",54.1614225918728,-2.93535577201906,0.872034932912629,-3.36609883530109,0.000762393864508252,0.00297659661110193
"Os05g0436900",368.367718053332,-1.6447110562216,0.488661191959787,-3.36574928249458,0.000763360572267166,0.00297997139216681
"Os01g0971400",2583.0423593593,-1.3856269932036,0.411735480705167,-3.36533298230815,0.000764513358435182,0.00298327187784394
"Os10g0445500",3582.76447840259,-0.929258832187914,0.276217560000834,-3.36422793751819,0.000767581207077108,0.00299444071165433
"Os10g0346200",3133.21992462135,-0.465132786409962,0.138286058825979,-3.36355515775665,0.000769454585973842,0.00300132481312735
"Os10g0532800",260.324425874571,-1.58748971610349,0.472059378050072,-3.36290261335536,0.000771275673285727,0.00300764463811287
"Os03g0224300",2880.9876933106,-0.893214811304208,0.265642724655026,-3.36246668326479,0.000772494473074413,0.00301159090292812
"Os03g0762900",466.47406786122,-1.52780145265406,0.454452919020921,-3.36184759456618,0.000774228431764042,0.0030175428787249
"Os01g0933300",315.318299578842,-1.16099564783293,0.345363360187906,-3.36166421128534,0.000774742749356469,0.00301902739755408
"Os11g0427700",665.344971813293,-1.48265402712724,0.441080853853393,-3.36141098434539,0.000775453472188645,0.00302110448389
"Os08g0130500",36052.5112353146,-0.929431014155952,0.276552496747338,-3.36077607357525,0.000777238115258986,0.00302619653423859
"Os11g0637800",4049.08838382426,-0.552615079655595,0.164490987211058,-3.359546252504,0.000780705815925947,0.00303831548461786
"Os05g0529600",863.227685281738,-1.16740333302092,0.347542888930277,-3.35901947703242,0.000782195542344117,0.00304370638484038
"Os04g0396800",42.4742053420987,-4.96860764693375,1.47947904316486,-3.35834946083794,0.000784094167537223,0.00305068675310875
"Os01g0203000",2620.6112643642,-0.554254570456072,0.165043729403605,-3.35822858862256,0.000784437138319994,0.00305136781662481
"Os08g0341700",3145.01454958444,-0.390429140908045,0.116266940472416,-3.35804089556028,0.000784969986983009,0.0030528707212766
"Os01g0505700",1357.78218456474,-0.789304734746307,0.235077045991124,-3.35764273120953,0.000786101462734003,0.00305686297205764
"Os12g0125300",480.959451547053,-1.22485146068636,0.364802780921325,-3.35757161059174,0.000786303727639016,0.00305724127587496
"Os05g0415200",357.841056967232,-1.30164808907116,0.38774435996619,-3.35697491301914,0.000788002621431565,0.00306273586864512
"Os06g0490000",173.240956630236,-3.07589208760623,0.916271865087374,-3.35696446088401,0.000788032410677766,0.00306273586864512
"Os05g0512000",742.14267242299,-1.11497432721649,0.332152923703829,-3.35681021495592,0.000788472142875958,0.00306403599477364
"Os04g0597300",974.665876716139,-0.924581997041543,0.27544501255935,-3.35668447379247,0.000788830780724839,0.00306502067995581
"Os02g0628600",2608.90180023018,-0.845878344590747,0.25203965818043,-3.35613193057579,0.000790408534885661,0.00306968297023461
"Os04g0403400",528.212713900372,-0.893483726023669,0.266238622187984,-3.35595083343244,0.000790926283928909,0.00307111403207702
"Os07g0682800",3429.3490826658,-0.808440559140962,0.240953488291088,-3.35517267201507,0.000793154598602595,0.00307812476286044
"Os04g0228600",44.9366186804019,-2.38498069361911,0.710971497376116,-3.35453770287702,0.000794977188575424,0.00308437592401992
"Os05g0122600",1070.98224650727,-1.33083284053117,0.396826096644365,-3.35369284375433,0.000797408265197559,0.00309216025287394
"Os03g0127500",148.012886356654,-1.65793418533536,0.494430939679126,-3.35321690509764,0.000798780811898601,0.00309665798776771
"Os12g0188500",1168.84381077567,-0.827332828646853,0.246738224977498,-3.35307927550465,0.000799178126671101,0.00309778589177636
"Os11g0218200",6.12895645751967,-6.5389110915652,1.95035572794712,-3.35267612870183,0.00080034300313833,0.00310106292408122
"Os12g0498900",451.375593342215,-1.60652547706185,0.479197036441128,-3.35253633660404,0.000800747294561405,0.00310221667050914
"Os12g0588800",743.880267262015,-1.63537706659396,0.487970223002726,-3.35138700990946,0.000804078443423594,0.00311387931241781
"Os03g0272900",193.814663303082,-1.34951020630012,0.402697451589438,-3.35117642531293,0.000804690183099577,0.00311583399976411
"Os11g0682600",31.5360655171522,-4.69980190624881,1.40252297466027,-3.35096250910773,0.000805312043127975,0.00311782734910568
"Os03g0203800",1412.91587829513,-0.461577140234772,0.137816574762965,-3.3492135545282,0.00081041305305546,0.00313674228217452
"Os02g0117700",245.880835540699,-1.67457579683377,0.499996287636028,-3.3491764603916,0.000810521565975224,0.00313674538795089
"Os10g0390000",66.2551194519937,-2.18817071521398,0.653476906475168,-3.34850504054825,0.000812488028571996,0.00314268513322801
"Os08g0395800",243.832644185331,-2.03837553749625,0.60885713186062,-3.34787166123378,0.000814347134479304,0.00314903960301504
"Os02g0762800",180.100014498758,-1.16155802193388,0.346958370018674,-3.34783110109541,0.000814466321666952,0.00314908234460767
"Os03g0390000",16546.1584324978,-0.738542420999408,0.220649294547599,-3.34713248240224,0.000816521775715832,0.00315493527297286
"Os03g0184300",1414.84645327439,-1.33490124282659,0.398842069531925,-3.34694192213275,0.000817083271038963,0.00315668599352569
"Os03g0840900",3163.72825813487,-0.796881609924979,0.238203087873901,-3.34538740466214,0.000821677133499761,0.00317317086351678
"Os03g0642450",44.7684649223739,-2.04884564919363,0.612507287187939,-3.3450143239928,0.000822783209882712,0.00317659984597698
"Os05g0493400",155.755634380157,-1.43178643403476,0.428052049983646,-3.34488862765511,0.000823156174190338,0.00317761851866
"Os11g0693800",2801.66427485903,-1.21382672384484,0.362978848160026,-3.34407012969996,0.000825588647768483,0.00318574169872979
"Os11g0249300",209.681988523269,-2.00834892666665,0.600577378427302,-3.34403025955756,0.000825707307002785,0.00318577745025637
"Os12g0623400",249.527075504133,-1.72762698762694,0.517073076848663,-3.3411660072423,0.000834273244710958,0.00321669607208692
"Os10g0438301",59.1220745465624,-4.86333675911429,1.45594459786111,-3.34033092073619,0.000836786161416007,0.00322467733131626
"Os09g0296400",1159.03932872884,-0.758281667527902,0.227014010997567,-3.34024170664968,0.000837055036405528,0.00322486000399548
"Os03g0723000",298.317905899339,-1.12210121912865,0.336055842454024,-3.33903202198356,0.000840708724417773,0.00323765134521217
"Os06g0127900",1012.29822672432,-1.6509871905499,0.494475247956557,-3.33886720795973,0.000841207666181053,0.00323914447369094
"Os06g0156600",1512.45022431659,-1.34136745390345,0.401774124586272,-3.33861085575068,0.000841984267494203,0.0032417062186629
"Os07g0474300",511.071004687103,-1.80079298465201,0.539482943268066,-3.33799799812616,0.000843843573367103,0.00324843523378675
"Os02g0673500",719.699470218118,-1.14915255236769,0.344274418841029,-3.33789700738211,0.000844150327339839,0.00324918660227211
"Os12g0485150",56.661090665948,-1.8979276148233,0.568763535799111,-3.33693617006708,0.000847073996535974,0.00325914769812665
"Os03g0778400",345.271799358998,-2.00953175795499,0.602463022146642,-3.33552713458631,0.000851378446485227,0.00327354675449469
"Os01g0937800",51.324272835099,-2.45415853646098,0.736066542248569,-3.33415309024087,0.000855595530522707,0.00328932713397786
"Os09g0432300",34.4890390975417,-3.20897438506199,0.962990122743022,-3.33230249124613,0.000861305827224997,0.00330909608185308
"Os12g0128800",412.504269070264,-0.779955414785024,0.234077902364758,-3.33203351066278,0.000862138742028018,0.00331185918023215
"Os06g0585960",36.6614582341848,-2.64927952303978,0.795450848579848,-3.33053830763981,0.000866782360760947,0.00332881918898593
"Os02g0178700",244.538998905144,-2.41549959990264,0.725518367635176,-3.32934313954856,0.00087051083371109,0.00334093522658597
"Os03g0159400",184.879251944413,-1.09381171353963,0.328551316349422,-3.3291959554237,0.00087097101956061,0.00334226090810964
"Os03g0600400",316.055202458878,-1.17041937792874,0.351623765358563,-3.32861283347904,0.000872796426401112,0.0033483832867413
"Os08g0553300",209.100078260812,-1.62396614674929,0.487897249384652,-3.32850031189452,0.000873149072347374,0.00334885385024368
"Os10g0516500",3141.30622471326,-0.569053781416646,0.170986283224749,-3.3280668524075,0.000874508782101568,0.00335362717307899
"Os09g0540400",172.934313086486,-1.70498821118928,0.512613975403496,-3.32606657835895,0.000880808868429609,0.00337600893214097
"Os07g0447000",171.605982549287,-1.00841512257579,0.303209102122975,-3.32580755496844,0.000881627761600791,0.00337870294424769
"Os02g0653200",2327.34592314985,-1.44167029860558,0.433499310674402,-3.32565764951911,0.000882102004683297,0.00337963091440428
"Os08g0525600",22964.5254017326,-0.445886884011385,0.134119586688018,-3.32454710771355,0.000885622703644144,0.00339178121719158
"Os06g0192950",20.2316670621767,-3.87479217939321,1.16561165581079,-3.32425654811932,0.000886545998746118,0.00339487081860414
"Os02g0639500",347.178978116614,-2.18170430473705,0.656419578641825,-3.32364294991192,0.000888498728303085,0.00340055985880437
"Os01g0699900",438.017208988511,-1.14853005880708,0.345630190125372,-3.32300271104925,0.000890540489629705,0.00340792643087993
"Os05g0506800",31.8798450409822,-1.88091857148112,0.566061411118083,-3.32281716177391,0.000891133030114852,0.00340974590763431
"Os07g0229900",9679.37180062181,-0.932313109022906,0.28061306607438,-3.322415174979,0.000892418004588603,0.00341408778934744
"Os01g0867700",1455.87947039975,-0.814582147456251,0.24522229629607,-3.32181110673869,0.000894352174236452,0.00341981670405908
"Os01g0332500",514.010189630797,-1.66953408952682,0.502843014574864,-3.32018948486009,0.000899563687935985,0.00343658582186433
"Os12g0133900",867.089189915079,-0.824282732356134,0.248319941208643,-3.31943833565729,0.000901987232071882,0.0034435857593599
"Os03g0722600",6578.50493859914,-0.747056380498385,0.225059106891052,-3.31937858822138,0.000902180263677564,0.00344387123329637
"Os06g0538000",7883.95646172252,-0.762896528215762,0.229899094204991,-3.31839727709201,0.000905356160508936,0.00345418342805466
"Os07g0134200",1284.21458628258,-1.22917869528862,0.370422939753118,-3.31831148499564,0.00090563430838921,0.00345479202631786
"Os09g0397400",1350.64800131699,-0.531200429593876,0.160104257642172,-3.3178407458788,0.000907161908936073,0.00346016622292552
"Os03g0313000",7870.84715024023,-0.430364771740075,0.129726033359426,-3.31748964024579,0.000908302840008286,0.00346406434084878
"Os05g0472000",388.81675650716,-1.36682181039641,0.412076205225797,-3.31691515565054,0.000910172517951554,0.00347028594760214
"Os01g0857600",647.38855250598,-1.1840374259668,0.357063003958442,-3.31604622388884,0.000913007261506322,0.00348018291486742
"Os03g0352300",8675.15655839691,-0.916425758673015,0.276379600148057,-3.31582272418835,0.000913737713347402,0.00348251141056184
"Os02g0471100",9.398178680257,-4.15577339782119,1.25366255167282,-3.31490590691725,0.000916739767911954,0.00349303879643228
"Os02g0195800",1667.54401535937,-1.01364260075204,0.305790387535183,-3.31482820281725,0.00091699462428823,0.00349355277976476
"Os06g0319700",4583.521883482,-1.07932212762371,0.325692331758947,-3.31393165382396,0.000919939906877808,0.00350431523454487
"Os01g0616333",389.287007730623,-1.62944360275555,0.491714873156305,-3.31379767363187,0.000920380801721728,0.00350534801840014
"Os03g0606200",8843.9911090294,-0.922407739233105,0.278355479457993,-3.31377611473356,0.000920451764875554,0.00350534801840014
"Os03g0199100",1668.86473383602,-0.714761430839397,0.215788230694664,-3.31232814940111,0.00092522950154838,0.00352124066179978
"Os07g0174400",332.098472013497,-1.46898156254818,0.443532306572704,-3.31200577901396,0.000926296324306618,0.00352440077888838
"Os01g0836600",513.858538280143,-1.28061321873146,0.386726650566023,-3.31141703541022,0.0009282475999799,0.00353134246983862
"Os03g0854100",7987.2443939031,-0.698803576402213,0.211149304756773,-3.30952345406573,0.000934549358476599,0.00355299561586887
"Os01g0915800",5616.52795464989,-0.749233665978647,0.226447010671593,-3.30864895834386,0.000937473001959918,0.00356271548519858
"Os03g0832800",21.6027808374743,-5.07509896172323,1.5338741362841,-3.30868018546682,0.000937368456673024,0.00356271548519858
"Os03g0399000",10.9343769643542,-7.29547919613693,2.20567101604404,-3.30760079044864,0.000940988436238253,0.00357467587270159
"Os03g0576900",4749.46456646442,-0.406388434445737,0.122894767634697,-3.30680013695719,0.000943681958472176,0.0035839731344062
"Os02g0189400",493.111871865333,-1.37854410635679,0.416924720275845,-3.30645807100313,0.000944834897371099,0.00358763049799173
"Os10g0561300",526.190625247709,-0.925015388496005,0.279813443543865,-3.30582897226307,0.000946958692284854,0.00359454262730963
"Os04g0442300",319.690123152857,-1.40664145145195,0.425537773701576,-3.30556189927903,0.000947861649135923,0.00359703244020542
"Os06g0318300",759.267286858732,-0.56877893590723,0.17206589811122,-3.30558781345262,0.000947774000028931,0.00359703244020542
"Os02g0834300",143.886756121846,-1.66499626728491,0.503790427419302,-3.30493827723951,0.00094997318211521,0.00360326131227723
"Os02g0634600",756.647446702768,-1.01307369422911,0.30654979941382,-3.30476058430408,0.000950575632936823,0.00360498288610316
"Os05g0346400",3356.18145214329,-0.726022267487306,0.219695753486205,-3.3046713737819,0.00095087822605927,0.00360519147237314
"Os07g0580733",10.7941621050344,-3.78197786635803,1.1444234825229,-3.30470138380996,0.000950776425103764,0.00360519147237314
"Os02g0802301",281.731783493702,-0.80032965835281,0.242186781709306,-3.3045967773478,0.000951131318157627,0.00360568162553845
"Os02g0157000",156.920910971799,-1.36507567030126,0.413163102330031,-3.3039631627387,0.000953283574278705,0.00361290008461016
"Os01g0972900",677.848024784624,-1.52850071485923,0.462659163034942,-3.30372947729512,0.000954078492822351,0.00361497187977784
"Os08g0249100",305.009397820352,-1.2482841825883,0.377847308692572,-3.30367361066462,0.00095426862304766,0.00361522191237075
"Os11g0614400",1824.79229323203,-1.8981578552776,0.574831534017836,-3.30211156303527,0.000959598950953697,0.00363399748370268
"Os09g0445600",183.466745190133,-1.57882752327997,0.478199628494552,-3.30160759064237,0.000961324580451461,0.00363958585958235
"Os01g0756900",2566.04534808641,-1.77962714512826,0.539116618890645,-3.30100590998334,0.000963388532272176,0.00364692588545825
"Os01g0224300",498.387467662191,-0.783217055659153,0.237309903505398,-3.30039768290301,0.000965479110987593,0.00365294045344689
"Os01g0224100",677.760246670503,-1.61393331028527,0.489072224360881,-3.29998971500447,0.000966883718596531,0.00365657564997688
"Os03g0151600",1420.38973448923,-0.679515367391871,0.20595743257651,-3.29930004900135,0.000969262499418154,0.00366344743777488
"Os02g0131700",7564.12470456214,-0.325463768426149,0.0986675357115181,-3.29859022097939,0.000971716481564891,0.003671769479192
"Os04g0231200",259.151080117925,-1.19930700670729,0.363656168834316,-3.29791464985075,0.000974057375127806,0.00367974830325414
"Os05g0595000",21.565596544283,-2.05288675831257,0.622521962024287,-3.29769370969192,0.000974824078226919,0.00368207870377747
"Os03g0343400",3204.85944151357,-0.811018972502404,0.245961669641717,-3.29733886456285,0.000976056625899,0.00368530027997286
"Os08g0117200",5414.99174026883,-1.01998899503605,0.309343399471137,-3.29727091892005,0.000976292798327793,0.00368571413960358
"Os02g0592600",1597.62204756086,-0.645966036156094,0.195914637227416,-3.2971810850777,0.000976605133238355,0.00368641538433796
"Os05g0421300",1924.54943232355,-0.677252867807581,0.205450427389132,-3.29642958846143,0.000979221568677065,0.00369485495245057
"Os09g0478500",2892.45074748248,-0.779560185486744,0.236504086998767,-3.29618060888228,0.000980089854701576,0.00369669430755333
"Os05g0574300",8262.70751731058,-1.37272514257038,0.416507688495876,-3.29579784595975,0.000981426084426652,0.0036998175314787
"Os03g0333000",1545.28224185636,-0.669235142979076,0.203148432758434,-3.29431605202129,0.00098661496587789,0.00371745387971224
"Os03g0303100",286.385815344623,-1.53699655742697,0.466681300012789,-3.29346077801886,0.000989621477239575,0.00372726900279384
"Os04g0687200",534.047020518085,-1.17492244429195,0.356787471794294,-3.29305969849007,0.000991034296168187,0.00373169133346392
"Os06g0327300",2731.17578127796,-0.645451118018017,0.196013158362764,-3.29289688207294,0.00099160835633891,0.00373288761030271
"Os05g0481900",136.716024310451,-1.97157067959054,0.598765463273356,-3.29272611819038,0.000992210768551322,0.00373418997179524
"Os08g0193100",236.487040890894,-0.924528120245801,0.280801521581043,-3.29246121972658,0.00099314593451777,0.00373722650278156
"Os03g0200700",1263.48906551838,-0.757036300515155,0.229998953828438,-3.29147714767367,0.000996627136425475,0.0037489976306357
"Os08g0324300",97.6200841323697,-2.57311948140608,0.781754413173534,-3.29146780375757,0.000996660245051219,0.0037489976306357
"Os03g0619600",11.5781098596186,-7.59812708901332,2.30856444464873,-3.29127787904116,0.000997333432699756,0.00375104536059438
"Os02g0299200",287.195599642518,-2.13729690323548,0.649413323417577,-3.2911195784956,0.000997894850187526,0.00375267224007762
"Os04g0510300",1570.32057082634,-0.455418278088629,0.138379790087706,-3.29107507534143,0.000998052734598077,0.0037527813733977
"Os06g0669100",166.200524481852,-1.05094643450635,0.319343396625865,-3.29096028166071,0.000998460096379295,0.00375382841812004
"Os02g0814300",108.766682626887,-2.14673080532463,0.652429933046438,-3.29036222372685,0.00100058488151037,0.00376084575623966
"Os03g0831500",5037.0558850269,-0.515643496284195,0.156728207224789,-3.29004909463825,0.00100169903796625,0.00376406185595524
"Os09g0539700",96.7228629433395,-1.58158013008477,0.480751949325964,-3.28980492393681,0.00100256862781676,0.00376648338206385
"Os12g0612700",3147.42282789214,-0.931043035625694,0.283009393619331,-3.28979552133883,0.00100260212821094,0.00376648338206385
"Os11g0527000",41.4673759471028,-4.03276633760289,1.22604363401855,-3.28925188770391,0.00100454079637074,0.00377327964296514
"Os11g0704000",824.162272038028,-1.4143862850407,0.430030917695326,-3.28903394346819,0.00100531898785437,0.00377571570341694
"Os05g0382600",1679.8349881368,-1.1517565994819,0.350268808988061,-3.2882077134112,0.00100827419486869,0.00378593004039137
"Os09g0440700",4560.04831459283,-0.700844626532852,0.213154425342569,-3.28796657825188,0.00100913818644072,0.00378810547377244
"Os09g0568800",9867.49616748573,-1.10571297353371,0.336289515113294,-3.28797932686423,0.00100909249078244,0.00378810547377244
"Os01g0882400",84.1098079336682,-1.24814060726526,0.379720200970477,-3.28700080763495,0.00101260543328443,0.003799651517602
"Os02g0758800",206.109582835656,-1.48006011573856,0.450339250196784,-3.28654478838302,0.00101424643367022,0.00380531881491164
"Os03g0286900",148.63340893884,-1.37272970328297,0.417800341525075,-3.28561173088602,0.00101761174562136,0.00381548722234907
"Os07g0159700",69.2151696043749,-2.64911527315629,0.806389114976193,-3.28515752997795,0.00101925367545121,0.00382115158811666
"Os01g0534700",228.511082310659,-0.934829055138848,0.284615828621598,-3.28452939411785,0.00102152841828068,0.00382918658735617
"Os07g0160000",1691.0976608223,-0.762213877583228,0.232121638293661,-3.28368299994048,0.00102460099755865,0.00383922159687379
"Os09g0538500",1359.67465948865,-1.36750633596002,0.416484026633167,-3.28345446286346,0.00102543209795425,0.00384184144559675
"Os05g0532500",361.158940153362,-1.41893420478161,0.432235269260814,-3.28278209968428,0.00102788084050175,0.00385002518805042
"Os01g0869900",6408.5976206174,-0.457497034313497,0.139371411992362,-3.28257443742172,0.00102863823833811,0.00385187125843931
"Os01g0375000",4302.68155864835,-0.553798069293883,0.168731297481526,-3.28213009417839,0.00103026060804701,0.00385556625896649
"Os01g0881300",6517.5392304767,-1.58886427858819,0.484096523697754,-3.28212288419612,0.0010302869523823,0.00385556625896649
"Os01g0338100",347.698024586842,-0.946613779481899,0.28842226152887,-3.28204131839229,0.00103058502661923,0.00385569079460499
"Os05g0554601",275.060635963808,-1.37537159844752,0.419055864161516,-3.28207219149523,0.00103047219450431,0.00385569079460499
"Os04g0600500",67.1663169002301,-2.14458265993287,0.653508656224144,-3.28164384588857,0.00103203869329049,0.00386063337520948
"Os11g0526900",438.935019548944,-1.28315075090281,0.391056327197102,-3.28124278182583,0.00103350741843195,0.003864638294758
"Os01g0771100",764.82773045139,-1.08784356630273,0.331580094305933,-3.28078670880355,0.00103517994063078,0.00387039545911536
"Os05g0574500",34437.7614908342,-0.709401401301963,0.216250736203123,-3.28045773973979,0.00103638789861474,0.0038734199670763
"Os06g0243900",197.404665114682,-1.34549836176596,0.410170139800287,-3.28034206103127,0.00103681297495316,0.00387451141493466
"Os01g0362100",752.330221709525,-0.770486373619156,0.234885630060774,-3.28026185944112,0.00103710778074174,0.00387511583150641
"Os06g0704500",394.151789504524,-1.50703055785575,0.459492731085075,-3.27977018112333,0.00103891679280712,0.00388137714433984
"Os07g0179200",1724.16494386397,-0.658346498820824,0.200748221520613,-3.27946366764313,0.00104004601247603,0.00388509748272538
"Os07g0591400",6.54020380593565,-6.5106313728822,1.98556556633333,-3.27898080188062,0.0010418272319015,0.00389075309661905
"Os05g0520300",1184.76878410685,-1.59519276636764,0.486661891105433,-3.27782552018656,0.00104610035528117,0.00390470834997413
"Os03g0328400",1810.02115172684,-0.338904417735678,0.103400324379369,-3.27759530513908,0.00104695380363925,0.00390689244869069
"Os03g0267100",1189.722357597,-0.621176256907526,0.189531038878576,-3.2774381472445,0.0010475367860345,0.00390856710863507
"Os01g0914100",1899.69791543327,-1.38802229133127,0.423515530755704,-3.27738226944013,0.00104774413896766,0.00390883997117809
"Os02g0656600",61.2252206706903,-2.20399103136367,0.672530024250766,-3.27716377245616,0.00104855530838361,0.00391070681885335
"Os08g0430500",29414.1524762591,-0.911069654789277,0.278007634474428,-3.27713897681856,0.00104864739881965,0.00391070681885335
"Os05g0427900",122.876463565789,-1.52701317744257,0.466003423987698,-3.2768282352425,0.0010498021207142,0.00391451182579245
"Os08g0441100",353.837747841527,-1.22508597039764,0.373890215595845,-3.27659275181967,0.00105067796528032,0.00391727611123971
"Os01g0810000",1793.7295024304,-0.579363060625795,0.176833437581703,-3.27632074877303,0.0010516904804742,0.00392004737903105
"Os08g0125200",10.8425353789132,-7.10621209602949,2.16894007197618,-3.27635243953736,0.00105157246703849,0.00392004737903105
"Os06g0308100",1613.5742280037,-0.440992243118172,0.134609246212258,-3.27609176581225,0.00105254355577497,0.00392172126807557
"Os12g0609900",195.97172900531,-1.56933891362248,0.479097867648309,-3.2756123948656,0.00105433152422462,0.003927378184762
"Os06g0294200",552.178522972078,-1.49113780452652,0.455254562625742,-3.27539343247035,0.0010551491496209,0.00392992115810972
"Os03g0642900",129.974889792267,-1.33631093708852,0.407997019648375,-3.27529582995531,0.0010555137952364,0.00393077656584072
"Os07g0224000",6709.24824772832,-1.13687483318865,0.347122512574595,-3.27514002118876,0.00105609614259515,0.00393143702731125
"Os04g0545700",158.022444736507,-1.87364085131644,0.572190740884056,-3.27450396771817,0.00105847652677951,0.00393929117097418
"Os04g0433800",1169.62988076735,-0.86776864048015,0.265020146623092,-3.27434971090813,0.00105905456915743,0.00394093881459272
"Os01g0589700",2190.35328123547,-0.662464405501722,0.202353641229168,-3.27379532919536,0.00106113440048986,0.00394691492025352
"Os03g0712400",1146.10589783604,-1.00776434491401,0.30782924375858,-3.27377715193415,0.00106120265866304,0.00394691492025352
"Os07g0658200",3549.85745596043,-0.632284810803775,0.193155805010927,-3.2734445168138,0.00106245246786251,0.00395004988753887
"Os06g0160600",164.808369007101,-1.51850549799369,0.463978318369795,-3.27279408945017,0.00106490025268545,0.00395864502919397
"Os03g0750300",2236.74708579552,-0.90101056253118,0.275324206730896,-3.27254393367538,0.00106584306435167,0.00396063311471856
"Os04g0165900",132.331411049604,-1.1977792431881,0.36600373700896,-3.27258746857761,0.00106567893025448,0.00396063311471856
"Os05g0433500",124.628114755746,-2.27065288570673,0.693842859000962,-3.27257513174692,0.00106572543986163,0.00396063311471856
"Os11g0659500",3332.60021070474,-0.450469919291719,0.137657675802197,-3.27239230697902,0.00106641490575811,0.00396225247326967
"Os04g0636500",77.3882731483071,-1.35581714721436,0.414501046296112,-3.27096194166369,0.00107182333673248,0.00398133153218409
"Os01g0274500",2314.41744289745,-1.83349595969733,0.560585356248629,-3.27068115365494,0.00107288801413863,0.00398477805735814
"Os10g0476000",2920.83546149668,-0.523757708999894,0.160142831351951,-3.27056606017421,0.00107332470224145,0.00398564819080943
"Os05g0486700",8180.32757835594,-1.05644034056562,0.323069897545556,-3.27000549599844,0.00107545394833936,0.00399227149567097
"Os03g0848200",177.238074909718,-1.42284377123522,0.435272549319553,-3.26885711828027,0.00107982815071599,0.0040064664804626
"Os08g0555000",2201.35767671547,-0.78922553925202,0.241443527964918,-3.26877902217654,0.00108012621772034,0.00400706187419768
"Os02g0759000",1506.00414211485,-1.15838602679753,0.354418620068048,-3.26841187569412,0.00108152851457173,0.00401175307621425
"Os05g0207300",11185.9054857831,-0.931678523100857,0.285090939251134,-3.26800467790437,0.00108308575466159,0.00401548355789368
"Os03g0259700",1816.41578653363,-0.47088036022346,0.144105589115773,-3.26760650376413,0.00108461049094994,0.00402011285699938
"Os02g0702400",305.609997645572,-1.11234509899104,0.340461917152056,-3.2671645284023,0.00108630528089818,0.0040243458071895
"Os03g0810300",727.743394712977,-0.615814665249321,0.188545546285118,-3.26613212235778,0.00109027367204014,0.00403801982413238
"Os02g0556900",1026.22255012498,-0.958609109147169,0.293557269775981,-3.26549265796994,0.00109273838279585,0.00404560477800415
"Os05g0280350",2857.18389114715,-0.792050900444598,0.242573509655789,-3.26519949176855,0.00109387006576284,0.00404825061064245
"Os03g0395100",622.30116321216,-1.10816376830699,0.33939122057789,-3.2651515452288,0.00109405525255055,0.0040484214821826
"Os06g0516301",79.1968644858309,-1.50332099874024,0.460451850237392,-3.26488208911569,0.00109509652846278,0.00405073048417288
"Os08g0148300",247.439631987825,-1.28506505014212,0.393630072176025,-3.26465161322192,0.00109598789785757,0.00405348920758017
"Os08g0468700",1751.13893308866,-1.17642108257306,0.360354975648456,-3.26461728593063,0.00109612071662983,0.00405348920758017
"Os03g0822400",101.305756091022,-1.71461430092475,0.525228031757849,-3.26451407246149,0.00109652015870172,0.00405394789148711
"Os05g0129700",1762.37308678566,-0.739765323286416,0.226610647718091,-3.26447733473981,0.00109666236828293,0.00405394789148711
"Os03g0791700",199.714532507027,-1.48393586531036,0.454611832711953,-3.26418222873358,0.00109780532538758,0.00405765791165595
"Os09g0487500",2828.64745249448,-0.783373093890971,0.24004167240298,-3.26348790211664,0.00110049882590029,0.0040660653143705
"Os07g0668300",1050.54850035451,-1.39300252428234,0.426923816366766,-3.26288314420394,0.00110284984089782,0.00407423481753474
"Os05g0296750",45.1842854403987,-1.44924818398581,0.44430302598389,-3.26184630585513,0.00110689139215295,0.00408760983036753
"Os08g0151300",492.972848285575,-1.00606648672313,0.308491018872638,-3.26125049085623,0.00110922004524151,0.00409517065891524
"Os05g0440000",19.8581646129379,-3.07938118561599,0.944590800047338,-3.26001606776359,0.00111405902341025,0.00411251449863775
"Os05g0409400",805.614718599961,-1.30563940037734,0.400519599231768,-3.259863943941,0.00111465670271254,0.00411405054310307
"Os01g0685800",38581.1815259488,-0.723015620246188,0.221805319978928,-3.25968565729116,0.00111535755048873,0.00411574285166407
"Os02g0727700",433.53892028404,-0.848405222936625,0.260347891506311,-3.25873667740481,0.00111909486719438,0.00412848755034645
"Os02g0186500",2580.20009685256,-0.553855807509661,0.170013883578521,-3.25770928733512,0.00112315403314392,0.00414222028445739
"Os01g0332900",4925.29326866245,-0.717076088831205,0.22017285191494,-3.25687786933984,0.00112644888388242,0.00415246131600303
"Os08g0261100",532.449572550879,-1.2273971636031,0.376860801895882,-3.25689792472023,0.00112636930076275,0.00415246131600303
"Os02g0199200",141.580157795748,-1.07080909932198,0.328793741487091,-3.25678066279137,0.00112683468946721,0.0041533577808713
"Os10g0154000",4219.83926163739,-0.798601015451965,0.245394186216388,-3.25435996575633,0.00113648174520644,0.00418732557994711
"Os09g0510700",1739.09191625895,-0.543313458637825,0.166963962782867,-3.25407620651885,0.00113761757914266,0.00419045018211391
"Os01g0238800",464.524986329224,-1.05282687675234,0.323601886313302,-3.25346334889107,0.00114007431251074,0.00419841616019995
"Os02g0618250",3277.88238288098,-0.954763680644393,0.293525152500624,-3.25274911710458,0.00114294360738177,0.00420581295604902
"Os12g0267700",557.103420058515,-1.01126828724238,0.310975452299512,-3.25192319768181,0.00114626990845195,0.00421752018622079
"Os04g0479900",214.537340524115,-2.17426974656407,0.66864976685773,-3.25173185475243,0.00114704179692203,0.00421924436362245
"Os04g0613400",1130.58052772633,-0.481483411745639,0.148071321176682,-3.25169930219722,0.00114717316362759,0.00421924436362245
"Os05g0279900",355.732909425586,-1.65731247566698,0.509752512226558,-3.25121002038415,0.00114914934950801,0.00422544537327932
"Os04g0223300",281.733417075757,-1.39509736067541,0.429150900537578,-3.25083172126129,0.00115067943799165,0.00423053738078433
"Os10g0351500",368.754153571521,-1.41043117878603,0.433953962901503,-3.25018619338237,0.00115329472271294,0.0042396173838483
"Os06g0693100",367.480272828546,-1.60874344309099,0.495055927662063,-3.24961959487768,0.00115559475995022,0.0042459286650606
"Os02g0688500",1161.54601062061,-0.655021148665611,0.201607405110835,-3.24899349954685,0.0011581412473767,0.00425367504175865
"Os07g0677900",447.334244518854,-1.37939638755772,0.424573209038661,-3.24890115106655,0.00115851729049725,0.00425451961334942
"Os08g0243001",24.0565242720299,-3.16077648657424,0.9731745248501,-3.24790302855606,0.00116258885367999,0.004268395435813
"Os04g0228100",1306.13061468851,-1.56017734885379,0.480395809976103,-3.24769141706585,0.00116345376116197,0.00427049413064769
"Os07g0508300",1276.77064647291,-0.710077028202419,0.218640111675566,-3.24769788471423,0.00116342731750728,0.00427049413064769
"Os10g0521000",413.062349778176,-1.15236203305814,0.354853923753067,-3.24742649276731,0.00116453740925376,0.00427366324746616
"Os03g0411800",2537.12744363113,-0.893136320995572,0.275095456314372,-3.24664148569186,0.00116775388657098,0.00428345710386728
"Os11g0694400",10.2461312233478,-6.94940890848116,2.1405759937102,-3.24651352201514,0.00116827898075077,0.00428442519549475
"Os05g0470800",2289.58329162486,-0.628514502874041,0.193607959952714,-3.24632573488997,0.00116904995328296,0.00428671275994791
"Os03g0338000",4183.65554035271,-1.13159662402618,0.348798825226829,-3.24426730305151,0.00117753186031689,0.00431509787796006
"Os08g0101100",2229.25210868946,-1.44553032261604,0.445586549956646,-3.24410672350115,0.00117819592443531,0.00431698813681494
"Os02g0458100",32.7500352437962,-3.75047173770238,1.15647178504379,-3.24302917391138,0.00118266100578212,0.00433171347131015
"Os09g0323700",115.199469866575,-2.59498789312365,0.800328012994773,-3.24240542751138,0.00118525278586664,0.00433956897535935
"Os11g0175800",419.822347591904,-0.729342284714736,0.224979844956122,-3.24181166031553,0.00118772487154414,0.00434698048373866
"Os06g0696566",71.4621161185734,-2.62040173052493,0.808363252851189,-3.24161411504355,0.00118854838550456,0.00434944786160639
"Os01g0688300",19.891211515564,-2.94681695248869,0.909169408007705,-3.24121877235855,0.00119019804908132,0.00435493750287048
"Os03g0588600",73.2253324141045,-2.07720691318421,0.640946969795056,-3.24084052359028,0.00119177836410743,0.00436015832159124
"Os08g0387700",890.440135497751,-0.69346851521818,0.214027208741094,-3.2400951229386,0.00119489830754231,0.00436884224886968
"Os02g0626400",19244.24602033,-0.624640439899535,0.192811121437999,-3.23964943122017,0.00119676739447214,0.00437457764049424
"Os04g0441900",7753.81078178345,-0.255434308154059,0.0788475641626312,-3.23959669352879,0.00119698873791615,0.00437483760361372
"Os09g0421200",379.381799687572,-1.43921159324215,0.44427552143247,-3.23945732729483,0.00119757384890475,0.00437629199583419
"Os02g0156300",22.7386990975342,-6.90566791607516,2.1318589258345,-3.23927058793161,0.00119835826403279,0.00437764542964913
"Os12g0411700",44.8278691532026,-2.99392074278565,0.924421822161802,-3.2386954429356,0.0012007771944522,0.00438538167254039
"Os01g0133100",307.576158147463,-1.30184655102723,0.402062355692387,-3.23792201034422,0.00120403718957062,0.00439673617989664
"Os04g0412800",371.287999708565,-1.55676481286144,0.480858029903007,-3.23747284240103,0.00120593416980372,0.00440255921938373
"Os02g0304900",1672.35342665579,-0.619795328405437,0.191453940723435,-3.23730776218789,0.00120663204999925,0.00440455484583582
"Os01g0216900",332.281609530084,-1.82983775881963,0.565507233055667,-3.23574598494924,0.00121325298246568,0.00442761320242675
"Os10g0578900",1707.27201011443,-0.617977135876514,0.191007527002648,-3.23535488665819,0.0012149162337778,0.00443312749781696
"Os01g0896300",1235.61113884085,-1.47888694749794,0.45713727680671,-3.2351046885272,0.00121598137342078,0.0044364582256026
"Os06g0638400",265.717842400306,-1.94328600205744,0.60086325245041,-3.23415684705701,0.00122002433772804,0.00445065122927672
"Os02g0104500",486.434759557652,-1.2175245236392,0.376574065604659,-3.23316084362909,0.00122428610946054,0.00446507953409016
"Os05g0277000",1547.0637332909,-1.42680794571615,0.441341581226412,-3.23288809939751,0.00122545554306792,0.00446878491425293
"Os07g0496700",172.456136561055,-1.37003428830026,0.423800159674273,-3.23273660244311,0.00122610555557802,0.00447059546632567
"Os02g0158800",1047.47480864036,-1.04722573313749,0.324076057195528,-3.23141963093452,0.00123176958143639,0.00449068524669385
"Os08g0265300",10.8669139455344,-7.30038049268843,2.25925232969294,-3.23132586685466,0.00123217376164823,0.00449134396598497
"Os08g0452500",482.15688783462,-1.24121875067087,0.384122917551796,-3.23130616257361,0.00123225871465627,0.00449134396598497
"Os04g0513700",55.5334597768475,-2.50027829743666,0.774116003626359,-3.22984964233276,0.00123855335267463,0.0045137217790753
"Os04g0413600",9365.53821787067,-1.06991481988278,0.331279593448584,-3.22964299957352,0.00123944880125143,0.00451641991867418
"Os02g0230000",460.546802662701,-1.2481630997511,0.386539150216463,-3.22907291293035,0.00124192226804089,0.00452430076180722
"Os10g0378300",1515.59844393409,-0.671110359594968,0.207836239711547,-3.22903436150689,0.00124208969768959,0.00452434473747547
"Os01g0737300",215.507579051681,-0.870482852195835,0.269609482596885,-3.22868040030092,0.00124362793325516,0.00452791555717846
"Os10g0434300",295.308624205806,-0.965262395448324,0.298966350384683,-3.22866568162708,0.00124369193537087,0.00452791555717846
"Os06g0653900",3951.94330263408,-0.740658062933663,0.229471584227856,-3.22766788500584,0.00124803781470626,0.00454089920538176
"Os11g0644500",32.3158493054633,-3.55043614924423,1.10023069946687,-3.22699243982616,0.00125098765442622,0.00455106339440354
"Os07g0520600",642.464823721784,-0.968625316894758,0.300221375592167,-3.22637025756146,0.00125371057655589,0.00456039962658763
"Os01g0631900",670.852560243115,-1.24736725390481,0.386966061707156,-3.22345388223937,0.00126654691186455,0.00460364193301541
"Os01g0590100",8.30753534142305,-7.43095004259581,2.30536789365778,-3.22332503330113,0.00126711682549929,0.00460513867367908
"Os03g0146300",2278.56703208195,-0.974431859649155,0.302408639183749,-3.22223552303038,0.00127194532777775,0.00461980441949908
"Os07g0530100",1125.82976557476,-0.548769445483788,0.170318457572098,-3.22201981691555,0.00127290330833777,0.00462213094082452
"Os06g0681300",1705.90011910303,-0.92971555063484,0.288619107342699,-3.22125433480369,0.00127630829832494,0.00463218472879098
"Os07g0577500",850.500660805335,-0.736590866671021,0.228700408027041,-3.22076761045363,0.00127847769878467,0.00463948006778904
"Os02g0740300",1141.08830215303,-0.514599626653992,0.159830828371482,-3.21965187753359,0.0012834635319855,0.00465583270783278
"Os02g0679500",1095.39554136722,-0.708534072876782,0.220151098563175,-3.21839898824515,0.0012890836602398,0.00467414128434846
"Os02g0654300",390.78111611261,-1.47985493223481,0.459910654759889,-3.21770090977218,0.0012922249002261,0.00468353124385619
"Os02g0151400",3813.71956951676,-0.404633691080833,0.125758143057073,-3.21755459522965,0.00129288418690635,0.00468533764199684
"Os08g0269700",135.494928736614,-1.70854727867292,0.531030603854264,-3.21741772747586,0.00129350118781294,0.00468699036848184
"Os08g0359200",961.165629527802,-0.834790823644978,0.259473877977584,-3.21724417945878,0.00129428393441768,0.00468839918533818
"Os04g0469300",8.62113154797706,-7.3938555186549,2.29836070020192,-3.21701268125813,0.00129532873193201,0.00469127761862007
"Os03g0297800",1670.20653986843,-1.53618070103292,0.477642048338098,-3.21617559923355,0.00129911314971438,0.00470322888438366
"Os08g0159800",1724.79177031238,-0.536931929791189,0.166975460334961,-3.21563377465214,0.00130156815664029,0.00471036011652524
"Os08g0547300",494.747834004464,-1.68343669989681,0.523582061233349,-3.21522990289489,0.00130340088387735,0.00471582066595554
"Os08g0163300",111.586490919073,-1.7367706734035,0.540499396875363,-3.21327032637558,0.00131232709401335,0.00474575805685544
"Os11g0704100",72.5104728881325,-2.10015344637966,0.654006921349176,-3.21120981724043,0.00132177388910841,0.00477814041690853
"Os03g0167000",30.3712550885728,-4.64222893607472,1.44573441532239,-3.21098321162918,0.00132281662650343,0.00478072298300236
"Os05g0535300",501.762242324866,-0.583424246081278,0.181704696423987,-3.21083746079916,0.00132348770751418,0.00478255478573371
"Os01g0651800",310.36498131519,-1.64929752008333,0.513722010397005,-3.21048638505629,0.00132510545654411,0.00478721264179104
"Os01g0948400",1529.64916337573,-0.678102801646763,0.2112490248477,-3.2099689081909,0.00132749330515849,0.00479524436031078
"Os05g0477300",19073.2890118471,-0.989033069222993,0.308127400755728,-3.2098186230671,0.00132818752539714,0.00479715702773352
"Os01g0654100",1517.69792504298,-1.03953381651281,0.323894361741519,-3.20948413835742,0.00132973383140436,0.0048015509780729
"Os09g0500900",594.901049472495,-1.28191253429224,0.399493250652662,-3.20884653795263,0.00133268602794524,0.0048110180371664
"Os09g0345300",285.142028614312,-1.25955220350683,0.39254733295841,-3.20866325600607,0.00133353577234974,0.00481348893931198
"Os01g0391600",11.0039920210214,-6.78039043054033,2.11335298678705,-3.20835680216801,0.00133495769155835,0.00481802427730354
"Os12g0264650",66.8868437924276,-1.84408705002912,0.574787278858131,-3.20829482115988,0.00133524544807338,0.00481846566775627
"Os04g0545600",50.6608947962821,-1.50711029183154,0.469844897143275,-3.20767619483577,0.00133812065515324,0.00482704691185094
"Os05g0276500",2203.12425448528,-1.38996765368307,0.433374959327118,-3.20730956823442,0.00133982733061186,0.00483260484543951
"Os12g0132200",1010.12666057763,-0.845477814275185,0.26361652263893,-3.20722618526161,0.00134021576506512,0.00483340724584848
"Os02g0110600",2085.95094665708,-1.13579045927514,0.354151084236698,-3.20707887065519,0.00134090227503335,0.00483408715691028
"Os04g0641300",22.828836579289,-4.08919482408485,1.27520840313833,-3.20668748262731,0.00134272778305962,0.00483887124096799
"Os07g0565200",1138.28884852688,-0.466638915279079,0.145533678194164,-3.20639814144264,0.00134407879897402,0.00484314065623874
"Os05g0119600",203.133278683245,-1.90684675467861,0.594776744006732,-3.20598741274428,0.00134599876126524,0.0048488589714951
"Os02g0617700",2496.88896939339,-0.679912065540867,0.212092054542195,-3.20574038951375,0.00134715469607717,0.00485242288919718
"Os04g0613500",6037.40244232837,-0.917397645164589,0.286214533259766,-3.20527974144474,0.00134931272589281,0.00485959500413685
"Os11g0169400",129.366031543983,-2.14077396527406,0.667938550729261,-3.20504627699172,0.00135040767024346,0.00486293708084953
"Os03g0831900",2740.6011711279,-0.231467599880788,0.0722322423357146,-3.20449140710589,0.00135301329049462,0.00487171773563111
"Os03g0277000",297.786289321872,-1.04807516997515,0.32712294445916,-3.20391824458525,0.00135570968038003,0.00488019454815839
"Os02g0801300",1798.35448817809,-1.05499523385183,0.32939353289473,-3.20284136904716,0.00136078915130977,0.00489668870189586
"Os02g0791500",1399.05650219575,-0.694051964319787,0.216751302915807,-3.20206593908863,0.00136445761087419,0.00490867628707575
"Os08g0280200",168.479989763549,-0.989781051985865,0.309154379558753,-3.20157538572978,0.00136678306425073,0.00491643483165882
"Os05g0509700",949.372251205104,-0.550021946373689,0.171799960270602,-3.20152545732462,0.00136701995319908,0.00491667964395007
"Os08g0310100",1977.26925282749,-0.782087918114096,0.244309348188497,-3.20121978104037,0.00136847108239232,0.00492129104240915
"Os05g0246600",279.513560737686,-0.950664662901735,0.296986122244813,-3.20104069414422,0.00136932191693361,0.00492374279107799
"Os03g0750700",2127.49446975602,-1.01780705129462,0.317985062946608,-3.200801452317,0.00137045930638394,0.00492661596352463
"Os04g0640700",3020.39463761514,-1.48216714500599,0.463056208184584,-3.20083635379135,0.00137029332557466,0.00492661596352463
"Os04g0486500",1089.51007245069,-1.56162039518296,0.487918499165844,-3.20057632135847,0.00137153040649612,0.00492985787434955
"Os04g0644900",1118.26091346773,-0.729414657320948,0.227907871076591,-3.20048032512146,0.00137198736023085,0.00493089175671269
"Os06g0198700",722.961746179183,-0.603980815158187,0.18876540704763,-3.19963718249387,0.00137600685831978,0.00494411742479811
"Os03g0596800",178.144140893241,-1.37622723649032,0.430164095261273,-3.19930754716855,0.00137758127359756,0.00494855333041915
"Os01g0721900",9125.37379945697,-0.948554184732976,0.296496460168791,-3.19920913792015,0.0013780516210802,0.00494963237655373
"Os06g0542200",534.035009279625,-0.810227489640433,0.253281066580839,-3.19892639658415,0.00137940380886361,0.00495387812575237
"Os11g0174000",9737.93120788149,-0.459724535516135,0.143724557820025,-3.19864985141796,0.00138072754759196,0.00495802067089681
"Os08g0544800",1013.84122391859,-0.842174109341199,0.263296686553941,-3.19857465873831,0.0013810876749101,0.00495870241261645
"Os11g0168200",26590.7381643683,-0.790126943428161,0.247034893054725,-3.19844267203632,0.00138172002062813,0.0049603612476248
"Os09g0443800",70.0490664389945,-1.74532006908048,0.545785624052535,-3.19781245999341,0.00138474303713017,0.00497060110037038
"Os02g0797200",8659.2553996108,-1.15288911967499,0.360624300777864,-3.19692576786483,0.0013890066724306,0.00498529114056248
"Os01g0823400",272.650613737927,-1.11090008237438,0.34757435241453,-3.19615090888376,0.0013927424697063,0.00499557661268275
"Os02g0140400",100.291394430665,-2.95192152777243,0.923573563109035,-3.19619534997878,0.00139252795738139,0.00499557661268275
"Os08g0468100",2886.55982067437,-1.12945686242016,0.353372901684847,-3.1962180943559,0.00139241818453737,0.00499557661268275
"Os10g0559900",727.11072695668,-0.6001640925791,0.187779082337166,-3.19611793342071,0.00139290165836769,0.00499557661268275
"Os08g0511800",487.288887687668,-1.10394761421371,0.34545104469774,-3.19567021480463,0.00139506467579473,0.0050021021286006
"Os09g0502100",930.12270248073,-1.20408636385718,0.376852410098016,-3.19511387374173,0.0013977567854279,0.0050111378930483
"Os03g0178400",562.578976050094,-1.3400293461491,0.419492955904288,-3.19440249779746,0.0014012060807407,0.00502226750564071
"Os12g0508300",11318.9026991105,-0.90014190035326,0.281801428438028,-3.19424179409798,0.00140198638135136,0.00502444590176153
"Os02g0105500",3254.55077978079,-0.511074385201538,0.160009944483829,-3.19401638973251,0.00140308151269871,0.00502775191495163
"Os10g0503100",72.6741035390178,-1.5209360850456,0.476219450120768,-3.19377145276173,0.00140427243779338,0.0050314003362966
"Os03g0300400",2668.36526984792,-1.0919117277318,0.341932987291713,-3.19335006657387,0.00140632347019434,0.00503688993961377
"Os06g0223900",235.661500415128,-0.943296872935482,0.295475591915449,-3.19246969545088,0.00141061745748385,0.00505040590076771
"Os09g0306232",276.491359458162,-1.66501762114788,0.521714731326695,-3.19143302109531,0.00141568930653482,0.00506669583199053
"Os05g0154900",1053.60345718346,-0.643106843009758,0.201523153632918,-3.19123054307298,0.00141668187502635,0.00506962516152832
"Os02g0497700",2921.44296271501,-0.710857308090188,0.222774514598287,-3.19092742440501,0.00141816899376374,0.00507432331200242
"Os05g0114000",3553.65455856058,-1.36683378197939,0.428403199099962,-3.19053122117433,0.00142011496108367,0.00507941389052795
"Os12g0532500",611.816959796245,-0.631822216137746,0.198084262894611,-3.18966386781519,0.00142438359658898,0.00509280529157326
"Os08g0505001",133.364922631683,-1.44304635597869,0.452438223380931,-3.1894881586159,0.00142524978003529,0.0050952767117834
"Os02g0700300",479.489242558389,-1.20900799283297,0.379070463738186,-3.18940172998548,0.00142567602038752,0.00509617491907763
"Os01g0618900",2004.22372821188,-0.812484850258464,0.254775262791851,-3.18902565875187,0.00142753206056923,0.0051021831943909
"Os04g0342100",10.0495515614961,-8.11315358422049,2.54489784556579,-3.18800756515897,0.00143256788413915,0.00511515962750127
"Os05g0532800",177.216148536762,-1.02254054773238,0.320740596563677,-3.18806087750534,0.00143230377807704,0.00511515962750127
"Os06g0218600",1941.82028665163,-1.1828933648762,0.371030174635458,-3.18813251789672,0.00143194894669671,0.00511515962750127
"Os12g0134900",18.0292994540236,-3.26290493327222,1.02354269370658,-3.18785425692033,0.00143332761384126,0.00511724491483208
"Os04g0530100",365.964057238647,-1.52697749542769,0.479060207994995,-3.18744381174661,0.00143536343221806,0.00512262915110961
"Os07g0692600",68.9990655177631,-2.66499069221838,0.836230421223177,-3.18690952228241,0.00143801751456467,0.00513147237583045
"Os05g0178400",2083.82687517821,-0.502711900467782,0.157794088890304,-3.18587282960428,0.0014431801928987,0.00514926409919087
"Os08g0546900",547.954036562921,-1.29536598029578,0.406619782917983,-3.18569345298445,0.00144407521144822,0.00515182632706053
"Os02g0139700",11754.7443758604,-0.412380000250285,0.129449439402574,-3.18564531568057,0.00144431548465538,0.00515205236944317
"Os06g0143900",9758.22980981484,-0.630841025468689,0.198081605572917,-3.18475319121172,0.00144877512209195,0.0051660620920242
"Os06g0550901",52.3467476539455,-2.50075563048929,0.785223557824636,-3.18476898148257,0.00144869607796073,0.0051660620920242
"Os11g0148800",714.96304098665,-0.504037102756806,0.158272287326156,-3.1846200700829,0.00144944166793703,0.00516717349169572
"Os11g0300600",105.755078681509,-1.23721457824741,0.388518331988716,-3.18444324599681,0.00145032747429773,0.00516969849528746
"Os11g0121500",512.005847733196,-0.989674307453327,0.310801754987954,-3.18426228800312,0.00145123450617176,0.00517166560067718
"Os06g0142800",1593.05191774953,-1.09106772699065,0.342665682124856,-3.18405893530098,0.00145225441290294,0.00517466695369624
"Os06g0578700",29.8726018797505,-6.52128187773035,2.04825451617469,-3.18382399561822,0.00145343356527632,0.00517823492634905
"Os01g0508000",3065.88645820461,-0.697116385286033,0.218994289846631,-3.18326284111904,0.00145625354779562,0.00518701269800684
"Os07g0687100",380.104359093381,-2.2086382191243,0.693850991152291,-3.18315927668616,0.00145677454338009,0.00518823385744342
"Os01g0143400",8.75280037691692,-7.33867871289304,2.30562428912631,-3.18294647896598,0.00145784559168924,0.00519137296315528
"Os09g0439800",120.336216419865,-1.74740748527047,0.548996250238649,-3.18291333412727,0.00145801248079277,0.00519137296315528
"Os12g0580950",129.240878067863,-1.84337134784389,0.579256590057392,-3.18230535393866,0.00146107687519979,0.00520164801461715
"Os02g0117800",775.885667848409,-0.527628134825165,0.165805304356443,-3.18221504959146,0.00146153254094898,0.00520263423267523
"Os01g0202800",65.5774525417329,-1.18505919310095,0.372568002701161,-3.18078628467592,0.00146875938064206,0.00522644314309118
"Os02g0588550",77.9014309360338,-1.5002254837635,0.471786371068381,-3.17988304826648,0.0014733450174498,0.00524019951125708
"Os02g0826200",968.649519388229,-1.03364986490763,0.325083987871116,-3.17963942695768,0.0014745841144793,0.00524396612307561
"Os01g0167500",6192.47349694407,-0.429134354571802,0.134984394475819,-3.17914049426414,0.00147712476379633,0.00525235987439278
"Os01g0229600",689.88602422343,-0.766072736485436,0.240982569336449,-3.17895497004134,0.0014780705127455,0.00525443963283381
"Os08g0203100",472.931638317971,-1.10195781336614,0.346726620221342,-3.17817481871648,0.00148205360868606,0.00526731330145905
"Os01g0574800",832.003250304083,-0.653315174649825,0.205652566292626,-3.17679077109212,0.00148914426895987,0.00529057696726234
"Os03g0718500",141.319573153789,-1.94859976316915,0.613424820955461,-3.17659099632461,0.00149017031923503,0.0052929308497088
"Os04g0103500",371.032116032857,-0.847561033836926,0.266824618865518,-3.17647238639589,0.001490779812158,0.0052944499621543
"Os02g0516400",136.54103289799,-1.65238900250271,0.520313002904632,-3.17575957794308,0.00149444751379277,0.00530618147972117
"Os05g0533800",1721.25421524117,-1.59660323561585,0.502945709077426,-3.17450413990918,0.00150092749690769,0.00532724077573987
"Os01g0205500",9345.96131056753,-0.993886411485652,0.31311493522937,-3.17419036801163,0.0015025510787482,0.0053317037303893
"Os02g0596100",1840.93614788362,-0.439022769580201,0.138335277387317,-3.17361397520464,0.00150553778341153,0.00534034973550677
"Os05g0207500",3684.98379508505,-0.600911843613717,0.189365553869179,-3.1732901329502,0.00150721824119331,0.00534500847784116
"Os05g0370300",179.962014696001,-2.86031105816084,0.901412930286891,-3.17314181110149,0.00150798847853105,0.00534708881916245
"Os10g0110600",135.70259729862,-1.68204635573386,0.530122864733955,-3.17293681829401,0.00150905360581768,0.00535021415980308
"Os06g0513050",14677.9331925213,-3.56635347182396,1.12460299682344,-3.17121106905949,0.00151804798452231,0.00537882873892915
"Os07g0239200",133.015632045513,-1.14514895240209,0.361160248587118,-3.17075026081077,0.00152045799609363,0.0053867126231434
"Os05g0522500",5319.16127406744,-0.802505699619081,0.253122235292255,-3.17042751575147,0.00152214803991583,0.00539204418178186
"Os05g0412800",780.619641763618,-1.55209648033399,0.489735402948635,-3.16925521616164,0.00152830131567004,0.0054125247373152
"Os05g0499400",772.285881536077,-1.34912747177089,0.42575885978177,-3.1687595942511,0.00153090966643734,0.00541978498735575
"Os09g0413500",8041.23247218878,-1.06525755901997,0.336179686935115,-3.16871482846486,0.00153114546085589,0.00541996087407866
"Os01g0921600",7629.88513609093,-0.270083452686508,0.0852425491139203,-3.16841126284904,0.00153274531198265,0.00542496462999012
"Os12g0178100",3404.5136887228,-0.755532311529381,0.238508420197097,-3.16773852640099,0.00153629625495446,0.00543598895325659
"Os12g0566100",1285.92644004441,-0.836466418886582,0.264059864418436,-3.16771509645667,0.0015364200629852,0.00543598895325659
"Os02g0122300",4091.2641649231,-0.652011495518825,0.205860738368893,-3.1672454917093,0.00153890347742004,0.00544411407548913
"Os05g0503500",611.408901026831,-2.04985663438195,0.647236120187726,-3.16709245736689,0.00153971356845883,0.00544631829717699
"Os07g0184850",69.8920884561402,-1.49886266445665,0.473278430349457,-3.16697860781427,0.00154031648860582,0.0054477892617414
"Os03g0765000",476.606721997948,-1.04185389385059,0.328988550971499,-3.1668393649992,0.00154105418101625,0.00544907477653658
"Os09g0450600",69.4794817386013,-1.82749509233348,0.577164102284958,-3.16633533703593,0.00154372718456912,0.00545720114943212
"Os11g0637700",4571.94827380396,-0.443276048881681,0.140006576431144,-3.16610876560993,0.00154493014779673,0.00546079084405103
"Os05g0573500",503.628088377074,-0.949398245130242,0.299945309694606,-3.16523784318176,0.00154956228383755,0.00547450598446162
"Os02g0258250",1001.23954645936,-1.58783963412364,0.501798048464837,-3.16430013823562,0.00155456390923236,0.00549017828822033
"Os11g0691600",11.5610177497946,-7.24377555760698,2.290412449994,-3.16265114504855,0.00156339554979257,0.00551668547207795
"Os05g0503100",66.2087901216611,-1.36644067592998,0.432158304200405,-3.16189845861742,0.0015674421076727,0.00552895458571273
"Os06g0178650",90.893499072024,-1.65210772089934,0.522520374623539,-3.16180535943624,0.00156794329281157,0.00553005263088999
"Os01g0817000",448.472074603579,-1.36153044908647,0.430690917532691,-3.16127039986426,0.00157082602652515,0.00553820769303457
"Os08g0207000",2723.68480286366,-0.877502006154065,0.277639398535128,-3.16058171420883,0.0015745443280693,0.00554930169696649
"Os08g0129200",8630.97620184855,-0.851880205588511,0.26960562097777,-3.15972716925939,0.00157916939099932,0.0055635822652652
"Os02g0805000",1779.7276459104,-0.67012061728585,0.212183409135418,-3.15821401878868,0.00158738972678236,0.00558983840669358
"Os01g0183100",1618.39364980208,-0.831261524129351,0.263220238981012,-3.15804562501486,0.00158830697404554,0.00559239217726444
"Os01g0571200",1781.73634069578,-1.10480119887056,0.349872382677317,-3.15772622696404,0.00159004808790556,0.00559695673846046
"Os08g0422300",724.222698096181,-1.06253910186852,0.336499371375813,-3.15762581524067,0.00159059581873001,0.00559774397982541
"Os08g0530500",572.697761757679,-0.823947975527806,0.261176961379873,-3.15474983388524,0.00160635779035738,0.00564980091434634
"Os04g0183300",1216.26059025186,-0.809682304006803,0.256709002289438,-3.15408613171225,0.00161001560516033,0.00566198218252374
"Os07g0625800",1501.37158227573,-1.05061419428038,0.333103883906948,-3.15401364270453,0.00161041557274896,0.00566238993478883
"Os03g0339100",5227.52464066309,-0.290637559010191,0.0921823078279628,-3.1528561809561,0.00161681442100234,0.00568246072513036
"Os01g0259400",1506.53432910002,-1.10520716492579,0.350579764541456,-3.15251271382238,0.0016187177234456,0.00568640501111974
"Os03g0761000",581.579644035405,-1.57739628174244,0.500359046840976,-3.15252875250554,0.00161862880016858,0.00568640501111974
"Os09g0403300",1307.77305627167,-1.00716566090045,0.319486331197545,-3.15245305526919,0.00161904852785309,0.00568688110338169
"Os01g0854800",257.145421262333,-1.52672383441755,0.484416478419523,-3.15167609367604,0.00162336243597794,0.00570134597932341
"Os12g0174300",77.9139445061846,-1.88662758104761,0.598708640672217,-3.15116143793974,0.00162622577041018,0.0057100249440421
"Os04g0376000",10880.6950246856,-1.06176997348865,0.336985829431919,-3.15078522820545,0.00162832178770755,0.00571669525034591
"Os04g0681400",2296.82958885737,-0.619002166253054,0.196498623233847,-3.15016032207207,0.00163180888926198,0.00572686653086133
"Os04g0474700",242.569517690203,-1.35295708806527,0.429741026642836,-3.14830794405333,0.00164218594944301,0.00575773407412464
"Os07g0112800",5787.48673967322,-0.923655297884053,0.293379139573316,-3.14833324287267,0.00164204381685006,0.00575773407412464
"Os11g0247500",318.145228652456,-1.41903082938978,0.45084685573273,-3.14747859798985,0.0016468516145349,0.00577270254194574
"Os01g0177100",199.639148970155,-1.77248779059494,0.563465726885147,-3.14568873672813,0.00165696246181895,0.00580465064514514
"Os12g0171200",1692.09063581377,-0.624452842180262,0.198516724818375,-3.14559311187297,0.0016575042463049,0.00580585021179832
"Os01g0226400",126.186900921506,-1.36460564474242,0.433897054137549,-3.14499863903163,0.00166087602611369,0.00581556229800204
"Os06g0287500",1263.48185916942,-1.42875311879613,0.454338293521279,-3.14469006722459,0.00166262869597094,0.00581960010625789
"Os11g0226201",407.280417683748,-2.17471816473794,0.691707621298328,-3.14398468048684,0.00166664164459118,0.00583224440925069
"Os09g0541900",5005.48681147409,-0.546860539932421,0.173954163020564,-3.14370481531835,0.00166823626659981,0.00583712321950253
"Os05g0135700",130024.178220067,-0.358844908944683,0.114153647513865,-3.14352556190637,0.00166925835802641,0.00583999782585837
"Os08g0524501",9347.91073868427,-1.1034677594721,0.351090850959888,-3.1429692811852,0.00167243390421783,0.0058497021569339
"Os08g0240600",470.542183285268,-0.976663821213303,0.310751141465437,-3.1429130609386,0.00167275514831996,0.00585012314511514
"Os02g0787000",778.603964317938,-1.762123068547,0.56071623316836,-3.14262895259875,0.00167437942000339,0.00585510056067949
"Os08g0386700",1542.53829364603,-0.657908905968265,0.209359973159187,-3.14247702672384,0.00167524858851885,0.00585743659441062
"Os03g0109700",1223.18951814452,-0.4984250500793,0.158687815363018,-3.14091569626245,0.0016842050491585,0.00588521951543004
"Os01g0835900",4975.56624604891,-0.852190798457445,0.271329240644763,-3.14079970309272,0.00168487219034289,0.00588684438238339
"Os04g0555700",420.798570607661,-1.49848604089575,0.477167803056065,-3.14037542201834,0.00168731453802539,0.00589467058257863
"Os04g0510400",1954.88595381179,-0.628920217657939,0.200288309020023,-3.14007452923807,0.00168904858197104,0.00589931312115143
"Os01g0294700",17560.6340478418,-1.15974070021081,0.369382363307856,-3.13967534839839,0.00169135158960809,0.00590594016697444
"Os03g0390400",7686.48824228679,-0.81725741224884,0.260298979487489,-3.13968734667329,0.00169128232546712,0.00590594016697444
"Os03g0558400",10.6396460560324,-8.06458185702535,2.56875124567502,-3.13949506422765,0.0016923926557847,0.00590886691305143
"Os10g0555700",5486.42679616395,-1.73522236507939,0.552720235535682,-3.13942253877798,0.00169281162635325,0.00590962121585462
"Os04g0526600",55.1871389499274,-1.93885317943707,0.617681054671987,-3.13892285471938,0.00169570083357097,0.00591825630082292
"Os08g0424600",381.585164729004,-1.31985864413107,0.420485880120489,-3.1388893338175,0.00169589481595932,0.00591825630082292
"Os03g0606100",612.483082290985,-1.22101903035068,0.389160228967749,-3.13757403625094,0.00170352245553221,0.00594273849425122
"Os02g0726700",613.61730393928,-0.921858037443899,0.293831442214513,-3.13737029126683,0.00170470682674001,0.00594615788816897
"Os03g0669100",2097.56059990629,-1.39896599397746,0.445912364252168,-3.13731151259651,0.00170504864835231,0.0059466379326127
"Os12g0112300",808.284014289422,-0.654328490845707,0.208577208710978,-3.13710445589671,0.00170625326859115,0.0059501266540428
"Os02g0107200",210.85331200155,-1.30569034721566,0.416327220883274,-3.13621181061745,0.00171145549191575,0.00596683908003957
"Os04g0109900",46.4732034641405,-2.63630792856556,0.840817572817071,-3.13541012199934,0.00171614006108311,0.00598102331963406
"Os08g0106300",90.1237575854629,-4.09312386421951,1.30596551262797,-3.13417454338669,0.00172338311099252,0.00600482926038815
"Os01g0687500",574.624246856448,-0.642515771478479,0.205059101404557,-3.13331994082464,0.00172840928745392,0.00602018123062231
"Os07g0142500",775.684513212146,-1.39359975971103,0.444925989985164,-3.132205784961,0.00173498221844179,0.00604163005685303
"Os05g0563500",275.092226718768,-1.18886400819527,0.379568454189806,-3.13214650762512,0.00173533256655192,0.00604212757091405
"Os03g0327600",45347.0431849116,-0.725545786487953,0.231656534442451,-3.13198929714714,0.00173626204609135,0.00604464116034337
"Os03g0733800",1354.44356050108,-0.576720413270544,0.184160194921878,-3.13162360365221,0.00173842591636574,0.00605072780404004
"Os01g0512400",37.8368275204004,-2.37019498131173,0.757026084345787,-3.1309290793593,0.00174254236249634,0.0060635965607713
"Os09g0568700",18.7208983065816,-3.91169994077186,1.2493873577095,-3.1308944472939,0.00174274786119277,0.0060635965607713
"Os05g0565000",17479.3375701643,-0.88185802807968,0.281700391649535,-3.13048208032598,0.00174519646468503,0.00607066548549421
"Os07g0107583",14.5833389975257,-4.26914409261919,1.36482433068509,-3.12798064676665,0.00176011770536079,0.00611818427017391
"Os02g0576700",10912.6616621826,-0.741877323849494,0.237182587795719,-3.12787431296794,0.00176075458581087,0.00611924810385731
"Os03g0691500",701.464326555482,-1.26387764606471,0.404071120197312,-3.1278593863564,0.00176084400488717,0.00611924810385731
"Os07g0222300",7524.08705774503,-0.549204073652435,0.175595268437948,-3.12767011627374,0.00176197820481672,0.00612099836343463
"Os07g0104100",713.865826574149,-1.27718641255309,0.408359255505279,-3.12760490997756,0.00176236910871782,0.00612162609542943
"Os07g0208900",514.512342538145,-1.38984484053374,0.44438773291498,-3.12754996952097,0.00176269853203365,0.0061220401490619
"Os02g0644100",9503.16901996738,-0.45747879422152,0.146294573489132,-3.12710706426514,0.00176535626308495,0.00612980864356265
"Os07g0662500",27982.380349068,-0.660002982335668,0.211112010669083,-3.12631659489152,0.00177010877050222,0.006144112945717
"Os01g0917700",519.163731036912,-0.98871813677022,0.316270321159968,-3.12618058230678,0.0017709276985535,0.00614622290993623
"Os02g0770600",2391.44341718826,-0.816888866412572,0.261366629417477,-3.12545204501899,0.0017753201339646,0.00615926530156268
"Os04g0530900",267.419809049002,-1.61570208950175,0.517167901598976,-3.12413451126091,0.00178328913917802,0.00618470243076602
"Os06g0663500",854.338549297574,-0.715510420875536,0.229035748157151,-3.12401197905837,0.00178403193483646,0.0061865417964167
"Os03g0830300",10.9497673746616,-7.10023308073182,2.27310834079738,-3.12357882521391,0.0017866600129467,0.00619418010678973
"Os10g0368400",624.980328256708,-0.794034684078104,0.254252913687883,-3.12301114886277,0.00179010966864639,0.00620540099634808
"Os01g0112000",464.222764202036,-1.4352047007273,0.459753290783001,-3.12168445446692,0.00179819561148895,0.00623120568750372
"Os05g0105100",2518.70692637171,-0.595560387398214,0.190801462461339,-3.12136175328786,0.00180016748121876,0.00623729653635369
"Os07g0123500",379.449761407424,-1.49994553005623,0.480593335972645,-3.12102856570113,0.00180220551341138,0.00624287248264139
"Os05g0214900",267.731829968066,-1.13223948283295,0.362910437282901,-3.11988679992228,0.00180920552859879,0.00626563008727005
"Os10g0522601",1346.2587775456,-1.13107151110401,0.362586115342754,-3.1194562153457,0.0018118518679891,0.00627330282957775
"Os01g0823300",8983.86124452948,-1.08317930202716,0.347284535188262,-3.11899665051302,0.00181468024196596,0.00628234878822308
"Os01g0710100",103.4287778286,-1.78841100578215,0.573421558503178,-3.11884159090651,0.00181563546541908,0.0062849085966878
"Os01g0706700",527.241331867271,-0.841142271790093,0.269710556574516,-3.11868501727592,0.00181660048466407,0.00628750170125827
"Os03g0209500",1225.59807782032,-1.20760419309054,0.387276915080481,-3.11819307081493,0.00181963559443155,0.00629576188440484
"Os12g0548100",495.324154317955,-1.31327977725033,0.421274021354101,-3.11740033963893,0.00182453622995847,0.00631121796993119
"Os05g0339300",144.567693383926,-1.45317946564133,0.466196111092533,-3.11709907282537,0.00182640182882706,0.00631617077058563
"Os05g0403300",228.279974301938,-1.54895817049513,0.496939990486839,-3.11699239374487,0.00182706286063449,0.00631764381932777
"Os08g0484100",393.213023757179,-0.597047958783399,0.191587088737143,-3.11632669361424,0.0018311928084337,0.00632973257770993
"Os10g0564300",9101.61318728182,-1.0316154010019,0.331072567597569,-3.11597970344638,0.00183334890568121,0.00633643328165776
"Os06g0221000",124.24926419669,-1.71098448867641,0.549246153074309,-3.11515060979395,0.00183851010455957,0.00635276355778165
"Os06g0279350",12.1102788095208,-6.81574173088904,2.18807167208674,-3.11495359948101,0.00183973847682489,0.00635625387615311
"Os04g0652500",907.870423072014,-0.560056248539015,0.179854856578677,-3.11393453139265,0.00184610448081236,0.00637597897179998
"Os03g0589300",59.0037313783492,-2.72374150582291,0.874977607067368,-3.11292710101688,0.00185241767321944,0.00639626600420873
"Os03g0162200",2294.12715875022,-1.32714599570671,0.426423152856247,-3.11227471308086,0.00185651652129491,0.00640965905550093
"Os12g0104700",1750.69358090556,-0.640735188126688,0.205879394818009,-3.11218705831672,0.00185706787655147,0.00641080259612755
"Os03g0694500",263.395757723493,-1.10864094998431,0.35626594173569,-3.11183534576202,0.00185928168888541,0.00641692360082021
"Os12g0107700",583.880851550263,-1.36495674067425,0.438656428383286,-3.11167613730168,0.00186028460430088,0.00641962415528503
"Os03g0217801",148.555710506652,-0.812302829798394,0.261208342289097,-3.10978900091699,0.00187221032171276,0.00645589136076023
"Os02g0105400",1812.98828918101,-1.0231234155249,0.329186656306188,-3.10803428974124,0.0018833621504855,0.00648926556394211
"Os01g0895500",307.331220376349,-0.657888216354389,0.211724796941859,-3.10727994952358,0.00188817498376129,0.00650430942478072
"Os08g0553450",348.526009714636,-2.07300045724503,0.667169728314866,-3.10715604930248,0.00188896656986352,0.00650626664075287
"Os06g0678100",72.5455940869747,-1.70933984225484,0.550279508019745,-3.1063120057044,0.00189436719598412,0.00652332523134083
"Os09g0135800",619.709310920336,-0.569363299855565,0.183312990469488,-3.10596264016726,0.00189660676381657,0.00652949310507934
"Os07g0408500",944.80797853441,-1.43482749067204,0.46200208561158,-3.10567318927288,0.00189846409735609,0.00653511482780191
"Os02g0604100",4536.66913953717,-0.596778512308973,0.192176682700426,-3.10536379295952,0.00190045126266459,0.0065411820909252
"Os02g0325600",330.004929500224,-0.915672772516242,0.294887242343847,-3.10516238423276,0.0019017458805043,0.00654392159320482
"Os01g0100200",57.3269228508591,-2.24063406143445,0.721772203740871,-3.10435072149006,0.00190697131091969,0.00655897230620093
"Os11g0220800",18530.8281661064,-0.786202422245254,0.253314773960987,-3.10365799022183,0.00191144149434745,0.0065727948043909
"Os07g0591100",853.546094107227,-1.56792715098377,0.50527775950109,-3.10309947647793,0.00191505257907239,0.00658443461720733
"Os04g0600000",295.616843860014,-1.07295585278545,0.345806943791752,-3.10275971043424,0.00191725240873624,0.00659122000321295
"Os06g0562300",8.41926355029954,-7.25732114047123,2.33907698819172,-3.10264312680092,0.00191800776898243,0.00659226038573189
"Os06g0273100",54.6310086443166,-4.60235345658761,1.48344346015115,-3.10247985866524,0.00191906606343184,0.00659511941223295
"Os11g0564900",7.00817895396208,-7.36435825817461,2.37414570846576,-3.1018981825398,0.00192284081366265,0.00660653258323308
"Os03g0345200",21207.2323603058,-0.88788377769718,0.286305985241752,-3.10117085728216,0.00192757033699845,0.00662200110346455
"Os09g0108400",683.446985069789,-0.509909539113485,0.164435217203944,-3.10097525204141,0.00192884410592758,0.00662559542967951
"Os03g0758100",1219.91423405396,-0.838526475372202,0.270617213167623,-3.09857035905846,0.00194456790898716,0.00667645680800802
"Os02g0611400",2497.67628114805,-0.861444227286986,0.278028030447269,-3.09840783284032,0.00194563478061002,0.00667933232122185
"Os02g0727300",1909.59263356449,-0.602896743195111,0.194610664606466,-3.09796353871082,0.00194855400582357,0.00668856550655282
"Os09g0344700",236.329195387097,-0.863188575779185,0.278699012675902,-3.09720715366503,0.00195353306986619,0.00670407613252924
"Os06g0138100",2063.8196869179,-0.525977226081797,0.169874697306514,-3.09626586196499,0.00195974563295195,0.00672381153661955
"Os05g0103100",3114.98361119878,-0.84817399474529,0.273948054804119,-3.09611249239116,0.00196075959499271,0.00672649792971818
"Os11g0650600",50.2905052904423,-2.11151094866965,0.682087884440686,-3.09565819425322,0.001963765892825,0.00673522439416436
"Os07g0518100",285.946033500107,-1.18368541868307,0.382432784604373,-3.09514630108816,0.00196715839293407,0.00674527101366138
"Os01g0304000",8553.10933984227,-1.01973801317886,0.329468836169531,-3.09509702050893,0.00196748527679831,0.00674559762549097
"Os08g0535600",1899.92846956518,-1.09515413831643,0.3538815066491,-3.09469163474076,0.00197017614093994,0.00675323323639982
"Os10g0452500",806.712655572002,-1.69884153296655,0.549044789115211,-3.09417658931658,0.00197359977509167,0.00676101775464042
"Os03g0200500",28254.5836193425,-0.858647358513232,0.277525744580193,-3.09393768067207,0.00197518971326176,0.00676393316442191
"Os09g0551600",3652.36534585713,-1.37529699319865,0.444517756727162,-3.09390788643519,0.00197538807648542,0.00676393316442191
"Os05g0557000",9236.91027219357,-0.918533733524078,0.296924403632836,-3.09349357036984,0.00197814839405792,0.00677179235121132
"Os06g0165800",1696.3696999368,-0.914353171426107,0.295635658428381,-3.09283790827829,0.0019825238783423,0.00678597324695398
"Os02g0739400",2351.59511701812,-0.982615460482747,0.317714494490457,-3.09276245661578,0.00198302796574121,0.00678690097759028
"Os02g0786500",313.500199786497,-1.66227372618273,0.537587764093887,-3.09209739731431,0.00198747627281259,0.00680132597142752
"Os03g0110500",151.054402326669,-1.38422703493792,0.447713634945114,-3.09176877114233,0.00198967769684092,0.00680725962023041
"Os12g0150100",9884.09181657809,-0.868790079137538,0.28099932431865,-3.09178707544628,0.00198955501985339,0.00680725962023041
"Os01g0370200",185.051268196606,-1.68715894630321,0.54576394538025,-3.09137120651624,0.00199234392209088,0.00681558084096447
"Os03g0563600",4524.0106710136,-1.27578341503208,0.4127019992681,-3.0912944868079,0.00199285881203284,0.0068157409658274
"Os04g0396500",203.890293529848,-1.34844357458358,0.436486666751977,-3.08931217674468,0.00200620513412642,0.00685977526312429
"Os10g0117800",184.959559569249,-1.09329664016372,0.353919361092778,-3.08911226780024,0.00200755560667818,0.00686358703659098
"Os10g0193100",994.233906034363,-1.26346417909564,0.409053029800904,-3.08875399287617,0.00200997799844913,0.0068710622456668
"Os04g0613700",8805.02807338747,-0.963828669732421,0.3121123160119,-3.08808278394138,0.00201452344149826,0.00688579244874556
"Os05g0306000",4313.72506274645,-0.335788044523417,0.108745051644049,-3.08784666011782,0.00201612471931903,0.00688964844825261
"Os01g0814200",928.824729747406,-0.960479291932819,0.311185144093493,-3.08652038878903,0.00202514057696512,0.00691802274280096
"Os04g0667200",31.6706490603381,-2.36475226221187,0.766214736702749,-3.08627875311836,0.00202678717046945,0.00692202368692522
"Os03g0633500",949.602368101583,-1.2190787188772,0.39512943306442,-3.08526426245358,0.0020337136942688,0.00694242295211534
"Os09g0240200",121.5627057093,-3.03952489774837,0.986168060308826,-3.08215710899876,0.00205506341313911,0.00700955220396314
"Os06g0661600",1078.26715680356,-0.318251846351883,0.103265326577233,-3.08188485816545,0.00205694385320046,0.00701514450086705
"Os11g0312400",4563.07710632857,-1.1610645090103,0.376755274161146,-3.08174719410481,0.00205789530145069,0.00701756756075491
"Os12g0176800",3336.89423395693,-0.675473238703405,0.219201369478807,-3.08151924556617,0.00205947162758917,0.00702212068126119
"Os12g0124300",284.88682323914,-1.00446771142836,0.32597456241853,-3.08142974094613,0.00206009087918629,0.00702340980843632
"Os03g0850100",708.030901117239,-0.856990038527691,0.278147706313706,-3.08106095816999,0.00206264416231256,0.00703046855042911
"Os01g0502700",2056.66647708758,-1.53913198136384,0.499576765493945,-3.08087182525805,0.00206395475794123,0.00703411240032352
"Os03g0336400",27.7353344537666,-1.74025035959875,0.564940707873612,-3.08041239610595,0.00206714155246499,0.00704414887560092
"Os03g0594700",868.819733644626,-1.04497443143652,0.339294921653725,-3.07984106081904,0.00207111087193116,0.00705602372629613
"Os08g0539700",74.9896147890087,-1.73739332589207,0.564163343712203,-3.0795927194773,0.00207283838835732,0.00706108311448612
"Os02g0792600",304.272708708789,-1.87106686971334,0.607732276018335,-3.07876830562952,0.0020785826720469,0.00707816704576119
"Os05g0450600",527.477225351893,-1.45116038124908,0.471407934486369,-3.07835374648545,0.0020814767175884,0.0070863648549929
"Os08g0347200",1536.08446917425,-0.525927613010889,0.170852036567874,-3.07826364599379,0.0020821061996369,0.00708767933907957
"Os03g0338600",985.40896111796,-0.694598183424987,0.225666049069015,-3.07799151130864,0.00208400851372848,0.00709249689573457
"Os05g0370900",98.2287619575263,-1.68582989707558,0.547969284008998,-3.07650437035792,0.00209443232478395,0.00712547408438764
"Os02g0591800",4630.73123891685,-0.810416271931388,0.263457489225563,-3.07607984238223,0.00209741672876422,0.00713479382958435
"Os04g0303100",381.261206296721,-1.10832442071879,0.360372700082533,-3.07549495415429,0.00210153484351516,0.0071479674974128
"Os02g0667100",700.707833674363,-1.22445264378999,0.398292673382423,-3.07425349653452,0.00211030035531091,0.00717359249998416
"Os02g0552150",89.8161852810546,-1.80766667797344,0.588261567841276,-3.07289610063594,0.00211992283155443,0.00720249131782877
"Os03g0242200",933.408535920267,-0.627548277238158,0.204279900440645,-3.07200207110193,0.00212628249873726,0.00722201993564572
"Os12g0599700",25.1777424500751,-2.59063318594069,0.843328164851809,-3.07191588507651,0.00212689650553167,0.00722326297773682
"Os12g0503300",89.1275891230112,-1.89237352481971,0.61617676070535,-3.07115367780743,0.00213233370660604,0.00724003989784087
"Os01g0278050",100.893557228281,-1.53015539757079,0.498254377541401,-3.07103252182394,0.00213319914513886,0.00724213400614757
"Os07g0686900",1736.92578469767,-0.687918026136113,0.224020582782519,-3.07078045058007,0.00213500076666549,0.00724740556321626
"Os05g0219900",56.6388349280502,-5.05780018622685,1.64777383286976,-3.06947475759958,0.00214435525900018,0.00727240399766972
"Os04g0494950",159.676357868239,-2.16364595512327,0.705090469274316,-3.06860757506779,0.00215058884368461,0.00729097186330423
"Os03g0274400",27.8921824771471,-3.54792596100821,1.15621632175089,-3.06856588534876,0.00215088894082356,0.0072911404649824
"Os09g0396300",1190.48722801115,-0.499617657460648,0.162829883097402,-3.06834131399448,0.00215250614430495,0.00729577326983809
"Os06g0664400",2874.95920338006,-0.619409158606277,0.201900080197843,-3.06789951742126,0.00215569090390594,0.00730486740790654
"Os04g0368000",162.916807561257,-1.46748998558655,0.47837578960681,-3.06765103391357,0.00215748403368668,0.00731009308074734
"Os07g0618400",1750.5553062279,-0.786490016576719,0.256396409562195,-3.06747671669691,0.00215874277380811,0.00731350710316888
"Os10g0557600",1068.24608609358,-1.59724736855829,0.520803994058304,-3.06688770973495,0.00216300096048906,0.00732708083882313
"Os05g0512400",940.533356759502,-0.880192216518843,0.287033750292005,-3.06651122254232,0.0021657267821754,0.00733546119452338
"Os10g0377400",5156.88815149647,-0.71490613838358,0.233176184167691,-3.06594835546948,0.00216980789496569,0.00734757506013845
"Os06g0127800",1252.4964148872,-1.33407551217337,0.435243752947547,-3.06512271144336,0.00217580704952158,0.00736446453930352
"Os05g0494500",11019.8377160623,-0.605223939707224,0.197486843460334,-3.06462916264488,0.0021794004473106,0.00737405598078068
"Os03g0711400",6488.45487225157,-0.388410055895735,0.126746395912322,-3.06446627614107,0.00218058757413818,0.00737721553601906
"Os02g0709100",165.047538646667,-0.990583625137597,0.323253669144375,-3.06441571957895,0.00218095615398322,0.00737760542644897
"Os03g0721400",2434.59542560556,-0.665653508696718,0.217259104258836,-3.06386934148305,0.00218494313874899,0.00738680219255259
"Os04g0619800",2642.86766198037,-1.39835675727558,0.456450091210391,-3.06354798520795,0.00218729123218594,0.00739302405567767
"Os09g0524500",107.952826304857,-1.63208594992403,0.53275231993604,-3.06349853177546,0.0021876527849605,0.00739338800088425
"Os03g0736500",1905.40666547242,-1.58377361007237,0.517067037172797,-3.0629947303005,0.00219133918751971,0.00740498721500915
"Os07g0616800",25.5220970863143,-4.05350929221271,1.32342000642384,-3.06290465047913,0.00219199891689114,0.00740635717109916
"Os01g0682200",2001.34108736634,-0.397211524459462,0.1296936341867,-3.0626909867269,0.00219356448215937,0.00741078710550408
"Os06g0667600",3662.26352958847,-0.514050727398689,0.167851537540019,-3.06253213364894,0.00219472910070983,0.00741386160200344
"Os12g0496900",1542.16373077569,-0.695699548077493,0.227237760174266,-3.06154904688363,0.00220194913771684,0.00743576156247263
"Os08g0155000",3486.00824724571,-0.49148338530027,0.160587829170236,-3.06052698912355,0.00220947846292272,0.00745849447052688
"Os04g0691700",1952.0938792032,-0.469351974318921,0.153367339446516,-3.06031242383649,0.00221106212246386,0.00746211045664532
"Os09g0535100",3195.47803915662,-0.306907237685187,0.100292404315904,-3.0601244409146,0.00221245043825363,0.0074659306677662
"Os05g0512600",2387.91102486117,-1.502550675418,0.491023926664915,-3.06003555798896,0.00221310714606569,0.00746728146306629
"Os11g0618850",62.9474037524543,-2.68781758883484,0.879185114482108,-3.05716912691148,0.00223438167156517,0.00753208276876039
"Os04g0611800",287.861136543453,-1.28156243177152,0.419227595161622,-3.05696105543206,0.00223593324083096,0.00753644072216195
"Os01g0744400",2149.50401949923,-0.514080259222625,0.168224587152208,-3.05591630762922,0.00224373876038074,0.00756099978937836
"Os01g0103900",208.611676880702,-1.39371090026407,0.45618425167258,-3.0551490875761,0.00224948670584295,0.00757949228827471
"Os02g0201500",331.926696904531,-0.524733750738995,0.171760115209879,-3.05503841853976,0.00225031694110041,0.00758141253571565
"Os03g0150200",8.36510304589894,-4.97282416030927,1.62793002971978,-3.05469158349838,0.00225292070456223,0.00758930673895445
"Os04g0487300",1316.6346556975,-0.898148006963093,0.294029649090445,-3.0546171440242,0.00225347989699316,0.00759031246359411
"Os05g0349700",2811.38322146841,-0.929300183790716,0.304263617684546,-3.05425995675301,0.00225616487215172,0.00759759868256272
"Os09g0111100",441.908592510842,-1.62888548172631,0.533468531155961,-3.05338625728627,0.00226274482503449,0.00761711418271348
"Os07g0663300",40.3538703503694,-1.89766984732868,0.62156862323846,-3.05303352901174,0.00226540624915902,0.00762519195423127
"Os01g0821800",4746.02245028316,-0.341319633383844,0.111820387640867,-3.05239179173711,0.00227025567583626,0.00763533731281945
"Os02g0557200",5744.25681808791,-0.433259847675557,0.141936603585774,-3.05248848239302,0.00226952440396867,0.00763533731281945
"Os03g0221500",990.561203495314,-1.48716794052646,0.487209223711848,-3.05242156377159,0.00227003048680778,0.00763533731281945
"Os05g0206600",33.5450205759631,-1.71103167462669,0.560548439250638,-3.05242429523854,0.00227000982762585,0.00763533731281945
"Os06g0572300",14.6803322110691,-6.28672272405283,2.05966195678908,-3.05230802721314,0.00227088936180865,0.00763570488333813
"Os07g0414800",943.660180538073,-0.512723990385494,0.16798727575887,-3.0521596833409,0.00227201199382289,0.00763859770077466
"Os02g0273900",179.334069168438,-1.1855572504807,0.38846308469936,-3.05191740779752,0.00227384657224672,0.00764361894498483
"Os10g0578700",207.402965300711,-1.93766563512925,0.634996672422151,-3.05145793557966,0.0022773295526884,0.00765294152243152
"Os05g0279300",386.793095730783,-0.922402514941911,0.302397059117345,-3.05030253149378,0.00228610957921988,0.00768067410775742
"Os06g0669600",4691.69259757493,-0.432098793879698,0.141667929498649,-3.05008194450826,0.00228778936190182,0.00768543105286707
"Os01g0823200",357.779471937371,-0.529773012349929,0.17379383430621,-3.04828427581909,0.0023015209225001,0.00772799403955355
"Os02g0732800",297.053979733344,-1.29920097930953,0.426249502599663,-3.04798239384633,0.00230383424866635,0.00773308678995638
"Os01g0886600",1897.89295662541,-0.736495008926018,0.241644509500582,-3.04784499531219,0.00230488784081581,0.00773472833984631
"Os12g0228400",1000.86167868453,-0.652456874628197,0.214071767955342,-3.04784176288164,0.00230491263288078,0.00773472833984631
"Os10g0333700",91.1658192800295,-6.92934795893856,2.2736593809304,-3.04766317112241,0.00230628277385404,0.00773595564848852
"Os10g0407000",2318.10961800806,-0.773046406583667,0.253651395961869,-3.0476725887993,0.00230621050360027,0.00773595564848852
"Os06g0488050",436.746605241828,-1.16844450605751,0.38363027824538,-3.0457567411041,0.00232095530028745,0.00777889978765923
"Os05g0490100",8685.02819256008,-0.822469687748202,0.270104903857161,-3.04500094594042,0.00232679578087567,0.00779578310292927
"Os01g0236300",3142.65666439581,-0.477350746283869,0.156777594491326,-3.04476381228237,0.00232863102636763,0.00780103448175294
"Os05g0451900",886.825202420225,-0.485208816493124,0.159415201859082,-3.04367971708266,0.00233703804557357,0.00782559755814574
"Os08g0536300",3231.74628311034,-0.943817220848351,0.310259387668453,-3.04202631205127,0.00234991352199972,0.00786147979180652
"Os07g0207301",1135.42252767398,-1.06343048993752,0.349605184831956,-3.04180411525842,0.00235164876597679,0.00786638127300439
"Os03g0161600",173.410055774334,-1.53089239567376,0.503505999438087,-3.04046505380719,0.0023621310198605,0.00789509693106594
"Os07g0585800",7330.05293465818,-0.563509805269339,0.185352847230361,-3.04020042685934,0.0023642075912758,0.0079011307634994
"Os07g0154300",1541.4403179661,-0.775881714637249,0.255218632094361,-3.040066895862,0.00236525606546561,0.0079037277267343
"Os03g0328300",22.4509807904789,-4.01436756467431,1.32054316946148,-3.03993663933862,0.00236627923893567,0.00790548630284137
"Os12g0564800",105.608219852755,-2.94403240783389,0.968453763808291,-3.03993078229873,0.00236632525588449,0.00790548630284137
"Os11g0621200",10.8925967933251,-6.44246621052787,2.11945246759117,-3.03968421516429,0.00236826320093747,0.0079110531013651
"Os04g0225100",6.83012083797336,-6.2422764593028,2.05374454639218,-3.03946100320443,0.00237001883425035,0.0079160096904506
"Os06g0633300",274.918908483073,-1.58463563371318,0.521432769388317,-3.03900277608577,0.00237362667128496,0.00792533317142406
"Os01g0311500",2517.26766787556,-0.322773805979866,0.106230048209312,-3.03844167842119,0.00237805130433595,0.00793919638712274
"Os07g0192300",1693.93284510319,-0.4327260460988,0.142432923086805,-3.03810408942516,0.00238071705793853,0.00794627417321329
"Os08g0482500",519.57205355109,-0.64309315623152,0.211681869084047,-3.03801718595079,0.00238140372923979,0.00794765521463684
"Os03g0817500",267.735808085164,-1.64636601373764,0.542009940203479,-3.03751996341537,0.00238533604088843,0.00795895464971963
"Os04g0433000",8.278780741554,-6.40532481114844,2.10878927825499,-3.03744185215547,0.00238595432805178,0.00796010561822933
"Os05g0274900",6978.06184899674,-0.927804131885418,0.30549461649854,-3.03705558716401,0.00238901395331737,0.00796892910363162
"Os11g0133900",520.321287324676,-0.728661832145539,0.239958002109302,-3.0366223494961,0.00239244992483922,0.00797812054404762
"Os03g0756300",521.459688662012,-1.54230275175366,0.507998209539927,-3.03603973949132,0.0023970776881944,0.00799100298774563
"Os09g0518750",218.580524163242,-0.946030292273928,0.311616455273576,-3.03588041088326,0.00239834468661386,0.00799320141491976
"Os02g0706500",1366.94884835531,-1.19409125700025,0.393372523136079,-3.03552278507052,0.0024011907985192,0.00800177119057971
"Os05g0210500",480.006240061113,-1.26466718813543,0.416657781765629,-3.03526597481577,0.00240323649161228,0.00800675587561294
"Os02g0606200",2259.70253246669,-1.03307432648499,0.340370668838937,-3.03514497888135,0.00240420087096163,0.0080090525925583
"Os04g0583500",2352.87835224442,-0.696499471537322,0.229517654801421,-3.03462263998791,0.00240836815898734,0.00802109990004909
"Os02g0576900",11.523312361976,-3.14572006289083,1.03747501848017,-3.03209234618401,0.00242864891988741,0.00808417223500054
"Os03g0245700",761.835026642701,-1.06356016357925,0.350823144619766,-3.03161344936913,0.00243250491027991,0.00809315754566108
"Os04g0660400",12719.1919202783,-0.570070608062261,0.188040293316502,-3.03164070853018,0.0024322852741541,0.00809315754566108
"Os01g0144300",25.6359056336122,-2.89124346409254,0.953710215603838,-3.03157438893737,0.00243281966480846,0.00809328013234544
"Os11g0670900",86.269613248766,-1.51511793451854,0.499806742502998,-3.03140755350945,0.00243416446812259,0.00809590425315968
"Os01g0738000",789.811787382163,-1.04380342194427,0.344340612545934,-3.03131081235742,0.00243494457704766,0.00809757405193352
"Os12g0270900",132.662234359566,-1.90115845888232,0.627187143058582,-3.03124590470877,0.00243546811271157,0.00809839031495621
"Os01g0124401",4969.15540441646,-2.78185885991026,0.918103042516152,-3.03000723348688,0.00244547881709389,0.00812703801339817
"Os08g0116500",28897.8903046338,-0.986736144820987,0.325729258786358,-3.02931381877541,0.0024510992888844,0.00814478702543261
"Os05g0406800",1250.19286498337,-1.20083019198596,0.396413789346028,-3.02923415950539,0.00245174572339315,0.00814600558547124
"Os10g0347000",219.58045236226,-1.93533884549977,0.638896841939153,-3.02918831094189,0.00245211785495073,0.00814631259090522
"Os04g0462600",150.122490371015,-1.05093445455253,0.346948752991442,-3.02907690398431,0.00245302230903073,0.00814838778186298
"Os10g0537400",32.1446150056425,-2.73780239903899,0.903898326341148,-3.02888313790913,0.00245459612041378,0.00815268570012431
"Os08g0197500",79.9915923892014,-2.00840282978554,0.663159309346001,-3.02853748937974,0.00245740584945983,0.00816015657331462
"Os02g0114100",376.092011607927,-1.57082377628003,0.518777643927789,-3.02793266954788,0.0024623294276409,0.00817464176832629
"Os04g0589400",107.876603803562,-2.23802668361785,0.739166319122914,-3.02777145781408,0.00246364330583105,0.00817620744756829
"Os01g0180800",16079.3596525284,-0.416087104202375,0.13744063748145,-3.02739503997522,0.00246671361520869,0.00818546420944708
"Os05g0121900",383.026098211792,-1.2434652490411,0.410800192189925,-3.02693443840018,0.00247047534516874,0.00819607917543905
"Os10g0418000",1891.08423989306,-1.36841788869036,0.452077541877354,-3.02695392256756,0.00247031611184093,0.00819607917543905
"Os06g0521500",188.429395725705,-1.62930570800979,0.538442887735157,-3.02595826804048,0.00247846507804468,0.00821977679111915
"Os02g0757700",1267.32498811157,-1.06581485596686,0.352264581121222,-3.02560891184256,0.00248133021900103,0.00822740505951816
"Os07g0143500",130.975258481937,-1.29284582509363,0.427388101571664,-3.02499255440047,0.00248639248177498,0.00824325157721437
"Os09g0507100",64.2709928972653,-1.34821046265266,0.445699126928569,-3.02493404450561,0.00248687352557619,0.00824390788979279
"Os02g0190500",1689.71891754888,-0.543792068134208,0.179781269869017,-3.02474261379063,0.00248844798366512,0.00824818827456132
"Os07g0603900",2683.32428768572,-0.970690137809373,0.321018643918897,-3.0237811921435,0.00249636917807424,0.00827161943382387
"Os04g0485300",10928.5081468548,-0.263065608596259,0.0870061854310813,-3.02352766407207,0.00249846184683654,0.00827666999244382
"Os03g0692000",144.887386715004,-1.1837626149568,0.391526892118172,-3.02345161670149,0.00249908986906956,0.0082778088224572
"Os08g0177500",712.120500592522,-1.25160665108957,0.414039024457644,-3.02291952486621,0.00250348808655913,0.00829049125048613
"Os11g0251200",73.999709542293,-8.4386463662723,2.7915398084172,-3.02293606590443,0.00250335125342885,0.00829049125048613
"Os05g0367000",707.511444433299,-0.543863238653304,0.179986360287534,-3.02169140919603,0.00251366661339205,0.00832041362982533
"Os02g0209000",7181.83829063841,-0.579123426450926,0.191718212589884,-3.0207011562838,0.00252190130461657,0.00834387750432217
"Os05g0489800",404.806423952443,-1.6121568214681,0.533700640161659,-3.02071367382991,0.00252179705808059,0.00834387750432217
"Os08g0278600",991.357341904587,-0.769475245090854,0.254763517639467,-3.02035099931298,0.00252481902125584,0.00835190996902713
"Os04g0507000",754.162222321758,-0.714483939596819,0.236589674064257,-3.01992866942607,0.0025283422334524,0.00836138797667507
"Os01g0130400",1232.02630769101,-1.40742962225539,0.466138794885568,-3.0193359525051,0.00253329445382846,0.00837586297506726
"Os05g0566700",105.81377614289,-0.998432575724553,0.330757166163461,-3.01862719198388,0.00253922787901921,0.00839262221005531
"Os02g0805800",2109.25879319453,-0.570816472271233,0.189125590700495,-3.01818738626014,0.00254291612323913,0.00840195181994214
"Os07g0152000",836.965119404569,-0.840287462742952,0.278456956142429,-3.01765656848289,0.0025473741266725,0.00841550421408172
"Os07g0484200",601.462414802294,-1.36815093528515,0.453409388842838,-3.0174737642219,0.00254891103813743,0.00841889387009621
"Os11g0461200",56.1476551033397,-2.09006663362459,0.692714870711694,-3.01721057536597,0.00255112526576939,0.00842429640432432
"Os03g0244200",5333.21341798464,-1.22399599022751,0.405716473945327,-3.01687525360988,0.00255394890129521,0.00843266438815409
"Os08g0554900",3725.41503567585,-0.686030159340812,0.227480171553286,-3.01578003329453,0.00256319132030532,0.00845773885870861
"Os08g0203300",2071.04336358163,-0.881254487605777,0.29222003928269,-3.01572229532575,0.00256367941106899,0.00845807996025276
"Os02g0223200",4.9918142785542,-5.62426909778416,1.86527157869672,-3.01525480901493,0.00256763446083248,0.00846920951051802
"Os06g0291600",1116.99120464215,-0.933933278876367,0.309768949506229,-3.01493510038709,0.00257034248676661,0.00847526199044579
"Os03g0191100",1963.6402444957,-0.604970504519419,0.200703514624395,-3.01424967894352,0.00257615701156649,0.00849058900982791
"Os05g0147133",249.618374345777,-1.02725232342841,0.340924364319631,-3.01313848741336,0.00258560896297888,0.00851788509274558
"Os07g0229100",181.575880453989,-1.75313845619473,0.581819054495283,-3.01320220204122,0.00258506614158695,0.00851788509274558
"Os07g0686600",176.739265126908,-1.26819325891895,0.420885339509874,-3.01315617311779,0.00258545827788873,0.00851788509274558
"Os04g0566500",9132.63175225607,-0.420952761120459,0.13973780149312,-3.01244728786709,0.00259150438945801,0.00853441036184509
"Os03g0728600",639.64284720367,-0.613729339382137,0.203771603843111,-3.01184918706663,0.00259661566795401,0.00855027606084993
"Os03g0805300",5634.32633565157,-0.290663721455948,0.0965172626096156,-3.01152056737869,0.002599427923656,0.00855760117484851
"Os01g0631500",181.822414772115,-1.30956486160029,0.434859072167214,-3.01146956662026,0.00259986462658244,0.00855807139768665
"Os06g0659750",127.707369567668,-2.37526477844662,0.788952295946963,-3.01065703293967,0.00260683114184897,0.00858003351185868
"Os01g0223600",2759.25951123016,-0.629273007677406,0.209020023975596,-3.01058719498987,0.00260743071544358,0.00858103709968899
"Os01g0723800",1310.67099513501,-0.960761175780159,0.319132995061773,-3.01053539009399,0.0026078755528955,0.00858123077710841
"Os02g0170500",3337.0701269043,-0.557443469036105,0.185168956581598,-3.01045855270269,0.00260853546675364,0.00858123077710841
"Os09g0488600",154.630242621464,-1.46846020413075,0.487779462266456,-3.01050027261826,0.00260817713853216,0.00858123077710841
"Os05g0208000",19262.0137020809,-0.530805257975922,0.176344845850962,-3.01004123718213,0.00261212222597367,0.00859075072120116
"Os02g0179400",425.464594496102,-1.52540113278295,0.506849721893854,-3.00957279227314,0.00261615380490113,0.00860196805987703
"Os07g0123400",220.3632508691,-1.37665693408595,0.457598291143528,-3.00843984938344,0.00262592778157412,0.00863020752228886
"Os01g0150100",1231.39268989446,-0.515341114908515,0.171360838884968,-3.00734472509473,0.00263540721154829,0.00865843059732731
"Os04g0448300",440.48489812812,-0.907565798843632,0.301795124311013,-3.00722485466116,0.00263644671088233,0.00866086871001865
"Os02g0736800",85.2986743080485,-1.58805390456473,0.52810205466549,-3.00709662182745,0.00263755914267689,0.00866354583273589
"Os02g0816700",462.091867257098,-0.913133384664364,0.303725959916536,-3.00643838582417,0.00264327615824904,0.00868036629234649
"Os01g0190500",419.990181350339,-1.49904598280888,0.498666261855652,-3.00611069461685,0.00264612649487467,0.00868628232468333
"Os03g0125100",309.130471412322,-1.13103695446261,0.376268800698014,-3.00592808217005,0.002647716120459,0.00869004720613173
"Os03g0612600",3059.83997184423,-1.11628961917453,0.371369063390892,-3.00587671192081,0.00264816345132507,0.00869053595103546
"Os05g0376600",229.451769060053,-1.3757503791776,0.457778759694691,-3.00527350831029,0.00265342130396565,0.00870582866314643
"Os04g0538300",40.054068463911,-2.28905167070163,0.761690403294657,-3.00522582508647,0.00265383734370442,0.00870621281101274
"Os05g0458300",380.506090690077,-1.71720792486668,0.571452093325547,-3.00499017314547,0.00265589430030674,0.00871197947888408
"Os02g0591700",18605.4989067647,-0.834726913813438,0.277883382083485,-3.00387489008846,0.00266564915578972,0.00874003993637788
"Os03g0118100",81.5543038491079,-2.08945042360967,0.695703609557514,-3.00336291907212,0.00267013808184712,0.00875377251148845
"Os03g0750900",204.3532538748,-1.88364823472728,0.627187120895468,-3.00332735155323,0.00267045019186798,0.0087538102755042
"Os04g0517500",360.997084250244,-1.1148652540099,0.371269372974611,-3.00284735333161,0.0026746655067765,0.00876368236817564
"Os01g0209000",2148.19179362626,-0.521057428599756,0.173578427799686,-3.00185590574117,0.00268339159695931,0.00879029584776703
"Os06g0638500",1533.45414072594,-0.961001212367493,0.320446339653969,-2.9989458247681,0.00270915474191371,0.00886272797056966
"Os06g0680900",1207.17278159172,-0.467069634414697,0.155774118176806,-2.99837765015987,0.00271421112502376,0.00887827208614422
"Os02g0769200",488.847726395875,-1.64404558605858,0.548338347623539,-2.99823200982343,0.00271550861662251,0.00888151863581319
"Os02g0286933",10.1941551413729,-3.32543264821002,1.10924684908821,-2.99791939994556,0.00271829553296307,0.00888963531846721
"Os02g0161100",180.321758317595,-1.07081621425625,0.357193382645305,-2.99786128826349,0.00271881388643193,0.00889033213571419
"Os01g0913600",40.5342279944514,-1.67843389975824,0.559954106281486,-2.99744904257296,0.00272249369218533,0.00890036610954435
"Os05g0176400",253.903713454802,-0.923994458767286,0.30827753865858,-2.99728116030737,0.00272399355375165,0.00890351599126143
"Os10g0569200",14613.7808387099,-0.624734056733712,0.208464767676924,-2.99683281590257,0.0027280027673703,0.00891437349543962
"Os01g0827300",1612.85152298424,-1.23472712614776,0.412317141250938,-2.9946053719758,0.00274800119869769,0.00897468777710824
"Os05g0280200",532.099805958965,-0.695743763941471,0.232331723963363,-2.99461370179126,0.00274792616314109,0.00897468777710824
"Os01g0196600",1013.33080650192,-0.662871772283154,0.22136179315226,-2.99451754001292,0.00274879250905256,0.00897483875142711
"Os05g0156200",332.798231809604,-0.819395836048267,0.27363298589847,-2.99450679660492,0.00274888931464061,0.00897483875142711
"Os09g0485900",31722.9739417591,-0.773492199893241,0.258304496114934,-2.99449762403312,0.00274897196836515,0.00897483875142711
"Os07g0581400",84.6931602427766,-1.22130087260337,0.407938152544693,-2.9938383183455,0.00275491889863037,0.00899022278865013
"Os09g0433600",1529.17223766666,-1.47213179569041,0.491785314387438,-2.99344399399985,0.00275848131402312,0.00899983114799253
"Os01g0321700",2185.49707620607,-0.38039063369036,0.127077680091136,-2.99337093199652,0.002759141834582,0.00900097776483666
"Os04g0496300",2112.66799206261,-1.53729154500269,0.513784605552076,-2.99209343446721,0.00277071448528317,0.00903569397988987
"Os04g0674500",95.3802743353945,-1.23325558470742,0.412248335147902,-2.99153563413413,0.00277578140316009,0.00904917788232711
"Os11g0447300",882.26430723724,-0.648745768846659,0.216945782630803,-2.9903589780802,0.0027864976185752,0.00908207987108528
"Os05g0227600",6909.28173659429,-1.34643308291321,0.450398837927266,-2.98942397167252,0.00279503997419271,0.00910788342043639
"Os06g0611150",280.455424896615,-1.01483820892633,0.339563076570259,-2.98865889417852,0.00280204761869569,0.00912867555114174
"Os01g0375500",202.377428998708,-1.6265974537061,0.544458789768375,-2.98754925859144,0.00281223971970015,0.00915778207727919
"Os07g0110200",3189.52508760937,-0.468939555855382,0.156990701281092,-2.98705306765746,0.00281680822191947,0.00917163338984111
"Os03g0108700",708.604850630535,-0.698241230830608,0.233783919780243,-2.98669485688732,0.00282011053188458,0.00918033298787646
"Os07g0577700",11279.1856695607,-0.708091627258166,0.237121220263446,-2.98620100921994,0.00282466906188583,0.00919208988939983
"Os11g0173300",22.3549236302612,-5.80384072744179,1.94354419063005,-2.98621495483481,0.00282454024267134,0.00919208988939983
"Os12g0606100",1260.91420309321,-0.6457607070733,0.216279885633525,-2.98576404912433,0.00282870809265514,0.00920317697176886
"Os12g0502000",5258.75348511315,-0.295887360580841,0.0991111446010228,-2.9854095800422,0.00283198849310008,0.00921282047543126
"Os01g0897000",1683.73586320438,-0.940499616050853,0.31508333700231,-2.98492336979393,0.00283649372976606,0.00922644592854319
"Os12g0556900",50.8023998759103,-1.51818374368031,0.50868512035887,-2.98452555995593,0.00284018471244415,0.00923742005760539
"Os04g0105000",2395.31857754929,-0.718383517593997,0.240778378818165,-2.98358814906931,0.00284889960177643,0.00925955962086307
"Os09g0241550",44.8689652409508,-2.8640797165695,0.959973578870946,-2.98349848329996,0.00284973448148493,0.00926020615597012
"Os03g0234200",8573.65212852427,-0.841989839295637,0.282260280877134,-2.98302629289223,0.00285413474220216,0.0092724355156639
"Os04g0577800",443.977390822624,-0.724504949621269,0.242913804508944,-2.98255980587795,0.00285848794441269,0.00928450657117849
"Os01g0269900",1268.23501014478,-0.448336499728296,0.15042462165874,-2.98047284270664,0.00287803755843814,0.00934279453537347
"Os05g0563550",2653.59161160903,-1.45691836164316,0.488864950941848,-2.98020620794405,0.00288054403152211,0.00934884690582715
"Os12g0145900",257.186503115487,-1.51466261123139,0.508394810714769,-2.97930383888435,0.00288904145084533,0.0093743359478014
"Os05g0488600",116.255256690451,-1.14108453311612,0.38313462065933,-2.97828614692257,0.00289865229193981,0.00940447326714251
"Os01g0865700",97.3614283893193,-1.5441306312137,0.518602425131275,-2.97748440112448,0.00290624433021715,0.00942805473817353
"Os01g0889000",7550.54602840261,-0.361141155789958,0.121323897446464,-2.97666958769864,0.002913978702371,0.00944893528231246
"Os03g0243900",2238.8286148153,-0.791521771289479,0.26594588594163,-2.97625123429509,0.00291795709133293,0.00946078227719858
"Os01g0583100",1972.77327267237,-0.507357958547273,0.170473770988973,-2.9761643424905,0.00291878402232534,0.00946173292973793
"Os04g0693400",343.944134329973,-0.954473433570263,0.320820355635542,-2.9751024734059,0.00292890689868583,0.00948888938742116
"Os01g0168600",1991.99256707098,-0.564779859794559,0.189869148867541,-2.97457413783726,0.0029339554881733,0.00950207425784953
"Os03g0368300",1335.66354756387,-1.14096166671085,0.383605461090919,-2.9743102808446,0.00293647978541449,0.00950919207281671
"Os07g0499800",240.818147257744,-0.836588968877313,0.281281214918445,-2.97420845938778,0.00293745443244506,0.00951129063616466
"Os12g0120000",349.877942439433,-1.53619511001314,0.516519320897613,-2.97412903614821,0.00293821488602698,0.00951269526524489
"Os03g0106300",101.495832904781,-1.92775628674308,0.648196252475858,-2.9740318296809,0.00293914585315098,0.00951465157130535
"Os01g0686300",160.16143326343,-2.05118263854514,0.690046594168874,-2.9725277334579,0.00295358525251327,0.00955714552485459
"Os02g0773600",252.596299297302,-1.72559358308109,0.58055350117887,-2.97232482377094,0.00295553814316046,0.00956167342637652
"Os01g0968100",197.416510083695,-1.90256519490161,0.640116905794764,-2.9722151964404,0.0029565937342183,0.00956369240563205
"Os06g0254700",2016.95777183208,-0.7158923011505,0.240913131642662,-2.97157857800943,0.00296273047443656,0.0095813221607455
"Os06g0727800",290.11916007171,-1.14295960785773,0.384634481463717,-2.97154743773421,0.00296303095184651,0.0095813221607455
"Os01g0802700",122.100825861664,-1.55627863236639,0.523768812601044,-2.97130832329989,0.00296533913126543,0.00958772134791961
"Os08g0564700",200.130327706423,-1.45804468548853,0.490780707903235,-2.97086797017295,0.00296959416754794,0.00959934746890121
"Os04g0470200",1012.91460700395,-0.813541657392882,0.273853064329876,-2.97072322116838,0.002970994061742,0.00960174110154815
"Os01g0349800",13.9666535442918,-6.15515104734725,2.07214530966405,-2.97042442855765,0.00297388564437216,0.00960895348223743
"Os06g0141200",83.5457098769841,-1.35341807295545,0.455747512394302,-2.96966639674054,0.00298123306500891,0.00963055677417521
"Os02g0816800",8883.49663411888,-0.54168523364484,0.182441854200266,-2.96908423793059,0.00298688703046702,0.00964775112037052
"Os01g0786500",889.515882917385,-1.0657057105681,0.35895548878844,-2.96890768870846,0.00298860362062841,0.00965222520127988
"Os07g0531500",127.65226449064,-1.48289827236029,0.499527117981242,-2.96860414376137,0.00299155709587787,0.00966069258662181
"Os01g0828100",407.13349568089,-0.7872950520977,0.265290800396145,-2.9676681246469,0.00300068128264955,0.0096844088586681
"Os06g0115500",13590.0085039779,-0.817516345784522,0.275476086468228,-2.96764904811006,0.00300086750182184,0.0096844088586681
"Os11g0153800",7841.57091190567,-0.862590973884311,0.290665041903671,-2.96764608579996,0.00300089641991007,0.0096844088586681
"Os12g0479300",17.8077910825601,-4.1344252982571,1.39319330595376,-2.96758912104213,0.00300145255965377,0.00968513035371046
"Os07g0480800",434.678051549141,-1.32908182299027,0.447921770311612,-2.96721863298953,0.00300507188270107,0.00969466083616047
"Os06g0176500",62.7045770168584,-1.38817921323909,0.467977992836427,-2.96633438855811,0.00301372622331048,0.00971935050667197
"Os09g0344800",2960.62496295927,-0.934271278682556,0.314984073925753,-2.96609052971605,0.0030161169324477,0.00972598353523883
"Os08g0493800",2839.4603205157,-0.804830239123183,0.271368152372415,-2.96582422103337,0.00301872970827432,0.00973333110765774
"Os11g0186400",1701.22578714503,-0.572780199178929,0.193194473704754,-2.96478562867316,0.00302893915993331,0.00976300677538216
"Os05g0400400",7818.13241183565,-0.614366582555688,0.207228368029729,-2.96468378531818,0.00302994198251585,0.00976515830177365
"Os01g0600000",6838.88347978345,-0.770439216684512,0.259904563851313,-2.96431584450847,0.00303356751509911,0.00977359809433747
"Os08g0260000",321.797375274352,-0.436871603834793,0.147378952884154,-2.96427403835738,0.00303397970540949,0.009773844798776
"Os02g0297132",23.1648272979393,-2.16361857489704,0.729999466484933,-2.96386322762018,0.00303803283729187,0.00978149168464498
"Os10g0536600",176.871308067961,-1.37613347716892,0.464376912333038,-2.96339770695145,0.00304263171566204,0.00979413295274786
"Os03g0294600",608.909255308426,-0.911781144040206,0.307707643977779,-2.96314102650648,0.0030451701764422,0.00980122080883619
"Os06g0730300",2755.89783828715,-0.263098444382498,0.0887950418386047,-2.9629857583795,0.00304670664984968,0.00980508244633909
"Os01g0341200",5.41702062033792,-6.89415143606269,2.32701777018503,-2.96265525961777,0.00304997949247328,0.00981202527686617
"Os06g0499500",913.021797495459,-0.449363047163126,0.151674736290511,-2.9626756449567,0.00304977752905205,0.00981202527686617
"Os06g0620700",39.0769352797508,-1.76531662224754,0.595996835274311,-2.96195636917274,0.0030569109834315,0.00983031820444923
"Os11g0199600",3198.94961144244,-0.409433157258047,0.138243221295908,-2.96168704273507,0.00305958595547358,0.00983674786876811
"Os07g0560700",36.5266415238517,-2.29801781838355,0.776063703368028,-2.96112008384159,0.00306522401540145,0.00985378670675804
"Os04g0542800",1507.27395888981,-0.61138411173441,0.206495073640416,-2.96076851111254,0.00306872494916092,0.00986286369820819
"Os03g0141200",1382.98012810681,-0.9132092184669,0.308441973487618,-2.96071642954768,0.00306924388330457,0.00986298747843983
"Os12g0136100",208.880445764478,-1.4153550267181,0.478047968447886,-2.96069666672455,0.00306944081852552,0.00986298747843983
"Os01g0128400",10146.9658406686,-0.532729602232558,0.179957052094748,-2.96031523094785,0.00307324405896385,0.00987302961777664
"Os03g0265100",3620.69930638853,-0.346595591847493,0.117087309762852,-2.96014651416525,0.00307492767976608,0.00987734876352831
"Os04g0412700",151.052350770895,-1.76937172561816,0.597738170016994,-2.96011165819954,0.00307527561144251,0.00987737690045536
"Os01g0961000",460.595841117739,-0.93456578631331,0.315746447268186,-2.95986160540871,0.00307777268706516,0.0098843070349263
"Os11g0599200",1234.09651737483,-0.726625072736218,0.24554168801983,-2.9592737534554,0.00308365037496708,0.00990062873570237
"Os05g0438700",5866.3537631265,-1.53010703132858,0.517221898098095,-2.95831834838204,0.00309322491329931,0.00992736985243631
"Os01g0211200",49.7188968644392,-1.76002737069214,0.595245349029675,-2.95680994998316,0.00310839643711286,0.00997056074915748
"Os02g0481900",1316.10314794292,-0.79278437296084,0.268131499253448,-2.9566998848258,0.0031095061278491,0.00997302174616978
