"","baseMean","log2FoldChange","lfcSE","stat","pvalue","padj"
"Os05g0103800",2721.38633137372,5.63942867100328,0.199213753071267,28.3084304374599,2.72144895981876e-176,7.61025987123717e-172
"Os07g0124900",7176.1876094119,5.6821702636759,0.311848932896468,18.2209065488845,3.52270255662022e-74,2.4627213573332e-70
"Os03g0111600",1592.13065425048,2.34138220795947,0.130806327474143,17.8996096990973,1.18751216538204e-71,5.90999686318372e-68
"Os04g0308000",651.919807232224,7.72766765362456,0.442370226015758,17.4687788625026,2.47740516736053e-68,8.65976976250872e-65
"Os05g0404901",823.786652005156,9.43080670897027,0.575123078926253,16.3978929980996,1.97986560481153e-60,5.53649617729496e-57
"Os12g0554000",1622.6425376143,2.75200389876191,0.176592802352154,15.5838961843641,9.36673374888705e-55,1.87093816109913e-51
"Os07g0126301",7314.26183668838,4.82312261895366,0.312068643274329,15.4553260088801,6.9459272981015e-54,1.21397444352569e-50
"Os12g0125400",1296.82824748865,2.96944244985067,0.193710028209072,15.3293171102414,4.87080251597419e-53,8.01218362098248e-50
"Os09g0392666",1480.94852117138,4.84065699287022,0.31680066355667,15.2798196144065,1.0422882647434e-52,1.61925272418247e-49
"Os02g0687900",6545.06662103531,2.58682024018177,0.171769396188478,15.0598435902012,2.97490009666395e-51,4.37842664753214e-48
"Os07g0125500",7573.45610752955,4.62432927858518,0.309149010808532,14.9582535182337,1.37589647328066e-50,1.92377844894101e-47
"Os07g0215200",889.937215885054,7.48079357214777,0.508887766488507,14.7002818003815,6.41920233224015e-49,7.80463365298972e-46
"Os01g0270100",3881.47663619082,2.04539393149498,0.142952030535078,14.3082537816284,1.94331817412724e-46,2.17371797685177e-43
"Os07g0642100",927.633028966686,10.443360276866,0.744193466945654,14.0331254448228,9.77469831609429e-45,1.01236912485652e-41
"Os01g0124650",3718.9375930627,4.93330289786208,0.359859993527092,13.7089506658113,8.97463734777586e-43,8.96309852832872e-40
"Os12g0179700",1030.93937263379,7.99138045788308,0.585491003894284,13.6490234772693,2.04601913927435e-42,1.9071626403556e-39
"Os01g0976450",323.49825326654,3.79431515260305,0.282790818048839,13.4173916210666,4.7825176794844e-41,4.17932263715943e-38
"Os04g0688300",8230.49582431886,4.69985622533788,0.354373665596815,13.2624308226252,3.82299726799889e-40,2.96961932228669e-37
"Os08g0205100",754.747109437376,3.4042707614384,0.257185887232417,13.2366157337474,5.3924463480964e-40,3.96827288626757e-37
"Os06g0216300",4123.17698144427,2.35861681407021,0.178417046554815,13.2196830942697,6.75479384343846e-40,4.72227637594783e-37
"Os07g0539300",3626.18133247691,3.84336502105611,0.29641714413094,12.9660685866345,1.90556173485955e-38,1.23923554310727e-35
"Os07g0151800",1847.09345201608,4.28670670570789,0.336267173883679,12.74791903176,3.20178236505457e-37,1.82723759298747e-34
"Os07g0213400",1564.32995675392,1.48741104255315,0.11689473931692,12.7243625439853,4.32994064919577e-37,2.42164920628221e-34
"Os10g0132300",4567.83948547979,15.7568923509283,1.23880944518333,12.7193834469001,4.614871220958e-37,2.53039723182097e-34
"Os02g0222100",813.346538901937,3.05185344970187,0.240738219882926,12.6770624589067,7.92464895029106e-37,4.18122421218753e-34
"Os10g0394000",1107.70940567491,3.76407407003803,0.299449346577427,12.5699859193541,3.08778899814086e-36,1.59901725081502e-33
"Os01g0116400",1568.26954873529,6.56837728288096,0.551163458913171,11.9172945460372,9.61813208392112e-33,4.13786839376569e-30
"Os05g0473900",2570.37005503095,14.2298548395482,1.194901936775,11.9088055693961,1.06491763587523e-32,4.51202375297194e-30
"Os02g0616800",625.745719303178,8.97656207958202,0.754206563645946,11.9019941117828,1.15552514880227e-32,4.82285153150847e-30
"Os07g0675400",1908.87890191329,14.1154940716838,1.18753324353118,11.8863990954145,1.39283096028146e-32,5.7278124960751e-30
"Os06g0346201",306.535122562428,7.82613131876311,0.661502978585065,11.8308330757678,2.7044424186144e-32,1.08038611134476e-29
"Os01g0188900",1985.12593329139,14.0173432935288,1.19016035393553,11.7776930202534,5.08662384100344e-32,2.00341336746226e-29
"Os07g0676200",1921.56850976777,13.9072970253222,1.1985280854309,11.6036471688707,3.94883026912309e-31,1.43409207332153e-28
"Os08g0182400",1189.6449084599,13.7187317536035,1.19632249983659,11.4674193250377,1.92309043710821e-30,6.63917296090048e-28
"Os12g0299700",1226.5873971562,13.6026687146503,1.19237345445865,11.4080606740998,3.81131994786394e-30,1.29975306124472e-27
"Os03g0223301",1656.8938709551,13.4874097824949,1.19090522519743,11.325342686492,9.82937142973011e-30,3.23374756071733e-27
"Os02g0166600",3233.85497277277,3.8181676736695,0.337496299285999,11.313213453739,1.12878236631591e-29,3.67038024321607e-27
"Os10g0370800",3423.29681044551,3.65769265727714,0.324560939513063,11.2696637579518,1.85276078102052e-29,5.63158722613672e-27
"Os01g0105400",1033.81433680556,13.3452626052521,1.18796297141797,11.2337361738834,2.78449843140682e-29,8.28358661019789e-27
"Os04g0599400",1132.41487438774,13.3303294575571,1.1915540007822,11.1873481594677,4.70288935481826e-29,1.35578966925915e-26
"Os09g0390400",1103.36678795848,13.3101290638772,1.19754000465795,11.1145590227518,1.06575865796626e-28,3.04110970524169e-26
"Os04g0326300",258.865415592445,4.30554830828785,0.38779438695727,11.1026576275903,1.21768255251476e-28,3.43952271702251e-26
"Os11g0311100",972.338794198443,13.2569552871228,1.19423381031306,11.1008038565309,1.24320652213148e-28,3.47650271848848e-26
"Os08g0263300",990.608882468811,13.1665730572779,1.1862086686133,11.0997107049216,1.25850581173514e-28,3.48444123954073e-26
"Os01g0256600",1214.47619871781,2.92871774058114,0.264797437476059,11.0602193453852,1.95618553220942e-28,5.16063888893437e-26
"Os06g0274300",695.858327063338,3.80476853984549,0.344414521004812,11.0470619204593,2.26506953921657e-28,5.91966398080862e-26
"Os09g0567900",1169.93174386938,2.45524150598187,0.222562897179274,11.0316748078822,2.68811798519687e-28,6.89637902183901e-26
"Os02g0729300",849.17118474445,2.22797241592704,0.202427143182629,11.0062928365144,3.56367336004575e-28,9.0595056218472e-26
"Os02g0228300",4347.78656666197,3.3271620736774,0.303393892641376,10.9664767629658,5.538883730797e-28,1.38294057721435e-25
"Os04g0458400",445.222802655448,3.59928988576234,0.328855536851743,10.9448967173236,7.02978015519485e-28,1.73965285185725e-25
"Os05g0269000",1090.70863847122,13.0295446249187,1.19620366377728,10.8924132398784,1.25275941514041e-27,3.04627515521621e-25
"Os11g0100100",1837.81959208272,13.4158458641771,1.23529182702516,10.8604667906573,1.77837820016001e-27,4.2504758965192e-25
"Os11g0533800",1482.14483345795,13.0840305321944,1.20877356634555,10.8242196028086,2.6432118673087e-27,6.21132576953113e-25
"Os12g0541200",621.45543886231,12.9083285036005,1.19649105906972,10.7884872233285,3.90158849929867e-27,8.72832166355104e-25
"Os10g0382400",1327.24880238369,13.1052989099841,1.21751176240308,10.7640018886696,5.09102071944301e-27,1.12988336030559e-24
"Os09g0380400",1963.86954901303,2.69522550437493,0.251403652883371,10.7207093988617,8.1376769028349e-27,1.7640464876812e-24
"Os06g0142050",1006.19364308634,2.40107352201921,0.224359335191936,10.7019104864307,9.97010820561462e-27,2.1282756172657e-24
"Os07g0110100",761.057432754615,12.8300659644268,1.20341891977045,10.661346397042,1.5434661144856e-26,3.26980957768752e-24
"Os01g0932550",1090.47676958104,12.8839732254447,1.21104333234936,10.6387384177662,1.96775534709431e-26,4.04605224456951e-24
"Os12g0529200",832.982778143262,12.6194108239818,1.18734990277004,10.6282156544934,2.20286734119802e-26,4.4964220678293e-24
"Os06g0547201",915.873207769878,13.1693490186044,1.24801111385097,10.552269024246,4.95849338929155e-26,9.76474008015133e-24
"Os01g0571700",7527.99301964961,2.04998170131475,0.194301664271397,10.5505102542579,5.05219714963031e-26,9.87969518127707e-24
"Os11g0103800",211.362596692915,2.79372188316039,0.264963804616371,10.5437868663053,5.42686859943254e-26,1.0538677327398e-23
"Os09g0518200",7457.39230120017,3.08924980148642,0.294192062702729,10.500792486057,8.56579509747993e-26,1.62948227282945e-23
"Os03g0448500",1447.19960869235,13.0516823928674,1.24352754363537,10.495692242338,9.04125444832982e-26,1.70830837427767e-23
"Os01g0847800",779.374998497015,1.49853962603553,0.142891416337234,10.4872613376501,9.88521482169698e-26,1.85523588774453e-23
"Os07g0492500",449.659861274259,12.4764264345574,1.19503562915443,10.4402129360656,1.62445913880341e-25,2.96904414101298e-23
"Os12g0272800",734.740780944946,12.4164393547533,1.19094241631672,10.4257260339707,1.89208705982991e-25,3.39168734237716e-23
"Os06g0712700",517.931554016687,4.07704599783357,0.391101368356694,10.4245250149961,1.91614323399239e-25,3.41293180862186e-23
"Os08g0145600",703.857626037014,12.4501716275111,1.19632368929221,10.4070259069074,2.30304379767358e-25,4.05046017346817e-23
"Os01g0598900",976.175195347936,12.4645500332755,1.20184017249634,10.3712209980346,3.35213868171712e-25,5.75087153960353e-23
"Os06g0360600",982.033746631211,12.5574259214909,1.21316113279797,10.3509959081273,4.14155012855704e-25,7.0618480362786e-23
"Os09g0495500",304.185987110725,2.48471539495577,0.240316568739897,10.3393428425864,4.67733909259505e-25,7.92709759911079e-23
"Os07g0204800",547.422230182864,12.2556682579913,1.18956368812243,10.3026583447039,6.85405644824809e-25,1.13412328117639e-22
"Os11g0615800",1389.45349626393,2.80644147596732,0.272815680177131,10.2869507872318,8.06912578553719e-25,1.32732372627507e-22
"Os07g0492300",136.226118362864,4.67497908822935,0.454489848651028,10.2862123369865,8.13122644975196e-25,1.32971705520973e-22
"Os10g0132500",657.853008345156,12.4895385030413,1.21531503740656,10.2767908884708,8.9663455478598e-25,1.45776097035088e-22
"Os03g0753600",275.6283840107,7.70584803571773,0.750809088235429,10.2633920612605,1.03022917456288e-24,1.66527911199285e-22
"Os04g0460900",310.505681667044,12.6397100540147,1.23214203872858,10.2583222199425,1.08576772887649e-24,1.74496602128173e-22
"Os11g0263000",929.603450683741,12.4454826117846,1.21584039267756,10.2361154364816,1.36611747549539e-24,2.17057437981552e-22
"Os10g0529800",6266.10337336031,10.4926448589875,1.02569042994609,10.229835974524,1.45766055537459e-24,2.30293897008447e-22
"Os11g0623800",802.559451199799,12.7680419171821,1.25030231231032,10.2119637718571,1.75280857422882e-24,2.73829826646562e-22
"Os07g0599500",719.854536303694,13.017388324124,1.27572339372684,10.2039269548044,1.90414229249298e-24,2.94184724128584e-22
"Os07g0580300",231.404179113761,3.81394680297836,0.375706706740722,10.1513939851236,3.26663642083252e-24,4.90646446468019e-22
"Os10g0131800",1191.56410885255,12.1481249741526,1.19674584881358,10.1509647902233,3.2810358135288e-24,4.90646446468019e-22
"Os05g0467700",229.252518098272,5.64509509744289,0.55628672908992,10.1478155099587,3.38863431968266e-24,5.04041330402159e-22
"Os08g0246400",837.287358535545,12.2462415527013,1.20808472404617,10.1369062193632,3.78910028866989e-24,5.6062645752574e-22
"Os07g0109700",349.561899786722,12.2633973116392,1.21288319022713,10.1109467180782,4.94045336133349e-24,7.12138339156339e-22
"Os01g0152300",2287.71515822251,3.29187765238632,0.326438469293935,10.0842209544311,6.4877770269371e-24,9.16283822127622e-22
"Os07g0571700",585.888355329452,2.84020014184861,0.284188552571133,9.99406948715043,1.61799644465402e-23,2.20710500381976e-21
"Os04g0323800",254.153568925341,12.3508553726176,1.23671150974726,9.98685245125735,1.74019770428634e-23,2.35086418370354e-21
"Os07g0278866",424.50185330465,11.8635105557084,1.19175188924003,9.95468155982841,2.40591875554436e-23,3.20376724190678e-21
"Os09g0365300",611.24973227875,12.0090196842932,1.20842358565629,9.93775678233822,2.85176540770214e-23,3.76163999344257e-21
"Os11g0684700",896.299658473009,11.8702296588698,1.19586802124384,9.92603652577267,3.20752588242756e-23,4.21104477822556e-21
"Os10g0156300",112.135758627902,5.31749882804891,0.539229279722402,9.86129468115378,6.12543938878401e-23,7.71584626432234e-21
"Os01g0258600",338.830906533163,11.8555770932767,1.20290781464726,9.85576529549212,6.47217351326437e-23,8.1160475392343e-21
"Os05g0124000",293.262893960181,12.1806096533765,1.23741796432717,9.84356943613596,7.30713337527536e-23,9.04144591620355e-21
"Os05g0281400",463.622724457719,11.7469021241373,1.19499476625555,9.83008667137985,8.35468415314949e-23,1.02022003344398e-20
"Os02g0522100",408.896694661641,11.9716199499136,1.22017405452329,9.81140346783625,1.00560074471056e-22,1.2200820293639e-20
"Os12g0511400",726.038776594201,11.8925024762455,1.21375112782022,9.7981391766888,1.14678745642894e-22,1.3763418210978e-20
"Os09g0325300",541.760201470562,11.7306378072117,1.19795602514811,9.79221069968854,1.21607471620395e-22,1.44094548152234e-20
"Os07g0674500",816.157248999499,1.78323088366954,0.182730227070345,9.7588172042442,1.69116024119051e-22,1.97872824203563e-20
"Os01g0354200",274.260688179079,11.9681438011535,1.22776976513044,9.74787304676949,1.88373522076659e-22,2.1948654880632e-20
"Os04g0565750",648.28639209955,12.3924452667392,1.27534412502929,9.71694229308857,2.55333828957338e-22,2.91451903326521e-20
"Os12g0281966",282.126862073486,12.1236277407028,1.24768006094596,9.71693635266634,2.55348720909017e-22,2.91451903326521e-20
"Os07g0137000",960.872885542694,12.5206549438921,1.29144355598533,9.69508491940191,3.16374386082108e-22,3.58181916291501e-20
"Os09g0273950",352.188546543946,12.0805348738421,1.24911757220655,9.67125524661535,3.99448201017923e-22,4.46806779730608e-20
"Os01g0733801",391.613192950784,11.6242589076646,1.20251740604328,9.66660345143159,4.1802168213717e-22,4.65719454951547e-20
"Os03g0720400",845.204866876595,2.92174862440554,0.30231576782376,9.66455916420747,4.26451961139903e-22,4.73226295290327e-20
"Os06g0566700",346.403308933651,11.5716871880438,1.19759497847379,9.66243796612339,4.35377277054229e-22,4.81220955555117e-20
"Os12g0633700",582.859946874774,11.7704964122532,1.21922561590206,9.65407571718762,4.72399903571516e-22,5.20086256042278e-20
"Os08g0114400",947.747481112359,5.01675801386866,0.520049053251166,9.64670156114241,5.07622413077979e-22,5.5667267291422e-20
"Os12g0272500",617.316941597419,11.9800903355843,1.24496011375246,9.62287080786458,6.40189921054849e-22,6.99307459077257e-20
"Os11g0640800",258.516713851478,11.492773288579,1.19583872016753,9.61063820292498,7.21006911601688e-22,7.84522851207378e-20
"Os12g0528801",306.602836453587,11.4978525555635,1.19829551302172,9.59517283559671,8.37765727953505e-22,8.8739700062469e-20
"Os04g0630400",469.292704923046,7.93942174444368,0.82770870385218,9.59204815352719,8.63535031928359e-22,9.11241269163948e-20
"Os07g0541600",365.892196452572,11.4792288927514,1.19770298833405,9.58437025252688,9.30233853708272e-22,9.77934567108952e-20
"Os07g0538000",809.201991274781,4.64856659463714,0.486229973763274,9.56042787460969,1.17270856374661e-21,1.2192567587336e-19
"Os04g0179100",107.588422824535,23.7449379406819,2.48367255266815,9.56041403894939,1.17286535581225e-21,1.2192567587336e-19
"Os11g0655200",503.598747732548,11.6530590452773,1.22050550589453,9.54773164807363,1.3256701265948e-21,1.36290586103297e-19
"Os04g0508500",584.267773414707,3.03447154187018,0.317899570705591,9.54537791647547,1.35612251062214e-21,1.38910658926878e-19
"Os06g0161100",306.657111663108,11.4065314083603,1.19545078243446,9.54161524335753,1.40624726032891e-21,1.42997448683046e-19
"Os09g0327800",406.034875809531,11.5155545037196,1.20819834210599,9.53117886558843,1.55507163582754e-21,1.57558055160439e-19
"Os11g0237700",536.650185913624,3.09150682928996,0.324576453709731,9.52474153302168,1.65453129164438e-21,1.6642918359548e-19
"Os01g0104900",2184.08622774106,1.92135897185361,0.201829846813712,9.51969692384999,1.73684859613246e-21,1.73461550508029e-19
"Os05g0515900",896.146451623082,2.83983876989505,0.298414553807121,9.51642181544054,1.7924472800575e-21,1.77744665743007e-19
"Os06g0331500",239.60075874378,11.4240088724982,1.20136036021463,9.50922741487591,1.92083766991692e-21,1.89803196471932e-19
"Os08g0521000",5179.37493117148,2.5882655847052,0.272597718668131,9.49481748178618,2.20597486535252e-21,2.17210849065908e-19
"Os07g0188800",24198.4166383039,1.06058418216505,0.112154211846556,9.45648107817912,3.18480847420737e-21,3.10313533702909e-19
"Os08g0149000",264.680581121119,11.4773680678227,1.21423162933303,9.45237118730562,3.31240428410248e-21,3.20512364708103e-19
"Os01g0521200",360.934570714724,11.3596840665864,1.20213540097832,9.44958783955761,3.40167483505155e-21,3.28015293404764e-19
"Os04g0152500",260.72352979538,11.2712091668873,1.19376439992443,9.44173671756412,3.66651081209649e-21,3.52337829379609e-19
"Os06g0586300",575.3019784138,11.7149998774257,1.24716865959781,9.39327635221649,5.81622878818037e-21,5.51339057059918e-19
"Os03g0416400",303.333479535898,11.4859296505468,1.22475942390525,9.37811085700645,6.7165311128218e-21,6.30272067244795e-19
"Os09g0112100",377.945135074675,11.4868875596342,1.22584608072481,9.370579014979,7.21357041040567e-21,6.74649775774529e-19
"Os05g0136400",60.1236914318408,29.9979048728032,3.20744603517837,9.35258287865006,8.55329937819288e-21,7.97281546039286e-19
"Os12g0245000",391.642537216472,11.3498913486071,1.21648658340817,9.33005879671003,1.05812193209956e-20,9.76545270931755e-19
"Os08g0161401",235.561592350386,11.5173147289639,1.23474540456358,9.32768381756776,1.08209664026501e-20,9.95386527906935e-19
"Os05g0170300",215.152736753093,24.2507074074723,2.60033849726455,9.32598099554461,1.09961599780268e-20,1.00818563155915e-18
"Os03g0654800",320.40733062429,11.2554786344288,1.21327687490672,9.27692505084143,1.74440093718349e-20,1.56850250184563e-18
"Os04g0526300",377.554052633877,3.54113100552127,0.382168113201959,9.26589865348065,1.93441425301575e-20,1.73378077472219e-18
"Os01g0768600",407.450135127741,11.1986399814601,1.20869484817874,9.26506801806443,1.94953031542802e-20,1.74174650928528e-18
"Os06g0542300",974.280193992004,2.98307060400511,0.322896995512965,9.23845884433243,2.50073027141879e-20,2.2060069813866e-18
"Os11g0111101",241.741081767582,11.0966609810859,1.20309769013798,9.22340810064502,2.87803992401315e-20,2.51504713859699e-18
"Os03g0291500",57517.1546837753,3.04866252822343,0.331012042648748,9.21012572179586,3.25743179643482e-20,2.83772033506241e-18
"Os08g0185300",215.006408198808,11.2526961889161,1.22214552894844,9.20732917838199,3.34340119041152e-20,2.90356741890273e-18
"Os04g0622000",198.516277668793,11.1003670287218,1.20898204601841,9.18158136862255,4.24806428765915e-20,3.67779782477091e-18
"Os07g0442000",286.564306124511,11.0239942546757,1.20139215945429,9.17601648048307,4.47333885566983e-20,3.86087801728244e-18
"Os05g0298900",216.222259705999,11.2114449748909,1.22212563601531,9.17372538836952,4.56948111638116e-20,3.93172215195332e-18
"Os10g0382600",596.306193850836,11.4168981586236,1.24635302977496,9.1602442372889,5.17799906815258e-20,4.41455993725057e-18
"Os03g0283200",1147.93335976858,2.44590306407828,0.267117354134821,9.15666101890096,5.35278971627335e-20,4.54970856005678e-18
"Os06g0215600",6872.03001309246,1.98927803375252,0.217282093839694,9.15527827718824,5.42178894210194e-20,4.59439109021026e-18
"Os11g0100300",327.399952987878,2.96279474954602,0.323968223854369,9.14532516274762,5.94507417075027e-20,5.02259982208038e-18
"Os07g0164700",224.115684116947,10.9890743071129,1.20255156377198,9.13813148489369,6.35406499954724e-20,5.33588809751769e-18
"Os05g0215033",1220.62619606833,13.9875297314767,1.53388781328602,9.11900440848506,7.58176004958162e-20,6.34779455169163e-18
"Os12g0210601",310.75967827449,11.1590968366763,1.22513157257317,9.1084884974751,8.35376489356226e-20,6.97327407413657e-18
"Os12g0131701",313.513591770434,11.0694706645454,1.216191114765,9.10175261943457,8.88857049521254e-20,7.3756672204191e-18
"Os12g0129700",507.163514830813,11.1667586021916,1.22759347221453,9.09646300256644,9.33214696166754e-20,7.72083306615595e-18
"Os04g0614600",9628.88746538879,1.23494695567276,0.135780067095916,9.09520065857959,9.44119711391871e-20,7.78801286411867e-18
"Os12g0471100",312.502961919944,11.5991291903325,1.27668890694469,9.08532151195001,1.0339264660279e-19,8.50374108706005e-18
"Os05g0100100",224.375294894505,3.41923621380761,0.376683161964149,9.07722074960451,1.11382549193902e-19,9.13402230398322e-18
"Os04g0603800",207.86146500678,11.1495918944035,1.23045759894281,9.06133775270522,1.28860328381073e-19,1.05056857808989e-17
"Os08g0144400",3335.23068809411,1.12756636550169,0.124693005204429,9.0427395157659,1.52793648121217e-19,1.23847002204687e-17
"Os08g0373000",692.610157924722,11.1826518492949,1.23741832357516,9.03708280073454,1.60908487487998e-19,1.3004754173741e-17
"Os03g0360700",4793.78609774277,1.91977987289868,0.21365429888242,8.98544931199906,2.57679266094544e-19,2.04708607871245e-17
"Os08g0246950",226.025189468955,10.8683232256377,1.21028220993847,8.97999089500806,2.70789168299289e-19,2.13305585980882e-17
"Os05g0164900",1939.27927320024,1.79137444794079,0.199649079156546,8.97261562892642,2.89555089428394e-19,2.27143466437974e-17
"Os12g0100200",298.318752733096,2.8895035024613,0.322533227391975,8.95877775392637,3.28297094886216e-19,2.55013887816615e-17
"Os08g0232100",489.455340325859,11.4062608325136,1.27386868698195,8.95403187869955,3.42729801357346e-19,2.65487428397696e-17
"Os07g0535100",241.791770825083,2.13134605344954,0.238261245111127,8.94541641657027,3.70549998964584e-19,2.83892059480702e-17
"Os08g0146001",308.670341712667,10.9151739374306,1.22113692942675,8.93853397960427,3.94367216195519e-19,3.00492774759987e-17
"Os01g0223900",438.996446381591,2.6207327819953,0.293534204357878,8.92820238012227,4.32986988373291e-19,3.29023047360617e-17
"Os10g0160600",263.006123316255,6.30579839435615,0.706733954097123,8.92245003625448,4.56084669100342e-19,3.44701396938432e-17
"Os05g0243100",196.86193318738,10.8599395151402,1.21899891961376,8.90890003297227,5.15413585910416e-19,3.88491253811291e-17
"Os04g0302400",160.18682724259,10.9644254970489,1.23229959440012,8.89753234268193,5.7102050313839e-19,4.28096979886379e-17
"Os01g0967000",174.117744503213,10.8554312787719,1.22045463649131,8.89457990014298,5.86407060832716e-19,4.38456872971285e-17
"Os11g0691100",7974.06774299311,16.8042691788173,1.89086138616919,8.88709733126554,6.27260577629089e-19,4.65270949411667e-17
"Os04g0377600",1102.68712869964,1.31285035898843,0.147951949102494,8.87349147444456,7.08876698864654e-19,5.1892743473956e-17
"Os11g0623700",230.590948449035,10.89502865298,1.22883484409498,8.86614560559932,7.57214437011297e-19,5.52865392077909e-17
"Os07g0469600",236.10555310723,6.01271642189111,0.678689339037698,8.85930583559252,8.05142058397939e-19,5.86327930235416e-17
"Os04g0161100",140.410542808553,10.9822730723337,1.23973847159718,8.85854018725824,8.10690135747885e-19,5.88834778079321e-17
"Os03g0269100",628.951111375586,11.0934961660711,1.25355218256903,8.84964847920101,8.77953868344684e-19,6.34670981988927e-17
"Os01g0584300",224.351426407846,10.6486250842626,1.20355389099945,8.84765124677532,8.93804564247361e-19,6.44184299861165e-17
"Os11g0109500",796.381967199118,2.04081408276282,0.230905390011341,8.83831288071095,9.71748220927761e-19,6.98559569409355e-17
"Os12g0140600",269.533522516551,10.9089213429911,1.23495044164501,8.83348916290109,1.01460168871469e-18,7.27495426236346e-17
"Os06g0274000",1519.89628815502,2.1944645229513,0.248576153739048,8.82813773542824,1.06432940426871e-18,7.592578433921e-17
"Os06g0122800",259.346991461977,7.31652687465703,0.831939746003491,8.79453940000401,1.43635964475776e-18,1.00667571694251e-16
"Os03g0416500",332.244208437946,10.658140823185,1.21218662274004,8.79249170321086,1.46278995386849e-18,1.02263645674946e-16
"Os04g0111350",142.474088070814,10.7707472722423,1.22526196537894,8.7905668963708,1.48807173451087e-18,1.0351352732304e-16
"Os11g0429900",271.78457332104,10.7971473247854,1.22934397160041,8.78285294776311,1.59379487846076e-18,1.10592754295972e-16
"Os05g0243200",521.782903070485,11.0721148779379,1.26097695004212,8.78058467093157,1.62627032959901e-18,1.12566889843829e-16
"Os03g0390900",198.706427116871,10.6607301975744,1.21621629051965,8.76548873804296,1.85968122121652e-18,1.27774264545697e-16
"Os12g0584200",306.329167984484,10.777511883876,1.2298051206858,8.7635932739213,1.89123287091046e-18,1.29623617652304e-16
"Os10g0125600",311.99857045842,10.7109829618365,1.22397942728749,8.75095015736784,2.11563807337377e-18,1.44649640791746e-16
"Os04g0160600",113.849137541479,10.7641886075603,1.23199078452753,8.73723143285395,2.38892758558751e-18,1.62145560687789e-16
"Os11g0111000",193.513032936102,10.6400896746532,1.21840225489683,8.73282171950192,2.4839645938142e-18,1.67781608457537e-16
"Os08g0424200",5450.79702774024,1.14153610260537,0.130880207061542,8.72199187512444,2.7334994518507e-18,1.83748987191233e-16
"Os07g0283600",186.378541761783,10.5895825029156,1.21527413112926,8.71373974946336,2.94010920887642e-18,1.96222467582387e-16
"Os11g0237600",356.535800753736,10.8788310584269,1.24912895476768,8.7091336862416,3.06205970640294e-18,2.03874851499647e-16
"Os04g0370500",253.604500208018,10.5708859085259,1.21702417877158,8.68584707922217,3.75930355759663e-18,2.48522847954213e-16
"Os12g0505950",165.614393093584,10.5006549333455,1.20904133460856,8.68510830255874,3.78381698528404e-18,2.49553439095478e-16
"Os05g0130600",416.448558129796,4.45412570703522,0.512933711070842,8.68362833422749,3.83339964935025e-18,2.52228677163366e-16
"Os06g0272850",1313.28747778325,4.11825633926289,0.476800177705705,8.63727937157942,5.75674881736324e-18,3.72228404991594e-16
"Os09g0357300",198.981088783838,10.5892592558006,1.22622948089324,8.63562605597031,5.84062768411327e-18,3.76330213268534e-16
"Os02g0100050",305.876973827113,10.6991158739657,1.23913675667578,8.63433016277248,5.90721553750495e-18,3.79745690323652e-16
"Os04g0527000",1251.94613630091,2.18607828309403,0.253403448929768,8.62686870414268,6.3054489976301e-18,4.03491020068028e-16
"Os06g0147800",1480.44147798476,1.97642659384289,0.229413800554159,8.61511639260037,6.98705782543966e-18,4.45070808725728e-16
"Os08g0462900",1342.61622068339,3.56094861722615,0.414285242561123,8.59540300111166,8.29730860479975e-18,5.24945560689186e-16
"Os08g0236400",272.111175569491,10.4969417243751,1.22254387969353,8.58614721216098,8.9934417190126e-18,5.6515191961903e-16
"Os11g0605600",157.687334439142,11.1549313705984,1.30091479378871,8.57468254174545,9.93604779110817e-18,6.2159203675738e-16
"Os03g0101000",264.539498389058,10.3400788197038,1.20706273343107,8.56631435411163,1.06849940430473e-17,6.63989274266166e-16
"Os09g0520000",243.233243488686,10.9105728000206,1.27426414671117,8.56225361765097,1.10682389711851e-17,6.86279899313127e-16
"Os04g0413500",3050.48343534588,2.2546005144532,0.264798855832488,8.51438918557662,1.67470682934718e-17,1.02926377529373e-15
"Os12g0625200",175.638418436508,10.4091059193278,1.22480540349808,8.49857935766698,1.91925021327141e-17,1.1769717755246e-15
"Os12g0198500",182.781008684172,10.6659743971419,1.25537939815263,8.49621589524055,1.95871529459725e-17,1.19854517501351e-15
"Os07g0116050",253.038243270602,5.84518846637651,0.688203712704042,8.49339862380283,2.00680520609947e-17,1.22262093209947e-15
"Os02g0184900",187.831117854204,10.5841110057954,1.24834041310686,8.47854551103874,2.2802654876998e-17,1.38020225320427e-15
"Os01g0189800",324.516969586849,7.12269601340014,0.840756142464419,8.47177398255115,2.41683736023434e-17,1.45970712616831e-15
"Os11g0226800",1816.69971277662,1.67427483130329,0.197642810342321,8.47121546391399,2.4284556136791e-17,1.46356320648539e-15
"Os04g0479500",1469.94500893622,1.2820967591221,0.151507234659917,8.46228077490806,2.62198315098561e-17,1.57004575662017e-15
"Os09g0328800",192.92210037502,10.4252050978042,1.23291491781749,8.45573765646292,2.77328494935346e-17,1.6570970154641e-15
"Os02g0102200",261.048376054888,3.59383338350455,0.42547958429873,8.44654718140675,3.00044766969355e-17,1.78520252415554e-15
"Os12g0535300",1043.9072556618,2.42531227909677,0.287332047153987,8.44079977544932,3.15173633285157e-17,1.87123470938134e-15
"Os06g0490400",140.631950849115,10.9167338846435,1.297217629358,8.41549917113464,3.91225366156994e-17,2.3080645863321e-15
"Os06g0286700",644.125265754964,3.007552614901,0.357394900928426,8.41520851889073,3.92196639297668e-17,2.30892354133052e-15
"Os05g0195901",265.350771194885,10.9188207581034,1.29942025702644,8.40284018896991,4.35807591138268e-17,2.55491058251373e-15
"Os05g0169200",80.3131182739206,6.20435458484413,0.741611204015544,8.36604753440872,5.95831678401773e-17,3.471216053089e-15
"Os08g0528700",172.795598114063,10.2170804355339,1.221577979058,8.36383809358825,6.0710218732792e-17,3.52220032498713e-15
"Os12g0545900",198.624085976449,10.3313271903952,1.23531839185006,8.36329100137701,6.09925263441131e-17,3.53125260183598e-15
"Os08g0208300",139.491040070674,10.4701064039841,1.2545868820117,8.34546140574617,7.09363833889009e-17,4.09003097956129e-15
"Os03g0231300",144.860462193629,10.1813477163938,1.22069925106395,8.34058651835811,7.3922953362252e-17,4.25345981033336e-15
"Os12g0545600",120.744070717236,10.2502955071328,1.23028154057738,8.3316665080761,7.97122255067633e-17,4.57715128146022e-15
"Os10g0571900",311.662326020533,10.2796359819993,1.23406081183561,8.32992659957238,8.08924923927261e-17,4.63540503538974e-15
"Os02g0807200",462.585694876442,3.72260662027439,0.447483354222231,8.31898345524971,8.8720932063745e-17,5.05293715729239e-15
"Os09g0325100",117.002157640772,10.2417112055963,1.23168715039746,8.31518880609521,9.16063133391977e-17,5.20666452483196e-15
"Os11g0616900",102.922603119607,10.1891131625976,1.22637074301623,8.30834657514557,9.7044744447813e-17,5.50458262421632e-15
"Os06g0225400",240.189212066428,1.90322530004839,0.229347173964486,8.29844670483316,1.05481402553295e-16,5.95895341616231e-15
"Os05g0493800",444.196627247824,3.80209909413255,0.459168300082631,8.28040414255149,1.22757950018816e-16,6.85599689281321e-15
"Os07g0209401",184.510283897463,10.0966078695932,1.21934804470005,8.2803330135957,1.22831298930747e-16,6.85599689281321e-15
"Os06g0566850",128.867792897115,10.4231132276186,1.25925607821048,8.27719906059999,1.26106319920658e-16,7.02477515988303e-15
"Os11g0598800",143.744457977228,7.98425008164601,0.96472573034317,8.27618651656142,1.27182730729612e-16,7.07065185312699e-15
"Os07g0535700",157.871832773226,10.2250527173635,1.23665308156226,8.26832752840131,1.35851252777652e-16,7.52266224291933e-15
"Os08g0201100",253.05295486467,10.2722612367502,1.24467628615985,8.25295809920413,1.54521240649976e-16,8.50596845184239e-15
"Os04g0454900",87.1216325266662,6.39220693910824,0.775716313808791,8.24039255758629,1.71646544443987e-16,9.43010602913879e-15
"Os03g0231600",2658.46445482088,2.71614676072406,0.329704842986454,8.23811605592841,1.74943447709472e-16,9.592389356368e-15
"Os03g0835150",7243.19866097986,1.81201454836852,0.220137736329694,8.23127637532675,1.85229053474626e-16,1.01364877717504e-14
"Os07g0137600",180.480836245399,10.4910502561614,1.27472024101473,8.23008054521052,1.8708760170771e-16,1.02181986213953e-14
"Os11g0479400",83.3846847583726,10.3532170002955,1.25850748882122,8.22658354619157,1.92628740742713e-16,1.05003315908952e-14
"Os05g0199700",174.233989705072,10.3027582606899,1.25425249668166,8.21426171201383,2.1347354860334e-16,1.15914064332889e-14
"Os10g0142900",132.433114452241,10.0627076182602,1.22597090381958,8.20794978649922,2.24997265745545e-16,1.20996606525162e-14
"Os04g0296700",86.0110662414699,10.7875694294397,1.31433242536586,8.20764155341963,2.25575446575175e-16,1.21074698426645e-14
"Os11g0684100",164.551070133964,10.1330513568742,1.23872789163159,8.18020763505004,2.83355188472616e-16,1.50070918379701e-14
"Os07g0644700",124.457412723203,9.98329709641803,1.22068115408074,8.17846418210347,2.87484427086346e-16,1.51970028715361e-14
"Os04g0503100",104.406389959342,6.12943600919462,0.755544329504384,8.11260937292106,4.95441427844002e-16,2.5847992701921e-14
"Os12g0215950",133.836540645216,10.0557773499353,1.23980942292736,8.11074441279229,5.03105803844638e-16,2.61989770925726e-14
"Os07g0672600",475.733980925293,3.10441682262555,0.383013519175934,8.10524085234589,5.26411311602069e-16,2.73616466870637e-14
"Os05g0124600",102.65650562271,10.4164303406105,1.2855415203543,8.10275683490935,5.37275590310228e-16,2.78745354497871e-14
"Os12g0450500",152.943878494231,9.81034600140198,1.21409410550033,8.08038351966065,6.45634002244679e-16,3.32495566091532e-14
"Os12g0216500",114.629440302028,10.0559133512134,1.24593624954547,8.0709694054426,6.97421930466801e-16,3.57847832359149e-14
"Os11g0238700",96.1629616288422,10.1291369225617,1.25856922139038,8.04813652710469,8.40641432858684e-16,4.29756801251558e-14
"Os08g0120600",2247.5312735407,2.60405896189438,0.323653863183225,8.04581455102295,8.56736458917408e-16,4.37185736079679e-14
"Os11g0556400",210.371077583786,5.5725458250577,0.693023902685067,8.04091432267676,8.91705909605804e-16,4.54201531078628e-14
"Os11g0146950",222.97719003122,10.4974110475688,1.30777581278521,8.02691940387868,9.99507001322384e-16,5.05428820704867e-14
"Os11g0693900",81.8416891692048,10.0417847284892,1.25128296717982,8.02519093752363,1.01368153073226e-15,5.11671305512581e-14
"Os07g0534200",145.626413311214,10.1414361518911,1.26459914883903,8.01948677666083,1.06187899697817e-15,5.35033950837795e-14
"Os12g0140300",85.4882897265185,9.98957533022543,1.24815691629586,8.0034611031691,1.20969906105777e-15,6.06236998986013e-14
"Os08g0461400",104.331762803044,10.2171035691575,1.27924504932351,7.98682283317063,1.38460854973195e-15,6.92651046238e-14
"Os07g0510800",134.834440300471,9.96971659789826,1.24918818484936,7.98095652745906,1.45203604511704e-15,7.225041986771e-14
"Os12g0198900",339.79348384563,4.93083053846005,0.618087745475654,7.97755751437119,1.4925736082162e-15,7.41355743874916e-14
"Os10g0549500",1441.86399984543,2.37131238008091,0.297631999073289,7.96726288659908,1.62227324056079e-15,8.01506164294026e-14
"Os05g0166900",93.6077661278578,9.85028075757867,1.23750138627073,7.95981391767402,1.72298202483966e-15,8.46774505142639e-14
"Os04g0431700",844.694746281627,1.97450929623278,0.248269845264989,7.95307740303823,1.81934593455755e-15,8.87891618044807e-14
"Os03g0789433",141.959172740524,9.81898044100383,1.23498125434066,7.95071213145343,1.85442404159053e-15,9.0343404005292e-14
"Os06g0567000",3098.1866109035,1.47708711148741,0.185794716596559,7.95010287991562,1.86356689191736e-15,9.06309296792646e-14
"Os07g0209500",184.037254381642,10.3361709592862,1.30035100032062,7.94875457221755,1.88395866352554e-15,9.14635765049102e-14
"Os12g0544600",231.624169003217,9.81981709821106,1.23947226729578,7.92257911476749,2.3263397630998e-15,1.11968614690745e-13
"Os08g0185900",181.610146688548,9.86860613053715,1.246214368872,7.91886723266531,2.39684110478768e-15,1.14966148635133e-13
"Os05g0498366",92.9372380771903,10.1520543073837,1.28289370735898,7.91340252832258,2.50447935473911e-15,1.1971839431782e-13
"Os06g0287000",239.673358216569,3.60462901529219,0.457956526989105,7.87111614936748,3.51491115818829e-15,1.66032053424962e-13
"Os04g0109400",1206.53075944326,11.7968359401492,1.49918951190171,7.86880901080015,3.58033266746412e-15,1.68552900190179e-13
"Os05g0128700",106.096774802714,10.0080768436739,1.27197878914247,7.86811614242484,3.60021277018887e-15,1.69203949421112e-13
"Os07g0504601",88.896031159713,9.82973173189576,1.25030578796132,7.861862135281,3.78464453269659e-15,1.77276046419309e-13
"Os04g0686650",1923.74863323253,1.39938354089053,0.178365309740039,7.8456037383619,4.30875489221765e-15,2.01488330779221e-13
"Os01g0649900",1327.39900526881,1.59526800277111,0.203422389065242,7.84214564631564,4.42912209709645e-15,2.06426617205342e-13
"Os06g0564800",94.9747728276934,9.60799794146794,1.22535825665258,7.84097049928481,4.47077475953766e-15,2.08021206947939e-13
"Os11g0593700",79.2908650643868,9.72812229097506,1.24592582119505,7.80794660924853,5.81271976910734e-15,2.68672554749285e-13
"Os09g0274100",94.4584103467411,9.92248884212321,1.27815981584354,7.76310498822459,8.28749522774161e-15,3.75610237517936e-13
"Os08g0316900",199.514330257036,5.78430635102467,0.745751054600551,7.75635021277031,8.74084371803066e-15,3.93605400533026e-13
"Os11g0570000",231.133275270366,11.2804894183142,1.45492973077971,7.75328813458838,8.95431274886879e-15,4.01279489918857e-13
"Os05g0179100",498.143960121243,2.54977879591295,0.328918540522318,7.75200690074794,9.04514740331792e-15,4.04701603178212e-13
"Os11g0227800",556.315746393148,9.45559042695096,1.2198224044765,7.75161235951303,9.07330106813428e-15,4.05312765286433e-13
"Os09g0400000",912.287193520596,3.59706854169855,0.464485585046932,7.7441984369334,9.61866910551582e-15,4.28989573949991e-13
"Os11g0615700",7308.93902387613,1.6519638029236,0.21333056089455,7.74368096158606,9.65791674391957e-15,4.30054114374151e-13
"Os01g0623200",1254.80190478478,1.96537300469204,0.254138003852031,7.73348721915811,1.04639880171724e-14,4.62998355873747e-13
"Os10g0111700",576.038710553605,2.18917852701356,0.283311813352912,7.72709934367113,1.10024783637565e-14,4.86055774034892e-13
"Os12g0539333",297.706829820203,10.4589466669604,1.35662720397583,7.70952155191096,1.26290294803721e-14,5.54408446450746e-13
"Os01g0223300",81.8496643538286,9.54365399342555,1.23855355575748,7.7054835045779,1.30348813961124e-14,5.71328249781956e-13
"Os07g0572100",742.390664143927,2.06444061362473,0.26828868191427,7.69484794846623,1.41662534655301e-14,6.18976737359505e-13
"Os09g0358000",2061.28863235139,4.81895385217418,0.627202127552724,7.68325495160105,1.55096488943397e-14,6.76617506523111e-13
"Os04g0309600",278.832681820455,2.29987206770499,0.299533443553283,7.67818124220869,1.61363089321099e-14,7.01766318783082e-13
"Os11g0606100",57.6447605009965,9.67271073853817,1.26018183031541,7.67564688352724,1.64585939820136e-14,7.14670997069918e-13
"Os06g0689700",167.000975084958,9.36196376362233,1.21990705467906,7.67432545595478,1.66291383607894e-14,7.20956938172271e-13
"Os03g0164400",128.845284775524,9.79237751604548,1.27621984149831,7.67295508001897,1.68078363550845e-14,7.27576371259417e-13
"Os06g0363000",81.230011354978,9.97891047656663,1.3044776989655,7.6497363538528,2.01391790487984e-14,8.67753471372265e-13
"Os10g0132700",228.91644363863,9.46997439907913,1.23870432984418,7.64506442007058,2.08840746325931e-14,8.98465020039743e-13
"Os06g0136600",2103.0136980571,2.08501792235201,0.273197116061762,7.63191776109615,2.31286969830479e-14,9.93503659652766e-13
"Os03g0247300",613.952253792841,2.54296986223636,0.33337788073522,7.62789017864107,2.38626703385779e-14,1.02189236347319e-12
"Os01g0781100",396.495595467712,10.1158578095316,1.32615155819654,7.62798018598147,2.38460201184584e-14,1.02189236347319e-12
"Os01g0946200",375.032584879013,2.55798241333664,0.335431931052558,7.62593592479375,2.42270153481535e-14,1.03590865014643e-12
"Os07g0541500",137.014041478427,9.36752693557122,1.23085448824961,7.61058843673126,2.72850791631751e-14,1.15957439774928e-12
"Os10g0498500",1879.14780543207,1.20606921709805,0.158727880264272,7.59834513690996,2.99941506390413e-14,1.27084307343962e-12
"Os06g0565300",266.794311637901,2.84718582847444,0.374770139764358,7.59715229784487,3.02718202213033e-14,1.28066744427916e-12
"Os08g0198700",243.679395016832,9.80962910557866,1.29404664421069,7.58058386029982,3.4400332554208e-14,1.44440075006888e-12
"Os02g0811200",77.1155743211498,9.36248419492783,1.2351603530595,7.57997467433022,3.45622420224418e-14,1.44902329222723e-12
"Os08g0145501",69.5885986861161,9.85408472634738,1.30229874157778,7.56668528636435,3.82867946651239e-14,1.6003765710247e-12
"Os08g0188151",138.537421333565,9.2555202687052,1.22406904682688,7.56127302842765,3.99143423513648e-14,1.66343467885777e-12
"Os05g0462700",423.053667923013,4.76339084772041,0.630497857444721,7.55496754108801,4.18964324261718e-14,1.73569160943032e-12
"Os04g0120300",85.6245540213174,6.27587087145947,0.831080814790106,7.55145680151993,4.30416311895243e-14,1.78049729968026e-12
"Os02g0152200",335.346120472885,3.26006310341598,0.431844607608876,7.54915783588673,4.38081707966579e-14,1.80952982002621e-12
"Os09g0519200",109.10816806262,9.5009182695927,1.25862768513627,7.54863283383448,4.39850951377164e-14,1.81415811273024e-12
"Os01g0124500",75.1873228477126,9.88993788659712,1.3105762441469,7.54625145295139,4.47964758133767e-14,1.84490228224634e-12
"Os01g0846500",930.427989868205,2.33397483649486,0.309373898660322,7.54418794410792,4.5511440156509e-14,1.87159104784797e-12
"Os07g0194950",82.3582097287826,9.8775340405379,1.31120577973492,7.53316847225523,4.95236474645595e-14,2.0246773065774e-12
"Os04g0156200",102.162156565985,3.20921615724212,0.426877348404357,7.51788814571208,5.56680955834955e-14,2.26924580888756e-12
"Os02g0625900",422.110566341589,1.96681158056017,0.261828412115782,7.51183404683536,5.83046722895587e-14,2.37326325459275e-12
"Os05g0153901",77.6775054735023,9.34557915595937,1.24419615727839,7.51133902905012,5.85256049303747e-14,2.37879362830378e-12
"Os10g0161100",92.7710787238438,9.27192270469258,1.23611726181202,7.50084396613059,6.34082343873537e-14,2.56977951653327e-12
"Os11g0685600",382.556941910167,9.55021303411554,1.27511222920079,7.48970389853558,6.90291676537249e-14,2.78949659576411e-12
"Os01g0206200",390.910043027392,2.20334687286007,0.294259382230172,7.48777101399809,7.00531071706593e-14,2.82678945010147e-12
"Os07g0117400",61.0445157544621,9.51516594253704,1.27123651095064,7.48496905223525,7.15639980075755e-14,2.88359602346375e-12
"Os05g0127200",7733.30112733496,1.87459344302501,0.25050390156209,7.48329040520103,7.24844646259223e-14,2.91648283280474e-12
"Os08g0198800",191.381922557331,5.34654574828248,0.714801292082426,7.47976508647099,7.44555816039355e-14,2.99148833904088e-12
"Os12g0206950",131.039182628077,9.51662643757225,1.27294230756635,7.47608621459554,7.65687340132708e-14,3.06318752209886e-12
"Os09g0562400",62.5821568669606,9.28427800205404,1.24323982409917,7.46780936556732,8.15408560642823e-14,3.25279386445305e-12
"Os07g0534100",81.7399544810777,9.22839573853948,1.23741471147107,7.45780347767849,8.79767566019941e-14,3.49457673525307e-12
"Os03g0754300",326.077409481513,9.96420982082901,1.33794573872288,7.44739456350465,9.52015776176339e-14,3.76551190452548e-12
"Os05g0206200",116.995475697766,9.66431954485087,1.30000900506676,7.43404046216937,1.05329727678237e-13,4.15435896303841e-12
"Os02g0627800",81.3913408533069,9.3950890343629,1.2643084752016,7.43101008862954,1.07771490937932e-13,4.23870882220582e-12
"Os11g0480000",56.9300585365217,9.55112108855389,1.28705807705154,7.42089363242572,1.16332718163785e-13,4.56900018361248e-12
"Os01g0114600",78.1907090428236,9.15536822944007,1.23452521774781,7.41610466746279,1.20615192179031e-13,4.73055152046903e-12
"Os03g0411100",3258.41474576282,1.62842103594639,0.219590472757825,7.41571806597589,1.20967587569256e-13,4.73772775740432e-12
"Os12g0143800",261.519778353437,2.52456814992861,0.340801137741858,7.40774566263584,1.28464370403312e-13,5.02430441113036e-12
"Os04g0691100",4668.44696872575,1.15184085902501,0.155622920966557,7.40148592425232,1.34668955275232e-13,5.25227707854476e-12
"Os03g0734100",4628.9538657553,3.28122333804678,0.443509951863888,7.39830825499442,1.37930372729814e-13,5.35706242085629e-12
"Os04g0114950",86.8264802771945,6.05458748043361,0.818356867831273,7.39846846581598,1.37764097365076e-13,5.35706242085629e-12
"Os02g0528750",65.1150736288516,9.25071671439048,1.25350464854455,7.3798822566247,1.58429578560339e-13,6.13618384329822e-12
"Os07g0636100",792.256563387835,1.52857300914243,0.207224812703308,7.37639952089592,1.62627516326025e-13,6.28137550627206e-12
"Os02g0490500",511.451451298938,3.39719801588559,0.46056279124092,7.37618861205077,1.62885217020191e-13,6.28265132241742e-12
"Os10g0125700",97.2417791221106,9.4009212673788,1.27679247000104,7.36292035570289,1.79929734072336e-13,6.91147676318517e-12
"Os10g0191201",170.384334530686,9.67924810957104,1.31501905604115,7.36053828657835,1.83170087904131e-13,7.0262940166682e-12
"Os12g0540000",67.5360034260234,9.22886845448322,1.25459952634535,7.35602737023736,1.89464183849386e-13,7.24784738326159e-12
"Os02g0807800",400.641823500637,3.44428591304693,0.468917305231578,7.34518831917697,2.05469596513598e-13,7.78557154052337e-12
"Os11g0615900",182.260367743642,9.53601537253759,1.29944207774576,7.33854593125106,2.15926810789339e-13,8.15969910393661e-12
"Os06g0574100",661.187705594763,2.71939888314118,0.371073464770839,7.32846495725739,2.32803816386498e-13,8.7737546110944e-12
"Os07g0110650",85.7719914810031,9.24288967385141,1.26247659381904,7.32123646418766,2.45696448749438e-13,9.24718101322917e-12
"Os07g0136800",448.421167566645,10.0406864566316,1.37221383554963,7.31714416260046,2.53303689859433e-13,9.52067793444782e-12
"Os05g0445000",53.2602632491183,32.2180937909432,4.40906111645613,7.3072459056406,2.72673283784314e-13,1.02349472587175e-11
"Os04g0531800",91.5376427871972,9.44409779403022,1.29266463293308,7.30591489348739,2.75386445753005e-13,1.03229310576904e-11
"Os07g0538700",606.743880144091,2.20327268619414,0.302080926877515,7.29365044317249,3.01667512826771e-13,1.12627908260185e-11
"Os10g0437525",101.763954930614,9.39264596517391,1.28855184690329,7.28930387065665,3.11560625937555e-13,1.16166417916237e-11
"Os01g0891400",305.5597886756,2.59308138510942,0.356731119480907,7.26900806658727,3.62136779949822e-13,1.34307598335767e-11
"Os10g0161400",236.463535411568,9.75542199748759,1.34331474761906,7.26220121887181,3.80841080109846e-13,1.40870898997245e-11
"Os11g0229700",245.022480861797,8.84423711323716,1.21803259470322,7.26108410538232,3.84000073703848e-13,1.41851757741802e-11
"Os12g0468600",2051.0418920891,1.21462298966789,0.167311776032895,7.25963837374531,3.88126563507262e-13,1.42998303319065e-11
"Os01g0234200",51.5907833086374,9.60110294420312,1.32574511281983,7.24204287186227,4.41976079064205e-13,1.62197100721147e-11
"Os06g0239300",67.969977681776,9.07786916938684,1.25416831406522,7.23815860086762,4.54817398737179e-13,1.66472692909509e-11
"Os08g0453200",13174.1163940831,1.00117466053209,0.138559864915823,7.2255747444638,4.98986928811679e-13,1.81925299573531e-11
"Os04g0345100",87.0904870584924,9.30589675620164,1.28873916172851,7.22093114926391,5.1632791890099e-13,1.88002525054001e-11
"Os11g0426400",532.038655938101,3.87986848440986,0.537905479121124,7.21291869112232,5.47651191474675e-13,1.98631879616055e-11
"Os02g0222200",62.2069644330142,8.99735174682524,1.25017693909033,7.19686267239263,6.16137610306897e-13,2.22031857404924e-11
"Os03g0276900",2926.22246160291,1.24802249979272,0.173443461866553,7.1955580588731,6.22058095447255e-13,2.23876867195458e-11
"Os07g0126100",58.5180355968799,5.38732821960819,0.750175679888852,7.18142211755836,6.89899815757695e-13,2.47655435787525e-11
"Os05g0166450",66.9805318485208,9.6080835240252,1.33976408035842,7.1714741907805,7.41944262629141e-13,2.65922710446353e-11
"Os08g0518000",51.6073034187538,9.29357224579027,1.29593303015848,7.17133681256178,7.42689303599633e-13,2.65922710446353e-11
"Os07g0126500",61.827765850924,6.00802003653948,0.838806388302944,7.16258259393419,7.91711373463998e-13,2.82751173021037e-11
"Os08g0234200",80.2344238570107,9.05495468792554,1.26637630527953,7.15028751736382,8.65963289170408e-13,3.08874967070935e-11
"Os02g0484900",270.342997219666,9.42704640600105,1.31931493003575,7.14541023631531,8.97275105069111e-13,3.19597465583188e-11
"Os02g0779650",55.3884650152592,10.1425299660653,1.42045636090599,7.14033197021008,9.31057830771977e-13,3.30827206857783e-11
"Os01g0591000",3297.55960043595,1.81653607070395,0.254548223012923,7.13631409091285,9.58668154372939e-13,3.39774350682951e-11
"Os09g0564200",678.1733316344,3.58938235087031,0.504344609870646,7.11692418362698,1.10362152492946e-12,3.89176195751923e-11
"Os04g0523600",834.676633139945,1.92616352253538,0.270980143467957,7.10813529686964,1.17621229355641e-12,4.13730824868068e-11
"Os02g0725300",2036.29917506247,1.86691579334136,0.262946436534581,7.09998514505762,1.24770299660068e-12,4.37776243374421e-11
"Os07g0125201",58.1073488133987,5.93188278691176,0.836713513181511,7.08950279093311,1.34594687312402e-12,4.71064560200752e-11
"Os06g0674100",264.327885593182,8.81878572628385,1.24445165618122,7.08648317713325,1.37562929877722e-12,4.80851221387578e-11
"Os07g0642200",1200.88107636338,1.78264744100664,0.251862000423276,7.07787374836517,1.46382988933669e-12,5.11042934149952e-11
"Os03g0674300",763.67755456546,0.884657718302259,0.125130007052136,7.06990864256613,1.55035730414955e-12,5.39902760314295e-11
"Os05g0169100",50927.370753972,1.17749178896833,0.166640332619532,7.0660672026906,1.59386250501953e-12,5.53674175035605e-11
"Os12g0409800",54.0777310902562,9.65758062676231,1.36887744024605,7.05510978764205,1.72464499913543e-12,5.9762048024564e-11
"Os09g0400300",589.447916604555,2.35283921125294,0.333510715352196,7.05476346919852,1.72894565707992e-12,5.98369261814145e-11
"Os02g0232100",286.824177285861,2.26951485236138,0.322637300154993,7.03426061174923,2.00320402321768e-12,6.9154404246255e-11
"Os08g0331000",1894.30821203816,2.26404223771962,0.321866890298281,7.03409485710532,2.00558653424806e-12,6.9154404246255e-11
"Os05g0166833",53.8370671229208,9.26386168340902,1.31875017361925,7.02472831376758,2.14483184885951e-12,7.3683142286864e-11
"Os12g0552900",94.0942342339357,9.80235086237569,1.39724609370274,7.01547916759544,2.29162211855768e-12,7.85329913276311e-11
"Os08g0426000",144.287302790825,9.29024891683556,1.32546448935912,7.00905153734262,2.39939067423427e-12,8.18250741637647e-11
"Os12g0539751",187.635506513079,9.21558539166595,1.31544287302159,7.00569031211338,2.45771004674025e-12,8.37118194239273e-11
"Os04g0559550",84.1795710918338,8.82447232929938,1.26042909991636,7.00116518246441,2.538424437227e-12,8.61462390323008e-11
"Os03g0157400",223.609151054306,1.92028380512825,0.274641389019683,6.99196800592438,2.71056704516746e-12,9.17654925557661e-11
"Os01g0537250",265.112139662345,4.68161494518849,0.669996414509637,6.98752238639204,2.79782942627812e-12,9.4605202027136e-11
"Os11g0648700",105.901489199732,9.10901416873959,1.30380937663811,6.98646161928004,2.81905476558594e-12,9.52077867932915e-11
"Os01g0590200",6022.59520526563,1.17965871412774,0.168934663712052,6.9829287146092,2.89089119440905e-12,9.73986522415116e-11
"Os10g0113000",472.958335690781,4.29119519882145,0.614728475489576,6.98063514205015,2.93848542045764e-12,9.87641902616317e-11
"Os11g0678301",212.598765519874,5.09377788723653,0.729777789989114,6.97990259105105,2.95384795600106e-12,9.91613496297883e-11
"Os07g0208801",76.8032978833019,8.94743112399273,1.28452206301446,6.96557216229924,3.27071716154315e-12,1.09143597500468e-10
"Os11g0678200",272.264947032017,3.24895373192188,0.467144458529523,6.95492298495617,3.52754691845488e-12,1.17435534017065e-10
"Os03g0563400",829.073138538361,12.7948361941146,1.83968107703629,6.95492080329864,3.52760150816529e-12,1.17435534017065e-10
"Os01g0969200",1177.46560390442,1.14435024109604,0.164622028589346,6.9513797813211,3.61730595884911e-12,1.20135800277027e-10
"Os12g0551200",72.620121069793,9.10733378649687,1.31050041102845,6.94950853113406,3.66560957555298e-12,1.21595618233409e-10
"Os12g0553200",332.603843091743,2.4727575733739,0.355877118307777,6.9483466234976,3.69592020186669e-12,1.2231090239645e-10
"Os07g0582500",53.4114498312639,8.94830262838862,1.28782514237087,6.948383234633,3.69496139025574e-12,1.2231090239645e-10
"Os11g0655100",109.84625664078,8.79836717977574,1.2663494646145,6.94781924391947,3.70975887891601e-12,1.22623755661947e-10
"Os07g0115500",691.518595468419,1.88096934498827,0.270736352552851,6.94760540005828,3.71538470303788e-12,1.22664719994984e-10
"Os02g0529800",335.809450371157,9.71743517691828,1.3997078650754,6.94247379712683,3.85292434050803e-12,1.27055632379678e-10
"Os01g0674450",293.949039879339,10.3798724204923,1.49814099962276,6.92850167180931,4.25321146331809e-12,1.39925653364973e-10
"Os12g0140266",39.4001559720855,9.00293566139642,1.30144020548593,6.91767137932774,4.59127797464487e-12,1.50257375376611e-10
"Os11g0640500",38.9368077788649,9.00194400382508,1.30131336769319,6.91758359462841,4.59412301341018e-12,1.50257375376611e-10
"Os08g0271400",95.6150819780576,8.88548979551962,1.28490736342998,6.91527657822768,4.66951437254093e-12,1.52544742889877e-10
"Os01g0256800",460.432392505903,2.49041061039809,0.360164612617852,6.91464547917847,4.69034855591137e-12,1.53046565948081e-10
"Os10g0528300",14087.9695122314,1.71944500290948,0.248999252986893,6.90542233474088,5.00542874699746e-12,1.62569986896681e-10
"Os07g0538200",2603.88032635584,1.29319438325225,0.188265030904533,6.86901001762782,6.46489670405054e-12,2.06374853232956e-10
"Os12g0194100",250.219503133133,8.39958738040734,1.22596096655791,6.85143133389519,7.3114692642783e-12,2.32338552848044e-10
"Os10g0501900",108.771562930212,8.5887479740682,1.25428318858269,6.84753495243231,7.51333391687566e-12,2.38482258401261e-10
"Os09g0400200",403.371721124418,4.93054656225085,0.720957730763498,6.83888437818591,7.98122666540564e-12,2.52474007320592e-10
"Os05g0217700",9230.16671593378,5.70587819289161,0.836817704481521,6.81854382661142,9.19679210199084e-12,2.89616097229811e-10
"Os10g0499400",624.748369061698,1.63575450804128,0.240012089339612,6.81530048149668,9.40669417560888e-12,2.95560444861491e-10
"Os09g0398200",82.7829549189351,4.8666828224935,0.715216162778286,6.80449223013736,1.014062610054e-11,3.17195154670584e-10
"Os05g0144100",2535.82215727119,1.30215664117421,0.191819602448046,6.78844406179445,1.13349311612894e-11,3.53761177448991e-10
"Os10g0322600",58.91780883502,8.58116644159961,1.26542341868784,6.78126097152344,1.1913145386944e-11,3.71392639465443e-10
"Os01g0781700",863.32201739537,2.30835433979777,0.34049277635732,6.77945172433069,1.2063279748659e-11,3.75236434807007e-10
"Os07g0676400",52.5324906710333,9.36540925237092,1.38212734132247,6.77608276196155,1.23477962942148e-11,3.82809063826411e-10
"Os06g0356800",691.74480520689,2.84855339691316,0.420792992005021,6.76948868216695,1.2923832250642e-11,3.98898504477874e-10
"Os02g0789700",83.8953755614449,8.38721008456031,1.23957620354697,6.76619159077175,1.32216437354605e-11,4.07191679976231e-10
"Os10g0105700",2468.22878060904,1.38718687522055,0.205872835430932,6.73807630966412,1.60497277697069e-11,4.89972256934589e-10
"Os12g0265400",90.3919974422877,8.78271656378475,1.30382595937825,6.73611113554828,1.62681875317824e-11,4.95559472918042e-10
"Os08g0529100",658.811767244154,2.21374935594176,0.329016534120906,6.72838330710837,1.71558500488262e-11,5.2146325083193e-10
"Os10g0467000",494.964898291588,2.5279731314083,0.376194541424735,6.71985596025472,1.81904287501289e-11,5.50516395637017e-10
"Os01g0347300",195.121636557628,10.1231053242002,1.50659488968556,6.71919531488187,1.82730841441177e-11,5.5242002703363e-10
"Os09g0367900",1021.15035141102,1.5640522050657,0.232834534438655,6.71744081622816,1.84943842571684e-11,5.57903949695207e-10
"Os11g0549695",245.456055426212,2.23811533834386,0.333789568066189,6.70516862258575,2.01173924650258e-11,6.05557333575868e-10
"Os09g0344400",100.622436783835,4.33521036731973,0.646722438025768,6.7033554310466,2.03687206751808e-11,6.11805483309081e-10
"Os03g0661800",199.561904041922,2.73868369474347,0.409212934622867,6.69256385374879,2.1929400604766e-11,6.5656719326732e-10
"Os07g0538400",1272.62866186615,1.5929615532444,0.238233703386216,6.68654993228201,2.28493208773682e-11,6.82647872878978e-10
"Os05g0569900",177.832446554398,8.76958071326556,1.31186236324977,6.6848329206895,2.31188254991181e-11,6.8922690432552e-10
"Os03g0857100",88.2137085373496,6.99879680705449,1.04703238414352,6.68441293034081,2.31852200314643e-11,6.90470173546184e-10
"Os03g0621700",41.3875299793882,8.6411935140746,1.29311658385022,6.68245510265259,2.3497196307775e-11,6.99016593138959e-10
"Os05g0479475",143.703564215039,6.92866800539542,1.03730244889455,6.67950607152164,2.3974890832675e-11,7.12469550738496e-10
"Os09g0453300",263.509753936657,1.81879399291136,0.272344219420713,6.67829115954805,2.41744400104978e-11,7.17636985619492e-10
"Os11g0607000",48.6227804153957,9.48369291855046,1.4244595538522,6.65774812131623,2.78054750595296e-11,8.22806671497021e-10
"Os02g0212400",98.0314477111186,8.43522908856967,1.26703652516702,6.65744745397748,2.78623966641238e-11,8.23619514075641e-10
"Os06g0623300",745.427650033106,2.58838967638359,0.388827468138876,6.65691055411525,2.79643250491857e-11,8.25759646964549e-10
"Os12g0556400",1110.20765306117,1.92053543705423,0.288535720059792,6.65614446854706,2.8110395662867e-11,8.29197367422377e-10
"Os11g0298200",82.2158510943295,8.7274108704717,1.31242165306024,6.64985285035608,2.93386188459984e-11,8.62697305372764e-10
"Os07g0256866",36.8332042255537,8.77382155687948,1.31978271479977,6.64792882835307,2.97245965164596e-11,8.73128799355333e-10
"Os07g0535200",405.778056983752,1.31449033992789,0.198228952729571,6.63117229762675,3.33031215311516e-11,9.77217723501705e-10
"Os08g0156100",82.0743253168284,8.55449472197765,1.29017321194065,6.63050096127028,3.34549495424737e-11,9.80643824953599e-10
"Os06g0570000",744.625512154718,2.01693172689794,0.304214267100484,6.62997086271347,3.35753139425194e-11,9.83141444071844e-10
"Os02g0577700",440.007257533966,2.80924390279687,0.424965714630863,6.61051893383223,3.82975128869623e-11,1.11790360163989e-09
"Os12g0106900",4080.29588420237,0.956417888082711,0.144957321358199,6.59792743906558,4.16945228032905e-11,1.21326288831552e-09
"Os01g0970500",530.78926326922,1.11280776595156,0.16871804516589,6.59566535907526,4.23352874365813e-11,1.22934992510546e-09
"Os11g0569600",50.4029803368328,9.06546122265847,1.37585247579973,6.58897765720782,4.42865418823408e-11,1.28467723775703e-09
"Os10g0462300",332.09328574917,11.5671358005836,1.75829954039443,6.57859229036072,4.74923053408192e-11,1.37339692507825e-09
"Os04g0419550",307.087916837873,2.38136474308903,0.361997540780862,6.57840033374869,4.75536456410258e-11,1.37375015155542e-09
"Os06g0507150",54.1525932438336,8.38201020442835,1.27429617171767,6.5777567181497,4.77598810583944e-11,1.37828412168931e-09
"Os01g0715800",1641.48512328256,0.754440367800996,0.114711676475678,6.57684022219794,4.80550671660116e-11,1.38537309095912e-09
"Os01g0153625",45.2163690412619,9.14006141681721,1.39006742534282,6.57526480383719,4.85666562169434e-11,1.39867968532503e-09
"Os11g0111200",30.8917101145273,8.57964365934625,1.3058330390173,6.57024550841722,5.02323690859393e-11,1.44219504016346e-09
"Os02g0643800",237.433181232069,2.25571592100443,0.343655936011373,6.56387882364346,5.24258105963756e-11,1.5036260179662e-09
"Os04g0616800",50.1674525212374,6.8712131669754,1.04742803635279,6.56008138840868,5.37784180822276e-11,1.54083983939694e-09
"Os05g0157300",892.374391568142,2.08752000967987,0.318622162266026,6.55171000922701,5.6881921172432e-11,1.62476613244728e-09
"Os03g0207100",242.645244605569,1.63571490914296,0.249766979651459,6.54896380388449,5.79376706727352e-11,1.65323369662486e-09
"Os03g0277600",170.157526232506,9.18836488083927,1.40677133047669,6.53152696659363,6.51024971836134e-11,1.84824998095692e-09
"Os01g0319200",364.40804086588,4.02361911819584,0.617358576293307,6.51747505048706,7.15007088231707e-11,2.02578097419569e-09
"Os08g0193900",33.5954427622386,8.70225761219696,1.33619270714355,6.51272646952269,7.37988262950515e-11,2.08666367898364e-09
"Os01g0603700",83.9018151505736,9.54036777187524,1.46607618409008,6.50741610525272,7.64544232112717e-11,2.1573879825227e-09
"Os12g0118800",9191.20667599014,12.4623728989662,1.91647556457054,6.50275595961429,7.88616766020469e-11,2.22307250453593e-09
"Os08g0120200",494.252134716377,1.84333447562407,0.284377932782195,6.48198844963079,9.05215716571634e-11,2.53896211616943e-09
"Os01g0733001",44.164711444452,8.7587718837137,1.35199864458404,6.4783880655505,9.27076674872222e-11,2.59767255873014e-09
"Os09g0380050",2556.63327457176,1.14259250355163,0.17641359864965,6.4767824719724,9.36991211621062e-11,2.62282504922636e-09
"Os04g0109100",55.6670415989214,8.91633983561879,1.3769529730868,6.4754134744562,9.45526584358492e-11,2.64407054050009e-09
"Os01g0604000",49.1516404850642,8.87823333253141,1.37123509857726,6.4746252059498,9.50475687644756e-11,2.65525495797182e-09
"Os06g0215900",3632.22769248504,1.73142507382024,0.267506408988963,6.47246202572917,9.64187580435148e-11,2.69087240511861e-09
"Os05g0242000",76.9766226684503,7.95785986534051,1.23125443389048,6.4632131639888,1.02502737083931e-10,2.84646131064056e-09
"Os07g0129100",33.0824575030349,8.57312523105824,1.32696495940681,6.46070204814651,1.04218339624245e-10,2.89123179489324e-09
"Os12g0126000",196.995859923643,2.13942427519354,0.331514475520021,6.45348674997552,1.09305563296926e-10,3.01441890733260e-09
"Os03g0830500",241.081295083576,2.64549572503191,0.410567131096458,6.44351562670608,1.1673724411567e-10,3.20987246258663e-09
"Os12g0555500",3401.7576383368,10.8091319836348,1.67880292173676,6.43859493194862,1.2058453220055e-10,3.3067798932991e-09
"Os03g0379500",1221.38151340735,13.9946352067015,2.1760286538415,6.4312734034985,1.26539316469178e-10,3.46045737015014e-09
"Os04g0449200",313.627539366529,4.19526377896509,0.652328955762047,6.43120888917802,1.26593044259176e-10,3.46045737015014e-09
"Os04g0429450",1663.02886688856,12.722395713544,1.97830880507698,6.43094530080147,1.26812793483534e-10,3.46307905954449e-09
"Os03g0405500",8284.97678832738,1.17429056989685,0.182854206548342,6.42200467828124,1.34491288194648e-10,3.66915488793286e-09
"Os03g0709300",392.318574686183,2.06655664310899,0.321800450769136,6.4218575150212,1.3462140305461e-10,3.66915488793286e-09
"Os10g0501000",585.462582411029,1.6352667097652,0.25469481737528,6.42049463988785,1.35832253579706e-10,3.69855222892201e-09
"Os02g0482200",48.9224028602455,8.48713183622903,1.32243348002584,6.41781379889382,1.38245195282895e-10,3.75413155963275e-09
"Os11g0182900",190.901787536876,8.49000695996441,1.32286215463522,6.41790751229524,1.38160144544098e-10,3.75413155963275e-09
"Os09g0397100",311.054469664184,2.77073802010482,0.431906297455534,6.41513688600494,1.40696383250512e-10,3.81613352203425e-09
"Os09g0256100",262.145772516147,5.98361371451719,0.934246456301311,6.40474863368105,1.50617318742885e-10,4.0655045379595e-09
"Os11g0479300",1530.32192867443,0.881930960963471,0.137743039340693,6.40272615723329,1.52626802220556e-10,4.11180722282815e-09
"Os11g0216000",2354.40913274425,1.74357602404618,0.272704514876123,6.39364560883126,1.61976602481497e-10,4.3553016459544e-09
"Os04g0388000",59.0246207338308,8.38412846919181,1.31164836782573,6.39205497056339,1.63671032879702e-10,4.39241532000766e-09
"Os03g0357200",60.2381623372563,8.10006444226726,1.26733680856732,6.39140628403596,1.64367008456226e-10,4.40686387772763e-09
"Os01g0151900",353.270317302859,1.49622494442399,0.23423904242709,6.38759845037239,1.68511121277602e-10,4.51364463161577e-09
"Os06g0476900",51.6697658022236,8.2489265407396,1.29277525031393,6.38078934349687,1.76177515529713e-10,4.70996944959168e-09
"Os04g0122000",175.815231152888,6.65954803706821,1.04576854664858,6.36808982103194,1.9139682831016e-10,5.10708101800125e-09
"Os10g0327000",44.2968676887573,8.58109395727062,1.3480470306653,6.36557461428893,1.94559963442111e-10,5.18653462125376e-09
"Os04g0657100",29.6062890212012,8.26675960608796,1.29888730421286,6.36449334694028,1.95935414124072e-10,5.2182265910148e-09
"Os05g0318901",37.9627212187713,8.17429057475718,1.28711562721699,6.35085955131449,2.14115131424498e-10,5.6807547771866e-09
"Os02g0451501",41.0224638615357,8.33497024954777,1.31261205345039,6.34991140576388,2.15438963793874e-10,5.71045988960369e-09
"Os06g0168901",39.2659956786576,8.93185537328156,1.40671802347075,6.34942840303155,2.16116418861509e-10,5.72299198583639e-09
"Os10g0161625",54.1713933923077,7.96195278727763,1.25401816598078,6.34915267040848,2.16504091430194e-10,5.72783388150798e-09
"Os09g0443400",245.134622962846,8.1874100662719,1.28962069704544,6.34869623683111,2.1714731808116e-10,5.73942117468956e-09
"Os10g0160700",35.1278718365637,8.22007407603399,1.29545019833228,6.34534163228835,2.21932395092292e-10,5.86035646492999e-09
"Os05g0136900",674.212333223032,1.40507079381245,0.221457912514045,6.34464028790725,2.22945747353761e-10,5.87601779359149e-09
"Os04g0162800",23.8201978529498,8.63155338241622,1.36043063570159,6.34472141092649,2.22828304282868e-10,5.87601779359149e-09
"Os01g0867800",4197.42165595608,0.707999719590183,0.111694120927817,6.33873756030303,2.31655442257675e-10,6.09982371684898e-09
"Os12g0135100",251.206832664064,2.41508555791161,0.381159793958546,6.33614981483139,2.35577734298876e-10,6.19726788516817e-09
"Os03g0822300",1390.55577077255,1.6447195030494,0.260459078471421,6.31469447216779,2.70695728245011e-10,7.09440988251498e-09
"Os04g0452600",388.932498230382,2.81812289726721,0.446725963788539,6.30839289789117,2.81947733786711e-10,7.36858544636596e-09
"Os10g0536400",5685.0896355314,1.78460742899471,0.283031568993293,6.30532995079781,2.87580590282706e-10,7.50878023031334e-09
"Os08g0134900",1491.34944367884,1.36130044092162,0.216008706137847,6.3020628439527,2.93710024287048e-10,7.66166708877146e-09
"Os08g0278900",1505.54333291776,1.40252211631185,0.222957629104071,6.29053207081418,3.16379676123187e-10,8.22234318132788e-09
"Os09g0385300",965.367626800225,12.2284734964947,1.94703822127081,6.28055133325183,3.37374460809969e-10,8.74359538655233e-09
"Os05g0501001",129.041346664584,9.42819833761783,1.50173204440665,6.27821612566243,3.42479632057065e-10,8.8676855841146e-09
"Os12g0198400",289.79875746294,1.64114282657998,0.261469100604558,6.27662244902131,3.46006907676731e-10,8.95072818341546e-09
"Os06g0275900",1467.4362331773,0.905958257838248,0.144585434038368,6.26590267452418,3.70671804642629e-10,9.53584760352021e-09
"Os01g0620800",113.656239638666,5.86920956685769,0.93770393856744,6.25912862840724,3.87134467792094e-10,9.931952529668e-09
"Os12g0605800",4102.72538962617,1.4125803267212,0.22595669648178,6.25155327863939,4.0639041491469e-10,1.03878442071978e-08
"Os09g0272600",858.414486024541,1.64161350378634,0.262647098498164,6.25026323600454,4.0976146863381e-10,1.04644472227177e-08
"Os12g0587200",76.0619776948859,8.06143255929837,1.29343342985188,6.23258404587665,4.58803241345221e-10,1.1663612582707e-08
"Os02g0771400",729.691564218122,1.80972153810112,0.29050091468897,6.22965865714649,4.67452543958541e-10,1.18619264421567e-08
"Os09g0306400",4639.55945407885,0.973143825986263,0.156225119475918,6.229112381228,4.69085222422127e-10,1.18817927172213e-08
"Os12g0246700",36.9365821461443,8.46703509243786,1.36034355320631,6.22418878854622,4.84053937571592e-10,1.22498500545267e-08
"Os03g0601100",128.534346017647,8.48283288964799,1.36482150760692,6.21534233038412,5.12128747500566e-10,1.29252421435973e-08
"Os10g0496000",350.896089379022,2.50795805466431,0.403689314613462,6.21259459657908,5.21167858107378e-10,1.31178559713004e-08
"Os12g0210300",6337.58847334309,1.04694644376074,0.168527247133524,6.21232745190006,5.22054932623457e-10,1.31283670286712e-08
"Os10g0166600",146.313952144724,8.23516430274378,1.32652899709405,6.20805449468807,5.36445504245977e-10,1.3478133046482e-08
"Os10g0133000",64.2698675726324,4.78605178133211,0.77171834848985,6.20181156855708,5.58168847811688e-10,1.40113408080844e-08
"Os03g0312600",2560.12985337575,0.636695440328624,0.102666459666968,6.20159146807978,5.58950185828211e-10,1.40183704004485e-08
"Os03g0133400",1409.00604211374,1.4652453829589,0.236423350896627,6.19754934274474,5.7349062956312e-10,1.43701540905942e-08
"Os12g0516300",830.910953077913,4.37967696388433,0.706700278715681,6.19736130830982,5.74175941004566e-10,1.43744458498225e-08
"Os02g0600650",42.4078073363309,8.10702956162831,1.30914688438275,6.19260501502145,5.91778955640672e-10,1.47886565822482e-08
"Os02g0682700",86.9256561366833,7.78962124228597,1.26038505493964,6.18035037130696,6.39594917720732e-10,1.592665385498e-08
"Os04g0290400",36.3306233000259,8.08840077402513,1.30870064428155,6.18048199897199,6.39061833396867e-10,1.592665385498e-08
"Os02g0616300",369.373906252437,11.9128437735505,1.93061343764236,6.17049666250037,6.80758124747259e-10,1.6931822653417e-08
"Os09g0548700",28.4214274087308,8.5032631405308,1.37990836534676,6.16219406597624,7.17438487849512e-10,1.77858598175742e-08
"Os08g0302000",206.976009946399,2.46145834397569,0.400344845606384,6.14834528529381,7.82954465047931e-10,1.93414652478802e-08
"Os10g0174800",42.275645058466,8.69274909680728,1.41443694481601,6.14573108307634,7.95960386003428e-10,1.96453982649602e-08
"Os04g0405300",156.267083588048,4.59280446697896,0.747578226385677,6.14357709317436,8.06834841967488e-10,1.98962341453076e-08
"Os03g0396900",1013.90481660181,1.24917813058134,0.203415204938453,6.14102633556474,8.19899878338696e-10,2.02005992932716e-08
"Os12g0229100",356.609029870393,1.18044178339876,0.192274710245351,6.13935021351722,8.28597116975928e-10,2.03969100168265e-08
"Os09g0513900",312.695302060418,2.78471682612759,0.453910579503676,6.13494585028732,8.51882057656001e-10,2.09516533511807e-08
"Os01g0214800",6831.15958225715,0.892377015661496,0.145511955309062,6.13267146170995,8.64154905413152e-10,2.12348222978676e-08
"Os12g0600701",4233.96123314791,0.77038631992446,0.12574282387895,6.12668219274364,8.97304467488969e-10,2.2010721165668e-08
"Os12g0555000",6850.0093616306,6.17325524246546,1.00967269664965,6.11411526027188,9.70941131661537e-10,2.37753045584792e-08
"Os07g0129900",273.077333849437,3.48495853904978,0.571006177127507,6.10318885967424,1.03972863322539e-09,2.54374203845273e-08
"Os09g0357400",72.4814013146897,7.86812381509961,1.29063737103298,6.09630868568627,1.08545715866022e-09,2.65329755111664e-08
"Os12g0565800",83.4658802730308,8.07924969180661,1.32554502005974,6.09503982855482,1.09410207277317e-09,2.67209348148725e-08
"Os04g0640300",233.26045544557,5.45192558114475,0.895026926014949,6.09135370420542,1.11959872388931e-09,2.7295953543889e-08
"Os09g0437500",17448.4472668931,1.64178783813934,0.269723333414797,6.08693292253843,1.15094160755832e-09,2.79868966206617e-08
"Os09g0325000",33.0401433972598,8.13553080952373,1.33652912182793,6.08705839375726,1.15004034841201e-09,2.79868966206617e-08
"Os01g0966300",1660.63517920559,1.14014353964067,0.187621622429501,6.07682379502436,1.22586336007947e-09,2.97311734616326e-08
"Os04g0526800",264.657622196512,4.12580332924185,0.679262816569522,6.07394255743067,1.2480738891391e-09,3.02174357020656e-08
"Os02g0226400",26.7219969130144,8.04542849620861,1.32455603322092,6.07405673631227,1.24718630350657e-09,3.02174357020656e-08
"Os10g0126500",46.0955167055292,8.15361651741192,1.34450575007698,6.06439691086859,1.32449699583621e-09,3.19570612524278e-08
"Os01g0781833",43.0158441887213,7.92953925016616,1.30802702392254,6.06221362796227,1.34260720563912e-09,3.23660930159418e-08
"Os03g0427300",39.2847543706089,9.34747032109146,1.54573771124829,6.04725514106965,1.47334340030288e-09,3.53956828574482e-08
"Os04g0114801",114.650325317811,1.9768500141081,0.327086287323725,6.04381807101427,1.50509220048378e-09,3.60500995906015e-08
"Os11g0672600",32.8361673241986,8.73872358201898,1.44761907000977,6.03661817052468,1.57377514159784e-09,3.76467476985817e-08
"Os10g0462600",682.619638643733,1.88181342650628,0.312348135754496,6.02473077664015,1.69391348282056e-09,4.03480380183937e-08
"Os02g0511800",38.5910713394876,8.4082393566494,1.39616155513328,6.02239714002637,1.71852584734632e-09,4.08994525916532e-08
"Os02g0574800",81.369817135718,7.70097082584563,1.27950630280299,6.01870487779172,1.75818083063753e-09,4.17366457962206e-08
"Os12g0477200",29.852007258006,8.043177887823,1.33696460644329,6.01599911400808,1.7878054851001e-09,4.23679598180841e-08
"Os05g0102400",142.59577644605,1.84144850519569,0.306172662498225,6.01441190134461,1.80540918257172e-09,4.2741906775778e-08
"Os11g0642400",29.5872684732961,8.71367443775807,1.4488257191848,6.01430132166686,1.80664188989306e-09,4.2741906775778e-08
"Os08g0410500",626.824042223714,1.09367683148382,0.182043237785972,6.00778608854265,1.88073750846766e-09,4.44197159516804e-08
"Os09g0273600",31.1681411208481,7.95319464465177,1.32523909878592,6.00132810142551,1.95710064878406e-09,4.60289003722435e-08
"Os03g0846400",8468.21966819653,1.07591841399156,0.179375489130071,5.99813508082689,1.9959646006316e-09,4.69034908336657e-08
"Os04g0606200",247.527396369733,2.32329772650901,0.388017498445858,5.98761070264771,2.12946001949589e-09,4.99146856539675e-08
"Os07g0158500",505.497939604761,3.01202248523331,0.503278692963385,5.98480032504066,2.16655481122726e-09,5.07416572371517e-08
"Os10g0392700",2182.34327755234,0.668047431453645,0.111701060017644,5.98067226352303,2.2221857965338e-09,5.19141216493493e-08
"Os07g0213500",684.618019617704,1.6278831990654,0.27230274612639,5.97821073133729,2.25601779123499e-09,5.26605020985769e-08
"Os11g0593900",23.6861653592357,8.28028608654964,1.38544571116472,5.97662255534253,2.27811186583248e-09,5.31318767440695e-08
"Os05g0181650",87.0161103878469,7.58526740964245,1.26920069984776,5.97641287981666,2.28104449244289e-09,5.31559401555608e-08
"Os11g0648800",47.3195168235435,8.10934887755178,1.35995667133067,5.96294650300666,2.47729547198893e-09,5.75374506467595e-08
"Os11g0137500",80.7388539480093,2.93305887627771,0.491914849076692,5.96253372262083,2.48356374150473e-09,5.76351671928949e-08
"Os09g0328951",58.7542754178394,9.06153700969846,1.52080473865976,5.95838293986652,2.5474602323148e-09,5.90689700965598e-08
"Os05g0244500",556.129208586823,1.67186451714477,0.280708787141295,5.95586812287153,2.58694880414862e-09,5.9934909991062e-08
"Os05g0216950",92.135851088493,9.10510513033402,1.52894093655778,5.95517126438713,2.59799620128556e-09,6.01410312688322e-08
"Os10g0131000",29.9775723927176,8.44585515333493,1.41897421776386,5.95208499746007,2.64747807627156e-09,6.12357956367724e-08
"Os06g0288400",100.97489048832,9.08216854377085,1.5263762792597,5.9501504754619,2.67896080058252e-09,6.19127767169336e-08
"Os04g0581000",658.231094656604,3.44972628099631,0.581214083315753,5.9353797163965,2.93166191256613e-09,6.74185803643085e-08
"Os01g0643600",29.8867537797689,8.55199414762063,1.44121983209378,5.933858220086,2.95897376877682e-09,6.78791980886587e-08
"Os03g0181400",35.1754293381499,8.33171524294265,1.40422460935362,5.93332091422173,2.96867783070248e-09,6.80459892276756e-08
"Os02g0802650",28.8564824169253,8.30894827048416,1.40071558835702,5.93193103550036,2.99392384390961e-09,6.85684573063786e-08
"Os01g0690600",70.4641075134182,7.50533372677963,1.2653837881345,5.93127065255387,3.0059923037993e-09,6.87885178260587e-08
"Os01g0781600",39.5998593039341,7.75727029298299,1.30868007855678,5.92755282218227,3.07482457174177e-09,7.03061278202673e-08
"Os11g0605900",55.5420671222778,4.5012359577885,0.759566982286377,5.9260553219932,3.10298088484139e-09,7.0891958712177e-08
"Os08g0376300",594.346015373844,2.40316600590581,0.405765967484256,5.92254205251714,3.17002706452394e-09,7.22466477851243e-08
"Os04g0556400",771.351271666777,3.00036899214759,0.506727635176854,5.92106840808163,3.19856766108779e-09,7.27784752438233e-08
"Os08g0515000",37.0050375333891,8.43125231521272,1.42531797187511,5.91534835144243,3.3117391607475e-09,7.52922551960512e-08
"Os04g0621900",189.952639100725,5.48332715806915,0.928053608817298,5.90841639531692,3.45412035134126e-09,7.82747337965211e-08
"Os08g0246300",236.393684790853,2.61013261201226,0.441970459240346,5.90567210419115,3.51211913478486e-09,7.94602746643396e-08
"Os10g0131100",85.3117261458096,5.33418582558809,0.903213505274389,5.90578616732221,3.50968971371141e-09,7.94602746643396e-08
"Os07g0678300",988.182995625288,1.07316653620977,0.181957266658108,5.89790424927748,3.68147492184667e-09,8.30902055807266e-08
"Os01g0275900",794.047003653709,1.6641592461443,0.282210602192211,5.8968700439215,3.70461397426746e-09,8.34776995780946e-08
"Os06g0657500",825.621073061757,2.87458951766815,0.487941673299785,5.89125642462196,3.83270277045193e-09,8.60865062433074e-08
"Os12g0459300",46.2470140236172,3.71248077750801,0.630972948045295,5.88374000661833,4.01097750289979e-09,8.97303799128717e-08
"Os06g0602400",317.344334093982,1.42136165410918,0.241696416220318,5.8807725672421,4.08355948554299e-09,9.12811010821137e-08
"Os08g0163100",247.457313214424,3.0727375943165,0.522914358089014,5.87617751699493,4.19848098554561e-09,9.37001773980826e-08
"Os06g0698822",257.386692748762,2.32812167700398,0.396298889376362,5.87466111920636,4.23709206471868e-09,9.44864772709675e-08
"Os10g0479500",134.286821937605,2.63685384561492,0.449270493494973,5.86918990629067,4.3792959670119e-09,9.73470845958034e-08
"Os03g0186600",3212.85975544871,1.54911130381923,0.264604679803454,5.85443653139428,4.78629946400659e-09,1.05805595424095e-07
"Os01g0603800",61.0467684797842,8.40396959758742,1.43595699784389,5.85252177482064,4.84174831359112e-09,1.06946800822482e-07
"Os11g0100200",436.077051277471,0.961475044811385,0.164294437273067,5.85214606635375,4.85270145969565e-09,1.07104138610047e-07
"Os02g0708200",1991.17163764232,0.740120742918486,0.126478888313492,5.85173346150873,4.86475803626013e-09,1.07285562875377e-07
"Os01g0930950",148.629235093607,2.05926717259313,0.352001651028088,5.85016339150297,4.91090353224402e-09,1.08132682185568e-07
"Os04g0185000",73.7236099274914,7.85273452609546,1.34295585418535,5.84735120043021,4.9946227366097e-09,1.09889559564558e-07
"Os03g0716900",24.0459473422864,8.28331568744502,1.41668016340919,5.84699066267117,5.00545590013174e-09,1.10041327666104e-07
"Os04g0483000",167.791013249382,2.58008632951934,0.442264684366692,5.83380591017331,5.4177138610761e-09,1.1882427483226e-07
"Os04g0330200",18.3030213379093,7.88207927665555,1.35286578393228,5.82620934779298,5.67004825151736e-09,1.24066689597364e-07
"Os09g0555500",430.621798550471,2.53091157956716,0.435018716979538,5.81793720771377,5.95782727387354e-09,1.30159907723906e-07
"Os07g0534300",114.422436224635,8.03119323947373,1.38081287886668,5.816279209436,6.01719289610332e-09,1.31354240551626e-07
"Os02g0569900",208.290005715801,9.41172561801839,1.61850235860847,5.81508304140517,6.06037931655543e-09,1.32193796574225e-07
"Os01g0801100",480.92181373384,1.64599353361799,0.283151026484704,5.81312931848721,6.13156566799371e-09,1.33477921488166e-07
"Os07g0656200",204.861306416,4.56838974753174,0.786309794374951,5.80991077589618,6.25061460529625e-09,1.35919274356535e-07
"Os07g0281000",3099.33737457677,0.885009175988522,0.152448396120349,5.80530329285892,6.42495948933555e-09,1.39493452763804e-07
"Os07g0634400",22781.1164552508,1.07418392885002,0.18511610410703,5.80275786394546,6.52329615928002e-09,1.4129934453765e-07
"Os12g0485300",19.6489376174791,8.433670664312,1.45336411906255,5.80286148095625,6.51926473115845e-09,1.4129934453765e-07
"Os09g0327400",2115.94480525741,1.50979800526018,0.260407974074398,5.79781786877555,6.71833571023157e-09,1.4529894802855e-07
"Os12g0534700",1819.23187516705,0.838666450174952,0.144791339669212,5.79224180182984,6.94530505844289e-09,1.49975683902932e-07
"Os03g0183200",3610.74193637206,1.2505901628117,0.215952314169853,5.79104774875473,6.99486858846654e-09,1.50813034084717e-07
"Os12g0581900",4510.35684891226,1.86683088468736,0.322380146423954,5.7907749760506,7.00623918719904e-09,1.50941812504495e-07
"Os12g0552400",293.861057765904,1.30650082435656,0.225905142578299,5.7834045274278,7.32037414732371e-09,1.57104330510944e-07
"Os10g0495400",321.783684760767,1.76365909533713,0.305886071209468,5.76573849330128,8.13010410913675e-09,1.73549794891527e-07
"Os05g0299600",28.5859600750166,7.85782749677506,1.36284771553017,5.76574140106198,8.1299639218656e-09,1.73549794891527e-07
"Os03g0829200",1413.60992836818,1.76111223041397,0.305526521114605,5.76418775034382,8.20520346335135e-09,1.74885906744784e-07
"Os11g0640600",26.7976184254084,8.56946921642141,1.4866500126822,5.76428153453578,8.20064258592475e-09,1.74885906744784e-07
"Os03g0154000",2789.58818762519,1.55315722546317,0.269541250503872,5.76222460406246,8.30124256032197e-09,1.76529237229539e-07
"Os01g0692050",37.8644888151919,8.26051842194484,1.43386240644978,5.76102587304575,8.36042218047252e-09,1.77652618430649e-07
"Os06g0619000",709.836119820629,1.7375435878113,0.301658200333643,5.75997465306603,8.41265681131296e-09,1.78626829970809e-07
"Os09g0357250",1170.14222714333,1.78490007165887,0.309905067331002,5.75950592557579,8.43604981418193e-09,1.78851931011208e-07
"Os09g0451000",1805.66895881561,2.52215765124984,0.438416769965504,5.75287676939979,8.77374424329213e-09,1.85729738091916e-07
"Os12g0468000",107.203596434087,3.43218135598514,0.597713958337906,5.74218036588803,9.34651893923877e-09,1.97555597594008e-07
"Os11g0126900",1211.91179337694,2.4760432463649,0.432133473045087,5.72981127547729,1.00542431354286e-08,2.12033827329656e-07
"Os04g0309400",3123.57620921057,1.1612067270869,0.20286649566217,5.72399460687999,1.04048054059969e-08,2.19096369257002e-07
"Os05g0399200",6289.63180841286,0.880584135690055,0.153905285491977,5.72159775328808,1.05526912865353e-08,2.22043234865818e-07
"Os01g0346700",322.230700729835,1.10515639292347,0.1931961174845,5.72038614084538,1.06282231096509e-08,2.23464384239307e-07
"Os07g0131250",160.223597881534,2.33540886882567,0.40835784287762,5.71902538315044,1.07136791078504e-08,2.25091902758774e-07
"Os11g0170300",496.327386423878,2.00860962692024,0.351669714791609,5.71163663641178,1.11894804261503e-08,2.34735656891874e-07
"Os10g0388600",67.2941774267679,7.53641613323438,1.32378439922549,5.69308426481211,1.24764772036622e-08,2.60756508612264e-07
"Os10g0393700",21.3058533316533,8.55004665540229,1.50181846832381,5.69312925346102,1.24731888167835e-08,2.60756508612264e-07
"Os03g0794500",14600.3675931832,1.00959923793746,0.177415518780351,5.69059147067845,1.26600071189969e-08,2.64197342593753e-07
"Os02g0704900",1437.97366106744,0.946075724399661,0.166310570001548,5.68860851352295,1.28078713999571e-08,2.66686013275056e-07
"Os07g0169600",3650.66463785656,1.15722149963125,0.203780390472836,5.67876770157383,1.35668577296688e-08,2.81860036814606e-07
"Os07g0672566",158.925040329495,4.33548566275289,0.763633027074985,5.67744650772834,1.3672026076228e-08,2.8383410333752e-07
"Os03g0279400",5258.4025548862,0.898372264170429,0.158300065415217,5.67512250746089,1.3858943803438e-08,2.87501116112271e-07
"Os11g0677000",516.764663603549,1.3203192304572,0.232974849970168,5.66721785903614,1.45134761354497e-08,3.00188496044167e-07
"Os02g0753000",208.942742199792,3.92755525402165,0.693103025301688,5.66662546641186,1.45637200143349e-08,3.0078276697257e-07
"Os03g0182000",91.7325258466546,6.812773867453,1.2025834213826,5.6651154059819,1.46925615455922e-08,3.03219772000694e-07
"Os12g0140200",18.8028679380539,8.28401882113855,1.46304289643833,5.66218450689683,1.49457994609698e-08,3.07991404662166e-07
"Os08g0114000",25.3451178575682,7.5924556759327,1.34111946866409,5.66128212536924,1.50246177920476e-08,3.08932655835896e-07
"Os07g0546600",873.409451300299,1.47559597820918,0.260840997385759,5.65707075574056,1.53978296871465e-08,3.15678086049387e-07
"Os01g0543600",156.879478278819,5.56813872631561,0.984315463060839,5.65686401898113,1.5416380721357e-08,3.15826864829324e-07
"Os05g0542200",5277.42444070965,1.08894044269506,0.192538278572922,5.6557088323745,1.55204388880661e-08,3.17725880721728e-07
"Os04g0608800",2868.62115699389,1.13305559468348,0.200368676066451,5.65485392690677,1.55978869316457e-08,3.19077768951382e-07
"Os02g0491400",5893.65342819496,0.902961789214318,0.159855256478921,5.64862119084201,1.61739811738988e-08,3.29656858270339e-07
"Os08g0151700",923.431575586043,0.963539524340086,0.170857863735648,5.63942158278931,1.70622331505039e-08,3.46498393479079e-07
"Os08g0528100",26.3704309118051,8.52836516633568,1.51276186841465,5.6376124652542,1.72423995283238e-08,3.49649354902136e-07
"Os08g0419000",29.6583254259174,8.78388972095042,1.55832794427805,5.63674016961805,1.73299285279632e-08,3.51169653156494e-07
"Os02g0224100",2571.26088364224,1.55478045684415,0.27583972395182,5.63653571925599,1.73505060808966e-08,3.51332043480226e-07
"Os06g0591400",339.597985656359,9.85607406227425,1.75009159100305,5.6317475684946,1.78392663369282e-08,3.60445985437761e-07
"Os02g0635000",2953.82263750609,0.814989981885611,0.144823063859716,5.62748750209469,1.82853406874116e-08,3.68925878053952e-07
"Os11g0615600",54.9130505150454,7.80784794543375,1.38792617512799,5.62554989260416,1.84917947532453e-08,3.72553709279361e-07
"Os05g0161800",536.518254801882,2.08350352502024,0.370915578860449,5.61719065945226,1.94087222278364e-08,3.89623480530665e-07
"Os07g0553700",1641.31970686726,1.79626718213706,0.319864892021357,5.61570596505827,1.95761313120959e-08,3.92702249649533e-07
"Os06g0120200",30.1000750401711,7.95870309973816,1.41760224408548,5.61420040984235,1.97473239505814e-08,3.95568887502907e-07
"Os05g0573200",411.733363377152,3.09983104071489,0.552476217180796,5.61079544117368,2.01398718137612e-08,4.03143432641387e-07
"Os11g0621000",1254.85574561754,0.610063887005794,0.10892361295506,5.60084145627354,2.13313771935052e-08,4.2577489781526e-07
"Os04g0411300",20.3802255644053,8.3504496334489,1.49112030687881,5.60011797500626,2.14205974405697e-08,4.26946248630143e-07
"Os03g0229600",1652.36424712565,1.27020874998031,0.227302110049702,5.58819603435518,2.29440554638303e-08,4.56011063959168e-07
"Os02g0594800",531.996335148943,1.57745395190213,0.282464945598677,5.58460076721649,2.3423767262564e-08,4.65214650376662e-07
"Os05g0523100",43.8669294498566,5.57531828301652,0.998693134433692,5.58261400903492,2.36930193236417e-08,4.70228241565875e-07
"Os09g0391501",534.457808286022,1.73864810637868,0.31177325992176,5.57664280386007,2.4520463340204e-08,4.85616315046364e-07
"Os01g0520800",37.4050357650744,8.09859060595553,1.45241698608978,5.57594043826125,2.46196159094015e-08,4.86546246848412e-07
"Os03g0235900",3074.42323602157,1.49935836050855,0.269007646790735,5.57366446045647,2.4943595190326e-08,4.92600773942286e-07
"Os08g0310001",1192.14212870519,1.23140088800451,0.221086748345331,5.56976344000999,2.55085431017941e-08,5.03402187225526e-07
"Os03g0714400",1878.04847837052,0.970155412378116,0.174271749072125,5.56691154787574,2.5929392948149e-08,5.11062985439904e-07
"Os05g0171900",2816.45795998213,0.973741075745725,0.174920532762305,5.56676257708931,2.59515605537357e-08,5.11062985439904e-07
"Os01g0113150",40.909059146125,3.9005666411463,0.701145594320994,5.56313363834754,2.64972813351681e-08,5.20709750707407e-07
"Os12g0487832",26.5571353101596,7.98130780645595,1.43737475216749,5.55269792684235,2.81293929298028e-08,5.50847579754206e-07
"Os06g0689600",3212.98673055022,1.47553373028619,0.265851069716921,5.55022679373584,2.85299241415643e-08,5.58300069065572e-07
"Os08g0150200",346.403910279638,1.60399667177963,0.289129316978589,5.54767910961587,2.89486547900128e-08,5.66098029753789e-07
"Os09g0549300",1598.25884379238,3.45001083325756,0.622176197268259,5.54507042925341,2.93835872989144e-08,5.74201701765787e-07
"Os09g0497000",1520.46305319842,1.5965423342568,0.287981966157266,5.54389691674282,2.95813025733711e-08,5.77661693548707e-07
"Os07g0120400",250.991384260365,1.60556764404777,0.289825664599464,5.53977042118285,3.02868428587918e-08,5.9061455627842e-07
"Os05g0304600",1126.81031121572,0.847518256786884,0.153084572868819,5.5362747591368,3.0897273862086e-08,6.01679224428532e-07
"Os12g0539700",91.4997734575452,7.33863518327073,1.32658295843391,5.53198360993144,3.16629496882141e-08,6.15304186991813e-07
"Os10g0141200",85.0741867911547,7.68689855698502,1.38987313329882,5.53064763453657,3.19050645107202e-08,6.19578627762346e-07
"Os03g0748700",4998.65914516931,1.10345559524029,0.199539605932827,5.53000789032209,3.20216384287669e-08,6.20753800374349e-07
"Os07g0486000",360.075001329822,5.09565242566523,0.92143676382139,5.53011625511065,3.20018632181696e-08,6.20753800374349e-07
"Os02g0822400",8224.20683504819,0.712137287308878,0.128995751026519,5.52062592482195,3.37794213660499e-08,6.53707777910186e-07
"Os10g0392500",556.133681675257,1.75157971769181,0.317307309240464,5.52013668353418,3.38736072601603e-08,6.54294727977038e-07
"Os02g0226500",39.647048274092,7.42168439079189,1.34448275652717,5.52010381298029,3.38799444325115e-08,6.54294727977038e-07
"Os02g0215950",49.1557583358517,7.83142218960972,1.41966895912473,5.51637206637105,3.46069200784161e-08,6.6649305308046e-07
"Os02g0525100",4095.38938709169,1.21231784311034,0.219844899192788,5.51442333918891,3.49925390114873e-08,6.73374326029191e-07
"Os06g0102100",50.6768610884301,8.349023750648,1.51476168599981,5.51177378449287,3.55235309251582e-08,6.82266496422476e-07
"Os07g0271500",80.2797615196718,5.95601704579332,1.0807325213489,5.51109264146082,3.56612951983259e-08,6.84442319098138e-07
"Os04g0588700",837.875132989579,2.48039304571303,0.4506491119902,5.50404512006887,3.71174487425278e-08,7.11413527509286e-07
"Os02g0514500",1274.17503373389,1.42207665202602,0.258522152393719,5.50079224878284,3.7808849609464e-08,7.23178297181294e-07
"Os10g0503250",567.971702723764,2.2254270162598,0.404957025197611,5.4954646488077,3.89683003620222e-08,7.44845899742713e-07
"Os02g0193300",248.786653720562,2.84998247225772,0.519719387739567,5.4836947389114,4.16533280234855e-08,7.94538652693553e-07
"Os09g0373000",6428.48429057234,0.649128446416564,0.118605354824458,5.47301129343869,4.42451903963353e-08,8.41109792143522e-07
"Os09g0563700",433.147939760615,1.47518695826334,0.269697876197622,5.46977595471456,4.50604826466365e-08,8.56026723322379e-07
"Os12g0629600",34.5635289781425,23.1910067579888,4.24220964774749,5.46672811663202,4.58418364198245e-08,8.70279099554632e-07
"Os03g0720300",8910.67480611532,1.10384419564509,0.202370936495913,5.45455891423116,4.90945564718299e-08,9.26369890133772e-07
"Os06g0158500",1928.30367056098,1.51562940589502,0.278151862845071,5.4489277561992,5.06743901383945e-08,9.54891270774975e-07
"Os10g0463800",3701.10290951076,1.22724841890907,0.225295109298909,5.44729276515641,5.11422469535809e-08,9.63058447010059e-07
"Os02g0498666",27.9153807403572,6.0972113931961,1.1206531958762,5.44076563171614,5.30520706789087e-08,9.97008134721104e-07
"Os09g0356000",19.7725511131824,8.11629877326703,1.49269707462831,5.43733816540644,5.40824342499991e-08,1.01568918157621e-06
"Os03g0246050",27.4250996296232,7.76566707996566,1.4286224073785,5.43577297952057,5.45593852435786e-08,1.02395882479962e-06
"Os02g0769800",2001.9363306604,1.12661037726187,0.207355054632825,5.43324289469011,5.53389974834274e-08,1.03650350008477e-06
"Os04g0178400",2040.10584909572,6.98546209315585,1.28566478208827,5.43334638272469,5.53068983221748e-08,1.03650350008477e-06
"Os08g0169100",48.7925132729508,7.17830180598744,1.32142053536238,5.43226142918908,5.56443201642145e-08,1.04152461115937e-06
"Os11g0242100",4474.16691834256,1.2909678853164,0.237656178186955,5.43208215820437,5.57002653612671e-08,1.04187439502507e-06
"Os11g0145200",1233.73981120138,2.4265017620444,0.446794257796306,5.43091528081062,5.60657477953223e-08,1.04730966689939e-06
"Os08g0232700",415.411081971787,3.28260249863651,0.604617903581328,5.42921815446201,5.66014626657902e-08,1.05661101601212e-06
"Os03g0682666",152.567257829817,2.63832801205089,0.486314773129878,5.42514469603884,5.7907610395545e-08,1.07811479167844e-06
"Os06g0216700",446.623264267813,1.21042740710385,0.223463808812756,5.41665969775931,6.07227553058285e-08,1.12827317566258e-06
"Os03g0672300",1621.68180726236,0.951321510759159,0.175856585082893,5.40964394543848,6.31501750974983e-08,1.17104210638358e-06
"Os07g0539200",80.8529790953206,7.6384925901835,1.41345159267367,5.40414162732987,6.51194777532762e-08,1.2067601563238e-06
"Os09g0356200",204.386716450744,3.20216387187683,0.592759264068048,5.40213214029031,6.58534084611162e-08,1.21955279086533e-06
"Os05g0128300",453.700606380948,1.54720107045671,0.2865380940893,5.39963482124134,6.67766846266665e-08,1.23583269947062e-06
"Os08g0482700",4435.89194415242,1.58004349136999,0.293075065273054,5.3912586862273,6.99658687935387e-08,1.29228900590655e-06
"Os04g0516600",17.1977446466154,8.06047242707926,1.49582372282888,5.38865128561767,7.09883922678886e-08,1.30944551542166e-06
"Os04g0302900",21.6647567047696,7.91753714239006,1.47210938854081,5.37836196414595,7.51665794126777e-08,1.38014328739076e-06
"Os11g0569800",22.2320638860491,8.31078830857274,1.54750403835553,5.37044692781822,7.85417460579102e-08,1.43739619552579e-06
"Os05g0499800",259.288779359247,2.47810446362666,0.461495552986655,5.36972555334312,7.8856554734587e-08,1.44221366683976e-06
"Os09g0421166",381.950757804786,1.63445111394188,0.304477520108597,5.36805184618861,7.95916762524745e-08,1.45470695080013e-06
"Os07g0163200",32.404031801378,8.0504115911131,1.50216685002168,5.3591993399381,8.35915817496673e-08,1.52184569794772e-06
"Os03g0113200",64.5489873270592,4.28032601489314,0.798992636088808,5.35715327220786,8.45433984028801e-08,1.53817279956938e-06
"Os05g0583400",242.541404058255,1.6701907434142,0.311782969983182,5.35690176889484,8.46611177659555e-08,1.5393130671048e-06
"Os03g0283100",4033.63512423802,1.3053121769578,0.243828772944071,5.35339681694256,8.63182660265024e-08,1.56435773892749e-06
"Os06g0707400",212.677451442213,2.11025790390817,0.394271092312516,5.35230186806467,8.68423675953676e-08,1.57283676647465e-06
"Os08g0421850",67.1044962451477,23.5753364686637,4.40783089985563,5.34851200154612,8.8680296521334e-08,1.60404645014397e-06
"Os06g0147300",122.518592611516,4.42608004268844,0.828216099300801,5.34411254070652,9.08611057131657e-08,1.63925158720191e-06
"Os07g0258800",614.11519645903,1.33677246948526,0.250401528040527,5.33851562307122,9.37106329557208e-08,1.68957068986059e-06
"Os04g0665500",3385.14131992321,0.655934906450998,0.123005116446341,5.33258229739688,9.68258630644322e-08,1.73900991312382e-06
"Os07g0471900",555.584752004878,1.74993827064197,0.328232711049324,5.33139511003521,9.74611083969837e-08,1.74929552966191e-06
"Os01g0124700",1750.84620964971,2.63214164115603,0.494403655760303,5.32387171997804,1.0158155569621e-07,1.82091450223642e-06
"Os06g0700500",1599.02684843529,1.38307894874901,0.259823353890891,5.32315101024296,1.01985012585237e-07,1.82697558740138e-06
"Os11g0553500",15.0902484776311,8.11968338266548,1.52562690184889,5.32219468129812,1.02522765438302e-07,1.83543317075331e-06
"Os01g0676900",838.666451772235,0.883342382834602,0.16604740842762,5.31982035250885,1.03869765449852e-07,1.85835836278928e-06
"Os12g0267500",25.2691569015827,8.20320539880366,1.54276523612619,5.3172091298878,1.05370937215408e-07,1.88280695737487e-06
"Os07g0647900",1512.57864506045,0.838285306660112,0.157730836978618,5.31465706210479,1.06858379694438e-07,1.90816585553975e-06
"Os10g0101100",940.56943234725,2.04602329339411,0.385285654538405,5.31040610854139,1.0938122437322e-07,1.9457611694483e-06
"Os04g0474900",4133.7745161986,1.21179830281539,0.228284880212852,5.30827228542473,1.10669234217216e-07,1.96742178363015e-06
"Os06g0250600",1606.21018495404,1.66651466970741,0.314012347018523,5.3071628728316,1.11344680483562e-07,1.97691596510625e-06
"Os11g0211600",64.0151812829857,7.78082625434356,1.46784021079289,5.30086735404295,1.15253806902008e-07,2.0424318480404e-06
"Os03g0276500",17544.0262108392,0.880560143779259,0.166328456779131,5.29410397253045,1.19601374861705e-07,2.11679294090678e-06
"Os05g0478700",369.106014096707,3.63506406636604,0.686659945464579,5.29383443781134,1.19777882036227e-07,2.11857602356803e-06
"Os08g0185701",251.00507231941,6.77057939057133,1.27944102360103,5.29182609098721,1.21101024483909e-07,2.13792237920961e-06
"Os12g0490050",1236.06776550485,1.6471337914615,0.311325203193857,5.29071779144028,1.21837240362561e-07,2.14956251703386e-06
"Os09g0549700",66.2694320412608,3.32908373224295,0.629718401977895,5.28662291237887,1.24595109104235e-07,2.19406651825618e-06
"Os11g0634902",1487.6568724884,2.18511036564827,0.4134892261487,5.28456420981197,1.26004348718489e-07,2.21609157708417e-06
"Os08g0122201",16.758752663736,8.07015953744656,1.52716779662908,5.28439609272786,1.26120108207523e-07,2.21673331610005e-06
"Os12g0198000",565.177467463086,1.37724740895351,0.260676700887088,5.28335445502691,1.26839640159117e-07,2.22518425182532e-06
"Os06g0346100",822.032815448356,1.63504580126971,0.309687942491331,5.27965599214595,1.29426651057232e-07,2.26630361312738e-06
"Os01g0314800",1676.80749735902,2.02791879656908,0.385098830377117,5.26596976309482,1.39451237381271e-07,2.43573666591496e-06
"Os12g0151000",38.9378137584663,7.03135276987922,1.33571241524225,5.26412174480238,1.40861087618099e-07,2.45882612618759e-06
"Os02g0710500",2244.44187105101,0.861826558197306,0.163753628697672,5.26294632400753,1.41764976977369e-07,2.46997870167922e-06
"Os11g0129800",786.867764484521,1.71922918652635,0.32681080823379,5.26062524008224,1.43566377937668e-07,2.49825152000557e-06
"Os04g0615800",109.634556081836,4.84262211844324,0.921026796230993,5.25785149602608,1.45748137517415e-07,2.53306458516905e-06
"Os02g0817700",27352.7559243094,0.853370109000949,0.162351369785128,5.25631603928187,1.46969643906139e-07,2.54954039838168e-06
"Os01g0894600",2105.28643542038,1.0354120882001,0.197301952682858,5.24785524988906,1.53880124365093e-07,2.66116499551357e-06
"Os02g0629600",18.5352933562335,7.38300332003512,1.40751465405589,5.24541843934645,1.55928028114153e-07,2.6932497703423e-06
"Os08g0187800",21666.3732065776,0.613534172470854,0.116969319173192,5.24525727607609,1.56064395493987e-07,2.6939412071567e-06
"Os06g0200800",543.959823078692,7.42416531381158,1.41589064555906,5.24345954053549,1.57593378873614e-07,2.71865592030953e-06
"Os04g0518000",1287.43061979192,0.703014575958593,0.13421884105578,5.23782332218489,1.62481491500805e-07,2.7995270661297e-06
"Os03g0373300",19.7902889277043,8.29339290631117,1.58349997473823,5.23738114216399,1.62871121642944e-07,2.80278648961433e-06
"Os03g0122000",982.621113585306,0.861302735393528,0.164639469606659,5.23144746184661,1.6818783880401e-07,2.88540167135911e-06
"Os11g0673900",95.444245478622,4.39270965965457,0.840570570674913,5.22586658741522,1.73341316245128e-07,2.96835062307334e-06
"Os04g0682400",15.3244435590003,7.22252881262161,1.38249388863329,5.22427539969938,1.74838400317738e-07,2.99215485097016e-06
"Os11g0209400",25.5482436193524,7.31575316696581,1.40076052766698,5.22270082749297,1.76332152958531e-07,3.01587298185466e-06
"Os04g0630300",21.4192432601809,8.16165763067484,1.56343139881442,5.22034905840065,1.78586210047666e-07,3.05069320572568e-06
"Os04g0469800",953.1298980763,1.33982190670181,0.256721229283194,5.21897589242154,1.79915177243471e-07,3.06964491545846e-06
"Os01g0571300",332.613943551281,2.16510620690251,0.415035569911684,5.21667626551437,1.82162225309882e-07,3.10419528858351e-06
"Os07g0622000",4674.46135911338,0.8832432052547,0.169359041385674,5.21521141137857,1.8360770633706e-07,3.12501880706606e-06
"Os03g0856000",1721.05695856775,1.53546550185236,0.294465811201393,5.2144101061777,1.84403099216442e-07,3.13664736404414e-06
"Os06g0273800",3137.90556687633,0.708146267386136,0.135835613085986,5.21325925726022,1.85551286547915e-07,3.15425907417988e-06
"Os07g0599600",1482.39643987038,2.33870936593841,0.448692376984202,5.21227791222482,1.86535818361757e-07,3.16906903078261e-06
"Os05g0240200",1628.84201442069,1.46532993218157,0.281139961511569,5.21210120504789,1.86713635060392e-07,3.17016398957425e-06
"Os10g0130800",21.1019624983798,7.69263286717235,1.47684774339912,5.20881919043796,1.90046194633889e-07,3.21892900468932e-06
"Os03g0400700",82.4689070815383,2.28094601395848,0.43796079499112,5.20810547438323,1.90778476151253e-07,3.22847800580937e-06
"Os04g0339800",24.7276596330545,8.89753873580933,1.70881404619983,5.20685018688617,1.92073038740935e-07,3.24735819549668e-06
"Os08g0535100",572.255089135885,7.22420157411169,1.38797237103999,5.20485978312283,1.9414314091536e-07,3.2783929906746e-06
"Os07g0646400",45.5993504368549,7.14013570505366,1.3755714907136,5.19066857175819,2.09540317285423e-07,3.52562300395281e-06
"Os03g0133800",682.595539349342,1.78549326105185,0.344105108807833,5.18880195425684,2.11651344985095e-07,3.55900072830019e-06
"Os07g0163000",1397.85977677368,0.995373318991944,0.191945665733725,5.18570354369329,2.15200903686102e-07,3.6165132636287e-06
"Os03g0390200",2002.94604096891,0.831164270111634,0.160413309888817,5.1813921842752,2.20235877252584e-07,3.69890454744219e-06
"Os03g0776900",405.354036420681,1.22074033030857,0.235974268413324,5.17319256254826,2.30127630008637e-07,3.86271851474281e-06
"Os07g0442900",4776.03768751117,2.27971327823124,0.440897880777416,5.17061518692611,2.33324598990966e-07,3.90934037518477e-06
"Os08g0430700",4069.68418862345,0.574125605677362,0.111152484256637,5.16520714329497,2.40172793443332e-07,4.01686124153668e-06
"Os01g0199900",1985.83041161133,0.66634152737702,0.129036261567347,5.16398661340044,2.41744992708782e-07,4.03832555323082e-06
"Os04g0162701",16.7618024043778,7.83943573852174,1.51807026495181,5.16407963419967,2.41624820801483e-07,4.03832555323082e-06
"Os07g0624600",29.6363418637757,4.47153954131801,0.86609859660586,5.16285277316168,2.4321442984635e-07,4.06044675595422e-06
"Os08g0109500",3657.28661510706,0.653224185267946,0.126551466805745,5.16172749123988,2.44681305092612e-07,4.08249881599631e-06
"Os05g0349200",3103.43276458889,0.843360269038313,0.163426124085038,5.16049850511951,2.46293129429267e-07,4.10694160486584e-06
"Os01g0115800",908.437555795615,1.45846469544179,0.282707866286592,5.15891090898505,2.48390462499924e-07,4.13698087751511e-06
"Os06g0107800",214.479821698264,1.64317229026039,0.318557865410664,5.15815953293799,2.49389091411438e-07,4.15114080489848e-06
"Os04g0309100",186.757326017883,1.83909263468892,0.356954669496102,5.15217418863042,2.57483702688904e-07,4.27823782649585e-06
"Os03g0681400",2337.89128863977,0.582419939692009,0.113071373769947,5.15090531116204,2.59232052971457e-07,4.30217515091622e-06
"Os06g0612200",1627.91778959948,0.989433528647149,0.192104463460901,5.15049734306944,2.5979661274679e-07,4.30898723538033e-06
"Os04g0522800",305.32655948516,1.1119873512488,0.215936091800372,5.14961321184237,2.61024181482633e-07,4.32678139358645e-06
"Os04g0540200",473.603879232936,1.55692219988208,0.302538915484777,5.14618820982856,2.65832718410733e-07,4.3986663536318e-06
"Os05g0559316",125.261405366809,2.46115042575069,0.478595567458594,5.14244300008822,2.71188733186704e-07,4.48463733579715e-06
"Os03g0188900",1720.51221242428,0.765050143805336,0.148833625189942,5.14030443610425,2.74293680558305e-07,4.53330288601209e-06
"Os01g0162300",14.304652014317,7.35573029391555,1.43144763034246,5.13866531893714,2.76696703325924e-07,4.57031695912944e-06
"Os02g0206700",64.7608579302434,1.96937429561934,0.38339518880077,5.13666929879686,2.79650425121972e-07,4.61637809215515e-06
"Os12g0258700",621.858284920221,4.40362061437331,0.857623701246873,5.13467690779887,2.82629133315566e-07,4.66279709972654e-06
"Os02g0829500",4352.58241096858,0.718300725522162,0.139899684889557,5.13439845192803,2.83047869164131e-07,4.66695201256235e-06
"Os03g0174900",10635.4519539596,0.894139187140023,0.174371009655312,5.12779726921071,2.93151869285848e-07,4.81934090106375e-06
"Os06g0150600",353.975335197438,1.58190734802309,0.308490957653067,5.12788886928129,2.93009309140256e-07,4.81934090106375e-06
"Os06g0232400",25.9382680164932,8.09372932200335,1.57868127381843,5.12689258828458,2.94563455565846e-07,4.83970180460829e-06
"Os05g0196200",726.045119834316,1.53650947003425,0.299884748898139,5.12366659418267,2.99650646859896e-07,4.91462210486225e-06
"Os11g0205500",785.029487483927,1.6072937069479,0.313699089636689,5.12367985769227,2.99629558480096e-07,4.91462210486225e-06
"Os01g0660900",87.3318212345801,3.68815268754608,0.720017026242889,5.12231315805291,3.0181010026557e-07,4.9471381265102e-06
"Os05g0163200",1504.71319544936,1.258410853167,0.245701748695848,5.12170084196176,3.02792001162315e-07,4.96032543673286e-06
"Os09g0352400",2268.24812823397,0.909049257897983,0.177535069392842,5.1203926131714,3.04900202980141e-07,4.98901654542813e-06
"Os01g0542700",308.949155239659,1.70946048583852,0.334271944873598,5.11398133183129,3.1543854505347e-07,5.15240857118881e-06
"Os10g0107600",40.6240060958123,7.19518591938784,1.40716231264332,5.11325939782444,3.16646998726485e-07,5.1691282384048e-06
"Os09g0305300",14.3084016229105,7.49039590063448,1.46606355770202,5.10918906706562,3.23544465677727e-07,5.27864494644805e-06
"Os03g0405900",16734.3720646416,1.41706442136594,0.277364801728999,5.10902757859843,3.23821089636653e-07,5.28007752221538e-06
"Os12g0273900",58.3910349125343,8.15690657933849,1.59684769523862,5.10813060234877,3.25361738996926e-07,5.29901902697148e-06
"Os03g0746400",575.784895237654,0.764229410701066,0.149648738534758,5.10682160226538,3.27622787124804e-07,5.33273784584285e-06
"Os12g0152800",1198.24629116722,1.0335125498804,0.20238619640133,5.10663557227465,3.27945346978113e-07,5.33488288708316e-06
"Os01g0268100",3028.79906280006,0.971296815186054,0.190405876572046,5.10119137430368,3.37522058026854e-07,5.48748071550171e-06
"Os10g0527601",1481.73971383381,2.23753845294257,0.438868380867005,5.09842711503209,3.42487352998424e-07,5.56174003440647e-06
"Os01g0935000",139.255764010115,2.57512661513018,0.505354727003107,5.09568126611062,3.47489346984741e-07,5.63969361525322e-06
"Os01g0719600",579.793153185131,1.20170608009286,0.23650424900453,5.08111835263412,3.75219239027296e-07,6.07564030119242e-06
"Os07g0680400",1007.02284468366,1.15827269186619,0.228056053926973,5.07889473627868,3.7963696876234e-07,6.1329683388042e-06
"Os08g0237200",897.3974849486,1.75857140620181,0.346389408670834,5.07686251998814,3.83718306271203e-07,6.1953225846235e-06
"Os06g0714300",584.224455359745,1.33455163707917,0.263060925765242,5.07316559157151,3.9125174634777e-07,6.3133086179279e-06
"Os12g0630500",326.864145935958,3.64619347020544,0.71874905561758,5.0729714936077,3.91651188927654e-07,6.31610948510548e-06
"Os09g0451400",236.170572816234,2.11024281107859,0.416290921938928,5.06915404556472,3.9958773005439e-07,6.42927001337224e-06
"Os05g0151000",139.695597081136,4.79251865106551,0.947165077058452,5.05985573913823,4.19573796982099e-07,6.73920830488651e-06
"Os12g0265100",480.303481741675,1.33607154864249,0.264460401531443,5.0520665510055,4.37055353002678e-07,7.0119425653281e-06
"Os01g0372100",25.4960571927181,7.6446210002294,1.51348415811785,5.05100827070178,4.39484039265368e-07,7.04282617422163e-06
"Os04g0632500",85.7096786291913,7.73972860909413,1.53249146576869,5.05042199710518,4.40835098853181e-07,7.06043110213652e-06
"Os08g0226600",16.1543874001852,8.00963745340969,1.58676383066808,5.04778171685282,4.46969402743134e-07,7.15458064013109e-06
"Os09g0569780",16.9186368858433,7.48927479261286,1.48471612526807,5.04424695411769,4.55310942161212e-07,7.27560867805492e-06
"Os03g0809000",351.462301700529,3.32214971866718,0.65939568858993,5.03817324885965,4.6999593280455e-07,7.4760900255668e-06
"Os05g0399300",5737.52352096749,1.80566654572886,0.358908477303584,5.0309944175588,4.87942357198518e-07,7.7439387495456e-06
"Os02g0204400",1160.76230609609,1.25371536010855,0.249572789749942,5.02344571042662,5.07525758938016e-07,8.03649508660401e-06
"Os06g0712600",162.85750690967,2.98894316348191,0.595161829909717,5.02206797088333,5.11180854086944e-07,8.08979139993621e-06
"Os05g0113500",7699.75053224882,0.683801121658698,0.136165921290578,5.0218227525481,5.11834065370934e-07,8.09554740047105e-06
"Os03g0584300",402.154052309503,1.25736891484492,0.250677077824132,5.01589106494632,5.27882335944149e-07,8.3399444307018e-06
"Os08g0527400",111.58511933697,2.53545789440382,0.505936060349756,5.01141961031805,5.40299542877707e-07,8.5264878199956e-06
"Os03g0771100",1198.79377412191,0.694889885280148,0.13867425511558,5.01095091299379,5.4161730176335e-07,8.5424626207052e-06
"Os02g0670900",5801.77353295613,1.03495559983507,0.206698397441263,5.00708090941622,5.52617017943166e-07,8.69633218332171e-06
"Os04g0607400",21.5200472820712,7.17618723078096,1.43346702491321,5.00617531206581,5.55221925038881e-07,8.72096696821221e-06
"Os07g0684800",3272.32092837232,1.26903828842137,0.253545295230072,5.00517387739268,5.58116287254803e-07,8.75822887586605e-06
"Os01g0584800",464.298954932182,0.898009667369225,0.179531960929099,5.00194874896882,5.67536799688704e-07,8.8861136990453e-06
"Os04g0633900",868.985969593063,1.60655573413968,0.321562508397317,4.99609155976182,5.85038920745273e-07,9.13968065906191e-06
"Os01g0495701",33.5836710677425,7.89018431717839,1.57944442015299,4.9955441397641,5.86701021902946e-07,9.15541706277566e-06
"Os08g0239300",1218.02647586592,2.41921339728839,0.484697606851268,4.99118081684843,6.00112858900101e-07,9.34385077187218e-06
"Os04g0111225",61.0148154529979,4.88730257706648,0.979346387283449,4.99037178318806,6.02631906928212e-07,9.37263550908816e-06
"Os01g0275500",51.6749615901848,7.27449987016561,1.4577646019632,4.99017458673978,6.03247450937651e-07,9.37699372874956e-06
"Os01g0250600",1295.28335706654,1.28544674348791,0.257612386375035,4.98984835929643,6.04267092951598e-07,9.3876249929436e-06
"Os04g0470700",626.441009496617,1.37444262546076,0.275717277182124,4.98497098008436,6.19711134854362e-07,9.60088763161628e-06
"Os06g0275600",1281.42583356253,0.90382278066734,0.18135418834472,4.98374362851409,6.23657008895608e-07,9.65132517806131e-06
"Os12g0210200",3427.26696349403,1.03146112076594,0.207093727886275,4.98064876852459,6.33714642408664e-07,9.80154660415701e-06
"Os02g0212300",85.7071000760425,7.89787237033501,1.58577791403026,4.98044038856775,6.34397420721183e-07,9.80668295911949e-06
"Os07g0492100",1381.60692944741,1.56336510549132,0.313970259310864,4.97934138387107,6.38010168833576e-07,9.85163796867041e-06
"Os06g0169001",1124.55642799702,7.66433703623359,1.54031801495451,4.97581470957474,6.49737770993762e-07,1.00161339735775e-05
"Os01g0638000",3973.47680099042,1.55802605326956,0.313132661158254,4.9756101695254,6.50424284502555e-07,1.00211926676746e-05
"Os04g0348000",1147.22245543265,0.668307807054711,0.134326867862007,4.97523554067574,6.51683493285062e-07,1.00295416655055e-05
"Os10g0185400",88.6364008338793,2.98188811510506,0.599790374997598,4.97155046063718,6.64195715089158e-07,1.02052576795347e-05
"Os12g0109200",1396.68009831453,0.916856562867872,0.184417615888906,4.9716322296466,6.63915584110633e-07,1.02052576795347e-05
"Os12g0104850",39.9824272574548,7.42497816901774,1.49442696668334,4.96844498563644,6.74919420265763e-07,1.03586425182831e-05
"Os01g0776600",1150.9905324288,0.797114069712445,0.160457374792097,4.96776212838616,6.77299713632933e-07,1.03724037196229e-05
"Os05g0569800",206.971644647728,2.22655818019303,0.448199203402444,4.96778700919237,6.7721284267337e-07,1.03724037196229e-05
"Os09g0513100",1616.86333138883,1.06558929935819,0.214493427046386,4.96793451450497,6.76698050565585e-07,1.03724037196229e-05
"Os01g0130000",6715.70035492253,1.10351754857341,0.222160958434738,4.9671983608118,6.7927098029935e-07,1.03968985731204e-05
"Os04g0316200",45.2152302900362,7.59416913375732,1.52974492416204,4.96433687329751,6.89361989641166e-07,1.05455791456923e-05
"Os08g0190100",62.0332437227734,5.18071911254802,1.04369360209969,4.96383143685608,6.91159352882744e-07,1.05672936818005e-05
"Os02g0608400",5481.33198131321,0.924188526283462,0.186191258594917,4.96365153368533,6.91800188666675e-07,1.05713117354508e-05
"Os06g0609600",1620.91407433957,0.753437172546156,0.151809856474109,4.96303197990741,6.94011494272245e-07,1.05992647876192e-05
"Os07g0167500",255.194781634115,4.175840615679,0.841406850148965,4.96292681113743,6.94387537223514e-07,1.05992647876192e-05
"Os01g0168200",1275.11345318136,1.46427072706515,0.295069168134762,4.962466042526,6.96037383656122e-07,1.06186521530604e-05
"Os03g0726200",1685.38785673482,1.00085405581722,0.201697531725111,4.96215321653644,6.97159652831458e-07,1.06241812162283e-05
"Os09g0361300",1278.54799373755,1.78000764810536,0.359029301313619,4.95783391938389,7.12834575413551e-07,1.08512281256748e-05
"Os08g0430100",2011.05174691681,0.63893069847394,0.128876630444383,4.95769245572937,7.13353653401966e-07,1.08532217430536e-05
"Os05g0297800",28.2816588715249,7.06444001944173,1.42650532526422,4.95227034510597,7.33526003702198e-07,1.11419452295102e-05
"Os01g0578700",198.203076534755,1.71891163293214,0.347223922362957,4.95044126347764,7.40454025596218e-07,1.12410729488451e-05
"Os05g0539800",5388.38997584291,0.768449012337716,0.155341744529869,4.94682877846759,7.54322713025114e-07,1.14206174049996e-05
"Os03g0575200",2620.06901085037,2.40322849556635,0.486312026238213,4.94174185688175,7.74276893806912e-07,1.16910794051925e-05
"Os09g0417800",1021.02075786029,1.91193124174225,0.386888010030919,4.94182086849746,7.7396310738512e-07,1.16910794051925e-05
"Os11g0597700",20.9075581406106,5.20660854646049,1.05407557913143,4.93950210928026,7.83222965242428e-07,1.18197771182079e-05
"Os11g0234100",256.080404995391,3.19586223219862,0.64748189850302,4.93583255313773,7.98095611426564e-07,1.20299550041405e-05
"Os06g0105400",7149.29798983504,0.933683996760369,0.189259715268915,4.933347783144,8.08320402265553e-07,1.21591563899698e-05
"Os07g0489200",21.1017882986217,8.2994485818957,1.68286860962848,4.93172701327404,8.15057710215878e-07,1.22473260658124e-05
"Os12g0139500",1088.46124150781,0.61511505344651,0.124922514001859,4.92397273911215,8.48046557181384e-07,1.27156964745417e-05
"Os07g0582400",2738.13970973963,1.32580623870919,0.269577386084764,4.91809145405214,8.7392083920408e-07,1.30896209681322e-05
"Os12g0639100",1509.06333389126,1.45134133492702,0.295113716187554,4.91790538805269,8.74751703476087e-07,1.30950517323369e-05
"Os01g0392600",159.328380856764,5.33910416105732,1.08640432369917,4.91447248928266,8.90218240189358e-07,1.33052179950055e-05
"Os07g0648000",224.278623084059,3.17910396440908,0.646902793699136,4.91434570289958,8.90794474568573e-07,1.33067183156173e-05
"Os07g0420700",12424.9215506186,0.605599388405313,0.123283499853923,4.9122501317928,9.0037087082975e-07,1.34425899796493e-05
"Os02g0813500",13017.9586990645,0.682483417161015,0.138953525240429,4.91159483705165,9.0338574536124e-07,1.34804050070874e-05
"Os04g0688600",222.441614438584,2.98179731571,0.607809202173346,4.90581140438146,9.30418942183322e-07,1.38616064460386e-05
"Os11g0105400",2249.12065152517,1.1110505408605,0.226557593537363,4.90405341755748,9.38789416075399e-07,1.39714248169944e-05
"Os05g0379300",29.0817961897103,7.01823580118153,1.43207305735288,4.90075262930679,9.54702048143251e-07,1.41931356056767e-05
"Os01g0518400",37.3097073643163,7.24475707565666,1.48135201520705,4.89063841766474,1.00509449497682e-06,1.49026842298684e-05
"Os01g0647000",1327.64035939754,1.15409908994196,0.236524551899198,4.87940503713044,1.06406341504303e-06,1.57353090101868e-05
"Os11g0629200",4394.20590003006,0.570350862223608,0.11696071914026,4.87643087710191,1.08022516705937e-06,1.59574308355246e-05
"Os03g0743800",172.331059823897,3.3280506611696,0.682912251707575,4.87332106408698,1.09737662385876e-06,1.61936886066419e-05
"Os06g0175800",1206.24641697203,0.755388232741777,0.155317826056959,4.86349990801931,1.15328079248401e-06,1.69917513598645e-05
"Os09g0447300",866.724017860196,1.74115056324147,0.358388816926478,4.85827258275936,1.18414314721315e-06,1.74189263380687e-05
"Os02g0123200",3773.16035379795,0.754278183329785,0.15527445553616,4.85770940703207,1.18751518645567e-06,1.74593452544933e-05
"Os04g0593200",241.107410637619,2.18442232681334,0.449704374303237,4.85746292816884,1.18899389416646e-06,1.74718997669317e-05
"Os04g0380300",1256.92595527698,0.962425254770092,0.198171101056334,4.85653684941934,1.19456559323912e-06,1.75353450127762e-05
"Os05g0170800",4124.87753388562,0.751956036314975,0.15488954436831,4.85478887152583,1.20515072976737e-06,1.76814454392523e-05
"Os08g0386200",501.525790097256,1.48696529643151,0.306477308525151,4.85179572865338,1.22348603617132e-06,1.79316370626282e-05
"Os03g0790900",20684.5042966416,1.16007853629658,0.239153537892575,4.85076886806364,1.22983795155599e-06,1.80152899304933e-05
"Os06g0565100",463.12741014662,2.00922794353288,0.41475693632815,4.84435043165427,1.27026564709016e-06,1.85685878490483e-05
"Os10g0191300",18213.6655277555,1.57020019091401,0.324480603597529,4.83911880557772,1.30416072750161e-06,1.90242830380046e-05
"Os07g0121100",39.1509805333605,2.84841602502282,0.589338732529042,4.83324083044627,1.34328120914519e-06,1.95847318730637e-05
"Os09g0554000",224.659391354825,2.69421545492486,0.557796611847451,4.83010365731961,1.36461990537002e-06,1.988547734954e-05
"Os04g0637400",1508.0388479375,0.874029082253759,0.181062863306424,4.82721341247424,1.38456726069651e-06,2.01551477762192e-05
"Os08g0290700",107.995164640816,5.53476248497498,1.14676799681275,4.82640124276046,1.39022282207412e-06,2.0216427975289e-05
"Os03g0818300",2629.74093448938,0.917490346792583,0.190104490047092,4.82624238157293,1.39133165009332e-06,2.02209674090959e-05
"Os02g0218800",543.802707890215,2.18534292742543,0.452827117511976,4.82599836209596,1.39303652732912e-06,2.02257909918128e-05
"Os06g0564100",37.9960014568903,5.44366194360098,1.12883487622351,4.82237221604333,1.41860908849132e-06,2.05650516073464e-05
"Os06g0129800",646.370465924139,1.19553722494601,0.248011670651313,4.82048776900847,1.43207637250972e-06,2.07387797415132e-05
"Os02g0637000",325.874710095219,3.79016667862249,0.786848536213723,4.8168948713568,1.45809459504617e-06,2.11046362608029e-05
"Os10g0528400",11793.2025860424,1.71750606294595,0.356752842375226,4.81427436292018,1.47735721274249e-06,2.13723833922043e-05
"Os03g0737900",4448.11222887514,0.546326315930237,0.113608259141741,4.80886090551414,1.51792777229696e-06,2.19479484097788e-05
"Os01g0832000",679.313105346231,1.32018220652434,0.27471852827337,4.80558124281534,1.54302562938674e-06,2.22993119897524e-05
"Os03g0601000",44.0524566042479,6.69357770714401,1.39297960797119,4.80522304048146,1.54579084103671e-06,2.23277350613382e-05
"Os02g0725100",5565.90537439386,0.61363036608655,0.127716555531474,4.8046266479159,1.55040538013111e-06,2.23828270779486e-05
"Os04g0567200",538.545523073329,2.69606696794707,0.561464729657065,4.80184564682057,1.5720985735303e-06,2.26842954129005e-05
"Os08g0295300",11458.9986411884,0.717074188618968,0.149367454025048,4.80073917908997,1.58081046239944e-06,2.27982381488076e-05
"Os10g0575950",1057.50520504918,0.899639733541331,0.187605976518487,4.79536819794586,1.62376304064087e-06,2.33815188818132e-05
"Os10g0130200",347.96229574597,2.34909443636592,0.489915140514518,4.79490067177523,1.62755454295523e-06,2.34240531339166e-05
"Os12g0495525",97.9586643737636,8.12612982556523,1.69543116747782,4.79295767439141,1.64340306149991e-06,2.36156851036914e-05
"Os05g0542500",634.485331706636,1.84775762977365,0.385570330644469,4.79227130024547,1.64903700942732e-06,2.36844740275427e-05
"Os04g0547900",1086.8465345623,2.04756262545053,0.427296448885631,4.79190180679123,1.65207759557367e-06,2.37159640054528e-05
"Os11g0565400",1333.18591590877,0.682068412530578,0.14279739956855,4.77647642458049,1.78393456922225e-06,2.54520134151688e-05
"Os07g0108100",120.211303155692,3.32008980814589,0.695124148349809,4.77625445185242,1.78590388290815e-06,2.54671168697826e-05
"Os07g0503900",98.1802454145768,2.05981230795242,0.431281356640174,4.7760290961776,1.78790534664403e-06,2.54826631567552e-05
"Os01g0527700",4268.36358602909,0.386108706259101,0.0808942744689644,4.77300413154993,1.81498066268058e-06,2.58290683212212e-05
"Os12g0555200",2495.06879517331,6.86376568689794,1.43828470788619,4.77218846120212,1.82234859500448e-06,2.58943882676348e-05
"Os02g0146900",601.966732553551,1.41591253158627,0.297112099655334,4.76558353977776,1.88307854124577e-06,2.67165947881262e-05
"Os02g0203500",1951.07257978113,0.723254602505263,0.152047739638704,4.75675997699054,1.96724840739658e-06,2.77839062951706e-05
"Os10g0365200",1753.08012004982,1.07217283827664,0.22541688021316,4.75639995222526,1.97075838755565e-06,2.78194283440718e-05
"Os02g0123700",190.538000091891,2.06762221463174,0.434729550547406,4.75611149973177,1.9735749302587e-06,2.78451308525501e-05
"Os10g0447600",3074.47931493146,0.740960066164652,0.155852675545539,4.75423385303482,1.99200360800959e-06,2.80909676724055e-05
"Os04g0614500",189.471324583947,7.26540684276126,1.53087982569001,4.7459027944839,2.07578387886814e-06,2.92282076478694e-05
"Os06g0676000",3953.81319703139,0.572293619822062,0.120673753130583,4.74248629031014,2.11111119858727e-06,2.96957311656411e-05
"Os10g0141500",151.60396293548,4.34070943786198,0.915672604345857,4.740460091588,2.13233451390946e-06,2.99645428735531e-05
"Os04g0613600",4163.84014506508,6.60230133288922,1.39288545665848,4.74001742306082,2.13699842137051e-06,3.00145775264715e-05
"Os12g0145200",19.7413825323992,6.82229830505686,1.44023287332893,4.73694110959149,2.16968180296492e-06,3.04125222747424e-05
"Os04g0179200",311.509137292985,7.0952425717812,1.49812889382309,4.73606950712683,2.17902881540921e-06,3.05282373717952e-05
"Os03g0701200",3632.77713980647,1.17909589885565,0.249151408547357,4.73244725257709,2.21828960670807e-06,3.10471724534457e-05
"Os01g0112800",67.8917878230566,4.63856957364068,0.980428611129492,4.73116504453788,2.23234926495361e-06,3.1228321583373e-05
"Os02g0809800",13964.1784598473,1.0107692219289,0.213646410411205,4.73103769908175,2.23375029451351e-06,3.12322966178879e-05
"Os06g0159600",3775.87827180451,2.86027761766685,0.6048701983479,4.72874614335309,2.25910631085e-06,3.15395151655564e-05
"Os12g0197500",1848.92682572329,1.22748323633903,0.259660579393694,4.72726063850432,2.2756907991114e-06,3.17393603522948e-05
"Os11g0429200",188.042323688766,1.79905915133922,0.380628839961191,4.72654450336095,2.28372758567174e-06,3.18355723857052e-05
"Os09g0442600",2010.88837319612,0.651608636446132,0.137916798612582,4.72465024566403,2.30511738553852e-06,3.21177391974087e-05
"Os02g0799600",195.930684998979,2.49691737359605,0.528657697632876,4.72312686408668,2.3224587093485e-06,3.23432446953294e-05
"Os05g0160300",2634.10888111932,2.1747408468012,0.460905307457702,4.71841137780948,2.37693471951974e-06,3.30854168723992e-05
"Os08g0325267",17.7991737069222,7.2138982102875,1.52933457790478,4.71701765886358,2.39326925263047e-06,3.32796526009739e-05
"Os05g0591600",488.951652318357,1.25523136522092,0.26620035838534,4.71536316793347,2.41279997997926e-06,3.35345619483797e-05
"Os10g0525800",3434.61270958077,0.750475360187933,0.159220251501932,4.71344162007449,2.43567529865717e-06,3.38356801051412e-05
"Os09g0255000",1488.25003844602,1.45610626545378,0.309083425698102,4.71104609431901,2.46448481956712e-06,3.42019124041562e-05
"Os07g0545400",6223.71191808858,0.756831792324875,0.160700945723895,4.70956651135836,2.48244197504443e-06,3.4434031443523e-05
"Os04g0452700",902.033005264999,1.09428575683257,0.232445068636099,4.70771766961298,2.50505726924525e-06,3.47132911185204e-05
"Os06g0142000",400.222888790935,1.22612685054068,0.260503190368105,4.70676327920629,2.51680877176516e-06,3.4858861066687e-05
"Os07g0595800",1076.32986821794,1.00946133850886,0.214715056483803,4.70139986938929,2.58383960649101e-06,3.57165055639716e-05
"Os07g0209700",63.1302551608908,3.23234436215744,0.689201523326633,4.68998435545467,2.7322593834756e-06,3.76193507629304e-05
"Os01g0103700",213.051283825589,3.46856377008542,0.741431100038383,4.67820107614296,2.89402679666571e-06,3.97097965367812e-05
"Os10g0530400",202.284159678071,2.03905358917363,0.435972793916464,4.67702025820523,2.91073512014979e-06,3.98999004411122e-05
"Os03g0273800",24003.606481603,1.04235035068231,0.222959933961555,4.67505677886523,2.93872302694113e-06,4.0263817111897e-05
"Os01g0191900",1997.73536467609,0.990089314180212,0.211900476823111,4.67242607956334,2.97662660241485e-06,4.07232809735464e-05
"Os01g0976500",968.76040034686,1.91262339874413,0.409562693192064,4.66991606056073,3.01322832892388e-06,4.12038713887664e-05
"Os08g0525600",22964.5254017326,0.669359742985228,0.143376919290861,4.66853205031791,3.03359458634952e-06,4.14620914040459e-05
"Os09g0409100",59.645449167029,4.92188204415152,1.05438315120217,4.6680203857011,3.04115731527811e-06,4.15451505444246e-05
"Os02g0636700",2503.34621719561,1.27368606997227,0.273103653784982,4.6637459891879,3.10504617351293e-06,4.23145766062942e-05
"Os12g0183100",2900.35970540216,0.841662866344306,0.180600920971721,4.66034648004977,3.15677538767794e-06,4.2938511290581e-05
"Os09g0324400",232.619395464512,3.41344433911789,0.732507868384791,4.65994221556237,3.1629816617765e-06,4.29993287262606e-05
"Os04g0435100",1282.82077005814,1.11731326674292,0.239988002711102,4.65570467740399,3.22874467279698e-06,4.38081591606477e-05
"Os04g0180400",174.743327724119,10.5221524009447,2.26051524217836,4.65475843941001,3.24360757588786e-06,4.39884782988013e-05
"Os09g0467400",2059.54413243561,1.17107304379542,0.251609101521693,4.65433498515337,3.25028015879845e-06,4.40576026954143e-05
"Os03g0235000",2510.04128247897,1.21740199595909,0.261612366464709,4.6534573743987,3.26415105611162e-06,4.42162354787465e-05
"Os08g0356700",833.946167558172,1.20043711301515,0.257983840327254,4.65314847430905,3.26904680789308e-06,4.42476403368451e-05
"Os12g0467700",63.4422553045072,2.85618127212921,0.614498368822704,4.64798837074421,3.35187805860705e-06,4.52858993835061e-05
"Os01g0612600",8812.66221388855,0.536934285965567,0.115540359039847,4.64715784534124,3.36539650479703e-06,4.54198590058611e-05
"Os06g0702400",145.665621817321,1.45380628054289,0.313241106478505,4.64117336605901,3.46436307742651e-06,4.65980996138311e-05
"Os12g0616400",152.711027655405,2.34129630156701,0.504507241752898,4.64075856162586,3.47132522995991e-06,4.66692974666342e-05
"Os06g0146400",913.739156441171,1.05552113420228,0.227622177949397,4.63716296764777,3.53223910439187e-06,4.74426197479416e-05
"Os01g0599550",211.768138581558,2.69453984980199,0.581370253721166,4.63480859668189,3.57267894440684e-06,4.79397284075781e-05
"Os04g0106300",1224.71749610315,0.867457469753593,0.187278003649848,4.63192394647408,3.62283245160504e-06,4.85661009955337e-05
"Os02g0272900",1073.54634037188,0.751346650773666,0.162234925585588,4.63122627918541,3.63506331634362e-06,4.86833862922572e-05
"Os01g0158500",994.232943255045,1.06919717133114,0.230995364925432,4.62865205834881,3.68053561843358e-06,4.92216633351873e-05
"Os11g0172350",192.642176024229,3.98499738406967,0.862115089233647,4.62234965358514,3.79417784435142e-06,5.06204147134748e-05
"Os12g0582600",29.4589371462367,7.17045023622466,1.55253644752811,4.61853906724134,3.86451228201612e-06,5.15342019333804e-05
"Os01g0971700",1386.21594543482,0.537967199361791,0.116503798532878,4.61759364189293,3.88215514231916e-06,5.16955173332443e-05
"Os02g0818450",198.256249178373,1.77805407327142,0.385161400332715,4.61638697890151,3.90478520809268e-06,5.19473898949114e-05
"Os05g0100016",15.9287591893817,7.04867346181307,1.52760224919756,4.61420730790079,3.94598418037332e-06,5.24455806178514e-05
"Os03g0780500",3911.81412668738,0.730542993985318,0.158396076453014,4.61212809271842,3.98567243335974e-06,5.28976478056344e-05
"Os01g0654100",1517.69792504298,1.59382288925956,0.34558510434408,4.61195482451315,3.98899700706574e-06,5.29166566914546e-05
"Os07g0115800",30.8126247428689,3.44327655695452,0.74672936845081,4.61114387947277,4.00459232992869e-06,5.30731847934246e-05
"Os10g0539500",3562.48039723691,1.06709726866239,0.231492562233352,4.60963954248657,4.03367718258434e-06,5.34080249686499e-05
"Os09g0497100",181.39526879544,1.72854049478382,0.375248929208684,4.60638355032465,4.09732340526558e-06,5.41737833119843e-05
"Os04g0640200",241.362090104352,1.54076768220304,0.3348956111576,4.60074014370395,4.20992355610105e-06,5.55574810395515e-05
"Os05g0137400",26079.6531045333,0.909798015660651,0.197835981342571,4.59874897117555,4.25035554248814e-06,5.60381623715881e-05
"Os04g0298200",1895.1719654347,0.60677247278564,0.132246930210849,4.58817812873408,4.47131043902579e-06,5.87390088911185e-05
"Os01g0188100",1712.23451697367,1.08791168212319,0.23718007598474,4.5868594889614,4.49963295134987e-06,5.90231224500836e-05
"Os03g0724100",2313.4982080274,1.25893781328775,0.274484982478813,4.58654532542568,4.50640604662745e-06,5.90797649732255e-05
"Os07g0117800",16.2701355198036,7.40453726251034,1.61565765088294,4.5829865370698,4.5838156297068e-06,5.99540787039855e-05
"Os09g0554300",1356.34271412393,1.16998515816371,0.255453955259232,4.58002365622573,4.6492334102411e-06,6.07679577408179e-05
"Os11g0137250",257.433450597434,1.02306191174436,0.223571820659475,4.57598774624909,4.73978289077561e-06,6.18782860679969e-05
"Os06g0720900",1874.79600904077,1.37736214915776,0.301620363303249,4.56654230527851,4.95835006180797e-06,6.46713158248125e-05
"Os03g0318400",188.93835482204,3.1678086956364,0.693838722392728,4.56562684295292,4.98003959194627e-06,6.4923928740879e-05
"Os01g0606050",312.15439322752,0.941874618149846,0.206475439268665,4.56167872307701,5.07462547199916e-06,6.60646306792292e-05
"Os10g0106550",23.5719314657836,7.10804618057655,1.56072291342529,4.55432935560395,5.25529644538952e-06,6.82578308401638e-05
"Os08g0197400",178.208766514471,1.60760222928128,0.353012002351598,4.55395912482351,5.26455896123064e-06,6.834639126827e-05
"Os10g0490800",881.005200144477,1.79381840657985,0.394110955257737,4.55155682086214,5.32504119288032e-06,6.90674637837222e-05
"Os12g0279000",2978.09321264266,0.519563380489253,0.114276635702668,4.54654074557361,5.45348162692817e-06,7.06350904193698e-05
"Os01g0607300",243.70935753654,1.51176210530338,0.332532566138189,4.54620767782228,5.46211426986029e-06,7.07141497418395e-05
"Os07g0619200",1151.39479592323,1.1575359596291,0.254638181539398,4.54580673106954,5.47252359381832e-06,7.07833717749933e-05
"Os11g0135400",2424.74184136603,1.20169541697061,0.26437321948724,4.54545062961118,5.48178457188754e-06,7.0837626510288e-05
"Os10g0466800",305.032027123142,2.25923082466391,0.497136156191928,4.54449107457735,5.50681405182961e-06,7.11281977576735e-05
"Os02g0568600",39.1200965604613,6.91232807299242,1.52147958530925,4.54316189302497,5.5416658409202e-06,7.15453109766816e-05
"Os07g0523700",18230.4646828129,1.3370064147861,0.294674134874372,4.53723709193584,5.69960174678319e-06,7.34486927405738e-05
"Os07g0696000",30.1990531701693,7.16608159060071,1.57947608947343,4.53699909632044,5.70603510016355e-06,7.34977271031661e-05
"Os12g0508500",1308.7946035411,1.77320565742093,0.390858332540366,4.53669657212132,5.71422278467905e-06,7.3569302923925e-05
"Os02g0288000",374.266655388648,1.02369941669194,0.225716692099588,4.53532881050852,5.75138121632733e-06,7.40136329191796e-05
"Os02g0158600",777.796105043131,1.00595668300818,0.221840695176201,4.53459038346947,5.77153833275548e-06,7.42024347119827e-05
"Os03g0351500",17531.0388715918,1.22105974691112,0.269281027703507,4.5345182960887,5.77350974745238e-06,7.42024347119827e-05
"Os05g0552000",42.8401241365585,6.92655742624184,1.52752400026648,4.53449989985982,5.77401294282915e-06,7.42024347119827e-05
"Os05g0363100",4038.20533371286,0.594264840051928,0.131058745192463,4.53433946112664,5.77840323234056e-06,7.42247441383424e-05
"Os09g0491788",388.48346374703,3.44632442465923,0.760186372902825,4.53352565568782,5.8007216794844e-06,7.44772181106987e-05
"Os03g0853000",56.8893214276929,5.10059321941425,1.12590210157011,4.53022799433563,5.89200680135408e-06,7.55798523821402e-05
"Os07g0562950",732.118915979648,1.05209353041127,0.232325197443811,4.52853819554258,5.9393146105564e-06,7.61168624058658e-05
"Os02g0159400",180.469067667338,1.46232817116425,0.323060620535116,4.52648227054743,5.99736283088592e-06,7.6755265081416e-05
"Os04g0611500",1376.24078561943,0.849477483451791,0.187695092799294,4.5258374674726,6.01568016157402e-06,7.6935893748949e-05
"Os07g0107300",2250.65383168339,1.4886323838365,0.328921975078931,4.52579181880225,6.01697895969645e-06,7.6935893748949e-05
"Os11g0591800",705.906341947827,2.6610092877947,0.588506527813604,4.52163087753805,6.13649999455048e-06,7.83566602043879e-05
"Os04g0606000",399.674890722094,1.72858594131589,0.382542673267787,4.51867480966196,6.22278841235677e-06,7.94222068293678e-05
"Os05g0208050",279.917537572307,1.70103852387398,0.376464732688373,4.51845385815209,6.22928446957517e-06,7.94688462167884e-05
"Os08g0477500",8796.88390999936,1.09302201574521,0.241960946971591,4.51734889214805,6.26186837096385e-06,7.98481017444748e-05
"Os04g0457500",848.796649754491,2.74371581897399,0.60791116488022,4.51334993907308,6.38116040414582e-06,8.13321647864784e-05
"Os03g0374400",543.959514908613,1.02328915352804,0.226761557319954,4.51262182894698,6.40311322992597e-06,8.15747874084965e-05
"Os06g0700550",18.3110746611173,7.94825691927959,1.76141571845228,4.51242533833158,6.40904987447137e-06,8.1613238018997e-05
"Os01g0931300",2889.36301439108,0.483227948548157,0.107096362651632,4.51208553291415,6.419328973504e-06,8.17069255416777e-05
"Os03g0750500",405.956669525698,1.2914015254424,0.286245163446165,4.51152260494098,6.43639223820701e-06,8.1886839194368e-05
"Os07g0661300",5212.43866068354,0.545910379888477,0.121054419277964,4.50962784460566,6.49414493398102e-06,8.25089817963859e-05
"Os04g0250700",658.843147615814,1.42176412785842,0.315330062949521,4.50881249494445,6.51914924486835e-06,8.27514704872894e-05
"Os01g0116900",597.293026193875,3.23851697917204,0.718532330982877,4.50712770953827,6.57110863578045e-06,8.32975892524771e-05
"Os01g0249800",312.452851966601,1.96282268063344,0.435791129265846,4.50404459572205,6.66722058268743e-06,8.44393824158838e-05
"Os01g0218100",5816.80304717354,1.02252398633399,0.227069839594471,4.50312550605635,6.69613120657354e-06,8.47671403624366e-05
"Os08g0383800",11.2135956876927,7.35003663500884,1.63272525044394,4.50169839231086,6.74125989744603e-06,8.5184180647167e-05
"Os01g0649200",1842.10509818424,0.844869491583677,0.18773228396584,4.50039531686201,6.78272019876799e-06,8.55920521833701e-05
"Os06g0115300",1061.44053702495,1.55219022683103,0.344997280105011,4.49913757684864,6.82296930934524e-06,8.60611248383086e-05
"Os08g0121500",18.4334927120082,8.4292454957143,1.87411926228779,4.49771029268676,6.86892075641888e-06,8.66016681841738e-05
"Os01g0707500",830.360976809529,1.0815498842416,0.240476807155168,4.49752263861241,6.8749842568144e-06,8.66390535185029e-05
"Os04g0331650",450.640648841345,0.887260664964335,0.197556028136595,4.49118497336291,7.08280038991505e-06,8.90973594707983e-05
"Os12g0224500",708.526169165521,1.09453038022555,0.243927654186766,4.48711067170562,7.21955767673849e-06,9.06952879031066e-05
"Os03g0373601",12.9301542590949,7.43980913002145,1.65962007370818,4.48283872187585,7.36565968763051e-06,9.23233112975794e-05
"Os11g0545800",1002.56855691348,0.900865467742919,0.201100489472949,4.47967814550794,7.47556761359079e-06,9.36589483631061e-05
"Os03g0758700",380.123520342801,1.31943993688457,0.294818324945787,4.47543393758579,7.62562753061713e-06,9.536808956448e-05
"Os05g0104150",412.762811833481,2.54658947775422,0.569156202285666,4.47432439025949,7.6653294896879e-06,9.57716849726093e-05
"Os05g0215300",69.3066800924174,2.14051883374368,0.478453846326957,4.47382511432656,7.68325904693731e-06,9.59172571377478e-05
"Os06g0181566",9353.44224290635,1.60741327994754,0.359711841696669,4.46861374472906,7.87281453651019e-06,9.81959793483368e-05
"Os07g0539900",9250.9105343956,1.64034722145502,0.367362101027391,4.46520535696936,7.99919884010443e-06,9.94618036303602e-05
"Os05g0531200",1463.72721313684,2.80480102240843,0.629629364279766,4.45468585414031,8.40161221312468e-06,0.000104141260606303
"Os01g0209200",822.302372372899,0.530841475361388,0.119198844689766,4.4534112452431,8.45166537225776e-06,0.000104622563288985
"Os02g0193900",1162.17005020492,0.814297069547191,0.182881057929675,4.45260476271041,8.4834825566666e-06,0.000104923532160382
"Os05g0142200",222.859279313494,3.20935721503142,0.720830689027229,4.45230379877762,8.49538543049678e-06,0.000105024296276928
"Os01g0120400",1119.44166934355,1.48460978621418,0.333483571085482,4.45182286306282,8.51443917737156e-06,0.000105175597129504
"Os07g0474600",986.87102933522,1.31371394201403,0.295294681349817,4.44882358195189,8.63418968697105e-06,0.000106504843584675
"Os12g0548501",903.221729277549,2.87122082820335,0.645494285565919,4.4480964315371,8.66346367902224e-06,0.000106771748929122
"Os06g0638100",978.338706317642,0.768528724259321,0.173063150424248,4.4407415580691,8.96494091840313e-06,0.000110292832310702
"Os11g0134700",492.340800431995,1.46938629158783,0.330919053153931,4.44031940011726,8.98254600963826e-06,0.000110460825247812
"Os11g0207800",208.155346396147,4.1497782447841,0.935331591306892,4.4366920601771,9.13518299842452e-06,0.000112091381030252
"Os03g0833900",1735.90791290959,0.989273811056373,0.222981430204694,4.43657487598063,9.14015515019236e-06,0.000112103201149114
"Os04g0395100",39.9771115204675,7.47315897427544,1.68583873329882,4.43290264167326,9.29728555184718e-06,0.000113930452748402
"Os01g0908200",4265.56724511402,0.706675323911782,0.159444900429974,4.43209737035238,9.33208548770898e-06,0.000114305823359418
"Os02g0288200",3068.95440477415,0.545698967873071,0.12313155435403,4.43183691407054,9.34336775951779e-06,0.000114344829771184
"Os02g0149600",99.945767540286,7.01070748272245,1.58201471611706,4.43150585851043,9.35772701319625e-06,0.000114470462903333
"Os07g0599900",869.891250886062,2.19828721586315,0.496210370645822,4.43015169755937,9.41668239027415e-06,0.000115090955577634
"Os03g0730400",1819.23420625905,0.897746791564178,0.202725130304938,4.42839420161572,9.49372681555734e-06,0.000115981903307228
"Os10g0100500",1017.17074211328,1.09014410925031,0.246240256495079,4.42715632596857,9.5483533761676e-06,0.000116598320441551
"Os10g0506200",17.9394139190883,7.53106570102965,1.70120090917505,4.42691140147675,9.55919724161924e-06,0.000116679786846198
"Os06g0231300",2830.85307092882,1.02553727964963,0.231755845848403,4.42507620852189,9.64082430463013e-06,0.000117573489251931
"Os01g0839100",114.67965187565,1.79429164045121,0.405682523488861,4.42289607405401,9.73865934036884e-06,0.000118663124093279
"Os06g0132801",10.8504222992183,6.60762581933491,1.49680622544343,4.41448312214055,1.01251614654235e-05,0.000123050854071752
"Os09g0272900",83.6906568549174,7.5537855444008,1.71208598846854,4.41203630850204,1.02402935210543e-05,0.000124341974825342
"Os03g0116700",476.298425087182,3.69534066481247,0.837726508117692,4.41115403297387,1.028211386621e-05,0.000124687351324673
"Os04g0686800",2017.20164442804,1.21479581617164,0.275478461520659,4.40976695406924,1.03481921284151e-05,0.000125434262973125
"Os07g0170800",258.262161402199,1.25768876010416,0.28548306883231,4.40547583171357,1.05551920660174e-05,0.00012783256428502
"Os09g0424300",11563.724303055,1.21065840981561,0.2748241525726,4.40521110856801,1.05680907202293e-05,0.000127878013371048
"Os08g0171600",11.2636261658475,6.93001138266305,1.57333079210206,4.40467536607745,1.05942408800447e-05,0.000128083593588228
"Os05g0379700",69.4068652325659,2.11905602892163,0.48148682096957,4.40106756121483,1.07719574770544e-05,0.000130007345225874
"Os09g0498100",1484.05352983271,1.23746205138665,0.281171950229073,4.40108641839441,1.07710212354274e-05,0.000130007345225874
"Os05g0295800",4834.91050068746,0.620730622781573,0.141059098227445,4.4005004326676,1.08001512256212e-05,0.000130291384328417
"Os04g0196600",2227.79763601436,0.638547729483963,0.145127636262642,4.39990442846022,1.08298563987343e-05,0.000130593404197587
"Os08g0356800",417.423550245281,1.6135472298069,0.366997375187651,4.39661790219036,1.09950648444759e-05,0.000132414295138211
"Os03g0218200",113.315010917269,2.13856041335297,0.486510736859209,4.39571062122694,1.10410945343954e-05,0.000132911393697733
"Os02g0534400",3724.59359125095,1.21141493068678,0.276022776004553,4.38882235814771,1.13966111086108e-05,0.000136855866065895
"Os06g0524500",596.211687608634,1.10126466690659,0.250926524557226,4.38879336829711,1.13981301697708e-05,0.000136855866065895
"Os12g0152600",730.0879541679,0.773160861862979,0.17618219865645,4.38841646749239,1.14178972809902e-05,0.000137034368912279
"Os12g0105800",6110.43697438938,0.911968855735095,0.207868440618231,4.38724056919254,1.14797795114376e-05,0.000137599894666885
"Os06g0114500",3549.43358293706,1.12060358219857,0.255429183328957,4.38713997983303,1.14850879151103e-05,0.000137604540898948
"Os05g0278500",4381.0115871497,0.953146521853982,0.217299797464231,4.38632034165092,1.15284301121084e-05,0.000138064676511777
"Os03g0784000",2301.27759414066,0.823204094639245,0.187689022309688,4.38600022797792,1.1545399977431e-05,0.000138208717880514
"Os12g0511500",407.243361651309,1.46338007148648,0.333753217451403,4.38461712118044,1.16189956953871e-05,0.000138911327757933
"Os01g0918200",1166.29825391397,0.998487126783808,0.22793003978842,4.38067368263819,1.18312942822872e-05,0.000141246270084621
"Os09g0515300",600.206583484283,1.42166217738143,0.324581685941827,4.37998272532304,1.18688717553475e-05,0.000141596045122243
"Os11g0236200",11.9488173713392,6.2277829131191,1.42237439795886,4.37844137384369,1.19531085260561e-05,0.000142358060827357
"Os06g0684000",1382.77021646939,0.955798052994248,0.218566425847628,4.3730323597851,1.22532552982764e-05,0.000145746504109316
"Os04g0653700",108.694523031312,8.07861549723057,1.84792961981197,4.3717116770132,1.23276251650037e-05,0.000146463800599496
"Os06g0328400",2140.75195437937,0.880812018421359,0.201503864808901,4.37119168536391,1.23570247918595e-05,0.000146731142793868
"Os04g0464200",8366.72641906988,0.895914432869193,0.205107860517741,4.36801607996736,1.25380264247031e-05,0.000148690997006106
"Os03g0259400",11.5488730916464,7.41667155598656,1.69847678780137,4.36666053328126,1.26160572135938e-05,0.000149552956303916
"Os04g0465900",20.5707838920603,5.04033570215596,1.15623446912156,4.35926781008812,1.30498332072906e-05,0.0001536528571826
"Os05g0357200",2831.49691720822,0.693917108141231,0.159192181235819,4.35898988728157,1.30664149992822e-05,0.000153783345555525
"Os02g0705100",334.379148242776,2.13304419070274,0.489994860328618,4.35319707082682,1.34166441816717e-05,0.000157573724441944
"Os08g0388900",20.2228626609054,7.18185402961647,1.65041614890546,4.35154129725368,1.35183852269483e-05,0.00015870198341158
"Os11g0528700",613.184442024596,1.04707848793003,0.240701039521122,4.35012034020793,1.36062840950598e-05,0.000159666860442405
"Os01g0743100",297.067822702614,1.09542018119927,0.25183058941319,4.34982971588873,1.36243288318359e-05,0.000159811548428464
"Os01g0810800",1156.74370158832,1.72663322535699,0.397022660018712,4.34895384881964,1.36788492018002e-05,0.000160383789970289
"Os03g0835900",12544.2529295746,0.820769259998472,0.188804864103114,4.3471828117215,1.37897280058303e-05,0.000161480717736616
"Os02g0664000",4099.62519615456,0.813717108427435,0.187204237185883,4.34668104023447,1.38212977860375e-05,0.000161714967066424
"Os02g0692700",2165.39124428325,0.825523396563419,0.190097621545149,4.34262874965721,1.40787928765716e-05,0.000164590035117244
"Os08g0140300",481.730359189337,3.78735047258674,0.872943852906241,4.3385957298144,1.4339602159774e-05,0.000167359196492454
"Os04g0302300",192.120758367384,1.45506474020401,0.335592637446676,4.33580650420323,1.4522665499719e-05,0.000169354386169367
"Os01g0652300",231.126042400908,1.7488717843454,0.40338387622567,4.33550245168204,1.45427553469069e-05,0.000169517970204629
"Os07g0479300",7060.9258012928,0.689349228402013,0.15917558575008,4.33074723836327,1.48604186571031e-05,0.000173076529499055
"Os04g0372750",100.262028056802,1.67024327157176,0.385720001340639,4.33019616759964,1.48976568451213e-05,0.00017340091300462
"Os04g0681900",3596.53441549155,0.42185619743924,0.0974229625221245,4.33015160407833,1.49006720766022e-05,0.00017340091300462
"Os02g0102900",9133.79968977324,0.549613194927091,0.126970067962619,4.32868315931676,1.50003552831046e-05,0.000174415773445629
"Os11g0116300",1924.98215558413,1.47914976582581,0.341755406475015,4.32809470692,1.50404796915423e-05,0.000174809631793137
"Os03g0351100",5246.10207862086,1.26269611540968,0.291938634900891,4.3252107273789,1.52386119152478e-05,0.000176671867163345
"Os09g0249600",2823.95339494928,0.54143684054447,0.125179061916714,4.32529875407365,1.52325277486076e-05,0.000176671867163345
"Os03g0787300",11485.5552662239,0.663860043923712,0.153510434826956,4.32452715460058,1.52859375316578e-05,0.000177147102003845
"Os01g0248600",1230.89029215573,0.523414422599511,0.121067281822946,4.32333504740756,1.53688058367213e-05,0.000178033672915524
"Os12g0618600",1731.53873917949,1.19137985552756,0.275671984626988,4.32172988901871,1.54810638678424e-05,0.000179185625000142
"Os12g0629700",289.667565348364,2.67379158652025,0.619056609383359,4.31913906740064,1.56639058251467e-05,0.000181002257229092
"Os02g0738200",123.766651197813,2.4150314157215,0.559337326076341,4.31766539283646,1.57688240123566e-05,0.000181989019678721
"Os04g0445100",21.9222805060554,4.34111946655617,1.00541604526213,4.31773442149947,1.57638946013486e-05,0.000181989019678721
"Os01g0637800",14.1620915663902,7.1264610579788,1.65119805816277,4.31593352641668,1.58929804425314e-05,0.000183346247976463
"Os04g0581100",326.974303296001,4.21897591143068,0.977618746636143,4.31556363454324,1.59196182582784e-05,0.000183577816484329
"Os01g0162400",13.0926904264901,6.7496324095282,1.5641408883209,4.31523302020058,1.59434635124931e-05,0.000183777004807649
"Os03g0734300",1836.23561581879,2.74765116246685,0.637180086500359,4.3122050118641,1.61634453852293e-05,0.00018615922024405
"Os10g0573900",3424.00830921302,0.525018441353354,0.121837012589014,4.30918675857862,1.63855957904366e-05,0.000188329963289671
"Os09g0479900",375.57226825604,1.70838517463178,0.396466878441786,4.30902369788407,1.63976799141654e-05,0.000188391421988382
"Os12g0495800",24.2434686004474,7.86442879868428,1.82715034146862,4.30420454200996,1.67586778999663e-05,0.000192459822913617
"Os01g0739400",1470.77570703934,1.05694778538482,0.245582075695393,4.3038474302001,1.67857280648433e-05,0.000192691338097405
"Os12g0190000",16452.9049652714,0.722404121297482,0.167872248518367,4.30329686814462,1.6827513055571e-05,0.000193012541052497
"Os02g0125300",7285.74028338335,0.685189007265081,0.159497305695389,4.29592841256936,1.73963719782318e-05,0.00019912899959037
"Os10g0503300",306.355756579886,2.07361454477899,0.482725670640351,4.29563760723203,1.74191943723754e-05,0.000199308654430895
"Os07g0661700",1823.70105133122,0.779678795871955,0.181706239797434,4.2908751881121,1.77970326203162e-05,0.000203216096445293
"Os05g0551700",34.2457299026945,3.41951214447219,0.797156824206426,4.28963541505943,1.78966666116184e-05,0.000204103745973612
"Os11g0602900",1848.24781159181,0.886359221957215,0.206826870371741,4.28551290441185,1.82318064207723e-05,0.000207671786049073
"Os04g0447100",516.746830994226,1.00100981367758,0.233660851176433,4.28402879060702,1.83539146797984e-05,0.000208977552974707
"Os02g0774200",582.619081498656,0.977980010923365,0.228297353724254,4.28379915478392,1.83728778592992e-05,0.000209108325786505
"Os02g0179100",1051.54660089465,1.20721163381481,0.281928390196803,4.28197966502096,1.85237913646806e-05,0.000210568821838183
"Os02g0803700",7766.05005931558,0.553640606848275,0.129306357156301,4.28161939616823,1.85538127801462e-05,0.000210824388697281
"Os01g0814000",935.414889375018,0.824605128968704,0.19302633763015,4.27198246152654,1.93742817538051e-05,0.00021943394692726
"Os03g0577300",209.210986367598,1.529462891368,0.358016750367712,4.27204282983162,1.93690361931815e-05,0.00021943394692726
"Os12g0497300",207.754701065015,1.88220634365179,0.440953885556206,4.26848794240157,1.9680246354576e-05,0.000222448831471044
"Os04g0564300",611.779568259992,1.1033903163259,0.258653334731199,4.26590408150964,1.99094309655794e-05,0.000224857563619331
"Os02g0525400",1838.9937607321,0.670991951759953,0.157539783666061,4.25919051140926,2.05168552835127e-05,0.000231157671695467
"Os03g0385900",2738.21484702615,0.624658588555308,0.146693373032672,4.25826044927183,2.06023833498974e-05,0.000231841065592165
"Os08g0130100",47.1837420398027,3.86317991478835,0.90824520381959,4.25345479232029,2.10497450246083e-05,0.000236399626453071
"Os04g0605200",162.167419330266,2.18577082980747,0.513928834434788,4.25306128661052,2.10867835145048e-05,0.000236720519550226
"Os06g0641200",310.1042205983,1.78402564579092,0.419528408956403,4.25245491772241,2.11439791147968e-05,0.000237172174876124
"Os07g0578200",1982.11287106711,1.07857805348462,0.253631914972694,4.25253286283289,2.11366186973131e-05,0.000237172174876124
"Os05g0475400",4083.80470207948,1.57659332951038,0.371052909831921,4.24897174428453,2.14754001936086e-05,0.000240696629664958
"Os05g0104650",820.336455564303,0.62278317324752,0.146647070823361,4.24681631723606,2.16829579254576e-05,0.000242731079034226
"Os12g0535400",1859.02542173841,6.9607389927935,1.64134822746706,4.24086667064877,2.22658376156896e-05,0.000248957170365911
"Os10g0415400",991.304380102961,0.707375324367989,0.166808522695879,4.24064258190006,2.22880801459746e-05,0.000249106264269398
"Os01g0153300",4514.2718501302,1.4999569089501,0.353742746243087,4.24024782099518,2.2327314649864e-05,0.000249445076655532
"Os04g0330900",20.0203897242053,8.68450930572791,2.04964354770638,4.23708274321463,2.26442704177825e-05,0.000252784182819509
"Os11g0514400",103.922802953157,5.41982486582564,1.28099352119859,4.23095415873333,2.32702097046269e-05,0.000259150993301548
"Os04g0111200",988.998282070813,1.29436504387352,0.305939217369979,4.23079151146619,2.32870437832661e-05,0.000259235227848429
"Os01g0734800",1928.18798495951,1.84119650709845,0.435217091442966,4.23052435967977,2.33147192869394e-05,0.000259336837764508
"Os04g0644100",212.012567123999,2.09917437177453,0.496217051902507,4.23035517164565,2.33322624510627e-05,0.00025942878217953
"Os04g0154599",20.4985165957792,8.39720156710024,1.98606748751319,4.22805449457037,2.35720706971804e-05,0.000261678993638727
"Os04g0250200",1807.96461014063,0.637144777942017,0.150694137665761,4.22806611996549,2.35708530640889e-05,0.000261678993638727
"Os03g0721900",533.090414461625,1.36972600923524,0.324196843655504,4.22498255624821,2.38959286980712e-05,0.00026485364649737
"Os01g0530316",157.862290077559,1.10737170151442,0.262177363734773,4.22375023434392,2.40270318807629e-05,0.000266201235940433
"Os10g0580400",124.041127358243,2.10338604903021,0.498921240475758,4.21586791338946,2.48819372657597e-05,0.0002748019327408
"Os10g0315400",3965.25547176209,0.585423680289028,0.138935301428828,4.21364242398051,2.51285006135347e-05,0.000276978080865938
"Os02g0319300",2024.81292055791,0.697372811847353,0.165646976977409,4.20999419713203,2.55377247441008e-05,0.000281045625637164
"Os06g0226050",463.242029647428,2.30919860802003,0.548575095161663,4.20944849371901,2.55994789978217e-05,0.000281614410186894
"Os06g0503600",609.289850116493,0.780057694618408,0.185343182756641,4.20872072561007,2.56820575621742e-05,0.000282300730215661
"Os10g0499800",10.8195303736549,6.62790654799054,1.57499116265924,4.20821824599946,2.5739220826435e-05,0.000282817906165197
"Os10g0162300",89.3377210512015,3.67574230113351,0.874399197298679,4.20373476152442,2.62546575447748e-05,0.000288254905214794
"Os02g0139200",2264.01093355087,0.792463462410279,0.188526024926023,4.20346985367796,2.62854173807169e-05,0.000288479360924006
"Os01g0237750",77.183907272295,6.48274608781799,1.54252144347161,4.20269430629624,2.63756674114268e-05,0.000289242809212996
"Os05g0435700",866.152762142658,0.705889934986682,0.168194802205959,4.19685938999649,2.70641843650844e-05,0.000296212466373863
"Os01g0160700",147.52383443218,2.12839765510756,0.507187572850032,4.19647043626777,2.71106831518753e-05,0.000296605298771143
"Os04g0111100",107.27135664472,4.13268126116158,0.984892339879984,4.19607412284796,2.71581399068755e-05,0.000297008300491148
"Os03g0168200",471.907198443386,1.33983105228269,0.319318647843762,4.19590606853079,2.71782874982795e-05,0.000297112443941316
"Os11g0113700",5111.44551643285,1.1635212224068,0.277401353676129,4.1943602905602,2.73642745366882e-05,0.000298871075321111
"Os07g0187900",683.642965544196,1.09980227900899,0.262424312343965,4.19093135535194,2.77811708770769e-05,0.000303228986107173
"Os05g0295700",1792.44208664223,1.07682180405505,0.257105310452238,4.18825189631814,2.81111403297216e-05,0.000306413263159071
"Os04g0178300",2440.14065464419,5.92645628490945,1.41626044023759,4.18458082746082,2.85692782932191e-05,0.000310739516994002
"Os11g0303600",33.9164605185479,4.09052613916013,0.977866731108958,4.18311208371026,2.87545535420396e-05,0.00031251159551092
"Os01g0291500",9084.23173297676,1.1668387029723,0.279270702938314,4.17816366233744,2.93872166817269e-05,0.000318644485183331
"Os07g0114400",6303.04295962614,0.400911287198677,0.0960461059036118,4.17415452117358,2.99094711105079e-05,0.000323679740764026
"Os03g0774600",1153.22959731535,0.714282236882269,0.171139920807631,4.17367399442211,2.99726561066217e-05,0.000324238048497319
"Os06g0163000",1748.90526309567,0.864487549879994,0.207146759060462,4.17330955985493,3.00206605814272e-05,0.000324631768174413
"Os02g0226200",243.114056990531,2.46403944028799,0.591147972976716,4.16822784298889,3.0697700500854e-05,0.000331312426401343
"Os08g0517900",1783.00294948509,0.816301213468619,0.195888486843879,4.16717300041836,3.0840044704699e-05,0.000332720297115047
"Os08g0453700",1936.30772338234,0.644593271866745,0.154761052391335,4.16508715795498,3.11233641618706e-05,0.000335500956655696
"Os03g0284100",10605.125934804,0.796499649923644,0.191266425178715,4.16434640412929,3.12245743796477e-05,0.000336349768086467
"Os01g0585100",1291.96658725687,0.972047647593768,0.233670940651959,4.15989957879095,3.18387550835669e-05,0.000342445582456925
"Os07g0629300",45.9918523275726,3.43240363459852,0.825278807628647,4.15908369737637,3.1952680962707e-05,0.000343531245844344
"Os08g0189100",19.2120785082858,6.78979546081797,1.63315608046519,4.15746880658457,3.21793197749685e-05,0.000345834933968954
"Os03g0183300",11393.2637976185,0.800618118448945,0.192635676986801,4.15612585878265,3.23689555855062e-05,0.000347472350861073
"Os08g0161500",1163.91789232381,0.887422828385729,0.21365313989686,4.15356792235362,3.27330991318419e-05,0.000351111769897517
"Os02g0731400",271.195568330763,1.67404809257636,0.403190403282669,4.1520038149388,3.29576766511602e-05,0.000353249700986218
"Os03g0842700",1255.03377605533,1.08177553351645,0.260558715645874,4.15175339974694,3.29937673900319e-05,0.000353501038810288
"Os10g0550900",370.777520869338,1.99732679712262,0.481191742881562,4.15079191750436,3.31326887899381e-05,0.000354779080229775
"Os10g0477600",534.574987676745,1.25491685384382,0.302589955926187,4.14725217829088,3.36489375535576e-05,0.000359831315391084
"Os02g0740500",1283.52309665948,1.29978272528487,0.313773351284522,4.1424254799327,3.43652046345517e-05,0.000366649592674782
"Os11g0619500",203.682540241656,1.43550857712532,0.34661007854924,4.14156617468754,3.44942319223064e-05,0.000367745597207539
"Os01g0935300",956.789610338304,0.981630553714011,0.23711686561868,4.13985968966299,3.47518311728416e-05,0.000370275194994859
"Os05g0467400",125.28856166541,1.98460251548434,0.479393541713702,4.1398190480204,3.47579883729618e-05,0.000370275194994859
"Os07g0121800",339.555788105389,2.98789817767575,0.721861520025841,4.13915701943607,3.48584315699936e-05,0.000371203800618165
"Os01g0243100",1448.15941652947,1.22016551027453,0.295088203585077,4.13491795148206,3.55081474217108e-05,0.000377260575418207
"Os11g0206200",372.496008711972,0.878125873335436,0.212478809854245,4.13276916384184,3.58418649180684e-05,0.000380476382671201
"Os02g0751300",56.6755862586854,2.77112576649342,0.670851631521112,4.13075803394869,3.61568998082714e-05,0.000383424932210277
"Os03g0699700",5474.17141766345,2.10911657240194,0.510716155227483,4.12972362595912,3.63199575752857e-05,0.000384862180233153
"Os04g0682900",607.254694840065,0.872869613189346,0.211500723416657,4.12702897223567,3.67480111376054e-05,0.000389250524034847
"Os01g0318700",896.379686822197,0.812698063432482,0.197054908782415,4.12422135766154,3.71991017272371e-05,0.000393730386336283
"Os02g0575700",677.286962338904,1.86615059435382,0.452691166152718,4.12234815672161,3.75029813515845e-05,0.000396346700875174
"Os07g0190000",907.642969963706,4.55724063640093,1.10591110052722,4.12080196521074,3.77555858766853e-05,0.000398865584985125
"Os03g0595800",260.692070999139,1.00793698509706,0.244625309192546,4.12032993815741,3.78330231702764e-05,0.000399532726561031
"Os01g0213800",511.660410205742,1.3555357023838,0.329162922315497,4.11812999121614,3.8195923388978e-05,0.000403212835654731
"Os03g0608800",627.229520237569,1.22232557080999,0.29691473871983,4.11675613032933,3.84242270803681e-05,0.00040531689403071
"Os05g0331200",149.776555977935,3.99743084513925,0.971750771665544,4.11363794266693,3.89472128695644e-05,0.00041006018851073
"Os05g0375400",9843.73890264793,2.09099793828252,0.508471465216369,4.11232110614652,3.91700970699943e-05,0.000412251635101739
"Os05g0253200",2128.21493829952,2.91112535906556,0.708426670636835,4.10928255488832,3.96890225653655e-05,0.000417085241269403
"Os10g0492900",374.108601892499,2.43123641843525,0.592132088080914,4.10590215827489,4.02739935941152e-05,0.000422755989814504
"Os11g0544900",539.429222092062,0.935568618499299,0.227869339937475,4.10572400286941,4.03050488993532e-05,0.000422764586429674
"Os08g0545200",3596.29578200472,0.75944908963236,0.185011067761627,4.10488463647404,4.04516697385156e-05,0.000424143416785845
"Os12g0437800",1407.07278323196,1.88886964278297,0.460259552400512,4.10392273866225,4.06203167670547e-05,0.000425592558289216
"Os01g0585200",714.233811745429,4.62761194868937,1.12767088552362,4.10369018841931,4.06611892283082e-05,0.000425830701872821
"Os09g0426000",4695.55927430442,0.98553540508511,0.240263018123298,4.10190221026588,4.09767459489135e-05,0.000428844956480321
"Os08g0112300",226.51965111418,2.67707563832287,0.653443324904178,4.09687502541318,4.18764829361862e-05,0.000437769707972901
"Os10g0552900",2810.95186504626,0.848483166913437,0.207250323639178,4.094001649863,4.2399129020057e-05,0.000442238459247212
"Os01g0135600",17.0495862393848,6.51434428338134,1.59113824698738,4.09414096840134,4.23736458827592e-05,0.000442238459247212
"Os08g0290100",1046.03580174512,0.949300819917417,0.231889491187747,4.0937638659478,4.24426563183265e-05,0.000442365427240285
"Os05g0495700",583.58106720364,1.23666630992485,0.302248794586196,4.09155084180882,4.28497976103083e-05,0.000446276253398384
"Os11g0501500",24.2683455991382,5.96993265189487,1.4600760640149,4.08878194707118,4.3364424366094e-05,0.000450964210849183
"Os07g0524900",391.059911274015,1.27574187703131,0.312074478657917,4.08794042536791,4.35219877161546e-05,0.000452434522116933
"Os01g0741900",3197.02130676399,0.725677029743257,0.177538521718338,4.08743422396257,4.3617028384353e-05,0.000453254025172815
"Os04g0494600",198.050377178391,3.50649208560553,0.858598362510177,4.08397248202761,4.42722758723611e-05,0.000458869504260455
"Os04g0507016",56.1358027311742,4.55890446489796,1.11660958525644,4.08280971710533,4.44944539862377e-05,0.000460660093028934
"Os07g0225100",172.137823193557,1.42946916750216,0.350474439055211,4.07866882205629,4.5294305301956e-05,0.000467728934070863
"Os02g0620200",605.438395131042,1.39060308059432,0.341015831304403,4.0778255815139,4.54588474124444e-05,0.000468908597949685
"Os07g0484900",16.3804511589181,5.97091406033377,1.46422593397751,4.07786388820067,4.54513603272906e-05,0.000468908597949685
"Os03g0287100",318.856770767632,1.4493496146173,0.35568220029771,4.07484437906698,4.60451278733913e-05,0.000473558645035496
"Os10g0335000",52.0733751168612,4.41055966012186,1.08246722355655,4.07454338028872,4.61047189048871e-05,0.000473997190976568
"Os01g0289900",12.5286935399088,6.66280383066445,1.63681903756971,4.07058060648973,4.6896110606075e-05,0.000481602217035725
"Os06g0726200",362.427678458279,3.35810188213322,0.824995702220927,4.07044772850701,4.69228691127093e-05,0.000481700114488914
"Os07g0110000",1149.83617952279,0.956075516376172,0.234901982929163,4.07010406831893,4.69921413633358e-05,0.000482234216911678
"Os11g0441500",1308.85481764048,0.623530785785972,0.153327543360868,4.06665868452902,4.76920142223146e-05,0.000489057383833078
"Os09g0328900",14.9236920200134,6.35819307900109,1.56374392030521,4.06600658614239,4.78255846786273e-05,0.000490247305701295
"Os06g0233800",249.278120088098,2.46216015494806,0.606090150035556,4.0623662252284,4.85777867746848e-05,0.000497267366721909
"Os01g0190000",1267.60760005543,1.35802496283974,0.334456060664094,4.06039872664664,4.89889831409057e-05,0.000501254271698604
"Os10g0473950",383.89566372603,0.995860999790412,0.245294239819741,4.05986296507507,4.9101524647568e-05,0.00050222203191097
"Os05g0111300",2002.07977386171,2.34295533902188,0.578020047336696,4.05341536131377,5.04752669185814e-05,0.000514766726517582
"Os07g0538350",180.923705196276,1.93257155322188,0.476847355026072,4.05280963153548,5.06061805343502e-05,0.000515725667807059
"Os10g0135100",59.1991863674729,4.22085010855409,1.04167465235616,4.05198504063333,5.07849129254984e-05,0.000517170176638251
"Os03g0223200",324.460085015609,1.29080341934052,0.318649438168386,4.05085735207984,5.10303113658712e-05,0.000519290985092876
"Os09g0554101",13.599438841247,7.02507886140663,1.7348016556417,4.04949974457344,5.13272338818197e-05,0.00052212250573707
"Os10g0468301",22.3634676787793,4.09977364991318,1.01277861064165,4.0480452557304,5.16471617989378e-05,0.000524994995472736
"Os12g0477400",1705.08070833866,1.27683203335036,0.31606401150113,4.03978936825523,5.34992254323829e-05,0.000542244414639781
"Os06g0286375",2002.60807655144,0.889138374578542,0.220219413046484,4.03751132690042,5.40212372463681e-05,0.00054654481850848
"Os01g0361700",8.29897587876929,6.16315696895602,1.52788672883734,4.03377871712121,5.48870081855601e-05,0.000554902493456617
"Os11g0649600",5326.56733154641,0.687987591428137,0.170677020567766,4.03093274735819,5.55559398136932e-05,0.000561259501788337
"Os09g0454600",569.802172162457,2.95907922183618,0.734637110776428,4.02794683038646,5.62660635648444e-05,0.000568023177446682
"Os05g0489900",978.094669626439,1.1474635824088,0.284967069567905,4.02665326961706,5.65763655975397e-05,0.000570743682384415
"Os02g0231700",380.145295305729,2.83637662321072,0.704519085094273,4.02597556719302,5.67395806397205e-05,0.000572135157241055
"Os04g0432300",300.125694104034,1.24794115270553,0.309977353058295,4.02591073313295,5.6755218358843e-05,0.000572135157241055
"Os02g0779300",1892.72447010514,0.711238331243869,0.176671177255796,4.02577456205034,5.67880755780011e-05,0.000572260088455216
"Os06g0154500",4444.75761045575,0.472622529889367,0.117502523930305,4.02223300471144,5.76489860154058e-05,0.000580308223518649
"Os11g0575500",9.02707416474899,6.79138914131406,1.68871801689045,4.02162413936905,5.77982336005288e-05,0.000581392015973089
"Os08g0527700",11.7072285482731,6.41236871417783,1.59533495472229,4.01944976833662,5.83342168642993e-05,0.000586150930791688
"Os06g0672801",484.078290100852,0.810772588620971,0.201824353724043,4.01721880268995,5.88890412539597e-05,0.000591300951391645
"Os05g0202550",63.877252643539,3.67358068346161,0.914501570854356,4.01703047926931,5.8936103897965e-05,0.000591561094545116
"Os08g0180000",2964.08596661004,0.611585378858857,0.152298666312631,4.01569753475992,5.92702307839651e-05,0.0005947013755446
"Os06g0674000",1663.96110517749,1.25179230924174,0.3118643577047,4.01389988408693,5.97236864626736e-05,0.000598821501700325
"Os06g0176900",734.289450357803,1.32278968462376,0.329571705882979,4.01366276598223,5.97837439393439e-05,0.000599208822766958
"Os03g0262400",3781.52271713603,0.490859169709827,0.122313950116579,4.01310863758371,5.99243171113156e-05,0.000600187537142131
"Os06g0568600",265.099889509488,4.10944863545199,1.02476054401376,4.01015501568414,6.06788975732275e-05,0.000607310197472346
"Os11g0668300",2917.62676268186,1.78701989898057,0.44605567054088,4.00627100382708,6.16848715804119e-05,0.000616055624598085
"Os05g0387800",542.738673761906,0.915090410979888,0.228423625260233,4.0061110576341,6.1726634886943e-05,0.000616252630481426
"Os05g0487600",1274.99656159223,0.660293828771059,0.164909327735083,4.00398108366424,6.2285347254963e-05,0.000621165281967826
"Os03g0326000",1182.04273235,0.695761062055007,0.173779078498802,4.00371015927445,6.23567555378537e-05,0.00062165572615349
"Os11g0592600",948.535170730313,1.30679047280718,0.326466714945511,4.00282911850689,6.2589510075219e-05,0.000623753763272781
"Os02g0141000",542.304366040862,0.969046781223889,0.242131628156951,4.00214870151431,6.27698261556486e-05,0.000625264868652705
"Os04g0455401",1342.09233109886,0.566950029691414,0.141663548672638,4.00208829302692,6.27858586460018e-05,0.000625264868652705
"Os01g0320400",11.839038133519,7.69169378000213,1.92297646478131,3.99988971309478,6.33720096212017e-05,0.000629980404211619
"Os01g0839200",120.172184766683,2.35415087626196,0.588961309964299,3.99712313259534,6.41169537788067e-05,0.000636706852084713
"Os01g0238500",3689.10517485908,0.759505441529054,0.190165595492868,3.99391614219481,6.49908572799459e-05,0.000643784744235355
"Os12g0405200",1265.09443796253,0.641647985049237,0.16074359323963,3.99174842441585,6.55879319667065e-05,0.000648779953843997
"Os01g0110700",110.41823565942,4.13773358831972,1.03698374784124,3.99016242726417,6.60280625625625e-05,0.00065244125141325
"Os11g0142500",6132.16509263911,0.455714127745032,0.114223411250711,3.98967359453815,6.61642812466276e-05,0.000653556326662202
"Os01g0963800",81.2239183790464,2.38679489186084,0.598368917733548,3.98883501653352,6.63985799969734e-05,0.000655407656560313
"Os01g0237500",165.238312238176,8.97084893724192,2.24989819339336,3.98722438356725,6.68507949472772e-05,0.000659405865927922
"Os07g0523300",14678.7408143883,0.999013372954695,0.250567077376741,3.98700971976708,6.69112854181989e-05,0.000659769811507234
"Os03g0218400",1494.34320260528,1.59261731046928,0.399639252875549,3.98513734326602,6.74411061784042e-05,0.000664525402809336
"Os05g0567100",31119.7606264274,0.587674407515371,0.147520797024678,3.98367158643444,6.78586346698099e-05,0.00066753772619611
"Os10g0326800",405.179720657396,1.70227636661924,0.427316260774335,3.98364518947761,6.78661763544393e-05,0.00066753772619611
"Os10g0574700",3244.10239945238,0.753831949580249,0.189318207614351,3.98182488139669,6.83881608252243e-05,0.000672199131569972
"Os02g0697200",1265.89169303185,0.835861602327265,0.209944805946321,3.98133975527348,6.8527913478559e-05,0.000673336111213782
"Os04g0491700",3520.50763407601,0.453283151307685,0.114004088315985,3.97602540403042,7.00766427744074e-05,0.000686864086415537
"Os12g0169400",1079.83104231155,0.547614600995267,0.137765853237617,3.97496613366702,7.03892716944065e-05,0.000689445041563006
"Os10g0476700",1503.30682197355,0.58255188516947,0.146606418571254,3.97357694735811,7.08012709088125e-05,0.00069300789378002
"Os12g0143200",498.399051450689,0.907277464910856,0.228331970531789,3.97350166425574,7.08236631008397e-05,0.00069300789378002
"Os06g0625500",2787.96517294911,0.651048541044688,0.163896427311817,3.97231685719453,7.11769554917186e-05,0.000695941392786859
"Os01g0716500",7521.42789943643,0.979002902213859,0.24651637739448,3.97135035230232,7.14663873146615e-05,0.000697795410218993
"Os04g0624800",49.5495837499065,2.8249175732561,0.711481815834209,3.97047051714723,7.17308325363624e-05,0.000700132984658582
"Os02g0738100",115.488444641462,3.24439236876733,0.817283114842898,3.96972886120495,7.19544650050737e-05,0.000702070711584745
"Os09g0346900",1602.2041025342,0.680599651754678,0.171475008318393,3.96908948090527,7.21477873582957e-05,0.000703466082875656
"Os06g0698785",1603.87418810575,0.988418325136429,0.249034661990227,3.96899900293888,7.21751838287616e-05,0.000703487919340359
"Os08g0243500",4594.11914912057,0.630084236432163,0.158805985421298,3.96763531777852,7.25892975053867e-05,0.000707277740571649
"Os05g0513800",525.241969298483,0.953801291949186,0.240453936367309,3.96666948505344,7.28839527668958e-05,0.0007096541974838
"Os07g0149300",9.01550933482204,6.51817239594691,1.64373313529037,3.96546875889039,7.32518466221264e-05,0.00071298804000736
"Os11g0634800",3731.0978090099,1.16791778335915,0.294615312105105,3.96421277296845,7.36385507536447e-05,0.000716502586386542
"Os03g0143400",3989.60308245577,1.33723617466556,0.337487103064182,3.96233267145396,7.42210231573053e-05,0.000721416993941914
"Os02g0803300",755.103132070738,0.725707029391677,0.183165184059907,3.96203587006101,7.43133721765916e-05,0.000722063634310704
"Os02g0135200",657.288366436825,0.972720248310341,0.245529170393856,3.96172987001908,7.44086970983264e-05,0.000722487779742222
"Os08g0483900",20.4371089240028,8.11062791966483,2.05057465997142,3.95529510726416,7.64402361238241e-05,0.000741955835809308
"Os03g0136800",1253.28063290656,0.746794563011563,0.18901658116255,3.9509473635508,7.78424449411569e-05,0.000754518589370715
"Os02g0190950",7.6202110120495,6.44008206611844,1.63189564174298,3.94638106836292,7.93413040935115e-05,0.000767716341754656
"Os04g0268700",329.270871891949,1.61719814247763,0.410388187854382,3.94065470288696,8.12595250718279e-05,0.000785190518005734
"Os12g0536500",8.44308507561199,6.90016349874171,1.7511528781197,3.94035471429013,8.13612141357931e-05,0.000785901551672994
"Os03g0744600",10975.8856057419,0.8717469013731,0.2212640738924,3.93984837229846,8.15331250341222e-05,0.000787290161759044
"Os03g0738000",1377.66014374553,0.808251790490445,0.20516566034505,3.93950814737281,8.1648829420577e-05,0.000787863307769846
"Os07g0542800",7.55671364133103,6.73851413081311,1.71046774385284,3.9395739294297,8.16264460288757e-05,0.000787863307769846
"Os05g0125500",10611.0570149372,0.4243767973277,0.107862724287806,3.93441571339652,8.33993283978908e-05,0.000803645354692839
"Os04g0589800",133.528722263354,2.27370020273438,0.578039760258645,3.93346679425133,8.37294104182626e-05,0.000806548133977367
"Os06g0286400",1808.94998449153,0.839986857643243,0.213554718420264,3.93335658353469,8.37678271971984e-05,0.000806640330489826
"Os02g0697600",1555.79844780122,1.03620771267903,0.263599393739467,3.93099429395192,8.45952799740556e-05,0.000814327851702062
"Os04g0479200",5219.92741759502,0.70913858318737,0.180435992351475,3.93013929175519,8.48966656464206e-05,0.000816666789864639
"Os08g0179900",6427.08332299651,0.533955276573785,0.135952780101801,3.92750538954746,8.58314981396464e-05,0.000824808252225798
"Os07g0178600",223.8766005078,1.08067741824826,0.275165879075657,3.92736709172845,8.58808509984936e-05,0.00082499900972926
"Os04g0490400",1410.46852697153,1.36118065347493,0.346602478495279,3.92720980930165,8.59370112782144e-05,0.000825255008030215
"Os11g0146800",430.06379703184,5.0071351908766,1.27507428517513,3.92693606097537,8.60348403919802e-05,0.0008259108399318
"Os02g0595900",558.675339780938,1.44907568931725,0.369263744848715,3.92422952302271,8.70077525369343e-05,0.00083467745864248
"Os08g0500700",16327.2751313351,0.878728906505824,0.223962766735945,3.923549076092,8.72539811485313e-05,0.000836752513318768
"Os12g0224400",191.067100196896,2.45930839763661,0.627139789561388,3.92146765134551,8.80112652664926e-05,0.000843436265220081
"Os02g0277700",70.4208730699336,6.97641163895438,1.77907958907991,3.92136005706321,8.80505795591327e-05,0.000843523948883723
"Os09g0392700",106.356980252841,1.7639519556472,0.449841493589969,3.92127445062915,8.80818714777388e-05,0.000843534744521742
"Os06g0294600",2122.36956147637,1.33539520357354,0.340766674849075,3.91879635579089,8.89922624569491e-05,0.000850505682620001
"Os04g0395700",600.727488774269,1.32003268782513,0.337205328363969,3.91462582821446,9.05445101034666e-05,0.000863864442351873
"Os06g0216800",2179.20807968678,1.20826374134903,0.309059852180052,3.90948139276636,9.24944793648241e-05,0.000880366106520742
"Os04g0542302",11.0525952473269,6.67969889309026,1.70899598425393,3.90855154408471,9.28511388239746e-05,0.000883159607508036
"Os05g0498300",707.811530952447,1.01900539459075,0.260967516554306,3.9047212007273,9.43340738064128e-05,0.000895133369502045
"Os03g0114200",656.752229037954,0.840369597066731,0.215233757951218,3.904450700792,9.44396402028902e-05,0.000895831105370971
"Os04g0485200",2898.25956308097,0.531865354888886,0.136407325727356,3.89909670945349,9.65522080977802e-05,0.000913082836403897
"Os01g0924200",581.531775963377,1.50920860948062,0.387115031500799,3.89860503124767,9.67484345702672e-05,0.000914629217147719
"Os05g0247100",40577.4992065015,1.14912911312153,0.294812626588047,3.89782868671787,9.705903687979e-05,0.000917255460394204
"Os01g0513400",2403.82224361333,0.451062768287177,0.115730838650524,3.89751576629686,9.71844970706357e-05,0.000918130836514614
"Os03g0594100",253.231157245846,5.76506843462739,1.47959342122044,3.89638690733842,9.76383678130084e-05,0.00092179585331633
"Os01g0946700",3596.53226445949,1.02177368120669,0.262293702877873,3.89553264144676,9.79831647204076e-05,0.000924426861754885
"Os05g0433800",221.515032866155,3.85039850524376,0.988408465905375,3.89555395169225,9.79745495633131e-05,0.000924426861754885
"Os02g0776400",320.31567118642,1.76198725818465,0.452400564923513,3.89475034913485,9.82999198852007e-05,0.000926789939200861
"Os03g0174500",5320.61133340188,1.01566385758855,0.260815633819748,3.89418319260143,9.85301694396791e-05,0.000928022114587803
"Os06g0237502",3837.10612866962,0.64464191519685,0.165577054912467,3.89330463413329,9.88878448894226e-05,0.000931077338211385
"Os11g0104220",39.3947255711509,7.18161216516377,1.84473504761413,3.89303177952412,9.89991776670697e-05,0.000931598411686197
"Os03g0310800",3771.44011919636,0.616290814465258,0.158329330561556,3.89246144273726,9.92322742925939e-05,0.000933377503638781
"Os09g0362500",2321.67546135521,0.968559787482683,0.248971320118878,3.89024642284187,0.00010014247557722,0.000940673223729054
"Os10g0506900",12.6053846312037,6.59524620533538,1.69531372411288,3.89028066695238,0.000100128344120342,0.000940673223729054
"Os07g0111700",1608.59823517893,1.0190271709162,0.26205331688309,3.88862534936283,0.00010081359934142,0.000946659332432328
"Os08g0416800",664.699628400241,0.867945510937745,0.223230759774317,3.88810893183011,0.000101028286133168,0.000948356828945249
"Os07g0523500",8350.79943887303,1.32180224074882,0.340087030164338,3.8866587770492,0.000101633458984645,0.000952758312788004
"Os05g0565200",1633.80110812782,1.04870326261464,0.26987064728889,3.8859478537213,0.000101931387054409,0.000954910990817249
"Os06g0556000",1998.98524943841,0.563419536146448,0.145031533883851,3.88480712475718,0.000102411157788708,0.000958763179244536
"Os04g0340300",15.4305669453047,8.29200072981391,2.13552362640344,3.88288878066826,0.000103222789163589,0.000964746683212103
"Os09g0255900",129.950067885757,2.06212245478673,0.531274515805498,3.88146314840684,0.000103829887447034,0.000970096549471717
"Os11g0501000",79.6460904128163,2.61602409691071,0.674648896107662,3.877608207771,0.000105488414175436,0.000983292671333964
"Os02g0639700",1257.90353036175,0.544315830195631,0.140439315785431,3.87580804671009,0.000106271438911453,0.000990261418767034
"Os08g0374400",144.754522666013,2.209180095241,0.570482278612576,3.87247803843052,0.000107734386113019,0.00100198584952241
"Os12g0628500",9485.70066958513,0.347832127973294,0.0898405418497711,3.87166106538994,0.000108096192455921,0.00100458688130188
"Os06g0473200",2877.31084188131,1.04689765403295,0.270473391917177,3.87061236084003,0.000108562304368414,0.00100824851523026
"Os02g0723300",2403.11487554309,0.434152384761466,0.1122397831174,3.86807932716116,0.000109695981783417,0.00101742568311492
"Os01g0627900",732.02791175501,1.61161101094534,0.417021242386193,3.864577741229,0.000111281543713466,0.00103008179026924
"Os09g0419500",68.9053360949348,3.34243536362341,0.86488172904713,3.86461553223686,0.000111264316651249,0.00103008179026924
"Os09g0292400",10.3655441463612,7.02406224657766,1.81839372445684,3.86278403412098,0.000112102106606701,0.00103664791969239
"Os07g0222700",1789.75310611153,0.960084940082801,0.248587302906998,3.86216403193365,0.000112387062477036,0.00103893944301085
"Os04g0308100",19.7875300096478,7.17448757103106,1.85939142278636,3.85851385733502,0.000114078600625795,0.00105214181658962
"Os04g0382300",6593.35092463647,0.594837018064215,0.154176543039196,3.85815511451045,0.000114246136459988,0.00105299240605376
"Os08g0433600",660.75092440776,1.32342826394221,0.343235341225317,3.85574591246257,0.000115377280157591,0.00106306763173867
"Os01g0885500",412.863191077238,0.870816203668151,0.22603858011922,3.85251138636978,0.000116912538343387,0.0010761495135729
"Os02g0139600",3578.7121562771,0.660904679034819,0.171617233636679,3.8510391120392,0.000117617710903219,0.00108226071448819
"Os02g0517700",121.349098384599,2.91999116103839,0.758411554775167,3.85014065602419,0.000118050011388885,0.00108519083447691
"Os03g0845000",2366.04788033222,0.560503148040866,0.145633969414836,3.84871160411953,0.000118740701208205,0.00109082292003491
"Os01g0351800",336.728259658298,1.12779573401806,0.293064570238063,3.84828412763075,0.000118948048558877,0.00109201025275786
"Os07g0534500",121.011955358487,6.87222105185788,1.78644583745771,3.84686784662764,0.000119637457273403,0.00109761871889549
"Os05g0116700",221.508517700603,1.24650513156051,0.324578837313856,3.84037709259273,0.000122845464580761,0.00112389689907305
"Os07g0586000",663.190469847391,0.713704617150391,0.185845303706351,3.8403155899925,0.000122876246065736,0.00112389689907305
"Os07g0233300",2066.83063751358,0.694709705006243,0.181012615388322,3.83790767022452,0.000124087118838213,0.00113397784025875
"Os03g0766900",1766.87487853577,0.840058900623741,0.21896132774701,3.83656287284827,0.00012476826460202,0.00113885331525288
"Os10g0437550",17.7149558382923,6.80446628885455,1.77375884814436,3.83618455009999,0.000124960521030093,0.00114009657751566
"Os02g0733400",101.361702053541,1.51159003783991,0.394057342455364,3.83596465534995,0.000125072395652127,0.00114037315683603
"Os07g0170900",132.200047932106,2.83489110087664,0.739024260918215,3.83599192989196,0.000125058514208794,0.00114037315683603
"Os01g0268900",280.839757194339,0.878012645911207,0.22890170429411,3.83576281626575,0.000125175167289797,0.00114093819364142
"Os08g0206600",5963.29102587295,0.457281740440292,0.119242510997751,3.83488855286615,0.000125621241135844,0.00114388550541281
"Os06g0532500",71.0298318960604,3.97980325866032,1.03866055933077,3.83166879969389,0.000127277003984702,0.00115783153527267
"Os03g0101100",3036.84508632314,0.826083351145518,0.215788558647478,3.82820737263947,0.00012907998033192,0.0011715652612794
"Os06g0219500",177.51266310759,2.19486146307792,0.573352147362844,3.82812111748996,0.000129125214509648,0.00117159555436333
"Os08g0114300",3570.33200423264,1.22633884107057,0.320377489368668,3.82779340548294,0.000129297210434681,0.00117277560577211
"Os07g0208050",28.1361405767401,2.65646557019636,0.694326317994056,3.82596122507789,0.000130262794199927,0.00118000284321567
"Os04g0527700",607.324851505728,0.761085739115135,0.198993762410509,3.82467133590385,0.000130946654823825,0.00118536400646402
"Os11g0226700",2333.59844954129,1.41466164635342,0.369947193974682,3.823955606081,0.000131327571330421,0.00118810876890453
"Os04g0517500",360.997084250244,1.52501680935473,0.39895763095387,3.82250317084689,0.000132103779344261,0.00119435825592723
"Os05g0163700",5513.98565825651,0.462076255885943,0.120881212071773,3.82256471428816,0.000132070801882704,0.00119435825592723
"Os11g0149100",1964.42713562405,1.34883880736109,0.353065798714502,3.82036099863583,0.00013325648889753,0.00120361255023596
"Os08g0170100",1220.75876071943,1.27162955297133,0.333034875638262,3.8183074686525,0.000134370391352693,0.00121328176421915
"Os02g0203000",1708.66987218948,0.966046064283475,0.253074658582279,3.81723744959393,0.000134954275764463,0.00121816054469898
"Os09g0508500",751.696067478281,0.74085993052948,0.194127891537756,3.81634975098563,0.00013544048543831,0.00122215480309677
"Os01g0197900",35.392292571602,4.55434187234666,1.19345351490836,3.81610327964584,0.000135575774984829,0.00122293273166524
"Os06g0661700",2027.03584207013,0.768053883489705,0.201354718941464,3.81443200103488,0.000136496513579362,0.00123009619907614
"Os04g0431000",3283.76329811701,0.589384151308267,0.154626455325737,3.81166437571545,0.000138034216466606,0.00124275235971415
"Os11g0642900",8.06752324358297,6.77038307832982,1.77897765041494,3.80577185820779,0.000141362643886411,0.00127067340843446
"Os08g0537200",20.4750442446012,8.61415770196896,2.26395588111159,3.80491412126789,0.000141853398463796,0.00127426547852284
"Os03g0736000",3807.09075758644,0.550572848743309,0.144794370178143,3.80244651823085,0.000143274202032494,0.00128612949300373
"Os08g0113000",3600.407416713,1.44109453098974,0.378997928937738,3.80238101835771,0.000143312097704177,0.00128612949300373
"Os04g0534000",1214.008633015,0.966585770117621,0.254308836163349,3.80083438979193,0.000144209664391762,0.00129335441149815
"Os10g0529450",63.9371779501496,2.11446756292187,0.556704491255873,3.79818664324376,0.000145758551514388,0.0013059891491664
"Os03g0152400",2413.68455927351,0.550115742630774,0.144984165041953,3.7943160376969,0.000148051001584122,0.0013239840768463
"Os02g0483500",187.699658547271,1.410985396521,0.372206066027441,3.79087157708218,0.000150119564184969,0.00134076764384173
"Os09g0545999",10.4985436561885,7.5667689802874,1.99603836352983,3.79089356123706,0.000150106275797102,0.00134076764384173
"Os09g0501700",3293.08057318047,1.44731789571514,0.38187084349769,3.79007174902028,0.000150603776438243,0.00134423364325536
"Os12g0574400",4768.84317979043,0.926950188471546,0.244880271435306,3.78531999755821,0.000153510916343522,0.00136843457591019
"Os04g0450600",1624.5323305927,1.04282496001678,0.275576449423561,3.78415848741109,0.00015422952390485,0.00137440229651856
"Os04g0482000",5829.57745591026,0.890148026106991,0.235432433295237,3.78090653716655,0.000156258332209061,0.00139115186306723
"Os03g0189400",3177.02504391167,0.604444596563984,0.159872609871623,3.78078894845934,0.000156332161246137,0.00139136618621482
"Os08g0375400",26.6790526741436,4.36157577221274,1.15424760541756,3.77871762673912,0.000157638052498473,0.00140209621503413
"Os02g0131200",3283.10144024602,0.50109923762282,0.132642524917203,3.77781739254142,0.000158208811260203,0.00140583133081675
"Os09g0361100",2365.93137371374,0.649138298475028,0.171843650204159,3.77749365602872,0.00015841453893079,0.00140721225116284
"Os12g0548700",867.693534545139,3.10868709067539,0.823743066931012,3.77385524136465,0.000160744054933049,0.00142745212834163
"Os09g0342000",76.1137947295535,2.26698462692692,0.600923565257574,3.77250079376604,0.00016161945214154,0.0014347702729162
"Os05g0181300",44.5254502011617,6.72045895280926,1.78185382824919,3.7716106934611,0.00016219717614682,0.00143898535335332
"Os12g0615900",547.985937669629,0.751918289994784,0.199379489807674,3.77129207583038,0.000162404448354625,0.001439910587758
"Os08g0427700",2932.44752377102,1.47531765523101,0.391744428314946,3.76602077425059,0.000165869996788408,0.00146923933803961
"Os01g0276100",11048.3741357462,0.524398910240687,0.139299104160384,3.7645533573347,0.000166847039822971,0.001476490703041
"Os01g0901700",1619.07235843459,0.831129900144045,0.220806732642325,3.76406049851005,0.000167176410406026,0.00147846968393235
"Os02g0712700",3070.44259849092,0.631599665468633,0.167804384855341,3.76390441771302,0.000167280844455856,0.00147892555623255
"Os02g0290500",1457.98351043375,0.702586300781786,0.186731415898945,3.76255006368082,0.000168189626409431,0.00148649011154024
"Os03g0841700",1322.58589899426,0.999723341431516,0.265740286596075,3.7620315468053,0.000168538783031735,0.00148910538031578
"Os04g0566600",26.1341717578825,6.42695094721739,1.70924312596493,3.76011513493093,0.000169835173996101,0.00149835357964181
"Os12g0580700",727.294403836127,0.863242601306233,0.22975248999315,3.75727201621175,0.000171775743018397,0.00151340166281237
"Os01g0662600",7476.70533852331,0.526410705039368,0.140122000533931,3.7568026650597,0.000172098097066761,0.00151480994220174
"Os12g0495600",18.9223358464997,6.44935214501777,1.71711538583845,3.75592240230763,0.000172704203166114,0.00151918853014697
"Os01g0160800",100.994083688024,1.58657140946086,0.422591749969946,3.75438330155213,0.000173768779668397,0.00152642236918515
"Os09g0557400",1296.14843323677,0.728254267120683,0.193972472908817,3.75442069794627,0.000173742840061468,0.00152642236918515
"Os07g0612200",45.0012344061762,6.61805651372441,1.76334724262703,3.75312153711985,0.000174646126636964,0.00153289525589331
"Os02g0605900",556.250677159547,3.08174622560682,0.82126135855189,3.75245492012529,0.000175111327875995,0.00153649613201265
"Os06g0139800",270.15289716026,1.2513476291988,0.333534266743874,3.75178131295197,0.00017558259077273,0.0015401479198145
"Os02g0133300",3293.91328775957,0.553774074524081,0.147687376058963,3.74963716806094,0.00017709061049337,0.00155142914531221
"Os07g0432800",185.150467370282,3.49919018654622,0.933336662104393,3.74911897134374,0.000177456891585812,0.00155415111691376
"Os07g0677200",1190.86322576114,1.51480142839029,0.404391338658729,3.74588000181837,0.00017976250936736,0.00157237372910505
"Os03g0656800",605.366457392653,1.77914849601195,0.475172602400658,3.74421523257731,0.000180958483614499,0.0015813509486862
"Os11g0660300",755.87908268602,1.06358941529347,0.284093203793961,3.74380450179595,0.000181254702020905,0.00158344470081618
"Os06g0276300",11.1033525218591,7.66902620348091,2.04865762642836,3.74343965753377,0.000181518209419153,0.00158525147039263
"Os05g0322900",2872.17571032346,1.07455066262959,0.28707063794147,3.74315767831568,0.00018172211455887,0.00158653675039783
"Os06g0211300",3749.28719456948,0.706832963546474,0.188912723561372,3.74158473935105,0.000182863496726925,0.0015945103905431
"Os03g0675700",494.611659490723,0.789294325086096,0.210965671084768,3.74134010063158,0.000183041620016123,0.00159551584426095
"Os07g0616500",3412.7862656009,0.70717014112361,0.189056500161725,3.74052275652344,0.000183637917992548,0.00159832517891518
"Os06g0313440",42.4789589383434,7.40255299668633,1.97985590014872,3.73893524075681,0.000184801320818765,0.00160739786481367
"Os01g0648000",1175.42741440536,1.00750907934391,0.269600216654881,3.73704847809388,0.000186193035768749,0.00161749054123557
"Os01g0708700",453.773515728844,1.48418544921666,0.397255693986602,3.73609610052994,0.00018689926490224,0.00162312144215101
"Os06g0604600",770.505317080786,1.49407634719548,0.400029931787435,3.73491138655442,0.00018778129592489,0.00162875811390931
"Os01g0843800",520.868315756379,1.64853730195777,0.441516809014592,3.73380416849154,0.000188609166209545,0.00163441794976254
"Os10g0127900",353.72229095724,1.19293917535579,0.32001660425898,3.72774149678303,0.00019320339693258,0.00167215716243351
"Os12g0129350",147.284153630468,1.55220679575172,0.416419305540481,3.72750920790541,0.000193381497848121,0.00167318075675274
"Os11g0592000",1206.37337082586,2.18272861239442,0.585784428675919,3.72616359456356,0.000194416248046476,0.00168160204984474
"Os12g0555300",23.9126695981935,7.50380398181161,2.01385619465451,3.72608729547293,0.000194475076140677,0.00168160204984474
"Os03g0655300",231.959341148533,1.19817529478006,0.321616697258004,3.72547602470674,0.000194946982064167,0.00168464073128627
"Os01g0923000",1787.59130835588,0.793719077528333,0.213403652048207,3.71933221343858,0.000199750186138111,0.0017229531786447
"Os11g0605500",4024.58804934201,0.925833054120288,0.249273408694676,3.71412682551432,0.000203906520244647,0.00175501444509736
"Os12g0595600",14.354903336046,4.74587267159,1.27786648473437,3.71390339153979,0.000204086730777468,0.0017560250275265
"Os08g0290400",1499.02146790356,0.626912744988265,0.168859641675613,3.71262628990172,0.000205119651117409,0.00176382715985462
"Os07g0123800",92.9503385728553,1.2692584453159,0.341970187391789,3.71160554958474,0.000205948755137881,0.00176878244364474
"Os11g0105350",26.9436780006196,2.43567970579789,0.656232263710832,3.71161224537288,0.000205943306191224,0.00176878244364474
"Os11g0634500",6468.22179681153,1.00965056204032,0.272059927554054,3.71113295191082,0.000206333691347162,0.00177045576705494
"Os08g0109300",1752.72474323887,0.517902647308503,0.139558222218794,3.7110149375259,0.000206429920806922,0.00177065515115945
"Os07g0162900",535.350366859232,1.1470685673577,0.309196249357414,3.70983985006802,0.000207390394693598,0.0017773414027618
"Os02g0712600",322.292789314439,0.993265556268688,0.267826232609233,3.70861937828881,0.000208392406756186,0.00178538151425551
"Os09g0505000",485.870222938914,1.12202481522222,0.302608247186278,3.70784612004157,0.000209029605916471,0.00179029215921844
"Os01g0177900",114.922162519149,2.16953018976181,0.585219246901889,3.70720922329051,0.000209555810973938,0.0017931513764
"Os03g0824500",2031.42732442238,0.666047399108385,0.179739081064008,3.70563483003005,0.000210861920757984,0.00180267280711595
"Os01g0951500",371.877220802613,1.55969591051329,0.421064478570621,3.7041735645998,0.00021208101760631,0.00181254082406567
"Os03g0375900",341.957855281494,0.960244357281885,0.259349226340016,3.70251483234799,0.000213472876050933,0.00182379901536725
"Os08g0547600",123.157441027024,1.77545007332653,0.47963076553559,3.70170181085847,0.000214158218614052,0.00182805873788869
"Os02g0147600",228.167735168097,1.09459882104151,0.295777508643204,3.70075069623338,0.000214962590012934,0.00183380532859112
"Os03g0344650",113.800016725523,1.44593663085466,0.390907644022268,3.69892135128545,0.000216517675228443,0.00184594520429518
"Os07g0623400",2969.89021638625,0.836110034026707,0.226095722812351,3.69803560910632,0.000217274414462008,0.00185183228467406
"Os02g0599700",433.505676038223,4.74877171225472,1.28426152397676,3.69766719908418,0.000217589898473245,0.00185395610021506
"Os02g0617900",328.117429316731,1.01826523583426,0.275487120186453,3.69623536354473,0.000218820124403209,0.00186330266711673
"Os07g0111100",601.767889863677,0.691603048357406,0.187200457405157,3.69445170136831,0.000220361772976159,0.0018741473903605
"Os09g0549500",167.627471490529,1.40937103426799,0.381521809111117,3.69407724699039,0.000220686712463385,0.00187634029410949
"Os10g0481500",351.656983568779,2.30097556674146,0.623077161434779,3.6929223363651,0.000221691742304417,0.00188373986077202
"Os11g0644700",133.967059534833,3.08131502068906,0.834540728527819,3.69222845016167,0.00022229764271732,0.00188774105100125
"Os11g0152700",6323.34923214711,0.879389248994478,0.238266452932509,3.69078079675603,0.000223566739865879,0.00189563987677666
"Os11g0474800",1539.14160250189,3.88072851102132,1.05169959266023,3.68995912721157,0.000224290085637386,0.00190119671256861
"Os03g0398600",298.384567114117,1.14044437747707,0.309139579673372,3.689092088053,0.000225055753792545,0.0019065310812041
"Os02g0556100",2470.81670282741,0.550831753959591,0.149337702228688,3.68849758459572,0.000225582167263974,0.0019104117884221
"Os04g0483600",2643.11503040642,1.13610054533613,0.308225742424421,3.68593660088178,0.000227863075862841,0.00192797671813267
"Os06g0358800",98.9935072701591,1.81988346793015,0.493840415920109,3.68516510447893,0.000228554431045198,0.00193207258456709
"Os07g0539400",373.709830544902,1.52662418979871,0.414398125788729,3.68395534341055,0.000229642490232715,0.00194068377058557
"Os06g0662200",611.175023579091,1.20939579161175,0.328498694064117,3.68158477785517,0.000231788687934758,0.00195645604268264
"Os12g0637100",1482.46248541871,1.09279475516189,0.296904609838158,3.68062575976025,0.00023266227373495,0.00196264489373277
"Os04g0447700",2477.43124732279,1.55523932820993,0.42317960097001,3.67512830165968,0.000237729916623502,0.00199996371493972
"Os10g0493100",378.408675631438,1.20421489955518,0.327716683085308,3.67456086830255,0.00023825884130479,0.00200377499825725
"Os02g0254550",172.997217739559,1.01009147201812,0.275135766832167,3.67124741231581,0.000241369545026204,0.00202631580819957
"Os03g0643050",24.9278256122491,3.48695329141988,0.949870691548357,3.67097682078799,0.000241625254590161,0.0020278537272987
"Os12g0416800",927.795485505283,1.82814661997452,0.498061283145588,3.67052545909323,0.000242052357960307,0.00203082872427304
"Os04g0453400",354.511888397466,1.39335029515828,0.379699089709573,3.66961715979892,0.000242913988517055,0.00203683561465995
"Os11g0173550",71.4692945599935,3.5925054850155,0.97897128089569,3.6696740293838,0.000242859956585614,0.00203683561465995
"Os01g0182600",33899.1931484537,0.463689168451277,0.126362784824074,3.66950735611628,0.00024301834517319,0.00203709982146975
"Os11g0685400",63.8463211020858,5.65735154408846,1.54209548095065,3.66861301000694,0.000243869893178078,0.0020430130895242
"Os09g0438400",1844.34804908933,0.8782518795649,0.239440571869521,3.66793260101086,0.000244519615816031,0.00204722950199985
"Os01g0933900",173.685148857257,2.16794600550891,0.591404778842329,3.66575665782182,0.000246608340820628,0.00206163098436712
"Os11g0594700",14.2608407093792,6.04392666282705,1.64904103888678,3.66511597971335,0.000247226520770108,0.00206618123933512
"Os07g0410300",100.510778667684,1.08871547966482,0.297604310491162,3.65826515707389,0.000253928266304326,0.00211649777613537
"Os01g0306100",118.325558842303,3.29882521314901,0.901828610362309,3.65792920655258,0.000254261248952116,0.00211864170610756
"Os08g0509100",148.636381234101,4.87863690601503,1.33455157845968,3.65563758250984,0.000256543574708042,0.00213511444140943
"Os06g0663100",520.951773028724,0.692555160071859,0.189496399529793,3.65471408317167,0.000257468746336021,0.00214217673982162
"Os12g0630200",35.9055378352962,5.26882455702743,1.44269486692783,3.65207132693776,0.000260133604385156,0.00215985038985348
"Os03g0785800",278.019899851869,1.94722619052173,0.533313415504753,3.65118546413986,0.000261032647905541,0.00216667170259144
"Os02g0101900",48.5870393612626,4.78408978011869,1.31039901633851,3.6508649048641,0.00026135869399081,0.0021687342785635
"Os04g0116600",12.0657430543777,4.5737630761675,1.25416186016103,3.64686825636705,0.000265455938163252,0.00220207945855746
"Os02g0290400",1903.86158228378,0.421106768776405,0.115476054977878,3.64670207046023,0.000265627604039701,0.00220285003539923
"Os12g0628100",63.4744804669366,2.02161757232479,0.554383359437596,3.64660579707092,0.000265727099639915,0.0022030218245866
"Os09g0327600",419.071623166116,1.26545593429461,0.347232848667839,3.64440155690781,0.000268014693930231,0.00222067048920444
"Os09g0547900",282.845197366212,1.45657315129717,0.399889831075001,3.64243608641297,0.00027007004609151,0.00223505142613288
"Os01g0507900",1705.73309810382,0.480336803664023,0.131910345422375,3.6413884151845,0.00027117165514768,0.0022428406283791
"Os01g0179000",765.834332570937,1.10347748248598,0.303085387413609,3.64081387064729,0.000271777566048052,0.00224585929579424
"Os08g0512400",3809.91689570994,0.53204147016019,0.146130088578693,3.64087557418868,0.000271712433127851,0.00224585929579424
"Os12g0428700",13.7982769171127,6.5776804092868,1.80719444971912,3.63971924012334,0.000272935469645096,0.00225409553253263
"Os04g0661300",2517.81503860824,1.03134503929183,0.283367958742668,3.63959652978415,0.000273065560850751,0.00225419798192697
"Os04g0562100",124.507043070761,1.37152078410386,0.377105528259111,3.63696811986665,0.000275866059192458,0.00227426841959254
"Os03g0583700",2403.31952738917,0.957358217816643,0.263309522102681,3.63586629975086,0.000277048006035411,0.00228266660011026
"Os02g0682600",1629.07116352783,1.05511727599824,0.290334904276528,3.63413857740404,0.000278910931457409,0.0022973388180486
"Os09g0454100",942.226173802734,0.500432807654274,0.137715829693052,3.63380744805926,0.000279269311187286,0.00229961337398153
"Os07g0120300",54.5819917734711,3.1880809499909,0.877440991269133,3.63338501587401,0.000279727133961901,0.00230270520285858
"Os05g0142100",337.83235473332,1.87567196455039,0.516370968212269,3.63241173500548,0.000280784632795135,0.00231073027412688
"Os07g0606600",568.403604294862,1.54489650208303,0.425338294948917,3.63215943739223,0.000281059372484282,0.00231231076556354
"Os01g0114100",2061.17914946156,0.8182544955531,0.225296389013515,3.63190239815168,0.000281339534601664,0.00231393492517675
"Os08g0417100",3143.73085263792,0.600266012515761,0.165293875807036,3.63150788004095,0.00028177005208899,0.0023167943947711
"Os04g0445400",833.522254099953,0.650548753640919,0.179158270916561,3.63113994298313,0.000282172119275365,0.00231941832551919
"Os04g0456100",10.7744997039953,6.3396160852177,1.74616903372209,3.63058556347454,0.000282778938786877,0.00232304061229032
"Os01g0175100",884.731438861699,1.19795614657012,0.330080129237958,3.62928889217229,0.000284203043129139,0.0023313153118402
"Os03g0266900",54.6091920050818,2.4166951635862,0.6658767315405,3.62934316385436,0.000284143303291542,0.0023313153118402
"Os09g0560200",82.2732257007377,1.77208719210367,0.488344706987274,3.62876297571882,0.000284782558286513,0.00233538400584283
"Os07g0617100",2768.90051636426,0.88051791955206,0.242697437176953,3.6280478681366,0.000285572322335454,0.00234117397296647
"Os01g0663800",7029.79894291831,0.268326877702784,0.0739729950176319,3.62736262927879,0.000286331024240687,0.0023460183890614
"Os08g0369000",738.146674988545,0.801127075138576,0.220910731325191,3.62647423388082,0.000287317474184756,0.00235272206386604
"Os02g0198300",2588.83704451321,0.902297112376363,0.248842097087329,3.6259825927271,0.000287864746703244,0.00235444567909024
"Os07g0508500",844.155422642616,0.747231185501135,0.206128988509164,3.62506598856141,0.000288887677255443,0.00236143087014651
"Os06g0273500",1142.99870190592,1.12442524408933,0.310222394157429,3.62457793269016,0.000289433736137899,0.00236451212309676
"Os01g0105800",100.447679503585,1.41460064463684,0.390349012407325,3.62393806484316,0.000290151114051953,0.00236859152537508
"Os01g0920000",1690.82823174676,0.681743325767302,0.188157522558472,3.6232584086849,0.000290914924069218,0.00237176237220747
"Os03g0118900",494.749290218253,0.638055902615338,0.176107036830468,3.62311418157339,0.000291077251210984,0.00237239412791138
"Os11g0249000",2268.59517192735,1.58871782224241,0.438734788434013,3.62113482706275,0.000293313598206879,0.00238853274905567
"Os08g0476000",626.461995029072,0.87344064028436,0.241362424588674,3.61879294912148,0.000295980321701568,0.00240814481119077
"Os02g0804300",1955.65600686236,0.629948249524904,0.174114275651082,3.61801608265192,0.000296869952987921,0.0024139782975732
"Os07g0584366",258.792460828812,1.33436652462665,0.368886997997322,3.61727719293684,0.000297718418363993,0.00241876753373931
"Os03g0565500",7216.13539691461,0.488914299496795,0.135280396289582,3.61408092307936,0.00030141491679152,0.0024466666859675
"Os12g0508100",509.052998813002,1.17208851716923,0.324320038792797,3.61398734883003,0.000301523780617092,0.00244684010481032
"Os04g0571300",830.079209067378,1.08624023376697,0.300686802636176,3.6125304610768,0.000303223473402045,0.00245920568741728
"Os10g0479700",1427.18969042313,1.09442705200924,0.303279975668417,3.6086360452818,0.000307811084809368,0.0024927973285865
"Os02g0497400",38.3092425193694,4.73204544864642,1.31229370048531,3.6059347437974,0.000311031297170209,0.00251814684252106
"Os02g0635200",1674.86294148312,0.858331828018225,0.238180111864086,3.60370906412211,0.000313708194104779,0.00253908420837801
"Os01g0782300",14.9843114193619,6.10879369679597,1.69591384997552,3.60206604650593,0.00031569812610373,0.00255297351022692
"Os11g0293300",493.464373830396,0.554592773167938,0.154049120159263,3.60010347734913,0.000318090567920172,0.00257009091052288
"Os07g0591300",34.4545121057651,4.51446696536921,1.25457726123472,3.59839693007523,0.000320184694488094,0.00258477043783634
"Os02g0672200",10056.7723631778,0.432426707959307,0.120184764091513,3.59801603163312,0.000320653858232441,0.00258721352964112
"Os08g0292400",73.1192265164857,1.21748406987522,0.338439204791364,3.59734939876648,0.000321476518368027,0.00259295337745703
"Os01g0858700",1219.88418928335,0.774442083095241,0.215291595077674,3.59717750623676,0.000321688962962402,0.00259391873133812
"Os04g0613900",1990.00553484015,0.527709757035928,0.146722220326128,3.59665874645951,0.000322330903048472,0.00259834574022701
"Os01g0727800",94.7156061330101,2.41786432300065,0.672501170515817,3.59533102544063,0.00032397935913652,0.00260862620181216
"Os12g0562600",1469.60500853747,0.506666081666205,0.140975671724411,3.5939965773433,0.00032564411533356,0.00262052145070149
"Os01g0624500",16263.8737926501,0.416879496502166,0.116001275389211,3.59374925063057,0.000325953539450332,0.00262225684038811
"Os03g0296800",1537.3019746045,0.85767377631262,0.238670022348821,3.59355468220098,0.000326197152387215,0.00262346194114354
"Os07g0435400",4327.85262743316,0.492943121597976,0.13719938525669,3.59289599348943,0.000327023141039638,0.0026293487970191
"Os06g0561000",4345.68484907472,1.30530535323999,0.363400008235457,3.59192439091594,0.000328245094123326,0.00263765684254732
"Os01g0692000",493.961849984453,1.25646800007569,0.349825896156007,3.59169522291558,0.000328533933420538,0.00263921945250558
"Os01g0957600",629.184008444513,1.3850599868947,0.385809374588059,3.59001122866329,0.000330663717045124,0.00265404138445747
"Os04g0593600",1018.39378644404,0.673786313557515,0.187700200145814,3.58969416673018,0.000331066154586434,0.00265650902348781
"Os06g0632200",4324.51146457572,0.802366347907959,0.223636373555112,3.58781684371317,0.000333458392916899,0.00267340323954362
"Os03g0242300",1143.54112045064,1.25816524506283,0.350698244349433,3.58760063768441,0.000333734936583663,0.00267485347280755
"Os09g0517900",528.97727862658,1.33132471761915,0.371178636554026,3.58674930750055,0.000334825938989713,0.0026820603144968
"Os06g0562200",105.587024573766,1.8811695023927,0.524533931963887,3.5863637941391,0.000335321081641335,0.00268525736741647
"Os08g0507702",67.1497509548444,3.40875001694157,0.950626090190446,3.5857947221485,0.00033605323413058,0.00269035002554467
"Os03g0719800",8899.20717489174,0.501868122309819,0.14005352174147,3.58340237410265,0.000339147555780765,0.00271124135215932
"Os02g0745400",157.347622385134,1.78662984329347,0.498953684811558,3.5807528788333,0.000342605576861055,0.00273485397359935
"Os05g0520100",902.647112995362,0.430649513860289,0.120287240229989,3.58017619355876,0.000343362602868623,0.00273945558534042
"Os03g0596900",10604.9064947685,0.428742651303228,0.119807588512335,3.57859344826964,0.00034544835218534,0.00275138641996891
"Os12g0228300",54.8410967195091,1.46311312782943,0.409014090154846,3.57717047663447,0.000347333662893365,0.0027656146210564
"Os04g0603900",16.3964095373111,4.56975225632678,1.27760839067426,3.57680200731548,0.000347823418328438,0.00276872589528507
"Os07g0127700",54.4935303452131,4.00607281362884,1.12048871608256,3.57529063535314,0.000349839043134477,0.00278397808827903
"Os12g0183200",1393.68079268709,0.851081062948302,0.238135418948229,3.57393732821125,0.00035165313246803,0.00279761826353798
"Os04g0536500",124.581242687723,1.95301644692771,0.546556357254368,3.57331210405952,0.000352494204696561,0.00280351192836593
"Os01g0924900",5205.68066345739,0.724058606582131,0.202634395436701,3.57322657400635,0.00035260940874133,0.00280363079500784
"Os11g0109400",17.6299929990771,7.1028110751173,1.98829607941981,3.57231055708258,0.000353845440789247,0.00281265887044642
"Os07g0646600",4207.99665484046,0.446694204672579,0.125070964569303,3.57152602293287,0.000354907276184156,0.00282029754794366
"Os02g0165000",1998.07709976709,0.705057685379506,0.197504752939285,3.56982642132286,0.000357217847635437,0.00283463107016951
"Os05g0537100",259.033940676777,1.57737326895475,0.441976859192444,3.56890465224093,0.000358476848742219,0.00284381463779501
"Os03g0700700",4743.26505277749,0.494503904176688,0.138567311281489,3.56869090987946,0.000358769381460856,0.00284452140152293
"Os05g0140600",551.780406594064,0.786427463897545,0.220446417054056,3.5674313713373,0.000360497753534715,0.0028536703568942
"Os04g0597600",29.4572185002211,3.38760292959888,0.949838771178461,3.56650310809685,0.000361776521107672,0.00286187231577226
"Os04g0599650",18.7701210419343,6.86314724236443,1.92468025251074,3.5658635939198,0.000362659976737199,0.00286723878696043
"Os11g0676800",26.3885735928124,6.32786410651079,1.77474385958419,3.56550838158322,0.000363151555141916,0.00286950270923666
"Os11g0227100",480.848960183289,0.988559982964398,0.277265787407909,3.56538753737418,0.000363318933446106,0.00287001430929009
"Os07g0597000",23785.5099927281,1.06654796098534,0.299491834356362,3.56119212157306,0.000369174822048916,0.00291287659050311
"Os09g0547500",76.2655794059875,5.37398143392562,1.50929516058808,3.56059011799369,0.000370022291430208,0.00291802125142536
"Os07g0563000",1033.15370223183,0.849703294056531,0.238654674239298,3.56038823360542,0.000370306900786085,0.00291861955286981
"Os03g0669000",2384.64254126057,0.659680186011444,0.18534358332609,3.55922861840226,0.000371945652487084,0.00292976702115155
"Os11g0123033",36.1724862597312,5.42705761030721,1.52481197522497,3.55916512887204,0.000372035570451622,0.00292976702115155
"Os10g0360800",44.7369895047835,4.73318156608712,1.33048627246431,3.55748245137501,0.000374426106138078,0.00294610344176849
"Os06g0249350",46.1861822643971,4.32743751190957,1.21656112195403,3.55710653070919,0.00037496212538718,0.0029486616631966
"Os12g0557400",2476.31497407741,0.467316730184878,0.131385287451831,3.5568421643573,0.00037533951063511,0.00295079957138044
"Os05g0133100",2193.95070920979,0.414178759813089,0.1165132663648,3.55477768957491,0.000378298801678097,0.00296988986247229
"Os06g0182450",64.3862766389751,1.86726554802767,0.5254512877345,3.5536415869841,0.000379936620058737,0.00298107397399622
"Os12g0540100",15.2073243109538,7.5317830266024,2.12129210225082,3.55056383730026,0.000384406897082154,0.00301107968347489
"Os06g0103800",2512.39032910436,0.582788040816172,0.16418266982985,3.54963189123519,0.000385770167575239,0.00302091205994791
"Os12g0556300",164.314946384602,4.04909359097169,1.14162352264911,3.54678535492669,0.000389962170092816,0.00304946927418219
"Os07g0546200",675.43268429633,0.820332160663615,0.231468291610439,3.54403687414877,0.00039405012939383,0.00307713426930161
"Os08g0427900",3343.50628843844,0.354395043357274,0.100045430784287,3.54234112021969,0.000396592249991499,0.00309353017538697
"Os01g0888600",336.532574547066,1.74280601948511,0.492076654196758,3.54173685059288,0.000397501813219697,0.00309889620989005
"Os12g0245800",79.1227486787574,2.00367271235481,0.565783277354778,3.54141381081929,0.000397988860653662,0.00310152170648481
"Os01g0600300",3577.26476799502,0.716562396698867,0.202468309394622,3.53913359992673,0.000401442627261583,0.00312439232639658
"Os12g0560400",791.652716841204,0.694463399634569,0.196233131650859,3.53897119101258,0.000401689688275597,0.00312544530966577
"Os04g0614000",2602.36402739404,0.639501125163488,0.18079611840389,3.53713968424296,0.000404485678689151,0.00314282787409375
"Os02g0799000",1243.72922887732,0.624142526996528,0.176526719793805,3.53568302705431,0.000406722389769479,0.00315845179325568
"Os07g0136500",9.3140550105241,6.39115742358695,1.80761029163339,3.53569431042117,0.000406705019737392,0.00315845179325568
"Os06g0702000",139.230895834899,1.70820950801646,0.483229609423181,3.53498518034834,0.000407798028580572,0.00316329100450128
"Os03g0836200",8750.80644769224,0.453290283302432,0.128284315244061,3.53348172331159,0.000410124445102122,0.00317869179125159
"Os01g0176000",3158.62371022683,0.582035623013424,0.164756635844802,3.53269912334026,0.00041134032333833,0.00318723214237546
"Os08g0348300",33.2561791607871,6.66446363020548,1.88670264525886,3.53233385608101,0.000411908968668169,0.00319019031011601
"Os06g0719500",2309.65961454596,1.20723696303683,0.341951008805979,3.53043837259686,0.000414871652750429,0.00320837137652461
"Os03g0661600",881.966707675863,1.90255190125238,0.539030804417984,3.5295791736924,0.00041622114509318,0.00321702822039405
"Os05g0127266",39.2087500235454,2.68378757761336,0.760410627765896,3.52939251453966,0.00041651486100744,0.00321840883481958
"Os03g0854200",1583.61949267487,0.913740216501374,0.258913178387848,3.52913753633894,0.000416916392593966,0.00322062154765129
"Os12g0597600",2617.87330850058,0.456866581097658,0.129460644313109,3.52899974754254,0.000417133528455488,0.0032214090002014
"Os03g0672700",2728.80073512014,0.627099557901233,0.177767052965771,3.52764782584307,0.000419269576658313,0.00323611770402237
"Os05g0406700",116.636786229713,2.61721774978768,0.74240556895596,3.52532074007507,0.000422970334235114,0.00325928421784258
"Os05g0333000",9.78127540259532,7.15169624948323,2.02906875874984,3.52461996107494,0.000424090742866854,0.00326701750234951
"Os06g0293500",718.347990174304,2.51211142391927,0.712849911156008,3.52403975171359,0.000425020480679437,0.00327147611387827
"Os10g0529400",3525.71252277815,0.629484566267092,0.178656553146367,3.52343395851467,0.000425993245221108,0.00327806139498158
"Os01g0905700",4161.57151359789,0.719521640606294,0.204416590170436,3.51987889048721,0.000431743890916617,0.00331592589002809
"Os12g0273850",8.38529987703495,6.35158668342796,1.80530594987148,3.51828823467851,0.000434340319699386,0.00333312093854929
"Os04g0678400",1147.31816677751,1.0413909918269,0.296046215907203,3.51766358045032,0.000435363923820049,0.0033400594693289
"Os09g0482900",140.819525064975,2.20162743075716,0.625922728643803,3.51741090394251,0.000435778617396219,0.00334140752861746
"Os06g0697400",3297.80662137702,0.943758851072268,0.268372284814781,3.51660325776043,0.000437106603546678,0.00335067134363468
"Os06g0208800",558.807469652785,0.857507327991556,0.243969412539393,3.51481490677893,0.000440060585930129,0.00337146691094524
"Os01g0612200",5042.69478781239,0.762445075286625,0.216985818615699,3.51380140946899,0.000441742934086538,0.0033834290355508
"Os11g0269900",1467.77020733265,0.854141445786507,0.243201631302463,3.51207120286227,0.000444628858942432,0.00340234837656343
"Os01g0185200",7566.5063701984,0.593719455842663,0.169149286103152,3.51003228875938,0.000448052282433528,0.00342518699452465
"Os05g0517800",452.019981279283,0.550520473859272,0.156988542899011,3.50675573957913,0.000453605322264408,0.00346479629385466
"Os07g0129200",4150.2846193343,1.08281525605897,0.308805763779019,3.50646063987922,0.000454108592228575,0.00346769324770067
"Os02g0573500",1057.68050712606,0.917543102203673,0.261686738122331,3.5062651962697,0.000454442193133532,0.00346834647619707
"Os06g0180100",67.5896855315375,3.12871213402304,0.892567964180952,3.50529288477661,0.000456105224349434,0.00347913979642869
"Os10g0456500",3620.18935435843,0.568435845747567,0.162181432113172,3.50493788555837,0.0004567138252038,0.0034828321265337
"Os07g0605400",1517.02991101724,1.06874575756685,0.304989082334947,3.50420988641531,0.000457964257972552,0.00349141562430328
"Os10g0536100",796.213408497848,2.55085362804918,0.727964209654639,3.50409208889453,0.000458166890491225,0.00349200842891704
"Os06g0147250",37.3827121573276,5.29157584561154,1.51071541824928,3.5026953334095,0.000460575942063185,0.00350845699914326
"Os04g0556300",14044.9640248666,0.664582107475756,0.189811633755929,3.50127173095361,0.000463043456017221,0.0035262928115647
"Os02g0553600",1586.22234802738,0.675144729458905,0.192944205306308,3.4991708011499,0.00046670751502121,0.00355226155417885
"Os01g0598200",376.286842748638,0.921674921659404,0.263412651880931,3.49897742222353,0.000467046127301682,0.00355387153846646
"Os01g0728150",240.711403256331,1.54885111335648,0.442700696682199,3.49864168944001,0.000467634549892455,0.00355738099923629
"Os01g0321800",948.374675190958,0.600913638127829,0.171828824984465,3.4971643330632,0.00047023206813922,0.00357519563715203
"Os09g0347900",357.624231542443,1.77622993475255,0.507947715629971,3.49687552497331,0.000470741426690796,0.0035780954759395
"Os06g0658000",31.5648827552326,2.75410551827698,0.788498544400559,3.49284794225046,0.000477898553470235,0.00362658213005201
"Os11g0208800",522.068872984441,1.30801216334983,0.37448116829189,3.4928649932279,0.000477868040608096,0.00362658213005201
"Os07g0217600",47.1493020052952,6.19017572743705,1.77228020651338,3.49277484716429,0.000478029378313372,0.00362659075831664
"Os02g0535400",2830.0656806119,0.685222722748431,0.196219491840303,3.49212362299925,0.000479196408170956,0.00363347298212924
"Os03g0801000",22.0952462272463,5.32149566715156,1.52398390368316,3.49183193752282,0.000479719985975642,0.00363645694980289
"Os06g0213200",565.808759504342,0.710741498991618,0.203720410142941,3.48880850226506,0.000485178596388735,0.00367484676853049
"Os03g0344100",5828.54724295929,0.528940735742743,0.151657899325962,3.48772294811943,0.000487152585016205,0.00368879904884732
"Os10g0196400",135.521149691316,1.7310956382496,0.496489073430065,3.48667419061226,0.000489066773268651,0.00370128910627458
"Os02g0689900",4272.32820578858,1.42991372977129,0.410128054206382,3.4865055318838,0.000489375262465477,0.00370262170984432
"Os07g0107100",119.170885983186,1.77141124049039,0.508118348078555,3.48621782147597,0.000489901924762423,0.00370460179125376
"Os03g0204500",19.3225227026136,4.89155692474902,1.40338508447189,3.48554148029141,0.000491142069441242,0.003711972116177
"Os09g0482700",60.9716652788111,2.30111461386919,0.660246670713558,3.4852347099036,0.000491705530614695,0.00371522654907034
"Os03g0223400",48014.9637378779,1.22743658527305,0.352414447544139,3.48293491889067,0.000495948914932342,0.00374425363314471
"Os07g0106200",8108.75450612552,0.771845192466538,0.221615010451718,3.48282000796465,0.00049616183216088,0.00374485006060644
"Os11g0257800",150.724705302919,4.24608768508768,1.21937120872257,3.48219447426181,0.000497322372488647,0.00375160338359128
"Os01g0888800",70.8906480861076,1.93933247273293,0.557304197963359,3.47984544135882,0.000501703123712109,0.00377953290718896
"Os10g0466300",8368.5451095378,0.65557482174836,0.188416525368357,3.47939131382825,0.000502554173011376,0.00378492456075684
"Os01g0196300",313.301039785683,2.20649709569411,0.634808882687232,3.47584470833759,0.000509247072397649,0.00383017351601072
"Os06g0622000",450.264181552134,0.844446387412734,0.242997687230273,3.4751210887555,0.000510622801731641,0.00383948804184555
"Os03g0617500",1546.33954018869,0.754658256439059,0.217240729966896,3.47383410354981,0.000513078153016916,0.00385587677263236
"Os09g0531650",77.2595261062369,1.9229728942867,0.553611952851802,3.4735032081243,0.000513711222004909,0.00385959715533189
"Os06g0618000",60.9151230281361,2.07636346013103,0.598014011933024,3.47209834334714,0.000516407125174433,0.00387880979005583
"Os07g0557100",1103.68838315099,0.872240784158862,0.251226868673337,3.47192475376911,0.000516741153437566,0.00388027648086146
"Os03g0685500",18537.6114389549,1.06663109255455,0.307222727527128,3.47184956380013,0.000516885899590411,0.00388032142178423
"Os02g0765900",4242.64848741105,1.53065504568398,0.441030289523913,3.47063474333318,0.000519229761279199,0.00389687091905838
"Os07g0295400",1013.0848408679,0.87777961323201,0.253000302234263,3.46948049263292,0.000521465934435014,0.00391155402106779
"Os01g0891700",41.3923812815506,3.12791116384584,0.901611293837814,3.46924576613446,0.000521921775720125,0.00391392344763678
"Os04g0634700",1701.4749727209,0.767884808900319,0.221364780294649,3.46886622107736,0.000522659641963772,0.00391735572979762
"Os01g0849100",278.648695877458,1.46382949810905,0.422211399430562,3.46705347151526,0.000526197202855572,0.00394070128030349
"Os12g0261300",80.2700992008495,1.89812990518103,0.547534100264743,3.46668801863346,0.000526913077420275,0.00394500596974044
"Os10g0186200",19.829704285249,3.42897038592369,0.990030622414804,3.46349931839483,0.000533197945855975,0.00398352854873537
"Os02g0820500",209.973299472025,1.33522414033814,0.385772001492097,3.46117430807245,0.00053782445572478,0.0040105359431857
"Os05g0161700",60.5725740952488,5.11661051407682,1.47893128769684,3.45966750223061,0.00054084277642732,0.00402987673861273
"Os07g0572050",128.723518594295,1.78183038825323,0.515148068149714,3.45887036838385,0.000542445910898356,0.00404074519242452
"Os05g0580500",341.081304639882,1.42883476174521,0.413229014378721,3.45773097248126,0.000544745064296877,0.00405608641280646
"Os06g0677400",1652.43307301959,0.829794285911261,0.239984046001588,3.4577060422832,0.000544795471552748,0.00405608641280646
"Os11g0128800",3260.27379362986,0.396866071387856,0.114804740121083,3.45687879236768,0.000546470584132649,0.00406653198510955
"Os04g0605100",3978.35630530385,0.659621511148991,0.190846199640925,3.45629890660679,0.000547647664001212,0.00407406737859268
"Os01g0750100",5368.81858123263,0.592203110434369,0.171400404602699,3.45508583720721,0.000550117652647775,0.00408917863866092
"Os02g0185200",320.859960727881,2.15700897538184,0.624483853846037,3.45406684591982,0.00055220048516321,0.00410247990624442
"Os01g0796000",15.2326093479259,7.03737435868951,2.03957657044816,3.45040949217374,0.000559736817899242,0.00415185155855024
"Os01g0617800",833.629417591442,0.87703343910201,0.254205871219988,3.45009119928245,0.00056039720240438,0.00415454596183353
"Os02g0831300",1459.58085412556,0.741600364084702,0.214967781891137,3.44982098043073,0.000560958413792889,0.00415760431574459
"Os09g0325366",17.2078936720907,5.93113276408434,1.71991025789988,3.44851293074245,0.000563682479745625,0.00417447480498058
"Os03g0102600",272.438794920952,0.957756432666548,0.277875196133212,3.44671437391413,0.000567448165662192,0.00419791547740146
"Os07g0599700",931.122449878146,1.68475637687839,0.488940021639712,3.44573220091163,0.00056951444398546,0.00420986040486635
"Os04g0607200",59.1139696041286,2.84547150411516,0.825864916685165,3.44544422051034,0.000570121619154941,0.00421323492548858
"Os10g0509401",904.404045276942,1.06923533193048,0.310385461085832,3.44486281087372,0.000571349295202424,0.00422007704464886
"Os07g0165700",261.462703715208,0.890706472540217,0.258568967644608,3.4447539496095,0.000571579434739888,0.00422066208425303
"Os02g0621800",656.362247312826,0.986098100205389,0.286856455747479,3.43760121289882,0.000586891337822077,0.00432295486838531
"Os06g0130500",1221.48623674727,0.552394314423063,0.160771383767657,3.43589948333945,0.000590590046951842,0.00434840970852062
"Os12g0550800",8.20172562751516,5.77287383749576,1.68107965809089,3.4340275368341,0.000594683779456434,0.00436934766387801
"Os01g0692100",340.567394277857,2.63716239400171,0.768078450701083,3.43345447537887,0.000595942270110301,0.00437744408756618
"Os07g0152500",15.0282107047908,6.1945374583554,1.80428720696358,3.4332324889562,0.000596430436561427,0.00437872951640949
"Os05g0499500",2329.1043901114,0.473853667878388,0.138024100896877,3.43312265611078,0.000596672105660794,0.0043793540059576
"Os03g0672400",2109.41381885027,1.56089902662055,0.454679633616127,3.43296446820482,0.000597020332286939,0.00438076005564733
"Os05g0142400",1463.57056352682,0.701166582357082,0.204309845509989,3.43187857935511,0.000599415862442151,0.00439526753653896
"Os10g0506100",1352.69516299015,0.904905709271751,0.263678339545595,3.43185454987013,0.000599468973836346,0.00439526753653896
"Os03g0376900",2663.81866693758,0.344549383696649,0.100419482566277,3.43110096658034,0.000601136812623517,0.00440634071512557
"Os05g0400700",3241.97325570873,0.497134803698925,0.144969426369187,3.42923895161793,0.00060527638181321,0.00443435911475625
"Os10g0325400",412.192212611401,1.64337367801614,0.479326432858395,3.42850626496043,0.000606912527585364,0.00444518122613858
"Os01g0284500",19787.1222790877,1.60276117246526,0.467510058319409,3.42829238418274,0.000607390915398753,0.00444752017758857
"Os10g0527400",716.685688291179,1.21874573051091,0.355507537592351,3.42818534528065,0.00060763046138647,0.00444810948225425
"Os04g0512500",109.882435914573,1.49389687543616,0.435835289637153,3.42766386971527,0.000608798747285094,0.0044554954642974
"Os01g0104400",9255.78068272736,0.759125972057219,0.221574068093018,3.42605964042026,0.00061240589655847,0.00447837826656932
"Os03g0292200",1243.0591560818,0.592062587272702,0.172822772179293,3.42583665223512,0.000612908862464501,0.00448088455685158
"Os09g0444900",470.115233360369,2.09580493821575,0.612330981776139,3.42266682658555,0.000620100328250288,0.00452623609080089
"Os05g0116500",53.4985900807781,2.78035025001639,0.812473601412773,3.42208072383124,0.000621438605021777,0.00453257932989801
"Os08g0300366",8.79895352453711,6.16329850063712,1.80111079947554,3.42194300452355,0.000621753455844198,0.00453311327341913
"Os01g0149400",1614.3202823327,0.919438878896976,0.26871153151167,3.42165769263625,0.000622406201839977,0.00453490542685074
"Os06g0200700",1386.23411805976,1.31827276393156,0.385449203336668,3.4200946649256,0.000625993476910206,0.00455697905335568
"Os05g0490800",3237.53603602518,1.14101236471785,0.333636294325226,3.41992877910818,0.000626375325265472,0.00455759749116393
"Os09g0388850",8.8879265937525,6.27754690112764,1.83560697144104,3.41987527765787,0.000626498525104926,0.00455759749116393
"Os10g0515900",15.7960261450193,6.73923673723845,1.97080515210388,3.41953476732297,0.000627283159785854,0.00456211866846596
"Os06g0498500",2239.02799606357,0.48187074420033,0.141076300055449,3.41567466690672,0.000636242107285153,0.00462006603171177
"Os03g0217200",1352.61806122825,0.911745445145509,0.267006769192981,3.41469037620742,0.000638545526259095,0.00463438543895908
"Os03g0750300",2236.74708579552,1.00452618946663,0.294216588449958,3.41424049119339,0.000639600919738871,0.00464084071602953
"Os11g0179700",701.585390307435,2.64432765715372,0.774574892381535,3.4139083039774,0.000640381244889634,0.00464409261724422
"Os03g0421000",60.3222057935026,3.82132489916438,1.11936728986227,3.41382576905082,0.0006405752610418,0.00464429520346718
"Os01g0128800",2944.22668687003,0.699987810431486,0.205189308460135,3.4114243850453,0.000646244227202744,0.00467811896699392
"Os03g0656100",166.672858452696,1.44196616411461,0.422945866829569,3.40933976946905,0.000651203193727737,0.00471035853838656
"Os04g0421800",2959.24369677309,0.420329204409348,0.123320156120933,3.40843879565928,0.000653357399545109,0.00472227612325651
"Os02g0562700",4640.89348484679,0.775027486733283,0.22749609029066,3.40677277461372,0.000657358281142592,0.00474506117033336
"Os04g0128001",206.987750113944,1.44067016553507,0.422961910181865,3.40614634758863,0.000658868504769689,0.0047535084797161
"Os05g0454500",7010.83453706159,0.84946653459094,0.249423750648459,3.40571630561432,0.000659907139869176,0.00475854648254297
"Os07g0118900",930.016185138843,0.496588745725331,0.145843382669561,3.40494533681008,0.000661772991934331,0.00477077080341625
"Os11g0431700",747.899302670611,1.18301221958145,0.347538472093795,3.40397485335718,0.000664128671257545,0.00478528579310641
"Os12g0128600",347.517139108952,0.88610881930682,0.260324683035732,3.40386016790115,0.000664407564743624,0.00478606211759163
"Os10g0400800",5400.34596726504,0.499665028132192,0.146808491122437,3.40351586145978,0.000665245507682995,0.00479086411971344
"Os01g0949700",577.414231516804,1.31378918353487,0.386094200229574,3.40276850248898,0.000667067747034903,0.00480151415137298
"Os05g0179800",2549.67365338312,0.573159760803834,0.16866458723312,3.39822229554116,0.000678252838710677,0.0048719913644247
"Os12g0561200",2952.93088699991,0.408084229710877,0.120119750002826,3.39731168022975,0.000680514092191601,0.00488447024487832
"Os06g0158400",321.742670000844,1.37020757973685,0.403430020942835,3.39639468707512,0.00068279826339847,0.00489709429024745
"Os11g0184800",95.2993975553954,1.98895721490439,0.585626555003044,3.39628932109141,0.000683061179315953,0.00489770228521628
"Os03g0227300",1279.10278751624,0.65549153820744,0.193113777153239,3.39432819279018,0.000687971920122411,0.00492535759710781
"Os05g0337200",1069.83700698676,1.33014582901094,0.391891992998909,3.39416434317054,0.000688383687728771,0.0049270441370994
"Os01g0860450",5600.87366907638,0.807348487781197,0.237941410160375,3.39305582511693,0.000691175507970968,0.00494576046696523
"Os09g0489200",2056.03412692351,0.568488929327145,0.167616698435458,3.39160080489263,0.000694855972427576,0.00496828238633719
"Os03g0299200",780.093952480696,1.45203125895171,0.428135773445816,3.39152051524487,0.000695059593904887,0.00496846791512174
"Os07g0191000",2162.74070100818,0.497337096247026,0.146783250772681,3.38824146235347,0.000703423091359934,0.00502439931718753
"Os04g0121800",26.9733078624609,6.11819274237747,1.8072992631291,3.38526821052571,0.000711087365939453,0.00507137135963552
"Os02g0737801",6.08476495095917,6.23973510520089,1.84423126281158,3.38337996487938,0.000715994984876211,0.00510506980037694
"Os02g0226350",231.972375255164,0.966399021065251,0.285650325614776,3.38315392774494,0.000716584567949108,0.00510797115934969
"Os01g0627600",2773.68236608418,1.30810038092183,0.386692491831313,3.38279229246701,0.000717528776095433,0.00511209546362616
"Os11g0143400",884.098976266831,0.449076949610153,0.132758250144716,3.3826669839398,0.000717856218751734,0.00511312564981495
"Os01g0231800",4412.74601337775,0.465204170678333,0.137528842628386,3.38259351120515,0.000718048274294039,0.00511319122545416
"Os08g0431500",4253.01388831243,0.807695292032613,0.238864834031579,3.38139054795245,0.000721199581654443,0.00513171122172643
"Os06g0191800",62.3812695612678,2.24289246053026,0.663858239451195,3.37857139859322,0.000728635089499832,0.00517803091303006
"Os07g0417200",559.786979383035,3.81030689787181,1.12833811224999,3.37691943266348,0.00073302517680769,0.00520658268840494
"Os07g0454100",799.290903974455,0.576368827096412,0.17079131966075,3.37469625646829,0.000738972038641331,0.00524349507449027
"Os07g0578600",2282.5660252696,0.388438099299651,0.11511337695457,3.37439583110267,0.00073977908637851,0.00524788999784086
"Os06g0281400",1613.89339217526,0.557491683887734,0.165307529904773,3.37245184299156,0.000745021138033661,0.00528225464260541
"Os06g0554600",1668.44531161392,1.35474505608556,0.401812802134657,3.37158260983321,0.000747376207635636,0.00529506670137394
"Os05g0464200",97.4796159902046,2.51072942779379,0.744875047200134,3.37067194992129,0.000749850931825963,0.00531125416858694
"Os04g0446500",4365.00657014919,0.952904467290628,0.282744540859953,3.37019581135826,0.000751147868895328,0.00531909318961483
"Os06g0232700",14.7843283834021,4.11776214786283,1.22204629498246,3.36956313747666,0.000752874410056649,0.00532835666361758
"Os01g0681100",112.069271089227,1.90911805002292,0.566644011661289,3.36916655031041,0.000753958558512662,0.00533359401220544
"Os12g0481100",2316.73384196558,0.762214785774296,0.226309481826798,3.36801966767634,0.000757101949769158,0.0053544762072192
"Os02g0673000",170.277181235198,0.962347536051879,0.285807457369905,3.36711835620987,0.000759580811213874,0.00536929165945014
"Os12g0102700",839.238886619999,1.09002194742408,0.323734697572052,3.36702230437156,0.000759845424815242,0.00536980476611913
"Os02g0224800",1079.84496409256,0.907302980241182,0.269598170308551,3.36538997724942,0.000764355437026263,0.00539894807805063
"Os01g0934800",959.301333309006,1.16121988116495,0.345076540180891,3.36510815993529,0.000765136591056701,0.00540173684228972
"Os03g0180900",89.823542484098,2.51836240079139,0.748486161221925,3.36460783280227,0.000766525246868921,0.00541017466013188
"Os01g0276700",3825.47082163124,1.16098743437961,0.345192550985433,3.36330384611516,0.000770155460385349,0.00543168405907084
"Os09g0345700",360.984897443997,0.689584557797763,0.205058237107715,3.36287177498522,0.000771361834358586,0.00543882055875025
"Os01g0113200",166.944456873176,2.55778263169191,0.760742247735839,3.36221977851831,0.000773185577249164,0.00545030539001654
"Os01g0764000",128818.438349792,0.823291816969007,0.244921836117766,3.36144718665731,0.000775351827411227,0.00546419821112086
"Os10g0577500",846.592657995794,0.676833302650499,0.201586115309398,3.35753929089652,0.000786395659846285,0.00553505367025963
"Os07g0546000",4835.77750966797,0.826121737548887,0.246129858163186,3.35644664858646,0.000789509517741355,0.00555277770475836
"Os04g0244400",1595.43376950216,0.634565663830472,0.189218338769462,3.3536160815977,0.000797629489375622,0.00560284125619188
"Os02g0710550",130.245005512358,1.51255720932616,0.45134787330375,3.35120047925481,0.000804620285536075,0.00564910912998514
"Os06g0651000",3001.79702875053,0.834574030696321,0.249087968925497,3.35051923341164,0.000806602076971321,0.00566018079809938
"Os01g0866700",1944.79688681395,0.81422988748655,0.243022347635653,3.35043215329016,0.000806855725325424,0.00566054026668343
"Os07g0638000",1224.6804242287,0.974742541923966,0.291159444691952,3.34779640397806,0.000814568293035764,0.00570891923469978
"Os01g0761100",717.972457999789,0.665774537760064,0.198888474376207,3.34747671954445,0.000815508371231956,0.00571264431190642
"Os01g0949900",3655.29510428669,1.48766377751151,0.44441136187616,3.34749267262448,0.000815461435045345,0.00571264431190642
"Os07g0686950",10.9318760189194,5.53435276411671,1.65369708463075,3.3466544843988,0.000817930898406364,0.0057281792244016
"Os02g0680600",841.485491776695,0.865265387898789,0.258666556041505,3.34509957970736,0.000822530329629115,0.00575606560003718
"Os09g0255200",126.969234440635,3.51243436817959,1.05006929565773,3.34495483555635,0.000822959703542987,0.00575762950960123
"Os01g0149600",1739.0754838738,0.838402350179364,0.250726519780009,3.34389178661671,0.00082611954514857,0.00577829088557644
"Os05g0177000",225.131527210514,2.65799856486196,0.795026051216534,3.34328486569055,0.000827928620517503,0.00578949636012789
"Os07g0467900",179.07751169675,1.28148415475518,0.383351416583651,3.34284444851021,0.000829243691303282,0.00579579369747688
"Os11g0643800",1320.53362748147,2.31144159568984,0.691458753349606,3.34284812288891,0.000829232711721565,0.00579579369747688
"Os05g0168300",540.675457338055,0.624221991479882,0.18674803033177,3.34258942582105,0.000830006066036882,0.00579967257137816
"Os10g0391500",2951.67615357742,1.24182569923678,0.371905945651936,3.33908536218725,0.000840547306334387,0.00585785448368822
"Os10g0574500",212.186499655008,1.31680243613792,0.394506218988419,3.33784962760392,0.000844294276517276,0.00587997383067897
"Os08g0162033",522.795482039217,1.01093570834416,0.30292087636476,3.33729296070982,0.000845987247107805,0.00588926745783487
"Os06g0264300",12523.399446105,0.436707013923944,0.13087165509646,3.33691060605955,0.000847151911691446,0.00589444042262742
"Os03g0149100",183.000264094776,1.48472065924502,0.445107215891748,3.33564724685594,0.000851010727189166,0.00591630026635187
"Os05g0569000",321.970958956487,0.841748510867148,0.252355923878579,3.33556073473494,0.00085127556602362,0.00591630026635187
"Os06g0494400",226.648966939343,1.72390417422935,0.516807263264825,3.33568101063235,0.000850907387154234,0.00591630026635187
"Os03g0833200",431.771705767622,0.995861528763006,0.298636619991987,3.33469327636285,0.000853935338058066,0.00592983555834511
"Os01g0966900",230.433483703755,3.04649577959469,0.913596114759871,3.33461989425757,0.000854160693019661,0.00592991343204793
"Os06g0225900",1895.95855198144,0.599625365736918,0.179939710157695,3.33236818716347,0.000861102509215136,0.00596922919377592
"Os06g0105500",1141.77729663865,0.561348982235141,0.16851072276607,3.33123597727616,0.000864612745257401,0.00599059237075767
"Os09g0325220",14.2224351115333,7.28393476963307,2.18668117310511,3.3310456317186,0.000865204182486459,0.00599172108941341
"Os01g0530366",1928.4888316648,0.871709711958327,0.261753317057096,3.33027188254575,0.000867612221613042,0.00600583566006376
"Os06g0162600",1004.503998304,0.620262846381694,0.186288040342515,3.32959026914051,0.000869738665398964,0.00601716280039996
"Os07g0689300",4190.63388772046,0.847362882073736,0.254541702095003,3.32897468312471,0.000871663273934644,0.00602898634486975
"Os01g0273800",548.763340979997,1.6211757356714,0.487010045457238,3.32883428338595,0.000872102781546455,0.00603053466448197
"Os01g0830700",2530.23117655587,0.566965473068959,0.170327563313815,3.32867717965512,0.000872594822951581,0.00603244539654339
"Os04g0329500",99.7740232481722,2.69912707291095,0.811034015189758,3.32800723811742,0.000874695938374554,0.00604547632741128
"Os09g0245500",1855.23261287241,0.442131415721725,0.132856465498652,3.3278878379179,0.000875070901390288,0.00604657343377267
"Os03g0825400",2677.68337795228,0.931892657870925,0.280200801836089,3.32580296617446,0.000881642275269168,0.00608596509149025
"Os06g0289300",17.2552449452883,6.53231937997241,1.96454789758306,3.32510059337773,0.000883866388741565,0.00609830735128772
"Os08g0414600",1034.10729645315,0.534281274111393,0.160694562912123,3.32482483805982,0.000884741008623139,0.00610133108881318
"Os01g0960800",973.031623796892,0.671046135726737,0.201850527980105,3.32447054977669,0.000885865891022675,0.00610598557378495
"Os11g0678000",1598.87991847079,0.683486800534843,0.205599109857949,3.3243665354732,0.000886196393128488,0.00610598557378495
"Os08g0121800",205.303512220261,0.866981703206262,0.260840869901357,3.32379547551015,0.000888012955188325,0.0061148471506738
"Os01g0647700",1887.65626320508,0.749608013082988,0.225595729482983,3.32279345358588,0.000891208767117324,0.0061323233178319
"Os08g0157700",314.8324711433,0.970615353951669,0.2922182251975,3.32154284112726,0.000895212380820131,0.00615532801014363
"Os12g0514500",10847.2644813715,0.656950303089295,0.197930470995305,3.31909634623603,0.000903092646884372,0.00620200289620095
"Os02g0686600",1925.52270317107,0.979586014318487,0.295189060753071,3.31850378133735,0.000905010971603101,0.00621353469430619
"Os03g0269000",1644.31795598145,0.459183423049272,0.138375660504046,3.31838288161845,0.000905402826767478,0.00621469922624589
"Os07g0129300",8958.54863338541,1.66680582058809,0.50230774979683,3.31829604711906,0.000905684368174276,0.006215106177086
"Os12g0485500",1101.67612972393,0.668624748790299,0.201562415046171,3.31720945413926,0.000909214269282621,0.00623763412052235
"Os01g0715500",310.183193820725,1.94485861278234,0.586335833926676,3.31697041225959,0.000909992528694581,0.00623909261019977
"Os02g0793500",91.9943330490019,1.26133344403997,0.380288325251193,3.31678192646808,0.000910606625639927,0.00624072402310749
"Os09g0135100",28.3471033193817,6.12154876137798,1.84565454281349,3.31673594346988,0.0009107564990095,0.00624072402310749
"Os01g0590900",1760.1026952736,0.565249798229457,0.170453356945289,3.31615527179607,0.000912651062654319,0.00625217401177496
"Os03g0708900",874.976269525048,0.98343222404651,0.296647952709729,3.31514920316609,0.000915942221573625,0.00627318351312389
"Os09g0322000",1865.21485854875,0.760438771851406,0.229455026370506,3.31410814519926,0.000919359417210015,0.00629196445003937
"Os01g0686200",12.4359224798402,6.33106203956499,1.91083889538919,3.31323695306899,0.000922228116218668,0.00631005310544136
"Os03g0194400",1313.13177745567,0.393243845612875,0.118712529933614,3.31257236142454,0.000924422086860106,0.00632351742586986
"Os04g0165700",8494.77522491094,1.16791063230628,0.352592408708866,3.31235331067668,0.000925146283063292,0.00632568271739787
"Os05g0581900",560.210617305908,0.827228917222794,0.24978047404979,3.31182379395235,0.000926899072047025,0.00633581169658347
"Os02g0102400",7688.63341124992,1.15635758728092,0.34952011354135,3.30841500240047,0.000938256606780559,0.00640249091069096
"Os03g0826400",745.405368448069,0.623544256665021,0.188492885445928,3.30805194684069,0.000939473815400108,0.00640923292848222
"Os08g0495800",1534.15514856925,0.921990243766826,0.278776204158796,3.30727741468796,0.000942075463812267,0.00642384742015271
"Os03g0341300",140.730356771359,1.34746720045192,0.407523709695923,3.30647559489812,0.000944775801098951,0.00644069002972479
"Os12g0176500",1335.28571430874,0.451138549391925,0.136445614613269,3.30636166410036,0.000945160074039138,0.00644173929086777
"Os01g0128100",167.349473007649,2.88594499806554,0.872970964750142,3.30588887213625,0.000946756284032503,0.00644947447665893
"Os01g0250900",2614.07870203015,0.501826835739161,0.151795246847709,3.30594564823645,0.000946564468349198,0.00644947447665893
"Os08g0192300",45.1889605690857,1.78788026442795,0.541288226055818,3.30300970604075,0.000956530769847635,0.00650971682843009
"Os05g0301600",2896.76155881104,0.490017812668735,0.148416676246654,3.30163580711357,0.000961227889782986,0.00653691067847554
"Os03g0401100",8863.68046665721,0.807361768512066,0.244548383242793,3.30143981246648,0.000961899699630549,0.00653714545934951
"Os05g0533100",12269.6984888226,0.473316389321417,0.143364799599088,3.30148258599754,0.000961753047931628,0.00653714545934951
"Os08g0549100",7527.92542678643,0.403626167610585,0.122258309501548,3.3014211406667,0.000961963723545388,0.00653714545934951
"Os04g0347900",593.775126304372,0.590338060204204,0.178818106542833,3.30133268726228,0.000962267075917835,0.00653761819994323
"Os08g0338700",3123.16989405628,0.559303861512544,0.169428163849173,3.30112685403615,0.000962973327274585,0.00654082733152939
"Os02g0202600",970.337336956665,0.482316920630879,0.146113608468738,3.30097193331635,0.000963505205140358,0.00654126233467953
"Os03g0219400",379.693109989733,1.28788672926011,0.39014918904406,3.30101090922597,0.00096337136641963,0.00654126233467953
"Os08g0119000",2193.0560280283,0.657878240692187,0.199356624489201,3.30000692165524,0.000966824438983261,0.00656061116518513
"Os07g0635200",1666.8277563205,5.85417375327736,1.7743115686342,3.29940572826434,0.000968897641550032,0.00657239786294741
"Os09g0420600",1104.75049264881,0.394527155945119,0.119576622130216,3.29936695749349,0.000969031482939929,0.00657239786294741
"Os01g0130200",156.502541832847,1.68916524949627,0.512061540381531,3.2987543806506,0.000971148446004878,0.00658515886131921
"Os12g0606600",200.006850312281,2.51469737547529,0.762716853455327,3.2970261035704,0.000977144191513622,0.00662099834540512
"Os01g0259933",153.362207092634,1.70668977080503,0.517878791296079,3.2955390324708,0.000982330561001111,0.00665052799035102
"Os04g0546400",1828.3173869506,0.306420018390757,0.092981234974107,3.2955038559779,0.000982453552000431,0.00665052799035102
"Os01g0818100",74.5962825249263,2.0532842256846,0.623083956015368,3.29535724016292,0.000982966332741609,0.00665102913928759
"Os07g0633500",962.015453722453,0.396764170141964,0.120407997867484,3.29516458349076,0.000983640515620069,0.00665373086086106
"Os11g0514500",3432.10214483616,3.49945732789243,1.06232026501121,3.29416414536297,0.000987148339023146,0.00667100438676734
"Os06g0586400",135.244306773441,7.39662759857862,2.2460590915304,3.29315805914028,0.000990687644057485,0.00669168823150327
"Os03g0559700",1196.14500844301,1.75253635929445,0.532207876610907,3.2929545696591,0.000991404925514994,0.00669491604373371
"Os01g0267300",499.203082867405,1.84617584350836,0.560732969216037,3.29243319879961,0.000993244903969758,0.00670572199290447
"Os03g0643100",15.938648549021,3.40601393191891,1.03452905397161,3.29233279514293,0.000993599603010999,0.00670649753767791
"Os03g0819100",3110.65029284422,0.366024546414195,0.111263519212602,3.28970851366653,0.00100291217588201,0.00676119481349192
"Os07g0142000",1390.42678878186,0.615506263116455,0.187191756083717,3.28810560888796,0.00100863995357468,0.00679817007996199
"Os01g0327100",552.195347147398,2.18576361795448,0.664831776097476,3.28769426573559,0.00101011471097866,0.00680521480303246
"Os02g0638000",931.394541032508,1.0448873588749,0.31781921898412,3.28767832925518,0.00101017188697567,0.00680521480303246
"Os03g0307333",155.402296024107,1.35249352180209,0.411504183385617,3.28670661540927,0.00101366381219175,0.00682545023937636
"Os08g0197200",35.5735985626839,3.34305965391738,1.01726166776958,3.28633208134864,0.00101501270854156,0.00683288767011462
"Os06g0651100",854.208536500161,0.728606878909548,0.22182635452457,3.28458212492892,0.00102133727743014,0.00686160865770139
"Os06g0639600",665.91370874627,1.00804886702552,0.306985714427099,3.28369959790068,0.00102454066152721,0.00688046471156263
"Os01g0297700",121.968329181155,2.50348710168469,0.762780886029618,3.28205274612437,0.00103054326028535,0.00691745360792598
"Os07g0577900",440.196279057458,1.02081298142499,0.311430009898943,3.27782470853157,0.00104610336310027,0.00700508487685245
"Os01g0636400",785.963800803126,1.29891980198015,0.396486958793509,3.27607194428967,0.00105261743089587,0.007043645330838
"Os03g0636800",233.120112815123,1.53945872321413,0.469988740997405,3.27552255815131,0.00105466691170455,0.00705567117677178
"Os03g0745700",18.7116202988611,6.52393818123502,1.99177157463167,3.27544496785053,0.00105495665907801,0.00705592155332637
"Os01g0220100",602.884765444863,1.73243929370133,0.529127637136688,3.27414251706114,0.00105983144065213,0.00707836790217245
"Os04g0515350",8.3673668531886,5.18230076736543,1.58329567134831,3.27310991948349,0.00106371102335531,0.00710088686013554
"Os10g0468800",157.642658188431,3.44258458605105,1.05181090277346,3.27300713177008,0.00106409792623359,0.00710177432200382
"Os07g0558200",407.994794459379,0.921379124128752,0.281529197863471,3.27276577747925,0.00106500691889228,0.00710614494867662
"Os05g0383200",97.0498074576992,1.13146391504897,0.345768429058521,3.27231701902279,0.00106669895044857,0.00711573698720037
"Os07g0542400",1147.43734063859,0.53482861215963,0.163517572066602,3.27077148590361,0.00107254539031373,0.00715147165326092
"Os09g0400400",2269.65210235715,1.57509296432746,0.481572116925365,3.27073123415816,0.0010726980498312,0.00715147165326092
"Os02g0215900",319.622182189211,1.00614474160807,0.307806979472758,3.26875220091334,0.0010802286031681,0.00719740592303853
"Os04g0303250",69.7184632798779,1.9333025062931,0.591723794900329,3.26723806437216,0.00108602313157509,0.00723084544080138
"Os04g0566000",937.89301097446,0.776568778597739,0.23774155934272,3.26644100738931,0.00108908496777003,0.00724778011392699
"Os03g0566600",579.132924642838,0.935342313017892,0.286450210648294,3.2652875726676,0.00109352994118134,0.00727044015102116
"Os04g0647800",8731.50829671275,0.714752577576796,0.219044653895797,3.26304506804724,0.00110221990209298,0.00731951492332652
"Os07g0110800",2053.45854994258,0.781488067354362,0.239573356878561,3.2619990700823,0.00110629506474496,0.00734308929279089
"Os07g0462500",119.133618482831,3.75071809985469,1.14992142595019,3.26171685752827,0.00110739693670586,0.00734865874182316
"Os02g0760300",13982.5006004038,0.548509787628657,0.168178786209145,3.26146834563628,0.00110836806783173,0.00735335816105494
"Os01g0847700",2599.33188556931,1.47440405798699,0.452175209501817,3.26069193313674,0.00111140719695609,0.00737177202459205
"Os01g0153400",1292.27930961411,0.624689936184288,0.191607052130752,3.26026588915945,0.00111307814294951,0.00737935447829304
"Os08g0535700",835.384835665791,0.603775687567032,0.185223291481544,3.25971794765991,0.00111523058630726,0.00738623586858166
"Os12g0611300",394.585940923661,1.01379435570867,0.311011774931417,3.25966550923105,0.0011154367784659,0.00738623586858166
"Os02g0698800",1867.82119722386,0.652624622652278,0.200218083688746,3.25956881930222,0.00111581706353362,0.00738700482117759
"Os05g0561400",627.070506028048,2.60834508449782,0.800749857868827,3.25737814233256,0.00112446526824449,0.0074389748666167
"Os04g0419600",1324.47889481567,1.73176135553668,0.531673318887365,3.2571906357098,0.0011252083657818,0.00744213026034114
"Os02g0227600",20.1472776383731,4.47013038917721,1.37259533932429,3.25669937898652,0.0011271573926434,0.00744973512831008
"Os01g0114000",6.22991780346357,5.95456495769429,1.82935600863809,3.25500609481001,0.00113389932439568,0.00748544870335239
"Os01g0355100",196.100562910094,0.816182580391925,0.250957634543281,3.25227236811225,0.00114486257204662,0.0075489122765177
"Os02g0217500",1598.42517673898,0.43298935012161,0.133212861254054,3.25035695536816,0.00115260236553515,0.00759636402305564
"Os01g0166300",478.843378515028,0.758071378490785,0.233408962497664,3.24782463526169,0.00116290919677268,0.00765887724412414
"Os03g0685600",1954.97073508221,0.632151595141584,0.194697126522254,3.2468460445888,0.00116691493973096,0.00768344934651202
"Os01g0268300",2436.47623580442,0.660196870956924,0.203364921078764,3.24636553568267,0.00116888650922735,0.00769461919586479
"Os03g0626500",272.493156279766,1.82052754990295,0.56086181975432,3.24594665884088,0.00117060770790935,0.00770413601882254
"Os07g0100600",13.8954270772204,6.21861470927513,1.91619144232325,3.24529928060606,0.00117327244474554,0.00771804061276504
"Os05g0194000",295.638404302491,0.710285998453113,0.219017013373298,3.2430631187655,0.00118252010907572,0.00777156106467528
"Os02g0174000",213.001155146961,0.678319273910283,0.209177705468487,3.24278953338301,0.00118365613581329,0.00777537237065608
"Os08g0235400",318.940176164841,1.01663301549355,0.313526787157624,3.24257147119759,0.00118456233197944,0.0077794976635681
"Os10g0418900",31.304021038045,6.4602661618579,1.9931342876344,3.24125985987899,0.00119002650295111,0.00781171387993539
"Os06g0638300",450.504276349334,0.787168148630671,0.242956016778649,3.23996153323438,0.00119545825633833,0.00784552797001763
"Os03g0306700",623.001025585035,1.70994376168132,0.527837080563211,3.23952943938077,0.00119727106271991,0.00785189681001397
"Os10g0454200",21395.1254226791,3.08528258364671,0.95292480591209,3.23769783775714,0.00120498359743964,0.00789322120374842
"Os04g0466600",3543.83886342531,0.501681806254687,0.154969850647325,3.23728650546613,0.00120672194036088,0.00790090665892104
"Os08g0508500",491.669655356865,1.18027254982743,0.36461419974355,3.23704493861614,0.00120774391222457,0.00790389673799388
"Os08g0109200",20552.8046495836,0.455482187579485,0.140807080424172,3.23479605008055,0.00121729649255152,0.00795524167275312
"Os04g0477300",505.115465730832,1.17066620348868,0.362044422497422,3.23348774554597,0.00122288582434481,0.00798803531697696
"Os02g0675800",484.906942403725,0.775021492644548,0.239726313187354,3.23294294372618,0.001225220306583,0.00799954719899297
"Os04g0247700",17.1391323374202,5.90263562261542,1.8261653526307,3.23225693342189,0.00122816572327861,0.00801316525566099
"Os05g0149400",1456.92794195554,1.28205070906707,0.397325841041253,3.2266985346517,0.00125227322154869,0.00815206961629637
"Os06g0641400",100.689511375584,4.22156700424922,1.30833298084196,3.22667628659218,0.00125237058616826,0.00815206961629637
"Os02g0111600",209.800135091524,1.29451968070873,0.401557303849747,3.22374831262717,0.00126524550059897,0.00822438986023936
"Os09g0473966",591.521747957135,0.753977261125073,0.233920941836388,3.22321402780786,0.00126760800536543,0.0082378318061908
"Os02g0266800",1591.40446877945,0.698816422309057,0.216859221157241,3.22244273764295,0.00127102568598404,0.00825812320698369
"Os03g0363800",869.391570981999,0.751151789787492,0.233139905361159,3.22189283136182,0.001273467580101,0.00827206676189182
"Os03g0140200",746.747873921126,0.645980226802642,0.200598184901367,3.22026955089483,0.00128070114523204,0.00831043001314874
"Os01g0343400",7.08378015764432,6.86417534679257,2.13169953463637,3.22004824566586,0.00128169024495193,0.00831389144278261
"Os02g0571100",212.548383906162,9.27158990714342,2.87961176778243,3.21973608070209,0.00128308663126167,0.00832101914577953
"Os08g0512100",42.4009732137243,2.27288020158191,0.706011833552433,3.21932309568451,0.00128493616698004,0.00833108160756545
"Os04g0665200",156.31545289844,1.88257940744995,0.584860950883335,3.21884954809623,0.00128705995813393,0.00834291716950792
"Os08g0562700",16265.8689959034,0.302386727662532,0.0939568058095473,3.21835895821615,0.00128926359821632,0.00835332883700676
"Os05g0106300",18.9405494141116,4.95945548460159,1.54119902735216,3.21792020146946,0.00129123736284164,0.00836224215250203
"Os09g0347500",6440.23154972166,0.454612369905274,0.141391352259232,3.21527704941793,0.00130318681523268,0.00842986724523863
"Os11g0168500",4.68158157520245,5.96432008723273,1.85522952059594,3.21486911512538,0.00130504011436141,0.00843990327428361
"Os12g0586100",8808.38786928047,0.960030264387502,0.298704890926643,3.21397571164401,0.00130910746377499,0.00846424996924943
"Os03g0799100",6850.64290861621,0.654209867614609,0.203578571267028,3.21354975399892,0.00131105081357112,0.00847289691488395
"Os07g0496600",874.151729117785,0.494946649545331,0.154049945141173,3.21289727881277,0.00131403276890951,0.00848824494104543
"Os11g0143500",1218.27345811327,0.623826924509888,0.19420705603012,3.21217435278529,0.00131734400834144,0.00850766924925176
"Os07g0661100",2250.00530245686,0.579533218612702,0.180450280722758,3.21159499609253,0.00132000320889611,0.0085209071407135
"Os09g0132600",3059.99439600648,0.642213237020984,0.199977521073899,3.21142713227084,0.00132077461529823,0.00852391907274401
"Os05g0460700",481.061902770876,1.03870752419829,0.323542279319854,3.21042284298003,0.00132539845191747,0.00854784186102866
"Os04g0610900",5021.60089876856,0.686790859675366,0.213970322832884,3.20974820518342,0.00132851292579121,0.00856595237648732
"Os11g0546900",11200.4348259665,0.500502867516359,0.155956394863635,3.20924876439973,0.00133082294888542,0.00857491542456956
"Os03g0377500",1501.01766284806,0.562208877015905,0.175276014658992,3.2075631004602,0.00133864690425674,0.00862135468232048
"Os05g0565050",22.0781089080392,3.38591367438374,1.05590651464797,3.20664152310166,0.00134294229736807,0.00864503646491727
"Os02g0809900",485.365585846586,0.98833506650574,0.308305443541814,3.20570099298846,0.00134733913511184,0.00866934918874077
"Os07g0416900",3046.112844881,1.65976609310518,0.517897239380577,3.20481741723573,0.00135148181416468,0.00869400447464944
"Os01g0152600",450.918428081851,0.98494946075662,0.307493731086462,3.20315297901039,0.00135931752882346,0.00873440361768059
"Os05g0570400",13.3829836944758,6.8822547485858,2.14989158021679,3.20121015027735,0.00136851682534569,0.00878540048300431
"Os12g0541000",1015.32137582431,0.726325516393431,0.226918197972143,3.20082533214281,0.00137034573918369,0.00879108700402219
"Os06g0605600",1438.62082317894,0.699238340916331,0.218536577054152,3.19963985133282,0.00137599411809705,0.0088212516090018
"Os03g0313600",2615.1748971635,0.841858950647142,0.263207878001084,3.19845650913106,0.00138165371484995,0.00885347490423096
"Os07g0537701",9.27772904544628,5.67066936619372,1.77305835085459,3.19824181954335,0.00138268281335727,0.00885803944850462
"Os06g0508700",2249.28640877705,0.795715551156032,0.249016191378512,3.19543699849831,0.00139619261653669,0.00893844558810258
"Os05g0341300",454.000841311184,6.55384159623397,2.0516860460698,3.19436865537419,0.00140137037013345,0.00896748764997981
"Os01g0638600",259.293292337032,1.75289738918448,0.548791527062549,3.19410432330653,0.00140265419197636,0.00897364946795399
"Os02g0774300",21451.7561926418,0.542080195231325,0.16976229101191,3.19317200539721,0.00140719098544948,0.00900061498561512
"Os01g0753100",1441.37354883155,0.479130564740841,0.150104216585917,3.19198604568576,0.00141298158813997,0.00903352014877597
"Os06g0650100",2230.58797308007,0.90446418065532,0.283440881709398,3.1910152663956,0.00141773788754593,0.00905978571465595
"Os03g0257600",1136.29485728559,1.0821212629805,0.339132051770979,3.19085517670643,0.00141852365772577,0.00906273602116596
"Os03g0225100",275.481895577112,1.08705663743075,0.340774476681052,3.18995908384354,0.00142292937983417,0.00908673148611159
"Os12g0291033",218.300786176743,1.01515608109855,0.318345681661989,3.18884828529389,0.00142840823209244,0.0091154741675566
"Os04g0510400",1954.88595381179,0.682824338968776,0.214226627773123,3.18739246407744,0.00143561830544667,0.0091593954582502
"Os04g0182800",1606.92262177497,0.541502885439554,0.169938590606033,3.18646214205056,0.00144024335438292,0.00918536077397059
"Os01g0198500",866.938913994187,0.804911476578779,0.252619271925043,3.18626314787896,0.00144123442523239,0.009188937407022
"Os03g0701500",471.504567377742,1.33382350353156,0.418694548219227,3.18567201126577,0.0014441822313898,0.00920563298805206
"Os05g0167600",9.38256428453581,7.11914118027899,2.2352747141956,3.18490659562663,0.00144800736693272,0.00922370797469398
"Os04g0120350",8.36980039357765,7.1579138246687,2.24753353736116,3.18478621372335,0.00144860982004345,0.00922544409193691
"Os08g0479300",723.162926799389,1.62036037070296,0.508966443044063,3.18362908370106,0.00145441248961062,0.00925818139300507
"Os01g0507700",3253.85124462347,0.407061239682097,0.127877649760945,3.18320864078327,0.00145652618885785,0.00926952625061926
"Os01g0911250",17.1245919436335,5.81037552256357,1.82536013566049,3.18313926608303,0.00145687522936104,0.00926963797812335
"Os04g0508800",1233.86883917294,0.500404001916027,0.157251721254104,3.18218457594765,0.00146168633713758,0.00928827482975684
"Os09g0531600",176.541651813719,3.1455510329131,0.988451755959289,3.18230102172296,0.00146109873209093,0.00928827482975684
"Os01g0831900",159.576585608775,1.34919199981639,0.424016807072663,3.18193047377289,0.00146296933584108,0.00929361074681054
"Os04g0631100",720.312462711456,0.646712483115758,0.203258382254014,3.18172601761414,0.00146400241801994,0.0092980612349556
"Os02g0620600",3548.0071570951,1.40444461723204,0.441529203823519,3.18086460662158,0.00146836236864034,0.00931940201467506
"Os01g0232300",2178.4472628603,0.405098021834704,0.127360950168852,3.18070822569739,0.00146915515809028,0.00932231786721957
"Os04g0648200",171.85717481882,2.58585878488875,0.813041698304369,3.18047498705375,0.00147033831869438,0.00932770888021092
"Os06g0326000",123.531703088965,2.77699676943054,0.873257131827097,3.18004476370011,0.00147252303674385,0.00933733201802833
"Os03g0280700",2660.15471201855,0.552549568794641,0.1737822737199,3.17955080784151,0.00147503508364415,0.00935114057561208
"Os11g0602400",176.481101841573,1.27039846086161,0.39966637093541,3.17864737503,0.00147963977287858,0.0093718338864726
"Os06g0130200",469.378473970182,1.19169107025852,0.374976051195071,3.17804581508746,0.00148271319436276,0.00938917386031708
"Os10g0390701",3959.86280381747,0.711711432478411,0.224029651858708,3.17686264551835,0.00148877527861532,0.00941902983963777
"Os04g0470200",1012.91460700395,0.928923302384729,0.292561596547109,3.17513752094647,0.00149765505213605,0.00946450302326158
"Os09g0309200",385.19975000827,1.56201256610867,0.49199157865711,3.17487663177525,0.00149900217268989,0.00947087590535474
"Os01g0670100",519.617732142422,0.748379643143022,0.235869743909775,3.17285138287721,0.00150949772642952,0.00952857661893341
"Os06g0597400",1619.57721492819,0.899321071930023,0.283710824221219,3.16985111300791,0.00152517065917627,0.00961665666588619
"Os05g0116100",10060.316790068,0.510153576007757,0.160989724067537,3.16885800607833,0.00153039142029058,0.00963436868010033
"Os05g0275700",786.747101178893,0.551559380618001,0.174048957580534,3.16898985368982,0.00152969735135007,0.00963436868010033
"Os08g0101800",806.10436726201,1.06109306947022,0.334843416678264,3.16892319400078,0.00153004822339446,0.00963436868010033
"Os08g0159000",1100.02408080049,0.793546332619258,0.250536799170984,3.16738433333973,0.00153816885548688,0.00967897251908979
"Os07g0659100",2308.27150556475,0.558319748595003,0.176421836464429,3.16468618502094,0.00155250297624663,0.00975599847814851
"Os07g0238700",2452.53364683787,0.789070385205514,0.249345236156138,3.16456972416912,0.00155312444402619,0.00975631356022155
"Os01g0357100",18913.2669146946,0.641285563511444,0.202695264790868,3.16379153786889,0.0015572829476255,0.00977724749604837
"Os09g0475700",682.267122680064,0.766774919457189,0.242384164472669,3.16346953244814,0.00155900669044554,0.00978587274783817
"Os11g0684200",13.4332581383674,6.3491468282069,2.00840444032374,3.1612889818066,0.00157072581235956,0.00984951795285196
"Os05g0488600",116.255256690451,1.27019047144807,0.401818488018957,3.16110509924606,0.00157171776748555,0.00985239086526919
"Os01g0857700",3155.1588945187,0.798066635952489,0.252473898247551,3.16098670592072,0.0015723567459038,0.0098541873694428
"Os06g0225600",15.2407052146092,6.24904436324304,1.97719540440567,3.1605598259629,0.00157466263825969,0.00986642751877525
"Os12g0431100",2666.30886874637,1.43499412690551,0.454116940149716,3.15996607929317,0.00157787507757847,0.00988434109977693
"Os04g0112200",399.66665761441,0.657040251542391,0.207947129109466,3.15965050518451,0.00157958493161813,0.00989062091978712
"Os04g0337300",2055.73666075822,0.608533470527445,0.192592884488534,3.15968823118007,0.00157938043364519,0.00989062091978712
"Os11g0592100",1823.79151862685,2.08529048123766,0.66004962602001,3.1592934819335,0.0015815214233775,0.00990052945675588
"Os02g0124400",26.1129459201308,3.81765742324556,1.20884640721853,3.15809965637382,0.00158801261003724,0.00993894015825453
"Os06g0326500",1762.03370563724,0.968718725492834,0.306785324880516,3.15764362545738,0.00159049865401046,0.00995227217738836
