"","baseMean","log2FoldChange","lfcSE","stat","pvalue","padj"
"Os05g0103800",3222.16185386114,5.81153093421448,0.217005005407769,26.7806308121519,5.4330008111019e-158,1.52460868761141e-153
"Os06g0244000",3573.70261672036,-6.46298803771519,0.267362906079769,-24.1730916695936,4.26977457722485e-129,5.99092070930418e-125
"Os12g0285100",7849.43986859743,-4.95575236151989,0.221312648957385,-22.3925400778794,4.65301809972544e-111,4.35243313048317e-107
"Os06g0720000",1303.16622745461,-7.13243125279585,0.335604237026091,-21.2525065714273,3.1252785964203e-100,2.19253919931866e-96
"Os03g0111600",1933.56186111434,2.31782332671466,0.116475986390075,19.8995810085035,4.1034432968711e-88,2.30301651593594e-84
"Os12g0609050",1859.38210845879,-7.056131917567,0.359890891785955,-19.6063086858103,1.36592973595425e-85,6.388453375058e-82
"Os06g0713400",2625.11417197195,-10.9633219400171,0.588910655056123,-18.6162737010971,2.37153278435109e-77,9.50713614206573e-74
"Os01g0120300",6802.44184805326,-3.77142993078187,0.205941351346863,-18.3131260726251,6.50271253359868e-75,2.28098898897308e-71
"Os04g0308000",722.191148973399,7.72030002939307,0.42201533949459,18.293884858875,9.25761180446829e-75,2.88652336063321e-71
"Os07g0124900",8002.08960182393,5.5398406167562,0.326136894356231,16.9862432390283,1.03830007237801e-64,2.91367766310718e-61
"Os05g0404901",1019.32726766201,9.75818777025512,0.580558115232824,16.8082876015638,2.12213483697282e-63,5.41375889046649e-60
"Os04g0419400",3897.35548477112,-12.7731307068103,0.762937220624743,-16.742046870319,6.47237479982945e-63,1.51356484694012e-59
"Os03g0847500",3112.71710262522,-3.84198160002322,0.238253931170126,-16.125574848458,1.68682164373662e-58,3.64119915127208e-55
"Os01g0144200",1461.66618095046,-3.14593697503726,0.203378912373925,-15.4683538146436,5.67395251914739e-54,1.13730325423081e-50
"Os03g0673700",1268.23430220344,-6.53198797361504,0.425413285084734,-15.3544522529756,3.30690778619166e-53,6.18656308640736e-50
"Os04g0367400",974.43870220069,-2.10006278149691,0.137518155440885,-15.2711674670452,1.19022935636755e-52,2.08751351239914e-49
"Os09g0241700",4858.38992245704,-13.3918362537032,0.886271197648886,-15.11031418964,1.38477895806783e-51,2.28586277184115e-48
"Os07g0126301",8155.51456398706,4.79913296389278,0.319772370349781,15.0079663188013,6.5113657902514e-51,1.01512192670019e-47
"Os03g0170200",392.43999627206,-5.83310294875352,0.390227016916578,-14.9479730922898,1.60562223614875e-50,2.37141953635822e-47
"Os12g0554000",1911.75337424092,2.69619300436038,0.183704083999182,14.6768266968544,9.0738602646037e-49,1.27315333372654e-45
"Os07g0642100",1041.64288047871,10.578247078747,0.737491658327369,14.3435481056674,1.16921629561598e-46,1.5624070327417e-43
"Os05g0155000",974.78906714785,-4.73906756944497,0.333145498568513,-14.2252186801508,6.39042753238063e-46,8.15128079153024e-43
"Os10g0394000",1295.69211602691,3.88229803046099,0.273556590913966,14.1919374616055,1.02779379177566e-45,1.2539977993395e-42
"Os08g0205100",876.912442912742,3.37220204259059,0.238399708893918,14.1451600685097,2.00060918503913e-45,2.33921228960701e-42
"Os07g0125500",8337.49115069992,4.55490014145546,0.322308738407628,14.1321025422985,2.40844616322045e-45,2.70343264929169e-42
"Os02g0687900",7629.28651207586,2.57898472884789,0.1831817043761,14.0788335692785,5.12486934527051e-45,5.53131090642234e-42
"Os12g0508400",2659.45444581207,-3.76012061664036,0.268513969405765,-14.0034450533866,1.48494329539103e-44,1.54335106500974e-41
"Os09g0392666",1789.3568294013,4.48659132737663,0.321398824124427,13.9595760488522,2.75065172042704e-44,2.75674244923656e-41
"Os02g0222100",973.449501995423,3.15312849435344,0.226189490125481,13.9402077992405,3.60887959081345e-44,3.49215100266921e-41
"Os08g0526200",543.775256911657,-7.69602066780779,0.553088531397514,-13.9146271002255,5.16284964360435e-44,4.82932955662751e-41
"Os07g0158900",1914.36656729048,-3.89424964602814,0.281576274128233,-13.8301767721191,1.67608123440029e-43,1.51723198708842e-40
"Os06g0731200",1581.5670153205,-6.08126849234712,0.442357099612624,-13.7474192178051,5.27788762987546e-43,4.62837758342391e-40
"Os07g0442800",1812.54758916751,-2.22657295756475,0.163324542310266,-13.6328130853412,2.55536884709489e-42,2.17299274506597e-39
"Os07g0115200",9603.01566603029,-16.9711972254747,1.25404387797023,-13.533176568705,9.96238836866896e-42,8.22248654122319e-39
"Os04g0688300",9383.50764294267,4.88371199499578,0.361965983454817,13.4921849516984,1.7387032838861e-41,1.38000688172553e-38
"Os05g0281400",550.093070403948,7.76034956442707,0.575230408018025,13.4908541973043,1.77037444737079e-41,1.38000688172553e-38
"Os11g0206000",6724.58285641849,-16.1332716017032,1.19946694925904,-13.4503677751766,3.06344839879244e-41,2.32341862072739e-38
"Os09g0340400",6364.58313723143,-16.1442999980933,1.20201282626895,-13.431054682008,3.97706592573864e-41,2.93695852652836e-38
"Os07g0643400",305.962405226149,-4.70725094680822,0.350819520949289,-13.4178706306616,4.75171036927162e-41,3.41903836878206e-38
"Os01g0967800",2998.70303657844,-5.80937523565379,0.434077667821548,-13.3832621816473,7.57483878320252e-41,5.31412814835572e-38
"Os11g0691800",209.656007261765,-4.46424414171692,0.334209169816842,-13.3576351126556,1.06906903989074e-40,7.3171257066863e-38
"Os01g0956500",1488.38401062184,-11.5003960211669,0.871951028756232,-13.1892682523367,1.01162412096362e-39,6.75909430535264e-37
"Os11g0549665",4387.42281433232,-15.6298547491777,1.18869118765016,-13.1487933212286,1.7291184724598e-39,1.12843075753876e-36
"Os04g0330301",4849.85520170759,-15.675734191846,1.19421967870624,-13.1263405480207,2.32629374517198e-39,1.48364670629582e-36
"Os09g0110300",4170.48148298871,-6.24809995398224,0.478520357846949,-13.0571246374865,5.78726354845675e-39,3.60893754881763e-36
"Os01g0942900",4195.91490055844,-15.5932804749864,1.19587149119968,-13.039260982251,7.3162756213129e-39,4.46324622794093e-36
"Os08g0367300",4552.88777283194,-15.5717785759681,1.20612458941059,-12.9105887672664,3.92290024670802e-38,2.34222184517277e-35
"Os10g0132300",5346.04502776207,16.0151588393302,1.24070707647572,12.9080901874292,4.05227133196366e-38,2.36905912744926e-35
"Os12g0125400",1464.90796805308,3.33123271373881,0.260035900116007,12.8106646515065,1.42905226280853e-37,8.18409481610878e-35
"Os07g0220600",2776.15868553322,-2.4567650477248,0.191815987310433,-12.8079263995279,1.48037848928369e-37,8.30847623325578e-35
"Os09g0567900",1355.66319762432,2.43334947076822,0.190907609333394,12.7462151941712,3.27251448214764e-37,1.80065296858877e-34
"Os06g0271500",3408.32386751103,-15.2441053229027,1.19669050083224,-12.7385529611049,3.610289239564e-37,1.94830647385856e-34
"Os04g0458400",528.158634298276,3.89275237585725,0.305711069286071,12.7334361328427,3.85492958638798e-37,2.04107611421169e-34
"Os01g0270100",4642.96302258488,1.9094938237622,0.150593437405227,12.6797943965115,7.65323526561592e-37,3.97713125969841e-34
"Os02g0644600",3341.00925062211,-2.73135228227823,0.216045993015607,-12.6424574885817,1.23143963244953e-36,6.28302890287249e-34
"Os02g0129000",3545.583248537,-15.1665223741565,1.20316167013979,-12.6055564688945,1.96778815747872e-36,9.86072701342281e-34
"Os04g0115200",1295.12159747639,-2.13961472811131,0.16999298309865,-12.5864885074089,2.50574456477149e-36,1.23361761362487e-33
"Os01g0943800",2950.71002462322,-15.0761665840465,1.19980039299723,-12.5655622985625,3.26545146164561e-36,1.57991549856378e-33
"Os11g0308100",2832.35583972751,-14.9765099528663,1.19200735506197,-12.5641086770707,3.32602138236069e-36,1.58194596664077e-33
"Os12g0179700",1183.16653802304,8.19641524086282,0.655610975727689,12.5019493942506,7.28428526789917e-36,3.40686021979644e-33
"Os07g0539300",4157.98904592678,3.77313288766658,0.303273470586158,12.4413549275312,1.55837774557307e-35,7.16904857315924e-33
"Os02g0276200",1101.3475216907,-6.10711433603518,0.491065123280729,-12.4364652395481,1.6567468231414e-35,7.49864989532162e-33
"Os01g0541000",2905.79366867204,-14.87717314285,1.19846850705603,-12.4134869254053,2.20822071683477e-35,9.83604599298686e-33
"Os06g0135000",2936.73621272551,-15.071766236352,1.21632928152597,-12.3911891831162,2.91685633532735e-35,1.27895035128057e-32
"Os01g0539400",2305.04510178073,-14.6253103870135,1.19386544492927,-12.2503842029534,1.67201919805643e-34,7.21849272859379e-32
"Os02g0616800",715.39109741961,9.19742892126497,0.752734949671474,12.2186819215437,2.47057841996831e-34,1.05044502456289e-31
"Os05g0473900",2949.43878628282,14.4398780069692,1.19464493400991,12.0871713392705,1.23464720230718e-33,5.17114474494687e-31
"Os07g0571700",684.427586411458,2.87295059787755,0.238640843810816,12.0388050595191,2.22150146619259e-33,9.1676138447495e-31
"Os07g0675400",2159.01932204621,14.2831437184667,1.18742192910727,12.028701313614,2.5107906166304e-33,1.02112762730264e-30
"Os11g0549680",2043.5318455546,-14.5262432330879,1.20858814952521,-12.0191839037926,2.81740268994128e-33,1.1294564897876e-30
"Os07g0213400",1808.1285309085,1.42414742424072,0.118703712794695,11.9974968828807,3.66204719171745e-33,1.44738546892923e-30
"Os01g0188900",2315.14094331075,14.2377678523141,1.18938688522295,11.9706783631175,5.06131098399395e-33,1.97264595601164e-30
"Os10g0156300",131.623405904462,4.80157225787895,0.404658079183893,11.8657516181628,1.78294071682389e-32,6.85381950623452e-30
"Os07g0582800",1509.9364099705,-14.1644723021698,1.19620726107406,-11.8411522510336,2.39144612443907e-32,9.06875150594718e-30
"Os12g0103580",1555.37541740436,-14.0353903861405,1.19168689593838,-11.7777500398614,5.08318474258082e-32,1.90192440328404e-29
"Os07g0676200",2170.58315714285,14.0966744066555,1.19818765037816,11.764997245804,5.91282759471514e-32,2.18323378898548e-29
"Os05g0467700",254.520446696702,5.75237950198545,0.489040125843304,11.7625920614715,6.08374133015416e-32,2.18874293854854e-29
"Os07g0212400",1569.69039200453,-14.1006771195799,1.19874698389167,-11.7628467967467,6.06540989413592e-32,2.18874293854854e-29
"Os02g0729300",982.400685926013,2.28832865355708,0.195153371505884,11.72579615663,9.40129414943945e-32,3.33948248634898e-29
"Os06g0216300",4716.87347313444,2.22240329962686,0.190316142985053,11.6774292751477,1.66247566384739e-31,5.83154900986068e-29
"Os03g0223301",2022.61356074596,13.8419413850055,1.18982681361483,11.6335766067937,2.78192103581779e-31,9.63781087742208e-29
"Os08g0182400",1344.57669977246,13.9035548697472,1.19661250192792,11.6190954443034,3.29607490019036e-31,1.12798114450173e-28
"Os01g0256600",1453.27868146726,3.0402906442722,0.261987353166309,11.6047229285233,3.89948584770049e-31,1.31840207058038e-28
"Os12g0299700",1425.00928158715,13.8427105119731,1.19310347450322,11.6022715613471,4.01283260116505e-31,1.34057271968921e-28
"Os10g0159300",2064.12766561989,-14.5048576061657,1.25029137993022,-11.6011818036971,4.06426547131388e-31,1.34178138418835e-28
"Os11g0549675",1331.3730803954,-13.92871236184,1.20499507387426,-11.5591446503236,6.63665457068676e-31,2.16555582049549e-28
"Os11g0576900",528.895976193327,-2.52045147644534,0.218527273193665,-11.5338073807,8.91135947214145e-31,2.87437436215211e-28
"Os11g0550500",1531.36816250272,-13.9066667345616,1.21301900340387,-11.4645085489492,1.98885378997689e-30,6.34218352890131e-28
"Os10g0137300",1530.99366244062,-14.8026457538912,1.29137270122531,-11.4627215983781,2.03032726578216e-30,6.40169030700888e-28
"Os07g0151800",2127.37641330216,4.27621584243731,0.373899150801673,11.4368161395091,2.73747995721405e-30,8.53546250659339e-28
"Os01g0105400",1182.78588992458,13.5539275920349,1.18670334878403,11.4214960343064,3.26563525427323e-30,1.00703578577379e-27
"Os10g0450000",753.501400036741,-7.34047745562216,0.642959279140904,-11.4167066154333,3.45063540805754e-30,1.05251881327077e-27
"Os07g0258100",1405.84126692759,-13.7966509014808,1.20944588830721,-11.4074147796651,3.83972038272078e-30,1.15860465999904e-27
"Os04g0526300",436.951049497187,3.71498141237972,0.325917758127406,11.3985240746762,4.25267463800013e-30,1.2695591031017e-27
"Os12g0576100",932.263639823359,-3.59105874440197,0.315125937014181,-11.3956305165714,4.39635740816312e-30,1.29863770092499e-27
"Os06g0274300",812.644144839706,3.84641985334988,0.33834010029693,11.3685012505885,6.00091218256947e-30,1.75414164236734e-27
"Os04g0599400",1293.59101861058,13.5232308202469,1.19151337017621,11.349625743811,7.44808140130749e-30,2.15472227096382e-27
"Os09g0390400",1294.24276529849,13.5719878744714,1.19650018852642,11.3430720735501,8.02760042455895e-30,2.29867880728544e-27
"Os04g0376100",387.267729790676,-3.28766079325705,0.291264947796784,-11.2875264192479,1.51232972325729e-29,4.28676734283293e-27
"Os11g0311100",1113.60586616153,13.4630450324333,1.19404152323061,11.2751899917246,1.74002583405317e-29,4.88286049552e-27
"Os08g0263300",1139.9810930142,13.3823856850646,1.18727691143045,11.271494927785,1.81462436579819e-29,5.0417810844583e-27
"Os01g0540800",1183.14092029759,-13.851112921905,1.22971510627522,-11.2636763191921,1.98309490127141e-29,5.45584403132141e-27
"Os06g0712700",609.052754669838,4.09733364649531,0.363865347393031,11.2605766826967,2.05410093829313e-29,5.59632820683318e-27
"Os06g0239200",626.661528083945,-4.45413113240795,0.395781017612756,-11.254029208561,2.21248857931586e-29,5.96988985699632e-27
"Os01g0647850",1042.11616958053,-13.573952136352,1.20981774180743,-11.2198322666958,3.25887964948496e-29,8.70958864036638e-27
"Os06g0240001",1160.86409345627,-13.9234232982711,1.24247148039739,-11.2062317066769,3.80030505452767e-29,1.00607698528448e-26
"Os04g0442800",1447.05233717248,-13.2594618184167,1.18449474272048,-11.1941922071879,4.3535200720585e-29,1.14176149777669e-26
"Os06g0346201",345.050292721974,7.11283184175575,0.636490938239146,11.175071653704,5.40067703171119e-29,1.40327591540629e-26
"Os11g0100100",2158.45267611359,13.7144449092095,1.22894328216082,11.1595425991472,6.43216490104443e-29,1.65595790323953e-26
"Os01g0967600",774.490737908274,-4.86579326662987,0.436221835281374,-11.1544009792433,6.81502543678679e-29,1.73857494370101e-26
"Os08g0543400",1002.58838178389,-13.4581050142709,1.21052770853714,-11.1175522207041,1.03060836062204e-28,2.60548935277258e-26
"Os04g0379400",425.762606545411,-4.87030857208668,0.438340957741146,-11.1107768646222,1.11187948492071e-28,2.78585375945045e-26
"Os05g0269000",1259.89462854936,13.2889141331813,1.19799746184866,11.0926062503295,1.36259036557506e-28,3.38380626891747e-26
"Os12g0226400",950.413816961764,-13.3826992864031,1.20840960951381,-11.0746382526596,1.66551405854282e-28,4.09979434305515e-26
"Os11g0256300",928.327804838421,-13.3344446548575,1.20626615561369,-11.0543138367946,2.08928287974849e-28,5.09821358013061e-26
"Os12g0262100",245.389647528369,-7.72143025704684,0.700639306918881,-11.0205496334519,3.04195915490928e-28,7.35891877629864e-26
"Os12g0509600",162.926712891635,-4.36833272281921,0.396866800706414,-11.0070500103402,3.53385799750213e-28,8.47582248939357e-26
"Os04g0389500",800.418596290145,-13.3251724934946,1.2128848088045,-10.986346268636,4.44560420748875e-28,1.05722495991991e-25
"Os03g0805800",283.210309746164,-9.06732999487622,0.826239951913384,-10.9742090949225,5.08488833428842e-28,1.18910113697335e-25
"Os10g0382400",1553.94410960709,13.3424797347844,1.21578020011904,10.9744176895446,5.073166518133e-28,1.18910113697335e-25
"Os11g0226933",1936.24785215606,-2.54729932821712,0.232308525033779,-10.9651564782081,5.6203248481845e-28,1.29714586900535e-25
"Os12g0541200",720.286671630799,13.1087632295044,1.19552593359439,10.9648505826154,5.63936269755018e-28,1.29714586900535e-25
"Os11g0533800",1697.22954889646,13.2324071223605,1.20727474511471,10.9605598691649,5.91324070034019e-28,1.34908423197517e-25
"Os01g0266200",743.789916507229,-13.283052976862,1.21472176069243,-10.9350580574849,7.83558112463001e-28,1.77324256064006e-25
"Os12g0466200",1523.65437812137,-14.2020201440886,1.30528327558313,-10.8804122520791,1.42915144824454e-27,3.20838783525107e-25
"Os03g0599000",3362.4946441101,-2.26318726019917,0.20821289756663,-10.8695824641455,1.60935658631072e-27,3.58426702579772e-25
"Os01g0539900",981.727688051168,-13.2374985636244,1.21888261101233,-10.8603555781554,1.78054538321847e-27,3.93430429479343e-25
"Os07g0110100",893.163884657689,13.0262602890661,1.19954005941431,10.8593791318868,1.79968606037943e-27,3.94553048643497e-25
"Os05g0515900",1031.7970697922,3.04495988620294,0.281158342488919,10.8300534824889,2.48010422527832e-27,5.39509184261707e-25
"Os06g0713300",667.408921373188,-12.9517553752464,1.19706152842626,-10.8196237767942,2.7791584884973e-27,5.99913426955471e-25
"Os12g0529200",970.789337868548,12.8431607771619,1.1878468610525,10.8121351314446,3.01568040952244e-27,6.46000180549761e-25
"Os01g0932550",1280.40075788574,13.1180860682744,1.21335864826176,10.8113838287361,3.04048405708947e-27,6.46379269773067e-25
"Os12g0234800",1253.17534454622,-13.8113563605151,1.28037633957847,-10.786950628174,3.96735737602286e-27,8.37082576586117e-25
"Os04g0308600",945.627751365733,-7.78389876758674,0.721774737526901,-10.7843879300315,4.07949955077372e-27,8.54320271595613e-25
"Os04g0127200",653.622797405375,-12.8421210377479,1.19178343742775,-10.7755491765058,4.49094070423312e-27,9.3351687438659e-25
"Os06g0547201",1076.05514781055,13.4234894706132,1.2461810732353,10.7717006452068,4.68270594241102e-27,9.66221280558368e-25
"Os01g0976450",382.87842287223,3.5324479603188,0.328615497104448,10.7494868362707,5.95922278835989e-27,1.22064021815296e-24
"Os04g0380000",717.279852399477,-13.1289871633928,1.22315669556501,-10.7336919390595,7.07132845364729e-27,1.43793926859602e-24
"Os01g0144900",567.800186655161,-12.8388112930076,1.19725170453661,-10.7235690242569,7.88988210188653e-27,1.59284799671324e-24
"Os10g0130500",1249.79339347672,-13.6765200527607,1.27548716107585,-10.7225854325533,7.9742573193379e-27,1.59838292068043e-24
"Os03g0448500",1655.79120955157,13.2825416358032,1.2388581695403,10.7215999073824,8.05969562523596e-27,1.6040509123076e-24
"Os08g0310300",270.317887824739,-7.46238587855391,0.697020819916966,-10.706116180924,9.52754708683133e-27,1.88283117148353e-24
"Os06g0731950",739.048855630454,-13.1311830764186,1.22690789364434,-10.7026641074209,9.88933329144421e-27,1.94066063513641e-24
"Os10g0212100",776.432800013971,-12.8670699985659,1.20234355239757,-10.7016584177691,9.99727125217434e-27,1.94821823526747e-24
"Os11g0575600",1611.07999488043,8.43694375531952,0.790508170287879,10.6728103167448,1.36436277724942e-26,2.64046539690849e-24
"Os04g0326300",303.247672298618,4.31453004633517,0.404477152227336,10.6669314263521,1.45347347502248e-26,2.7936556613754e-24
"Os01g0944200",625.000774371225,-12.8909844107397,1.21229287253482,-10.6335562163172,2.08025629081574e-26,3.97116680495723e-24
"Os11g0226400",719.440137585246,-13.0610239072342,1.22837932679452,-10.6327285247605,2.09880594632484e-26,3.97950624768701e-24
"Os02g0228300",5041.26411604326,3.31252800878537,0.311638005601693,10.62940960102,2.1748488972202e-26,4.09601407743579e-24
"Os07g0492500",516.449312192551,12.6725468203072,1.19543043252035,10.6008233315505,2.95368322464519e-26,5.52575057666623e-24
"Os06g0142050",1180.17808214548,2.52522937483562,0.238259329657619,10.5986589421887,3.02283646991286e-26,5.61767132574136e-24
"Os06g0580100",610.943358767127,-12.8873662505546,1.21730241590324,-10.586823850992,3.43034171405664e-26,6.33304270920114e-24
"Os06g0360600",1132.90365973525,12.8081031862794,1.21132644715551,10.5736180501597,3.94957100380429e-26,7.24397787638929e-24
"Os02g0543000",12285.0031354262,-4.95385053172726,0.468886599855812,-10.5651356495379,4.32343158731108e-26,7.87819072747555e-24
"Os08g0145600",800.548418554371,12.6625155885524,1.20003320589635,10.5518043386927,4.9830821304827e-26,9.02162908036166e-24
"Os01g0598900",1117.44342638244,12.6647881950431,1.20196583221774,10.5367289614841,5.84982934051886e-26,1.05229430098487e-23
"Os04g0309900",754.248286602131,-4.75254309519229,0.451743299312552,-10.5204506683875,6.95401610097942e-26,1.24000576866242e-23
"Os11g0178200",599.649421928623,-12.6756460943863,1.20490060657591,-10.5200761168243,6.98171589511306e-26,1.24000576866242e-23
"Os12g0272800",815.400227970238,12.5300049073552,1.19235733146345,10.5085988710921,7.88563715124865e-26,1.39174056439207e-23
"Os04g0460900",358.491113735336,12.8606604945184,1.2242426049761,10.5049934075522,8.19285223607671e-26,1.4369238715549e-23
"Os11g0659400",944.667212557699,-2.92756563906051,0.279083421773228,-10.4899302884402,9.60992683123216e-26,1.67499233998781e-23
"Os09g0315050",521.192050034612,-5.07726424290093,0.484232955351983,-10.4851687329094,1.0106510040155e-25,1.74743468499922e-23
"Os11g0549670",525.300399778299,-12.7799049832151,1.21896994944503,-10.4841837889716,1.02123614973941e-25,1.74743468499922e-23
"Os07g0204800",624.987927125448,12.4653726237694,1.1889539983686,10.4843186875805,1.01977993239606e-25,1.74743468499922e-23
"Os10g0333000",286.471139892311,-8.89351534094031,0.848586156044797,-10.4803917405304,1.06302498368231e-25,1.80791558133898e-23
"Os08g0300100",500.840490418249,-12.6081717120939,1.20382521840091,-10.4734238154953,1.14427858801433e-25,1.93438227330471e-23
"Os01g0124650",4394.49844681915,4.64789714768391,0.443819129051359,10.4725029712409,1.15546717602043e-25,1.94159999362187e-23
"Os10g0132500",769.104981460204,12.7438099028914,1.21739742140186,10.4680769639027,1.210776225157e-25,2.02242871609261e-23
"Os01g0753400",847.286402192505,-13.1470503342962,1.25647187773047,-10.4634656511718,1.271192599931e-25,2.11078146386175e-23
"Os03g0753600",316.602823375948,7.92326798140681,0.757651005940458,10.4576749971734,1.35130790709209e-25,2.23061191110696e-23
"Os10g0370800",4008.36473245971,3.54241134886167,0.339040643821565,10.4483383140519,1.49114892299795e-25,2.44705386416191e-23
"Os11g0623700",268.848396408891,8.30177138009428,0.795568544033741,10.4350171237316,1.71582817189066e-25,2.79939361392998e-23
"Os11g0237700",621.602574390802,3.02584815716778,0.291118115076436,10.3938848201642,2.6436117927711e-25,4.28815226177703e-23
"Os11g0103800",260.351327948484,2.92168178163302,0.28138340549938,10.3832767836747,2.9545653566378e-25,4.76500074930862e-23
"Os11g0263000",1052.56579540376,12.6155472488296,1.21536494956322,10.3800486046298,3.05619552300776e-25,4.90074050095107e-23
"Os12g0505800",742.030243160445,-12.9196232871646,1.24483561947741,-10.3785777696403,3.1036421166481e-25,4.94854574303289e-23
"Os05g0147100",563.456684575788,-2.70018006402405,0.260191146966676,-10.3776784702436,3.13301079264428e-25,4.96714965328722e-23
"Os10g0529800",7355.83138217812,10.9864937396266,1.05957219208673,10.3688015046805,3.43809622071841e-25,5.4202166374045e-23
"Os06g0491800",583.633698788522,-12.7104165776052,1.22721728656598,-10.3571036007582,3.88549904977166e-25,6.09133376171466e-23
"Os04g0378400",488.928135750748,-12.5058039675383,1.20813753862454,-10.3513081646119,4.1280630538116e-25,6.43565030089229e-23
"Os01g0637300",591.70794858265,-12.5021237522299,1.2090122789684,-10.3407748372063,4.60796559419171e-25,7.14412875713855e-23
"Os08g0301600",565.326620500482,-12.8626083314468,1.24444815329994,-10.33599374738,4.84365395980466e-25,7.4682756824197e-23
"Os08g0231400",454.700935613775,-8.37926413668957,0.810890825774793,-10.333406015148,4.97616110654626e-25,7.58918657455984e-23
"Os11g0623800",907.480555113139,12.9369125011702,1.25194473948863,10.3334533011852,4.97370786186522e-25,7.58918657455984e-23
"Os12g0549700",472.980892048729,-4.68252769535746,0.45330136183174,-10.3298337257049,5.16500379157037e-25,7.79249120424987e-23
"Os10g0131800",1356.44261982883,12.3431787585424,1.19489803548199,10.3299012903335,5.16136706512828e-25,7.79249120424987e-23
"Os07g0278866",557.443492051022,12.3360812221892,1.19458059761043,10.3267048258322,5.33623032312057e-25,8.00776980360478e-23
"Os08g0246400",960.775531070484,12.4285002128101,1.20377730682354,10.3245842419191,5.45546334237144e-25,8.14314959115039e-23
"Os11g0687800",508.379316922708,-12.5326510260681,1.2142881368795,-10.3209861361857,5.66384127318028e-25,8.40945575703624e-23
"Os12g0491200",500.396613915996,-12.7310396400962,1.2347175462921,-10.3108922994801,6.29144408025835e-25,9.29213177790578e-23
"Os09g0478100",1727.49623453413,-3.16526744723754,0.307099158834317,-10.3069883331893,6.55224846321232e-25,9.62665949605571e-23
"Os11g0676500",507.680779565209,-12.4730825056909,1.21359727068102,-10.2777773212126,8.87506882583133e-25,1.29714677807541e-22
"Os07g0109700",387.654621878497,12.3937663275185,1.20950792996845,10.2469492100327,1.22137803570131e-24,1.77587100714249e-22
"Os07g0469200",384.451973576771,-4.84765497719696,0.473434158376287,-10.2393435104529,1.32129860658322e-24,1.91125162360506e-22
"Os07g0549300",388.856226972163,-12.3098496714824,1.20295061821952,-10.2330465482466,1.41012157957235e-24,2.02927342389534e-22
"Os10g0343500",553.22744486967,-12.4225416346801,1.21526591623465,-10.222076887641,1.57920534826829e-24,2.2610030858727e-22
"Os05g0509101",627.709146873834,-12.7912399598773,1.25616498836717,-10.1827706378794,2.36723529993263e-24,3.37204857800555e-22
"Os06g0621500",470.453474539357,-12.4492021450937,1.22561175086116,-10.1575414370387,3.06713086395281e-24,4.34696092445675e-22
"Os02g0258000",35.3014461850191,-22.8931893539812,2.25855016970941,-10.1362323764217,3.81531907053698e-24,5.38017506318637e-22
"Os07g0147500",11169.5118390805,-7.17597985426491,0.709157983224496,-10.1190144143005,4.54973864713695e-24,6.38373829579786e-22
"Os12g0410050",544.456887328548,-12.6161501069667,1.24701561498899,-10.1170746824034,4.64078819104967e-24,6.47909443866845e-22
"Os04g0405401",485.758227901896,-12.4693046775442,1.23370235126776,-10.1072229170437,5.13183247551661e-24,7.1291823231657e-22
"Os01g0165800",519.673343910197,-12.3092175656871,1.22003852100313,-10.0892040323171,6.16675222181668e-24,8.52469954919309e-22
"Os03g0141700",312.550593866515,-2.16256074289299,0.214524247861273,-10.0807287029458,6.72256886954167e-24,9.247486647896e-22
"Os11g0684700",1030.2458871033,12.0556004975961,1.19616001360392,10.0785851060793,6.87083571798276e-24,9.40533619112352e-22
"Os12g0410200",438.985918439005,-12.3383793468426,1.22491146090037,-10.0728744408787,7.2818211401339e-24,9.91953712788532e-22
"Os04g0323800",280.728623096355,12.5080397912804,1.24183942662068,10.0721876944409,7.33285664975913e-24,9.94080305823868e-22
"Os09g0365300",698.190364963967,12.1695070530603,1.20831185727464,10.0714951854471,7.38467911965615e-24,9.9629262238361e-22
"Os10g0540900",412.658116934835,-12.1864551259347,1.2101625715996,-10.0700975322899,7.49037690238249e-24,1.00571749585961e-21
"Os10g0160600",309.33423688408,6.13858711220797,0.609977074658668,10.0636357778577,7.99885603772574e-24,1.06887570538409e-21
"Os03g0720400",969.080288093405,3.00108114820049,0.299006241203887,10.03685119119,1.04971615383565e-23,1.39607273502067e-21
"Os03g0438400",436.11847799735,-12.2111620250069,1.21757177541777,-10.0291106212749,1.13534626290123e-23,1.50283428441199e-21
"Os01g0258600",389.96996737998,12.0812657621584,1.20531011766716,10.0233670862577,1.20332158179509e-23,1.5853338135368e-21
"Os02g0800750",422.074969907125,-12.1364890225451,1.21101993237875,-10.0217087250628,1.2236877281477e-23,1.59741041777575e-21
"Os05g0297001",387.199365589969,-12.0944320809204,1.20682514996221,-10.021693765082,1.22387299487487e-23,1.59741041777575e-21
"Os11g0549690",461.672314747762,-2.61268694980264,0.260758494990639,-10.0195659968678,1.25050853922249e-23,1.62461901053989e-21
"Os11g0666200",896.195985399653,-7.83918928102559,0.78255746911878,-10.0173975591251,1.27824377517576e-23,1.65299893175033e-21
"Os12g0103500",416.549143277208,-12.1232724184707,1.2109440416092,-10.0114224950975,1.35785890890235e-23,1.74790076612926e-21
"Os09g0322400",435.77295758733,-12.3404296194755,1.23332297008272,-10.0058378209301,1.43670375360583e-23,1.84094889194916e-21
"Os09g0325300",619.281450297531,11.9494417737283,1.19597443213127,9.99138564562284,1.66241434374023e-23,2.12048505972902e-21
"Os09g0518200",8796.69587920725,3.00763826508454,0.301067422727087,9.98991600566137,1.68724651809633e-23,2.14242134800087e-21
"Os05g0124000",326.279187566622,12.3471976511212,1.23651537775785,9.98547844468391,1.76447773795442e-23,2.23039523794942e-21
"Os02g0522100",480.122565072884,12.2455832811453,1.22811958918528,9.97100232662917,2.04157980846526e-23,2.56909473476018e-21
"Os04g0565750",775.855083695302,12.6649441405703,1.27039045287108,9.96933195770444,2.07620582491053e-23,2.60100392226068e-21
"Os09g0322500",425.524769181292,-12.1324867163397,1.21729689155389,-9.96674418584311,2.13100082504622e-23,2.65778422899764e-21
"Os11g0100300",367.786068583372,2.97406111186109,0.299100465034471,9.94335168124307,2.69600181657737e-23,3.34757535295549e-21
"Os12g0511400",831.21871855537,12.084652052252,1.21555717254964,9.94165665355278,2.74228052612415e-23,3.39003859577515e-21
"Os12g0281966",345.136413361835,12.4277278206184,1.25073127345893,9.93636929398046,2.89175254721798e-23,3.5591385956154e-21
"Os10g0552700",2872.74568161967,-9.60277497091379,0.966543951732809,-9.93516637675715,2.92686936183977e-23,3.58662917170077e-21
"Os05g0325200",1430.28182994267,-2.62239332596146,0.264004883331683,-9.93312431523023,2.98745274993881e-23,3.63136209556023e-21
"Os06g0331500",315.455870696101,11.9212025646751,1.20015357943244,9.93306420859294,2.98925466493626e-23,3.63136209556023e-21
"Os04g0384200",344.796848632994,-12.017205402244,1.21033198362855,-9.9288505672772,3.11829278686396e-23,3.77179018038691e-21
"Os11g0194800",1349.4971379427,-2.87938570594908,0.290034501173747,-9.92773512908441,3.15336533536802e-23,3.79784283438186e-21
"Os01g0136600",375.681788936759,-12.2451393377951,1.23459258098677,-9.91836458956201,3.46384977096524e-23,4.15395522533447e-21
"Os05g0128900",499.273429543919,-12.3317022815038,1.24343060276589,-9.91748333527665,3.49456172658404e-23,4.17295281580431e-21
"Os02g0166600",3939.16972669923,3.38599156687607,0.341883405150709,9.90393659318871,4.00204774241875e-23,4.75870609100656e-21
"Os01g0733801",459.682569851854,11.8653838197416,1.19879132504147,9.89778919140171,4.25578646176493e-23,5.0390666535885e-21
"Os12g0633700",677.624376900245,12.0184746010545,1.22075835314624,9.8450889728336,7.19755152570799e-23,8.45094941064509e-21
"Os07g0541600",425.737949265329,11.7758067421013,1.19607167644698,9.84540222295224,7.17516448099404e-23,8.45094941064509e-21
"Os01g0354200",310.084869128734,12.1182740666552,1.23105821181782,9.84378638664123,7.29138743573667e-23,8.5254547592351e-21
"Os10g0513200",2208.94964937869,-1.82263498715668,0.185176699564816,-9.84267994537138,7.37204397626169e-23,8.58399577020148e-21
"Os09g0273950",403.6766053073,12.3171320223962,1.251724901667,9.8401270167212,7.56153123158783e-23,8.76825162895941e-21
"Os11g0258500",329.374185118719,-12.0454461896162,1.22654090946865,-9.82066402891887,9.17372534256205e-23,1.05939539326328e-20
"Os01g0571700",8431.7014448394,1.95470186430676,0.199188057562021,9.81334869284581,9.86396886617521e-23,1.13443727181397e-20
"Os07g0434100",338.108231305154,-12.0361539271584,1.22689243580022,-9.81027641539582,1.01689620973191e-22,1.1647404668366e-20
"Os07g0674500",989.416769969631,1.82410095777106,0.185998678272736,9.80706408620992,1.04978434169373e-22,1.19752228441502e-20
"Os06g0566700",391.407906729662,11.7398222180935,1.19828702610219,9.79717042942629,1.15783615963012e-22,1.31543313002187e-20
"Os04g0440300",427.938437189485,-11.8262987100531,1.20764888774957,-9.79282871869421,1.20866253313241e-22,1.36764064535329e-20
"Os03g0643900",393.102428798068,-12.0942252031906,1.23570889859437,-9.78727693629773,1.2768836632208e-22,1.43903250430932e-20
"Os08g0297500",294.568854773452,-11.7389292060712,1.2001492729777,-9.78122427799802,1.35560725535182e-22,1.52164203198731e-20
"Os01g0943000",368.442734794469,-11.9234681057853,1.21929519624056,-9.77898391017113,1.38594894015524e-22,1.54950195851141e-20
"Os01g0943900",358.984868278978,-11.8955643859545,1.21660275764384,-9.7776898097719,1.40378045169247e-22,1.56320980299183e-20
"Os11g0549655",413.69321403504,-12.059289993767,1.23348511329463,-9.77659954205419,1.41897945190264e-22,1.57388938258071e-20
"Os09g0336600",290.495053123417,-11.7425818901587,1.20203319866603,-9.768933090359,1.53055314251086e-22,1.69095993248582e-20
"Os11g0225300",384.703761550814,-12.1089015206471,1.23962993929628,-9.76815833241428,1.54230058750082e-22,1.69725643476266e-20
"Os12g0141900",273.149075906852,-6.30662121086335,0.646188948854107,-9.75971690949984,1.67622461968037e-22,1.83743028427619e-20
"Os12g0272500",698.343244098849,12.1232283405986,1.2423626785707,9.75820390431075,1.70141679478332e-22,1.85778825273189e-20
"Os03g0610900",246.801794757705,-2.76171117587007,0.283078203498842,-9.75600078612684,1.73877118210915e-22,1.89121693458709e-20
"Os06g0139150",371.819998179653,-12.0163737467084,1.23260619254677,-9.74875334828602,1.86747392432328e-22,2.02336112989807e-20
"Os12g0528801",358.027025053247,11.6677770634798,1.19707876225438,9.74687500219839,1.90234108970393e-22,2.05321137151045e-20
"Os06g0138900",371.078958783984,-12.0107484554046,1.23272628474167,-9.74324033166992,1.97165020412128e-22,2.11986390912075e-20
"Os11g0640800",288.913301159204,11.6668096668498,1.19809955125277,9.73776315553299,2.08084141689913e-22,2.22872411606959e-20
"Os12g0116200",399.749537844923,-12.0360235173216,1.23662291887281,-9.73297788164277,2.18112418351564e-22,2.32725121056335e-20
"Os02g0163500",446.983971468349,-12.1754654749473,1.25167479819759,-9.72733931567523,2.30544200705546e-22,2.45058006068145e-20
"Os09g0327800",455.865874560621,11.7217003224985,1.20583696032238,9.72080033055603,2.45841515151647e-22,2.60332248988133e-20
"Os07g0137000",1067.45953705056,12.6216113242007,1.30043436892802,9.70568882657641,2.85143687989328e-22,3.00815871141223e-20
"Os02g0800500",4047.5975609556,-2.41330088244206,0.248740812997712,-9.70207041360865,2.95441609782988e-22,3.10512451450569e-20
"Os04g0152500",310.950243680119,11.5450138493911,1.19022048896969,9.69989506682501,3.01808868207192e-22,3.1602091267277e-20
"Os06g0161100",350.376478839793,11.5840205314731,1.19462947280399,9.69674764869431,3.11262489813203e-22,3.24708103685432e-20
"Os01g0152300",2610.07030854777,3.28444023428567,0.338745362393857,9.69589726948606,3.13866599604525e-22,3.2621201918897e-20
"Os08g0521000",5973.62535453192,2.58980906627509,0.267329747466709,9.6876950313867,3.40117671820643e-22,3.52191221646896e-20
"Os03g0400600",318.573053824738,-11.844359815653,1.22665579417269,-9.65581369437167,4.64457225796305e-22,4.79176421702055e-20
"Os03g0382350",323.814254946916,-11.8716052253586,1.2302736015405,-9.64956511339708,4.93646274097794e-22,5.07424972297886e-20
"Os09g0523700",308.919627588184,-11.6692365122872,1.20989028606429,-9.64487164389639,5.16758019724303e-22,5.2924319523735e-20
"Os03g0416400",355.275824731361,11.7627222763023,1.22014457433026,9.64043321076024,5.3959770484658e-22,5.50625119760171e-20
"Os11g0655200",559.55034042788,11.7653380955596,1.22172662594589,9.63009059940115,5.96768391191822e-22,6.06757775131337e-20
"Os04g0630400",536.778171248189,8.16912565077627,0.848630444483804,9.62624626994769,6.19513214173306e-22,6.2760937964373e-20
"Os12g0100200",344.267767753835,2.90806452777483,0.302685871412144,9.60753309762232,7.4307905654935e-22,7.5008217571539e-20
"Os02g0801200",2501.12479825269,-2.39426912239757,0.249471778172018,-9.59735461839154,8.20225144579226e-22,8.24987742192912e-20
"Os12g0467300",2279.10385390785,-2.4447503732231,0.254802835348875,-9.59467491747397,8.41820501396631e-22,8.43684532506867e-20
"Os01g0521200",411.07962745975,11.5228517048972,1.20113173479831,9.59332883402009,8.52879735104173e-22,8.51726374608302e-20
"Os12g0245000",454.181223405012,11.6473897924313,1.21501141585098,9.58623897724744,9.13545138183039e-22,9.09074598145122e-20
"Os08g0421400",237.913885947692,-11.5425065856719,1.20418478762022,-9.58532835187436,9.21640172418358e-22,9.13889276268691e-20
"Os04g0622000",244.022758342414,11.4981569395093,1.20042987374507,9.57836620946266,9.8592139691924e-22,9.74187543674216e-20
"Os06g0626200",397.250847551035,-12.2288077999267,1.28045762864771,-9.55034163281255,1.29269296690175e-21,1.27282631709462e-19
"Os05g0173500",1674.27596307034,-2.44438234061629,0.256054928030842,-9.54632023454697,1.34384868198335e-21,1.31537095988434e-19
"Os11g0485200",310.023539391772,-11.7984542839892,1.23593070501524,-9.54621018485315,1.34527640755044e-21,1.31537095988434e-19
"Os06g0586300",660.728256953505,11.8733703566308,1.24397592205404,9.54469467304925,1.36509115326885e-21,1.33011069246634e-19
"Os09g0380400",2212.20915341894,2.70522453984032,0.283741183959972,9.53412720030785,1.5115163209454e-21,1.46768757779826e-19
"Os11g0229600",250.003980290324,-11.5022508758553,1.2074416969095,-9.526133564292,1.63250390284252e-21,1.57970084557127e-19
"Os07g0188800",28000.7642908585,1.05697651447902,0.111028173040208,9.51989468561502,1.73354653293408e-21,1.67171074938818e-19
"Os02g0801210",295.113940256018,-11.6743482915382,1.22774449701983,-9.50877672013678,1.92917690232822e-21,1.85399185729913e-19
"Os07g0609550",278.198471872905,-11.5523837339265,1.21538995707202,-9.50508408162033,1.99886467022418e-21,1.91440752135941e-19
"Os04g0614600",11043.2016426941,1.24425303310611,0.130916514710442,9.5041716918459,2.01646354682248e-21,1.92469387928342e-19
"Os01g0145200",251.631522698382,-11.5711217301175,1.21880737145715,-9.49380681566079,2.22747646745988e-21,2.11889642813081e-19
"Os08g0161401",273.902520263078,11.7268140955377,1.23591930701868,9.48833312089405,2.34758023297147e-21,2.22560123302856e-19
"Os09g0112100",424.178339271876,11.6337297210329,1.22695280133152,9.48180704947062,2.49917051283572e-21,2.36133747243084e-19
"Os05g0164900",2173.45301982586,1.68218195335837,0.177487452124774,9.47775143099015,2.59821335242712e-21,2.44667996965805e-19
"Os11g0202600",233.107644273953,-11.5986533595652,1.22386387561001,-9.47707795835064,2.61503210894719e-21,2.45428197462462e-19
"Os07g0164700",268.000404429075,11.3383032028651,1.19823007932597,9.4625426272416,3.00544502328663e-21,2.81129327478231e-19
"Os08g0185300",264.860972808266,11.5368746957045,1.22092836542445,9.44926420125708,3.41220812996894e-21,3.18117556621888e-19
"Os11g0227200",363.228473978513,-11.8387156545246,1.25344006407975,-9.44497945597128,3.55474045128773e-21,3.30308366039855e-19
"Os03g0654800",360.493140541377,11.4259001544471,1.21141399698851,9.431870675798,4.02839325986215e-21,3.73085054977728e-19
"Os04g0179100",125.638792818037,23.8199221276757,2.527669621083,9.42366910967973,4.35594448340606e-21,4.02093796359674e-19
"Os02g0108302",278.018297252211,-11.7494195116551,1.24705473522215,-9.42173521321983,4.43693954034419e-21,4.08227532397176e-19
"Os01g0223900",514.773832611549,2.81198030145204,0.298474407482576,9.42117726330084,4.46058312561791e-21,4.09061711343431e-19
"Os11g0111101",277.375575920355,11.326342054327,1.20251699215124,9.41886237637675,4.56001665040805e-21,4.16818199491044e-19
"Os12g0565100",236.427242490004,-11.5790084813851,1.22940757104524,-9.41836438467725,4.58169221631052e-21,4.17439762902941e-19
"Os01g0768600",455.927918052707,11.3495289418854,1.20561782581239,9.41386955210094,4.78200267061715e-21,4.34280126028668e-19
"Os01g0893300",245.025972582663,-11.5087994898049,1.22303634771845,-9.41002245049735,4.96030950942232e-21,4.49020017591642e-19
"Os03g0291500",65569.8656911305,3.04031969122983,0.323313940665619,9.40361459506076,5.2720130560004e-21,4.75701705393837e-19
"Os10g0382600",689.184764022538,11.625821865542,1.23685998410419,9.39946478579147,5.48413183645815e-21,4.93255473059899e-19
"Os10g0567900",103.621419775593,-7.06804789810056,0.752412486058917,-9.3938471637047,5.78478192408991e-21,5.1863434617831e-19
"Os06g0361750",429.649884924403,-11.3372413401448,1.20731510767142,-9.39045760970492,5.97401367727443e-21,5.33894177744188e-19
"Os01g0145600",232.851175255978,-11.5243682945762,1.22790654225278,-9.38537901543632,6.2690559432288e-21,5.5848332659964e-19
"Os06g0134300",608.342268198917,-2.60784121978886,0.278113934263312,-9.37688083373709,6.7953237852578e-21,6.03450557157926e-19
"Os02g0800800",394.611092881759,-2.72864138128157,0.291028816317085,-9.37584606161005,6.86231657259443e-21,6.07477374322223e-19
"Os01g0341000",292.070060900829,-11.6097917912462,1.23987823501761,-9.36365480363588,7.70251708983425e-21,6.79710800550091e-19
"Os05g0298900",248.614598244173,11.41261863718,1.21927938735289,9.36013415428706,7.9635513535619e-21,7.00542878005185e-19
"Os12g0471100",369.606370447426,11.8729210801058,1.2687283627176,9.35812694742172,8.11626917878982e-21,7.117460802975e-19
"Os06g0122800",298.99884347285,7.55000207550961,0.808226547251052,9.34144281846315,9.50301746536962e-21,8.30759115617453e-19
"Os04g0603800",258.579377100565,11.485083113135,1.23000797873373,9.33740537598677,9.87236734242822e-21,8.60367616034847e-19
"Os04g0370300",262.009174789377,-11.5064235338919,1.23281065028673,-9.33348809990875,1.02442819647195e-20,8.90015605244456e-19
"Os02g0801450",933.645450238642,-2.76311360512343,0.296203349501358,-9.32843470465471,1.0744591599297e-20,9.30601016850227e-19
"Os07g0442000",333.189381143133,11.2025065463985,1.2011237198461,9.32668830137988,1.09230513580582e-20,9.4314666833794e-19
"Os11g0558500",184.987701514915,-7.70296821934186,0.82598224657016,-9.32582782660035,1.10120554674692e-20,9.47915032294845e-19
"Os06g0271400",405.115071472512,-11.7759431716434,1.26392239293853,-9.31698278109089,1.19695639837603e-20,1.02718625233114e-18
"Os03g0236200",2737.47642848316,-2.30649686757249,0.247726607361179,-9.31065456448802,1.27046944567613e-20,1.08694858489523e-18
"Os06g0307900",212.37547612777,-5.73626693045469,0.616676605735529,-9.30190455921848,1.37952072752326e-20,1.1766598983513e-18
"Os10g0165400",327.221860680266,-11.7379570342066,1.2631170502076,-9.2928498053901,1.50211509033979e-20,1.27734405045804e-18
"Os08g0246950",288.4496807397,11.3085491046654,1.21757179583646,9.28778832043869,1.57527498126206e-20,1.33550956266392e-18
"Os05g0406550",220.236660075768,-6.40594133675823,0.69005190778484,-9.28327458338919,1.6434829296498e-20,1.38913909553713e-18
"Os02g0467200",204.937001932631,-11.3283399683675,1.22126890775337,-9.27587683306124,1.7616403559937e-20,1.48453908918604e-18
"Os04g0454900",94.4945592389061,6.67778275416617,0.720624011443532,9.26666701098322,1.92053474268998e-20,1.60999194960947e-18
"Os06g0161300",1923.85178253904,-2.82637521821261,0.305016288321328,-9.2663091330883,1.92698710903768e-20,1.60999194960947e-18
"Os12g0406000",303.237678300148,-11.7966138930772,1.27307059430454,-9.26626845820871,1.92772181266048e-20,1.60999194960947e-18
"Os12g0131701",353.079087261458,11.2430051908915,1.21408146380829,9.26050312606277,2.03471151205998e-20,1.69430487986431e-18
"Os12g0129700",583.967920303264,11.3431499065936,1.22516905094317,9.25843653809345,2.07447438848784e-20,1.72230474230017e-18
"Os11g0146000",196.942619372191,-11.3353849356309,1.22478024955515,-9.2550357010966,2.14158828344661e-20,1.77278024808492e-18
"Os03g0673600",560.808904405798,-12.930905977284,1.39923147131778,-9.24143448910983,2.43214380847471e-20,2.00737704568875e-18
"Os06g0215600",7831.64182639436,1.97002070637154,0.213515008014822,9.22661467541796,2.79320287879097e-20,2.29861757139684e-18
"Os05g0215033",1370.24823931121,14.1776672366459,1.53679836365349,9.2254570098193,2.82354242698814e-20,2.31679086509184e-18
"Os08g0424200",6216.88249738691,1.15417566111116,0.125147751129191,9.22250420560649,2.90241134645686e-20,2.36765893035676e-18
"Os11g0550300",238.00950842868,-11.3546067617168,1.23117719782694,-9.22256096178353,2.90087506308008e-20,2.36765893035676e-18
"Os05g0243100",231.392948323822,11.1168917722975,1.20663472886315,9.21313758536638,3.16728653776343e-20,2.57624332819471e-18
"Os04g0161100",179.571153844317,11.4020937107389,1.23863139096258,9.2053970163617,3.40410475306665e-20,2.76086669307966e-18
"Os12g0132000",239.107417174344,-11.3609307996645,1.23469759261826,-9.20138734179665,3.53357652236063e-20,2.85761453517245e-18
"Os07g0521300",229.566109981736,-11.3231021811944,1.23311717624737,-9.18250300888109,4.21185325756738e-20,3.38661965942281e-18
"Os12g0407100",199.690395033446,-11.1707459551221,1.21648690418329,-9.18279178896855,4.20057006374041e-20,3.38661965942281e-18
"Os09g0276600",215.538568717535,-11.4354836537869,1.24741610259837,-9.1673368894042,4.84848632982271e-20,3.88737781107099e-18
"Os02g0272800",171.941928643057,-11.1637679169835,1.21894046084238,-9.15858343833179,5.25830053549195e-20,4.19676989123726e-18
"Os08g0146001",345.384637863349,11.1080982594577,1.21287829887949,9.15846072084879,5.26428266593798e-20,4.19676989123726e-18
"Os01g0116400",1787.84455132342,6.30711394935094,0.690235314194757,9.13762860236867,6.38367425053382e-20,5.0747497682289e-18
"Os01g0584300",269.274249906868,10.9450785093731,1.19792592456122,9.13669057907902,6.43926908752022e-20,5.1044850037851e-18
"Os04g0380500",763.120820524043,-1.6011632124779,0.175679890597482,-9.11409499990229,7.93297807852059e-20,6.2708515729421e-18
"Os03g0743200",877.299132296806,-2.61928890195316,0.287798155429406,-9.10113165265109,8.93954418723643e-20,7.04667103882664e-18
"Os08g0373000",782.329881960271,11.2885042730171,1.24070014532291,9.09849516466297,9.15920396582502e-20,7.19959612574178e-18
"Os05g0243200",608.949556447083,11.3818525878587,1.25106857040282,9.09770483978669,9.22608327423665e-20,7.23190918552036e-18
"Os09g0120800",1034.73732969307,-1.6912120286178,0.185977074525648,-9.09365862933053,9.57611853885691e-20,7.48537711524798e-18
"Os08g0204632",243.210270887214,-11.577273412564,1.27346808901703,-9.09113743203431,9.80082952490485e-20,7.63974661466333e-18
"Os02g0773800",235.465816292484,-11.3886836862858,1.25665459128394,-9.06270009696924,1.27260558112482e-19,9.89248138989604e-18
"Os06g0287700",322.578228266294,-11.6969633817242,1.29112906440967,-9.05948421746073,1.31068849420559e-19,1.0160370310607e-17
"Os08g0114400",1094.34483429491,5.23010114626553,0.577390980321536,9.05816218908201,1.32666884050805e-19,1.02559176314978e-17
"Os11g0460700",181.448220559511,-11.0319500433295,1.22030499395474,-9.04032196703331,1.56211030999974e-19,1.20428405272562e-17
"Os04g0160600",137.408257538222,11.0649256115971,1.22418916519046,9.03857502273813,1.58727367775029e-19,1.22033079301448e-17
"Os03g0390900",229.270573653616,10.9143016574742,1.20854427986347,9.03094891873315,1.70189524116918e-19,1.30487935130299e-17
"Os08g0149000",303.331626282818,11.6936046342769,1.29535499564256,9.02733588368664,1.75901848548062e-19,1.3450020909961e-17
"Os01g0967000",201.206754906425,11.066764583248,1.22624256384672,9.02493920006462,1.79795183389466e-19,1.37103598811826e-17
"Os12g0140600",309.788534807331,11.0982243962375,1.22983653313277,9.02414597163322,1.81102418036121e-19,1.37726180350396e-17
"Os06g0621200",353.931480763846,-12.0438962002008,1.33523972934326,-9.02002534490539,1.88045790889069e-19,1.42620026592677e-17
"Os04g0302400",180.518310068716,11.1250452839136,1.23501682790937,9.00801109143267,2.0982714845557e-19,1.58710766575747e-17
"Os01g0784450",126.128595478494,-6.57229821365969,0.729787540879235,-9.00576927600259,2.14159054786581e-19,1.61551919231748e-17
"Os02g0761000",1709.43074863522,-3.16534038297611,0.351595034706844,-9.00280171935686,2.20029497074488e-19,1.65535328335235e-17
"Os06g0301500",1562.34625860787,-1.98800698919115,0.220834797740052,-9.00223610380129,2.21166308501411e-19,1.65945693827984e-17
"Os11g0111000",223.888369734415,10.8893384217857,1.21068244446241,8.99438037744161,2.37568469326742e-19,1.77777236966588e-17
"Os06g0491901",165.196045435842,-10.9226191446488,1.21556815567946,-8.98560816488596,2.57307280330562e-19,1.92036087782878e-17
"Os07g0283600",216.556922187567,10.8219837326067,1.20479650492697,8.98241627391066,2.64884527047772e-19,1.97166832838583e-17
"Os06g0635500",249.299737269783,-11.2114991606655,1.24869689878252,-8.97855930578249,2.74335244265012e-19,2.03661259909121e-17
"Os03g0259001",183.574785704062,-11.0683607183805,1.23383005163143,-8.97073361420023,2.94546018908508e-19,2.18088400596584e-17
"Os04g0111350",164.591897205712,10.9516101900339,1.22171465560004,8.96413097758498,3.12737122039434e-19,2.30948134701858e-17
"Os02g0118800",189.426529231206,-11.2243247664611,1.25322730128219,-8.95633597750179,3.35646161560567e-19,2.47215290963586e-17
"Os12g0584200",354.978752029155,11.0759704821975,1.23697857529547,8.95405199686011,3.42667316157371e-19,2.5172592214681e-17
"Os10g0125600",361.605961370112,10.9951345078186,1.22827931918267,8.95165646453697,3.50187309704216e-19,2.56578493078844e-17
"Os04g0672900",1000.34199172561,-0.994930070944332,0.111269164328159,-8.94165132767646,3.83397629316657e-19,2.80179798799063e-17
"Os11g0429900",313.074547000822,11.0247970152455,1.23459636450432,8.92987970175331,4.26472290413751e-19,3.10848452301057e-17
"Os11g0691100",9336.02232416443,17.0550054373341,1.91001158763525,8.92926804619525,4.28836658505812e-19,3.11762028782127e-17
"Os03g0416500",368.60713038713,10.7511271907559,1.20411607509757,8.92864684153039,4.31251192708158e-19,3.12707260200939e-17
"Os02g0163400",295.890764043059,-11.5978860252167,1.29976492060257,-8.92306434908238,4.53561053566635e-19,3.28036863020281e-17
"Os02g0102200",294.315398265622,3.58711559944487,0.402463105187325,8.91290543955641,4.97123776563849e-19,3.58619213828656e-17
"Os07g0469600",267.332981367538,6.09809166896723,0.684737575430022,8.90573540547643,5.30332859246414e-19,3.81594889645458e-17
"Os11g0615800",1610.30639330157,2.73236160798622,0.307015616778929,8.89974795631879,5.59736484327262e-19,4.01721872715898e-17
"Os11g0234300",311.935925173745,-3.21258669541533,0.361052349487519,-8.89784182259249,5.69430937453709e-19,4.07637014459847e-17
"Os11g0462900",244.348638731988,-11.8720552083221,1.33461497327383,-8.89549079402258,5.81616788650505e-19,4.15301026033345e-17
"Os09g0247500",160.767816936383,-10.9343232336206,1.23058987103637,-8.88543249946629,6.36725772272624e-19,4.53497426941989e-17
"Os12g0505950",186.104373359157,10.747497532223,1.20976800347445,8.88393270557351,6.45373381094678e-19,4.58492856209591e-17
"Os05g0195901",314.174588239878,11.2002044291044,1.26213282152692,8.87402992622798,7.0545591593414e-19,4.99911714973329e-17
"Os09g0272500",905.534028621847,-2.18775494235728,0.246970343738265,-8.85837104667038,8.11920853362342e-19,5.7390738002655e-17
"Os08g0144400",3776.82473899229,1.08442948333886,0.122583884132251,8.84642782381497,9.03653304028241e-19,6.37143693910565e-17
"Os01g0223000",171.976457923976,-10.887159390983,1.23098815891981,-8.84424379884892,9.21502212459963e-19,6.48100127469962e-17
"Os09g0124566",188.856835696843,-10.9696271560885,1.24048263520345,-8.84303161107084,9.31558599189907e-19,6.53534935261679e-17
"Os03g0269100",720.063749378887,11.3228412846896,1.28076401650784,8.840692851102,9.5126837831984e-19,6.65698085596293e-17
"Os03g0835150",8918.82651227216,1.79889208509685,0.203535548191816,8.83822065028927,9.72550575539048e-19,6.78898364447183e-17
"Os11g0655300",140.295611823583,-10.7469082336904,1.21622457422213,-8.83628604574438,9.89532201125687e-19,6.89038526749107e-17
"Os06g0113600",983.781726472707,-3.95880396521302,0.448312636363413,-8.83045367029073,1.0425200352369e-18,7.24138545267773e-17
"Os04g0370500",290.04016440696,10.7240687215028,1.21487615484661,8.82729377699973,1.07238855213488e-18,7.43046112345902e-17
"Os02g0184900",221.0791511358,10.8731797371711,1.23299659231202,8.81849942243756,1.1600380359592e-18,8.00922457447615e-17
"Os04g0508500",688.770071228592,3.12215475337407,0.354052185017539,8.8183462367826,1.1616258291682e-18,8.00922457447615e-17
"Os11g0237600",398.956097335071,10.9698679659152,1.24493544999815,8.81159578669842,1.23376795665945e-18,8.46503579456659e-17
"Os08g0236400",313.100797009338,10.823294203375,1.22826406273995,8.81186263744532,1.23083389141176e-18,8.46503579456659e-17
"Os02g0169800",1962.90409748848,-2.81968892730666,0.320262602858943,-8.80430278819839,1.31668490476963e-18,9.01190531649888e-17
"Os03g0283200",1328.82708375746,2.43646871257858,0.276866144879653,8.8001684483224,1.36610941808569e-18,9.32743612903178e-17
"Os06g0350200",152.073469902157,-10.9152529734656,1.24126865570196,-8.79362652341594,1.44808367759513e-18,9.85855329462081e-17
"Os09g0357300",228.666161971865,10.768580972698,1.22461994710666,8.79340647532344,1.45092385100078e-18,9.85855329462081e-17
"Os03g0101000",315.02699197471,10.5693897137922,1.20326547444744,8.78392170160608,1.5787160626152e-18,1.07009493113787e-16
"Os06g0241200",227.856383553799,-11.4952995581586,1.30889848787371,-8.78242252142299,1.59990776473877e-18,1.08184606491806e-16
"Os07g0580300",272.417040937404,3.43467995846656,0.391172033707976,8.78048444800291,1.62772022075749e-18,1.09800684699271e-16
"Os01g0252600",21.4818148263411,-22.2567822393969,2.53759510962602,-8.77081696562579,1.773745764593e-18,1.18866350687661e-16
"Os08g0282200",242.457613088949,-6.33284798705776,0.722041884323054,-8.77074879526563,1.77482007476766e-18,1.18866350687661e-16
"Os11g0688832",191.645830196321,-11.1905854410556,1.27583499345335,-8.77118553612141,1.76794850107942e-18,1.18866350687661e-16
"Os09g0520000",272.630778171636,11.1065982361351,1.2668542606658,8.76706862105666,1.83378031212746e-18,1.22522721711716e-16
"Os05g0469600",194.864424337222,-24.4357446600311,2.78818530640882,-8.76403178937356,1.88388672613854e-18,1.25571566054393e-16
"Os04g0498900",807.255619407256,-2.75903897645932,0.314865834762051,-8.76258606636176,1.90821318962447e-18,1.26820947605193e-16
"Os12g0198500",209.951522275657,10.8628908932717,1.23971891461938,8.76238215386657,1.91166919096987e-18,1.26820947605193e-16
"Os02g0100050",357.671548689419,10.8847604126057,1.243199824235,8.7554391501813,2.03310295771648e-18,1.34558809432641e-16
"Os06g0505700",267.435971036267,-11.5589860077806,1.32182529645579,-8.74471538619641,2.23578500453186e-18,1.4762493834629e-16
"Os02g0498100",303.347958499522,-11.7539350277047,1.3445500185892,-8.74190983243432,2.29202388334435e-18,1.50983038061993e-16
"Os12g0572500",430.684901669832,-2.57529195183889,0.294848375009615,-8.73429250459633,2.45185889564652e-18,1.61133640116236e-16
"Os05g0136400",76.0048856068636,28.7324647957323,3.29201928937381,8.72791507889301,2.59410314130208e-18,1.70083463437428e-16
"Os11g0605600",179.088595533683,11.3800330900252,1.30441007204162,8.72427569668606,2.67889719146631e-18,1.75233596706125e-16
"Os08g0120600",2576.06251769793,2.62059384230586,0.300983088128936,8.70678103077755,3.126262169411e-18,2.0354795591186e-16
"Os12g0141000",193.755652915148,-3.75062149921617,0.430764493142875,-8.70689566786596,3.1231032201873e-18,2.0354795591186e-16
"Os07g0648566",167.42646878132,-10.8329485547531,1.24439411420723,-8.7054000264655,3.16456604630686e-18,2.05564936091349e-16
"Os09g0561000",210.017816739002,-2.21144172393245,0.254218160347586,-8.6989919245297,3.34845349824585e-18,2.17007626022575e-16
"Os10g0571900",371.26198839121,10.7122828906919,1.23195828869229,8.6953292079904,3.45825631493889e-18,2.23607347257638e-16
"Os12g0625200",203.581688666393,10.6361443259494,1.22430764834397,8.68747682850475,3.70577973699019e-18,2.39061128688319e-16
"Os12g0545900",231.114924990628,10.5950671039308,1.21972662033711,8.68642770213745,3.7401479361201e-18,2.40724842622483e-16
"Os01g0104900",2491.93093905542,1.87821398339179,0.216244692553761,8.68559575363842,3.76762517155355e-18,2.41938438361867e-16
"Os03g0255500",16930.9105865858,-3.0440900525904,0.350492811583954,-8.68517114183739,3.78172578250752e-18,2.42289472394352e-16
"Os04g0479500",1671.39365728885,1.34449482977419,0.154922165769158,8.67851816490584,4.00958514404511e-18,2.56302911872879e-16
"Os06g0295900",140.814271157756,-7.28898601705071,0.839946893235649,-8.67791294396248,4.030973938447e-18,2.57084524228863e-16
"Os03g0439500",167.093712145193,-8.47753696237593,0.97694092143278,-8.67763523503835,4.04082596560145e-18,2.57128476749904e-16
"Os02g0798000",535.140727239984,-2.56205716497651,0.295672162669354,-8.66519574195297,4.50737899447382e-18,2.86167577698924e-16
"Os03g0231300",168.934104429701,10.4705174489732,1.20857983718252,8.66348844060013,4.57542958097342e-18,2.89832290973535e-16
"Os04g0420500",185.32666125051,-11.0520525994244,1.27629356837282,-8.65949094573516,4.73875679478469e-18,2.99502236881189e-16
"Os01g0189800",367.743683942095,6.8524329876782,0.791351413228649,8.65915303003104,4.75282409847836e-18,2.99716291801123e-16
"Os09g0325100",141.152475558662,10.5721349400647,1.22224346271172,8.64977826644201,5.15995894423895e-18,3.24660914558819e-16
"Os02g0289700",194.222952782904,-10.8676835147898,1.25677622695549,-8.64727011992938,5.27460141592455e-18,3.31131688889653e-16
"Os04g0420600",673.831563711903,-10.821000578763,1.25187785348044,-8.64381500853197,5.43665524959415e-18,3.40543347352926e-16
"Os04g0623600",702.14138483655,-2.15333210430121,0.249721722761947,-8.62292667408001,6.5264248875005e-18,4.07894287735054e-16
"Os02g0211600",284.743373196578,-10.8106662237194,1.25414872038886,-8.61992365655607,6.69987665414149e-18,4.17804308152264e-16
"Os09g0343200",285.385061781732,-11.4917548315929,1.33521093113937,-8.60669618828439,7.51963985044856e-18,4.67884996637001e-16
"Os11g0109500",911.474562010039,1.93151070432038,0.224600190343086,8.59977322979965,7.98737658398544e-18,4.95888853318141e-16
"Os09g0328800",216.805944845375,10.6074299784003,1.23370031378721,8.59806053371074,8.10745347015325e-18,5.02232581190818e-16
"Os01g0576050",151.20458915665,-10.6912072925762,1.24350891862999,-8.59761207370752,8.13918816633732e-18,5.03087881770392e-16
"Os09g0513900",371.841594430892,2.89147760149636,0.336699466419213,8.58771067340002,8.8719342782626e-18,5.47174109267264e-16
"Os11g0481000",183.530950673412,-11.0480994425193,1.28669960816006,-8.58638595399718,8.97478173978934e-18,5.52303344697299e-16
"Os08g0528700",199.032094608923,10.3850946175661,1.21032800507361,8.58039686269554,9.45463703886294e-18,5.80560228850267e-16
"Os03g0360700",5533.24611127282,1.88536652379174,0.219773562289059,8.57867754499055,9.59700962640764e-18,5.88015904227622e-16
"Os12g0575400",372.532743450873,-2.97710470696975,0.347373294897106,-8.570332695988,1.03186494593628e-17,6.3085390224104e-16
"Os12g0545600",143.445096063295,10.5178538276861,1.22872027511217,8.56000673279839,1.12860930197673e-17,6.88500744175456e-16
"Os11g0246100",1919.73987346204,-1.75613964984012,0.20549980873685,-8.54569968037744,1.27759854622737e-17,7.77700008768603e-16
"Os11g0250600",135.383747831994,-10.5743132173513,1.23749333178736,-8.54494561362882,1.28596820382247e-17,7.8110042717892e-16
"Os08g0208300",157.768383128793,10.698503887237,1.25211534340711,8.54434373284292,1.29268750485368e-17,7.83485891170715e-16
"Os10g0100300",1430.2795172457,-13.7400674041368,1.611435850429,-8.5265990579016,1.50713120659865e-17,9.11489567232139e-16
"Os04g0153200",135.619079528113,-10.6446537856645,1.24853718573744,-8.52570024126061,1.51888137407646e-17,9.16620411168464e-16
"Os11g0660400",1375.79871688495,-6.45128327814747,0.756826005556541,-8.52413002563707,1.53962598555177e-17,9.27145588123469e-16
"Os06g0566850",146.034128292886,10.6323027000907,1.24842806048501,8.51655216397497,1.64373633604348e-17,9.87720108395118e-16
"Os06g0490400",156.17884890926,11.0602657501821,1.2991251519762,8.5136260608591,1.68577042729057e-17,1.01081388313308e-15
"Os08g0198000",163.952844284961,-10.8058371847933,1.27001929874645,-8.50840392382936,1.7634393343318e-17,1.05513080170616e-15
"Os04g0377600",1265.95508617543,1.32729259987581,0.156073021191305,8.5043051627026,1.82686420928197e-17,1.09075454129512e-15
"Os05g0328000",115.475250698228,-10.6252570420737,1.24986959431599,-8.50109250628543,1.87814623387028e-17,1.11899234851099e-15
"Os05g0493800",514.678498810066,3.90672672637465,0.459658717577254,8.499189892375,1.90918368120638e-17,1.13507441656808e-15
"Os07g0289600",170.099092664158,-11.0324325576064,1.29896885800465,-8.49322328985881,2.00983631019995e-17,1.19238956737486e-15
"Os06g0653300",148.971570332736,-10.6745270016981,1.25837385696447,-8.48279463421781,2.19848499070884e-17,1.3015587723475e-15
"Os11g0211800",35513.276209898,-4.56914721069816,0.538704031472131,-8.48173940375372,2.21852019261628e-17,1.31065502410943e-15
"Os04g0413500",3569.11927104336,2.29583831181416,0.270779890328993,8.47861452718944,2.27891349316084e-17,1.34350568161932e-15
"Os10g0142900",156.056060695206,10.3646734900011,1.22312745825015,8.47391121840172,2.37288302891407e-17,1.39597156304794e-15
"Os07g0209401",209.704713070933,10.3169879347106,1.21816948036645,8.46925497723601,2.46967534096295e-17,1.44987509242892e-15
"Os06g0286700",712.048293738436,2.91015759268748,0.343641450034467,8.46858722193029,2.48387205831323e-17,1.455165296459e-15
"Os11g0550100",167.004862214083,-10.8727419768117,1.28420116961611,-8.46654109500763,2.52787668905596e-17,1.47785990933934e-15
"Os11g0616900",115.769201284191,10.2975284950594,1.21833030284993,8.45216479551666,2.85950594391759e-17,1.66826311430801e-15
"Os11g0687900",260.322793281718,-11.0276911967444,1.30496693540484,-8.45055219220802,2.89928269103277e-17,1.68795997667555e-15
"Os12g0216500",134.423891004002,10.3603549348219,1.22607787317997,8.44999747687407,2.91309117982215e-17,1.69248788174263e-15
"Os10g0450400",136.942981557632,-10.97615896129,1.29903685614088,-8.44945923543499,2.9265515978887e-17,1.6967952673544e-15
"Os11g0479400",94.4686947263916,10.5452801694414,1.24868817041243,8.44508694749497,3.0381923735339e-17,1.75789184301254e-15
"Os10g0389500",367.322278031074,-3.15603649977259,0.374183554892365,-8.43446073059101,3.32733458222432e-17,1.92122763469915e-15
"Os08g0201100",291.76969175724,10.4557693842174,1.24149377291174,8.42192656326814,3.70343187157708e-17,2.13399805298144e-15
"Os04g0419550",365.176315281243,2.66144668361365,0.3160864342836,8.4199965419134,3.76495421469578e-17,2.16500297485231e-15
"Os11g0246300",207.770626918793,-11.4215915498083,1.35735042962948,-8.41462256207936,3.94161969286301e-17,2.26195770595341e-15
"Os12g0468600",2463.35591189604,1.16505618318874,0.138591417729834,8.40640930205262,4.22753968799418e-17,2.42108609641822e-15
"Os01g0144700",482.597748669383,-1.59309638850213,0.189538284033229,-8.40514303813596,4.27340431369806e-17,2.44236806213839e-15
"Os01g0222800",126.807806808461,-10.3759037995391,1.23475619964612,-8.40320040710287,4.34472299209955e-17,2.47808163829873e-15
"Os12g0450500",181.538484747648,10.1659788349965,1.20982114130064,8.40287748986381,4.35669132852676e-17,2.47986758744661e-15
"Os05g0199700",195.131533364081,10.4656317552539,1.24556258134721,8.40233314004519,4.37694031736338e-17,2.4863501859484e-15
"Os07g0137600",202.897418230204,10.6304483888549,1.26574398371848,8.39857706265763,4.5192134006279e-17,2.56198316057414e-15
"Os10g0318900",264.497723000522,-3.20757256261761,0.382797701154523,-8.37928898983336,5.32483859911265e-17,3.01261332194151e-15
"Os04g0633600",141.751120808621,-10.7694906794823,1.2856425368445,-8.37673798963985,5.44148002434567e-17,3.07241071314262e-15
"Os10g0168900",177.356009803405,-11.1768214336382,1.33549362561498,-8.36905636931915,5.80814627743977e-17,3.27285543850431e-15
"Os11g0172150",154.098132309594,-10.6597126474633,1.27402483989853,-8.36695825201672,5.91246336013536e-17,3.32496085795829e-15
"Os12g0563200",577.133651221093,-2.70286825835683,0.323094648166522,-8.36556183674011,5.982914238421e-17,3.3578507871714e-15
"Os01g0162701",140.538379291449,-10.8008166169937,1.29194927494556,-8.36009340803944,6.26686178268384e-17,3.50320070409709e-15
"Os07g0644700",145.656956518856,10.1619915281783,1.21550266273462,8.36032025245921,6.25482297528438e-17,3.50320070409709e-15
"Os04g0296700",92.9857097787819,10.9137818798793,1.30552589377472,8.35968243289599,6.28873078351985e-17,3.50843664507225e-15
"Os03g0789433",180.390631380567,10.3417324597681,1.23791490883226,8.35415454324204,6.5903018476385e-17,3.66938592159587e-15
"Os07g0535700",177.480679171585,10.3209566624977,1.23719299233757,8.34223660044913,7.28984126161465e-17,4.0508420887808e-15
"Os10g0498500",2125.95152817752,1.19288329041478,0.143075124386875,8.33746114516195,7.59025783031567e-17,4.20944298882052e-15
"Os12g0215950",151.495744243969,10.2892044934325,1.23444927878754,8.33505650676742,7.74611899795466e-17,4.28740811283242e-15
"Os06g0488200",546.559971320956,-2.75834064111032,0.331419191948271,-8.32281505755663,8.58984190189395e-17,4.7450421939163e-15
"Os02g0801255",200.028385276066,-7.24507986665821,0.870940526841701,-8.3186849657015,8.89446126103229e-17,4.90366153059112e-15
"Os12g0284850",152.613466592605,-10.7799353839742,1.29633193004544,-8.3157215633779,9.11956990419409e-17,5.01790922846068e-15
"Os11g0238700",109.62937092311,10.3605176335057,1.24694806296632,8.30870021070436,9.67560202789742e-17,5.31343921931228e-15
"Os07g0510800",155.722278939614,10.1761745243269,1.22490201890762,8.30774573577901,9.75372463026212e-17,5.34587930809406e-15
"Os04g0140666",131.851573241172,-10.4358938338807,1.25623579923762,-8.30727307740633,9.79264108581615e-17,5.35674647466224e-15
"Os12g0500800",522.301061816008,-3.60898362827564,0.434574486161867,-8.30463762415034,1.00124553509743e-16,5.46633311398913e-15
"Os07g0116050",263.96578259588,5.89067597045706,0.710233682563678,8.29399691266955,1.09505297159776e-16,5.96686922116043e-15
"Os05g0124600",114.036045436495,10.6005597787885,1.27891580503336,8.28870808935857,1.14485131547995e-16,6.22612744476711e-15
"Os10g0552600",7203.93470769737,-3.52616689652907,0.42573417891683,-8.2825553388748,1.20559903890226e-16,6.54381435777085e-15
"Os04g0616200",600.967842869323,-1.79392904881053,0.216663752826897,-8.27978388357273,1.2339902395234e-16,6.68498727828292e-15
"Os02g0151600",989.887446546435,-2.42871152659704,0.29364683949146,-8.27085873222099,1.32997563134411e-16,7.19109367375308e-15
"Os11g0146950",262.465883079922,10.7884403829433,1.30458765381079,8.26961710961278,1.34389910139886e-16,7.25240318912593e-15
"Os12g0476200",2871.79825718585,-4.46183028822109,0.539593263521852,-8.26887692981808,1.35226769950677e-16,7.28355780874452e-15
"Os07g0209500",208.281613822802,10.5115894851061,1.27214938669388,8.2628578019631,1.42225630735339e-16,7.64585373504803e-15
"Os04g0271200",707.853964446411,-2.27787971104945,0.275827463096304,-8.25834993179826,1.4770000863614e-16,7.92496681137161e-15
"Os01g0520600",239.854747093639,-6.44335275334427,0.780366354536971,-8.2568305461701,1.49591563724141e-16,8.01114210157795e-15
"Os11g0693900",104.31365048086,10.4520166761783,1.26637129717684,8.25351672094854,1.53800344838858e-16,8.22084814641531e-15
"Os12g0575300",386.081405733777,-2.94192956626652,0.356941934219983,-8.24203962668451,1.69299472260704e-16,9.03209465889709e-15
"Os05g0128700",127.52620116156,10.368785016356,1.25841649622769,8.23954950323532,1.72860278837639e-16,9.20456384201486e-15
"Os09g0441250",34.7846959705373,-23.0476004900969,2.79786783623703,-8.23755868364911,1.75760119283497e-16,9.34125088510132e-15
"Os05g0365300",353.609403298084,-1.58392547475107,0.192354114807093,-8.23442470331113,1.8042254883404e-16,9.57092167368777e-15
"Os08g0384500",1696.25641522964,-2.27987128630427,0.277417713823273,-8.21818929614798,2.06598686852565e-16,1.09388157555787e-14
"Os11g0598800",161.888293723292,8.13880645692863,0.991099189221032,8.21189901620789,2.17717349151634e-16,1.15058083839796e-14
"Os06g0564800",115.395096742625,9.98246692417584,1.21627352605199,8.20741939239507,2.25993082225181e-16,1.19207102883516e-14
"Os02g0152200",399.880872797883,3.57139638175138,0.435374254025537,8.20304909794207,2.34365424632756e-16,1.23391417374191e-14
"Os06g0238600",115.243476136836,-10.3551395456121,1.26265646775046,-8.20107433026558,2.38248154146462e-16,1.25200743476742e-14
"Os02g0169400",272.988470928593,-11.4322381791806,1.39575600615981,-8.19071394192637,2.59681123265445e-16,1.3620881646869e-14
"Os08g0461400",123.97639609451,10.4950404088409,1.28174330413656,8.18809848662388,2.6538562131866e-16,1.38941255698586e-14
"Os12g0140300",95.7601606639942,10.1721900414309,1.2427516172051,8.18521569443444,2.71816364289501e-16,1.41779011425501e-14
"Os05g0498366",114.060327848604,10.441232636739,1.27560618854676,8.18531042769103,2.7160261912305e-16,1.41779011425501e-14
"Os11g0226800",2092.36148160649,1.67086210929876,0.204234482746151,8.18109697653516,2.81271421821134e-16,1.46438564733667e-14
"Os07g0481000",2017.8714769363,-1.12456978760231,0.137477757541059,-8.18001259051994,2.83814216977428e-16,1.4748878808927e-14
"Os05g0169200",85.701510795674,6.24790570099976,0.76491345128647,8.16812109983387,3.13229414801743e-16,1.62474008099196e-14
"Os11g0112400",958.777474078882,-4.68991580908649,0.574466375513838,-8.16395181509368,3.24238285773038e-16,1.67874073346181e-14
"Os06g0542300",1150.98299333913,2.66052718770235,0.325948881096327,8.1624062606188,3.28415432041727e-16,1.69723643719244e-14
"Os05g0153901",113.836834929489,10.0740693756334,1.23541982363679,8.15436921351773,3.5100702826838e-16,1.81065426971825e-14
"Os04g0431700",982.968399807882,2.06036274143645,0.25282100041315,8.14949208360654,3.65455955578056e-16,1.87868257530833e-14
"Os06g0363000",100.306634482404,10.3147348261632,1.26569450984005,8.1494663569859,3.6553370612157e-16,1.87868257530833e-14
"Os07g0534200",164.885195111581,10.2974513151363,1.26362852954945,8.14911271337621,3.66604135433123e-16,1.88073953355106e-14
"Os07g0521400",89.7337011351041,-10.3863339844279,1.2760104119448,-8.13969375735563,3.9627895188414e-16,2.02926641382714e-14
"Os06g0184834",140.508745890462,-10.5882349603338,1.30085145407823,-8.13946506124058,3.97028149522314e-16,2.02939962329602e-14
"Os09g0534600",97.6136509478176,-10.2088894017922,1.25475277049337,-8.13617601958199,4.0795856266551e-16,2.08147876100355e-14
"Os07g0504601",107.656572008033,10.16369210072,1.24947723440585,8.13435556955382,4.14135379155001e-16,2.1091591669415e-14
"Os08g0468100",3312.90120070109,-2.99061651631821,0.368036458468867,-8.12587027046179,4.44163894222848e-16,2.25799405791333e-14
"Os04g0611700",164.701630255768,-10.8814222563143,1.33954772386081,-8.12320611090449,4.54027309705631e-16,2.30396281464004e-14
"Os11g0550800",312.341708610148,-5.25079530596523,0.64645980327159,-8.12238484031353,4.57111166631842e-16,2.315424829968e-14
"Os04g0456200",329.365812187657,-7.12964487742855,0.877854730823632,-8.12166822947948,4.59818885569579e-16,2.32494370573937e-14
"Os07g0236200",87.2874981470996,-10.1087839392401,1.24498841743285,-8.11958071070598,4.67797000132444e-16,2.36102867225119e-14
"Os07g0538000",925.798514848845,4.58745318908235,0.565151734008791,8.11720625280961,4.77037658041014e-16,2.40334484020591e-14
"Os10g0145800",186.982998704523,-10.1481960251586,1.25040085245901,-8.11595417997468,4.81982537168784e-16,2.42390572724559e-14
"Os08g0543051",237.190281252432,-10.3324409679931,1.27325528104869,-8.11497986443298,4.85865370202389e-16,2.43906154179239e-14
"Os06g0334600",1499.46314181395,-1.62907456673482,0.200941793006008,-8.10719632966602,5.18011244055283e-16,2.59579134476417e-14
"Os08g0240000",189.336135182582,-3.6625439599144,0.4517775565473,-8.10696305479475,5.19006332959548e-16,2.59614183877199e-14
"Os07g0535600",92.1028958728905,-10.139192809948,1.25096350101541,-8.10510682503371,5.26991937824207e-16,2.63139639843824e-14
"Os04g0638100",130.843639375317,-4.20730731104003,0.519180549068795,-8.10374602551323,5.32922972037019e-16,2.65628498069322e-14
"Os07g0492300",164.016823223533,4.96128817908597,0.612732050591765,8.09699472109294,5.63335158456486e-16,2.8028920596819e-14
"Os04g0686650",2186.33287607481,1.40664448209866,0.173788672908607,8.09399403629942,5.77395176419084e-16,2.86776344082696e-14
"Os02g0215700",152.009958974481,-10.6053933795179,1.31086291174742,-8.09039090546901,5.94735481641889e-16,2.94866909643722e-14
"Os12g0210601",383.285854657758,11.4996054968141,1.42346914308243,8.07857729315609,6.55267359850542e-16,3.24305337779998e-14
"Os01g0144600",920.392765009328,-1.40167893928302,0.173612176174804,-8.07362116048661,6.82433929057217e-16,3.37156002063444e-14
"Os04g0244201",92.5526730194482,-3.98386534120476,0.494004620909384,-8.0644293040642,7.35787693885546e-16,3.62876524882534e-14
"Os09g0274100",116.276404805568,10.2633606350364,1.27347562484916,8.05933025710801,7.67135842855432e-16,3.77673088108932e-14
"Os08g0185900",217.361108892281,10.0627103268943,1.24864195257303,8.0589237820806,7.69690680144948e-16,3.78267248095053e-14
"Os08g0299600",89.0716503792144,-10.0373373552037,1.24611461913864,-8.05490698932801,7.95392685157092e-16,3.89534197746568e-14
"Os03g0164400",153.41026803148,10.0767472366578,1.25098187202679,8.05507055056829,7.94329791269375e-16,3.89534197746568e-14
"Os07g0658550",98.7046203090853,-10.3327976180583,1.28283121307963,-8.05468210681654,7.96856360142902e-16,3.89571135510978e-14
"Os05g0179100",603.385661470792,2.5862817907064,0.321316842643409,8.04900785601395,8.34678907270934e-16,4.07352339058034e-14
"Os03g0157400",256.700498481956,1.99215603947305,0.247606191516623,8.04566326581257,8.57795580001854e-16,4.17907284132153e-14
"Os06g0492000",114.478788023155,-10.6366415554395,1.32220988407499,-8.0445938905386,8.65318962076239e-16,4.2084195344512e-14
"Os05g0370200",103.845257957852,-10.1456169875804,1.26266776875105,-8.03506451868636,9.35296744896643e-16,4.54088187807779e-14
"Os06g0272850",1500.59333139174,4.05331923640383,0.504492828998398,8.03444370944012,9.40044243217526e-16,4.55604862749054e-14
"Os12g0569700",1211.98237913453,-3.07582118943973,0.382844880596184,-8.03411863481084,9.4253964025856e-16,4.56026679050616e-14
"Os06g0217300",975.487063021809,-4.19492537992467,0.522190355369133,-8.03332604057634,9.48651282604634e-16,4.58193671126527e-14
"Os04g0503100",117.690331987151,5.7943851153509,0.721965769524536,8.02584465904373,1.0082974618959e-15,4.8616569374094e-14
"Os06g0585982",119.419261404457,-10.5860814551816,1.32004378303517,-8.01949267988752,1.06182796888188e-15,5.11098052534532e-14
"Os11g0227800",646.319886111303,9.75641978874678,1.21670014563493,8.01875451708396,1.06822749509202e-15,5.13297944645072e-14
"Os02g0163533",130.477028834685,-10.411219541375,1.29905764896782,-8.01443996703872,1.10639984712137e-15,5.30731495896068e-14
"Os01g0649900",1516.13937368909,1.62706601545395,0.203163506308425,8.00865295652005,1.15971660529697e-15,5.55357805082656e-14
"Os11g0593700",90.2929569628049,9.96248164817653,1.24413195550042,8.00757637012016,1.16991095030099e-15,5.59285197399426e-14
"Os12g0258200",2779.65238695561,-1.15051887419331,0.143721984489037,-8.00516969121772,1.19302044285829e-15,5.69362919515127e-14
"Os12g0544600",261.599743879745,9.89260435039547,1.2363987207109,8.00114411692976,1.23268408607364e-15,5.87293392587412e-14
"Os05g0166900",100.01241978311,9.88994570341597,1.23623023528871,8.00008398201512,1.24334380004694e-15,5.91368029100292e-14
"Os01g0153700",97.0000772331697,-10.5065881087802,1.31334484964597,-7.9998700353623,1.2455060309447e-15,5.91394081901358e-14
"Os08g0145501",83.0713164497836,10.1018655399001,1.26408748611076,7.99142911459451,1.33383403397732e-15,6.32264369281613e-14
"Os11g0585200",84.0943473692937,-10.0414779660685,1.25670123287205,-7.99034623616933,1.34560302151833e-15,6.36767487181238e-14
"Os12g0408100",165.038987192389,-5.54330618827087,0.693959433137753,-7.9879398183359,1.37212400666486e-15,6.48224644360762e-14
"Os02g0289500",95.5267732718536,-10.1765102409576,1.27459224872141,-7.98413002367307,1.41516794523762e-15,6.67436014777447e-14
"Os08g0150150",1083.71297722495,-4.97505493733789,0.623190074373121,-7.98320631525204,1.42580293763614e-15,6.71323524093044e-14
"Os07g0491800",22.6821558036896,-22.7304583980447,2.84828705140191,-7.98039593195387,1.45864637568793e-15,6.85637095386175e-14
"Os01g0847800",906.431638248454,1.49694657733822,0.187753152499086,7.97295042673388,1.54930333579603e-15,7.27032612192447e-14
"Os06g0240400",109.003463471328,-10.4782061561944,1.3161528189095,-7.96123824350136,1.70326068731539e-15,7.97944931676868e-14
"Os01g0537250",319.240020282212,5.0415200666983,0.633332324246664,7.96030752527132,1.71612215878681e-15,8.02630333664589e-14
"Os08g0188151",189.480935942715,9.74414567738881,1.22482696639014,7.95552836831082,1.7836864425833e-15,8.32842079064436e-14
"Os03g0573001",109.253781304228,-9.95393138266346,1.25130106003904,-7.95486530024428,1.79326503084109e-15,8.35923642781771e-14
"Os05g0361000",951.779016309324,-2.12372923154241,0.267017393020905,-7.95352395405994,1.81279709345582e-15,8.43627065282872e-14
"Os11g0438000",123.468450480887,-10.3606119699019,1.30282361002782,-7.95242877865921,1.82889978033603e-15,8.49711682711747e-14
"Os07g0535100",276.749529210055,2.21603537810105,0.278772306678942,7.94926656991517,1.87618947252014e-15,8.70241801286943e-14
"Os01g0556800",267.604257585391,-4.14446058027513,0.522023724389385,-7.93921882596989,2.03458550071089e-15,9.42154097705428e-14
"Os03g0789900",869.195215171436,-1.45376551188525,0.18324084547799,-7.9336324174507,2.12827409138122e-15,9.83914786694232e-14
"Os02g0120100",12774.9154690716,-1.33450677527624,0.16827777586949,-7.93038039860493,2.18475628798163e-15,1.00836564067994e-13
"Os12g0112000",887.105232862547,-3.09215563599422,0.390070311295854,-7.92717504114003,2.24187187623651e-15,1.03133456706474e-13
"Os12g0535300",1190.69340113354,2.3870554469306,0.301118853359755,7.92728658566829,2.23985981542014e-15,1.03133456706474e-13
"Os05g0239900",171.016279403263,-10.9535354180425,1.38473212729086,-7.91021974731853,2.56934957387149e-15,1.18005053587532e-13
"Os12g0539333",332.747302373215,10.6419862810554,1.3473230378897,7.89861524057652,2.82018964179121e-15,1.29313989751544e-13
"Os08g0208700",136.048783996862,-10.462877041346,1.32468945094458,-7.898362166231,2.82592041997131e-15,1.29365381444102e-13
"Os10g0198333",178.616080193332,-11.0952923635316,1.40511437844523,-7.89636241272301,2.87160923997532e-15,1.31242831420501e-13
"Os11g0570000",254.265136967091,11.4133810038374,1.44560286403837,7.89523961785293,2.89758002944842e-15,1.32214456563222e-13
"Os08g0394000",169.655508647111,-10.7747861910147,1.36895221857496,-7.87082707841401,3.52304314337281e-15,1.60492916703454e-13
"Os05g0100100",263.099063619307,3.30688768687667,0.42015729421366,7.8705944950108,3.52959949727475e-15,1.60530990425485e-13
"Os03g0247300",714.107839104295,2.44291945001328,0.310632632588775,7.86433617631954,3.71059833064273e-15,1.68489984392389e-13
"Os02g0232100",317.213693760159,2.25445954122078,0.286850778481846,7.85934607935345,3.86143996614303e-15,1.75056103925534e-13
"Os12g0111600",4014.64579733682,-2.24409188100396,0.285710623101699,-7.85442227048442,4.01619049229182e-15,1.81777963862408e-13
"Os02g0834100",116.782949806226,-4.67303530244448,0.595012549652586,-7.85367519588108,4.04019773282355e-15,1.8257009465136e-13
"Os08g0424500",6252.87048264141,-2.06388687438359,0.262876515161825,-7.85116492096328,4.1219049927355e-15,1.85962858370006e-13
"Os08g0566700",89.9533930248907,-9.88926888247694,1.26024862293338,-7.84707771348994,4.2584339140529e-15,1.91814081053214e-13
"Os07g0126100",66.5610864562899,5.59269005787527,0.712730460080145,7.84685146927266,4.26612005066802e-15,1.91852341124753e-13
"Os05g0130600",501.088918309958,4.17732452150167,0.532980081165426,7.83767474455601,4.58965992275568e-15,2.06072058803792e-13
"Os09g0564200",793.442582635588,3.76371232496394,0.480293773034069,7.83627133283064,4.64122388460238e-15,2.08054352475578e-13
"Os02g0811200",89.0452390518931,9.58327653120651,1.22343251110796,7.83310599007033,4.75962739683428e-15,2.13021792679368e-13
"Os05g0170300",246.519639908887,20.6812689723369,2.64066707543278,7.83183505590059,4.80800050553334e-15,2.1484412450044e-13
"Os04g0598500",163.502873497275,-10.578287279632,1.35401737083857,-7.81251962305373,5.60559132126795e-15,2.50086015353611e-13
"Os04g0691100",5436.04062085908,1.17718077156939,0.150750979618748,7.80877692832577,5.77455988585273e-15,2.57215396058412e-13
"Os01g0223300",94.0151197822253,9.75708837943573,1.24963530413895,7.80794872481519,5.81262222698053e-15,2.58500483254402e-13
"Os09g0562400",79.1713572008359,9.73173749367439,1.24643298909443,7.80767003025552,5.82548584133448e-15,2.58662632404317e-13
"Os09g0519200",139.833643790142,9.84708075575966,1.26166843345062,7.80480869195419,5.95918717517524e-15,2.6418121723502e-13
"Os03g0438000",94.9444494870393,-10.0564000846535,1.28888385326657,-7.8024098596366,6.07360108069823e-15,2.68488692068827e-13
"Os06g0225400",280.23022807765,1.93799091239231,0.248384880611169,7.8023706902922,6.07548711651719e-15,2.68488692068827e-13
"Os08g0247700",126.614877605402,-10.883089448027,1.39608477106756,-7.7954359746399,6.41864765038519e-15,2.83207689253316e-13
"Os01g0783200",1408.26473271507,-1.37371723460392,0.176253881849671,-7.79396867852013,6.49366501055288e-15,2.86067861108532e-13
"Os12g0410150",84.2683791268569,-9.97262030894041,1.27971452417283,-7.79284763950491,6.55156045786316e-15,2.88165971110589e-13
"Os01g0781100",452.903151683102,10.25451218527,1.3159804607397,7.79229820745664,6.58012080339358e-15,2.88922532079566e-13
"Os11g0606100",65.956031686984,9.80649214586027,1.25851382592935,7.7921211065112,6.58935288044053e-15,2.88922532079566e-13
"Os03g0789500",184.871174900448,-7.86260452067766,1.00914401361093,-7.7913602168075,6.62916249065319e-15,2.90214598771778e-13
"Os02g0490500",594.249046900906,3.35684309687086,0.431102910509059,7.78663983712611,6.88147513383473e-15,3.00791207485468e-13
"Os07g0126500",69.810819059264,5.92202440460645,0.760830744773322,7.78362920437821,7.04731092233034e-15,3.0756086952167e-13
"Os04g0405900",1054.95988514695,-1.98870575363994,0.255651093111186,-7.77898396380031,7.3109327664304e-15,3.18570489583183e-13
"Os03g0400000",88.9277960582623,-10.0004250292046,1.2859223932077,-7.77684958441291,7.43529239300485e-15,3.23487093228686e-13
"Os10g0161100",107.26485531357,9.58126921945283,1.23215373257172,7.77603392026013,7.48336492439254e-15,3.25074592118117e-13
"Os04g0367800",90.5058193063891,-10.2668280658539,1.32038839777886,-7.7756121480048,7.50834263281528e-15,3.25655503805351e-13
"Os10g0467000",598.136105393747,2.6546181873484,0.341436669284076,7.77484794739417,7.55380843289584e-15,3.27121870746795e-13
"Os07g0194950",102.613886020504,7.41087369506808,0.953551699569171,7.77186354805558,7.73397392066885e-15,3.34407975596008e-13
"Os01g0256800",526.44492839184,2.46979505346667,0.31794347545896,7.76803188019965,7.97150008947216e-15,3.4414805463195e-13
"Os03g0126900",130.04821904074,-4.04610090581075,0.520935659465821,-7.76698778877936,8.03745888757078e-15,3.46462628729664e-13
"Os12g0267200",281.71414975117,-2.7920922843052,0.359748441011651,-7.76123525776383,8.41061349866725e-15,3.61991773005522e-13
"Os04g0345100",111.036485793481,9.81173027070379,1.26445562488032,7.75964777066216,8.51655820717477e-15,3.65990285466675e-13
"Os04g0400800",870.189771895657,-1.42961543749003,0.184241995500596,-7.75944395090644,8.53025538667634e-15,3.66018389389773e-13
"Os12g0557900",101.398262401424,-9.98000540665255,1.28626338318412,-7.7589127834357,8.56605307614937e-15,3.66993254080769e-13
"Os06g0138700",535.670720611586,-1.78073909568435,0.229622945467076,-7.75505728341804,8.83036078574976e-15,3.77740220075777e-13
"Os12g0263200",1110.30650547014,-2.72471882236256,0.351888312911605,-7.74313531420695,9.69947177674751e-15,4.14287027395873e-13
"Os10g0132700",261.175206633418,9.63971746974687,1.24518591718545,7.74158889584612,9.81820117684649e-15,4.1872091401925e-13
"Os07g0103500",854.266011583982,-13.4668859451675,1.73987934820346,-7.74012632489312,9.93180848489978e-15,4.22923231719663e-13
"Os12g0109600",92.4915419099345,-10.0329921066258,1.29700083762283,-7.73553248046813,1.02971206067291e-14,4.37814846160655e-13
"Os11g0166100",220.356218361716,-1.70805322475695,0.220911307046926,-7.73185061276255,1.05994284791682e-14,4.49986629322871e-13
"Os01g0846500",1041.2547871382,2.32016531470683,0.300126006433132,7.73063734889551,1.070094647081e-14,4.52926032977179e-13
"Os09g0520700",21660.5286945426,-1.2590354480538,0.162860398031381,-7.73076489602586,1.0690229314757e-14,4.52926032977179e-13
"Os07g0125201",66.7532854296282,5.88691892799843,0.761722476727945,7.72843011445097,1.08880929201911e-14,4.60153107720484e-13
"Os01g0124100",296.284652872067,-8.76662828273708,1.1352525610827,-7.72218322447673,1.14353849967856e-14,4.82556050796689e-13
"Os07g0104500",12920.7412500412,-2.24975268084402,0.2915091206117,-7.7176064890291,1.1853448709311e-14,4.99446663184213e-13
"Os06g0154600",164.722215914285,-7.02601300475403,0.910798260001133,-7.71412651221501,1.21813597262221e-14,5.12493728091821e-13
"Os02g0145000",1589.11817614434,-1.99016061824247,0.258029202695806,-7.71292782929185,1.22963630726705e-14,5.16557695427066e-13
"Os10g0111700",666.253345475664,2.22787843681917,0.288885152334671,7.71198664526101,1.23874097482349e-14,5.19604622354213e-13
"Os06g0689700",190.757903493875,9.5070564097327,1.23308518070761,7.70997540030207,1.2584199250562e-14,5.27071342342195e-13
"Os02g0779650",70.2525823230317,10.501135936035,1.36244654519228,7.70755812262192,1.28247903373189e-14,5.36347640008706e-13
"Os04g0527000",1478.3791244542,2.19894639136925,0.28540729517537,7.70459069736846,1.31263324596816e-14,5.48141579588666e-13
"Os07g0117000",367.212538854647,-2.11517472237229,0.27461988823266,-7.7021906023802,1.33753176973395e-14,5.57709012218041e-13
"Os11g0480000",66.3774489339634,9.83681098376874,1.27719349464372,7.70189562115864,1.34062378334434e-14,5.58168911101022e-13
"Os07g0136800",515.003734565204,10.4527250109327,1.35750037808232,7.69997944729766,1.36088117674637e-14,5.65763667879358e-13
"Os02g0800600",390.934623536301,-2.55913344834541,0.332464841813595,-7.69745587047744,1.38802001598136e-14,5.76192569356047e-13
"Os01g0606400",282.55797525589,-3.88738557235033,0.505325542837737,-7.69283410951302,1.43911055567981e-14,5.9651876533954e-13
"Os07g0541500",156.32090947274,9.44765724354077,1.23007666130564,7.6805434496357,1.58415104435707e-14,6.55670303934337e-13
"Os11g0251400",12802.5727115598,-11.7881245755819,1.53575653983285,-7.67577690202435,1.64419069815756e-14,6.79518105621465e-13
"Os05g0206200",135.722894582231,9.86612535773579,1.28546613085446,7.67513442861208,1.6524526533482e-14,6.80926965613174e-13
"Os10g0437525",120.815107466499,9.76198478647996,1.27188881873454,7.67518720401411,1.65177244551441e-14,6.80926965613174e-13
"Os11g0665600",124.823411381447,-10.4670142958515,1.36471123818518,-7.66976485792758,1.72311943830272e-14,7.09005537795468e-13
"Os07g0597500",76.7511213935121,-9.87905226571426,1.2880865470566,-7.6695562796528,1.72592362218128e-14,7.09119600082738e-13
"Os08g0198700",277.526113283452,9.93586533356691,1.29771977740973,7.65640279706538,1.91213358612114e-14,7.84477963358647e-13
"Os08g0445500",63.1498559164204,-9.67204569860186,1.26364398192437,-7.65409073833639,1.94684781282653e-14,7.97553917131943e-13
"Os06g0136600",2421.71087262596,2.0700727724562,0.270584043111808,7.6503874679736,2.00374622889283e-14,8.19666569609191e-13
"Os10g0191201",191.300350737341,9.84089413216532,1.28746868135108,7.64359884998386,2.11232821416219e-14,8.62826118570877e-13
"Os12g0212366",95.8522913951666,-9.92931444482744,1.29965310726154,-7.63997284302209,2.17267562011219e-14,8.8618638447076e-13
"Os04g0629600",193.340714428374,-11.0936882561726,1.4522682428983,-7.6388699611257,2.19136489524078e-14,8.91218575220967e-13
"Os11g0615700",8428.14076313864,1.60353494053842,0.209914793226454,7.63898015900454,2.18949040957362e-14,8.91218575220967e-13
"Os11g0685600",441.925249072877,9.76616764162729,1.27899832289093,7.63579393876977,2.24433036638908e-14,9.11438476723739e-13
"Os03g0231600",2999.13615356638,2.67512864955536,0.350391585465326,7.63468291055776,2.26376887151299e-14,9.18004076190716e-13
"Os01g0124500",82.8275594779322,10.0071282159283,1.3122107055818,7.62615955910174,2.41850459823989e-14,9.79337316534024e-13
"Os03g0276900",3371.55783385437,1.23345703133457,0.16174991102804,7.62570454286524,2.42705141105396e-14,9.81382084971125e-13
"Os09g0400000",1038.19387679493,3.48500427785295,0.45704980015431,7.62499901909231,2.44036241997097e-14,9.85344607614754e-13
"Os07g0110650",104.915723295982,9.5778715841343,1.25660559791966,7.62201887369492,2.49738508656507e-14,1.0069198318849e-12
"Os05g0518750",61.006555096197,-23.8438575310802,3.13062514050357,-7.61632468307746,2.61000676186083e-14,1.05081793043527e-12
"Os09g0256100",348.676868081274,5.65757051270368,0.744131869430534,7.60291387201744,2.89536197123556e-14,1.16403506642998e-12
"Os01g0623200",1412.20098437177,1.97154032384968,0.259419487910236,7.59981580308982,2.96552545145126e-14,1.19053755677575e-12
"Os04g0120300",100.182054995204,6.51441883862426,0.85734478595157,7.59836526140868,2.99894876026945e-14,1.20223571586688e-12
"Os03g0381500",77.1762883450697,-9.44678316340635,1.24645162882905,-7.57894084689104,3.48387294801821e-14,1.39464254874874e-12
"Os02g0528750",71.9983843032137,9.46485348247784,1.24889361520686,7.57859065594639,3.49328770512363e-14,1.39641936725327e-12
"Os04g0114950",103.201037700195,6.32866185421962,0.835307332011997,7.57644714907006,3.55146281548883e-14,1.41765504307607e-12
"Os01g0292700",65.1729303035349,-23.1852098571303,3.0605509484573,-7.57550200849199,3.577415759083e-14,1.42598637828675e-12
"Os03g0306800",3457.19914224371,-4.70434026279454,0.621038657892358,-7.57495560543659,3.59250461621113e-14,1.42996970978889e-12
"Os08g0518000",60.7982123370272,9.59075285708795,1.2664485642378,7.57295094953979,3.64840088812454e-14,1.4501618374299e-12
"Os08g0198800",217.867446646772,5.11950997323585,0.676357864101745,7.56923256896695,3.75435492925072e-14,1.49016560147997e-12
"Os12g0198900",403.716028755067,5.0749002415333,0.671436667895448,7.55827091993661,4.08462603713376e-14,1.61896576065039e-12
"Os07g0658500",118.204875668964,-10.2777702431219,1.35991469207083,-7.55765806711832,4.1039115987335e-14,1.62431547649731e-12
"Os12g0206950",150.74561002442,9.6271149141512,1.27404621886756,7.5563309804477,4.14598042580261e-14,1.63865496773061e-12
"Os07g0534100",91.2221480544692,9.38690067567059,1.24279903655567,7.55303182539127,4.2524102905985e-14,1.67835636532736e-12
"Os03g0789466",202.070591889044,-11.1639068125016,1.47871127681396,-7.54975429453366,4.36080147959591e-14,1.71871925730927e-12
"Os03g0117432",72.3721684641578,-9.76199221443757,1.2935472618254,-7.54668383794641,4.46480686469639e-14,1.75724278032413e-12
"Os01g0867800",4746.76070205045,0.785660417860884,0.104137806311748,7.54443026684205,4.54269022179699e-14,1.78539177876845e-12
"Os09g0268800",111.122556985507,-9.84399033417127,1.30515559949267,-7.54238830833485,4.61441291654955e-14,1.81104412956942e-12
"Os12g0292400",15534.0192222959,-7.9914202845586,1.06014979229221,-7.53801051762683,4.77195382330843e-14,1.87025933225812e-12
"Os12g0511600",91.6131554191495,-10.3703506023126,1.37609277708695,-7.53608388546709,4.84295112024892e-14,1.89543785685391e-12
"Os01g0115750",169.056096935493,-10.5823818333167,1.40480555622909,-7.53298688661433,4.95925937390545e-14,1.93825538371218e-12
"Os01g0114600",87.3430474995062,9.20942740344679,1.22528737982945,7.51613666724344,5.64185768188276e-14,2.2019723264116e-12
"Os04g0138800",92.6743015268454,-9.49140083384353,1.2636227805038,-7.51126125635322,5.85603905923734e-14,2.28239122333775e-12
"Os09g0358000",2327.16640404282,4.75907571251369,0.633698067568947,7.51000508928631,5.91250645120737e-14,2.30120327370016e-12
"Os05g0492100",443.186789908651,-2.65534979620801,0.353633509431138,-7.50876182655728,5.96892075358965e-14,2.31994257877053e-12
"Os10g0125700",108.914003605605,9.50018397803099,1.26529119367264,7.50829850514941,5.99007950373887e-14,2.32494621070429e-12
"Os02g0627800",88.6110204308879,9.45608197020559,1.26039322840909,7.50248553948623,6.26189242169256e-14,2.4270887449936e-12
"Os09g0344400",113.864825954292,3.59859757772617,0.479679721330061,7.50208403171171,6.28110823282092e-14,2.43117874799201e-12
"Os03g0431500",960.35353840609,-2.53957235118356,0.339125346864199,-7.48859492416684,6.96148303430577e-14,2.69081455797092e-12
"Os06g0147800",1710.07371997792,1.92568662341171,0.257210528132465,7.48681104694116,7.05671812396268e-14,2.72387378259478e-12
"Os10g0462600",858.771082423475,1.92317397634896,0.256903847795567,7.48596797148534,7.10217157832759e-14,2.73598337986807e-12
"Os11g0274100",1153.31430441682,-3.65512989312442,0.488270695973132,-7.48586782550955,7.10758992204342e-14,2.73598337986807e-12
"Os08g0132000",81.4914210243076,-9.84834571591301,1.31623286099057,-7.48222142737064,7.30766812591262e-14,2.80914771163507e-12
"Os08g0462900",1624.81162406074,3.44954067184735,0.461307905437491,7.47774020602553,7.56114815739908e-14,2.90261203273506e-12
"Os07g0117400",65.4934163883026,9.54792312105007,1.27801100198043,7.47092404232391,7.96336148476788e-14,3.052839480677e-12
"Os12g0135100",282.83509800499,2.28508618596405,0.306184866847282,7.46309316163492,8.45145455341343e-14,3.23553502971198e-12
"Os08g0453200",16140.926721172,1.07055101780835,0.143485027924003,7.46106428871011,8.5826358496461e-14,3.2812796622993e-12
"Os07g0181200",68.146146429389,-9.39779077856048,1.26011552003856,-7.45788035232904,8.79254559766203e-14,3.35695802124615e-12
"Os10g0549500",1639.9279320997,2.23555604277355,0.299766330679356,7.45766223213642,8.80710904391677e-14,3.35794964660859e-12
"Os12g0551900",498.730141155612,-2.7055068233383,0.362876206842016,-7.45572945353286,8.93719698094162e-14,3.40292566728879e-12
"Os04g0363700",609.037144967292,-12.7032477822768,1.70436974500227,-7.45334034444497,9.10061119650851e-14,3.46045191594067e-12
"Os01g0576000",96.8851951767876,-6.74019472518735,0.905764141083827,-7.44144575774673,9.95892756633442e-14,3.78169723094014e-12
"Os06g0479200",3695.59609237969,-1.28149566245152,0.172238714194985,-7.44023008091422,1.00510086756485e-13,3.81150547913578e-12
"Os01g0895200",1396.65920751476,-2.74367575923072,0.36879067514831,-7.43965600032414,1.00947826295246e-13,3.82293913832279e-12
"Os06g0239300",77.0879526328644,9.32825078990612,1.25443094555523,7.43624096883014,1.03590798307645e-13,3.91774256348939e-12
"Os04g0369066",114.479590110804,-9.85764176419993,1.32766972954671,-7.42476953780179,1.12976453876937e-13,4.2669518824961e-12
"Os12g0111500",338.063247425369,-4.29009838809576,0.57852736934511,-7.41554957538505,1.21121486678578e-13,4.56842897738474e-12
"Os03g0830500",272.713422150412,2.80763014510137,0.378651152762045,7.41482001209108,1.21790092262488e-13,4.587481300765e-12
"Os09g0495500",364.326318965,2.25993179019663,0.30480175608855,7.41443165944254,1.22147474454541e-13,4.59477537284629e-12
"Os05g0166833",63.1952271891237,9.53635097073699,1.28628542666972,7.41386847196678,1.22667580354752e-13,4.60816283790503e-12
"Os04g0531800",100.340128515335,9.48082297856145,1.27911811099503,7.4119996402727,1.24409095360462e-13,4.66733694385733e-12
"Os10g0161400",266.698871164315,9.86956818037677,1.33163816585957,7.41159906152584,1.24785534235453e-13,4.6752091611686e-12
"Os06g0274000",1800.78814313857,1.98157487063487,0.267416884487185,7.41005892142846,1.26243315075232e-13,4.72351987685488e-12
"Os01g0204300",87.4860834404517,-10.1707829675537,1.37279655466954,-7.40880572067144,1.27441838733298e-13,4.76201448539786e-12
"Os12g0472300",25.1168090999919,32.6378784573423,4.40945809827296,7.40178900217365,1.34361877412713e-13,5.01391356908983e-12
"Os06g0178650",112.881298303385,-9.97714001892699,1.34800095630836,-7.401433932399,1.34721702558732e-13,5.02066456467879e-12
"Os03g0754300",363.268837904953,9.91678231591336,1.34022820439036,7.39932369982041,1.36879816352289e-13,5.09432547278242e-12
"Os05g0166450",81.1516511172791,9.8394250101466,1.3299553390371,7.39831235030074,1.37926119946718e-13,5.12646725555604e-12
"Os05g0445000",52.6605873583174,32.6191179980866,4.41021542188737,7.39626409998065,1.40069295295674e-13,5.19923884204655e-12
"Os12g0405400",446.299350620731,-4.82616985958691,0.652590239951453,-7.39540612796466,1.40976723434659e-13,5.2260090000309e-12
"Os06g0585900",177.976095123358,-11.0279258153248,1.49165358409223,-7.3930877335947,1.43457750990949e-13,5.31096491861215e-12
"Os04g0369000",107.553367234027,-9.69829200988496,1.31201874858023,-7.39188523058813,1.44761455748517e-13,5.35216860502621e-12
"Os04g0431800",1802.09794758915,-1.06018521015675,0.143538975332443,-7.38604415770222,1.51261576944409e-13,5.5851347002816e-12
"Os08g0189600",1979.45695147024,-2.57595378745835,0.348870788848751,-7.383690093283,1.53961583682359e-13,5.67735868764041e-12
"Os02g0828400",207.065803751263,-5.36788024592805,0.727244174486475,-7.38112512172194,1.56957412055515e-13,5.78023477309957e-12
"Os01g0206200",452.400471359717,2.13716325104957,0.289575014229866,7.38034411129502,1.57880937067525e-13,5.80662497508373e-12
"Os02g0222200",70.0383836304698,9.16044041417071,1.24130156945863,7.37970581811626,1.58639665666759e-13,5.82689306013167e-12
"Os12g0540000",72.5217009549017,9.2260431956192,1.25234519815471,7.36701287249989,1.74493641964194e-13,6.40083736052183e-12
"Os08g0468700",1964.97654357209,-2.80885126878066,0.381478906662376,-7.363057877448,1.79744391196853e-13,6.58483956366331e-12
"Os01g0589200",4193.86876274773,-1.7286025422131,0.234966111046041,-7.35681641287576,1.88348101446019e-13,6.89103575329621e-12
"Os02g0704900",1669.03577110698,1.01267218618197,0.137674610518992,7.35554785566124,1.90145617481321e-13,6.94774260125109e-12
"Os07g0636100",930.566664173922,1.59687210678822,0.217150225560702,7.35376674219404,1.92697888352788e-13,7.03184413908446e-12
"Os07g0599500",818.212372086629,8.05045461397883,1.09522624620932,7.35049460496604,1.97474751419133e-13,7.1968006160048e-12
"Os11g0200950",630.575381066074,-2.16898638424084,0.295132478643176,-7.34919583982217,1.99402851331915e-13,7.25764307921685e-12
"Os01g0966400",2927.69436830411,-1.13551327263984,0.154552828689786,-7.34708825626876,2.02571121809443e-13,7.36340779820801e-12
"Os11g0615900",203.320242888542,9.53384709174667,1.30012324780892,7.33303331650591,2.25000972373842e-13,8.16814655466334e-12
"Os11g0655100",135.284866255835,9.16808314168549,1.25031284488536,7.33263133238154,2.25677131042602e-13,8.18210807663759e-12
"Os12g0141500",886.86241222449,-1.59308052222432,0.217436593247681,-7.32664405024802,2.35987517123904e-13,8.54487962003999e-12
"Os03g0411100",3670.1649794236,1.56299134149699,0.213493964606296,7.32100949260696,2.46112427366765e-13,8.90000893913164e-12
"Os06g0287000",264.601700687809,3.50673549278715,0.479211588377585,7.31771847308519,2.52222302482517e-13,9.10921782788212e-12
"Os11g0485500",377.97423870634,-5.44103308943721,0.743901847713353,-7.31418144229935,2.589550470031e-13,9.34035543573391e-12
"Os07g0596200",71.5727495702412,-9.69465595361703,1.32634848205281,-7.30928265444422,2.68572286264306e-13,9.67480808363152e-12
"Os11g0670900",109.531081538373,-4.06079871168548,0.555701862283305,-7.30751323200574,2.72131535165379e-13,9.79045530744983e-12
"Os06g0237300",4375.62176652531,-1.28645546303616,0.1760694963547,-7.30652094582321,2.74147784097982e-13,9.85036506703914e-12
"Os02g0484900",316.066276251899,9.70065498471939,1.32840562167453,7.30247962402568,2.82512103775817e-13,1.0137921555188e-11
"Os01g0269500",96.9463140880266,-10.1498441583736,1.39046971539261,-7.29957944859496,2.88668571412447e-13,1.03456161570576e-11
"Os03g0734100",5228.58940472378,3.20632198196435,0.43933527120922,7.29812102984427,2.91814093210785e-13,1.04450090353075e-11
"Os05g0127200",8837.47453330777,1.89029422400342,0.259123946808369,7.29494223627799,2.98787239759018e-13,1.06809777351816e-11
"Os07g0200900",53.0928544563593,-9.37070720364978,1.28461581026809,-7.29456007683275,2.99636504343639e-13,1.06977093955359e-11
"Os11g0229700",279.554531005987,8.89282414893828,1.21924288564769,7.29372650324241,3.0149717095544e-13,1.07504620220477e-11
"Os08g0417000",1344.19341654158,-2.02144298296994,0.27717844996326,-7.29292981917563,3.03286098365878e-13,1.08005260055118e-11
"Os09g0367900",1250.40815482022,1.39792786363425,0.191717082778058,7.29161868821344,3.0625292141465e-13,1.08923567563218e-11
"Os01g0234200",54.1594540185596,9.61234376242612,1.31957144193788,7.28444361323079,3.23000534351845e-13,1.14734696139006e-11
"Os07g0268800",383.726153762196,-4.97566824645032,0.683212132905189,-7.28275744356666,3.2706497888121e-13,1.16031573165164e-11
"Os08g0421850",60.1980717794918,10.286232447812,1.41335632676638,7.27787625314972,3.39116173704668e-13,1.20155026092177e-11
"Os12g0466800",49.5484695985062,-9.3383174230758,1.28332755186526,-7.27664376059175,3.4222739403021e-13,1.21104478326302e-11
"Os01g0891400",339.05080594081,2.57750148702336,0.354350461308906,7.27387648234614,3.49315411439622e-13,1.23398713922983e-11
"Os08g0316900",219.201117679682,5.91944729921522,0.813807285130309,7.27377034756746,3.49590113209221e-13,1.23398713922983e-11
"Os11g0648700",129.412424612215,9.45569762078911,1.302736393992,7.25833535041869,3.91883017737316e-13,1.38153533212872e-11
"Os02g0518400",683.829664614202,-2.15361414811063,0.296787348097216,-7.2564216834647,3.97464684590635e-13,1.39871486478529e-11
"Os06g0574100",761.569772261449,2.67243358915977,0.368290301462002,7.25632355386773,3.97752997683224e-13,1.39871486478529e-11
"Os12g0470700",339.614889039663,-10.653366214285,1.46922837155239,-7.25099407318729,4.13723789726439e-13,1.45305594334209e-11
"Os08g0426000",157.470354657174,9.46890971065498,1.30647792842754,7.24766144503613,4.24028884053809e-13,1.48738731803975e-11
"Os04g0623650",99.6034985134685,-5.33280101676032,0.736374934826338,-7.24196433711852,4.42232152124393e-13,1.54930320261108e-11
"Os04g0152000",82.1671656270307,-10.052551148656,1.38852122938719,-7.23975329717689,4.49501633861176e-13,1.57280733783196e-11
"Os01g0720500",79913.2207750933,-7.16899229672744,0.990322032516665,-7.23905160274903,4.51833105432844e-13,1.57899633930965e-11
"Os11g0426400",614.011017958721,3.90342996165846,0.539359899700645,7.23715271347562,4.58202122689238e-13,1.59926218493848e-11
"Os12g0140266",45.9870793265966,9.23415328554975,1.27733587334561,7.22922880210322,4.85744469216905e-13,1.69328711741178e-11
"Os11g0269700",60.9880408287681,-9.17238463339053,1.26946124109497,-7.22541526788082,4.99572880809781e-13,1.73933178427842e-11
"Os10g0501000",686.834008021173,1.72253531729463,0.23849959738875,7.22238249520786,5.10845414594654e-13,1.77637472420758e-11
"Os04g0559550",104.144704305038,9.03789330558251,1.2514702710158,7.22182021810759,5.12962617735854e-13,1.78152932907222e-11
"Os12g0552900",110.769717214119,10.0032787061988,1.38551285570503,7.21991042162401,5.20218309521243e-13,1.80449520417616e-11
"Os08g0271400",109.772052902043,9.11028368016972,1.26189683103252,7.2195154596873,5.21731373532415e-13,1.80750935852674e-11
"Os01g0267100",6975.71609494634,-1.27986103773983,0.177359893265868,-7.21618069436521,5.34680007751126e-13,1.85008512669693e-11
"Os07g0551700",845.719342932824,-3.03048934749415,0.420138597736418,-7.21307055295924,5.47040522373382e-13,1.89052353926624e-11
"Os06g0163300",2251.20877545911,-1.49262031407428,0.20708198834801,-7.20787126867774,5.68333190552831e-13,1.96169323410745e-11
"Os07g0572100",858.983668821843,2.07479461789925,0.288319581081014,7.19616270986553,6.1930720862157e-13,2.13501214844453e-11
"Os02g0807200",538.214644303959,3.51862955415473,0.489126419662217,7.193701694921,6.30578869852858e-13,2.17120297494612e-11
"Os08g0454600",80.8508789004831,-9.64094414585833,1.34091301913617,-7.18983558834347,6.48693885760166e-13,2.23083919389728e-11
"Os02g0725300",2353.58066308881,1.86557002175326,0.259602218708036,7.18626378094014,6.65883395616625e-13,2.28435450462026e-11
"Os07g0282500",76.1466307870469,-9.49856779119632,1.32176619368648,-7.18626927861146,6.65856597246979e-13,2.28435450462026e-11
"Os08g0547300",583.524684982875,-4.00720764879891,0.557839407173301,-7.18344311511505,6.79773268085711e-13,2.32915719768269e-11
"Os05g0488900",1183.5235747301,-0.883004805966717,0.122973361595138,-7.18045595007649,6.94793135432301e-13,2.37771767884161e-11
"Os08g0331000",2199.74041188446,2.22948408882924,0.310682191353537,7.17609232481637,7.17321231585581e-13,2.45182319132212e-11
"Os08g0234200",89.3756532494819,9.03714764081217,1.26114585867686,7.16582271482345,7.7320782391072e-13,2.63962992148207e-11
"Os07g0676400",65.7788088198599,9.69023072548561,1.35239054240021,7.16526064156547,7.76386972970536e-13,2.6472626045564e-11
"Os12g0558400",56.4044217825697,-9.28116286932631,1.29549552694216,-7.16417978781696,7.82536502457262e-13,2.66499263737326e-11
"Os05g0569900",215.41880108371,9.23786101829194,1.29009010389953,7.16063241657993,8.03057166549835e-13,2.73156244942078e-11
"Os03g0251350",628.608535617978,-11.7727367355242,1.644276193104,-7.1598292214522,8.07776279405348e-13,2.74096952269321e-11
"Os05g0489500",63.705412024845,-9.41391135882385,1.31481312669829,-7.15988543745661,8.07445102472403e-13,2.74096952269321e-11
"Os12g0442700",48.7816129874746,-9.21864412902074,1.28781602341967,-7.15835489027501,8.16509543816371e-13,2.76725734523853e-11
"Os05g0246300",2868.54797997002,-4.44428479054721,0.620870797578696,-7.15814756931597,8.17745027276351e-13,2.76810144215066e-11
"Os06g0565300",307.99967694678,2.48103414754688,0.346784788836726,7.15439150566378,8.4044886427364e-13,2.84152723243938e-11
"Os03g0621700",54.1188778141877,9.06075528447427,1.26697583323037,7.15148233046587,8.58457722851655e-13,2.89892185543479e-11
"Os01g0674450",366.727340497378,10.6991267703582,1.49628694223449,7.15045120582322,8.6493123772081e-13,2.91727168184151e-11
"Os01g0349600",99.3252535405331,-9.60092419141077,1.34309938719444,-7.14833487599593,8.78368237286912e-13,2.95903595134998e-11
"Os03g0857100",106.97627712227,7.33238752166488,1.02609642921207,7.14590491976995,8.94049301926084e-13,3.00825078065345e-11
"Os06g0492700",60.3185230192162,-9.47670955015363,1.32668886120248,-7.14312890330906,9.12299973078373e-13,3.06598345443417e-11
"Os10g0530750",88.2234994521429,-3.10057110933876,0.43434953154187,-7.13842397465526,9.44070607105638e-13,3.16896045174622e-11
"Os02g0327500",864.051886269026,-1.57297164355266,0.220413057930037,-7.13647212340729,9.57567151002267e-13,3.21042406110222e-11
"Os05g0121750",67.5705301926637,-9.80479019682218,1.37456513883159,-7.13301241231567,9.81956978117458e-13,3.28679336317398e-11
"Os07g0208801",88.5441824598455,9.04491086915583,1.26805341378077,7.13290999484631,9.82688201732939e-13,3.28679336317398e-11
"Os06g0325900",74.4696254889212,-9.19752261877298,1.2905619058076,-7.12675817981581,1.02760394905491e-12,3.43293119266417e-11
"Os01g0150200",4269.55673014065,-1.22334838328538,0.171674916711778,-7.12595879885724,1.03358634278341e-12,3.44471495857339e-11
"Os06g0490200",634.443649647735,-1.70811469794989,0.239702973798345,-7.12596373287752,1.03354931302356e-12,3.44471495857339e-11
"Os06g0674100",297.553195036881,8.93472172616186,1.25464997352098,7.12128634657202,1.06924385278585e-12,3.55932633414904e-11
"Os12g0292301",736.499444667615,-12.0031996580323,1.68574131910318,-7.12042798145213,1.07592441529367e-12,3.57732120165532e-11
"Os07g0635300",489.168341205359,-4.59811766078906,0.646008952528079,-7.11773055589226,1.0971859132671e-12,3.64369598794099e-11
"Os02g0689200",1118.98638838658,-1.24986473787323,0.175688757969453,-7.11408488692571,1.12657800882814e-12,3.73688322502782e-11
"Os12g0404400",72.6293350361297,-9.47182431221253,1.33152346753202,-7.11352412719289,1.13116700078161e-12,3.74767513293194e-11
"Os06g0288400",120.386407882808,9.43928913317677,1.32808121258358,7.10746379343331,1.18194729132235e-12,3.91129774635468e-11
"Os02g0670700",254.302870393813,-3.64011432090354,0.512583066933406,-7.10151106372082,1.23400130406773e-12,4.07874494637792e-11
"Os01g0937400",3523.56463247646,-1.45437091441085,0.204864449417382,-7.0991864061674,1.25493452782678e-12,4.13908677914283e-11
"Os02g0583700",51907.793311189,-8.42553834639205,1.18683656442831,-7.09915636147474,1.25520734411323e-12,4.13908677914283e-11
"Os02g0517333",140.488175580741,-10.4656177454048,1.47443468853,-7.09805447933332,1.26525312325008e-12,4.16731609678917e-11
"Os07g0582500",59.6937397611609,9.06688136040094,1.27809004632698,7.09408651327635,1.30208661495269e-12,4.28360546175878e-11
"Os11g0688500",101.61199797825,-9.60184037845134,1.35421341376592,-7.09034505259378,1.33778024540946e-12,4.3958769609696e-11
"Os10g0406200",2885.27769410671,-1.22461200082974,0.172809329027857,-7.08649242328999,1.37553743717967e-12,4.51465866223813e-11
"Os01g0952700",1068.34233865587,-1.19146873539512,0.168147617778479,-7.08584963103542,1.3819380068842e-12,4.5303673305122e-11
"Os03g0563400",927.452941033186,12.9019796183639,1.8236629815097,7.0747609339984,1.49706621012693e-12,4.90206207568049e-11
"Os03g0597450",70.3687549053386,-9.85504146109876,1.39340103602187,-7.07265260059995,1.5199968249028e-12,4.97134625879049e-11
"Os12g0551200",82.9158306437831,9.26466069082041,1.31026568450351,7.07082601673338,1.54014141224988e-12,5.03136767294018e-11
"Os07g0521500",16.3680674623073,-21.4333442054657,3.03215982388679,-7.06867231622086,1.56423028741631e-12,5.10411980528795e-11
"Os01g0601700",64.7391380281335,-9.35452977257208,1.32355252993834,-7.06774348654518,1.57473285916987e-12,5.13242200859756e-11
"Os06g0730200",216.959262743963,-8.43123582234987,1.19299668405877,-7.06727515257245,1.58005466452892e-12,5.14379280696179e-11
"Os07g0281000",3538.63439713443,0.947619490827465,0.134091465300539,7.0669634991576,1.58360583983173e-12,5.14937973086418e-11
"Os03g0709300",476.882303682038,2.14730032555942,0.303889711171388,7.06605142136052,1.59404367944866e-12,5.17732103387596e-11
"Os01g0116300",50.2672695652912,-9.427334923974,1.33571380915812,-7.05790032216251,1.69037237305624e-12,5.48384156447448e-11
"Os11g0640500",46.4963407185673,9.22036189213414,1.30675356940396,7.05593013711053,1.71449954929967e-12,5.55569126471677e-11
"Os01g0591000",3757.47896805386,1.78096886496325,0.252523702648273,7.05267999116846,1.75504165810728e-12,5.67585957680299e-11
"Os05g0535100",69.7293595810473,-9.43439472719291,1.33771233058195,-7.05263344854469,1.75562900458449e-12,5.67585957680299e-11
"Os07g0256866",47.3747763006234,9.23724155270757,1.31056991162478,7.04826310353462,1.81164851531663e-12,5.85022792138265e-11
"Os02g0212400",117.98327215377,8.6973180431392,1.23486662873994,7.0431233954504,1.87977614848047e-12,6.06325037685736e-11
"Os04g0611800",321.82756161665,-2.93057239884476,0.416127632666201,-7.04248448983807,1.88841861791017e-12,6.08413355405226e-11
"Os02g0789700",97.2255187790139,8.7129656015794,1.23731385102056,7.04183954167551,1.89718235431147e-12,6.10535908562941e-11
"Os06g0623300",855.086475977859,2.74196025375628,0.389477765498463,7.04009444607718,1.92109571101801e-12,6.17523342984963e-11
"Os01g0144800",60.3815420412227,-9.4630160967079,1.34440102817254,-7.03883431982424,1.93854703455305e-12,6.22419987226862e-11
"Os01g0162900",78.2300168079997,-9.52937508399935,1.35446283197155,-7.03553826584403,1.98493231869344e-12,6.36584808310577e-11
"Os12g0539751",212.461677331451,9.33731601461249,1.32869650193078,7.02742575226476,2.10378689886497e-12,6.73932282602156e-11
"Os02g0482200",61.804655017834,8.93850797771672,1.27243639932802,7.02471886409189,2.14497700927363e-12,6.86343726730179e-11
"Os11g0224900",505.470150201086,-6.53569587924777,0.930684156869485,-7.02246388423726,2.17989363671975e-12,6.9672181359487e-11
"Os02g0522300",3371.72287626089,-2.27137686718286,0.323505173300093,-7.02114542408219,2.20056661536314e-12,7.02529014338116e-11
"Os12g0409800",60.6916449929101,9.7547333540403,1.39070573796055,7.01423247763794,2.31214671070768e-12,7.3731205677135e-11
"Os07g0533300",79.766023453079,-9.63048208907599,1.37344832360619,-7.01189984621319,2.35103484560101e-12,7.48861973181109e-11
"Os10g0322600",68.842328290948,8.6998978993241,1.2410563337425,7.01007493599337,2.38190516352713e-12,7.57834724477304e-11
"Os12g0516800",100.565233048468,-10.0678911352572,1.43694412146679,-7.00645973970108,2.44423851253446e-12,7.76786196361746e-11
"Os04g0309600",315.801947585614,2.28532406618665,0.326349913281195,7.00268016991178,2.51111640368257e-12,7.9713742669842e-11
"Os03g0807400",1609.8114667018,-1.45447632543638,0.207709576077441,-7.00245194710765,2.5152116679506e-12,7.97535252271524e-11
"Os11g0565400",1519.16120956415,0.861012954616196,0.12297860742971,7.00132301553603,2.53556592001503e-12,8.03081838007469e-11
"Os12g0194100",288.522091821128,8.58111223988525,1.2257860905788,7.00049731828279,2.55055515761844e-12,8.06918588873604e-11
"Os02g0529800",384.008037595461,9.97054947563786,1.42447613389647,6.99945000016584,2.56969264428883e-12,8.12057601171545e-11
"Os07g0681300",110.440662013463,-10.7296126601711,1.53306031120438,-6.99881966922873,2.58127839597333e-12,8.1480128625201e-11
"Os04g0682600",53.5131868726886,-9.14660088409641,1.30723107974183,-6.99692734195304,2.61636879478334e-12,8.24949900215844e-11
"Os06g0304700",442.134383049095,-3.93494026695135,0.56276135804526,-6.99220053171256,2.70607703701772e-12,8.52277596103158e-11
"Os07g0273000",49.6796224958514,-9.00538914695628,1.28926183463791,-6.98491873800442,2.85020907236279e-12,8.96665549200052e-11
"Os10g0133000",75.4489287985107,5.07010662126349,0.727624359936878,6.96802759833841,3.21415185848482e-12,1.01002832533932e-10
"Os05g0365600",108.186425943304,-9.75213017065902,1.40001050109114,-6.96575501616479,3.26647137446192e-12,1.02532124955425e-10
"Os04g0374400",41.1379988011881,-9.34984142639137,1.34312074520363,-6.96128137383051,3.3719153164107e-12,1.05605678135175e-10
"Os08g0156100",101.273548499399,8.97177145845094,1.28879219079842,6.96137943921963,3.36956852630727e-12,1.05605678135175e-10
"Os06g0732000",79.1482668599148,-9.98726107053468,1.43493225467209,-6.96009239322379,3.40049648099911e-12,1.06382087235002e-10
"Os04g0156200",114.45409108528,3.02257235617246,0.434366187826364,6.95858112551964,3.43716795030941e-12,1.07409584656551e-10
"Os02g0771400",849.553793622452,1.82660647944435,0.262513187611237,6.9581513068571,3.44766829468959e-12,1.07617872842691e-10
"Os01g0151900",408.861463965164,1.49703778024644,0.215833604006692,6.93607368109377,4.03147392506803e-12,1.25701356983621e-10
"Os11g0146200",113.640935960778,-10.2817027109245,1.48462232531693,-6.92546685819884,4.34540059985354e-12,1.35339213799212e-10
"Os10g0166600",170.924309279116,8.56893988507311,1.2384815706575,6.91890786919333,4.55138725533997e-12,1.41597593303049e-10
"Os01g0603700",101.641282215603,9.79648078855386,1.41603568741475,6.91824427563632,4.57275318878322e-12,1.41947566353578e-10
"Os07g0191301",253.15257423836,-5.88653096415874,0.850861983265258,-6.91831469725402,4.57048114617733e-12,1.41947566353578e-10
"Os10g0568200",736.417419491483,-3.15891329201353,0.457003800271649,-6.91222543474656,4.7710883991672e-12,1.47940643820365e-10
"Os09g0400300",635.140774907684,2.47187810696686,0.357638711668473,6.91166259780698,4.79006069911787e-12,1.48364992647512e-10
"Os02g0163600",97.2464812818386,-10.2966560898791,1.48983618172701,-6.9112673031899,4.80342961444858e-12,1.48615040618144e-10
"Os03g0393900",51.0175180655779,-9.1427798302877,1.32421258689438,-6.90431424740484,5.04465179374051e-12,1.55906408189368e-10
"Os06g0507150",65.6686660732203,8.6733151805557,1.25683691262387,6.90090742358022,5.16713997865678e-12,1.59516261915365e-10
"Os12g0143800",308.746139485108,2.33015821203912,0.337858687996599,6.89684265885321,5.3171015824327e-12,1.63965389677172e-10
"Os10g0528300",16190.2865797957,1.72601850983324,0.250495712986933,6.89041137371991,5.56312767590331e-12,1.71363873590778e-10
"Os05g0588100",171.58328300342,-10.941326706546,1.58954751500617,-6.8832964118745,5.84831586953843e-12,1.79951140275205e-10
"Os01g0347300",226.068204045912,10.3649842255901,1.50665827273213,6.87945263579544,6.00829699898473e-12,1.84671227147327e-10
"Os10g0540250",38.7994307554174,-9.23933107724207,1.34318006780956,-6.87869876770094,6.04017294677803e-12,1.85447848175585e-10
"Os11g0256400",93.0298481211576,-9.97996852229204,1.45099140468626,-6.87803421168435,6.06840990589110e-12,1.86111168064608e-10
"Os03g0357200",75.363024513019,8.65348842877239,1.25840318280634,6.87656273204463,6.13139419126682e-12,1.87837536894465e-10
"Os09g0443400",285.823684900947,8.828422011577,1.28482968892624,6.87127802826157,6.36292419157495e-12,1.94717970189723e-10
"Os11g0298200",93.9745044501139,8.88676798071031,1.29389462599378,6.86823161807692,6.50026230539569e-12,1.98704096747292e-10
"Os12g0553200",385.827310431592,2.12699386203904,0.309751210263246,6.86678144124568,6.56665561831855e-12,2.00515223026393e-10
"Os12g0265400",99.913070228458,8.88330207430044,1.29521885459045,6.85853363145286,6.95709544735186e-12,2.1220653526477e-10
"Os05g0525000",89.2021939515447,-9.87235555714951,1.44065198270864,-6.8526998023409,7.24690624476645e-12,2.20806387666271e-10
"Os06g0620600",1342.77104798708,-1.61752289399827,0.236049384837734,-6.8524766336934,7.25822453123507e-12,2.20911384810758e-10
"Os07g0689600",1840.55579721285,-1.99828897520058,0.291967175734405,-6.8442247666168,7.68911150701148e-12,2.33772315395185e-10
"Os01g0946200",459.80806117539,2.37889935605197,0.347700455880337,6.84180683637262,7.8200490187963e-12,2.37495904291625e-10
"Os07g0588900",350.466100504866,-1.60202212240919,0.234288295788644,-6.83782395965017,8.04051139210174e-12,2.43927384524496e-10
"Os11g0695600",135.839555979182,-5.56199030074123,0.813449491980987,-6.83753614154477,8.05667672665661e-12,2.44153846979954e-10
"Os08g0529100",761.87639040768,2.20716967258043,0.323163000241819,6.82989596868711,8.49762323749157e-12,2.57238730626201e-10
"Os01g0930950",175.959838685105,2.28140785093548,0.334326810464175,6.82388543045052,8.86105603432018e-12,2.67951459520574e-10
"Os02g0807800",466.743634530112,3.48976566362452,0.511570838282018,6.82166652685681,8.9990370733676e-12,2.71830977774856e-10
"Os10g0501900",117.944674660803,8.5503653042654,1.25352700078295,6.82104597581452,9.03800085436426e-12,2.72714387070075e-10
"Os03g0207100",277.8562160709,1.69486301892848,0.248482318729888,6.82085963939705,9.04973296620965e-12,2.72775087537889e-10
"Os02g0197600",10731.164749034,-4.65139337960942,0.682155247060228,-6.81867272831919,9.18854538439747e-12,2.76370758040481e-10
"Os12g0244000",42.9751838907829,-8.80807614906988,1.29175868500452,-6.81866996623992,9.18872201738182e-12,2.76370758040481e-10
"Os02g0625900",487.266107632028,1.9579739001663,0.287248710184935,6.81630179959984,9.34139520293695e-12,2.80661918827427e-10
"Os11g0678200",328.178273352697,3.11881932730406,0.45773706552104,6.81356080210354,9.52120894974828e-12,2.85758465826563e-10
"Os08g0120200",565.56278629797,1.92808128878406,0.283348308927352,6.80463312480331,1.01307071168333e-11,3.0372639221429e-10
"Os05g0221200",523.957102953773,-5.92998796748344,0.872198480452755,-6.79889738446369,1.05422870928169e-11,3.15728559657021e-10
"Os05g0462700",520.237791719518,3.93280358472862,0.578570596857623,6.79744806612843,1.06488516371225e-11,3.18580036930632e-10
"Os01g0962700",1677.85228846739,-2.26233527662452,0.333221363083243,-6.78928642417011,1.12689518999678e-11,3.36772447515332e-10
"Os10g0327000",52.4392925596175,8.79594257228274,1.2971184598432,6.78114053927349,1.19230819383827e-11,3.5594204824989e-10
"Os01g0603500",102.301462869881,-10.3121613312879,1.52089059742058,-6.78034393057417,1.19890127996628e-11,3.57529943872622e-10
"Os12g0222900",52.5293620429344,-9.29914871518202,1.37159465018197,-6.77980824287141,1.20335493629307e-11,3.58477136117368e-10
"Os06g0190500",385.773302023503,-3.85007341091923,0.568239267160314,-6.77544413669152,1.24024659019292e-11,3.69075289649985e-10
"Os05g0242000",90.8336489517339,8.44179216070521,1.24726693962918,6.76823211815029,1.30365490168539e-11,3.87533515371772e-10
"Os01g0153625",49.609350715348,9.26368711159626,1.37009372532025,6.76135284790895,1.36709123898188e-11,4.05960998394809e-10
"Os06g0470350",1432.87083169112,-4.25316541476012,0.629624695156359,-6.75508036371397,1.42756106746667e-11,4.23469542021667e-10
"Os02g0600650",52.7910877966161,8.52628185794044,1.26247826171241,6.75360686715946,1.44214190332729e-11,4.27343042145411e-10
"Os01g0787400",452.725912675468,-1.30517232597071,0.193430055565785,-6.74751564410746,1.50398026004356e-11,4.45197194697704e-10
"Os12g0585300",1081.4208933819,-2.31389804107715,0.343160402092625,-6.74290514571837,1.55250571027133e-11,4.59077083684237e-10
"Os12g0212100",54.5315906834068,-9.15841004277776,1.35831359412113,-6.74248574292118,1.55699525175789e-11,4.59920007945577e-10
"Os12g0199100",65.5217496581155,-9.52922125987464,1.41377095073202,-6.74028650464248,1.58074617150425e-11,4.6644478511832e-10
"Os11g0569600",56.2719514055017,9.24892358120799,1.37260394539836,6.73823182004897,1.6032563550452e-11,4.72590124320153e-10
"Os01g0115700",143.178828897865,-10.8183068628272,1.60707977343301,-6.73165516837866,1.67743812474621e-11,4.93937761349717e-10
"Os07g0129100",38.7200696571589,8.76708850864319,1.3026270788528,6.73031341891355,1.69298014821105e-11,4.97991707747363e-10
"Os11g0615600",72.4380625050454,8.43521341346733,1.25432907645788,6.72488071255405,1.75736351877369e-11,5.16388848835887e-10
"Os12g0222650",78.9802349128168,-9.96042996797221,1.48276039825368,-6.71749122764751,1.84879892514141e-11,5.42688236792031e-10
"Os11g0607000",53.6127803669816,9.62580999875892,1.43413832944882,6.71191181568823,1.92090778925688e-11,5.63265563031627e-10
"Os06g0344201",70.0377637552075,-9.56827213222357,1.42680294938534,-6.7060922016916,1.99905440375156e-11,5.85568524823344e-10
"Os04g0556400",881.135276133065,3.0218553119977,0.451171578867775,6.69779625653973,2.11585979594232e-11,6.19137201185957e-10
"Os07g0538200",2998.35802752829,1.29536576716845,0.193412766323587,6.69741605888237,2.12137008345523e-11,6.20102992520007e-10
"Os03g0181400",46.2101098795627,8.94996433021629,1.33846416794172,6.68674182289054,2.28193932074539e-11,6.66345278030772e-10
"Os03g0674300",892.447472265244,0.847132376910113,0.126806482014585,6.68051319973275,2.381069330069e-11,6.9456930915173e-10
"Os10g0462300",379.980517466653,11.7677233718486,1.76227154914064,6.67758801280489,2.42906736655154e-11,7.07834770925954e-10
"Os03g0129400",2611.62720524874,-2.64499229159906,0.396577270952024,-6.66955089294322,2.56587393460707e-11,7.46924837686136e-10
"Os04g0598800",204.479399894013,-4.21098482937241,0.631527810897766,-6.66793252285465,2.59432003139518e-11,7.54422888300638e-10
"Os10g0171500",833.995124318405,-1.74242461249107,0.261432893320619,-6.66490199591745,2.64842025217556e-11,7.69357858349384e-10
"Os01g0604000",56.5536153254532,9.01581487885679,1.35281243352672,6.66449735042203,2.65572694084389e-11,7.70682620620075e-10
"Os06g0476900",60.3070243944587,8.6145075480138,1.29266621055798,6.66413918585782,2.66221078255382e-11,7.71766105165551e-10
"Os12g0487832",38.6480903493455,8.85685492027256,1.32927001348195,6.66294645214522,2.68391472020522e-11,7.77255055504632e-10
"Os12g0555500",3911.76970429783,10.9997717671551,1.65101160090918,6.66244365642116,2.69311580258959e-11,7.79115625281125e-10
"Os05g0237400",195.373593391249,-6.43080746107879,0.965508938619171,-6.66053643198359,2.72829924025498e-11,7.88481290216634e-10
"Os02g0731200",147.284624370318,-5.46749186784029,0.821389208159316,-6.65639603433872,2.80623470954407e-11,8.10170354107261e-10
"Os01g0919100",110.314692225907,-10.5239784108121,1.58129149987254,-6.65530574954738,2.82711718277247e-11,8.15360353370617e-10
"Os06g0356800",754.108794084418,2.82864202231322,0.425138849874244,6.65345456701953,2.86292219334875e-11,8.24839040962553e-10
"Os06g0676400",258.564713983141,-2.74602615463175,0.412846876223664,-6.65143982618887,2.90239514627873e-11,8.35353975332037e-10
"Os07g0122000",548.976476340755,-12.5807962522885,1.89263243718702,-6.64724750833666,2.98624640343558e-11,8.57728214669492e-10
"Os08g0302000",240.48119169208,2.49292868301938,0.37502932235454,6.64729005019681,2.98538372492388e-11,8.57728214669492e-10
"Os08g0193900",38.1932862854247,8.90632794288773,1.3403586308177,6.64473502696386,3.03763040752158e-11,8.7159493349561e-10
"Os04g0657100",34.5735136376881,8.56311413788298,1.28891625312277,6.64365440123543,3.059996035647e-11,8.77115513302616e-10
"Os06g0287500",1431.71885785859,-3.43386227988339,0.517265211850025,-6.63849453088486,3.16903103309946e-11,9.07442335212621e-10
"Os07g0580800",490.862239925559,-1.84593776206695,0.278191788641042,-6.63548615537609,3.23434727492945e-11,9.25201358094498e-10
"Os10g0160700",40.9711261784423,8.44546697417301,1.27365430966109,6.63089419955739,3.33659336147999e-11,9.53477422707245e-10
"Os05g0119000",1851.94010544122,-1.46588045203908,0.221262262866925,-6.62508117310863,3.47057410271071e-11,9.90755345577497e-10
"Os09g0453300",302.52334036464,1.81794168242558,0.274431864182627,6.624382659937,3.48702381218389e-11,9.94439656681955e-10
"Os05g0169100",58656.6143328993,1.13351935451711,0.171141037029049,6.62330539883727,3.51254256743543e-11,1.00070019824744e-09
"Os01g0102000",581.293577536453,-1.49547445784568,0.225815685347475,-6.62254464540189,3.53067372381076e-11,1.00484549733852e-09
"Os10g0495400",365.987005563545,1.78170709826308,0.269191881980044,6.618725219935,3.62309592842877e-11,1.03010453843534e-09
"Os10g0318700",45.7897911583638,-8.86431727218885,1.34002312102652,-6.61504800409592,3.71431194089992e-11,1.05496985511674e-09
"Os01g0113150",46.6184070709056,4.62099048955159,0.698894894525685,6.61185326398426,3.7953812083512e-11,1.07690583891559e-09
"Os06g0180666",224.548372950381,-2.933048807754,0.443682823373495,-6.61068820616691,3.82537431071261e-11,1.08431973643654e-09
"Os12g0118800",10589.6633338022,12.6538555260317,1.91546577385735,6.60615068080774,3.94441427780364e-11,1.11693394009814e-09
"Os04g0109100",60.8835829969408,9.07495401727938,1.37402004420491,6.60467367674442,3.98393911540082e-11,1.12698890581026e-09
"Os08g0170800",4296.41069227533,-1.77855329833823,0.26931983575941,-6.60387042537429,4.00559665359926e-11,1.13197435340687e-09
"Os03g0405500",9477.30052938477,1.16133086388894,0.175969077701036,6.59963033881436,4.12184237042971e-11,1.16365332594566e-09
"Os12g0556400",1298.05937820913,1.95195840111671,0.295998512798919,6.59448719069319,4.26728253024662e-11,1.20299704953518e-09
"Os04g0162800",27.5435186821018,8.88030057296638,1.34664259996354,6.59440045429042,4.26977785381312e-11,1.20299704953518e-09
"Os07g0115500",781.34358365817,1.72763362936122,0.262217997639312,6.58853947827651,4.44174155432796e-11,1.25019209124926e-09
"Os12g0552400",332.019284034915,1.38616176268817,0.210428992873985,6.58731358144297,4.47855753576395e-11,1.25929139848305e-09
"Os02g0577700",523.49212834118,2.68781087142999,0.40814975499746,6.58535461192846,4.53800967505735e-11,1.27473100602061e-09
"Os04g0290400",46.9101788179289,8.49424720283495,1.29080033598901,6.58060504479699,4.68537669890709e-11,1.31481040924731e-09
"Os09g0268700",49.2212220274162,-8.88452549265855,1.35055335673712,-6.57843353492022,4.75430305680748e-11,1.33281970409722e-09
"Os01g0299300",244.39609705749,-2.20304530054084,0.334971729351424,-6.57680964541814,4.8064946076899e-11,1.34610630420154e-09
"Os07g0535200",459.09347225161,1.26508922906416,0.192384266820685,6.5758455718383,4.8377445096457e-11,1.35350734226997e-09
"Os03g0400700",109.290784635881,2.24201178543972,0.340964663040125,6.57549602193199,4.84912400106285e-11,1.35533981790663e-09
"Os03g0438200",33.589797759563,-8.85285854524741,1.34647882499861,-6.5748219584935,4.87114191840266e-11,1.36013914939518e-09
"Os07g0169600",4192.47800286884,1.11741948130451,0.17012509430981,6.56822255316198,5.09193994680438e-11,1.42037792035014e-09
"Os05g0217700",10902.7764163882,5.88659067600635,0.896290809203697,6.56772401943544,5.10901168784985e-11,1.42372478634005e-09
"Os04g0606200",299.942276740072,2.56091897263348,0.390270043971616,6.56191529990893,5.31209888431582e-11,1.47885038583006e-09
"Os09g0397100",367.327618990663,2.87226281344074,0.437847253881605,6.55996534859486,5.38202832668267e-11,1.49683328942883e-09
"Os02g0451501",46.604482223333,8.54212428208094,1.30250293088632,6.55823805038829,5.44472452416066e-11,1.51277088709897e-09
"Os02g0272850",167.572063489599,-6.60227080587724,1.00673867967286,-6.55807801883868,5.45056926358818e-11,1.51289688105649e-09
"Os11g0182900",223.451619839342,8.67803112930468,1.32357988230503,6.55648461065441,5.50910018742547e-11,1.52763210928393e-09
"Os05g0318901",42.4684150689789,8.29685358623912,1.26625639214941,6.55226985441359,5.66690154837532e-11,1.5698380182676e-09
"Os03g0379500",1421.60189661251,14.2341470338602,2.17293262212893,6.55066194363372,5.7282599530501e-11,1.58527052073464e-09
"Os07g0424400",25711.0386913922,-1.12685964311235,0.172089489246403,-6.5481026647646,5.82726564545934e-11,1.60949535967402e-09
"Os11g0678301",244.665667652531,4.89392319288974,0.747368078750197,6.54821008822549,5.82307651976114e-11,1.60949535967402e-09
"Os11g0111200",33.0501876950003,8.61795468630662,1.31700335157346,6.54360877366826,6.00517697465532e-11,1.65700369973233e-09
"Os07g0541900",352.848941036102,-12.5369364401542,1.91827572720331,-6.53552368012912,6.33873514351061e-11,1.74732402354808e-09
"Os02g0822500",8716.40221810872,-0.842447891996642,0.128935921383214,-6.53384939556741,6.41004049737551e-11,1.76524589241758e-09
"Os11g0229300",73.9451399170782,-9.74798710913301,1.49424634856365,-6.5236813986551,6.86023530763247e-11,1.88737179610571e-09
"Os11g0591000",706.784098677466,-2.86166365842421,0.43874690138567,-6.52235639587738,6.92113173435531e-11,1.90226051644935e-09
"Os12g0483700",65.5098238902535,-9.77721532693188,1.50063186878584,-6.5153989664651,7.24967065790918e-11,1.99060917810418e-09
"Os01g0784500",637.054996270051,-12.6889284090994,1.94923693198982,-6.50969012584134,7.53059872115846e-11,2.06572493952247e-09
"Os04g0452600",444.087639440824,2.77442245715954,0.426564576909978,6.5041088907508,7.81552709084532e-11,2.1417902463213e-09
"Os09g0273600",40.6094236174742,8.40423709179097,1.29223709819194,6.50363397208604,7.84025324456585e-11,2.14647011267324e-09
"Os02g0834700",150.965832176247,-10.3145808987981,1.5866947804973,-6.50067109665874,7.99624859526088e-11,2.18704413333539e-09
"Os03g0822300",1619.24662697472,1.71068807815322,0.263230498834598,6.49882170085518,8.0951534097077e-11,2.21193958114136e-09
"Os10g0105700",2781.45073041497,1.35442480498032,0.208442057804848,6.4978479834832,8.14770704373306e-11,2.22413380409764e-09
"Os05g0465800",69.0917521341015,-9.67749150708086,1.48951088668848,-6.49709350469813,8.18865715361814e-11,2.23313991297213e-09
"Os12g0405300",352.573438026771,-3.77009505576535,0.580351178512282,-6.49623055031939,8.23574164826751e-11,2.24379982654061e-09
"Os01g0221600",36.7644283929222,-8.96975051340601,1.38101122845111,-6.49505980010469,8.30004351447167e-11,2.25912532592729e-09
"Os10g0161625",67.3778290911836,8.1523082607643,1.25542186399655,6.49368032735383,8.37643933842748e-11,2.27770969685031e-09
"Os04g0526800",310.483885734696,3.97684462862553,0.613386426280568,6.48342457256544,8.9663713720878e-11,2.43576295685893e-09
"Os06g0168901",44.137380589077,9.07400074767979,1.39960656604188,6.48325105628883,8.97669387481642e-11,2.43620873805704e-09
"Os01g0685600",89.7234331308897,-3.69009169344515,0.569298108126071,-6.48182672798902,9.0618676197224e-11,2.45694810767778e-09
"Os02g0511800",46.0338063076011,8.74352886172734,1.34922457054787,6.48041034279189,9.14734975013897e-11,2.47773097189575e-09
"Os06g0237800",1465.44999434246,-1.19349176812536,0.184253332246267,-6.47745011487869,9.32855990598003e-11,2.52437847716115e-09
"Os11g0605900",62.8041804117997,4.27785458044025,0.660546818283841,6.47623220948138,9.40412874204382e-11,2.54237630789243e-09
"Os04g0348000",1297.88198678639,0.645070478443941,0.0996384837026892,6.47410974627799,9.5372566072273e-11,2.57588541782495e-09
"Os01g0733001",49.7482889706792,8.86760853044112,1.37056925519248,6.47001856844934,9.79908750397075e-11,2.64405763015795e-09
"Os01g0690600",86.3949874601242,8.07421107962833,1.24801617313831,6.46963657476058,9.82389037276011e-11,2.64820376215556e-09
"Os04g0657900",179.895637450391,-5.41620398666229,0.837263293193754,-6.46893758593201,9.86943475658046e-11,2.65792781323571e-09
"Os06g0176300",666.60370826915,-3.22442895815653,0.498534358760685,-6.46781691471013,9.94288604854827e-11,2.67514159438506e-09
"Os11g0707000",19662.109511115,-5.66635767394406,0.876708302629722,-6.46321890296646,1.0249884799538e-10,2.75509834525514e-09
"Os06g0490700",143.893852009557,-2.67540349583855,0.414160104212215,-6.45982910625229,1.0482128650944e-10,2.81482769572049e-09
"Os12g0564800",114.56182481375,-10.1810632598906,1.57921790328729,-6.4469021271211,1.14159454779271e-10,3.06266024858116e-09
"Os06g0637800",48.7133654744202,-9.05985325128877,1.40632787692451,-6.4422055481839,1.17749658727759e-10,3.15596076716177e-09
"Os04g0420700",104.34618279204,-7.09099864382704,1.10199819889474,-6.43467353298673,1.23738996652146e-10,3.31332416417226e-09
"Os08g0542300",687.161559993298,-2.25407355717236,0.350363896340074,-6.43352120671843,1.24681189765563e-10,3.33537039771329e-09
"Os04g0388000",63.3960488783169,8.45643999360073,1.31501393158319,6.43068471785676,1.27030403592968e-10,3.39497827202464e-09
"Os01g0729200",1131.75685176186,-0.761449272163904,0.118457964744519,-6.42801244986895,1.29283155244305e-10,3.45189714792169e-09
"Os03g0277600",193.277311929237,9.31818135046304,1.44996621728131,6.42648169274913,1.30591141080807e-10,3.48350627472396e-09
"Os11g0618800",49.0648657580253,-8.90645134188432,1.38629987996637,-6.42462101497144,1.32198457573106e-10,3.52303239925595e-09
"Os09g0385300",1090.85125406562,12.4091959768591,1.93179700545231,6.42365421513514,1.33041228751223e-10,3.54212804669528e-09
"Os06g0570000",829.049966325481,1.92041225503668,0.299260913928569,6.41718368705865,1.3881839110707e-10,3.69243762203469e-09
"Os07g0538700",716.195697048565,2.08988000950559,0.325719641028163,6.41619278134009,1.39724492826255e-10,3.71301961902497e-09
"Os07g0215200",1010.26393094353,6.75969312494836,1.05357362936006,6.41596651299462,1.39932205804571e-10,3.71502134275106e-09
"Os06g0185300",60.2626905041085,-3.44165456073174,0.537118408072332,-6.40762727362766,1.47801693911794e-10,3.92023736725214e-09
"Os04g0616800",63.328982031729,6.44196700419328,1.00623452429144,6.4020532477054,1.53301179136589e-10,4.06226410663923e-09
"Os01g0969200",1307.98658774778,1.00840540691959,0.157551094096438,6.40049764619435,1.54871338525598e-10,4.09999952991069e-09
"Os03g0789800",528.71042845974,-3.30335902195368,0.516878578643927,-6.39097683370883,1.6482935564577e-10,4.35951119522299e-09
"Os01g0733600",6068.55225264238,-1.69515560935931,0.265568193639622,-6.38312738482399,1.73507455936811e-10,4.58471396280489e-09
"Os02g0807900",46.7732636185452,-8.99532442483281,1.40990723343066,-6.38008247035156,1.76992643690146e-10,4.67240598987101e-09
"Os04g0368800",73.8267624112057,-9.01663342893688,1.4136311479265,-6.37834943164801,1.79006714033278e-10,4.72113384323483e-09
"Os11g0669100",1262.32129641773,-1.7489133474986,0.274431103369865,-6.37286854887401,1.85524894648231e-10,4.88845032264662e-09
"Os01g0620800",131.882547313481,5.62221782700824,0.8840211139865,6.35982301560061,2.01986344371626e-10,5.31720524930259e-09
"Os11g0245800",1627.19160635221,-2.45866039618707,0.386689811180742,-6.35822389185702,2.04099843360805e-10,5.36780675200648e-09
"Os01g0643600",38.5994690726746,9.03767238778482,1.42245693079819,6.35356487223374,2.10381404026849e-10,5.52783048670546e-09
"Os02g0164000",1049.68937302354,-2.47798216425706,0.390088040689819,-6.35236640394069,2.12027547000149e-10,5.56587186521812e-09
"Os05g0501001",144.055018735932,9.45325203379587,1.48820818306459,6.35210324830313,2.12390682698723e-10,5.57019377373044e-09
"Os01g0127200",341.981310537854,-4.42643317165313,0.697188997536625,-6.34897163795331,2.16758987462266e-10,5.67944977233064e-09
"Os08g0421825",659.800566922755,-1.24619405425807,0.196351821084025,-6.34674049559636,2.1992463628708e-10,5.75701972340302e-09
"Os12g0126000",215.600756003265,2.03221256354667,0.320277189309277,6.34516797131081,2.22182892927202e-10,5.81071420440181e-09
"Os01g0690900",30.4541833968492,-8.6857755542964,1.36998971779445,-6.34002973998934,2.29720814082314e-10,6.002258365715e-09
"Os12g0246700",40.8627727138635,8.52349053833034,1.34470790102607,6.33854425323637,2.31946223202378e-10,6.05476736326058e-09
"Os05g0237200",414.48846875004,-2.36170750145456,0.372613522031759,-6.33822274773288,2.32430635604842e-10,6.06177369548612e-09
"Os04g0411300",24.9758238868524,8.65361812031718,1.36563342320742,6.33670644937256,2.34728595075768e-10,6.11602027392404e-09
"Os01g0153800",238.574305928439,-7.51559520840941,1.18836749812755,-6.32430222153616,2.54379429098316e-10,6.62188825543315e-09
"Os06g0139000",1842.86203870036,-0.762050419299568,0.120512034718362,-6.32343832780258,2.55806326674207e-10,6.65286111133606e-09
"Os02g0788800",2598.79244031372,-1.03775564323218,0.164159910352016,-6.32161433937721,2.5884474111378e-10,6.72564918993971e-09
"Os08g0244500",41.8618615292864,-8.74970677344859,1.38523824709949,-6.31639127187642,2.67741663157386e-10,6.95038533905879e-09
"Os09g0437500",20064.4445492729,1.62061534765734,0.256594386748216,6.31586438111591,2.68655573812686e-10,6.96766424429906e-09
"Os10g0126500",50.7759567790297,8.30241971644066,1.31458575804114,6.3156166614889,2.69086304477827e-10,6.97239139081881e-09
"Os01g0748100",124.739869324438,-3.08776812900103,0.489051932984356,-6.31378371241363,2.72294430224657e-10,7.04900950273462e-09
"Os06g0215900",4223.27454695111,1.70428999872129,0.270316872115488,6.30478588104248,2.88592581089967e-10,7.4640414843748e-09
"Os04g0449200",350.194022790048,4.17895949932397,0.662840322203677,6.30462474797945,2.88892961731928e-10,7.46493028740456e-09
"Os07g0678300",1157.17469358753,1.1300611738205,0.179486244687884,6.29608790236604,3.05251314525295e-10,7.88037018234484e-09
"Os12g0106900",4640.43518108107,0.931869130026,0.148022980130154,6.29543554120195,3.06537923947003e-10,7.90631178474339e-09
"Os02g0515100",513.108178762378,-1.56249519531143,0.248447568882139,-6.28903394926219,3.19447611925482e-10,8.23171614862524e-09
"Os12g0565200",442.150742521893,-1.89465291005546,0.301275114792905,-6.28877997891671,3.19970578053167e-10,8.23762785442933e-09
"Os08g0124500",39.4989466171205,-9.21618421512201,1.46588672014698,-6.28710533253071,3.23439936172663e-10,8.31931392197733e-09
"Os12g0587200",88.8264578057096,8.17262790510517,1.30101263043978,6.28174370785513,3.34796454225666e-10,8.6035330572167e-09
"Os11g0672600",37.6863506412135,8.97451790193021,1.4293514402692,6.27873429101523,3.41340361073787e-10,8.76367174057880e-09
"Os05g0216950",109.46886146651,9.4325664062217,1.50282301199589,6.27656505851237,3.4613458917329e-10,8.8786369665273e-09
"Os10g0499400",756.160706574008,1.57874187691627,0.251882510207968,6.26777093658773,3.66253010246976e-10,9.38611139137044e-09
"Os03g0601100",140.811236545978,8.66076891028029,1.38203240025194,6.26669020834927,3.68802828113352e-10,9.44283299499714e-09
"Os04g0429450",1934.90939460557,12.9347762722269,2.0647475174062,6.2645801305895,3.73831290974469e-10,9.56285659737973e-09
"Os07g0642200",1390.28211494692,1.8129508446034,0.289411176042459,6.26427378995697,3.74566863928314e-10,9.57294657154495e-09
"Os01g0653700",1553.89942219214,-0.932200097269177,0.148823733013447,-6.2637865506636,3.75739715425569e-10,9.59418370725415e-09
"Os01g0571300",370.391911582162,2.2604452894169,0.361010535891332,6.26143855839519,3.81442108184128e-10,9.72622214960011e-09
"Os03g0244200",6337.2202951313,-2.72304813171453,0.434896369731754,-6.26137241245339,3.81603969307595e-10,9.72622214960011e-09
"Os02g0616300",424.410771264362,12.125799280604,1.93700635665576,6.26007201212243,3.84799739210165e-10,9.7851398438864e-09
"Os10g0520400",248.775066852769,-2.14602322357437,0.342814860881523,-6.2600064012862,3.84961670146482e-10,9.7851398438864e-09
"Os10g0532800",289.975422857474,-3.33386780909257,0.532564444197982,-6.26002701722461,3.8491078177848e-10,9.7851398438864e-09
"Os09g0325000",36.3557146638261,8.2587298430257,1.31950457438836,6.25896264653265,3.87546675338263e-10,9.84193194872609e-09
"Os02g0514500",1475.85289286846,1.51991450104119,0.242848489540769,6.25869448031313,3.88213558003241e-10,9.84995376553974e-09
"Os10g0392500",650.807768962617,1.83713941785921,0.293752595424122,6.25403637781222,3.99977780726482e-10,1.01392741488225e-08
"Os03g0332100",1046.12780497027,-2.55589385280172,0.408708214196906,-6.25359061555428,4.0112164660971e-10,1.01590935443697e-08
"Os11g0648800",56.3343536602287,8.54037022167798,1.3670134812195,6.24746598260258,4.17165098809382e-10,1.05558945020639e-08
"Os04g0483000",192.841721038813,2.50099725441716,0.400387257731707,6.24644567508449,4.1989796689921e-10,1.061547454696e-08
"Os06g0631800",111.461139236894,-2.10346235946212,0.33696119698241,-6.24244684046491,4.30778206230904e-10,1.08807362945559e-08
"Os02g0155750",35.9372051521179,-8.59843473968906,1.37750970208371,-6.24201392315607,4.31972489426528e-10,1.09010899265173e-08
"Os10g0392700",2467.46182847985,0.635605729967153,0.101838932650686,6.24128428513013,4.33992649664449e-10,1.0942229770785e-08
"Os01g0924933",551.382784511603,-2.0563803595245,0.329493653563291,-6.24103176885471,4.34693941090696e-10,1.0950073047475e-08
"Os05g0538500",38.9575652653692,-8.73249538073463,1.39967020299002,-6.2389664094299,4.40471557304474e-10,1.10856617408773e-08
"Os08g0382800",864.934278180124,-1.22445964925234,0.196341233974989,-6.23638562548873,4.47796440151316e-10,1.12599137128371e-08
"Os09g0328951",65.3675352404194,9.26486023912572,1.48577237204445,6.23571982724184,4.49705345179848e-10,1.12977899699525e-08
"Os11g0593900",29.9756751412255,8.72027657841699,1.39941727260969,6.23136268866758,4.62395185193031e-10,1.16062018666251e-08
"Os12g0534700",2101.01727652337,0.906006295539488,0.145492835591884,6.22715401657912,4.74984139061299e-10,1.19115325382826e-08
"Os09g0548700",31.7509769262522,8.60966195364022,1.38508120766955,6.21599795446385,5.09994679974914e-10,1.27780988477286e-08
"Os10g0387000",6108.67387164901,-0.743755764747943,0.119676674335442,-6.214709498555,5.14196890263278e-10,1.28718939648244e-08
"Os08g0528100",33.7026982058171,9.00003221491202,1.44859612384613,6.21293407234605,5.2004272469891e-10,1.30066300717476e-08
"Os05g0424700",285.77522855081,-6.26441139697292,1.00922807019327,-6.2071315513185,5.39604274670664e-10,1.34838603346466e-08
"Os08g0126700",1839.7269994088,-4.380812019328,0.705986840603944,-6.20523183630503,5.4616327629163e-10,1.36356173125407e-08
"Os11g0549695",281.626532675259,2.33764118294637,0.376732176122903,6.20504785920848,5.46802596569855e-10,1.36394439688385e-08
"Os10g0509600",29.4374859615383,-8.41868319542636,1.3579539299348,-6.19953520502024,5.66301495786133e-10,1.41132793736683e-08
"Os08g0232100",558.286671170009,11.5662925612301,1.86584724417857,6.19894934985532,5.68413188655602e-10,1.41533370896659e-08
"Os02g0682700",97.6093542866927,7.74799526867238,1.25012627636407,6.19777010943812,5.72687040536244e-10,1.42471132371703e-08
"Os08g0134900",1679.95482009621,1.32360438969575,0.21359548402258,6.19678077817328,5.76296790444496e-10,1.43242165929614e-08
"Os11g0640600",29.6883197428585,8.76594654877396,1.41470045412858,6.1963269490668,5.77960085060074e-10,1.43528459353591e-08
"Os05g0181650",104.582422057137,7.73424227755908,1.25013356317292,6.18673276632066,6.14239613737089e-10,1.52403112649781e-08
"Os09g0357400",81.5959355945961,8.01458872218495,1.29580340796379,6.18503445270218,6.20889080843751e-10,1.53916867373121e-08
"Os06g0483500",514.552206661082,-1.76666049717078,0.285652420688208,-6.1846508876573,6.22400560719746e-10,1.54155379831575e-08
"Os10g0113000",548.17205522262,4.18711348458886,0.677291637282615,6.18214260165403,6.3237360864462e-10,1.56487373948724e-08
"Os07g0538400",1439.62728413718,1.54238236680034,0.249501205511617,6.18186338473834,6.33493383650585e-10,1.56626355348041e-08
"Os11g0242800",19969.3045697561,-3.98152116859032,0.644200778072464,-6.18055939097678,6.38748602708974e-10,1.57786648672704e-08
"Os10g0428500",119.776157222158,-1.7822196541481,0.288450029617271,-6.17860797765503,6.46692524005412e-10,1.59608492600175e-08
"Os09g0306400",5345.38865525517,0.946764087691561,0.153249644472292,6.17792028785255,6.49514913764841e-10,1.60164213620993e-08
"Os11g0227000",1786.35459695211,-1.82862830939632,0.296021939674822,-6.17734047484808,6.51903894506507e-10,1.60612178118012e-08
"Os11g0216000",2664.00773864662,1.73703173416412,0.28129100092109,6.17521260358916,6.607449619324e-10,1.62647588787254e-08
"Os05g0169000",3199.54794382212,-1.05216568060379,0.170468333853792,-6.17220604447402,6.73436574253561e-10,1.65509537582689e-08
"Os03g0427300",50.8637046190516,9.77679442207323,1.58401014208369,6.172179181386,6.73551036702413e-10,1.65509537582689e-08
"Os12g0555000",7874.39044738653,6.17054050170818,1.00012272615999,6.16978330789484,6.83836447576146e-10,1.6788992468838e-08
"Os01g0280200",30.931995230887,-8.37875573341101,1.35847306369373,-6.16777465622241,6.92577471494863e-10,1.69887316478049e-08
"Os10g0174800",45.7208640340912,8.84043904707221,1.43349022795332,6.16707311614832,6.95655961728985e-10,1.70493428803832e-08
"Os04g0523600",970.847818726874,1.83187608771191,0.297050097293753,6.1668927376259,6.96449651659669e-10,1.7053900632525e-08
"Os01g0590200",6687.69362643036,1.14141551266502,0.185126582600427,6.16559489529728,7.02186435914415e-10,1.717938601973e-08
"Os08g0246300",284.772592704838,2.71409641195463,0.44022290956645,6.16527752866743,7.03596274451686e-10,1.71988838446544e-08
"Os05g0542200",6007.52379363434,1.09271927092364,0.177262041911444,6.16442899529236,7.07379291539825e-10,1.72763078147873e-08
"Os04g0371500",39.3197581238096,-8.49589702363801,1.37843368531646,-6.1634426916138,7.11801470098819e-10,1.73691937860114e-08
"Os07g0482566",27.7852751726003,-8.33331740826774,1.35307603355106,-6.1587946291514,7.33007098535793e-10,1.78711079053965e-08
"Os02g0222500",432.783458905932,-4.57705315888366,0.743369239100277,-6.15717320294745,7.40548452285349e-10,1.80392974548884e-08
"Os03g0243350",31.0829257485015,-8.72340583314047,1.41739633916166,-6.15452826574961,7.53012937629613e-10,1.83211077498318e-08
"Os05g0523100",53.4926960013546,5.93685295485269,0.964645209202066,6.15444196293011,7.53423075450997e-10,1.83211077498318e-08
"Os05g0153500",293.990173586658,-1.74857370854262,0.28452944031624,-6.14549308710962,7.971548518186e-10,1.93510029859287e-08
"Os12g0131400",1163.20731270973,-1.72874295804037,0.281301689112795,-6.14551218477463,7.97058939038537e-10,1.93510029859287e-08
"Os08g0425200",146.007185057962,-10.5823372628493,1.72286812261971,-6.14227933288261,8.1345641839823e-10,1.97296577468376e-08
"Os08g0170700",4865.25386742124,-1.69120471170627,0.275402193939267,-6.1408541722773,8.20789098006684e-10,1.9874923403621e-08
"Os08g0197950",179.950640720581,-2.45122438208314,0.399167601587424,-6.14084001891693,8.2086224163626e-10,1.9874923403621e-08
"Os02g0104100",186.357957971885,-2.57363961712509,0.419181510506434,-6.13967828403441,8.26887737643518e-10,1.99909174802197e-08
"Os09g0380050",2931.96359066076,1.03316497035142,0.168277727930212,6.13964178777059,8.27077727693503e-10,1.99909174802197e-08
"Os08g0307601",76.3434624652983,-9.89353991100845,1.61184001270206,-6.13804089304315,8.35453594553599e-10,2.01759886147703e-08
"Os09g0300800",1440.83864666159,-2.57854274372303,0.420241021996042,-6.13586634516446,8.46963437956084e-10,2.04363611314906e-08
"Os01g0781833",46.3041683218722,7.98288421838012,1.30138742327068,6.13413352214309,8.56245826111467e-10,2.06425862305326e-08
"Os02g0632700",33.4108659330983,-8.23452629919227,1.34329013517943,-6.13011745083078,8.78142214969199e-10,2.11522977137044e-08
"Os06g0161400",163.192746697489,-2.80715318071376,0.458101117558186,-6.12780251590897,8.91010798880854e-10,2.14438636691205e-08
"Os12g0477200",33.8427849114157,8.24382966843842,1.34537925847514,6.12751357396578,8.92629863446615e-10,2.14644209323384e-08
"Os11g0642400",29.989359493244,8.67705119194655,1.41683838766619,6.12423496390392,9.11203489780632e-10,2.1892287953959e-08
"Os04g0140400",35.7310795432489,-8.57104533165681,1.39957386602304,-6.12403928062181,9.12323893363297e-10,2.19004560269981e-08
"Os11g0459400",41.6159443781064,-8.89805734431815,1.45320863219135,-6.12304189997856,9.18055400508842e-10,2.20192056829736e-08
"Os02g0643800",289.559197167945,1.90397379771649,0.311350966845293,6.11520117315888,9.64352308702801e-10,2.31098671962579e-08
"Os12g0565800",95.9116275592342,8.17584292408831,1.33780323916514,6.11139417571637,9.87644846111906e-10,2.36478580815634e-08
"Os01g0781600",44.0610107379362,7.92354035023255,1.29680716836535,6.11003743927504,9.96077702679432e-10,2.38091418165164e-08
"Os11g0687000",632.053375011444,-2.67391045116827,0.437618850578768,-6.11013544693498,9.95466186162015e-10,2.38091418165164e-08
"Os09g0451000",2082.6815491552,2.61912508641072,0.428695311914225,6.10952584182857,9.992757545447e-10,2.38652563608795e-08
"Os07g0158500",580.987453003613,3.03779176589069,0.497333016732447,6.10816427561845,1.00783591535424e-09,2.40492274291417e-08
"Os02g0594800",601.291725901681,1.526225543464,0.249887644835247,6.1076470766302,1.0111062470849e-09,2.41067659351712e-08
"Os12g0485300",27.0445476628259,8.89583032719117,1.45736988782061,6.10403055637044,1.03426499847962e-09,2.46379833508787e-08
"Os11g0556400",240.502066801417,3.82913686380572,0.627656843047453,6.10068528085215,1.05614677910908e-09,2.51379057806269e-08
"Os08g0515000",45.6609325399346,8.82445920544644,1.44658813473977,6.10018774074482,1.0594395615656e-09,2.5194909302249e-08
"Os05g0105600",836.683784173119,-2.10366340756841,0.345121837385424,-6.09542248472409,1.09148793360046e-09,2.59350841597765e-08
"Os03g0618800",422.190398137014,-1.3708025497546,0.225042344840365,-6.09130939658039,1.1199086925642e-09,2.65878830209277e-08
"Os05g0579900",2017.14476916722,-1.12880953934738,0.185348808627336,-6.09019042370524,1.12776463561857e-09,2.67517592601253e-08
"Os12g0191901",50.1372518933792,-8.8830278385622,1.45922488794308,-6.08749748716507,1.14689175663722e-09,2.71824970225961e-08
"Os12g0210300",7233.58200145548,1.01324222004048,0.166463803527628,6.08686211998224,1.15145048585191e-09,2.72675135307816e-08
"Os01g0214800",7956.99202099052,0.912968768498111,0.150029564911442,6.08525905568686,1.16303105460611e-09,2.75185307372316e-08
"Os06g0134466",315.760218141606,-2.09722035580824,0.34482850086255,-6.08192289953491,1.18749672395765e-09,2.80634869125787e-08
"Os10g0536400",6473.00506150191,1.78124516701106,0.292879008288294,6.08184648473577,1.18806294819127e-09,2.80634869125787e-08
"Os10g0131000",31.7997090717214,8.46228602369272,1.39194098293852,6.07948621918439,1.20568243205069e-09,2.84557278454217e-08
"Os08g0278900",1741.62776622698,1.46745401038634,0.241563898795323,6.07480678075042,1.24137100622487e-09,2.9248827184452e-08
"Os10g0393700",26.4845943918784,8.90285774145402,1.46551729315602,6.07489095013101,1.2407200702229e-09,2.9248827184452e-08
"Os01g0137200",35.5204997885254,-5.3149102219978,0.875218761830237,-6.07266486253493,1.25804832633899e-09,2.96169061524536e-08
"Os02g0226400",30.0626436325541,8.11293417105029,1.33604820540873,6.07233641586186,1.26062490353561e-09,2.96526873788904e-08
"Os11g0260100",1906.31779009211,-3.12759722669714,0.515271245594909,-6.06980741393041,1.28063729537542e-09,3.0098194122969e-08
"Os02g0802650",31.269073384538,8.37408123039869,1.37967781525729,6.06959185528182,1.28235729740584e-09,3.01133978910483e-08
"Os12g0605800",4740.36654128548,1.3917161796644,0.22933176135451,6.06857145056775,1.29052999723801e-09,3.02799772428872e-08
"Os02g0177600",13640.4552111111,-1.16668863967348,0.192321763667245,-6.06633704593143,1.3086036678655e-09,3.06783927549221e-08
"Os11g0202300",787.569193942467,-5.52490685269758,0.910817035147866,-6.06588001705594,1.31233076518704e-09,3.07400884246065e-08
"Os01g0603800",69.8859240247041,8.62182978199114,1.4238097597847,6.05546472956816,1.4001285132922e-09,3.27693130442083e-08
"Os02g0574800",98.1473534681507,5.3806756540231,0.888729479668152,6.05434586915269,1.40989393680084e-09,3.29703697120876e-08
"Os01g0117700",41.5600245339852,-8.36428628012563,1.38227507622991,-6.0511011331687,1.43859095471758e-09,3.36134382775061e-08
"Os01g0715800",1910.3144538157,0.714824898205004,0.118178148784188,6.04870617418779,1.46013677809772e-09,3.40884844151233e-08
"Os04g0185000",88.335607320063,8.17120459902992,1.3523999947919,6.04200283237006,1.52212793111996e-09,3.55061961787934e-08
"Os03g0246050",41.9691768042324,8.33017057798972,1.37907716893447,6.04039481302263,1.53737580237682e-09,3.58320928291513e-08
"Os04g0330200",20.9558767823414,8.07280029530837,1.33655561048962,6.04000329799303,1.54111077698919e-09,3.588933661732e-08
"Os05g0299600",34.1718658325109,8.20721642185955,1.35910707852898,6.03868271419983,1.55377421564638e-09,3.61542388386971e-08
"Os10g0376200",1323.57931956324,-1.48784472781959,0.246520239860481,-6.03538568947375,1.58583456440179e-09,3.68391469753668e-08
"Os11g0691700",51.5780507393006,-8.30051860598533,1.37530381245562,-6.03540725388134,1.58562279173799e-09,3.68391469753668e-08
"Os10g0101100",1088.92284227096,1.99850840447957,0.33119798015148,6.03418053324332,1.59771368440636e-09,3.70844014986032e-08
"Os04g0608800",3314.22770877504,1.17707122797689,0.195093113531647,6.03338173587531,1.60563510108486e-09,3.72284721325201e-08
"Os12g0490050",1428.84971025878,1.72439524036501,0.285813545985203,6.03328731121193,1.60657400586137e-09,3.72284721325201e-08
"Os04g0122000",202.995820105068,6.50392893369168,1.07843150782046,6.0309151638534,1.63033762288306e-09,3.77479656545746e-08
"Os03g0661800",224.824038396149,2.57188882128245,0.42690717972557,6.02446841708247,1.69666330177784e-09,3.92512494431078e-08
"Os04g0632100",113.459279817237,-4.62644686283026,0.767964838205988,-6.02429516647913,1.69848154429281e-09,3.9260946537022e-08
"Os06g0348800",1504.95710390461,-3.08912787167192,0.513128155145554,-6.02018782383059,1.74214795721028e-09,4.02371654117159e-08
"Os11g0307300",3033.12651586938,-3.70008418519679,0.614838438018079,-6.01797798641859,1.76609203661389e-09,4.07566404041604e-08
"Os01g0801100",544.894107128312,1.5475344404974,0.25731866842068,6.01407760266893,1.8091383471411e-09,4.17157274424597e-08
"Os06g0543601",1032.34665135853,-8.51002991805572,1.4152904842957,-6.01292103104233,1.82209811219098e-09,4.19800634025478e-08
"Os04g0621900",216.109630648865,4.09466461918981,0.681026518311789,6.01248924834846,1.82695953117915e-09,4.20575376242406e-08
"Os06g0147300",156.530929489466,4.2615631945861,0.708993668557415,6.01072108761857,1.84699933695947e-09,4.24840126178333e-08
"Os07g0209700",71.951343295081,3.1876856931129,0.53055715408431,6.00818529836721,1.87611350654695e-09,4.31183433421135e-08
"Os09g0356200",262.241341893257,3.56094455254376,0.592877652602314,6.00620471511067,1.89916373475308e-09,4.36123835717193e-08
"Os01g0970500",632.780539595685,1.05177979283852,0.175151606907328,6.00496798978852,1.91369656169816e-09,4.39101822684985e-08
"Os03g0716900",25.6026861551287,8.38185507967864,1.39591219118679,6.00457187249901,1.91837422562582e-09,4.3981550261039e-08
"Os07g0150700",16244.1613464396,-1.20204618308219,0.200320896062743,-6.00060306592126,1.96586021713739e-09,4.49967124088985e-08
"Os11g0137500",88.4406756000573,2.91501925741123,0.485786643735541,6.00061630965331,1.96569987008247e-09,4.49967124088985e-08
"Os02g0151400",4401.74441434609,-0.801789126395755,0.13366858152576,-5.99833646204466,1.9934914255157e-09,4.55779805789958e-08
"Os03g0186600",3678.11610108335,1.55035866755312,0.258468324905654,5.99825401475802,1.99450360455444e-09,4.55779805789958e-08
"Os08g0163100",282.655597344655,3.12173786552185,0.520909164913003,5.99286416095829,2.06177066390458e-09,4.70768172257854e-08
"Os01g0187500",1952.76372111868,-1.67050172437104,0.279015103351385,-5.98713727072776,2.13566532110166e-09,4.87244229599632e-08
"Os02g0606200",2653.86853138947,-2.23401122998893,0.373149395705663,-5.98690834207085,2.13867221810875e-09,4.87533873148399e-08
"Os04g0506800",797.153066504317,-2.61677992971417,0.437171381005534,-5.98570730704131,2.15451508883275e-09,4.90348762553321e-08
"Os12g0198400",338.642219414288,1.33709101922928,0.223378522452877,5.98576355751185,2.15377054288794e-09,4.90348762553321e-08
"Os03g0584050",575.491937185061,-1.47047468580668,0.24584238143734,-5.98137179281056,2.21266179274853e-09,5.03174353550317e-08
"Os05g0479475",166.950933168348,5.87089563230316,0.98161373290476,5.98086134647912,2.21960752478646e-09,5.04345152717066e-08
"Os07g0553700",1935.47673814781,1.9425513550687,0.324819172292597,5.98040854964942,2.22578658281101e-09,5.05339992611994e-08
"Os09g0272600",1013.95978877042,1.61092368390617,0.269385563300023,5.97999263276047,2.23147712399185e-09,5.06222401402257e-08
"Os08g0104600",10565.5216735773,-5.06433644144033,0.846921352060808,-5.97970098299838,2.2354759029063e-09,5.06719909429374e-08
"Os03g0133400",1604.61779290954,1.43794510132069,0.240501730371333,5.97893869245975,2.24596058090395e-09,5.08685599849288e-08
"Os01g0249900",223.604091233579,-4.0339785494641,0.674998552914573,-5.97627732984879,2.28294231871659e-09,5.16644575385686e-08
"Os05g0171900",3277.82127218623,1.0876270207307,0.182138416957378,5.97143117250884,2.35181276913759e-09,5.31801530439477e-08
"Os03g0748700",5684.48716963054,1.12840051366967,0.189170572367726,5.96498968917951,2.44649490155015e-09,5.52766021958941e-08
"Os12g0540200",913.078201146235,-1.81223962497737,0.30384739675479,-5.96430854545014,2.45672131234676e-09,5.5463003593785e-08
"Os08g0477100",1329.02177040716,-2.95526750732487,0.49563927294621,-5.96253700752563,2.48351379771504e-09,5.60228007970091e-08
"Os02g0257300",3504.71900762422,-5.32563093392573,0.893525270152831,-5.96024657815758,2.51857605556203e-09,5.67306712864766e-08
"Os05g0304600",1308.54599658624,0.831084987968938,0.139438569244051,5.96022314682775,2.51893722553453e-09,5.67306712864766e-08
"Os07g0634400",26689.145700047,1.11558873733738,0.1871854764492,5.95980392549388,2.52540762473006e-09,5.68307848958901e-08
"Os03g0327751",33.9681228134219,-8.48489220232748,1.42382298665013,-5.95923249019186,2.53425342065698e-09,5.69841502327533e-08
"Os06g0657500",939.482874748461,2.89640229479859,0.486115022635068,5.95826534859622,2.54929353799868e-09,5.72764413637461e-08
"Os07g0656200",234.702560562885,4.68827733740146,0.786892259919482,5.95796600907116,2.55396618900255e-09,5.73355193566315e-08
"Os08g0419000",35.0644076510569,9.03641884888088,1.51811874777338,5.95237945788796,2.64271768574999e-09,5.92805305335861e-08
"Os01g0719300",368.628535207961,-3.10855750537679,0.522305505434893,-5.95160777175512,2.6552108791471e-09,5.95132010308514e-08
"Os05g0144100",2898.45048449401,1.27407171766182,0.214078102394018,5.95143409537913,2.6580305275477e-09,5.95288528843126e-08
"Os02g0160800",734.016934398412,-2.82654283500464,0.475194971699258,-5.94817496678711,2.71148672538862e-09,6.06776239935052e-08
"Os06g0510200",32.5370578763487,-8.72073126952064,1.4663498130867,-5.94723795897194,2.72704832010038e-09,6.09772350268181e-08
"Os05g0370100",180.502355884091,-6.75258002400384,1.13548510977708,-5.94686796494364,2.73321701197112e-09,6.10179282338373e-08
"Os12g0212400",68.8528250933242,-9.40121444427775,1.58084596597965,-5.94695159844484,2.73182145246934e-09,6.10179282338373e-08
"Os11g0660500",136918.569839035,-1.00317445288591,0.168853400668463,-5.94109712279707,2.83120803798993e-09,6.31552940874986e-08
"Os08g0151700",1033.21170662373,0.935782432635928,0.157513835277089,5.94095389138202,2.83368315780737e-09,6.31602992648058e-08
"Os11g0695700",55.4989506014175,-9.44630266549767,1.59187282198436,-5.93408125011038,2.95495479227538e-09,6.58110645879616e-08
"Os04g0457000",16669.8400802858,-4.06119376292967,0.68512097582263,-5.92770314476705,3.0720119528695e-09,6.83638377648088e-08
"Os02g0160500",440.482249077631,-2.95708946746724,0.499012838436612,-5.92587853397055,3.10632141203421e-09,6.90725764378004e-08
"Os07g0523150",662.781080882641,26.0967557917084,4.40754211251782,5.92093169514848,3.20122807515561e-09,7.11265734323173e-08
"Os11g0141100",169.793853145633,-2.09375435040573,0.353902690297585,-5.91618658972375,3.29491408760238e-09,7.31502208277674e-08
"Os06g0720100",498.484924219264,-2.01876890551409,0.341301408777594,-5.91491524381491,3.32046521802633e-09,7.36592054926917e-08
"Os05g0273500",1278.67285786096,-1.16275803190914,0.196618955585503,-5.9137636472873,3.34377609530863e-09,7.41177288993293e-08
"Os01g0692050",43.6959470415948,8.50784529377145,1.43883551350499,5.91300757725006,3.35916719389506e-09,7.44001182281636e-08
"Os02g0651500",2144.53998628504,-1.20719001986059,0.204255119481672,-5.91020691635059,3.41678265096061e-09,7.56165258290666e-08
"Os09g0315200",491.289352037024,-2.35842957777334,0.399201030215846,-5.90787447742343,3.46549904777761e-09,7.65738852588467e-08
"Os11g0576975",28.1101664405139,-8.64523711920569,1.46332710576007,-5.90793205782605,3.46428829659679e-09,7.65738852588467e-08
"Os11g0569800",25.8818671941035,8.61934483366358,1.45952374882492,5.90558724419736,3.51392762264132e-09,7.75828772199534e-08
"Os09g0387150",1131.42845614367,-2.54198196649711,0.430507414905322,-5.90461831431207,3.53464128220474e-09,7.79788550795829e-08
"Os09g0400200",486.455176306696,4.69858722760222,0.796178031615788,5.9014278729429,3.60368965296134e-09,7.94397007395139e-08
"Os04g0581000",753.201967560511,3.54585476270507,0.601179211166855,5.89816596589021,3.67564168224298e-09,8.09622110573803e-08
"Os04g0602100",1496.92920859742,-4.57661816990799,0.776055506544108,-5.89728200021202,3.69538005213004e-09,8.12694004881452e-08
"Os06g0272000",39.804189998709,-22.0687382588418,3.74213119073662,-5.89737161365999,3.69337435262468e-09,8.12694004881452e-08
"Os02g0274900",4099.2029928302,-1.33024882592529,0.225578530417335,-5.89705422525912,3.70048281175447e-09,8.13178924537618e-08
"Os06g0492101",24.026385403383,-8.473413844228,1.43704530422431,-5.89641385648714,3.71486553662404e-09,8.15062992093384e-08
"Os09g0569780",24.9765157251009,8.12152656634376,1.37733781856631,5.89653929258807,3.71204395467261e-09,8.15062992093384e-08
"Os09g0238700",48.9691839678521,-7.89259028856662,1.33914384919269,-5.89375838400388,3.77509049258147e-09,8.2762960470954e-08
"Os05g0392900",28.707566729485,-8.06726001997252,1.36883883565538,-5.89350609424377,3.78086150240776e-09,8.28247739895134e-08
"Os05g0573200",473.566196834625,2.88311398453375,0.489598218625974,5.88873462943764,3.89163751341615e-09,8.51849702819688e-08
"Os03g0432100",29588.4973854368,-9.32973510311872,1.58470487239676,-5.88736443335856,3.92402808335071e-09,8.582702733826e-08
"Os08g0409900",32.9494745187291,-8.68000240937506,1.47448977984503,-5.88678370513177,3.93783517032619e-09,8.60619396804467e-08
"Os03g0312600",2996.54515278775,0.603437258959451,0.102676586988518,5.87706775865985,4.17597308329978e-09,9.11954526564657e-08
"Os06g0619000",817.469470504335,1.72137443929145,0.293059865456127,5.87379795801194,4.25922430466972e-09,9.2941176079037e-08
"Os07g0199000",63.0655261987832,-4.24308428786119,0.722397615110392,-5.87361336625232,4.26397198825192e-09,9.29724801354511e-08
"Os05g0244500",644.361081759129,1.7230542303108,0.293372431050855,5.87326567850582,4.27292847690973e-09,9.30232109534839e-08
"Os11g0118400",447.9633173658,-2.01637578710264,0.34330884444444,-5.87335811393279,4.27054554120716e-09,9.30232109534839e-08
"Os01g0319200",408.583984979066,3.95487064889591,0.673492913524674,5.87217856264944,4.30105102750214e-09,9.35628635145466e-08
"Os12g0223000",23.7237743132588,-8.41679617965646,1.43368117564354,-5.87075866144256,4.33805379702252e-09,9.42947061596019e-08
"Os01g0311300",46.6923991744992,-8.81446138086896,1.50176972018064,-5.86938281044094,4.37420406460904e-09,9.50068997376616e-08
"Os09g0315100",1114.12454105081,-2.29136741835418,0.390412127978896,-5.86909897040402,4.38169831290084e-09,9.50960696493608e-08
"Os02g0204400",1299.92850442948,1.26731686097706,0.215998480770561,5.86724895682591,4.43085138736719e-09,9.60885252181594e-08
"Os01g0155800",100.753949753457,-19.4004943563105,3.30672964067891,-5.86697325286239,4.43822236720612e-09,9.61740510181763e-08
"Os04g0142850",291.443078006693,-3.04854509652464,0.519870979678558,-5.86404168666924,4.51733988578337e-09,9.78129566935594e-08
"Os04g0518000",1454.46577632542,0.678664586039169,0.115752077781649,5.86308772201376,4.54338034812121e-09,9.83009555350636e-08
"Os06g0591400",406.875602339569,10.2475799809228,1.74896179070954,5.85923605384508,4.65001324954981e-09,1.00530563797278e-07
"Os01g0600200",6247.47914971374,-0.748583896628383,0.127784163120783,-5.85818992233658,4.67939330765226e-09,1.0108786374083e-07
"Os01g0781700",965.199826233688,2.1517471804583,0.367339801934024,5.85764779403012,4.69468967909957e-09,1.01340293672994e-07
"Os09g0425700",288.927265032255,-2.23911594364624,0.382290863126031,-5.85710033804304,4.71018574557759e-09,1.01596642884242e-07
"Os08g0150200",399.954543019226,1.48966949266109,0.254345285725782,5.85687872456639,4.71647278862721e-09,1.01654116278385e-07
"Os01g0117050",43.9099758820749,-7.82126472462327,1.33612745158476,-5.85368163444783,4.80808611336195e-09,1.03549127024684e-07
"Os04g0658300",270.077401207193,-3.33161872341555,0.569421464296403,-5.85088362893417,4.88968259765773e-09,1.05225669521067e-07
"Os07g0532600",28.7581597484697,-8.42390340979803,1.440251788725,-5.84891022232676,4.94804046304419e-09,1.0631846207806e-07
"Os12g0189400",4914.69544427526,-4.99057024269122,0.853244353251903,-5.8489343922067,4.94732162532116e-09,1.0631846207806e-07
"Os07g0273700",314.115470145633,-2.79776087860566,0.478395497043443,-5.84821741821619,4.96868844895402e-09,1.06680440133548e-07
"Os02g0252300",37.3122273559408,-8.38462023009088,1.43378275733943,-5.84790142521285,4.97813396291327e-09,1.06801525433694e-07
"Os01g0585300",1137.06345760676,-4.91989821760468,0.841561540720556,-5.84615382184908,5.03068884703185e-09,1.07846593143933e-07
"Os08g0410950",29.473951693187,-9.07653760964558,1.55270383233076,-5.84563354623838,5.04643886945014e-09,1.08101654621763e-07
"Os06g0698822",288.358690762673,2.44082554193545,0.417669359772314,5.84391812525111,5.09870950697058e-09,1.09054867518756e-07
"Os08g0122201",20.51935771258,8.38982932469263,1.43564896131199,5.84392811250007,5.09840366609564e-09,1.09054867518756e-07
"Os12g0600701",4921.31813789894,0.751813974148362,0.12866226136315,5.84331385274168,5.11724747707804e-09,1.09368011197078e-07
"Os02g0226500",47.2440842681575,7.85318946971822,1.34413312902802,5.84256819515866,5.14021328641195e-09,1.09775239911181e-07
"Os04g0459500",5476.517333763,-5.80469375049641,0.993680692027618,-5.8416086747664,5.16991353463664e-09,1.10325561679828e-07
"Os08g0296700",1330.59749886881,-1.63803300183039,0.280483398340772,-5.84003549415169,5.21897019810478e-09,1.11287797643782e-07
"Os02g0729400",2771.54407307726,-5.5803461595427,0.955711907020374,-5.83894175488569,5.25334297153287e-09,1.11935695115532e-07
"Os03g0805700",39.1147774354981,-9.17248879048142,1.57096289300251,-5.83876858666627,5.25880526025985e-09,1.11967066171026e-07
"Os01g0514000",4890.12763054322,-0.743181618068033,0.127295231736462,-5.83825181768501,5.27513870471701e-09,1.12229675763282e-07
"Os11g0225100",1818.10492804184,-1.61836600551979,0.277370898755932,-5.83466402848499,5.38990614989867e-09,1.14584504832164e-07
"Os07g0534300",124.1362125976,8.03869042541525,1.37788050496445,5.83409838258991,5.40822051766016e-09,1.14886816174549e-07
"Os06g0177600",549.640460243619,-2.94572144581713,0.504998840575578,-5.83312516610872,5.43987291489627e-09,1.15471795565673e-07
"Os04g0127300",27.1770440676314,-8.56460033737355,1.46895137312792,-5.83041787090368,5.52887458193364e-09,1.17272319363735e-07
"Os08g0114000",30.5614531411249,7.98371926053707,1.36991401798186,5.82789806932453,5.61298429452355e-09,1.18966439027885e-07
"Os08g0209000",34.2338600641266,-8.32504298478557,1.42917972472287,-5.82504974061248,5.70955920144699e-09,1.20922000234721e-07
"Os02g0655500",44.2994201023369,-4.96512233805515,0.852507308808332,-5.82414049328867,5.74072693385302e-09,1.21490406649912e-07
"Os04g0640300",261.303552241986,5.39844070000505,0.926979184840447,5.82369139274064,5.75618247866806e-09,1.21725691572256e-07
"Os02g0771450",40.5850094115327,-8.39995999048762,1.44362671696453,-5.81865096550026,5.93244653602964e-09,1.2526434514226e-07
"Os08g0324300",112.951627861616,-5.12721948979334,0.881164874773706,-5.81868346841455,5.93129326200891e-09,1.2526434514226e-07
"Os02g0686800",108.748582366537,-8.74671890663954,1.50337609200465,-5.81805108725416,5.95377072533081e-09,1.25620085785138e-07
"Os07g0271500",94.7335556406317,6.2079590829882,1.06725112524027,5.81677445558148,5.99940030310924e-09,1.26487732010407e-07
"Os06g0102100",67.1231844588775,8.8625547710161,1.52405203315434,5.81512611001425,6.05881914934965e-09,1.27644581808596e-07
"Os05g0478700",425.196652033965,3.8509133662614,0.662240658698862,5.81497574284776,6.06426792361272e-09,1.27663530736999e-07
"Os05g0380300",573.401562650626,-2.64864335192222,0.455504857495243,-5.81474227626624,6.07273737365383e-09,1.27745994137537e-07
"Os01g0968300",2010.31162611662,-3.06265117628902,0.527160081712206,-5.80971754602811,6.25783297749527e-09,1.31541055441552e-07
"Os05g0344400",1072.33741422428,-1.47379971922314,0.253686660370876,-5.80952785246384,6.26492713281909e-09,1.31591605689498e-07
"Os03g0182000",103.396334238864,5.97856051687367,1.02921721766428,5.80884230681787,6.29063043020027e-09,1.32032663524518e-07
"Os03g0327700",21.7963808820788,-8.08443636984887,1.39236450122045,-5.80626435302153,6.3882074184069e-09,1.33980475766319e-07
"Os06g0267400",38.368066315605,-8.17344976244642,1.40786378583994,-5.80556858174321,6.41479403185245e-09,1.34437602779569e-07
"Os11g0666000",43.2821280872023,-9.35897469874856,1.61381719313627,-5.79927809578016,6.66010051287399e-09,1.39474433277813e-07
"Os02g0123200",4266.09475337228,0.767951865069475,0.132525075074806,5.79476649710247,6.84163033491214e-09,1.43169150229906e-07
"Os08g0105700",84.5875552551754,-3.79519292061101,0.655128558831422,-5.79305064548039,6.91192526960147e-09,1.44532374750787e-07
"Os05g0136900",804.369645302523,1.39938420126101,0.242053438514698,5.78130271500372,7.41243720813395e-09,1.54882958253652e-07
"Os01g0392600",204.875321431536,5.51989957295242,0.954824678676382,5.78106085465275,7.42310307219698e-09,1.54990415485113e-07
"Os11g0474800",1780.4853896113,3.32943466413412,0.575939608587406,5.78087461687198,7.43132619072198e-09,1.55046747631257e-07
"Os03g0396900",1147.42141651919,1.27109774537367,0.219971118958748,5.77847560802766,7.5380469527694e-09,1.57156518267916e-07
"Os11g0126900",1391.14810751791,2.51048180805734,0.434605360468147,5.77646305455853,7.6287243670291e-09,1.58928925900201e-07
"Os02g0103800",1244.05862618259,-6.11907526896601,1.05936353526247,-5.77618075880811,7.64152797763454e-09,1.590775653623e-07
"Os08g0237200",1042.56861162624,1.85208121759516,0.320736224237199,5.77446848107017,7.71963779087289e-09,1.60584489019626e-07
"Os01g0275900",904.333660839903,1.57532620628164,0.272821198696651,5.77420748023779,7.73161197891081e-09,1.60714441001626e-07
"Os06g0524700",22.3892587357257,-8.02144693221602,1.39060245390758,-5.76832502321266,8.00632816847251e-09,1.66301688426111e-07
"Os09g0549300",1833.19683499294,3.50898098382135,0.608822998682231,5.76354866918033,8.2363487476424e-09,1.70952972304986e-07
"Os02g0710500",2609.43854992981,0.907231511389631,0.157547846077527,5.75845074354871,8.48894294811565e-09,1.76065570591294e-07
"Os04g0109400",1351.06369653628,11.9298904491166,2.07335200167402,5.75391464617898,8.72001959437143e-09,1.80724660160451e-07
"Os11g0707300",371.970358995786,-1.59716722496185,0.277892024414549,-5.74743815813604,9.06057212426616e-09,1.87644114355097e-07
"Os07g0435300",7419.29070234281,-4.03158460891226,0.701887626610978,-5.7439174820313,9.25108832954102e-09,1.9144840759851e-07
"Os06g0648200",2128.50005501977,-1.9432453557493,0.338606133308302,-5.73895498218861,9.52625359790615e-09,1.96997589141078e-07
"Os05g0240200",1879.38087133088,1.56309605432909,0.272376801566371,5.73872681278331,9.53909481663083e-09,1.97117878309495e-07
"Os08g0369600",474.167486398785,-1.79974194849737,0.313717557620688,-5.73682251687494,9.64692553703768e-09,1.99199429301215e-07
"Os10g0463800",4218.01587394667,1.23482799952921,0.215287743542957,5.73570970278122,9.71048613285931e-09,2.00364457250219e-07
"Os07g0282401",54.3965335235485,-7.36974814122349,1.28521126739036,-5.73426978755629,9.7933341483846e-09,2.01925453983812e-07
"Os03g0343900",2904.79760539684,-4.2167426463139,0.735554603645698,-5.73273911333579,9.88215747117516e-09,2.03607270892891e-07
"Os02g0163300",39.8240277089456,-8.94226002731105,1.56093272106169,-5.72879273184105,1.01147888646736e-08,2.08247399207976e-07
"Os02g0288000",450.573990866016,1.22644811966374,0.214208983404404,5.72547472179694,1.03144903998774e-08,2.12047787253743e-07
"Os09g0361300",1470.29874406704,1.8100942625432,0.316143859572989,5.72553983806,1.03105346240752e-08,2.12047787253743e-07
"Os04g0309400",3543.62075106042,1.18190047385163,0.206511665012724,5.72316568063505,1.04557208586545e-08,2.14793879015785e-07
"Os02g0215950",57.697815811893,8.11780256734591,1.41844938139876,5.72301181402807,1.04651984752471e-08,2.1483130915317e-07
"Os07g0537250",1233.33335386862,-1.46128750133903,0.255392939670911,-5.72172239068938,1.05449510598989e-08,2.16310246083979e-07
"Os01g0520800",45.1800379643698,8.3238620253965,1.45500653144458,5.72084169074641,1.05997627293352e-08,2.1727577918963e-07
"Os04g0599000",1704.13473716877,-1.02683910874711,0.179516673883909,-5.72002080102682,1.0651101285524e-08,2.18168762244069e-07
"Os04g0593200",282.847010328063,2.06305378376465,0.360702064311908,5.71955080905961,1.06806033508798e-08,2.18613487405098e-07
"Os01g0369600",30.503868985024,-8.37833276408648,1.46499206101199,-5.71902946579718,1.07134217203757e-08,2.19125393817189e-07
"Os12g0581900",5172.10435120918,1.84093772757489,0.322087563456781,5.71564362130955,1.0928956955218e-08,2.23371005154644e-07
"Os02g0695800",4146.11035897166,-0.888215175078367,0.155451180783388,-5.71378853864123,1.10488282167738e-08,2.25656635676205e-07
"Os06g0120200",33.3157053092213,8.1305557642352,1.42338940395084,5.71210923846108,1.11584419694648e-08,2.27729598943361e-07
"Os09g0549700",85.2350117318973,3.7138677024242,0.650353249705711,5.71053916330048,1.12618817031067e-08,2.29673636884142e-07
"Os01g0206800",217.226980820839,-2.52301405399082,0.442291497207656,-5.70441455447258,1.16743637476976e-08,2.37887751279827e-07
"Os10g0388600",75.868722811352,7.62993123842498,1.33757330197857,5.70430886078437,1.16816093387357e-08,2.37887751279827e-07
"Os12g0140200",19.6106711722515,8.34884193984847,1.46465084121989,5.7002267741128,1.19648156173391e-08,2.4347835812456e-07
"Os05g0566700",123.021331221491,-1.82284029961962,0.319797893819344,-5.69997593745679,1.19824340120307e-08,2.43660190757685e-07
"Os08g0314800",22878.0241578051,-0.436757710242154,0.076669824217144,-5.69660508161817,1.22216576141846e-08,2.48344790709086e-07
"Os11g0211600",73.5018544934357,7.97534256954359,1.40008936447664,5.69630965843728,1.22428430694808e-08,2.48595269331237e-07
"Os10g0569500",28.891939380585,-7.9012839321552,1.38719660900833,-5.69586450892758,1.2274833142455e-08,2.49064618686602e-07
"Os04g0405300",181.742896892268,4.43968056164646,0.780127442859738,5.69096831842216,1.26320946716734e-08,2.56128497598627e-07
"Os04g0492800",412.219389864148,-1.78570812508149,0.31381810368664,-5.69026485121008,1.26842477163786e-08,2.57000259506871e-07
"Os02g0733400",142.172884836589,1.93219809112109,0.3396782322762,5.68831884861545,1.2829610979756e-08,2.59757967758955e-07
"Os01g0268100",3447.87425640252,1.02435579127931,0.18015203533402,5.68606282676771,1.30001585627774e-08,2.63021232580143e-07
"Os03g0643800",38.6985690139277,-8.71234224371193,1.53317530720337,-5.68254797920266,1.32702668121035e-08,2.68292670951908e-07
"Os08g0203300",2327.83722399846,-1.79749918093786,0.316342541808231,-5.68212915867483,1.33028135166788e-08,2.68757057527028e-07
"Os02g0768400",257.641403255957,-2.70131278296815,0.475769213471566,-5.67777970175363,1.36454290598015e-08,2.75480597320971e-07
"Os01g0935000",156.194814583694,2.75563370687783,0.485368596448689,5.67740419763466,1.36754070560947e-08,2.75887327683774e-07
"Os03g0805600",292.767602013029,-4.71369307278626,0.830349404500128,-5.67675853952579,1.3727102178634e-08,2.76731279695996e-07
"Os08g0404350",80.8722810969477,-2.23928406533327,0.394617089076094,-5.67457448580354,1.39033812130185e-08,2.80083764249623e-07
"Os02g0525100",4775.18981891101,1.23993268937503,0.218586901340333,5.67249309895516,1.40734191707759e-08,2.83076690797487e-07
"Os09g0255000",1760.60214365998,1.48235914668589,0.26132902711407,5.67238612203169,1.40822129696134e-08,2.83076690797487e-07
"Os11g0513700",14.248809057536,-21.9845311264396,3.87561223182228,-5.6725311541559,1.40702922146402e-08,2.83076690797487e-07
"Os05g0508900",593.230247314998,-4.72792293604337,0.833629336567552,-5.67149298693166,1.41558397588546e-08,2.84353024561903e-07
"Os11g0219400",2089.42707278845,-0.899480025919862,0.158663445224627,-5.6691068610443,1.43543820922335e-08,2.88134957276291e-07
"Os06g0195900",9480.99733463456,-1.12785772846479,0.198971645417327,-5.66843444501452,1.44108186239597e-08,2.8906103804543e-07
"Os12g0408000",43.8512837116269,-8.86841266310308,1.56516796134755,-5.66610924968573,1.46076407576659e-08,2.92799724958301e-07
"Os07g0213500",798.25723489031,1.5184304024132,0.268039305561574,5.66495424703445,1.47063771758059e-08,2.94568419919676e-07
"Os01g0543600",176.598418643124,5.65828756294229,0.999033458699339,5.663761822661,1.48089926637262e-08,2.96412234043854e-07
"Os10g0124400",554.042047105314,-1.58831600290011,0.280565233720936,-5.66112907802371,1.50380256657582e-08,3.00781950272635e-07
"Os12g0151000",45.0841150747176,7.55634814357263,1.33583249477412,5.65665843070418,1.54348502263952e-08,3.08499121832694e-07
"Os06g0146400",1083.67290263718,1.17348503311559,0.207549753475383,5.65399386636597,1.56761807100615e-08,3.13099632089499e-07
"Os01g0896500",2723.92634208725,-4.16086853794973,0.736005682447655,-5.65331034417068,1.5738675792522e-08,3.14124267489155e-07
"Os10g0122500",46.5159110381562,-8.82849649055496,1.56168590495642,-5.65318318013592,1.57503291882299e-08,3.14133431186998e-07
"Os05g0591500",1018.4124288374,-1.57374552758974,0.278391225130622,-5.65299975547479,1.57671531084128e-08,3.14245632477472e-07
"Os06g0216700",518.538845278279,1.30768367957373,0.231383943046967,5.65157487746802,1.58984403161964e-08,3.16637354260541e-07
"Os09g0322900",25.2499396040125,-8.08105985591071,1.42997693718511,-5.65118194970204,1.5934830760134e-08,3.17137036021901e-07
"Os06g0701700",364.602318040892,-2.79898830955588,0.495321949268118,-5.65084651243829,1.5965960803456e-08,3.17531390550377e-07
"Os11g0205500",919.152015766969,1.77493023105564,0.314129893536587,5.65030666477753,1.6016185088678e-08,3.18304664276545e-07
"Os10g0189100",995.677396627793,-2.06828285540877,0.366508257112442,-5.64320943736403,1.66909101321093e-08,3.31479348993101e-07
"Os02g0801300",1904.39763097716,-1.80223988137388,0.319444330369363,-5.64179642596884,1.68285004489226e-08,3.33975515981376e-07
"Os09g0130300",598.298769695152,-6.85815582616505,1.21563666744934,-5.64161645482027,1.68461038129113e-08,3.34088597313015e-07
"Os11g0677000",582.412419268277,1.24866557241537,0.221712147429568,5.63192223291253,1.78212044578113e-08,3.5317700529315e-07
"Os02g0457300",12.1539915129074,-22.2054964006666,3.94540683256455,-5.62818926995998,1.82111202122103e-08,3.6064958037759e-07
"Os12g0139500",1240.86816694753,0.646816481012634,0.114927017080102,5.62806289979503,1.82244637609712e-08,3.60659310338769e-07
"Os02g0753000",241.825349067163,4.11350811940023,0.731137060031372,5.62617919986674,1.84244945406211e-08,3.64360934319174e-07
"Os07g0471900",635.309860443235,1.74066220811385,0.309458765501034,5.62485992373039,1.85658566487843e-08,3.66897936111398e-07
"Os09g0315000",2900.40701790176,-1.95265070939253,0.34731789423401,-5.62208495965631,1.8866643223586e-08,3.72579691865075e-07
"Os03g0836000",6022.72427438664,-0.699099916636162,0.124379835159209,-5.62068534454397,1.90201414092027e-08,3.75346841227177e-07
"Os12g0265100",559.774962435647,1.48369622393089,0.264000942547566,5.62004138929756,1.90911717255173e-08,3.76483809530194e-07
"Os02g0769800",2271.94504617685,1.13226453598569,0.201624407356626,5.61571166323618,1.95754861328368e-08,3.8576354765426e-07
"Os08g0376300",679.137200042652,2.35999665671367,0.420301326538233,5.61501120196676,1.96549511504238e-08,3.87057711707503e-07
"Os08g0310001",1415.97702108095,1.28132934276859,0.228324889382529,5.611868886628,2.00153071277654e-08,3.93877663828438e-07
"Os09g0356000",22.67000410115,8.36359155221627,1.49045525488741,5.61143417408263,2.00656616279765e-08,3.94591868678539e-07
"Os08g0242800",1605.55992874535,-3.52110598727088,0.627586607753922,-5.61054991258117,2.01684690118823e-08,3.96335838523418e-07
"Os10g0141200",99.1311192737963,7.67545605032845,1.36848630973719,5.60871964572485,2.03828895758385e-08,4.00269172342324e-07
"Os11g0479300",1719.39507073239,0.868782726354071,0.154940387176644,5.60720637262636,2.05618433904029e-08,4.03501013441599e-07
"Os01g0279100",12339.4269664071,-3.74522637980631,0.668163769977812,-5.60525210747462,2.07952052797833e-08,4.07795283411097e-07
"Os02g0491400",6789.11574172064,0.956407167726726,0.170651478132897,5.60444701792687,2.08920882955004e-08,4.09123364792974e-07
"Os11g0477400",25.8550883631465,-8.23536030714998,1.46941737401671,-5.60450723720403,2.08848264805352e-08,4.09123364792974e-07
"Os01g0228400",803.535852227698,-4.10871864895997,0.73321943328828,-5.60366850962137,2.09861892248848e-08,4.10679527216679e-07
"Os03g0592500",20774.772146186,-4.62224478719529,0.825076035939252,-5.60220462824788,2.11642490310469e-08,4.1387537025034e-07
"Os11g0664400",103.394071042018,-4.34686820186055,0.775962956719395,-5.60190169417131,2.12012792654046e-08,4.14310792998457e-07
"Os03g0794500",16906.5855081213,1.02977717138353,0.183846892274809,5.60127592390438,2.12779718042247e-08,4.15520142498367e-07
"Os08g0203400",426.805883113499,-4.17533770740939,0.745504795156864,-5.60068524647229,2.13506105129109e-08,4.16648701121909e-07
"Os06g0158500",2181.66904934651,1.56859154784619,0.28009464895604,5.60021961752073,2.14080409734376e-08,4.17479114521617e-07
"Os08g0169100",56.4085912308636,6.54837165735108,1.16965923004953,5.598529459793,2.16177670620997e-08,4.21276235622669e-07
"Os11g0673900",105.05755801109,4.50413562968723,0.804577256372722,5.59813938812196,2.16664522936541e-08,4.21931980752617e-07
"Os11g0686500",841.217266623569,-1.51790708168527,0.271599684046564,-5.58876600690389,2.28688857990971e-08,4.4503930186842e-07
"Os07g0132000",28.3251094192419,-8.0903401217424,1.44791209053144,-5.58759069328091,2.30241522397368e-08,4.47750353535338e-07
"Os04g0438900",97.0713003995694,-2.71876182079759,0.486641607011574,-5.58678456923008,2.31312374473006e-08,4.49521319422542e-07
"Os07g0131250",181.930355562544,2.3555462017974,0.421671731439612,5.58620847965176,2.32080609855479e-08,4.50702150433526e-07
"Os12g0103540",33.5867142285717,-8.79042345894104,1.57400414526655,-5.58475241972913,2.34033372564096e-08,4.541801176275e-07
"Os02g0278400",72.3822843347657,-6.06072821148802,1.08591665483373,-5.58120937229388,2.38851905203727e-08,4.63210930464893e-07
"Os11g0145200",1455.19303577592,2.38104154150685,0.426780259190064,5.57908078041273,2.41792938920405e-08,4.68590708009973e-07
"Os05g0401100",1049.86957804798,-4.21501477277145,0.755665901526602,-5.57788139474898,2.43465556747471e-08,4.71506587539513e-07
"Os09g0459900",315.141140923668,-2.73858113305576,0.491018263845647,-5.57735085372841,2.4420900645161e-08,4.72620216485867e-07
"Os12g0228032",122.069595579733,-3.2986082763652,0.591978258234614,-5.57217808336786,2.51574063458723e-08,4.86538343816587e-07
"Os12g0198000",668.507657568547,1.34905803558704,0.242117349735723,5.57191806807554,2.51949911512644e-08,4.86929643034974e-07
"Os07g0558400",14230.5763304099,-3.61512731049178,0.649016377913851,-5.57016345583138,2.54500460065126e-08,4.91520434297837e-07
"Os10g0503250",634.729496920561,2.13359742077834,0.383114496775098,5.56908558339111,2.56079688258281e-08,4.94230275921862e-07
"Os02g0635000",3429.84122993317,0.795871108848637,0.142912587704401,5.56893638015156,2.5629903901314e-08,4.94313651737919e-07
"Os01g0314800",1933.35648931442,2.0102092380556,0.361135326553852,5.5663600048162,2.60115573848531e-08,5.01329892399551e-07
"Os04g0178400",2407.54701350005,7.26337970613654,1.30516613160332,5.5650997449757,2.62002501045533e-08,5.04273949543192e-07
"Os07g0608900",2068.12656675887,-1.12735520272896,0.202574203756752,-5.56514690331783,2.61931654485263e-08,5.04273949543192e-07
"Os02g0629600",22.9107562138757,7.68760958077264,1.3818030182172,5.56346272183657,2.64473380779789e-08,5.08680741017302e-07
"Os03g0726400",2087.68102427746,-0.754010058884229,0.135555224287127,-5.56238288011033,2.66115627390678e-08,5.11488817523096e-07
"Os05g0487300",295.085064330648,-2.02775596877582,0.364599151256042,-5.56160364551101,2.67306846690108e-08,5.13426744135374e-07
"Os01g0126900",2358.88293386552,-1.72609893155155,0.310518073993507,-5.55877121531949,2.71680537518644e-08,5.21470536514925e-07
"Os07g0128800",40.1328840682247,-8.67529813694701,1.56116033203901,-5.55695527160641,2.74521070697028e-08,5.26562562262473e-07
"Os06g0150600",406.228122431126,1.57145618845551,0.282900892626357,5.55479402651099,2.77939301273706e-08,5.32754963957838e-07
"Os01g0580500",1362.68059776471,-2.23781128425115,0.40307243069372,-5.55188376540588,2.82607490198912e-08,5.4133320067999e-07
"Os01g0530100",36.5916706731391,-8.78488878224206,1.58256813645186,-5.55103352575888,2.83985612082203e-08,5.4327998782016e-07
"Os04g0250700",755.108585183568,1.32220568409226,0.238191573463132,5.55101788391736,2.84011026346011e-08,5.4327998782016e-07
"Os11g0240800",98.4062619163364,-3.89977482778177,0.702599332988055,-5.5504960575419,2.84860135784633e-08,5.44533047029181e-07
"Os04g0516600",20.1206092603491,8.33249019002207,1.50181738679318,5.54827122345038,2.88508078598424e-08,5.51130953140161e-07
"Os02g0670900",6787.56548923144,1.07040643384075,0.192963493614303,5.54719659035761,2.90286292215585e-08,5.54150607629507e-07
"Os04g0443000",498.156561056416,-1.49703370031536,0.269897419012057,-5.54667660696855,2.91150530640787e-08,5.55422582654098e-07
"Os04g0688600",256.248035111053,3.0060330933173,0.54211569297914,5.54500290666362,2.93949287651996e-08,5.60380768348527e-07
"Os08g0348300",44.5499289960361,7.76118941331166,1.40021630939475,5.5428503162247,2.97587239611733e-08,5.66930965239949e-07
"Os07g0468500",48.2663854287931,-9.01946358989107,1.62729377792875,-5.54261542213431,2.97986852088917e-08,5.67307126412429e-07
"Os07g0577600",12319.2406838473,-3.87957440658738,0.699983444263387,-5.54238023539252,2.98387484016871e-08,5.6768471704959e-07
"Os03g0373300",20.6733469460557,8.35588426292673,1.50768159110649,5.54220752725004,2.98682018690635e-08,5.67860081876464e-07
"Os04g0477500",1764.33211843633,-0.970526323423651,0.175138415184215,-5.54148170407289,2.999229165863e-08,5.69833235290776e-07
"Os05g0326675",473.201357516053,-2.1973372322243,0.396553874935276,-5.54108122782294,3.0060972736168e-08,5.70751702924457e-07
"Os04g0106300",1410.76234140926,0.959368743026685,0.173205655439293,5.5388996427021,3.04377993204907e-08,5.77515567634625e-07
"Os05g0569800",242.896827075645,2.44397832556018,0.441287671029893,5.5382882550431,3.05442242050179e-08,5.79143256514332e-07
"Os04g0371600",32.1940394452501,-8.22427674949333,1.48521826512089,-5.5374196120756,3.06960508277267e-08,5.81629019802611e-07
"Os12g0593000",3473.40545567087,-0.586496748144462,0.10592224361989,-5.53704989717884,3.07608937114056e-08,5.82464372017183e-07
"Os02g0224100",3147.59701829704,1.53122200047076,0.276569869895576,5.5364743854741,3.08620950188428e-08,5.83908110546436e-07
"Os11g0105400",2564.50436046284,1.09548226852752,0.19786978221655,5.53637981634113,3.08787554718449e-08,5.83908110546436e-07
"Os12g0539700",104.122056306246,7.37520025988052,1.332357943606,5.53544961042501,3.10430975986762e-08,5.86620474622257e-07
"Os07g0539200",90.8985832305848,7.95896929315634,1.43826086798158,5.53374528247145,3.13464103617288e-08,5.91953544798676e-07
"Os02g0156200",118.335556478446,-2.9343189813458,0.530294585658722,-5.5333753364667,3.1412626988218e-08,5.92805069632397e-07
"Os09g0306232",327.415558911638,-3.09533198982663,0.559411806700952,-5.53319031301983,3.144579521507e-08,5.93032194439042e-07
"Os03g0698900",3997.46453804916,-0.479491941969026,0.0867604361399126,-5.52661977396912,3.26459414300952e-08,6.15252121162747e-07
"Os04g0114801",139.038859976749,1.89225305118619,0.342476418091448,5.52520684995287,3.29097646620527e-08,6.19807930165452e-07
"Os11g0146100",74.8456640541406,-5.45816287851029,0.988157987196717,-5.52357310190289,3.3217399120989e-08,6.25182195931049e-07
"Os04g0320700",6546.36345209558,-1.09309382520181,0.198009641251606,-5.52040707862727,3.38215209230017e-08,6.36125683740801e-07
"Os03g0708000",3288.46291917769,-1.14623666051502,0.207699667552967,-5.51872169088911,3.41474494522732e-08,6.41825670816939e-07
"Os03g0846400",9634.69418516623,1.0668627743912,0.193368222576549,5.51726007601304,3.44325686454812e-08,6.46751500220545e-07
"Os10g0154000",4792.52331616654,-1.42389751931088,0.258156817394578,-5.51563012622104,3.47532486250061e-08,6.52338236063492e-07
"Os03g0829200",1644.28433462301,1.80181319093081,0.32677221956395,5.51397298502052,3.50822472923772e-08,6.58073545132814e-07
"Os07g0561800",429.253099357215,-4.83569860052831,0.877264479218342,-5.51224712168559,3.54281004591512e-08,6.64117137665131e-07
"Os03g0581100",498.05979203437,-1.44446427171974,0.262068725024231,-5.511776621137,3.55229582817225e-08,6.65450771229436e-07
"Os02g0152400",9310.84984290221,-6.660656895695,1.20863889558135,-5.51087419083201,3.57055874692723e-08,6.68425747540173e-07
"Os09g0373000",7398.84898364043,0.67839968181485,0.123248821869407,5.50430966823907,3.70617611008015e-08,6.93351426673794e-07
"Os01g0320400",14.0043806404703,7.89264602573682,1.43428381369537,5.50284814649184,3.73704286736736e-08,6.98660206156315e-07
"Os05g0411100",1154.09466349043,-2.34628769436979,0.426413701679363,-5.50237406802199,3.74710865936053e-08,7.00075653788117e-07
"Os08g0541300",199.23953280466,-1.9156100787872,0.348229950612567,-5.50099173094523,3.77660924038936e-08,7.05117821049941e-07
"Os12g0273900",65.3123994161804,8.35978298899869,1.52002078931118,5.49978200810467,3.80261074988555e-08,7.09500417973992e-07
"Os11g0100200",521.205444667579,0.888050366178177,0.161529776126994,5.49775024438835,3.84667215386711e-08,7.17244611174876e-07
"Os06g0486300",80.8723414362451,-7.90681056489298,1.43884860526351,-5.4952345479356,3.9019146463512e-08,7.27061944262334e-07
"Os06g0129800",754.372955058895,1.30297855947197,0.237217373070042,5.49276194491559,3.95696013500056e-08,7.3682956409015e-07
"Os06g0136100",1208.14288538494,-0.931558361668268,0.169656652226814,-5.49084488843308,4.00015546555908e-08,7.44379062828374e-07
"Os01g0719600",708.186019916671,1.14394568518139,0.208384596868631,5.48958849344583,4.02871235305333e-08,7.49196329035007e-07
"Os03g0411800",2918.53423327831,-1.58705172749331,0.289367951217915,-5.48454561333971,4.14533519775198e-08,7.69869239255546e-07
"Os10g0466800",371.372551039016,2.40702844047284,0.438874826515509,5.4845443280119,4.14536533573918e-08,7.69869239255546e-07
"Os07g0129900",323.250531990359,3.54700062090258,0.646912176264983,5.48297087462717,4.18241897183225e-08,7.76237044891248e-07
"Os05g0291700",1996.66063461588,-4.14152821384058,0.755508426859548,-5.48177633313216,4.21076376577624e-08,7.80981181726455e-07
"Os08g0240200",2166.18497350929,-1.93195490757506,0.352597706842063,-5.47920440231459,4.27242571080808e-08,7.91894387692843e-07
"Os01g0660900",99.1689123706557,3.74645369884348,0.683951139939037,5.47766277453301,4.3098048895849e-08,7.98295345290636e-07
"Os03g0858600",760.656255503862,-1.41005611658953,0.257564185129032,-5.47458147522777,4.3854683576748e-08,8.117744924345e-07
"Os06g0714300",686.398022430587,1.33620159400334,0.24411072431133,5.47375211708927,4.40605280818005e-08,8.15047158227743e-07
"Os01g0158500",1125.15826909797,1.15899300821357,0.211847743211905,5.47087729442682,4.47813278051261e-08,8.27835059859979e-07
"Os02g0218800",685.270437988504,2.2616798381046,0.413644002598126,5.46769643437069,4.5592182515213e-08,8.42269799698424e-07
"Os06g0275900",1646.52206353284,0.786950118595766,0.143935960385894,5.46736282222972,4.56780459687413e-08,8.43300872351854e-07
"Os12g0629600",51.4012380443578,23.75593453321,4.34873261392118,5.46272595771064,4.6887813672703e-08,8.65066290127147e-07
"Os05g0379700",83.0497393710796,2.38978238949203,0.437523549171903,5.46206574255293,4.70625715217059e-08,8.67720027622937e-07
"Os09g0272000",1819.76023605551,-1.7430139061959,0.319135669717398,-5.46167060466596,4.71674657197919e-08,8.69083009211293e-07
"Os03g0714400",2171.79847668435,0.892019634772782,0.163346816755051,5.4608938973719,4.73743131736512e-08,8.72321506744751e-07
"Os05g0333500",1579.00034673393,-0.658345513229474,0.120596218017495,-5.45908921566649,4.7858324704849e-08,8.80655939585227e-07
"Os03g0279400",6011.65151525826,0.868958910904609,0.159202355508732,5.45820385714676,4.80975251327968e-08,8.84477555882401e-07
"Os07g0672566",194.797517315847,4.33022969109105,0.793882324652321,5.45449817513882,4.91113394623328e-08,9.0252940929403e-07
"Os09g0447300",1001.99943634455,1.93927173594829,0.355582256715554,5.45379219385404,4.93068195818635e-08,9.05528776901998e-07
"Os01g0654900",32.0850324166652,-8.09364849803008,1.48411883305938,-5.45350434058284,4.93867399282584e-08,9.06403332810195e-07
"Os01g0717700",393.449228488571,-2.12295034622951,0.389300552549798,-5.45324257138822,4.94595272247401e-08,9.07022260630096e-07
"Os09g0327400",2427.10256027973,1.42434223470027,0.261196200548259,5.45315066494279,4.9485107299005e-08,9.07022260630096e-07
"Os06g0232400",28.8958622639535,8.13923730723733,1.49270992088615,5.45265841229584,4.96223330842232e-08,9.08943806141953e-07
"Os03g0235900",3482.75733574956,1.49789769406565,0.274843668873521,5.44999890375849,5.03701305875278e-08,9.20838178858114e-07
"Os05g0389900",36.7992169574449,-6.64232208593941,1.21875377134683,-5.4500935645098,5.03433275103658e-08,9.20838178858114e-07
"Os11g0163100",27656.8350895104,-0.755498909706651,0.138620640561316,-5.45011844302126,5.03362854843373e-08,9.20838178858114e-07
"Os05g0166300",110.934845351764,-2.00619129695075,0.368259596224613,-5.44776379901071,5.10070317990151e-08,9.3187456142185e-07
"Os03g0675000",26.8186735462463,-8.65914461558274,1.58965302859236,-5.44719159453961,5.11713343189861e-08,9.34268044020421e-07
"Os05g0487600",1502.77848477387,0.718740266084859,0.132006067050516,5.44475176137027,5.1877681940293e-08,9.46548446429455e-07
"Os08g0226600",18.6619536677161,8.08694296476996,1.48572144404848,5.44310846233304,5.23587438654606e-08,9.54705048962024e-07
"Os07g0562700",11283.5331948101,-3.67434091789574,0.675249083095529,-5.44146006248768,5.2845641426806e-08,9.62957395921448e-07
"Os09g0441100",78.1895629729023,-10.2454928940576,1.88295379599393,-5.44118125248497,5.29284278937357e-08,9.63840067199228e-07
"Os12g0229100",434.006476120235,1.15899087990901,0.213031127479708,5.44047667409269,5.31381974321277e-08,9.67032487899071e-07
"Os11g0170300",570.990755548541,1.8867912247685,0.346992153352262,5.43756164668383,5.40146644840938e-08,9.82345764583694e-07
"Os04g0234600",5317.54872547252,-5.59554115438238,1.02915593618828,-5.43701975339787,5.41791337252912e-08,9.84698737434664e-07
"Os02g0744900",8954.66603275413,-3.5394986844129,0.651171496024332,-5.43558602614363,5.46166263728235e-08,9.92007617653186e-07
"Os06g0564100",44.4674965604087,5.11472488429951,0.941186357450947,5.43433810297881,5.50002073363453e-08,9.98328472362562e-07
"Os01g0162300",15.4524454922743,7.49404050832908,1.37965171935152,5.43183500822331,5.5777482977157e-08,1.01178262915642e-06
"Os10g0356000",42.4306429278244,-7.51637849105386,1.38395912485892,-5.43106971589215,5.6017243454336e-08,1.01547537843383e-06
"Os11g0621300",5316.8887117066,-2.30870941313405,0.425326399079279,-5.42808868231975,5.69607374178899e-08,1.03191233920002e-06
"Os02g0656500",24713.8339263222,-0.944049374370181,0.17397086458094,-5.42647975363118,5.74763414590708e-08,1.04058135098351e-06
"Os08g0232700",473.328877068177,2.78114242161024,0.512895036548395,5.42243972631587,5.87910411322027e-08,1.06369709622945e-06
"Os12g0152500",28.0493059686446,-7.89441017815161,1.45618267296056,-5.42130484364405,5.9165565078751e-08,1.06978356136592e-06
"Os01g0602200",2315.30762624226,-2.01233520207636,0.371612082286449,-5.4151500933309,6.12373151708967e-08,1.10653028868365e-06
"Os01g0894600",2499.35901076807,0.972186360838045,0.179677294431927,5.41073575218136,6.27663324583835e-08,1.13342910003035e-06
"Os07g0516600",359.695094071171,-0.985629274016901,0.18229527554718,-5.40677354944291,6.41701907501407e-08,1.15803465776878e-06
"Os06g0707400",241.937032284318,2.23182232805993,0.412823223104228,5.40624219557641,6.43607539818023e-08,1.16072717110369e-06
"Os09g0563700",498.715090512477,1.29090763616537,0.239027873829892,5.40065731866933,6.63971541062951e-08,1.19668396822791e-06
"Os05g0399200",7373.1375897391,0.870410641274215,0.161189979013219,5.39990541969629,6.66760399138524e-08,1.20093904496953e-06
"Os07g0108100",143.043840119791,3.58945776168425,0.665088901699387,5.39695934259725,6.77797394864091e-08,1.21928352737614e-06
"Os12g0267800",544.655143476861,-2.30209027941235,0.426553552721736,-5.3969548834449,6.77814233734863e-08,1.21928352737614e-06
"Os01g0952500",4012.48292698128,-0.997027794689145,0.18475948664786,-5.39635508183358,6.8008293126789e-08,1.22258085952848e-06
"Os03g0115200",11758.3790120451,-1.00200580042034,0.185713431535454,-5.39544066433907,6.83555797703256e-08,1.22803731082899e-06
"Os01g0967400",1457.31391653889,-2.14754973071768,0.398686906766904,-5.38655695551414,7.18201774966331e-08,1.28945477985318e-06
"Os02g0780550",3518.31849970308,-0.684422902527537,0.127302004670968,-5.37637175703975,7.60017872673373e-08,1.36365866642968e-06
"Os05g0279900",405.126074881684,-2.56879469775099,0.477829284582167,-5.37596748595525,7.61725380615846e-08,1.36584904989405e-06
"Os03g0441700",19.9001206793423,-7.97030335364666,1.48286475001537,-5.37493615217708,7.66098240802005e-08,1.37193674750388e-06
"Os06g0243900",232.092571955722,-1.8473812271252,0.343696363656847,-5.37503861684629,7.65662704710226e-08,1.37193674750388e-06
"Os11g0307950",359.250537793993,-2.50991371544272,0.467193348166386,-5.37232331173697,7.772857946909e-08,1.39108379914643e-06
"Os12g0615100",134.57839216514,-2.49874818626877,0.465193717982349,-5.37141429404164,7.81214961209104e-08,1.39722461704588e-06
"Os07g0694300",1221.97976551856,-2.04666473233774,0.381068800411488,-5.37085358373003,7.83648177315786e-08,1.40068376763284e-06
"Os12g0467700",83.3254662572627,3.0395811829168,0.56605354782135,5.36977675454145,7.8834170242148e-08,1.40817599321143e-06
"Os06g0689600",3755.46308632083,1.50842243880175,0.281070826965556,5.36669868974556,8.01908537885375e-08,1.4314985617137e-06
"Os09g0429500",29.7507727610362,-7.57667856282164,1.41191073600431,-5.36625890689348,8.03865284070388e-08,1.43407931351451e-06
"Os11g0307500",584.428174969904,-1.24531373684283,0.23208651064048,-5.36573079325543,8.06221154953679e-08,1.43736836406036e-06
"Os11g0553500",15.1701819986296,8.13704509249262,1.51716643945774,5.36331735323708,8.17072672073903e-08,1.45579005230082e-06
"Os11g0549650",591.743033364179,-1.33746978625763,0.249478715970118,-5.36105768003803,8.27360926748868e-08,1.47318542680373e-06
"Os07g0646400",50.6313797515057,7.23937706667289,1.35093468134635,5.35879133657156,8.37805500552298e-08,1.49083690275831e-06
"Os03g0599400",35.0438499026512,-8.64989539241961,1.61421967938508,-5.35856147889034,8.3887191602497e-08,1.49178857461931e-06
"Os01g0681700",243.674635858806,-5.12392826393814,0.956647030287429,-5.35613251462102,8.50221630940895e-08,1.51101452865506e-06
"Os03g0283100",4725.69697286063,1.2984201817755,0.242460244845426,5.3551879509289,8.54675285032514e-08,1.51796821826471e-06
"Os06g0165900",35.0506629743193,-8.81026683037616,1.64655382665049,-5.35073113783259,8.759958735306e-08,1.55485111973534e-06
"Os11g0569733",39.0257082285276,8.73859326867213,1.63349756087632,5.34962125317418,8.81384923725851e-08,1.56342754295795e-06
"Os09g0444900",555.231344547337,2.50454246795756,0.468370162324618,5.34735700397095,8.92478713175099e-08,1.58210597909789e-06
"Os04g0600900",96.5686694619125,-7.38817500793312,1.38219387939306,-5.345252296427,9.02911977624364e-08,1.59959065126862e-06
"Os06g0688100",24193.081504731,-1.61032869438805,0.301465992128189,-5.34165954514468,9.20995059731544e-08,1.62956893859941e-06
"Os09g0481200",7771.51568422122,-3.59215013622358,0.672472290621276,-5.34170728864516,9.20752473708971e-08,1.62956893859941e-06
"Os07g0672600",562.911793007881,2.56398542790511,0.480118559524478,5.34031725506415,9.27840652065901e-08,1.64064677871917e-06
"Os11g0652100",995.578017543421,-1.61434750789438,0.302388258408218,-5.33865804311439,9.36370623709084e-08,1.65468718151916e-06
"Os04g0630300",24.6515828249489,8.35815892922664,1.56584612168053,5.33779074041855,9.40859570464966e-08,1.66157339624845e-06
"Os06g0184800",1519.86686536853,-1.28008416002407,0.239869433667482,-5.33658724436972,9.47123097696682e-08,1.67158291619901e-06
"Os03g0735000",1617.96483803429,-3.74778570346731,0.702363988053829,-5.33595937037148,9.50406836235552e-08,1.67632411303847e-06
"Os03g0183200",4231.93547182157,1.20914497745355,0.226630270313574,5.33531983958069,9.53762868016484e-08,1.68118678406272e-06
"Os05g0297800",32.5282467373958,7.31572968729084,1.3712865367029,5.33493875385131,9.55768123028041e-08,1.6836638461025e-06
"Os04g0233400",7819.93971602298,-1.29225198007224,0.242298073910606,-5.33331511561664,9.64357461235986e-08,1.697728925797e-06
"Os07g0163200",35.353794826545,8.07006638116564,1.51354284882302,5.33190480034388,9.71878884374821e-08,1.70989750804553e-06
"Os04g0302900",24.2409688033748,7.94995762194106,1.49112381026029,5.33152080815698,9.73936588132e-08,1.71244414386969e-06
"Os01g0966300",1885.4021543145,1.18577285284932,0.222430017288291,5.33099294468176,9.76772141407762e-08,1.71635440401907e-06
"Os10g0185400",99.0360506298946,2.97874342831113,0.558947234623569,5.32920326606,9.86445456883427e-08,1.73226735989128e-06
"Os08g0480400",24.6395782584954,-22.6907255062866,4.25855471893847,-5.32826909687865,9.91531463295823e-08,1.73902224518796e-06
"Os04g0162701",19.9403697705423,8.07934237772087,1.51631420337006,5.32827718672308,9.91487310049122e-08,1.73902224518796e-06
"Os01g0795400",2177.73380036627,-3.25213615314449,0.61053818925375,-5.32667114094782,1.00029030391601e-07,1.75328835156097e-06
"Os11g0229400",2392.86173265714,-0.800546539975499,0.150301208731529,-5.32628144997457,1.0024376407194e-07,1.75595537290062e-06
"Os04g0474900",4733.57828352758,1.18547585280495,0.222590242324136,5.32582129579003,1.00497900044945e-07,1.75821201437734e-06
"Os10g0130800",23.8779938809114,8.00650819335313,1.50331927706223,5.32588673312255,1.00461722028723e-07,1.75821201437734e-06
"Os12g0428200",129.22809298795,-5.8259153623919,1.09397582714129,-5.32545163965443,1.00702506965597e-07,1.7606939255256e-06
"Os03g0154000",3262.83517689822,1.48203038039881,0.27840793116737,5.32323333672511,1.01938847462823e-07,1.78120045921653e-06
"Os09g0305300",15.5553547394985,7.55106286727928,1.41857014969285,5.32300984122232,1.02064221156739e-07,1.78228137778494e-06
"Os10g0109300",2931.17531229748,-1.47993334378889,0.27823609224719,-5.31898407512889,1.04348267452812e-07,1.82103301073434e-06
"Os02g0207500",168.636105593255,-3.45978283630836,0.650588146145443,-5.31793094726154,1.049538829268e-07,1.83046355667611e-06
"Os11g0137250",298.897330836602,1.23013841842361,0.231449860288332,5.3149240051005,1.06701848515815e-07,1.85979333729864e-06
"Os07g0167500",290.855126699924,4.35136696433378,0.81904097364924,5.31275858513677,1.07978045045493e-07,1.88086896341814e-06
"Os03g0323100",272.937316639215,-3.88884939564187,0.732226104941722,-5.31099529147677,1.09028147657584e-07,1.89798255556274e-06
"Os02g0118900",51.0971025085151,-23.4062527894294,4.4080746559958,-5.30985852464921,1.09710364182568e-07,1.90867466812848e-06
"Os07g0648000",266.589557693,3.23683711741195,0.609944602627738,5.30677229287241,1.11583426340154e-07,1.9400583085238e-06
"Os04g0652500",1054.60906593327,-0.869424014710716,0.163933410950716,-5.30351933549466,1.13591166244158e-07,1.97374322423751e-06
"Os03g0113200",71.4327541273207,4.19883463996551,0.791842906217982,5.30261066556759,1.1415821928749e-07,1.98236878072126e-06
"Os06g0194200",268.587835448593,-3.40039739964445,0.641292661232232,-5.30241121598157,1.14283051385005e-07,1.98330920715277e-06
"Os08g0540400",208.500906902628,-2.11971183216024,0.400115800212076,-5.29774588015947,1.17240974243511e-07,2.03247144812757e-06
"Os12g0267500",27.3244393599617,8.25624543035369,1.55845403617009,5.29771506809622,1.17260753849281e-07,2.03247144812757e-06
"Os12g0516300",934.397563451552,4.08212889365781,0.770873432064129,5.29545931130003,1.18717627109909e-07,2.05645311849276e-06
"Os06g0346100",951.383118036071,1.67862645317504,0.317024577160987,5.29494106799999,1.19054798644935e-07,2.06102144329066e-06
"Os09g0497000",1765.52180788858,1.5409419641594,0.291054766316295,5.29433681386556,1.19449099307392e-07,2.06657251835021e-06
"Os04g0111225",66.98609413785,5.3235312676917,1.00697402458048,5.28666195725313,1.2456852969846e-07,2.15381520665323e-06
"Os03g0682666",175.454871060168,2.3780221628036,0.449880656404999,5.28589555684924,1.25091253421246e-07,2.16152139994274e-06
"Os02g0817700",32136.2141484569,0.872524585237595,0.165117819570116,5.28425452509735,1.26217666473535e-07,2.17964317328022e-06
"Os11g0209400",28.048525852043,7.49882517330113,1.41916264870109,5.28397867585124,1.2640797178287e-07,2.18158702593536e-06
"Os05g0244700",758.672849866284,-3.90119136546467,0.738456577157601,-5.28289880019862,1.27155639941148e-07,2.1931417136008e-06
"Os03g0188900",2014.01362105725,0.790157602560423,0.149590710885384,5.28213013952345,1.27690438378343e-07,2.20101294949205e-06
"Os08g0185701",286.340040278585,6.75306793117386,1.27853511689023,5.28187911459114,1.27865560768519e-07,2.20267855511736e-06
"Os04g0431300",1685.25418196816,-1.37890486139412,0.261229863709741,-5.27851158291097,1.30237435060261e-07,2.2421612899761e-06
"Os01g0855000",1116.16526086504,-1.15393021835224,0.218737778064301,-5.27540431544944,1.32463713025162e-07,2.27909056708283e-06
"Os01g0144300",28.9741504343456,-7.99333940555528,1.51537816400982,-5.27481495734652,1.32890106572162e-07,2.2850258398456e-06
"Os12g0630500",372.461635606516,3.55086381329565,0.673316633772589,5.27369091329318,1.33707023023852e-07,2.29766471530639e-06
"Os05g0542500",751.25078490206,2.0282726263612,0.384667845597735,5.27278962765777,1.343655535422e-07,2.30756803151849e-06
"Os10g0490800",1060.04786665618,1.93533182563233,0.367153566070723,5.27117806955888,1.35550878222737e-07,2.32650076127612e-06
"Os01g0117000",75.0372020281262,-9.42437274642132,1.78892075053669,-5.26818907075339,1.37776163649921e-07,2.36324859678734e-06
"Os06g0308800",2907.1376610138,-1.03293823321492,0.196135397077091,-5.26645495208049,1.39083355597742e-07,2.38421327109581e-06
"Os01g0137550",25.3844879682838,-8.05305413156026,1.52939447928042,-5.26551798156695,1.39794634955926e-07,2.39436149280619e-06
"Os04g0613600",4869.37703575619,6.45208672883703,1.22536271771192,5.26545049524992,1.39846001236881e-07,2.39436149280619e-06
"Os01g0266400",509.361041912842,-4.0696126340767,0.773727117534644,-5.25975184512579,1.44249939121432e-07,2.46825719001563e-06
"Os09g0357250",1314.67085578647,1.71994327550073,0.327044111046487,5.25905594201711,1.4479683887755e-07,2.47610535806327e-06
"Os03g0672300",1833.05916784096,0.978586247313716,0.186081213952507,5.25892015925627,1.4490378207508e-07,2.47642505029897e-06
"Os09g0391501",595.680578521136,1.59842365647825,0.303979875498373,5.2583206498708,1.4537687269456e-07,2.48299805328956e-06
"Os01g0581300",1153.94801944095,-3.97191124952669,0.755813541001725,-5.25514698276308,1.47906299986669e-07,2.52466337604982e-06
"Os05g0161800",616.238325734324,2.18121004666308,0.415197607620967,5.25342633634418,1.49295403219061e-07,2.54682529187434e-06
"Os11g0242100",5059.74635490505,1.25213535761144,0.238370928104529,5.25288619534325,1.49734063107071e-07,2.55275654854837e-06
"Os05g0379300",36.3067236164707,7.62095223620307,1.45084419346862,5.25277095260189,1.49827815379563e-07,2.55280398007365e-06
"Os06g0490000",189.593080695904,-5.31198802648876,1.01142191851032,-5.25200010922499,1.50456373306685e-07,2.56195797799284e-06
"Os02g0708200",2242.04031303126,0.701383542914032,0.133559334847323,5.25147526165664,1.50885800849737e-07,2.56771215490923e-06
"Os09g0414600",36.6795814077355,-7.74130621564178,1.4745823092358,-5.24982984480106,1.52239769261911e-07,2.58918327577439e-06
"Os11g0597700",24.7918546174476,5.46739766549185,1.04176035368616,5.24822973551071,1.53567720194959e-07,2.60999721306305e-06
"Os04g0339800",27.9252716458661,9.04833094337832,1.72410522568025,5.24813149951929,1.53649611431122e-07,2.60999721306305e-06
"Os03g0390200",2319.16386821594,0.829456038508517,0.158239210935743,5.24178573441786,1.59029974811537e-07,2.69975750342489e-06
"Os04g0486900",702.208636388514,-1.14564923531348,0.218626268977027,-5.240217658537,1.60387307940435e-07,2.72115395128445e-06
"Os12g0616400",184.858600013533,2.54161454335892,0.485223615835642,5.23802729383195,1.62302064313438e-07,2.75197615031039e-06
"Os04g0507016",71.6778163570181,5.32722223601779,1.01736470476712,5.23629551040618,1.63831569829914e-07,2.77623279744387e-06
"Os09g0543400",63.3274876659299,-6.37344378011023,1.21728013270653,-5.23580695097633,1.64265578427816e-07,2.78190746037499e-06
"Os04g0540200",562.103973057827,1.46186078193936,0.279225952034251,5.23540441455829,1.64624004176986e-07,2.78629602244547e-06
"Os03g0584300",472.320180186318,1.25838342731903,0.240470359242955,5.23300847256456,1.66773091911538e-07,2.8209683575778e-06
"Os02g0818450",228.988886047524,1.81461984019247,0.346773199110907,5.2328722197822,1.6689611828451e-07,2.82134871765055e-06
"Os06g0570566",28.2672977564266,-23.0593503542004,4.40845660323013,-5.23070825678639,1.6886182348779e-07,2.85286001849149e-06
"Os01g0328300",518.445915474345,-1.40768638687922,0.269192875103122,-5.22928545690507,1.70166447054466e-07,2.87317138221566e-06
"Os10g0554200",909.441204873627,-2.04534343005915,0.391159191579066,-5.22892846209833,1.7049531647799e-07,2.87699312748369e-06
"Os06g0211500",26.8602524452776,-7.98497983683301,1.52771320523679,-5.2267531690252,1.72512551962358e-07,2.90928319300943e-06
"Os06g0235900",124.855742350498,-3.91002312312832,0.74816216829894,-5.22617059349358,1.73056702822244e-07,2.91670702378247e-06
"Os07g0258000",529.365088038851,-1.28149181162685,0.245216257923851,-5.22596593911323,1.7324825248222e-07,2.91818274979354e-06
"Os11g0171300",41328.7539212458,-4.92037579934598,0.941773717793613,-5.22458389566597,1.74547175509217e-07,2.93829804387502e-06
"Os01g0324400",655.361372548425,-4.34546382927525,0.831809204788259,-5.22411125563513,1.74993546185257e-07,2.94404609895125e-06
"Os12g0292900",943.688799800604,-1.87837191594669,0.359605427241596,-5.22342482524529,1.75643790572568e-07,2.95321512944721e-06
"Os09g0327550",2125.29107269216,-0.925621713141115,0.177228121192227,-5.22276999222464,1.76266280020536e-07,2.96190679636903e-06
"Os01g0183600",233.306510252606,-2.63471501254592,0.504685662698447,-5.22050695567347,1.78434004850196e-07,2.99653802759197e-06
"Os04g0637400",1738.7029057564,0.939066339187189,0.179906531927601,5.21974565973565,1.7916901379392e-07,3.00708185710824e-06
"Os05g0100016",19.7320730592624,7.4111775727559,1.41988997203015,5.21954356939325,1.79364617193131e-07,3.00856538414444e-06
"Os10g0525800",4084.47817510144,0.802160618609758,0.153714490228629,5.21851009242301,1.80368152084933e-07,3.02359085054205e-06
"Os01g0168200",1445.55987852776,1.44486743424393,0.27690961864481,5.21783042898646,1.81031080494425e-07,3.03289204825943e-06
"Os07g0580766",97.2821981471842,-4.12859962358544,0.791477411909468,-5.21632021515945,1.82512551455537e-07,3.05588736213919e-06
"Os04g0614500",213.989026841071,7.54918933622813,1.44757564014513,5.21505690401868,1.83760815143522e-07,3.0749528888238e-06
"Os01g0585100",1479.0116237067,1.03227094471447,0.19807650299707,5.21147601606102,1.87344065834326e-07,3.13117878227686e-06
"Os12g0572000",690.681302429533,-1.83402446606877,0.35191315670302,-5.21158254852206,1.872364949279e-07,3.13117878227686e-06
"Os05g0519600",679.850343280329,-1.7488956246923,0.335631193539619,-5.21076603830582,1.88062491479179e-07,3.14131525945758e-06
"Os11g0258400",96.2216815781726,-4.23066566650701,0.81200240128179,-5.210163984526,1.88673794977167e-07,3.14965141858968e-06
"Os12g0169600",108.590126875214,-9.80981270989405,1.88299073832305,-5.20969780161024,1.89148459158327e-07,3.15569801480438e-06
"Os09g0298200",1485.66481929281,-1.6557032883766,0.317857255604735,-5.20895231800377,1.89909905088291e-07,3.16651916612455e-06
"Os02g0731700",354.115235905098,-2.56979820535926,0.494254983404517,-5.1993369650176,2.00000664023895e-07,3.33279016261195e-06
"Os07g0680400",1170.02258667093,1.11348466896655,0.214322732810325,5.19536427314959,2.04319360000341e-07,3.40273583402347e-06
"Os03g0229600",1901.11657562477,1.26142426658539,0.242819922601873,5.19489609035753,2.0483421712842e-07,3.40928695199154e-06
"Os09g0274800",16.8345817912341,-7.93653479289067,1.52809331380437,-5.19375009444398,2.0609975659283e-07,3.42831735003438e-06
"Os04g0309100",230.424913276385,1.85647392503455,0.357602971351333,5.19143875684027,2.08675228947829e-07,3.4691020584917e-06
"Os07g0647900",1695.44435060558,0.839530605673118,0.161829160904248,5.18775850398098,2.1284036245233e-07,3.53625000067335e-06
"Os09g0393200",1663.59455547556,-1.31960409675481,0.254395907450987,-5.18720646875599,2.13472017932216e-07,3.54464601610287e-06
"Os05g0196200",837.284097306179,1.52268009254701,0.293609161658201,5.18607826795136,2.14768578713454e-07,3.56406614775692e-06
"Os08g0153600",882.271913200588,-1.07914409725851,0.208245858014566,-5.18206752128066,2.19439741753285e-07,3.63913543137428e-06
"Os01g0372100",28.9224275652874,7.66226925458164,1.47863950138545,5.18197251419448,2.19551574560497e-07,3.63913543137428e-06
"Os01g0788500",1194.10517973026,-0.778639785342732,0.150271953929974,-5.18153763879038,2.20064169599271e-07,3.64433923071833e-06
"Os07g0495150",25.5031421037391,-7.69505771759502,1.48510637666464,-5.1814858777168,2.20125258216363e-07,3.64433923071833e-06
"Os06g0200800",625.977230992787,7.49789996151479,1.44740186713477,5.18024753992988,2.21591644282038e-07,3.66645325580339e-06
"Os08g0560900",7605.77417391908,-3.36566216060729,0.649764062607247,-5.17982196045472,2.22097773042818e-07,3.6726621727328e-06
"Os01g0518400",44.7321248177062,7.68901458496279,1.48455492862281,5.17933990633525,2.22672414630916e-07,3.679996053812e-06
"Os06g0645600",105.450419751652,-1.72657260644415,0.333392064329854,-5.17880535013545,2.23311322163889e-07,3.68838276784171e-06
"Os07g0225100",206.012468150048,1.53865404549371,0.297157542706857,5.17790674763916,2.24389335544647e-07,3.70400796120816e-06
"Os01g0188400",16647.4197355035,-0.900475508799541,0.174105415462037,-5.17201321055914,2.31585207073929e-07,3.81982626869463e-06
"Os01g0968100",224.170003794485,-3.67344440951822,0.710264521429131,-5.17193848022543,2.31677867198284e-07,3.81982626869463e-06
"Os04g0588700",936.223848737015,2.44134643443769,0.472062430488154,5.17166009570623,2.32023358916173e-07,3.82327627592815e-06
"Os10g0140200",15042.9325889884,-1.19080782608779,0.230290032129061,-5.170904772033,2.32963269902589e-07,3.83651131455778e-06
"Os03g0720300",10356.6088168618,1.06268317280794,0.205525817379737,5.17055806592166,2.33395935488333e-07,3.84138225318099e-06
"Os09g0530000",1956.74694586739,-3.58084230346628,0.692730596675093,-5.16917012277687,2.35135781817272e-07,3.86774930208457e-06
"Os08g0313600",462.242490398834,-1.3336981640468,0.258097670274198,-5.16741651573184,2.37351927300542e-07,3.90191551488448e-06
"Os06g0107800",256.569080386657,1.75307403355306,0.339395476594016,5.16528402542642,2.40074090800064e-07,3.94435546606053e-06
"Os05g0349200",3518.68107505909,0.81293838470271,0.157396786151117,5.16489824590323,2.40569756728053e-07,3.95018637407994e-06
"Os04g0682400",16.0921383622035,7.17019954926198,1.38861965490046,5.16354462070175,2.42316784602745e-07,3.97654597048084e-06
"Os02g0199500",2105.61938502096,-1.84797620399131,0.357945999560096,-5.16272344505152,2.43382584036708e-07,3.99170197150094e-06
"Os09g0124800",56.1910619520928,-8.85962458228257,1.71616854456252,-5.1624443358744,2.4374586847234e-07,3.99532509408342e-06
"Os12g0211900",41.0751580686681,-8.54744863161507,1.656163043565,-5.16099466464129,2.45641181755932e-07,4.02404135577056e-06
"Os02g0822400",9445.18357717239,0.74544802922063,0.144521708807948,5.15803497875353,2.49555006544211e-07,4.08577164156573e-06
"Os04g0632500",94.5589280748679,7.72689673997301,1.49954885710803,5.15281426366781,2.56606088846725e-07,4.19631705432215e-06
"Os08g0325267",21.7921554988311,7.74897649573838,1.50382783556649,5.15283486079331,2.56577895944606e-07,4.19631705432215e-06
"Os01g0542700",356.848520611551,1.72530101491342,0.334893030269667,5.15179731726321,2.58001790467876e-07,4.21668389290013e-06
"Os08g0109500",4161.75342866838,0.653720922089681,0.127014741834674,5.1468114066679,2.64951459114941e-07,4.32774612670749e-06
"Os10g0388500",24.0841262610461,-8.34811818709735,1.62203966599127,-5.14667943215531,2.65137847732388e-07,4.32827125251093e-06
"Os06g0105400",8153.91028992259,0.954955562190492,0.18559571175796,5.14535359219869,2.67017382510935e-07,4.35641964419876e-06
"Os06g0609600",1862.50976708693,0.815338719049479,0.158490048686401,5.14441585328023,2.68354501145558e-07,4.37569088387371e-06
"Os09g0517000",506.011286534011,-3.89789981435151,0.75780844279508,-5.14364791183192,2.6945432060512e-07,4.391072674112e-06
"Os01g0895500",347.659765678281,-1.17901837751203,0.229403681815647,-5.13949195662653,2.75482283414178e-07,4.48669984745714e-06
"Os05g0535600",789.665536049072,-1.12701178398145,0.219474226791825,-5.1350529875676,2.82064542295292e-07,4.59123850689703e-06
"Os06g0198700",840.659078012823,-0.912600184503117,0.177809636309676,-5.13245627989318,2.8598517236474e-07,4.65235704747787e-06
"Os06g0185500",212.41628088669,-2.6795530953948,0.522233336187439,-5.13094992165162,2.88283606822524e-07,4.68703046040189e-06
"Os08g0239300",1373.67453399783,2.41492935864791,0.470840473041413,5.12897572939847,2.9132289504256e-07,4.73370184173961e-06
"Os06g0125132",3177.07020171118,-0.999165650658647,0.19486560493434,-5.12746028728527,2.93676901791616e-07,4.7691905197201e-06
"Os06g0700500",1802.91438848981,1.29434577746137,0.252459430211749,5.12694564974555,2.94480482150082e-07,4.77947443036183e-06
"Os10g0496900",5675.73999456616,-3.41107104467605,0.665384156526612,-5.1264686891288,2.95227127396116e-07,4.78882291849122e-06
"Os06g0273800",3636.63327368267,0.625274872886344,0.121998780466879,5.12525510905493,2.97135146111561e-07,4.81698813990908e-06
"Os09g0513100",1821.32099223608,1.09014086811214,0.212744637028146,5.12417555309711,2.98842452003326e-07,4.84186887304695e-06
"Os12g0616800",55.7491647270643,-6.90201122015089,1.34714668663047,-5.1234296076654,3.00027686354998e-07,4.85826712896363e-06
"Os07g0466200",1096.43423698,-1.27574133326034,0.2490132541768,-5.12318646442234,3.00414997126812e-07,4.86173336180657e-06
"Os01g0312500",258.849987168144,-1.77903384783362,0.347336947707159,-5.12192514956263,3.02431947384015e-07,4.89155349134884e-06
"Os08g0410500",737.335810329786,1.15567453517343,0.225679932292602,5.120856442278,3.04151128937424e-07,4.91652591027765e-06
"Os04g0375900",861.026681711595,-1.6123512342732,0.314887121396178,-5.12041021914201,3.04871737220244e-07,4.92533718472912e-06
"Os08g0290700",128.587169228512,5.01809619154162,0.980046365697348,5.12026406829336,3.05108115237918e-07,4.92631986755262e-06
"Os03g0174900",12414.2206778889,0.906941713596166,0.177166171015942,5.11915851878154,3.06901923950583e-07,4.95243346170285e-06
"Os11g0665950",26.7960745770483,-8.26726070845286,1.61514374812059,-5.11859128209039,3.07826241870247e-07,4.9644942525074e-06
"Os05g0121700",592.577569952537,-0.708354248450172,0.138459364515512,-5.11597211881478,3.12129168100465e-07,5.03099868767102e-06
"Os07g0489200",24.2394501175604,8.54762836311802,1.67109823734285,5.11497658971221,3.13779869665196e-07,5.05470189583509e-06
"Os12g0575000",1851.61572680286,-3.87334139773692,0.757295377661374,-5.11470360442223,3.14233981084557e-07,5.05911301043881e-06
"Os04g0153000",165.276499188493,-4.19653295374418,0.820760912619494,-5.11297856564681,3.17118293472286e-07,5.10262244920831e-06
"Os06g0524500",703.346571466283,1.21714563824964,0.238258405521369,5.10851080190108,3.24707844897334e-07,5.21929892497805e-06
"Os01g0495701",38.2088002753583,7.9177665839003,1.54992271657585,5.1084912165121,3.24741498218647e-07,5.21929892497805e-06
"Os12g0224500",803.578900036451,1.07627691922234,0.210694940208556,5.10822385272748,3.25201242833216e-07,5.22369620857796e-06
"Os02g0692700",2543.033006543,0.919291487944621,0.180019752404319,5.10661455571786,3.27981807131614e-07,5.26534637970672e-06
"Os03g0276500",19978.9285062599,0.877645621178331,0.171917187671875,5.10504873342522,3.30709277262678e-07,5.30609704891096e-06
"Os11g0470500",689.416410160469,-2.57333954701035,0.504092653533251,-5.10489396933973,3.30980043243792e-07,5.30740684200417e-06
"Os02g0661100",1632.60718994095,-1.22711916673161,0.24043856513443,-5.10367031197979,3.33128429308949e-07,5.3388063867891e-06
"Os06g0105300",35.5237988203816,-22.4998954039127,4.40882498728827,-5.10337685637001,3.33645649761844e-07,5.34404350663063e-06
"Os05g0157300",1028.5585805584,2.01812331683098,0.395474818918927,5.10303872784552,3.34242568217014e-07,5.35055045596454e-06
"Os02g0833100",888.717803245527,-1.18746079522736,0.232726487175258,-5.10238782718842,3.35394545683988e-07,5.35799960267166e-06
"Os11g0127800",1688.18108448989,-4.88714265391953,0.957801700991738,-5.10245768916387,3.35270719142767e-07,5.35799960267166e-06
"Os12g0104850",43.688123589788,7.52974154268271,1.47574154928752,5.10234434093019,3.35471644996583e-07,5.35799960267166e-06
"Os12g0245100",71.4694145693511,-4.42938135670855,0.868057182614193,-5.1026377586892,3.34951759166138e-07,5.35799960267166e-06
"Os02g0169700",32.2310119464856,-7.97908845211921,1.56452761962149,-5.09999846090899,3.39656243319221e-07,5.41871046851857e-06
"Os10g0427600",19.2733865333068,-8.28053428190927,1.62363515737735,-5.09999690773189,3.39659030508309e-07,5.41871046851857e-06
"Os09g0482100",81413.0800877866,-1.01432306783327,0.198928433539614,-5.09893457554061,3.41570575149258e-07,5.44610993172641e-06
"Os04g0633900",978.304613715806,1.63165711364278,0.320193854918579,5.09584143661248,3.47195644810402e-07,5.53265427863118e-06
"Os02g0212300",97.4730382208367,8.16723216729376,1.60288012179519,5.09534809012831,3.48101055097695e-07,5.54393405683968e-06
"Os05g0226300",509.184484331421,-4.07251881072034,0.800065702906977,-5.09023045972744,3.57628595910299e-07,5.68985437081831e-06
"Os11g0429200",213.83082718937,2.02003857199884,0.396847855158041,5.09020912106071,3.57668844349066e-07,5.68985437081831e-06
"Os09g0442600",2286.57953452319,0.71213378195179,0.140055566590912,5.0846517513428,3.6830120164726e-07,5.85567610233734e-06
"Os02g0608700",3651.04783953819,-0.639178435727682,0.125734396985696,-5.08356067274411,3.70424178325165e-07,5.88534275586688e-06
"Os04g0136000",27.3597681543721,-7.82487470245734,1.53927597197347,-5.08347745623888,3.70586581484455e-07,5.88534275586688e-06
"Os07g0300200",36.5672099970942,-22.4110584043553,4.40898322853637,-5.08304460296053,3.71432435573565e-07,5.89543948363427e-06
"Os01g0170100",550.88453107878,-1.3399687247796,0.263624964226545,-5.08285976903197,3.71794193586791e-07,5.89784548356842e-06
"Os08g0171600",14.5971179262185,7.41762996805291,1.45960630500338,5.08193883694942,3.73601720847028e-07,5.92317033356457e-06
"Os01g0229800",21.4049318269565,-7.74230634514541,1.52369146984859,-5.08128220072975,3.74895686698326e-07,5.94014852832334e-06
"Os03g0818300",3051.30241848597,1.01610157717954,0.199973515090496,5.08118075896059,3.75095972923846e-07,5.94014852832334e-06
"Os02g0326700",287.257984477065,-6.06561772946092,1.19409061222713,-5.07969635415503,3.78038613717497e-07,5.98337257650333e-06
"Os07g0127700",68.1754665596758,4.41625332701958,0.869559851081318,5.07872266817272,3.79980906512551e-07,6.01072389997474e-06
"Os04g0567200",638.52671812464,2.6998147123211,0.531667183663138,5.07801646458527,3.81395651478149e-07,6.02970409677736e-06
"Os07g0163000",1568.31167504512,0.940121531628348,0.185192892621907,5.07644498834908,3.84562070443638e-07,6.07634055224627e-06
"Os11g0274700",1351.90550888273,-2.07148850075168,0.40807073000255,-5.07629768187181,3.84860180148999e-07,6.07762879872888e-06
"Os12g0508500",1502.4721131496,1.71763008097482,0.33843633335674,5.07519409615013,3.87100652965468e-07,6.10957172301292e-06
"Os03g0828500",296.740655679678,-1.54621356571095,0.304915709759888,-5.07095409065198,3.9582625896896e-07,6.24377542393871e-06
"Os09g0278700",124.203337636222,-5.36903391976599,1.05884480387247,-5.07065237523957,3.96454347302768e-07,6.25016960337656e-06
"Os01g0955000",1229.14478525446,-0.952275204842552,0.187951980394682,-5.06658776801852,4.05010054770828e-07,6.38146667994328e-06
"Os08g0200300",16910.8304296214,-4.42650066108304,0.873823052243648,-5.06567164795831,4.06962879895517e-07,6.40689548071836e-06
"Os09g0409100",73.034246631359,5.22990585431905,1.03243223691592,5.065616577357,4.07080558838317e-07,6.40689548071836e-06
"Os07g0274100",901.206291227216,-1.71804646898184,0.339169386404527,-5.0654526553665,4.07431033848076e-07,6.40881708063045e-06
"Os01g0116900",706.549871726738,3.39115693741532,0.669784132124164,5.06305953630247,4.1258093616738e-07,6.48618836455407e-06
"Os03g0160900",1587.15882716739,-0.940145946583316,0.18576144789806,-5.06103907576796,4.16977737374786e-07,6.55164012665803e-06
"Os04g0377932",980.467122284915,-0.994499378793494,0.196518060164695,-5.06060042501967,4.17938257239973e-07,6.56305728856638e-06
"Os04g0469800",1107.62380080718,1.38076199882712,0.272918570268719,5.05924531799945,4.20919057439684e-07,6.60616923370941e-06
"Os04g0607400",23.8794250848006,7.25299451540559,1.43379953833041,5.05858338038759,4.22382554017329e-07,6.62543277296495e-06
"Os03g0743800",188.623200226397,3.38395563942686,0.669142122319634,5.0571553135769,4.25556646558231e-07,6.67149196408775e-06
"Os07g0460900",240.764828975272,-3.05420720781853,0.603988317423417,-5.05673225741786,4.2650136231679e-07,6.68256908393845e-06
"Os01g0885500",478.332904374012,1.0413785526456,0.205961503295639,5.05618057735189,4.2773634478605e-07,6.69817930099673e-06
"Os09g0560600",859.773312156512,-0.813232534816915,0.160856762216973,-5.05563162908862,4.28968635949789e-07,6.71372998439653e-06
"Os02g0684900",164.8942465331,-1.65580051671911,0.327546629934941,-5.05515967924319,4.30030816867972e-07,6.7266024431154e-06
"Os04g0122750",16.6476615001216,-7.40210247696009,1.46439449272899,-5.05471887098251,4.31025201280107e-07,6.73840066758907e-06
"Os05g0539800",6177.66606480144,0.755461203053307,0.149473343393518,5.05415337545776,4.32304106446659e-07,6.75463131130632e-06
"Os05g0202550",74.784969525869,4.02359970654591,0.796208748356716,5.05344825066311,4.33903921301032e-07,6.77585522512496e-06
"Os05g0499800",304.879162766836,2.3183253362962,0.458942147621604,5.051454411652,4.38458590811812e-07,6.84307533472425e-06
"Os09g0421166",427.115045253262,1.70429818830335,0.337394531756117,5.05135094938436,4.38696191546181e-07,6.84307533472425e-06
"Os11g0150400",468.236936052251,-2.04430787224928,0.404735966127653,-5.05096666305289,4.39579791697608e-07,6.8530489525657e-06
"Os11g0227100",564.870540778412,1.03594561711159,0.205190957779818,5.04869039221123,4.44848993675525e-07,6.93134506414357e-06
"Os05g0439100",1817.15115202795,-1.35516134724283,0.268449325869674,-5.04810858754301,4.46205524174967e-07,6.94862342918863e-06
"Os08g0187800",24918.728254667,0.597227831089297,0.118316937700157,5.04769513729991,4.47171945554218e-07,6.95981094627979e-06
"Os01g0326000",1680.6085888215,-3.46746146976775,0.687211414087159,-5.04569830868375,4.51867938562955e-07,7.02900115961954e-06
"Os03g0374400",644.406725531999,1.0424868300153,0.206690811779549,5.04370185128107,4.5661059841497e-07,7.09884022865424e-06
"Os02g0697800",2135.59043171828,-0.844971457970064,0.167537742612548,-5.04346927918306,4.57166194663855e-07,7.10354249981013e-06
"Os10g0141500",182.337323686537,4.7320836839907,0.938399966344013,5.04271510412218,4.5897234843491e-07,7.12766023341474e-06
"Os01g0606200",379.89328135172,-8.12196762475672,1.610706288106,-5.04248830760275,4.59516842205111e-07,7.13216904090698e-06
"Os09g0275400",17.9188965971834,-8.15885815893384,1.61884507272761,-5.03992525065224,4.65713708080386e-07,7.2243549343017e-06
"Os06g0223900",265.913131670254,-1.3833174139946,0.274687898650483,-5.03596052389171,4.75458547415491e-07,7.37144627490249e-06
"Os03g0856000",1980.65077433807,1.5475193597876,0.307390759152383,5.03437176854249,4.79418466599679e-07,7.4205410974739e-06
"Os11g0629200",5010.17079910818,0.567635311546539,0.112750137639103,5.03445338012323,4.7921427977123e-07,7.4205410974739e-06
"Os10g0107600",45.826428597175,7.15809415681434,1.42183711968296,5.03439814428986,4.79352467032175e-07,7.4205410974739e-06
"Os07g0624600",30.9812508419334,4.44489610221205,0.883094802413662,5.03331702334033,4.82064931780371e-07,7.4573903614227e-06
"Os02g0481900",1523.79089430471,-1.47195473127183,0.29250165479315,-5.03229539782524,4.84641726030814e-07,7.49312182692931e-06
"Os08g0535100",648.887510595021,7.1734179648899,1.42588925947084,5.03083806631101,4.88340481860789e-07,7.54615121254266e-06
"Os06g0320500",18506.5407190474,-3.36132116159871,0.668297665093768,-5.02967665033977,4.91307673564953e-07,7.58782385007138e-06
"Os11g0234100",304.888474118574,3.4163473024698,0.67929365487403,5.02926426289576,4.92365420239835e-07,7.59579902296331e-06
"Os12g0124000",1175.3171645251,-5.30679098068688,1.05518087166871,-5.02927140092529,4.92347092999327e-07,7.59579902296331e-06
"Os01g0934200",2391.95919425494,-0.605047676894188,0.120318698289009,-5.02870863380558,4.937940458318e-07,7.61365302974284e-06
"Os12g0468000",130.479099529542,2.9016463874692,0.57713514796771,5.02767228384355,4.96469383316432e-07,7.65069952478074e-06
"Os09g0270900",304.925657948168,-1.39821028824239,0.278210158522263,-5.02573412728385,5.01510298953602e-07,7.72413941231393e-06
"Os08g0501700",51.0895212359098,-9.88584451121016,1.96723421179161,-5.02525040076792,5.02776090446014e-07,7.73938708178609e-06
"Os06g0278000",59.644456579891,-10.0902917473036,2.0080640912309,-5.02488530688207,5.03733489620061e-07,7.74987345708232e-06
"Os01g0704700",690.885304553305,-0.626491219360447,0.124696749510892,-5.0241182855029,5.05750608195837e-07,7.76864191920418e-06
"Os06g0169001",1338.92492316127,7.87488662001518,1.56742058948135,5.02410563754361,5.05783935086096e-07,7.76864191920418e-06
"Os06g0656000",128.325864171952,-2.0752211233235,0.413040539460323,-5.02425530926086,5.05389691539309e-07,7.76864191920418e-06
"Os11g0634902",1704.59717968997,2.17280627939042,0.432548414804818,5.02326723442247,5.07997824687003e-07,7.7983779848833e-06
"Os06g0570600",27.1744317546785,-8.67908335473352,1.72851983681484,-5.0211071749842,5.13744821896091e-07,7.88228933408864e-06
"Os10g0575950",1254.92469450357,0.892891803622874,0.177853120951647,5.02038872776164,5.15670160208794e-07,7.90750603048042e-06
"Os09g0352400",2627.37892478048,0.854841728624829,0.170284750000668,5.02007213576949,5.16520789455827e-07,7.91622413637871e-06
"Os10g0527601",1734.30540244249,2.22658691980683,0.443655371175283,5.01873089895971,5.20139498711996e-07,7.96733330396071e-06
"Os08g0123900",18.8410609761843,-7.54582590109487,1.50449592484054,-5.01551767373158,5.28908621070901e-07,8.09723607446351e-06
"Os11g0144900",453.591384049059,-1.56149815573843,0.311356921697833,-5.01513872639658,5.29952144428629e-07,8.10878793727164e-06
"Os08g0566600",547.352235282963,-4.80274981873109,0.958245519124962,-5.01202429114075,5.38604027773252e-07,8.23667914298256e-06
"Os04g0653700",143.030693326386,8.45743443420421,1.68774766866968,5.01107753913863,5.41260982748672e-07,8.27280266769784e-06
"Os02g0199300",158.518256304297,-2.56866230970685,0.512620681153374,-5.01084408831784,5.41918076404482e-07,8.27383300329846e-06
"Os11g0226201",452.157951431561,-3.95008291286499,0.788305587165456,-5.01085236128856,5.41894777347193e-07,8.27383300329846e-06
"Os12g0152800",1354.02259332574,0.975105888601894,0.194636859392596,5.00987270162965,5.44660505001345e-07,8.31118167011841e-06
"Os03g0575200",2991.02617481819,2.27308086162288,0.453747265710195,5.00957478623062,5.45504260576312e-07,8.31916282483253e-06
"Os07g0503900",124.238372032678,2.40988290130261,0.481064599602008,5.0094787754001,5.45776450734684e-07,8.31916282483253e-06
"Os05g0151000",159.660628173958,5.00768427528898,1.0010455475394,5.00245397184776,5.66050997778867e-07,8.62351959808391e-06
"Os05g0163200",1726.65464245292,1.28261729187767,0.256488273642707,5.00068589359521,5.71267174273645e-07,8.6982633990597e-06
"Os04g0470700",729.929303239128,1.40832765608113,0.281743924824968,4.998608779075,5.77454274128716e-07,8.78770164891542e-06
"Os01g0130000",7635.89152341118,1.09592185693118,0.219253290668261,4.99842831818362,5.77994852423839e-07,8.79116073101234e-06
"Os11g0303600",40.253366527238,4.50902508846538,0.9022060771775,4.99777733993059,5.79948942480686e-07,8.81610358824106e-06
"Os09g0532500",183.80239655866,-1.76386004257613,0.352961612943793,-4.99731409278498,5.81343382968281e-07,8.83251652022518e-06
"Os09g0497100",215.47226658327,1.84720314961176,0.369676594951767,4.99680849379382,5.82868997414894e-07,8.85090357438136e-06
"Os06g0275600",1466.03852392462,0.901909311192515,0.180514779232741,4.99631839025029,5.84351538749545e-07,8.86861702562993e-06
"Os11g0105350",32.2885175701406,2.735313734305,0.547527867176071,4.99575254208092,5.86067725538682e-07,8.88985541300891e-06
"Os03g0405900",19196.2156460449,1.38810915336161,0.277895834066023,4.99507003416186,5.88144200140012e-07,8.91653297910805e-06
"Os10g0155400",352.818055615991,-1.45263477002704,0.290825057979337,-4.99487485748303,5.88739312108195e-07,8.9207357323867e-06
"Os05g0269200",20.2383395774381,-7.683256113004,1.5383759366637,-4.99439436739163,5.90206845912248e-07,8.93814598488371e-06
"Os03g0108500",260.299583197686,-4.9764574925582,0.996668137651924,-4.99309379377008,5.94196826380563e-07,8.99371701288639e-06
"Os11g0670100",282.096137289951,-3.78468108598519,0.758105730374991,-4.99228660903689,5.96686220630777e-07,9.02652761366085e-06
"Os09g0510900",173.521673515328,-1.3334653914003,0.267168682977245,-4.9910991682879,6.00366622770058e-07,9.07731043543824e-06
"Os02g0591900",3771.50469282432,-0.670354774150181,0.13433048292228,-4.99033994047375,6.0273126219679e-07,9.10815545490917e-06
"Os03g0100800",361.920876699174,-1.51201236153861,0.303001197018689,-4.99012009330562,6.03417657741515e-07,9.11362018920473e-06
"Os03g0642450",50.8977149145467,-3.78401067218516,0.758330401432456,-4.98992347535759,6.04032166409948e-07,9.11799389660891e-06
"Os03g0323200",14950.7061535358,-3.16809280724768,0.635280128822988,-4.98692256141767,6.13486402940154e-07,9.25572873081e-06
"Os09g0514400",4649.92489084289,-1.28047022022429,0.256776028539693,-4.98672024606985,6.14128894061355e-07,9.26044332356246e-06
"Os10g0479500",148.480642338657,2.32407850243025,0.466169673689127,4.98547767819856,6.18089153003439e-07,9.31515457120436e-06
"Os09g0515300",676.464044762191,1.47808462774469,0.296567628569431,4.98397156451163,6.22922379709805e-07,9.38295642480759e-06
"Os01g0810600",34.663556065114,-8.30218778433054,1.66636998196415,-4.98219955603423,6.28655529658787e-07,9.46423362300691e-06
"Os09g0555500",488.432327819869,2.25709340421496,0.453060731007687,4.98187825547093,6.29700496567792e-07,9.47488221698949e-06
"Os07g0515700",17.6816142590467,-7.79280612109873,1.56473218102934,-4.98028110853599,6.34919796126538e-07,9.54829545493189e-06
"Os01g0191300",1356.58460848294,-0.983975668929667,0.197579471309475,-4.9801513406645,6.35345689769444e-07,9.54958261719879e-06
"Os05g0104150",471.670235302235,2.74844609263963,0.552328086366022,4.97611141001846,6.48743173497385e-07,9.74573390507688e-06
"Os06g0250600",1835.29705992816,1.67862604914547,0.3373672540261,4.9756638473739,6.5024405378398e-07,9.76305438057038e-06
"Os04g0532400",39.0358150597755,-7.37311041984982,1.48187461566295,-4.97552919924423,6.50696244383246e-07,9.76461925662174e-06
"Os03g0711100",864.789371657801,-3.58942669605995,0.721546457048754,-4.97463006157817,6.53723608211433e-07,9.80480592925133e-06
"Os06g0175800",1331.57850778579,0.766683035937275,0.154133303695598,4.97415560138398,6.55326564897368e-07,9.82359725649035e-06
"Os02g0584200",1362.07608382568,-11.2120878594163,2.25448508521524,-4.97323665299205,6.58441997882968e-07,9.86502901473137e-06
"Os09g0380450",616.025008578436,-1.99880086507308,0.402029663265546,-4.97177459204756,6.63428138971699e-07,9.93442926137877e-06
"Os06g0641200",359.528284036479,1.86628506023879,0.375529135127953,4.96974771239228,6.70400734508018e-07,1.00334855529408e-05
"Os01g0964333",17.2815534520521,-7.67360921346854,1.54412558849029,-4.9695499321212,6.71084880414291e-07,1.0038370956389e-05
"Os04g0117900",2985.80344623834,-2.35982807167618,0.474916463595339,-4.96893296520231,6.73223369234854e-07,1.00649942394611e-05
"Os04g0518100",11859.9453499831,-1.10322534391088,0.222226344300777,-4.96442196078109,6.89059856537776e-07,1.02962714026427e-05
"Os06g0567000",3312.8130642749,1.62158219193435,0.326690880817038,4.96365918717673,6.91772914393801e-07,1.03313100179451e-05
"Os10g0538450",89.9108765882503,-8.2728687096865,1.6667541838233,-4.963460593037,6.92480967497474e-07,1.03363834627203e-05
"Os04g0599900",9014.65876172009,-0.57619659947017,0.116134575543763,-4.96145611048486,6.99666809221791e-07,1.04380914409261e-05
"Os03g0725200",294.316000039235,-4.34807548492594,0.876466054157241,-4.96091715623465,7.0161112182049e-07,1.04615362914594e-05
"Os02g0316900",1912.15680935498,-1.27173575225169,0.256500108367594,-4.95803202714107,7.12108262689777e-07,1.06124174549126e-05
"Os04g0165200",230.296952322715,-2.31055615027629,0.466097512939185,-4.95723767266221,7.15024874787922e-07,1.06445772075855e-05
"Os07g0221300",45.3119721841,-9.08247401414499,1.83213653708291,-4.95731285868351,7.14748323717303e-07,1.06445772075855e-05
"Os10g0481500",410.234374653067,2.83945098089755,0.572800922809014,4.95713408940211,7.15406046141509e-07,1.06446047013908e-05
"Os03g0601000",52.3160865572979,6.92659611833651,1.39738702914087,4.95682010344339,7.16562665406783e-07,1.06561640257791e-05
"Os01g0933300",355.688617808935,-1.70573683117274,0.344178018627949,-4.95597260386524,7.19693571864822e-07,1.06970556216476e-05
"Os03g0122000",1096.75636426648,0.814335285086198,0.164390205103138,4.95367278467282,7.28256317901619e-07,1.08185965023585e-05
"Os11g0611600",199.184497411489,-6.15004559620343,1.24197278798021,-4.95183602710418,7.3516539616062e-07,1.09154557391848e-05
"Os01g0131600",16708.1006936829,-1.03838287102419,0.209738670407651,-4.95084129696245,7.3893345174696e-07,1.09656004880609e-05
"Os07g0437500",1142.99108946552,-0.940071129604609,0.189915894965338,-4.94993391562187,7.42386850216705e-07,1.10110252593981e-05
"Os07g0459000",46.7815795322776,-6.34200088994488,1.28187945180529,-4.94742378545294,7.52021334750378e-07,1.11480310067433e-05
"Os08g0119800",1512.38066599372,-3.64889188856713,0.737775097512914,-4.94580516592085,7.58297743909641e-07,1.12351379564901e-05
"Os04g0457100",464.150693725201,-3.38629402517248,0.684714241381701,-4.94555804526454,7.59260415857687e-07,1.12434647967274e-05
"Os11g0695900",812.43736377091,-1.09637085185102,0.221712241089321,-4.94501722802632,7.61371308069346e-07,1.1268777240001e-05
"Os02g0636700",2935.21635521281,1.27652027306822,0.258148364804006,4.94490938975109,7.61792892811714e-07,1.12690733569227e-05
"Os01g0776600",1322.74877184389,0.890061792644695,0.180011471596461,4.94447262027824,7.63502707643301e-07,1.12884156911941e-05
"Os01g0612600",10168.4992921548,0.566583677373348,0.114613979523508,4.9434081228908,7.67685377918298e-07,1.1344279660423e-05
"Os01g0275500",56.8972865929007,7.24302807747802,1.46547307731172,4.94245045481471,7.71467143881346e-07,1.13941636797886e-05
"Os05g0559316",144.264680038876,2.36272523269312,0.478115412420811,4.9417466396452,7.74257896074889e-07,1.1429366164994e-05
"Os12g0495525",114.377741011262,8.53508570346793,1.72738137312423,4.94105461380015,7.77011381729907e-07,1.1463981805523e-05
"Os05g0363100",4741.81360654522,0.62618195217462,0.12676451002252,4.93972604842929,7.82324039897171e-07,1.15362991106644e-05
"Os04g0456100",17.6217603715129,7.60189485538298,1.53920906988296,4.93883190017912,7.85919233712117e-07,1.15832276977045e-05
"Os02g0815300",369.834784504162,-4.23554180050371,0.857699183008961,-4.93826027167786,7.882259726927e-07,1.16111271630984e-05
"Os10g0496000",395.680234933606,2.20072556787655,0.446008980018968,4.93426291054265,8.04540075583744e-07,1.18452274926711e-05
"Os07g0481200",597.35221548444,-0.999325338847567,0.202593529267059,-4.9326616820533,8.11165853091329e-07,1.19365160825636e-05
"Os03g0594100",301.371671867745,6.43395973331033,1.30467653089105,4.93145969975878,8.16174077215647e-07,1.20039187394264e-05
"Os08g0435900",19480.5473041957,-3.13481314645801,0.635817553294456,-4.93036584192294,8.20757658981406e-07,1.20650086046811e-05
"Os02g0669100",7273.29048329866,-0.824893124654324,0.167315778505485,-4.93015740668644,8.21633870728493e-07,1.20713799537182e-05
"Os04g0316200",52.0151484987763,7.57052439818406,1.53558521277381,4.9300581532099,8.22051425114232e-07,1.20713799537182e-05
"Os01g0174900",876.738541547233,-1.00067621073463,0.203010577698051,-4.92918261738553,8.257436239412e-07,1.21192560538901e-05
"Os08g0121500",24.7568458928962,8.87833768627036,1.80199121976849,4.92695945955329,8.35190749794162e-07,1.22515017358723e-05
"Os12g0420400",5445.6526861755,-4.29078838921394,0.871227196627329,-4.9249936248826,8.4363104620875e-07,1.23688476586781e-05
"Os11g0206200",431.19154417751,1.0419313911024,0.211602494116447,4.92400335569306,8.47913811944009e-07,1.24251474625445e-05
"Os07g0661700",2094.49407464176,0.799745749402182,0.162430590797143,4.92361534534448,8.49597601300687e-07,1.24433235322024e-05
"Os10g0398100",89.8249621090949,-2.68931446587144,0.546270197447281,-4.92304811508774,8.52064919700662e-07,1.24729503268858e-05
"Os07g0616000",4349.49589771543,-0.567984281247238,0.11546992010497,-4.91889386197638,8.70346441643946e-07,1.27339217129366e-05
"Os01g0521600",446.556448740747,-4.40800639284766,0.8964708867233,-4.91706586140171,8.78510017258458e-07,1.28466639417962e-05
"Os06g0163200",3273.08974565571,-1.03591763716838,0.210811832108354,-4.91394447269893,8.92620402728758e-07,1.30462050736325e-05
"Os05g0399300",6551.35475130661,1.80152864873322,0.366683272437168,4.91303744716613,8.96761408149145e-07,1.30999055884858e-05
"Os06g0185400",21.3221650453137,-6.91506229358114,1.40771046599135,-4.91227596912933,9.00252197372369e-07,1.3144056796391e-05
"Os09g0417800",1161.58349790394,1.93334508515931,0.393589360073821,4.91208676168657,9.01121594791831e-07,1.31499085767282e-05
"Os03g0776900",487.897877662427,1.28788512858669,0.262209295235596,4.91166847242971,9.03046480180731e-07,1.31711488185196e-05
"Os09g0549500",207.115516018352,1.49008444659594,0.303450247133172,4.91047366305819,9.08566589780697e-07,1.32447769571044e-05
"Os07g0264000",665.083152472792,-4.05844046938289,0.826542381695092,-4.91014200755169,9.10104615068157e-07,1.32603092980491e-05
"Os02g0456000",1112.46334192456,-0.764085709381305,0.155634390144456,-4.9094914605448,9.13128757963216e-07,1.32974671541068e-05
"Os08g0113900",133.681366885734,-6.80908436671915,1.38695579212673,-4.90937375608653,9.13676953390608e-07,1.32985491006469e-05
"Os05g0102400",170.8693892083,1.92769801768106,0.392887219376975,4.90649204811988,9.27197461750392e-07,1.34883437903782e-05
"Os02g0556700",6893.38195548937,-0.692013225278335,0.141045031117679,-4.90632828249698,9.2797158039772e-07,1.34926106161248e-05
"Os08g0482700",5197.57582996029,1.53606131605828,0.313106411927543,4.90587626935519,9.30111472923074e-07,1.35167209493357e-05
"Os01g0339500",224.453356386976,-4.00793642033578,0.81705671171151,-4.90533443136432,9.32682869917147e-07,1.3547073859014e-05
"Os12g0555200",2871.02411224214,7.07973294645605,1.44367996780474,4.90394900832594,9.39288824058877e-07,1.3635966363549e-05
"Os12g0577600",1489.40512578189,-1.0956647561081,0.223482402156228,-4.90268918508477,9.45334982327524e-07,1.37166444023138e-05
"Os10g0181600",1685.85953607386,-4.7078480135154,0.960780108864399,-4.90002652019917,9.58237198136141e-07,1.38966678315744e-05
"Os06g0159600",4459.20667302674,2.87972384897898,0.587783455149302,4.89929381943475,9.61817212940071e-07,1.39413815235146e-05
"Os08g0356800",490.895836597014,1.66726565461564,0.340354419311198,4.8986161483956,9.65139808844799e-07,1.39751049101149e-05
"Os09g0451400",275.029990863621,2.1972358823792,0.448534054473498,4.89870470361135,9.64704999132471e-07,1.39751049101149e-05
"Os03g0292900",233.714036004983,-1.81318572351569,0.370210074763888,-4.89772117809626,9.6954475087584e-07,1.4031647652954e-05
"Os03g0624600",244.453980278287,-1.90315795798934,0.388666137141502,-4.8966394962689,9.74894500581052e-07,1.41017986986111e-05
"Os12g0145200",23.0213293875304,7.02076813835216,1.43446705940269,4.8943390455237,9.86366643576623e-07,1.42603919382005e-05
"Os02g0637200",155.186215882596,-2.39884958517645,0.49027458388225,-4.8928695552217,9.93762762205709e-07,1.43599230860024e-05
"Os01g0683100",3430.94498659154,-0.679653202525474,0.138933625105398,-4.89192736466693,9.98532975266911e-07,1.44214268409367e-05
"Os01g0119500",787.838873678694,-1.28721507847319,0.263165007162619,-4.89128510036965,1.00179731804824e-06,1.44611298040482e-05
"Os04g0196600",2619.70484813417,0.669166577009257,0.136811374693804,4.89116185336863,1.0024249011841e-06,1.44627493969296e-05
"Os07g0492100",1564.52796342573,1.53982575537272,0.314942695121168,4.88922518041038,1.01233642399736e-06,1.4598244979555e-05
"Os05g0404700",58.102946111097,-9.48897705464574,1.94096254887409,-4.8887996629044,1.01452674686006e-06,1.46223161635269e-05
"Os09g0346700",3296.23471616314,-0.564782242595958,0.11557655874189,-4.88665044835997,1.02565957182308e-06,1.47751842425561e-05
"Os04g0685500",415.679719454048,-1.31386908219301,0.268901574634739,-4.88605945866138,1.02874142309947e-06,1.48060480207347e-05
"Os11g0682600",34.9366208643896,-8.98683292200135,1.83928865560163,-4.88603727024119,1.02885730312995e-06,1.48060480207347e-05
"Os02g0829500",4920.49784578835,0.661615581868775,0.135414896749057,4.88584046328996,1.02988568643631e-06,1.48132507087522e-05
"Os02g0813500",14876.9536034217,0.703196127866451,0.1440175575864,4.88271110586348,1.04637118715006e-06,1.50426579169082e-05
"Os04g0686800",2422.32110421941,1.29374075935688,0.265079339792114,4.8805793781269,1.05774628069624e-06,1.51984004756261e-05
"Os07g0486100",1446.42415434243,-1.21284191783494,0.248533179533565,-4.88000000688498,1.06085836891528e-06,1.5235316043245e-05
"Os01g0839100",132.052256947448,1.83768653153735,0.376713101106593,4.87821242781086,1.07051597435623e-06,1.53661479654141e-05
"Os12g0459300",58.4195503695234,3.21356283656704,0.658918379149156,4.87702716794245,1.07696607117823e-06,1.54508291868116e-05
"Os01g0115800",1033.43844185523,1.38607904501386,0.284305321537071,4.87531868035446,1.0863293853884e-06,1.55771973493966e-05
"Os03g0333400",1643.537579204,-3.60179325232814,0.738835815684987,-4.87495756954995,1.08831844710887e-06,1.55977488573897e-05
"Os07g0595800",1306.0358400878,1.06273235657893,0.218067603767775,4.87340777913373,1.09689483486887e-06,1.57126405595152e-05
"Os12g0609100",21.8924224136711,-7.98420204542628,1.6384931611075,-4.87289311603203,1.09975728815692e-06,1.57456066429895e-05
"Os11g0666100",18.8476357164106,-7.01713752986346,1.4401013643893,-4.87266917689452,1.10100503603725e-06,1.57554325962659e-05
"Os01g0229700",53.7795518902924,-3.97604209321126,0.816709438919381,-4.86836799446338,1.12523647794866e-06,1.60939786157978e-05
"Os08g0430700",4681.72977451744,0.586899667931608,0.120573515667785,4.86756701653028,1.12980524836543e-06,1.61510926539127e-05
"Os01g0647000",1549.69155378831,1.18631973016782,0.24382110176383,4.86553346525728,1.14148493503038e-06,1.63014505072888e-05
"Os02g0712600",377.951231796167,1.0818608031783,0.222351399015073,4.86554529438766,1.14141665975899e-06,1.63014505072888e-05
"Os08g0422800",723.234490929833,-1.40960050897589,0.289817417641669,-4.86375360199616,1.1518028364041e-06,1.64404329578697e-05
"Os03g0809000",411.741087757944,3.10262976345854,0.637988109058677,4.86314669412308,1.15534156535071e-06,1.64825597391315e-05
"Os12g0291100",26233.1031911721,-4.32388196564257,0.889641227374013,-4.86025358605012,1.17235484773435e-06,1.67167793379682e-05
"Os11g0684100",187.960687523367,5.01601976239974,1.03231966352978,4.85897918988445,1.17992533540997e-06,1.68161832210638e-05
"Os01g0102800",2468.80129119734,-0.823359321440795,0.169456292370862,-4.85883002585019,1.18081450575693e-06,1.68203130256604e-05
"Os01g0235100",464.768702189125,-3.01164592572306,0.619933933767783,-4.85801109066434,1.18570769525573e-06,1.68814456338236e-05
"Os01g0968200",232.503238757569,-4.05550161485479,0.835142158632054,-4.8560614177323,1.19743575016931e-06,1.70397779012431e-05
"Os01g0511600",403.531773816007,-6.64151626151458,1.36789055459642,-4.85529799090842,1.20205840443372e-06,1.70968894805976e-05
"Os07g0121100",41.0360943709793,2.77390294699331,0.571482457764249,4.8538724317897,1.2107363640158e-06,1.72115926276654e-05
"Os05g0538900",793.668596038453,-1.31698728866925,0.271452934843866,-4.85162295050062,1.22455258774332e-06,1.73991871986091e-05
"Os11g0688200",17.1842294958568,-7.66958293759205,1.58107120162412,-4.85087763897897,1.22916362123973e-06,1.74558651514318e-05
"Os02g0112600",60.3839933601671,2.98976726940727,0.616726990939381,4.84779702093683,1.24840036290443e-06,1.77200864865069e-05
"Os01g0791033",45.2491482039203,-5.60354832120258,1.15601961396424,-4.8472778952139,1.25167039751719e-06,1.77575200683151e-05
"Os05g0310750",162.013464031159,-10.7045219499658,2.20856276451368,-4.84682714114439,1.25451643295142e-06,1.77889035581015e-05
"Os04g0640800",1469.64890696715,-0.510174426513439,0.105269680361277,-4.8463567549798,1.25749306168395e-06,1.78221062105934e-05
"Os08g0170200",124.196448044357,-2.54579962640898,0.525354651984368,-4.84586862758899,1.26058914064546e-06,1.78569674229141e-05
"Os07g0148900",5517.47284642052,-3.13664289393184,0.64796165075903,-4.84078477523714,1.29327380319908e-06,1.83107212236995e-05
"Os12g0420200",2261.44288528905,-5.42136099748481,1.12001615033403,-4.84043109188019,1.29557774965052e-06,1.83340911803797e-05
"Os02g0759700",6646.57315323373,-0.775097885835071,0.160136405135261,-4.84023533050074,1.29685466543922e-06,1.83429110995742e-05
"Os07g0258800",690.097784033733,1.31978121250011,0.273090026464876,4.83276972646916,1.34646500117998e-06,1.90350130292759e-05
"Os12g0572800",110.429068952268,-3.93859671223289,0.815330985371036,-4.83067218454912,1.36072881389575e-06,1.92269748114514e-05
"Os08g0501300",35.3433964459079,-2.56525682820363,0.531588401307552,-4.82564484457119,1.39550999239423e-06,1.97085059922329e-05
"Os02g0226200",289.01236873095,2.58076894190372,0.534989567761543,4.82396124601447,1.40734773702745e-06,1.98656902396702e-05
"Os05g0160300",3364.92389978131,2.24840941699687,0.46612127155444,4.82365760631087,1.40949294635221e-06,1.98859683562271e-05
"Os10g0447600",3494.06416293675,0.748622450475869,0.155206487019536,4.82339665597638,1.41133906812004e-06,1.99020085073289e-05
"Os04g0630900",778.640323234087,-2.84619835189726,0.590332602856343,-4.82134704762339,1.42592032151878e-06,2.00874377823594e-05
"Os05g0113500",8997.74583385419,0.676157542937333,0.14024157197104,4.82137738071674,1.4257034745889e-06,2.00874377823594e-05
"Os07g0447000",208.477639075238,-1.86631477256662,0.387224028403919,-4.81972872463339,1.43753557625773e-06,2.02409048374032e-05
"Os04g0551700",459.783004836584,-2.69740589770934,0.559998373821149,-4.81681023340047,1.45871295317032e-06,2.05287878093609e-05
"Os06g0139800",314.794521236503,1.23572024591565,0.256585388265419,4.81601954916225,1.4645018225252e-06,2.05999248840613e-05
"Os02g0146900",674.064066875149,1.41212774346356,0.293258684489132,4.81529727217982,1.4698091592025e-06,2.06642207542788e-05
"Os03g0629900",574.667464755867,-1.29015243415416,0.268004989390367,-4.81391199876123,1.4800400291496e-06,2.07976381061573e-05
"Os03g0608600",281.082604321285,-1.44157256052188,0.299536112515839,-4.81268368082213,1.4891689569972e-06,2.09154450807084e-05
"Os08g0323400",246.765119613586,-3.87099143514323,0.804489392559266,-4.8117370731623,1.49624111103722e-06,2.10042611595431e-05
"Os04g0657500",142.929865015686,-5.97045446615873,1.24094664486197,-4.81120964457163,1.50019555390933e-06,2.10492438169018e-05
"Os07g0657600",418.70893039786,-1.78191005785708,0.370396577801691,-4.81081674251081,1.50314790096547e-06,2.10801281343793e-05
"Os02g0725100",6350.54420092073,0.619872896252918,0.128934840255378,4.80764466008685,1.52718904751621e-06,2.14065829427571e-05
"Os04g0531400",2808.18495690562,-1.71109901830841,0.356032156432035,-4.80602380261415,1.53961577101621e-06,2.156999389229e-05
"Os11g0667000",34.8321190381959,-6.69394394865961,1.39366786075569,-4.803112805536,1.5621781612126e-06,2.18751714370998e-05
"Os06g0729900",613.512941607832,-0.639164472032278,0.133148656203066,-4.80038244665032,1.58362911231293e-06,2.21644888527308e-05
"Os02g0608400",6224.44020703941,0.915245047279471,0.190684086523074,4.79979773859482,1.58825951789924e-06,2.22182146516892e-05
"Os02g0677600",68.0674180597069,-9.02445862930146,1.88035449354908,-4.79933898648452,1.59190156489732e-06,2.22580676204029e-05
"Os06g0565100",529.442953862624,1.87289839199588,0.390270348391718,4.79897691360359,1.59478173988539e-06,2.22872336577011e-05
"Os04g0179200",385.596168108805,7.43240261787548,1.54916201877202,4.79769225414328,1.60504126960282e-06,2.24194465443477e-05
"Os07g0546600",1017.88612409381,1.41935845374324,0.295937232019467,4.79614695338462,1.61746640053882e-06,2.25817622546868e-05
"Os02g0161601",31.3764237166256,-8.56023876609257,1.78500398664141,-4.79564125915437,1.62155252199151e-06,2.26275519006095e-05
"Os03g0724100",2611.3239140026,1.2888263856496,0.268756989748686,4.79550833954042,1.62262818761387e-06,2.26313082509047e-05
"Os11g0523800",6852.36901748893,-0.592844773486352,0.123630845033839,-4.7952820618842,1.62446094063648e-06,2.26381097339489e-05
"Os12g0273300",307.777818783128,-1.387866024487,0.2894252286357,-4.79524895265405,1.62472927817593e-06,2.26381097339489e-05
"Os07g0120400",293.551802802599,1.43222676888365,0.298757626927427,4.79394211158185,1.63535481716106e-06,2.27748520492177e-05
"Os09g0554300",1575.54292193359,1.19758131742597,0.249926381313436,4.79173631503936,1.6534411847873e-06,2.30153107775304e-05
"Os01g0961000",539.153156942493,-1.74050203594733,0.363295677667731,-4.79086909902405,1.66060442124104e-06,2.31035603712771e-05
"Os12g0183100",3362.09090837123,0.871261743867133,0.181880871755345,4.79028792559947,1.66542161812476e-06,2.31590988343989e-05
"Os05g0239350",20.0868172492477,-7.83266019629748,1.63552268382479,-4.78908686119853,1.67541952766633e-06,2.32865887990949e-05
"Os11g0470966",153.5342534235,-5.02396181395951,1.04938026880506,-4.78755124648984,1.68828635457423e-06,2.34538077633971e-05
"Os07g0210100",2141.29449104068,-0.771249852813038,0.161143669482109,-4.78610084585835,1.70052635294284e-06,2.36121576033062e-05
"Os11g0270700",456.940693044062,-1.46860392455648,0.306874690011466,-4.78567953747377,1.70409774944176e-06,2.36500450271191e-05
"Os11g0117400",233.792516591185,-1.38150292442263,0.288717286460481,-4.78496781872368,1.71014731134003e-06,2.37222708110845e-05
"Os05g0515200",17.0128216086038,-7.10615778282004,1.48536220755804,-4.78412453653487,1.71734187114366e-06,2.38103001917162e-05
"Os01g0918200",1369.11994471749,1.01813741442334,0.21287618147648,4.78276812070605,1.72897535284667e-06,2.39592519790271e-05
"Os06g0264800",2937.40409326079,-3.53628753028621,0.739402927992394,-4.78262581389533,1.73020024667552e-06,2.39592519790271e-05
"Os09g0353400",154.39316000694,-1.98122824671833,0.414259821720139,-4.78257398579384,1.73064655981356e-06,2.39592519790271e-05
"Os01g0931300",3411.98013432295,0.487234370546556,0.101881619102615,4.78235794482038,1.73250816979704e-06,2.39731973672804e-05
"Os08g0425700",416.307396186719,-1.12241743396277,0.234726718673288,-4.78180515753317,1.73728026521213e-06,2.40273823570147e-05
"Os02g0566000",121.627031845159,-6.85246782810355,1.43307274855984,-4.78166082984267,1.73852829367514e-06,2.40327985108925e-05
"Os11g0241700",74.105281496121,-4.15817669565528,0.869961653596643,-4.77972411595881,1.75535900080354e-06,2.42535126935249e-05
"Os06g0492800",192.576047246395,-1.36703717065256,0.286155900799839,-4.77724613342425,1.77712196169369e-06,2.45421242564215e-05
"Os06g0296900",79.8911337562111,-2.91309899688673,0.609858939587998,-4.77667671618412,1.78215939882063e-06,2.45995853663082e-05
"Os03g0197100",1174.76943085878,-3.58451718473458,0.750520992395328,-4.77603853996729,1.78782142974261e-06,2.46534864675367e-05
"Os11g0578375",18.5531994932953,-8.16642782848411,1.70984772069753,-4.77611411216938,1.78715003638408e-06,2.46534864675367e-05
"Os07g0691300",535.142135475345,-1.45750066827504,0.305366963835546,-4.77294809486978,1.81548592371654e-06,2.50226748483957e-05
"Os07g0420700",14152.247004226,0.605776784406796,0.126965901433145,4.7711769661697,1.83152533149952e-06,2.5231351915827e-05
"Os02g0213450",52.2184730836349,-9.60463648577421,2.01425219643455,-4.76833859373492,1.85751405333674e-06,2.55768201004591e-05
"Os02g0593500",978.50210647834,-3.04355343706011,0.638591857107324,-4.76603859442667,1.87883285244083e-06,2.58576790118659e-05
"Os03g0833900",2012.62946052603,0.966888523214127,0.202907320326292,4.76517319167829,1.88691501793652e-06,2.59561809967326e-05
"Os02g0518800",886.034477781512,-1.52095319859393,0.319190721047766,-4.76502948958321,1.8882603097138e-06,2.59619602210625e-05
"Os01g0707500",928.003767677983,1.11926948198993,0.234956171594652,4.76373731489335,1.90039869438386e-06,2.61160568862879e-05
"Os03g0293100",1248.03924234946,-3.41974592178272,0.717979563266362,-4.76301290001208,1.90723643571358e-06,2.61971947425328e-05
"Os06g0273100",62.5084480432499,-9.37082656081447,1.96842484820511,-4.76057115889345,1.93045853270526e-06,2.65031934172089e-05
"Os02g0806600",11769.9631839121,-0.594619926761824,0.12492016866812,-4.75999939082354,1.93593543523488e-06,2.65653888428172e-05
"Os01g0702900",39.3007472914754,-8.25133212933174,1.73362738294154,-4.75957648715219,1.93999598307888e-06,2.66080973984162e-05
"Os03g0681400",2718.24392376306,0.548797512582008,0.11531203701593,4.75923872983176,1.94324486621899e-06,2.66396372427149e-05
"Os04g0522800",363.928974024684,1.06322740820294,0.223411721466578,4.75904935167871,1.94506877847319e-06,2.66516211237864e-05
"Os02g0123700",224.654371924383,2.20889024532097,0.464172412185999,4.75877106723837,1.94775193675129e-06,2.66753610781429e-05
"Os09g0554101",20.0233361333086,7.49875416452344,1.57621193502084,4.75745297818995,1.96050904669154e-06,2.68369779845161e-05
"Os02g0191500",370.319584249262,-0.995010227767827,0.209251500048696,-4.75509244873405,1.98355626548682e-06,2.71392276558221e-05
"Os08g0383800",14.978304876802,7.8646604295968,1.6542390567131,4.75424661126278,1.99187783289506e-06,2.72398029954684e-05
"Os03g0133800",791.085664135627,1.76045578011797,0.370325898259545,4.75380141759393,1.99627122377187e-06,2.72865869856241e-05
"Os01g0771300",119.209999249007,-2.05101720467902,0.431469228551747,-4.75356542009586,1.99860393721241e-06,2.72918850053794e-05
"Os04g0384000",113.912122868308,-3.03637615710435,0.638752536032406,-4.75360329050859,1.99822943143283e-06,2.72918850053794e-05
"Os02g0278200",19.5419456515262,-7.71431418869472,1.62292383262776,-4.75334333848809,2.00080149054424e-06,2.73086047799866e-05
"Os01g0346700",394.873462805926,1.09346498374713,0.230188171128393,4.75030918568455,2.03105866455995e-06,2.77081031817604e-05
"Os10g0161550",29.8696906998166,7.12839213594078,1.50066970632336,4.75014062448515,2.03275241372462e-06,2.77177348075512e-05
"Os09g0514500",61.3686873128382,-2.5280116444745,0.532225282236301,-4.74989018532213,2.0352714007285e-06,2.77386041997295e-05
"Os07g0545400",7357.57788462652,0.780213626675195,0.164271525811455,4.74953661519341,2.03883281308643e-06,2.77736535926367e-05
"Os01g0112800",76.3123070214752,4.77245569221738,1.00510670242994,4.74820800685096,2.05226909579443e-06,2.7943122448415e-05
"Os06g0712600",204.249275312309,2.91146712762332,0.613386780500441,4.74654364942126,2.06922086464319e-06,2.81602695943828e-05
"Os05g0333000",11.744187838435,7.47753486818742,1.57665952609311,4.74264401694665,2.10946763760866e-06,2.86940769978547e-05
"Os08g0542700",1915.72745528507,-1.06689596290103,0.224974561334558,-4.74229600258876,2.11309569327341e-06,2.87288082829635e-05
"Os12g0639500",109.420420520485,-3.39337692489844,0.715569762741918,-4.74220278941876,2.11406845928015e-06,2.87288082829635e-05
"Os02g0231700",439.151374634158,3.01788953412641,0.636507921786853,4.74132281913218,2.12327298708021e-06,2.88259731801862e-05
"Os06g0536800",270.643903625038,-1.7451968895385,0.36807754666144,-4.74138372570642,2.12263466377556e-06,2.88259731801862e-05
"Os01g0178300",710.162905448508,-2.28959784929129,0.482978915745643,-4.74057515690205,2.13112380001541e-06,2.89045896935875e-05
"Os11g0219000",270.214619933941,-3.60906543016868,0.761303407463852,-4.74064005859589,2.130441197524e-06,2.89045896935875e-05
"Os02g0686700",100.297348284548,-2.44283876476073,0.515536926997177,-4.7384360592546,2.15373964289105e-06,2.91972182892796e-05
"Os04g0490500",1202.22455632841,-1.19677031991077,0.252614437863008,-4.73753729214706,2.16331056660231e-06,2.93128059488141e-05
"Os06g0698785",1860.30273624982,1.070672013845,0.226070733203525,4.73600451802447,2.1797273016754e-06,2.95209978473046e-05
"Os05g0591550",14.4334854108096,-7.75871961356367,1.63861198719849,-4.73493400156838,2.19126392802616e-06,2.96629273267101e-05
"Os09g0115900",84.392143882988,-3.62909648507587,0.766651912106529,-4.73369521130419,2.20468718084688e-06,2.98302467063284e-05
"Os04g0586500",59.1753426473625,-3.99958549663277,0.845239413781442,-4.73189658624575,2.22431731999242e-06,3.00813458475312e-05
"Os06g0674000",1901.98206608893,1.200017185829,0.253609341844804,4.73175466289939,2.22587339117385e-06,3.00878897413876e-05
"Os11g0557300",1589.64985091212,-0.806805999150137,0.170523250148073,-4.73135480616017,2.23026311052929e-06,3.01327122810173e-05
"Os07g0187900",803.874687295054,1.30771591865167,0.276501436151618,4.72950859443127,2.25063927952008e-06,3.03933779893612e-05
"Os01g0121700",2704.24738943684,-1.24733043800624,0.263803146072962,-4.72826217796984,2.26449661449397e-06,3.0565802787845e-05
"Os11g0586825",132.002099013175,-3.8819414014286,0.821061982964965,-4.72795170397537,2.26796110829783e-06,3.05978483755066e-05
"Os11g0444000",94.06611662315,-5.09021641379349,1.07789391802646,-4.72237233058452,2.33109421469122e-06,3.14344862338612e-05
"Os03g0348900",2109.30810064245,-1.00069119010134,0.211935532723842,-4.7216772819557,2.33907619893102e-06,3.15269722835746e-05
"Os04g0616700",1624.68164347188,-1.1463145456034,0.24283623105232,-4.72052518949043,2.35236473571668e-06,3.16829680300877e-05
"Os07g0117800",17.9726950558195,7.53139413988857,1.59547270216848,4.72047821918376,2.35290803843998e-06,3.16829680300877e-05
"Os06g0532500",84.5921782411195,3.9885582370372,0.845092300357411,4.71967172739633,2.36225549556264e-06,3.17834313895373e-05
"Os09g0356300",91.7312479877901,-4.69319980993276,0.994398021466873,-4.71963912700636,2.36263409160341e-06,3.17834313895373e-05
"Os11g0129800",892.875069337232,1.60263951698029,0.33963591924253,4.71869854211698,2.37358244828635e-06,3.19154147886016e-05
"Os06g0608700",2927.30675539296,-4.61221624124111,0.977556461716072,-4.71810726220816,2.38048983092177e-06,3.19929624690263e-05
"Os03g0206700",1074.09268488056,-3.00735469453145,0.638091907133682,-4.71304315398786,2.44044488489849e-06,3.2783037032083e-05
"Os03g0826900",2059.81609527642,-5.24752208002856,1.1136995610329,-4.71179325523101,2.45546425144878e-06,3.29690133129932e-05
"Os03g0787400",29.3252011320491,-5.95824129285165,1.26462728903181,-4.71146032078214,2.45947988909138e-06,3.30071375646496e-05
"Os08g0292400",80.1836649540968,1.52821043623398,0.324417755866464,4.71062513872706,2.46958107135347e-06,3.31268566081841e-05
"Os06g0176801",31.2195992382945,-7.79908519842235,1.65602957150995,-4.70950841252865,2.48314965586708e-06,3.32929506177458e-05
"Os01g0638000",4556.90711732636,1.44567612505749,0.307011558745153,4.70886546085233,2.49099415906286e-06,3.33821767390745e-05
"Os09g0562200",21.9293697349446,-8.11856335991763,1.7244716477106,-4.70785551661334,2.50336430494372e-06,3.35319375299908e-05
"Os01g0188100",1962.01538060087,1.06689734355917,0.226681663025204,4.70658865530091,2.51896465215141e-06,3.37248025136798e-05
"Os12g0407350",12.6387498564806,-7.46884065400686,1.58698917998229,-4.70629588923235,2.52258307574675e-06,3.37571417604222e-05
"Os05g0128300",538.961378489506,1.49086645820365,0.316824555743463,4.70565311677047,2.53054489139988e-06,3.38475456351113e-05
"Os12g0189700",63.6889824780288,-8.5956773425214,1.82781988700471,-4.70269385054526,2.56751257717463e-06,3.43256493285728e-05
"Os03g0562000",2594.08693255278,-0.947835387760683,0.201557980458535,-4.7025445760292,2.5693910088507e-06,3.43344049954135e-05
"Os03g0273800",27951.2623252336,1.07083143181621,0.227765594872454,4.70146262615238,2.58304546815671e-06,3.45004388040997e-05
"Os01g0654100",1748.08735416848,1.63937361180903,0.348744306108293,4.70078961317855,2.59157415611865e-06,3.45978848568037e-05
"Os04g0435100",1464.68437570988,1.15665065175425,0.246096922269664,4.69998015857684,2.60186769241474e-06,3.47187880097682e-05
"Os04g0457500",962.047032883156,2.82323949657662,0.600974099388022,4.69777233237099,2.63014367905105e-06,3.50794163125146e-05
"Os03g0790900",23323.5944836022,1.14276095813242,0.24333733319505,4.69620071498207,2.65045108093078e-06,3.53166943177017e-05
"Os08g0518800",287.334180585312,-5.34740529583915,1.13865842848154,-4.69623300726819,2.65003231120651e-06,3.53166943177017e-05
"Os07g0677100",500.257422916756,-1.36896697849681,0.291553101011382,-4.69542931887172,2.66047352630402e-06,3.54334162767648e-05
"Os02g0568600",44.352859517637,7.1075581322844,1.51380530408308,4.69516001371753,2.66398105995551e-06,3.54464848290524e-05
"Os02g0749800",93.5081812801892,-4.87073578435561,1.03738146158904,-4.69522154068062,2.66317931824895e-06,3.54464848290524e-05
"Os02g0118850",512.385965113372,-1.08696312682057,0.231643487582752,-4.69239665730842,2.70022942929865e-06,3.59117716800848e-05
"Os05g0469800",819.447349605153,-9.56879154233854,2.03973291516614,-4.69119827953512,2.71609589024601e-06,3.61056763960604e-05
"Os11g0117500",26.8841268700205,-8.04956601942875,1.71641794533516,-4.68974706382305,2.73542970714388e-06,3.63454680122499e-05
"Os06g0561200",2272.72573252215,-0.627355518078517,0.133802390800748,-4.68867196112171,2.74983784943047e-06,3.65196165313383e-05
"Os03g0373601",13.8841126507351,7.4686962097608,1.59306801629518,4.68824691310413,2.75555425540989e-06,3.65782230441402e-05
"Os09g0346900",1814.12006296809,0.705158652358953,0.150445067983415,4.68715034537849,2.77035453525666e-06,3.67572997486395e-05
"Os09g0324400",275.522265531558,3.48453259273666,0.74357540734291,4.68618590438363,2.78343453512577e-06,3.69133931591206e-05
"Os02g0609500",438.354243863666,-6.7467675034762,1.44093078300254,-4.6822287253921,2.83772589957778e-06,3.76156184194386e-05
"Os03g0562400",14.2160567548729,-7.00549475684586,1.49626736078372,-4.68198060083093,2.84116373771279e-06,3.76434073690728e-05
"Os02g0439200",337.885791172337,-1.53811765794424,0.328635982914521,-4.68030811569502,2.86444097673036e-06,3.79339040533305e-05
"Os01g0331100",38.8321738413029,-8.68379750223197,1.85563163107167,-4.67969900751093,2.87296376437169e-06,3.80288250734898e-05
"Os06g0254300",69.2199731497211,-8.75896684595054,1.87193451734346,-4.67909895607928,2.88138361590422e-06,3.8122294686235e-05
"Os02g0730000",19212.8641161785,-4.6753708111659,0.999602414176772,-4.67723041166955,2.90775473865205e-06,3.84530694986116e-05
"Os08g0190100",73.1384516362678,5.30363675352722,1.13422233423883,4.67601156618599,2.92508116110749e-06,3.86639790593492e-05
"Os03g0326000",1357.51091892642,0.768334175782583,0.164317895612903,4.67590077706819,2.92666097876249e-06,3.86666480160231e-05
"Os02g0193900",1342.74814830199,0.743614297843516,0.15905660747718,4.67515502586211,2.93731647536265e-06,3.87891646737067e-05
"Os01g0649200",2120.69767534683,0.889362644257607,0.19027396048648,4.6741164265659,2.95221829801205e-06,3.89676151828853e-05
"Os02g0498666",33.1298105599542,5.12237732501025,1.09601163789288,4.67365231162892,2.95890084229774e-06,3.90374590674938e-05
"Os03g0103300",3284.91165644626,-2.55106098380801,0.545900183502034,-4.67312717765098,2.96647946695271e-06,3.9119053948133e-05
"Os07g0523700",20244.1714541029,1.35520503866235,0.290135420973537,4.67093963954838,2.99825040677944e-06,3.95194471183864e-05
"Os05g0318600",1754.56251307817,-2.11343566728032,0.452720528926642,-4.66830093234578,3.03700842030347e-06,4.00115165683362e-05
"Os07g0273301",45.3718952283244,-9.38267458473948,2.01060585954934,-4.66659068965536,3.06238513029167e-06,4.03269129639817e-05
"Os10g0365200",2060.61101583713,1.07981404689937,0.231427915697593,4.66587638593422,3.07304413348176e-06,4.04482947813158e-05
"Os08g0525600",26578.0474296711,0.667305003446544,0.143048690814428,4.66488018623124,3.08796909754382e-06,4.06256862706398e-05
"Os11g0549620",24.1720090270766,-8.02719539481623,1.72145888254156,-4.66301895225337,3.11604043693224e-06,4.09757857268943e-05
"Os12g0123800",257.496468056412,-1.99795900573389,0.428667332074819,-4.6608613632008,3.14888780522197e-06,4.13883323607209e-05
"Os03g0778100",6190.27305520357,-3.24769310713049,0.697096873128077,-4.65888348136916,3.17929087478787e-06,4.17683803971429e-05
"Os04g0180400",201.723149352015,10.7613856381314,2.3099585777527,4.65869203966456,3.18224852648189e-06,4.17876734441436e-05
"Os07g0562950",847.585151179291,1.04987590121829,0.225365729925975,4.65854281200224,3.18455582844432e-06,4.17984123750255e-05
"Os07g0684800",3729.17361365233,1.2268637696892,0.263417665158393,4.65748479302435,3.20096059849448e-06,4.19940889737972e-05
"Os03g0679300",386.666913822113,-0.906578661203329,0.194679263245909,-4.65678083062285,3.21192053280367e-06,4.21181841081947e-05
"Os03g0385900",3191.05372908492,0.717464401122189,0.154176407802042,4.65352910572019,3.26301519419998e-06,4.2768207557048e-05
"Os10g0162300",102.947172398223,3.6645062479981,0.787544822501276,4.6530764259988,3.27018971266099e-06,4.2842233294441e-05
"Os02g0809800",15989.19392344,1.01259365663122,0.217650594472367,4.65238176392753,3.28122883815115e-06,4.29667959198309e-05
"Os06g0612200",1843.08904482662,1.00259972369976,0.215518098813379,4.65204420983654,3.28660592609759e-06,4.30013879911536e-05
"Os11g0545800",1168.61363767421,0.874218226295393,0.187922141061395,4.65202355272113,3.28693525910571e-06,4.30013879911536e-05
"Os03g0183300",13387.4382056924,0.833612545471251,0.179319754705627,4.64874908422508,3.33954164563301e-06,4.3669253336325e-05
"Os04g0383700",23.8615247543144,-8.25434003340098,1.77604614871766,-4.64759321674202,3.35830346574826e-06,4.38941368681079e-05
"Os02g0738100",133.126521958276,3.50978083039856,0.755208107022674,4.64743531982925,3.36087425224006e-06,4.39072873679519e-05
"Os09g0554000",255.366559603661,2.63524420097083,0.567121989122508,4.64669727415836,3.37291573417742e-06,4.40440955479232e-05
"Os09g0453200",318.755067627159,-7.87967360415527,1.69604152772507,-4.64592020616641,3.38563858739276e-06,4.41896697857747e-05
"Os06g0676000",4413.29226868637,0.513200002501272,0.110468599254036,4.64566407075648,3.38984234139188e-06,4.4223968286443e-05
"Os07g0469100",1337.77285154029,-2.66065761293268,0.5731409481024,-4.64223961268478,3.44652839045922e-06,4.49426020878562e-05
"Os09g0467400",2359.31388285274,1.14805895445532,0.247335931366419,4.64169903706598,3.45555935432885e-06,4.50394364148519e-05
"Os06g0288300",280.294162492986,-3.09890975630664,0.668048983409524,-4.63874630942588,3.5052900719121e-06,4.56664113268325e-05
"Os11g0701600",114.551057949304,-5.62806011936859,1.21336884659014,-4.63837532600643,3.51158659874032e-06,4.57272125911141e-05
"Os12g0197500",2152.00066146948,1.18561832390249,0.255707590129993,4.63661764322194,3.54156662487728e-06,4.60962164319602e-05
"Os01g0908200",5025.09692938581,0.67158870475971,0.144862647670942,4.6360377609916,3.55151114804889e-06,4.61828108603096e-05
"Os05g0170800",4658.07227513215,0.708385107473287,0.152798197837971,4.63608286940968,3.55073661489439e-06,4.61828108603096e-05
"Os02g0141000",628.352895939728,0.99797613494822,0.21535479074628,4.6341023178072,3.5848966456963e-06,4.65737822553377e-05
"Os03g0168200",556.935009007645,1.29072232053499,0.278523301055988,4.63416279945474,3.58384882590468e-06,4.65737822553377e-05
"Os03g0146800",189.275247051812,-1.47969185759847,0.319345283852182,-4.63351717535742,3.59504917793596e-06,4.668406757577e-05
"Os02g0462000",1238.15693657844,-1.21476156715926,0.262194914402818,-4.63304778403515,3.60321328731277e-06,4.67684418448524e-05
"Os09g0567500",542.509178134129,-1.57352520096939,0.339666693754222,-4.63255665010233,3.61177459381229e-06,4.68578911935093e-05
"Os10g0142700",14.1215689600758,-7.64623665749828,1.65129578378127,-4.63044642431612,3.64878187583476e-06,4.7316135397262e-05
"Os04g0389600",178.442629560854,-11.2217178190965,2.42434431347816,-4.62876405661904,3.6785459296764e-06,4.76800719993437e-05
"Os01g0704400",3228.37869101847,-0.860916471339868,0.185997902394245,-4.62863537845201,3.68083203093785e-06,4.76876770323998e-05
"Os04g0583500",2705.64082625956,-1.1210711060834,0.242306339580966,-4.62666848924438,3.71594584085259e-06,4.81203840267676e-05
"Os06g0685300",465.997821353747,-2.35538244398305,0.509182371145151,-4.62581302389907,3.73131800519948e-06,4.82971613754187e-05
"Os09g0279400",336.055827300454,-4.42277886508984,0.956252852077857,-4.62511443022576,3.74391648646192e-06,4.84378904762999e-05
"Os08g0295300",13029.2101316126,0.705851277689278,0.152746666211248,4.62105848328687,3.81787121729895e-06,4.93719364515406e-05
"Os02g0833600",881.37317078859,-0.814235772658299,0.176230666851779,-4.62028423999055,3.8321467729426e-06,4.95337184441802e-05
"Os02g0158600",947.423148686377,1.02618292656011,0.222226942172486,4.61772509007309,3.87969753648567e-06,5.01252634755345e-05
"Os04g0547900",1277.07051548331,2.00854394455358,0.434983315004469,4.61751951228966,3.88354175592033e-06,5.01518402000167e-05
"Os01g0301300",286.307787742226,1.14936253548247,0.249141741233857,4.61328772043712,3.96349040900331e-06,5.1160748784476e-05
"Os02g0206700",83.7913940447108,1.8735495179929,0.406725264343444,4.6064252266632,4.09650269342789e-06,5.28533602680338e-05
"Os04g0640200",274.474714202056,1.60005505360177,0.347370239125259,4.60619498558944,4.1010386885037e-06,5.28632740821271e-05
"Os08g0388900",23.3825375480747,7.44349611732112,1.61597003345038,4.6062092509401,4.1007575060403e-06,5.28632740821271e-05
"Os10g0528400",13767.9378983288,1.7150657452737,0.372378909070869,4.60570054720071,4.11079592553332e-06,5.29647177512929e-05
"Os04g0449900",43509.8030663955,-0.883771082920853,0.191909468227694,-4.60514580694002,4.12176964056782e-06,5.30817345817412e-05
"Os09g0283600",87.9991318011041,-5.14535312379476,1.1174700642,-4.60446618539023,4.13525198868282e-06,5.32309363790905e-05
"Os12g0582600",33.8975034020024,7.13921974709287,1.55059444460378,4.60418246172494,4.14089300084495e-06,5.327911021995e-05
"Os11g0236200",14.858156985533,6.43063484329346,1.39674104320839,4.60402797967613,4.14396752273258e-06,5.32942330994141e-05
"Os01g0192550",58.060797871474,-2.77356407145815,0.602560867097017,-4.60296083418172,4.16526581954241e-06,5.35436048685291e-05
"Os10g0432400",39.461943287636,-8.40758404234874,1.82712764506553,-4.60153074967414,4.19397225412384e-06,5.38879347047726e-05
"Os03g0853000",69.5114377355204,5.2444003867933,1.13985882140799,4.60092099854548,4.2062695003671e-06,5.40212058211907e-05
"Os03g0785200",487.789586656077,-4.5671486940491,0.992766685086783,-4.6004250169312,4.21629775857853e-06,5.41252276766838e-05
"Os04g0606000",458.665176930834,1.66011305851256,0.36088541666776,4.60011123154055,4.22265401686569e-06,5.41820379612643e-05
"Os04g0382900",278.814387904535,-4.02435084034081,0.875114542110071,-4.59865611493247,4.25225009736535e-06,5.45368565960998e-05
"Os12g0279000",3347.9583693646,0.509349981198405,0.110827522561324,4.59587988097964,4.30926909277125e-06,5.52429005396742e-05
"Os09g0439500",482.890286239984,-4.25688489497676,0.926320892698492,-4.59547542167154,4.31763687313201e-06,5.53248976866806e-05
"Os10g0130200",406.784856064879,2.25962051482226,0.491822667351127,4.59438058638531,4.34036589165619e-06,5.55907565730973e-05
"Os06g0701100",50230.4997828598,-0.736011432766513,0.160270876200905,-4.59229680534034,4.3839427704918e-06,5.61232673474183e-05
"Os02g0118950",609.512771879625,-2.20639673426884,0.480716222373667,-4.58981126822423,4.43646962581366e-06,5.67439428621617e-05
"Os02g0225000",456.940708590174,-2.01382877452675,0.438753689651587,-4.58988453436351,4.43491270410617e-06,5.67439428621617e-05
"Os12g0495800",26.6014269264472,7.94483332975139,1.73102767954793,4.58966279027164,4.43962642129765e-06,5.67584494917788e-05
"Os07g0476900",775.81951415575,-2.92948796273022,0.638296154206265,-4.58954349548463,4.44216431139468e-06,5.67650341103632e-05
"Os12g0211000",26.9943845856834,-8.15319666133037,1.77684846465674,-4.58857174570901,4.46288925814846e-06,5.70039136832781e-05
"Os07g0253000",120.628644962743,-3.33506357911263,0.72689026463671,-4.58812525268783,4.47244284707777e-06,5.70999504889429e-05
"Os01g0501800",32119.914636656,-3.92699736131112,0.856343955685541,-4.5857710972776,4.52313945884189e-06,5.77209365593547e-05
"Os08g0379400",404.050239787543,-3.33931541629737,0.728495511577474,-4.5838517372145,4.56487972351287e-06,5.82271158187356e-05
"Os12g0152600",813.881591586024,0.788950070315899,0.172156545779601,4.58274802589228,4.58904893930895e-06,5.85088102384769e-05
"Os10g0491400",207.442600541495,-2.01862375913641,0.440660287486564,-4.58090691732226,4.62963880464585e-06,5.89995114150644e-05
"Os05g0490300",1259.02750858152,-0.638138226832633,0.139349437233476,-4.57941014690608,4.66289046534215e-06,5.93962924368731e-05
"Os06g0585950",418.930753453818,-2.73969643010341,0.598640348162909,-4.57653153268221,4.72748479283152e-06,6.01917777933022e-05
"Os01g0600900",60095.4932056188,-4.08971595593693,0.893658663750832,-4.57637364446479,4.73105238925124e-06,6.02098830599402e-05
"Os02g0221900",202.451050881646,-3.84921149755005,0.841143014548185,-4.57616770391612,4.73570963786853e-06,6.02418331178e-05
"Os07g0154100",31.1254494751518,-7.62627254680242,1.66728615989341,-4.5740633673166,4.78355059247672e-06,6.08228349461177e-05
"Os02g0637000",379.00923155678,3.5115151477422,0.767827930761622,4.57330999180906,4.80079043725254e-06,6.1014393682147e-05
"Os11g0135400",2794.92105622197,1.25164731276513,0.27371644778856,4.57278809102476,4.81276821269492e-06,6.1138932360636e-05
"Os05g0127266",47.1373349509662,2.48030808146871,0.542534916190226,4.57170222127981,4.83778103469557e-06,6.14288739346729e-05
"Os01g0199900",2306.97471713387,0.634941154541393,0.138907851305727,4.5709522433252,4.85512928878531e-06,6.16212745824936e-05
"Os01g0557500",2320.62291288259,-0.447512306218726,0.0979177226743042,-4.57028915702268,4.87051720668815e-06,6.17886319412671e-05
"Os03g0842700",1434.90592144385,1.15434053979063,0.252924425176684,4.56397415545869,5.01942606411787e-06,6.36489535523162e-05
"Os03g0299800",225.452532971117,1.4333576246269,0.314173145075044,4.56231745805176,5.05920739592214e-06,6.4124425449127e-05
"Os01g0202500",598.874029600591,-2.85258639994111,0.625340104727494,-4.56165593470802,5.0751763784806e-06,6.42977875995136e-05
"Os02g0517531",19627.5170700407,-1.03506970229297,0.226938818310068,-4.56100772005763,5.09087090693383e-06,6.4467517775441e-05
"Os01g0882500",359.300436547648,-4.55492892580326,0.99876672702936,-4.56055333295996,5.10190019255166e-06,6.45780438445579e-05
"Os08g0431900",42.2475451097859,-7.85321742619718,1.72214066785457,-4.56014864104026,5.11174249413686e-06,6.4673452601654e-05
"Os08g0382400",1459.56590424674,-2.54472840463507,0.558137801070324,-4.55931922144517,5.13197122481984e-06,6.49001246105879e-05
"Os05g0186300",619.767832439017,-1.52239116021745,0.333939705768619,-4.55888034252592,5.14270604025911e-06,6.50065841899781e-05
"Os02g0712500",1373.08136733245,-0.952296975193976,0.208906349722514,-4.55848745841806,5.15233407644948e-06,6.50989639141491e-05
"Os11g0267300",1402.23769631055,-0.753877863048146,0.165432198914506,-4.55702014477693,5.18844496331517e-06,6.54962404680838e-05
"Os12g0141600",1021.23529341158,-1.35371276310876,0.297060463249822,-4.55702771179722,5.18825811726192e-06,6.54962404680838e-05
"Os02g0569900",234.76023553539,5.83565942712077,1.28082241709824,4.55618151995007,5.20919239307756e-06,6.57285777583374e-05
"Os02g0581100",1629.92048139001,-3.19383496133766,0.701103077872081,-4.55544279028309,5.22753422271505e-06,6.59303664529572e-05
"Os04g0611500",1551.75801148634,0.835576666188478,0.183470825205287,4.5542754018441,5.25664530058739e-06,6.62677360400195e-05
"Os06g0503600",705.209986443327,0.873192175791403,0.19174333547135,4.55396362874827,5.26444618717848e-06,6.63362770114964e-05
"Os01g0743100",334.327358964618,1.09657457370529,0.241075460062232,4.54867771867869,5.3984042815499e-06,6.79937257400598e-05
"Os04g0372750",113.200566528308,1.85789801067148,0.408538852498525,4.5476654161753,5.42442817734773e-06,6.82908494897855e-05
"Os02g0227700",39.6577865051819,-7.62920396434182,1.67765662791977,-4.54753603173359,5.42776298802264e-06,6.8302190569458e-05
"Os03g0235000",2883.18087105362,1.22811593231541,0.270108606328445,4.54674861719161,5.4481005113976e-06,6.85273852760374e-05
"Os06g0181566",11307.1812425812,1.62858458187781,0.358732007960012,4.5398362725953,5.62979271627724e-06,7.07810229409372e-05
"Os02g0703300",1108.93830298907,-0.729558922222558,0.160722333631046,-4.5392504311027,5.64545548610366e-06,7.0946158464416e-05
"Os02g0779300",2228.72843127233,0.727267760038618,0.160234967527029,4.5387581204205,5.65864990859405e-06,7.10801404364218e-05
"Os08g0527400",128.647076950771,2.46837505074171,0.543929253958504,4.53804430038987,5.67783344518015e-06,7.12892000620337e-05
"Os11g0207800",233.929852001941,4.17631985135701,0.920497116936117,4.53702654198194,5.70529285125017e-06,7.16019355956092e-05
"Os07g0442900",5671.54630850329,2.12172847414518,0.467661679975834,4.53688759415742,5.7090515496335e-06,7.16170784916474e-05
"Os04g0432300",347.500834572721,1.40401030865117,0.309496474373335,4.5364339335173,5.7213401014335e-06,7.17391626123444e-05
"Os11g0591800",802.687340219491,2.72977718703543,0.601783377006828,4.53614588128522,5.72915586572494e-06,7.18050790102605e-05
"Os08g0433600",803.760228224171,1.25288461290316,0.276243414227614,4.53543703985222,5.74843250768755e-06,7.20145147458607e-05
"Os08g0537200",27.6435824768463,9.07983382806279,2.00250595328531,4.53423562270385,5.78124639840518e-06,7.23932781936841e-05
"Os04g0452100",1602.81691179387,-1.26156122974663,0.27825119815179,-4.5338932523066,5.79063021947907e-06,7.24784412216867e-05
"Os05g0560100",20.422354237621,-7.28527421952325,1.60732656575571,-4.5325414105241,5.82782464702963e-06,7.29114646656021e-05
"Os04g0452300",214.69896131429,-1.90775697430277,0.420938083969657,-4.53215578954431,5.83847642794986e-06,7.29796550205474e-05
"Os12g0112300",919.056428731296,-0.948874061245483,0.209363370516424,-4.5321875498324,5.83759842856637e-06,7.29796550205474e-05
"Os03g0351500",20609.7223285146,1.23367953467579,0.272233680220706,4.53169326321275,5.85127709947595e-06,7.31070961556074e-05
"Os03g0586400",275.613653270617,-2.18497435923104,0.482337739183895,-4.52996765902657,5.89927160502107e-06,7.36739473876731e-05
"Os09g0475500",1223.89880366035,-1.12273109616226,0.247860357482211,-4.52969207164497,5.90697136715401e-06,7.37372911499448e-05
"Os03g0267300",1475.90015416979,-6.3019983974501,1.39180235811622,-4.52794059494176,5.95613195641722e-06,7.4317907941743e-05
"Os09g0266100",61.177397458568,-4.44479337799091,0.982067282014559,-4.52595607184174,6.01230687849312e-06,7.49854913885661e-05
"Os06g0231300",3308.78769987192,1.02262853374847,0.225956861651903,4.52576888469921,6.01763158315388e-06,7.50185595230849e-05
"Os04g0534000",1370.75932455334,0.990017804120054,0.218765052216025,4.52548427681418,6.02573615565566e-06,7.50862380106613e-05
"Os03g0857000",124.703351127723,-2.17500056286978,0.480627031050156,-4.52533965498666,6.02985844824406e-06,7.51042555590878e-05
"Os02g0102850",589.815071862887,-0.935203866498927,0.206664733487896,-4.52522232852903,6.03320469784241e-06,7.51125954884e-05
"Os10g0340800",1217.64002271216,-1.41560927772946,0.312863859415835,-4.52468137538358,6.04865613780286e-06,7.52715691969063e-05
"Os01g0869800",1135.31333609467,-5.1162680029583,1.13077275378531,-4.52457665417866,6.05165169933019e-06,7.52754654195939e-05
"Os01g0601651",41.8690893088853,-7.06040028897913,1.56141132314616,-4.52180676822095,6.1314019549337e-06,7.6233673752481e-05
"Os03g0810700",23.7195512736151,-6.72006703804039,1.48628793541021,-4.52137629455067,6.14388604762672e-06,7.63550621206824e-05
"Os06g0152550",3432.92401188726,-1.66206256706846,0.367733559051687,-4.51974677360042,6.19136417554112e-06,7.68770183601924e-05
"Os12g0258700",711.27871769705,4.01824454178076,0.889027073815451,4.51982246675076,6.18915100726795e-06,7.68770183601924e-05
"Os02g0170500",3738.49974928725,-0.911379165703324,0.201730803822344,-4.51779871211903,6.24858417574303e-06,7.75073862585105e-05
"Os05g0137400",29874.4121133341,0.909939467287923,0.201414901286531,4.51773657994377,6.25041747213347e-06,7.75073862585105e-05
"Os09g0491788",453.193688252609,3.5555166262502,0.786992449203835,4.51785354465238,6.24696669287192e-06,7.75073862585105e-05
"Os01g0637800",15.7728500278527,7.22351012756457,1.59921470939701,4.51691075946156,6.27483339083474e-06,7.77663795362953e-05
"Os09g0446800",10367.7816170469,-0.417126040133556,0.0923490269779822,-4.51684282751573,6.27684590013929e-06,7.77663795362953e-05
"Os11g0217300",1298.50496623322,-1.1052486890288,0.244765281693459,-4.51554518427576,6.31540785417242e-06,7.82096095338863e-05
"Os07g0619700",2095.67399013385,-0.816372755932436,0.180818046411753,-4.51488538966636,6.33510174195697e-06,7.84188906408454e-05
"Os03g0780500",4451.01517263627,0.683180428598848,0.151325343627435,4.5146464711215,6.34224758608339e-06,7.84727300532064e-05
"Os03g0352400",14616.6874127132,-0.652814106172017,0.144667232259796,-4.51252226212279,6.40612082180952e-06,7.92281015873154e-05
"Os06g0562200",137.715275207308,2.09114011079092,0.463448271343012,4.51213272353152,6.41790051681352e-06,7.93388212787757e-05
"Os11g0172350",224.553568071563,3.66170171119602,0.811596092045163,4.51172910649286,6.43012780598497e-06,7.9454974236702e-05
"Os01g0104350",349.531318537492,-1.78417652963077,0.395536764347592,-4.51077293048508,6.45918348026474e-06,7.97788762426009e-05
"Os02g0118500",63.1432412320392,-3.11301518582575,0.690245575905982,-4.51001106633645,6.48242440360072e-06,8.00033694723897e-05
"Os06g0586900",14.1125245437016,-7.25030216805061,1.60760928491667,-4.50999022963867,6.48306115673203e-06,8.00033694723897e-05
"Os02g0288200",3483.36718353526,0.504518062939629,0.111872135211335,4.50977414515736,6.4896680579395e-06,8.00496989195157e-05
"Os01g0209200",942.32713138884,0.568592854971655,0.12609169222201,4.50936017236198,6.50234349897754e-06,8.01708098718399e-05
"Os01g0933600",2129.51412341603,-0.838090227843711,0.185888962388237,-4.50855293975618,6.52712832720367e-06,8.04410518743915e-05
"Os09g0346500",23863.9768305348,-2.68215208084107,0.595052574303985,-4.50742034681272,6.56205525473901e-06,8.08359940994232e-05
"Os05g0591600",566.992756501416,1.33627241883811,0.296480405692116,4.50711882870864,6.57138357061464e-06,8.09153864671294e-05
"Os02g0203500",2243.29075851467,0.688443201137926,0.152759999024962,4.50669812471937,6.58442044108432e-06,8.10403536919773e-05
"Os04g0581100",363.192376112305,4.45455834626969,0.988719511711463,4.50538124665801,6.62538829080665e-06,8.15088321861536e-05
"Os02g0453500",157.295897498464,-2.09436224264669,0.464995106417738,-4.50405222278871,6.66698116815581e-06,8.19845861265505e-05
"Os02g0234200",1451.32802264513,-0.944570506736306,0.209738436521512,-4.50356416497568,6.68231794811103e-06,8.21371906526026e-05
"Os03g0737900",5116.89105545501,0.470608309264959,0.104530838496682,4.50210020347149,6.728524343055e-06,8.26689361273246e-05
"Os04g0379900",17958.9830412614,-0.59880212198991,0.133011376405651,-4.50188651656168,6.73529436116281e-06,8.27158995023855e-05
"Os07g0575500",28.9093489102424,-8.80850085980513,1.95688428307795,-4.50128857182622,6.75427306193497e-06,8.2912690579186e-05
"Os01g0716800",1114.48702543224,-1.65730393366097,0.368283702805754,-4.50007404898688,6.7929794841403e-06,8.33513731018561e-05
"Os01g0103700",232.338143985139,3.43494623417791,0.763481910332293,4.49905385797929,6.82565650243296e-06,8.37157223650672e-05
"Os02g0525400",2059.70283496697,0.666491351014099,0.148197955000008,4.49730464238905,6.88203460480598e-06,8.43703167671758e-05
"Os06g0132801",12.077125503119,6.7969428745612,1.51144195315923,4.4969923326226,6.89214725648645e-06,8.44573957692239e-05
"Os04g0659200",1258.87810254087,-1.58631865096789,0.352790442950574,-4.49648986435308,6.90844711402554e-06,8.46201845978981e-05
"Os09g0498100",1770.446156279,1.28771688948219,0.286460084490507,4.49527511580713,6.94800550376275e-06,8.50675961808858e-05
"Os02g0664000",4877.33249590293,0.883451733519254,0.19654201326449,4.49497651339502,6.9577626397776e-06,8.51499063224767e-05
"Os12g0123500",33.3296567037189,-7.80032767039058,1.7354155565696,-4.49478952799612,6.96387924843846e-06,8.51876109283696e-05
"Os05g0149800",12040.494739678,-0.535133145373021,0.119063168622934,-4.49453136148052,6.97233276494075e-06,8.52538571022951e-05
"Os01g0383900",494.396606834427,-0.892399748354534,0.198672775539176,-4.49180692187272,7.06214340284059e-06,8.63144025132895e-05
"Os05g0253200",2420.25893491241,3.00190847881593,0.66843252516926,4.49096709956744,7.09005036445311e-06,8.66177593936801e-05
"Os01g0283600",121.836848665934,-10.7895822250524,2.40300173409231,-4.49004346188206,7.12086425711743e-06,8.69563502102825e-05
"Os04g0624800",59.0830970859535,3.19148909095991,0.71087713732372,4.48950869762825,7.13876326944579e-06,8.71370051618912e-05
"Os01g0584800",521.389830335874,0.790768377597074,0.176206111307707,4.48774660384034,7.19804702568094e-06,8.78224328846341e-05
"Os02g0698000",4376.64826500374,-4.02145109721491,0.896384542443512,-4.4863012544288,7.24702546072344e-06,8.83815856057458e-05
"Os01g0250600",1551.78574438555,1.17781445362524,0.262547482235246,4.48610073727502,7.25384549207532e-06,8.84263302339781e-05
"Os01g0267300",573.147307044473,1.57745774502086,0.351642855036926,4.48596558248057,7.25844586758276e-06,8.84439895510671e-05
"Os07g0622000",5380.79735820735,0.846165182523797,0.188693813503786,4.48432922527595,7.31436576567092e-06,8.908668928657e-05
"Os09g0328900",18.0334681887984,6.57057069689253,1.46527623126742,4.48418568231958,7.3192907240552e-06,8.91079983941159e-05
"Os03g0734300",2205.3693760383,2.81531919798903,0.627964535660162,4.48324553078362,7.35162580959825e-06,8.94628462571318e-05
"Os09g0272900",95.5980147245199,7.82916359375856,1.74663705147795,4.4824215695721,7.38007698864903e-06,8.9756773497983e-05
"Os12g0224400",221.604997602693,2.66668347251288,0.594928328498486,4.48236089083741,7.38217636780503e-06,8.9756773497983e-05
"Os07g0144732",38.2158486171845,-6.80803081596563,1.5193235767532,-4.48096173858792,7.43074331541916e-06,9.03081502456875e-05
"Os05g0215300",86.1212735012053,2.03550531891911,0.454543761360213,4.478128382684,7.53003138798322e-06,9.14752124716818e-05
"Os04g0527700",676.08975351767,0.782851058345157,0.174869003055594,4.47678573484104,7.57752301612934e-06,9.2012311068205e-05
"Os11g0132400",1540.62126265956,-0.707350240885634,0.158023772427157,-4.47622677285277,7.59737872418268e-06,9.22135128711135e-05
"Os09g0402533",14.6658021526188,-7.63192211966637,1.70508370820421,-4.47598090518634,7.60612829487376e-06,9.2279797756484e-05
"Os07g0539900",10795.1428804885,1.62388871082777,0.36282483281357,4.47568237883588,7.6167647552631e-06,9.23689077623998e-05
"Os05g0498800",1808.95726233183,-0.472587569272454,0.105605800251211,-4.4750152751864,7.64058500737295e-06,9.25378059891669e-05
"Os07g0582400",3159.98686115998,1.27568805711679,0.285059529055434,4.47516370122364,7.63527901006416e-06,9.25378059891669e-05
"Os12g0497300",240.270304930619,1.8031368896599,0.402934063306482,4.47501726427233,7.64051387737958e-06,9.25378059891669e-05
"Os12g0145100",3743.87936725781,-1.53445237808742,0.342969818820433,-4.47401577014802,7.67640765582308e-06,9.29315580835665e-05
"Os10g0550775",17.4348690175797,-7.18415830204544,1.60589869667733,-4.47360616015801,7.69113457780921e-06,9.30696931964132e-05
"Os06g0328400",2493.78432281304,0.896960721109777,0.20058987012657,4.47161524429825,7.76310058326251e-06,9.39000554170312e-05
"Os02g0803700",8921.72565966884,0.535048159799982,0.119667757446915,4.4711137838221,7.7813282138971e-06,9.40799794650497e-05
"Os09g0474800",6591.29817101312,-1.28956425394853,0.288452453042565,-4.47063022119016,7.79894402267894e-06,9.42181667991633e-05
"Os12g0559200",84.7145283026886,-9.46695450294126,2.11759522235035,-4.47061572628302,7.79947264893651e-06,9.42181667991633e-05
"Os07g0519100",220.095957081885,-1.32982131873609,0.297534057638051,-4.46947596282846,7.84114700809466e-06,9.46808379264856e-05
"Os05g0299700",5371.60983475857,-0.824158525023287,0.184476459653797,-4.46755389045283,7.91190838065343e-06,9.5494181925977e-05
"Os04g0395100",45.4101595415141,7.45373074402127,1.66872652269314,4.46671796885673,7.94287307289228e-06,9.58266999877486e-05
"Os11g0683500",825.437156318773,-3.4382746404732,0.770028966293976,-4.46512376933177,8.00224778133847e-06,9.65015372754276e-05
"Os01g0512200",1771.39276256586,-0.609028247878029,0.136439776773213,-4.46371477791511,8.05507756874308e-06,9.70969015180705e-05
"Os04g0380300",1438.60337119593,0.939810278349243,0.210580347702629,4.46295339808439,8.08376391147991e-06,9.7400851388557e-05
"Os03g0787500",19.0895723429585,-7.81624501189096,1.75190491230477,-4.46156920789043,8.13616608229094e-06,9.79901684983899e-05
"Os03g0423800",10414.3079980175,-1.29350267774926,0.29002109580175,-4.46002962016758,8.19483265083806e-06,9.86543946151084e-05
"Os06g0271300",20.1255242024566,-7.00398757137103,1.5711102689641,-4.45798599228116,8.27333070112526e-06,9.95443376960796e-05
"Os06g0700550",20.646769270903,8.03989279185362,1.80350736883857,4.45792067765776,8.2758513236745e-06,9.95443376960796e-05
"Os02g0108100",72.2667813602648,-2.57586387124641,0.577950857598018,-4.45689081931945,8.31569279221444e-06,9.99807074272157e-05
"Os04g0414700",9262.64256440188,-3.67545384283341,0.824898332992092,-4.45564464835529,8.36414776589932e-06,0.000100520220388294
"Os02g0445100",15.3930209974612,-8.1105740844454,1.82038205651509,-4.45542409925317,8.37275145470256e-06,0.00010058054423025
"Os09g0103300",20.4352441692658,-7.92813359399813,1.78040729478673,-4.45298871624081,8.46832064955682e-06,0.000101685072343972
"Os04g0399300",2541.99322014405,-1.59935416216503,0.359212617945934,-4.45238859177755,8.49203032369967e-06,0.000101882580138375
"Os04g0665500",3752.66618645918,0.575428288632467,0.129239267930996,4.45242609188799,8.49054691556147e-06,0.000101882580138375
"Os06g0710700",558.402308562362,-1.80578869387341,0.405741538310553,-4.45058867128182,8.56352255007667e-06,0.000102696397350535
"Os06g0728600",5722.66642560524,-0.801966095980114,0.180204489449586,-4.45031141249382,8.57458617310267e-06,0.000102741262677031
"Os10g0539500",4228.05515713796,1.03394577142744,0.232330868617571,4.45031595491244,8.57440480424056e-06,0.000102741262677031
"Os07g0117300",34.1224543469711,-8.41148983882605,1.89093145995813,-4.44833142657234,8.65399277108694e-06,0.000103648461435016
"Os05g0552000",46.9983535017683,6.87138415170354,1.54483688953525,4.44796741859959,8.66866744518903e-06,0.0001037799257026
"Os04g0683700",14377.8043962891,-0.601832813371556,0.135380856554548,-4.44547943253013,8.76960711516151e-06,0.000104943588428854
"Os12g0222800",20.1051868048937,-7.1955623956433,1.61882518246186,-4.44492862700622,8.79210511762909e-06,0.000105167968376346
"Os11g0102600",3183.93090927888,-0.5838901811812,0.13137359000502,-4.44450198216313,8.8095695943655e-06,0.000105331973565013
"Os06g0569900",220.807673085878,-4.26346807402513,0.959849220269796,-4.44181021767851,8.920522265043e-06,0.000106613158348227
"Os03g0196800",1693.94416502294,-2.38733601447973,0.537496173938841,-4.44158699211758,8.92978318564786e-06,0.000106678406026245
"Os03g0114200",764.270424175122,0.901214877413211,0.202944111861099,4.44070472973383,8.96647544271169e-06,0.000107071163350373
"Os02g0207800",67.3945738107924,-7.81853511569925,1.76073503349374,-4.44049500178644,8.97521895155839e-06,0.000107129984780362
"Os01g0300400",95.0337363800928,-3.11213346612661,0.70101572674874,-4.43946312097798,9.01835660163749e-06,0.000107553388421229
"Os04g0453400",417.710502886768,1.19734847185664,0.269705224988736,4.43947080338042,9.01803470899979e-06,0.000107553388421229
"Os06g0220500",480.170136127546,-1.6777907235854,0.377974117557375,-4.43890373877443,9.04182423985585e-06,0.000107787456167729
"Os04g0109900",53.4737797006654,-4.36195860871716,0.982889824044185,-4.43789171686559,9.08442972600499e-06,0.000108249370263759
"Os01g0237750",88.7283132196623,6.84674255491479,1.5428298307779,4.43778206664739,9.08905743191563e-06,0.000108258543995932
"Os03g0811900",36771.7736600296,-0.666432417952328,0.150179189625437,-4.43758166237599,9.09752116615458e-06,0.000108313380977781
"Os07g0249900",40.3385053859113,-8.42503375812282,1.89912890090715,-4.43626220110624,9.1534346727122e-06,0.000108932859959987
"Os10g0506200",19.2760624458249,7.5558749782312,1.70383878160651,4.43461849782933,9.22354762547093e-06,0.000109720726352677
"Os04g0178300",2833.65767177647,6.18427432967339,1.39505948632916,4.43298252890002,9.29383997986348e-06,0.000110478053241429
"Os08g0121400",38.1023991297329,-5.32678978291577,1.20163444076894,-4.43295365228305,9.29508530051365e-06,0.000110478053241429
"Os04g0542302",13.4407783634697,6.97785932558847,1.57432581610016,4.43228412710252,9.32400369671559e-06,0.000110774848322283
"Os03g0159100",1120.87350095546,-0.953151888264761,0.215072854627075,-4.43176285504498,9.34657817781774e-06,0.000110996054517952
"Os01g0862200",376.567625483572,-4.15059061981752,0.936611132096943,-4.43149827882669,9.35805602228932e-06,0.000111085350295044
"Os07g0141400",12485.2053718992,-3.68868522447055,0.832662092455308,-4.42999057828315,9.42372052892987e-06,0.000111817524517053
"Os05g0583400",300.912000410689,1.62887574448706,0.367793029124146,4.42878362421939,9.47660370059589e-06,0.000112397486494557
"Os03g0701200",4223.36357526093,1.1540167565569,0.260587471251909,4.42851972511493,9.48820425630159e-06,0.00011244002864879
"Os12g0109200",1600.7925611284,0.836385116791412,0.188863044884647,4.42852712293322,9.48787887605819e-06,0.00011244002864879
"Os03g0213600",71.7047180008631,-2.98923072935471,0.675133592528933,-4.42761367888327,9.52813583820479e-06,0.000112865575302534
"Os05g0208050",310.215465519542,1.76537932205897,0.398811407195719,4.42660187298154,9.57291823460006e-06,0.000113348198944872
"Os06g0141600",373.059528161087,-5.83205124252386,1.31829135083245,-4.42394713341716,9.6913745214642e-06,0.000114702383728945
"Os05g0531200",1776.30251573724,2.75166832704581,0.62212528806854,4.42301314513139,9.73338168760232e-06,0.00011515099364144
"Os03g0175800",260.893382413205,-1.69632986853225,0.383592853367057,-4.42221447465041,9.76944068487898e-06,0.000115528885166066
"Os02g0317300",1209.73586165989,-0.587676129533919,0.132894999997796,-4.42210865377677,9.77422793078352e-06,0.000115536808843154
"Os11g0528700",691.01583774378,1.05677016026073,0.238992555630041,4.42177019897055,9.7895543861048e-06,0.000115669252708578
"Os01g0289900",15.0207089226682,6.98280742521946,1.57939618023667,4.42118799107968,9.81597258379692e-06,0.000115897262150544
"Os07g0110000",1347.36720741487,0.927638571749179,0.209817776220926,4.42116291792373,9.81711182851699e-06,0.000115897262150544
"Os06g0114500",4080.52110749827,1.1114496477864,0.251403059439202,4.4209869611996,9.82511029808063e-06,0.000115942912188704
"Os06g0233800",306.190117384264,2.61553049160388,0.591697160452179,4.42038709397402,9.85242528837307e-06,0.000116216375974075
"Os06g0477600",606.827328935578,-1.34943177278376,0.305365841190187,-4.41906589002965,9.91284242727008e-06,0.000116879909325232
"Os02g0493100",93.4932492555386,1.65089777957763,0.37362060717466,4.41864754747285,9.9320464029026e-06,0.000117008012660895
"Os04g0299500",24.0026248014889,-8.17657329999221,1.85043522232693,-4.41872982168494,9.92826680811743e-06,0.000117008012660895
"Os12g0639100",1743.00786588377,1.43326290410794,0.324502213504272,4.41680470721681,1.00170656575577e-05,0.000117960090844475
"Os07g0111100",699.546601773778,0.746334689614574,0.169158881541782,4.4120337212695,1.02404159194796e-05,0.0001205396608777
"Os03g0708500",660.821347912408,-2.54670355306491,0.577274957840591,-4.41159540783018,1.02611721084844e-05,0.000120632179182359
"Os06g0358800",111.809373898512,1.96571791594888,0.445575710563659,4.41163615822375,1.02592406942143e-05,0.000120632179182359
"Os11g0183900",6087.05374365263,-2.12972690174632,0.482749576017653,-4.41165980779326,1.02581199534359e-05,0.000120632179182359
"Os06g0587100",338.432237803466,-2.02833627403791,0.459876733198354,-4.4106085992462,1.03080492568886e-05,0.000121132528579066
"Os02g0208400",1614.66101476875,-0.74755915017653,0.169532729172796,-4.40952702067683,1.03596632423899e-05,0.00012168809958474
"Os07g0193000",1558.39445919737,-0.968169975693471,0.2196666373374,-4.40745116067123,1.04594175273986e-05,0.000122808441277765
"Os03g0100900",1923.89510088584,-0.996426604523717,0.226092781652953,-4.40715796956848,1.04735803704941e-05,0.000122923300860228
"Os07g0577900",511.640757775715,1.12366723675104,0.255050604666526,4.40566388078247,1.05460384956444e-05,0.000123721961649153
"Os10g0563400",1289.19571947601,-0.700706946714685,0.159112193031353,-4.40385449640939,1.06344282995746e-05,0.000124706781004038
"Os05g0380700",77.6177819766357,-2.97726205132482,0.676079821607669,-4.40371381628444,1.06413301889002e-05,0.000124735592214251
"Os05g0574600",276.06508197469,-2.34614375623029,0.532796910163505,-4.40344850256414,1.0654358352468e-05,0.000124836160370337
"Os03g0801000",26.2294952953666,5.85552904277401,1.32992238695537,4.4029103504147,1.06808309711925e-05,0.000125094106307848
"Os02g0131200",3796.04302307846,0.557274947135191,0.126633668588404,4.40068548394106,1.07909440079978e-05,0.000126278344767487
"Os05g0500400",129.941901934554,-2.39310558823072,0.543793353040881,-4.40076285384608,1.07870966941361e-05,0.000126278344767487
"Os02g0539100",2585.9194695891,-1.02764587440397,0.23352563829286,-4.40056981287519,1.07966983379733e-05,0.000126293017407339
"Os02g0595900",643.010069085744,1.59460611464737,0.362434026419254,4.39971415046658,1.08393563739475e-05,0.000126739174402381
"Os03g0125300",16517.3328072879,-0.811898689837737,0.184539858108936,-4.39958444835513,1.08458365477472e-05,0.000126762126281917
"Os04g0302300",212.467775604751,1.37409308538385,0.312337669302664,4.39938316902889,1.08559001853697e-05,0.000126826923814256
"Os11g0513900",158.268167581846,-10.3451766370457,2.35185289620376,-4.39873456955761,1.08883897892958e-05,0.000127153555666758
"Os01g0160800",122.027700522384,1.94102896372124,0.441294972748519,4.39848419670844,1.0900956268963e-05,0.000127247352254426
"Os01g0191900",2383.73720837242,0.949687666226528,0.215919362177982,4.39834416259391,1.09079907671815e-05,0.000127276522623138
"Os03g0193300",568.309153518185,-1.07847155270766,0.245270130828713,-4.39707659902878,1.09718632565006e-05,0.000127924279760592
"Os07g0474600",1142.14248459418,1.22567129366761,0.278747812543361,4.39706156788926,1.09726228131903e-05,0.000127924279760592
"Os03g0608800",717.355054036355,1.20194067714722,0.273441912099829,4.39559783618105,1.10468293732136e-05,0.000128735932670731
"Os03g0106100",24.1824501513253,-4.41036246205433,1.00345316474956,-4.39518516357967,1.10678369964596e-05,0.000128927207054649
"Os01g0832000",789.532349066509,1.21720302166063,0.276993490786368,4.39433799763693,1.11110826353113e-05,0.000129377261789256
"Os02g0731400",322.828804577558,1.78119310158125,0.405366071486902,4.39403597604443,1.11265390308966e-05,0.000129503499910834
"Os01g0141900",2081.79240460499,-0.547001463584766,0.124511443015233,-4.3931822677362,1.11703398930122e-05,0.000129954492321191
"Os12g0100100",2474.76438207893,-0.953610020227547,0.21706993541404,-4.39310040060881,1.11745488550721e-05,0.000129954492321191
"Os09g0572600",60.10570593138,-6.18846122465619,1.40908404579264,-4.39183258311255,1.12399236251048e-05,0.000130660620036326
"Os03g0328000",7506.83227926309,-0.747097260361205,0.170138102403959,-4.39112256340658,1.12766949893494e-05,0.000131033794944564
"Os05g0161700",72.5638159799638,5.27018385265139,1.20023455528045,4.39096160785001,1.12850467045242e-05,0.000131076564827135
"Os08g0163400",1704.92818433912,-2.84329600226983,0.647701932045596,-4.38982170902289,1.13443633667166e-05,0.000131711015637898
"Os04g0465900",21.6640563396838,5.05364416568609,1.15134523644397,4.38933866725737,1.13695889858622e-05,0.000131912032457141
"Os09g0487600",1378.1654228278,-0.811008483377196,0.184769007184329,-4.38931017564064,1.13710785586852e-05,0.000131912032457141
"Os06g0561800",249.078883651896,-1.73030910957779,0.394235613340333,-4.38902283565149,1.13861114240384e-05,0.000132031842471639
"Os12g0102200",6123.28345714171,-0.605136696926749,0.137882327595724,-4.38879084418298,1.13982624418878e-05,0.000132118149791101
"Os11g0134700",568.82487735071,1.4512767581976,0.330691918129092,4.38860667175744,1.14079176548435e-05,0.000132175468716028
"Os01g0578700",244.973100131457,1.74846463820507,0.398436339566411,4.3883161864899,1.14231621733151e-05,0.000132297472929248
"Os11g0307550",1436.82240424397,-1.27242176007095,0.290039807589903,-4.38705904077163,1.14893610145062e-05,0.000133009261051597
"Os07g0630800",293.632140864313,-3.31067212503931,0.754714692519964,-4.38665386781474,1.15107745518001e-05,0.000133202208442315
"Os01g0361700",9.48389015793336,6.45062215271473,1.47073444737994,4.38598699051776,1.15461022347836e-05,0.000133555944316776
"Os04g0445100",24.3344992849377,4.48052106035392,1.02161037284394,4.38574350794923,1.15590264452402e-05,0.000133650350270429
"Os04g0362375",31.4467395308294,-8.85343808879297,2.01915427330631,-4.38472592502588,1.16131900056231e-05,0.000134221308870592
"Os07g0696000",24.5669239254851,7.3088759245888,1.667119895152,4.38413334628365,1.16448431135474e-05,0.000134531736291629
"Os02g0139200",2538.00456314906,0.736203682698925,0.167967770164491,4.38300563243747,1.1705308548275e-05,0.000135174637235264
"Os06g0176850",76.0748254292793,-9.22611364056118,2.10518301519348,-4.38257081402173,1.17287024709481e-05,0.000135333408198908
"Os06g0625500",3222.20827139586,0.622049261859525,0.141935148175386,4.38263016494597,1.17255066688716e-05,0.000135333408198908
"Os03g0218200",126.471831205419,2.05602188855012,0.469341311531466,4.38065398897296,1.18323637415166e-05,0.000136467317802202
"Os08g0130100",53.5801455186991,3.91295350665631,0.893251284741614,4.38057417156494,1.18366991494034e-05,0.000136467317802202
"Os02g0255700",3009.01711347138,-4.26626044143827,0.974107459246573,-4.37966099216407,1.18864079454383e-05,0.000136984139533836
"Os06g0103900",1837.54008746098,-0.535011196226257,0.122168610758648,-4.37928525915062,1.19069187218095e-05,0.000137164184388923
"Os03g0351100",6064.56068136748,1.28599661416136,0.293690765453252,4.37874378575264,1.1936536476234e-05,0.000137448948131342
"Os01g0606050",357.021152170845,1.00165676450723,0.228760515318095,4.37862610649572,1.19429826437459e-05,0.00013746676741132
"Os07g0629300",53.404791234648,3.6464910026119,0.832881917947113,4.37816084613743,1.19685009613752e-05,0.000137704007371099
"Os01g0182100",693.136201608605,-1.77119300559583,0.404673325347679,-4.37684644539911,1.20408738872796e-05,0.000138479919272475
"Os07g0524900",452.06673162163,1.38103392782143,0.315562378001889,4.37642134834326,1.20643696345834e-05,0.000138693298109659
"Os07g0661300",5898.94320381844,0.508696230640045,0.116283139282658,4.37463448078675,1.21636118489853e-05,0.000139776935178635
"Os12g0105300",2729.36989609027,-5.22369266957753,1.19497809662526,-4.37137106054895,1.23468756094853e-05,0.000141824815126229
"Os11g0514400",128.930658850681,5.74279159058711,1.31383999580431,4.370997692966,1.23680099877271e-05,0.000142009450194598
"Os02g0770800",2616.6769282398,-1.5644585663318,0.358063118906791,-4.36922565805793,1.24687871834147e-05,0.000143049511831964
"Os04g0111100",123.296178588705,4.28421174806188,0.980527845156712,4.3692912641121,1.2465042181379e-05,0.000143049511831964
"Os03g0281100",416.692898732413,-1.37749456643402,0.315315357407521,-4.36862504179811,1.25031222118212e-05,0.000143384804049091
"Os08g0489100",186.821589421253,-2.07542888519653,0.475347797386324,-4.36612706866039,1.26468924933587e-05,0.000144974304390781
"Os08g0539600",273.077642262271,-2.0783687365607,0.476053089103957,-4.36583394611025,1.26638661388685e-05,0.000145109600485475
"Os03g0595800",304.52450894621,0.933320416287909,0.213818422726465,4.36501403567967,1.27114596401998e-05,0.000145595502213586
"Os10g0254720",12.1810479165988,-7.47222136661921,1.71248436936293,-4.36338077024258,1.28067752002352e-05,0.000146627387053856
"Os05g0475400",4741.11396955433,1.58508634326984,0.363357994644865,4.36232686945298,1.28686412544099e-05,0.000147215577203934
"Os08g0345800",4295.90794162231,-2.29642717206186,0.526420896892553,-4.36234044966223,1.28678422589545e-05,0.000147215577203934
"Os02g0599500",1327.50799885966,-1.3154528375729,0.301588855899932,-4.36174219252111,1.29030858118212e-05,0.000147549467828576
"Os01g0135600",24.309592389529,7.49847418456873,1.71933727142322,4.36125843905058,1.29316512353328e-05,0.000147815884711164
"Os09g0407300",678.856947236409,-0.918242258717137,0.210634743826072,-4.35940549046058,1.30416261799295e-05,0.000149012261344129
"Os02g0816600",2105.50650674732,-2.23579554396977,0.512967643956407,-4.3585508176024,1.30926523160421e-05,0.000149534395316555
"Os12g0548501",1142.5375611414,2.91015106531877,0.667764119754742,4.35805246078153,1.31224933328979e-05,0.000149814242436038
"Os09g0539200",427.12530569819,-1.16903422694938,0.268316982008555,-4.35691478861413,1.31908591275913e-05,0.000150533505017676
"Os09g0363700",1546.10056287993,-0.571119608939516,0.131106702179662,-4.35614350330375,1.32374008715614e-05,0.000151003228966567
"Os02g0119800",3352.78067573562,-0.902702036850145,0.207230095957164,-4.3560373442897,1.3243819087239e-05,0.000151015055353962
"Os02g0610500",1571.89026199385,-2.26247281560425,0.519452716107927,-4.35549328253811,1.32767588713133e-05,0.000151329166306578
"Os12g0560400",910.883902369599,0.767902221688511,0.176351954644646,4.35437318081251,1.33448207945015e-05,0.00015204318357097
"Os02g0149600",111.998165954369,6.93086148764623,1.59276773694827,4.35145773414881,1.35235393243344e-05,0.000154016867093942
"Os01g0524500",1138.70202245244,-2.5528083577915,0.58696603190494,-4.34915858675266,1.36660862095768e-05,0.000155577164792351
"Os03g0116700",534.504813496117,3.6826495564122,0.84685593762712,4.34861396465016,1.37000620736547e-05,0.000155900706371005
"Os03g0259400",11.4281975139353,7.3947472437042,1.7005989535267,4.34831929560406,1.37184783677871e-05,0.00015604699633435
"Os01g0229600",859.356979420483,-1.04128567359801,0.239510683673552,-4.34755417849027,1.37664071564788e-05,0.000156528734856202
"Os01g0218100",6714.51597912276,0.986787947575952,0.226993329599132,4.34721121241143,1.37879431878569e-05,0.000156710110059798
"Os07g0619200",1332.08657623444,1.14970182235564,0.264491865626505,4.34683244277601,1.38117647905868e-05,0.000156917305082367
"Os07g0637000",957.391097322522,-1.09129663395842,0.251114473077436,-4.3458133678416,1.38760515614742e-05,0.000157583876535042
"Os10g0181200",3053.13259127332,-2.8986035957097,0.667048899085964,-4.34541395643043,1.39013255813641e-05,0.000157807038213689
"Os01g0739400",1673.91191796503,1.02216290335703,0.235288820249545,4.34429014635259,1.39726740042062e-05,0.000158533941148588
"Os04g0632000",64.2865372054227,-4.21119060069603,0.969376153321612,-4.34422755941147,1.39766577721334e-05,0.000158533941148588
"Os04g0481300",100.955374895384,-5.49736270890917,1.26568622100247,-4.34338512791508,1.40303855436398e-05,0.000159079062272977
"Os09g0424300",13091.0093717281,1.19064382256393,0.2741605925057,4.34287003716323,1.40633334799164e-05,0.000159388232679084
"Os07g0204400",1466.51979671093,-1.8978471880615,0.437177307820809,-4.34113837591816,1.41746416182334e-05,0.000160584898300713
"Os06g0694200",17.0685521935972,-7.12653567232352,1.64196495977591,-4.34024832862215,1.4232178705103e-05,0.000161171670227038
"Os11g0267000",3341.83557919252,-2.32558366191336,0.536131993815878,-4.33770729734146,1.43976718519535e-05,0.000162980019164792
"Os03g0271100",371.064653400828,-2.96784043194883,0.684364867520808,-4.33663469999589,1.4468077751221e-05,0.000163710966876921
"Os04g0423100",142.098299224037,-1.71915006644907,0.396462554442205,-4.33622304852419,1.44951858738273e-05,0.000163945082228507
"Os05g0204600",207.527298828723,-2.41586562314429,0.557146185999701,-4.33614315928494,1.45004523587469e-05,0.000163945082228507
"Os08g0144000",2120.34599122425,-0.689282891465441,0.159006774792721,-4.33492781904407,1.45807957936765e-05,0.000164787068691966
"Os08g0386200",587.526639363433,1.38914678018762,0.320532966330131,4.33386554928291,1.46513675940611e-05,0.000165517986080733
"Os06g0115300",1245.49166177002,1.56014741281934,0.360024449364089,4.33344850766394,1.46791626582422e-05,0.00016576525654551
"Os02g0139600",4153.83400137771,0.696412410057144,0.160724664031344,4.33295296807298,1.47122548396253e-05,0.000166072122007066
"Os11g0602900",2150.91093721832,0.910431866838557,0.210148209188613,4.33233226375687,1.47538058991106e-05,0.000166474186224706
"Os09g0398200",96.3225096362962,3.03997160158325,0.701734949889022,4.33207951529849,1.47707573732088e-05,0.000166598470018885
"Os06g0634700",20.40164762158,-7.3302445361843,1.69212527566756,-4.33197508576452,1.47777667317879e-05,0.000166610562485911
"Os11g0484700",1012.46809883198,-3.47461637609816,0.802539305762384,-4.32952797595054,1.49429287441021e-05,0.00016840500659317
"Os09g0249600",3240.89971581216,0.558448633404058,0.129002746875968,4.32896699433064,1.49810381226159e-05,0.000168766716899578
"Os04g0618050",205.833882340822,-0.923571031934118,0.213412002962906,-4.3276433336069,1.50713265123225e-05,0.000169715716127125
"Os10g0213700",190.324257155997,-3.40911682306231,0.787790875913566,-4.32743882582914,1.50853224072443e-05,0.000169805181464938
"Os06g0714951",17.1587126802487,-7.10952305388159,1.64298160146105,-4.32720795385616,1.51011374796168e-05,0.000169915044087012
"Os10g0127900",395.503440385299,1.1923844510963,0.275577060261003,4.32686396308524,1.5124730684669e-05,0.000170112301592458
"Os11g0654000",421.914977692044,-5.81577563658801,1.34415403426902,-4.32671813521043,1.5134743146869e-05,0.000170156715619967
"Os12g0477400",2069.79367652912,1.19329567229792,0.275828602462328,4.32622165230635,1.51688787966919e-05,0.000170472197353932
"Os01g0215000",33.6306829680228,-9.00084558564365,2.08114666438297,-4.32494534848762,1.5256968209825e-05,0.000171393531586914
"Os03g0838900",1606.4672870856,-0.698187230965789,0.161488906544046,-4.32343772651257,1.53616513644886e-05,0.00017250046442188
"Os08g0477500",10069.4386242881,1.05565279378396,0.244190145137023,4.32307697426363,1.53868018800327e-05,0.000172713773742991
"Os03g0203700",1827.6759913515,-1.31849195390919,0.305000053090242,-4.32292368657089,1.53975004974065e-05,0.000172764757680217
"Os02g0133300",3732.48638485708,0.552486095729481,0.12780658197977,4.32282975705377,1.54040597524761e-05,0.000172769274490002
"Os04g0452700",1055.10801561823,1.00456968566567,0.232440929658253,4.32182786027675,1.54741898294537e-05,0.000173486502195018
"Os02g0534400",4340.79899403845,1.17923284936381,0.272868376586936,4.32161785881445,1.54889279034847e-05,0.000173582386113254
"Os07g0114400",7164.18366572371,0.415971544091214,0.0962824343193724,4.32032641293033,1.55798572474448e-05,0.000174531718194729
"Os11g0551350",268.766334533467,-1.53785582492156,0.35596941528991,-4.32019088962767,1.5589428749366e-05,0.000174569253617203
"Os10g0158700",15.490878437669,-7.43277483211234,1.72112046912354,-4.31856744804005,1.57045229898076e-05,0.000175787923470276
"Os11g0220300",77.8351094339388,-4.82376712963437,1.11715015946718,-4.3179218914806,1.57505145794727e-05,0.000176232432268406
"Os07g0683600",9176.59384942945,-1.36406159190021,0.315991928910193,-4.31676086349624,1.58335533586155e-05,0.000177090942347337
"Os06g0184600",17.0983200460912,-7.77024063160531,1.80060555673721,-4.31534857955531,1.59351250330053e-05,0.000178155967600078
"Os08g0202300",51.7353997433507,-6.57798365251001,1.52437272193316,-4.31520687681162,1.59453505321268e-05,0.000178199293760471
"Os04g0331650",536.37755668926,0.750983907828832,0.174054565389945,4.31464642220878,1.59858551669156e-05,0.000178580839050154
"Os03g0130700",1187.77674521557,-0.757253285354007,0.175557695705897,-4.3134154974476,1.60751598993449e-05,0.000179507018342785
"Os10g0573900",3963.02047987219,0.553812806780548,0.128502783377326,4.30973393902586,1.63451072683013e-05,0.00018244884652469
"Os10g0499800",11.550468742408,6.66806185937868,1.54742237076066,4.30914143764181,1.63889535885063e-05,0.000182865533042014
"Os06g0274100",3068.68692136586,-0.791944736685154,0.183821658166121,-4.30822322345426,1.64571248788671e-05,0.000183480269507655
"Os07g0412100",1625.20177293605,-2.51933334401749,0.584766942359069,-4.30826909239087,1.64537130121192e-05,0.000183480269507655
"Os05g0278500",5085.88753138808,0.93221882526334,0.216420558961774,4.30744116795297,1.6515400332669e-05,0.000184056856288863
"Os06g0146100",626.564177779307,-1.5772302936193,0.366251130789298,-4.30641753984555,1.65919739829214e-05,0.000184836829658095
"Os03g0643522",19.777869813959,-8.03330908089172,1.86611430929706,-4.30483226074065,1.67112307212478e-05,0.000186091490674466
"Os01g0208600",5894.11014133208,-0.750463893497004,0.174340127216009,-4.30459645453379,1.67290394982683e-05,0.000186215908925191
"Os06g0104800",19.7824617640693,-6.68293975596228,1.55256098871464,-4.30446198541614,1.67392030971585e-05,0.000186255161503752
"Os04g0371000",42.5610949880545,-8.0859604298841,1.87914144295168,-4.30300787639647,1.68494857814695e-05,0.000187352699341266
"Os07g0410300",125.543177865215,1.4345446817855,0.333383579396628,4.30298542112304,1.68511942533446e-05,0.000187352699341266
"Os03g0595300",1239.57635148166,-3.24984296431663,0.755358316683802,-4.30238589095595,1.68968695937447e-05,0.000187786120609768
"Os03g0577300",235.418296493436,1.55609966553376,0.361704890129773,4.30212504170309,1.69167792647213e-05,0.000187932961095253
"Os02g0497600",19.2677203853243,-6.86474863348776,1.59570493149703,-4.30201630513702,1.69250853301905e-05,0.000187950828862606
"Os08g0504500",497.272086104028,-3.19168649730015,0.742020926487603,-4.30134297210212,1.69766058648202e-05,0.000188448383614947
"Os05g0476350",87.0756773092341,-2.60252782046979,0.605261983687648,-4.29983691460928,1.70923844053257e-05,0.000189658557209272
"Os04g0605200",192.424098677483,1.91361608632642,0.445214807229445,4.29818607838939,1.72201571464985e-05,0.000191000810215431
"Os05g0542732",362.711311385852,-1.19478205342268,0.278118595649711,-4.29594450752763,1.73951096788494e-05,0.00019286509988458
"Os07g0534350",9.69771978330551,-7.03385320652164,1.63742374071498,-4.29568292655283,1.74156358378395e-05,0.000193016418989515
"Os11g0501500",28.0397579254107,6.32898466259725,1.47437036115591,4.29266948749249,1.76537697393976e-05,0.000195578399694819
"Os03g0656800",683.520086220546,1.92614033835469,0.448760803495945,4.2921314057503,1.76966162335619e-05,0.000195975708266067
"Os08g0374400",165.657533580912,2.05611875522385,0.479079695649862,4.29180942939936,1.77223020016468e-05,0.000196182737187461
"Os10g0191300",22652.2149330485,1.54121551767245,0.359199753308727,4.29069202714011,1.78117189537284e-05,0.000197094817539245
"Os05g0125500",12179.6400833995,0.436631397738863,0.101784135459801,4.2897785177073,1.78851391379315e-05,0.000197829237086572
"Os01g0236300",3580.55564866054,-0.730100415979116,0.170208682865887,-4.28944283973095,1.79121904745575e-05,0.00019804776082599
"Os08g0517900",2018.89490575705,0.769061985051488,0.179295347463361,4.28935829028494,1.79190102179883e-05,0.00019804776082599
"Os02g0453000",187.613338284264,-1.32607357151829,0.309227856200284,-4.28833801654467,1.80015005981416e-05,0.000198881145584665
"Os10g0438700",319.903836815052,-1.02149111265113,0.238207321497825,-4.28824398103337,1.80091216666063e-05,0.000198887041404293
"Os07g0671500",1167.84795886403,-1.27665407897457,0.297794570874138,-4.28702939488492,1.81078339598313e-05,0.000199898519504636
"Os01g0164075",46.2011816987696,-3.78135432103702,0.882265147472177,-4.28596134832162,1.81950623701197e-05,0.000200782477479473
"Os02g0786900",374.039927400007,-2.1788901866995,0.508425088767314,-4.28556779521298,1.82273050513737e-05,0.000201059211616215
"Os09g0454600",651.483205412487,3.09756371546133,0.722923198055184,4.28477564946655,1.82923684028593e-05,0.000201697619693924
"Os04g0635100",1146.29628318753,-3.08177534177304,0.719398133636346,-4.28382448838944,1.83707849107493e-05,0.000202482704699704
"Os11g0544900",613.633518127426,0.892814650990551,0.208440079910971,4.28331562419229,1.84128685512154e-05,0.000202866869762154
"Os12g0228300",68.6298112633365,1.62195454117883,0.378698822908054,4.28296694646086,1.84417575965507e-05,0.000203105416669704
"Os01g0796000",18.677359767902,7.17613315402936,1.67630458027468,4.2809243847878,1.8611859488052e-05,0.000204898391900241
"Os11g0618300",46.925831996867,-9.17176679891702,2.14268536554204,-4.28050097621161,1.86473069318547e-05,0.000205208128283022
"Os01g0299500",3717.6022493411,-0.9016732285687,0.210712118885697,-4.27917119023335,1.87590542285215e-05,0.000206356950121823
"Os06g0286375",2303.17030429149,0.953145525857715,0.222762500863807,4.27875213360283,1.87944012336455e-05,0.000206664767797242
"Os02g0610800",1102.61036697997,-2.98525774767044,0.697917893779307,-4.27737671476644,1.89108627927052e-05,0.000207863937206774
"Os10g0506900",17.3694062481341,7.48241527661928,1.7493904979543,4.27715554952942,1.8929653665831e-05,0.000207989013770771
"Os08g0189100",20.3113666820874,6.80589000923454,1.59136348317564,4.27676648433145,1.89627530010729e-05,0.000208271144702978
"Os02g0148050",135.654584032088,-2.42205320709688,0.566358733389332,-4.27653546119486,1.89824331420936e-05,0.000208405727243126
"Os09g0371100",237.530192602729,-3.63529511789466,0.850472628239203,-4.2744410545241,1.91617389448096e-05,0.000210292029045462
"Os01g0971700",1580.16387459894,0.491828225398391,0.115072933974946,4.27405653448859,1.91948331616598e-05,0.000210572872628029
"Os05g0490400",393.925999817461,-0.833875555966565,0.195174289987812,-4.2724661942853,1.93322869310286e-05,0.000211997903813414
"Os07g0531400",387.825090571075,-3.22602803442377,0.755212912791369,-4.27168018420121,1.94005677795721e-05,0.000212663567589981
"Os01g0694800",43.7550461264157,-2.41390075735962,0.565228421041662,-4.27066415540647,1.94891707855869e-05,0.000213551390310481
"Os11g0416900",289.230173939433,-3.06437450049546,0.717641112045958,-4.2700654255427,1.95415634704449e-05,0.000214041902461992
"Os01g0599550",241.652413246601,2.42871940827955,0.568935038941089,4.2688870293521,1.96450727149125e-05,0.000215091701336666
"Os02g0745400",179.35181777643,1.86413780975317,0.436731626878701,4.26838290388097,1.96895139189226e-05,0.000215494204209363
"Os07g0484900",18.8097753426098,6.07191402025236,1.42266357289999,4.26799008276793,1.97242094326518e-05,0.00021578977196845
"Os06g0600700",926.904694938695,-0.69322634923539,0.162463765568811,-4.26695975443077,1.98154889485056e-05,0.00021670391694192
"Os04g0250200",2150.74547015979,0.690299721357707,0.161794544776283,4.26652037194579,1.98545372343647e-05,0.000217046366914976
"Os04g0182800",1887.90800847799,0.631164920680292,0.147937498215352,4.26642959556819,1.98626137345383e-05,0.000217050103823447
"Os02g0144200",69.719097812511,-2.89693440184046,0.679139865969762,-4.26559321135397,1.9937175352801e-05,0.000217727701105406
"Os06g0578700",36.2437714635142,-9.56029385089395,2.24127518935635,-4.26556002417511,1.99401393999321e-05,0.000217727701105406
"Os02g0705100",376.81199635261,2.13046536357279,0.49947954763455,4.26537057155255,1.99570680224384e-05,0.000217827787960197
"Os01g0249800",356.311826813656,1.85049804783803,0.433858494408885,4.26521105771885,1.99713320630542e-05,0.000217898724865251
"Os02g0208900",5790.14555976708,-0.537617328179386,0.126051470616011,-4.26506192710057,1.99846763966837e-05,0.000217959575998343
"Os12g0486800",14.4995848624718,-6.27337601907954,1.47208617473893,-4.26155487819327,2.03009487298023e-05,0.000221322930557775
"Os05g0295800",5574.42914532082,0.567678118942878,0.133213029501289,4.26143089056755,2.0312216933231e-05,0.000221359779254496
"Os03g0310800",4463.71845217014,0.663171783573951,0.155686964915314,4.25964873767488,2.04748414304297e-05,0.000223045419340341
"Os10g0473950",471.667982567717,0.991101607078789,0.232686451363181,4.2593868326775,2.04988449370004e-05,0.000223220250920491
"Os06g0174700",30.7488776248188,-8.59982465583461,2.01915493366251,-4.25912074029681,2.05232596541513e-05,0.000223399422969276
"Os02g0596000",1419.81151043146,-2.5905368386327,0.608292683003812,-4.25870129793501,2.05618008864377e-05,0.00022373216614006
"Os06g0295366",27.0399392651261,-3.63648990144276,0.854066018913569,-4.25785574055344,2.06397060703245e-05,0.000224492803002111
"Os07g0479300",8037.60196041731,0.675489049742549,0.158684350478957,4.2568094944695,2.07364906884679e-05,0.000225458117667488
"Os03g0839300",7824.26559041392,-2.00074227591708,0.470190589261205,-4.25517294818847,2.08887490115251e-05,0.000227025590535018
"Os05g0519700",801.735858982282,-1.28716210515279,0.302578245382942,-4.25398099431691,2.10003133537823e-05,0.000228149745773844
"Os12g0190000",18878.93242077,0.709309833261144,0.166773510661393,4.25313246958795,2.10800788658732e-05,0.000228927698581321
"Os08g0356700",942.618372050484,1.11461072213857,0.262100403240308,4.25260971886654,2.11293635106304e-05,0.000229374158156793
"Os01g0228200",128.463437125718,-4.86023068679473,1.14301760643094,-4.25210483150015,2.11770681320079e-05,0.000229803126806035
"Os05g0349400",13.967122329905,-7.39959282384311,1.74028887002672,-4.25193365957084,2.11932646875853e-05,0.000229889985954007
"Os10g0562600",184.889564888855,-1.2765807868505,0.30032487318084,-4.25066619800689,2.13135613570822e-05,0.000231105548223509
"Os02g0799600",227.890786405052,2.14812140150895,0.505498344097417,4.24951224191344,2.14236501318152e-05,0.000232209528775202
"Os11g0106100",272.700110369965,-1.92015977843094,0.451935738997055,-4.24874514835273,2.14971310522935e-05,0.00023291601991871
"Os04g0678700",3248.74541576949,-3.81368091010517,0.898067154236965,-4.24654313668273,2.17093998968114e-05,0.00023512511767824
"Os01g0933900",208.441191466299,2.46008463989332,0.579336140828356,4.2463855895056,2.17246633165835e-05,0.000235199653545512
"Os03g0804300",3106.76781751169,-0.508950059192066,0.119891264568686,-4.24509709713242,2.18498784640986e-05,0.000236464053011776
"Os02g0486400",290.953511076358,-1.77942882263988,0.419213467057309,-4.24468430160576,2.18901388457528e-05,0.000236808433419242
"Os04g0464200",9538.58001575596,0.907699689939731,0.213878389736051,4.24399908312349,2.19571248561835e-05,0.000237441555959238
"Os03g0730400",2090.2390397661,0.869873977834645,0.205016262899043,4.24295109828921,2.20599519293043e-05,0.000238461622126401
"Os12g0261300",100.863208848537,1.83954256183135,0.433681383028052,4.24169132875221,2.21841657557109e-05,0.00023971199824288
"Os06g0702400",164.029838373932,1.29110362901512,0.304435696062553,4.24097320292504,2.22552708793904e-05,0.000240387764209952
"Os09g0531600",213.063903697512,2.76751815496287,0.652647419344301,4.24044908925454,2.23073027900899e-05,0.000240857072295307
"Os03g0771100",1410.82181183071,0.723112627410962,0.170582958487806,4.23906721879637,2.24450450062706e-05,0.000242251097294602
"Os07g0118900",1041.41286066117,0.567313695956106,0.133883609735336,4.23736480572628,2.26158513578633e-05,0.000244000776933626
"Os06g0535300",5474.35425254874,-0.740554803396029,0.174788940450096,-4.23685160793949,2.26675836635381e-05,0.000244464924199156
"Os05g0472000",446.547347152147,-1.87561383640146,0.442777775464199,-4.23601621475943,2.27520354472776e-05,0.00024528145167941
"Os01g0226500",1099.37708764081,-0.70432372412924,0.166279829993848,-4.23577366031285,2.27766118615618e-05,0.000245452105245448
"Os03g0726200",1973.78194378344,0.916407913648151,0.216426432709209,4.23426982636377,2.29295500788247e-05,0.000247005387451815
"Os04g0382300",7643.97647107804,0.640122212661217,0.151218989936053,4.23308086459188,2.30511574033653e-05,0.000248220099406461
"Os12g0485900",1202.51062948602,-1.44683559074341,0.342245715993033,-4.22747611769336,2.36327249717492e-05,0.000254384936002004
"Os09g0560400",1531.04084596344,-0.631697162994663,0.149501436956684,-4.22535847048539,2.38560719344909e-05,0.000256690602233775
"Os08g0512400",4363.64314349049,0.539798879946746,0.127758784710917,4.22514100434005,2.38791213283573e-05,0.00025684013135928
"Os05g0272200",215.734560756972,-1.50503373998212,0.356459268035004,-4.2221759256778,2.41955138252855e-05,0.000260073826627293
"Os06g0591200",614.024055752888,-3.44655343475317,0.816302942766599,-4.22214995706395,2.41983023777301e-05,0.000260073826627293
"Os09g0356800",31.1157039907583,-7.39630525626325,1.75203161358627,-4.22155924522594,2.42618166314734e-05,0.00026065662263109
"Os10g0100500",1153.02927320009,1.14072348432605,0.270287043406472,4.22041497050439,2.4385302292681e-05,0.00026188302829591
"Os08g0230300",1501.40971846995,-1.85884041106625,0.440459346882532,-4.22023150200509,2.44051570338321e-05,0.000261995989549884
"Os02g0581600",17.7702067213061,-7.21502773277204,1.70966738766582,-4.22013532270893,2.44155715855692e-05,0.000262007560166059
"Os02g0776400",376.966554205451,1.5623967269078,0.370335785450614,4.21886511725223,2.4553510087287e-05,0.000263387079537251
"Os11g0610900",1356.39458113192,-0.462260000680191,0.109573162836657,-4.21873375480902,2.45678176726639e-05,0.000263439854616085
"Os06g0480500",28.3498346163315,-8.4281643786273,1.99802617285425,-4.2182452327876,2.46210955848007e-05,0.00026391030721951
"Os08g0290100",1173.72238769584,1.02944859028495,0.244151019731427,4.21644190311953,2.48187189190077e-05,0.000265927029517065
"Os08g0225050",13.5217772233854,-7.49004254061569,1.7770282799832,-4.21492591028798,2.49860201505859e-05,0.000267617441780818
"Os08g0197400",204.002688453163,1.67541865809611,0.397519498998952,4.21468295848433,2.50129312506236e-05,0.000267803463088516
"Os03g0721900",633.121027671237,1.42484384000915,0.338216789466494,4.21281226829903,2.5221067855767e-05,0.000269928911582202
"Os06g0147250",43.4271167650651,6.38041880377007,1.51466538788745,4.21242794269502,2.52640321787474e-05,0.000270285654212738
"Os05g0467400",147.47124790035,2.10347217580328,0.499451264135598,4.21156642669383,2.53605953995378e-05,0.00027121533083149
"Os06g0142000",451.043329140903,1.17847989911037,0.279844091843181,4.21120164212995,2.54015880674725e-05,0.000271398459616812
"Os11g0183800",2850.08140649169,-0.734876626642666,0.174507105671075,-4.21115589429248,2.54067334264616e-05,0.000271398459616812
"Os11g0501000",93.1483540940794,2.6672222554893,0.63335457286854,4.21126233194959,2.53947636807976e-05,0.000271398459616812
"Os11g0592600",1106.86537760099,1.32721528405426,0.315285673554942,4.20956419963364,2.55863733424136e-05,0.000273213397539883
"Os09g0562700",505.574631213818,-1.21711016745575,0.28919196513336,-4.20865831073308,2.56891514522377e-05,0.000274206530259679
"Os06g0226050",557.888954660871,2.29755775142389,0.545935720400005,4.20847668612062,2.5709804971785e-05,0.000274322641489821
"Os03g0711400",7324.59373057872,-0.601411169139,0.142913085166973,-4.20823025712683,2.57378530016201e-05,0.000274517533611351
"Os02g0812700",241.823496240118,-2.04016723698337,0.484824401662296,-4.20805394693077,2.57579381146205e-05,0.000274627378181034
"Os01g0676900",1003.44498471376,0.829287815569162,0.197129040523222,4.20682723036674,2.58980979200473e-05,0.000276016871945449
"Os07g0601100",526.670142064156,-1.68169093281908,0.399767220617794,-4.20667540029977,2.59154957858361e-05,0.000276097434602177
"Os01g0551100",463.918397588068,-1.91600507582422,0.455735557997041,-4.20420360492621,2.62003015750062e-05,0.000279025754382476
"Os11g0629500",2938.38042456715,-0.568858574506563,0.135349120686969,-4.20289819113197,2.63519129323652e-05,0.00028053390770411
"Os01g0963800",92.3653258284775,2.46455720944315,0.586645424618091,4.20110190247812,2.65618991557042e-05,0.000282662121390736
"Os09g0124100",100.437854674127,-8.49281651796993,2.02187261814607,-4.200470614097,2.6636073949735e-05,0.000283236645387443
"Os12g0298600",2838.89790339166,-0.837477004177424,0.199376711082328,-4.20047557024655,2.66354908482493e-05,0.000283236645387443
"Os06g0288100",1057.61252040068,-1.17119018212513,0.278844124529004,-4.20016087519645,2.66725394823226e-05,0.000283516970815507
"Os02g0504200",248.820398545201,-1.83593713679612,0.437139275933264,-4.19989060208903,2.67043974919825e-05,0.000283745162868736
"Os05g0118900",322.347771046871,-3.86326175539193,0.919866443044243,-4.19980724876396,2.67142299301262e-05,0.000283745162868736
"Os08g0300501",10247.2416022986,-1.95635852173113,0.465916687657717,-4.19894494778937,2.68161500127499e-05,0.000284719940089969
"Os06g0602400",377.801912833174,1.33920518613817,0.318980259355941,4.1983951885994,2.68813219724779e-05,0.00028530395506493
"Os05g0455200",2637.53665879644,-0.889030109310046,0.211780295536661,-4.19788869902746,2.69414977526613e-05,0.000285834521714624
"Os01g0618500",2281.67634138741,-0.613270578078316,0.146188520885069,-4.1950665781786,2.7279144798959e-05,0.000289307392799844
"Os04g0444300",2483.76118636404,-1.02772688743703,0.245001276840005,-4.19478176070148,2.73134438652752e-05,0.000289561715809352
"Os02g0580900",1011.60676325805,-1.27426166356805,0.303850615595418,-4.19371098219116,2.74427592999151e-05,0.000290712990363993
"Os03g0847900",824.935235439093,-1.01942262164048,0.243082440579646,-4.1937320491336,2.74402094896415e-05,0.000290712990363993
"Os05g0567100",36056.9924561578,0.600678302843498,0.143239305876592,4.19352983573525,2.74646934269177e-05,0.000290835557338175
"Os11g0104150",1117.44811073483,-1.80565730182419,0.430596419557363,-4.1933867069316,2.74820359723066e-05,0.000290909427934692
"Os09g0520500",207.109721240734,-1.732419746312,0.413157519274667,-4.19312166786509,2.75141775636112e-05,0.00029113983815613
"Os07g0283200",1656.77888311064,-0.837959846665167,0.199969489960293,-4.19043848554875,2.78415889989523e-05,0.000294493279490614
"Os01g0976500",1136.6623209133,1.81789531191554,0.433858057779585,4.19006926186695,2.78869318670871e-05,0.000294841071684402
"Os06g0128100",1430.29001470821,-1.0932777274324,0.260925490984727,-4.18999969419006,2.78954830490374e-05,0.000294841071684402
"Os06g0142350",259.53310981878,-3.54251493796613,0.845521780869149,-4.18973823988853,2.79276430188637e-05,0.000295069848793431
"Os08g0453700",2190.33317048469,0.636395928317996,0.151976688717116,4.18745752187405,2.82096796610262e-05,0.000297937535057477
"Os10g0452300",22.6225285840152,-7.38425400355872,1.76351798013737,-4.18722921270329,2.82380613007337e-05,0.000298125085109552
"Os07g0556200",6529.81623410616,-3.70844034273988,0.885677068811134,-4.18712471320705,2.82510609285176e-05,0.000298150158622062
"Os04g0154599",20.8149581497874,8.39747413971695,2.00649123367538,4.18515366465614,2.84973256069357e-05,0.000300636071872868
"Os12g0580700",852.208221028722,0.949088627579801,0.226941277464621,4.18208903282375,2.88842809565725e-05,0.000304603792635602
"Os01g0153300",5178.18836197023,1.48189871609788,0.35440583393108,4.18136095464518,2.89769431692706e-05,0.000305466183026323
"Os12g0143300",693.140293544028,-0.80232217235264,0.191900757801849,-4.18092237645615,2.90328971371672e-05,0.000305941103816443
"Os01g0923000",2261.24076844729,0.910890423816037,0.217933032265645,4.17968040157274,2.91919065138433e-05,0.000307501231453255
"Os01g0513100",2072.17886807317,-0.625233197989559,0.149623989563484,-4.17869620916823,2.93184996834864e-05,0.000308718851076171
"Os08g0130400",622.865957047826,-2.39408851703185,0.572982752731205,-4.17829071751302,2.93708082692761e-05,0.000309153646531292
"Os06g0345200",1402.81623129263,-1.19168444627515,0.285234446615788,-4.17791210148033,2.9419729962181e-05,0.000309552479264613
"Os10g0531400",2265.18311172831,-1.24750806787887,0.298771753470496,-4.17545518740633,2.97390795309211e-05,0.000312795370988272
"Os07g0239000",36.5710726545564,-9.49193966369475,2.2737497421068,-4.17457536681225,2.98542376566873e-05,0.000313888953586346
"Os04g0206200",5539.8867649793,-2.38157242092845,0.570528347180105,-4.17432794128393,2.98866990116345e-05,0.000314112564668347
"Os08g0430100",2307.77899567484,0.598636627009862,0.143423101382414,4.17392052772376,2.99402233388733e-05,0.000314557299638885
"Os06g0590700",204.399160848265,-1.37204341191153,0.32876936017688,-4.17327031683659,3.00258341516955e-05,0.000315338681873083
"Os08g0357700",200.378041293095,-2.06988222363375,0.496011262029533,-4.17305489227078,3.00542495644824e-05,0.000315519024047327
"Os01g0527700",4885.83655373276,0.37556010163739,0.0900487572270316,4.17063059171961,3.03757922615848e-05,0.000318775423502091
"Os01g0710250",112.393168264779,-5.50661063363548,1.32089141927675,-4.16885941817278,3.06127725560119e-05,0.00032114228914647
"Os12g0498650",369.780097987291,-1.07792857622404,0.25872707633583,-4.1662766475391,3.0961494475541e-05,0.000324679169645976
"Os01g0662700",1315.50703159272,-2.56118384012209,0.615070372113657,-4.16405009287103,3.12651473021122e-05,0.000327740965107162
"Os06g0196300",923.454202442055,-3.64212623543255,0.875035040811095,-4.16226329868637,3.15108709684458e-05,0.000330193450752997
"Os04g0657300",76.4880741504644,-8.7880240925632,2.11191316201751,-4.1611673484567,3.16624950911749e-05,0.000331658431223796
"Os02g0164300",2958.63013804583,-0.766487707506803,0.184218481756371,-4.16075358019985,3.17199197668575e-05,0.000332012080752538
"Os09g0332600",119.659714297858,-1.47253550452942,0.353908196120967,-4.16078384357648,3.17157163233188e-05,0.000332012080752538
"Os02g0155900",105.100272161808,-3.15863285102624,0.759330719761152,-4.15975907312138,3.18583470923894e-05,0.000333336665215
"Os02g0190000",614.28798633316,-0.96762117565298,0.232670350146029,-4.15876442806606,3.19973675901892e-05,0.000334666466386839
"Os01g0327000",996.742648682848,-1.67336644079721,0.402393701519599,-4.15853040064472,3.20301610171827e-05,0.000334884641752676
"Os08g0547600",137.378685081297,1.79777495029284,0.432338186279798,4.15826084150099,3.20679729497244e-05,0.000335155104996338
"Os07g0658000",104.449521595112,-2.22366001925325,0.534784893802342,-4.15804568345778,3.20981842949451e-05,0.000335345959674143
"Os02g0290500",1709.32006892878,0.704978139708315,0.169584289609971,4.15709580958061,3.22318840293117e-05,0.000336367099156023
"Os03g0648250",51.1321716437344,-5.26269394813752,1.26592920933089,-4.15717870268523,3.22201953507456e-05,0.000336367099156023
"Os10g0580400",138.607015950016,2.10560605971985,0.506490534085015,4.15724661769577,3.22106217206216e-05,0.000336367099156023
"Os03g0841700",1549.79291892384,1.06097047596765,0.255240105260515,4.15675457775238,3.2280043247485e-05,0.000336744451156477
"Os02g0663100",2344.3729311134,-0.594105747974186,0.142955715454823,-4.15587264968034,3.24048296539827e-05,0.000337920598197719
"Os02g0195300",3146.5762508197,-0.56987058381776,0.137148425894056,-4.15513761899078,3.25091811619692e-05,0.00033888285355393
"Os02g0125300",8553.74283399339,0.687948415080499,0.165585645027796,4.15463801203912,3.25802919750757e-05,0.000339498014632222
"Os01g0878101",87.2716365273162,1.55409671273844,0.374095855349759,4.15427407311275,3.26321856846536e-05,0.000339912544425668
"Os03g0699700",6206.19339063687,2.16153611981966,0.520392357822744,4.15366614694969,3.27190444811552e-05,0.00034069084461231
"Os11g0579200",16.1138307726162,-6.97463562186377,1.67966929301419,-4.15238621725809,3.29026358061772e-05,0.000342475432489965
"Os03g0219400",440.557575229801,1.42855258879271,0.344101559295155,4.15154349116842,3.3024049092294e-05,0.000343611741055972
"Os01g0735450",34.7182814756185,-7.09512930288099,1.70916638913756,-4.1512221091951,3.30704632614852e-05,0.000343839696199999
"Os10g0503800",1332.42346591673,-1.24018690319345,0.298751957565791,-4.15122603144898,3.30698964339865e-05,0.000343839696199999
"Os06g0664100",183.914280290162,-3.2431735051597,0.781385809432662,-4.15054057292704,3.31690962479878e-05,0.000344737473670753
"Os07g0190000",1056.44834162746,4.59565578316099,1.10729939969644,4.15032807244442,3.3199906752361e-05,0.000344929945681139
"Os06g0613600",260.436478111788,-2.34029159912714,0.563920512551395,-4.15003807635717,3.32419972345278e-05,0.000345239425016773
"Os09g0292400",11.8736226654744,7.24045258548829,1.74496445862477,4.14934100789342,3.33433782894862e-05,0.000346164218113046
"Os10g0503300",358.503137548755,1.91265321663314,0.461005514363686,4.14887275106269,3.34116460109029e-05,0.000346744678386819
"Os10g0463600",826.890576388593,-1.19501566929302,0.288040180907517,-4.14878113715916,3.34250180309988e-05,0.000346755214782214
"Os03g0583800",6201.55248809831,-1.97106709686694,0.475123396826186,-4.14853722219032,3.34606447948205e-05,0.000346996531497507
"Os03g0299600",7550.18400287889,-0.741290058776241,0.178725990537623,-4.14763435662815,3.3592833472966e-05,0.000348238674886728
"Os02g0319300",2427.7521063958,0.699742271944865,0.168771660281533,4.14608869035005,3.38202869305581e-05,0.000350467094477593
"Os06g0270950",12.3018865206112,-7.44843755648632,1.79721596190659,-4.14443100571208,3.40658498699691e-05,0.000352881461443734
"Os04g0303250",74.6106033941018,2.10407089391672,0.507703136955771,4.14429366446877,3.40862708542359e-05,0.000352962705797627
"Os02g0575700",801.487079450247,1.90004635150851,0.458547810911454,4.14361666612648,3.41871023589413e-05,0.00035387623253287
"Os07g0273600",300.037090373427,-6.27228949925781,1.51383831382208,-4.14330212281507,3.42340464761145e-05,0.000354231494178734
"Os01g0310500",2793.38476809705,-1.49271700978422,0.360286191926496,-4.14314243297105,3.4257902863122e-05,0.000354347685272734
"Os04g0490800",1288.11818797695,-2.49308602253542,0.601774714054999,-4.1428892977839,3.42957515929666e-05,0.0003546084676499
"Os10g0578800",833.107818689197,-2.78069663165532,0.671505503468039,-4.14098859546826,3.45812156071004e-05,0.000357428387611953
"Os02g0721700",1701.16086439131,-0.762622266666822,0.184184375225549,-4.14053725096348,3.46493332454919e-05,0.000358000585248525
"Os02g0734800",566.885119779975,-1.28372440298518,0.310060803753853,-4.14023439094314,3.4695112788611e-05,0.00035834164706441
"Os07g0654700",45.2208868895678,-8.40873001545392,2.03155402341828,-4.13906296289647,3.48727242034184e-05,0.00036004355651079
"Os12g0105800",6944.87823505665,0.888052929886782,0.214617928797422,4.13783198292355,3.50602951318087e-05,0.000361847003305927
"Os01g0120400",1263.70257579481,1.53529318016499,0.371087835255944,4.13727703875303,3.51451678739302e-05,0.000362589595911113
"Os11g0226700",2645.39338153909,1.43446368361528,0.346869784832743,4.13545297497433,3.54255155578283e-05,0.000365347599259014
"Os08g0524000",3961.02496519631,-0.67911719703068,0.164224867414606,-4.13528844761472,3.54509065725618e-05,0.000365475143364889
"Os09g0392700",126.337616881879,1.77829159419531,0.430052651222957,4.13505553131301,3.54868813994378e-05,0.000365711665747714
"Os07g0120900",626.090272096094,-1.39883615102025,0.33832491671742,-4.13459394180122,3.55582781431279e-05,0.00036631292263306
"Os04g0480700",92.791015065511,-6.00260582383848,1.45187046776833,-4.13439487688258,3.55891107544289e-05,0.000366496009537903
"Os04g0566600",29.2570182359613,6.68653158224718,1.61766785071119,4.13343912306073,3.57374986897055e-05,0.000367889100598135
"Os05g0332600",403.062995958962,1.3948460272128,0.337667098341664,4.13083191718444,3.61452799411429e-05,0.000371950438470243
"Os04g0502200",6387.6026998885,-0.650216870602896,0.157445821734327,-4.12978168261632,3.63107874145202e-05,0.000373516611593206
"Os01g0682200",2246.52054201008,-0.553933381853954,0.134167516692861,-4.12866985622184,3.64867851922068e-05,0.000375082255321342
"Os12g0210200",3871.6709312268,0.938524255958712,0.227319813665158,4.12865135170821,3.64897212254031e-05,0.000375082255321342
"Os10g0572300",5891.98328469816,-2.08755716359742,0.50602682360739,-4.1253883513833,3.70109697837789e-05,0.000380300927891763
"Os04g0597600",34.2246355963378,3.78439248312359,0.917408507320973,4.12508980778347,3.70590120533387e-05,0.000380655196281402
"Os02g0254550",200.020802691204,1.18235929836688,0.286652954278098,4.12470648120309,3.71207845970548e-05,0.000381150185643086
"Os10g0126000",420.127598166727,-1.48382366648693,0.359786056885964,-4.12418335310096,3.72052437096645e-05,0.00038187766970761
"Os11g0305300",288.010210378649,-2.9165924647929,0.707238060913565,-4.12391898284636,3.72479956915862e-05,0.000382037008441992
"Os12g0284800",30.2517884900043,-5.93133238091342,1.43826965699075,-4.12393625359751,3.72452013715113e-05,0.000382037008441992
"Os02g0102900",10545.4964540362,0.580639555239854,0.140832588071715,4.12290623349321,3.74122018800675e-05,0.000383581004442256
"Os07g0198300",736.03196856962,-1.21946139410718,0.295910738872852,-4.12104474055997,3.77158165530405e-05,0.000386552682290512
"Os12g0588200",307.397818079494,-3.36920536114574,0.817727957545995,-4.12020321679687,3.78538378036503e-05,0.000387825628494354
"Os06g0329200",1015.86509620439,-0.769858971686378,0.186953151610034,-4.11792454449887,3.82299817782074e-05,0.000391536404620459
"Os02g0290400",2197.5786087342,0.416728606224594,0.101219457979582,4.11708000164018,3.83702908158285e-05,0.000392830025856906
"Os06g0556000",2321.49204150046,0.6374605766148,0.154856724178197,4.1164539673541,3.84746130092795e-05,0.000393754409287528
"Os03g0760800",832.880433786071,-1.65353176818576,0.401733299270507,-4.11599379784636,3.85514671583588e-05,0.000394397109514351
"Os01g0213800",584.708250686259,1.38158573791718,0.335697551288157,4.1155669221169,3.86228910907497e-05,0.000394983808232004
"Os10g0376900",1637.56294661697,-1.2380863224018,0.300992812032591,-4.11334182381652,3.89972279900848e-05,0.000398666743846178
"Os12g0640550",29.1435779338739,-5.5557209215303,1.35080410119392,-4.11289906258045,3.90721250637962e-05,0.000399286953219319
"Os10g0416000",75.8231968230159,-2.50658741138276,0.609487056349399,-4.11261795516428,3.91197477649629e-05,0.000399537527301927
"Os11g0649600",6118.03233932487,0.70097522159901,0.170446326671412,4.11258626271458,3.91251202703191e-05,0.000399537527301927
"Os06g0535200",426.086800209166,-2.04314267037142,0.496910944276267,-4.11168780624703,3.9277718302148e-05,0.000400949920332804
"Os01g0292900",5489.09913466608,-0.967956923698363,0.235425564994333,-4.11152002001848,3.93062784209092e-05,0.000401095558199111
"Os02g0327700",6321.46416982317,-0.465643126213976,0.113270188978385,-4.11090623591026,3.94109231138589e-05,0.000402017202624903
"Os10g0530400",237.330443274213,1.76636660216406,0.429712209055297,4.11058044184349,3.94665754514645e-05,0.000402438604767077
"Os07g0673550",2426.64642628604,-3.76322318966313,0.915733819148062,-4.10951644568962,3.96488479161009e-05,0.000404150370585406
"Os03g0835900",14775.5451812865,0.803531218486586,0.195573615314382,4.10858702588751,3.98087196670303e-05,0.000405632640267322
"Os05g0480000",331.164765987931,-2.85784494284146,0.695691754420634,-4.10791837718625,3.99241137298752e-05,0.000406660791102634
"Os12g0629700",342.652328190257,2.59017859809212,0.630592032904869,4.10753460705849,3.999048732439e-05,0.00040718906215422
"Os11g0113700",5764.50980637958,1.14410779510142,0.278571827412843,4.10704774322301,4.00748418254918e-05,0.00040789996782987
"Os10g0119100",45.3611916724837,-2.65397387246815,0.646815044334059,-4.10314184204017,4.07577198029402e-05,0.000414700193295906
"Os01g0190000",1477.9954761062,1.24828607483775,0.304238095567344,4.10299069388382,4.07843660432847e-05,0.000414820906091575
"Os11g0660300",891.673993683193,1.15180801392561,0.280878715043998,4.10073085724986,4.11847340682225e-05,0.000418741307037123
"Os04g0513900",107.499063592609,-2.50299878188291,0.610565028251513,-4.09947944291995,4.14080446379107e-05,0.000420734026417144
"Os08g0158200",26.154155359366,-7.19640386920937,1.75544971858203,-4.09946453779508,4.14107113165189e-05,0.000420734026417144
"Os03g0563300",1770.49218441223,-2.47850448062746,0.604615784274169,-4.09930495546501,4.14392724338152e-05,0.000420837387907546
"Os06g0134500",115.96358934275,-3.0369440306079,0.74085536023133,-4.09924014001818,4.14508780620218e-05,0.000420837387907546
"Os06g0254901",13.8882608351331,-7.481589033318,1.82521497443315,-4.09901799958743,4.14906771559428e-05,0.00042096116389373
"Os10g0507700",25.8791068001921,-3.28997650454831,0.802628148312204,-4.09900464052574,4.14930717457792e-05,0.00042096116389373
"Os10g0378100",349.278603524714,-7.91683406492811,1.93152716618679,-4.09874331747428,4.15399398522003e-05,0.000421284348439626
"Os02g0153100",388.900693763727,-1.96966480493822,0.480631604489971,-4.09807592038888,4.16598651123257e-05,0.000422347953317226
"Os01g0662600",8794.31970205428,0.551570094951966,0.134604712463503,4.0977027093425,4.17270709199749e-05,0.000422876512876973
"Os06g0726200",421.952507915206,3.09103431900839,0.754403340793432,4.09732321142354,4.17955143047592e-05,0.00042337982084059
"Os12g0611900",306.551428874686,-1.00272469731592,0.244730545731195,-4.09726008790619,4.18069091137223e-05,0.00042337982084059
"Os06g0283400",3534.35016177457,-1.00984418342308,0.246543883588946,-4.09600176943249,4.20346717570487e-05,0.000425532813436616
"Os12g0111000",13.7049802335478,-7.1550878395562,1.74701843917802,-4.09559949631826,4.21077334261807e-05,0.000426118721747379
"Os05g0173800",10.5546393461349,-7.18842416421618,1.75561281845611,-4.09453843617848,4.23010237961924e-05,0.000427920450529471
"Os01g0281000",6268.92462016843,-0.989687638305865,0.241725495927033,-4.09426252084146,4.23514242614271e-05,0.000428275916260961
"Os01g0122000",27.1002401073585,-4.9974273261961,1.22103687380781,-4.09277347260742,4.26244082143721e-05,0.000430881175544564
"Os01g0264600",141.261195353966,-2.20483086419607,0.53876158882833,-4.09240545338619,4.26921331831747e-05,0.000431410385807075
"Os06g0638100",1106.68279469429,0.785751832185581,0.192027140473519,4.09187904505581,4.27891832714579e-05,0.000432235443111465
"Os03g0190400",78.7522173019717,-7.57266198069682,1.85079088428126,-4.09158162870334,4.28441082609397e-05,0.000432503902047219
"Os05g0490900",788.250235380024,-2.74000949401204,0.669679415145178,-4.09152414132072,4.28547323812174e-05,0.000432503902047219
"Os05g0495700",661.413573780654,1.25391331145776,0.306469010637042,4.09148484165272,4.28619967070528e-05,0.000432503902047219
"Os01g0291500",10711.0218916923,1.1713566688951,0.286315348859658,4.09114172034577,4.29254704212864e-05,0.000432988695529166
"Os04g0176200",275.391984236013,-1.33003355553998,0.32527154305589,-4.08899451530393,4.33247095823659e-05,0.000436858785591215
"Os03g0128800",463.903704388334,-3.13286125288275,0.766515585894107,-4.08714618532955,4.36711962574651e-05,0.000440194364000354
"Os05g0218980",66.0163459283098,-5.28523810183238,1.29342311836463,-4.08624063292985,4.38419082865711e-05,0.000441756420228998
"Os12g0630200",41.7679714019244,6.12122672709633,1.49824908625971,4.08558682480336,4.39655555212791e-05,0.000442843294701412
"Os04g0469000",359.279646770967,-2.46131467119963,0.602518193296414,-4.08504622529924,4.40680426563321e-05,0.000443716330470754
"Os06g0167400",3002.31313416438,-1.08409973177504,0.265398813335729,-4.08479494745764,4.41157571467758e-05,0.000443878227699112
"Os11g0294800",40.7722407288362,-5.9590724070261,1.45883745452459,-4.08480902964482,4.41130818215257e-05,0.000443878227699112
"Os01g0839200",142.717624474579,2.65384308879027,0.649792693515115,4.08413808784776,4.42407180798989e-05,0.00044465724597354
"Os07g0497500",48.3338180928331,-4.2964385735392,1.05195353911573,-4.08424746320143,4.42198872478628e-05,0.00044465724597354
"Os12g0567500",300.779172064074,-2.92806747967395,0.716927746040352,-4.08418769652297,4.42312688203398e-05,0.00044465724597354
"Os10g0112100",1126.74790619626,-3.27832713829524,0.802963351252883,-4.08278551341102,4.44990899820483e-05,0.000447093971742298
"Os02g0130900",925.12201476653,-0.829719908557169,0.203229463870432,-4.08267528120899,4.45202097454081e-05,0.000447146072253272
"Os04g0566700",52.5186840831853,1.92113603776892,0.470656225612781,4.08182434061645,4.46835646163637e-05,0.000448626186141108
"Os01g0309451",12.3902547412168,-6.70310520682403,1.64231351696818,-4.08150157541078,4.47456743603352e-05,0.000449003222457803
"Os04g0610000",2188.22117077659,-0.739888215279163,0.181280151264381,-4.08146291868492,4.47531185665482e-05,0.000449003222457803
"Os08g0409500",394.394544056296,-1.13601602486236,0.278372626687392,-4.08091858161791,4.48580674926268e-05,0.000449895314502536
"Os12g0573600",292.569066821162,-1.24468565866146,0.305057973311426,-4.08016104332664,4.50045104239981e-05,0.000451202776533846
"Os09g0380200",773.979558655364,-0.57662384839739,0.141477582999038,-4.07572589363017,4.58710275885178e-05,0.000459725991496067
"Os09g0439050",722.583183561301,-0.818587953342227,0.200887793418923,-4.07485163439064,4.60436923833475e-05,0.000461291715694929
"Os05g0375400",11308.5468053818,2.0804899442266,0.510677704457787,4.07397841351927,4.62167672151672e-05,0.000462860428833698
"Os08g0243500",5271.65954496825,0.614263946606942,0.15082189131575,4.07277710979609,4.64558773716041e-05,0.000465089129790208
"Os06g0213200",657.152661407697,0.877547755307895,0.215490322894449,4.07233022588087,4.65451251234286e-05,0.000465816441231688
"Os10g0566300",1939.8844542464,-0.53403726630447,0.131150622092604,-4.07193849166336,4.66234925607918e-05,0.000466434384399622
"Os03g0737000",43884.6817926654,-0.42146696537626,0.103556267505552,-4.06993198507916,4.70268649396393e-05,0.000470302168188225
"Os08g0385400",787.88637496569,-0.987502811002694,0.242647673988297,-4.06969823683667,4.70740704717967e-05,0.000470606542778611
"Os01g0908800",511.09899700343,-0.973885140083111,0.239361433600836,-4.06868026077744,4.72801754632488e-05,0.000472498676584647
"Os06g0658000",40.4658596578509,2.8582045639003,0.702729471143393,4.0672900188031,4.7563033949203e-05,0.000474987138321186
"Os10g0145100",169.900463832176,-2.02455398019255,0.497759229469984,-4.0673358931954,4.75536748069557e-05,0.000474987138321186
"Os08g0527700",12.4235810442828,6.4591870643497,1.58856809173397,4.06604356335731,4.78180010948416e-05,0.000477363481580735
"Os02g0465900",42239.6782680973,-1.71873138604376,0.422750628707809,-4.06559155523265,4.79107808073225e-05,0.000477953609628995
"Os12g0633800",16.4410288836548,4.91964909543952,1.21007026250395,4.06558961729999,4.79111789568228e-05,0.000477953609628995
"Os03g0421250",30.0188148145555,-6.99910103436877,1.72186020385392,-4.06484859729214,4.80636521369378e-05,0.000479304266619314
"Os05g0104650",924.636462804009,0.643826814295315,0.158393464239258,4.06473093689518,4.80879043650276e-05,0.000479375762803341
"Os11g0605500",4640.15034166492,0.953054012655898,0.234512035569912,4.0639876343224,4.82413826782896e-05,0.000480734971845939
"Os06g0589300",5658.18389186581,-1.88132548083732,0.462973460824018,-4.06357089559488,4.83276346187862e-05,0.000481423529525161
"Os01g0229200",10829.9257996781,-0.736838055797473,0.181354078468614,-4.06298034220937,4.84501111969438e-05,0.000482472328037132
"Os07g0208050",33.5000211318596,2.60288232667658,0.640719616135068,4.06243583172561,4.85632994981327e-05,0.000483427921431926
"Os02g0800433",331.579296503581,-11.3781481590445,2.80116421074337,-4.06193543220551,4.86675393856105e-05,0.000484293790864895
"Os01g0513400",2788.84267637244,0.47916208412855,0.117998838114179,4.0607356122007,4.89183425867285e-05,0.000486616990311512
"Os07g0542800",9.73215721196453,7.08048493721608,1.74383908902741,4.0602857120063,4.90127025066938e-05,0.000487382869504904
"Os11g0303800",158.140839554222,1.50729248832297,0.371329074599621,4.0591825187623,4.92448118040557e-05,0.000489517502247755
"Os01g0773700",10894.3982794603,-3.44716298286301,0.849339889465753,-4.05863780286044,4.93598026642527e-05,0.000490486820950516
"Os06g0641800",564.672946901616,-1.99076209297861,0.490538990151163,-4.05831571587234,4.94279157158702e-05,0.000490989794980089
"Os05g0188100",13017.7162597305,-1.08973165147583,0.268538316459406,-4.05801177963577,4.94922720534543e-05,0.000491455109116785
"Os12g0190200",434.246052633459,-2.67895803782179,0.660511718636369,-4.05588267737704,4.99453264204875e-05,0.000495778475419781
"Os11g0444700",2672.26453630496,-2.13650630540786,0.526805381323613,-4.05558937161924,5.00080465372959e-05,0.000496225531092503
"Os06g0234600",343.386851936656,-1.88445114599823,0.464678232843877,-4.05538932707307,5.00508666148087e-05,0.000496474874140955
"Os01g0211600",1659.45584417276,-0.785724141613713,0.193753618629374,-4.05527466878801,5.00754251976251e-05,0.00049654296180062
"Os05g0481900",156.958062144257,-2.36273380959496,0.582693527083183,-4.05484821741922,5.01668668167388e-05,0.000497273972663838
"Os03g0333200",2873.22725088813,-0.547892791244496,0.135228022735987,-4.05162169910728,5.08638579700783e-05,0.000503997563186987
"Os11g0227250",17.5182111899487,-6.97068689292523,1.7205019931592,-4.05154246879168,5.08810881800561e-05,0.000503997563186987
"Os07g0179300",34.7072216342375,-2.60714894788389,0.643612660516721,-4.05080432350532,5.10418786363549e-05,0.000505411855431684
"Os01g0237500",196.572176694336,9.18690504756154,2.26800252733521,4.05065908738458,5.10735721201746e-05,0.000505547294827634
"Os10g0162848",55.3108333873863,-3.00163857974689,0.741041449548508,-4.05056772677923,5.10935184232512e-05,0.000505566401267022
"Os07g0454100",931.598504541199,0.612760015237041,0.151304982990712,4.04983367451061,5.12540485533077e-05,0.000506976069969306
"Os01g0313300",3214.09941510276,-4.76267423678023,1.17631522663495,-4.04880777613046,5.1479203633351e-05,0.000509023753473959
"Os08g0179900",7387.65658973684,0.530783138363986,0.131105653119428,4.04851450517149,5.15437402280065e-05,0.000509482366424205
"Os12g0291066",1463.15317338445,-3.9878408950422,0.985034448808727,-4.04842784926455,5.15628242163861e-05,0.00050949153984515
"Os11g0668300",3305.47764714369,1.83032611515025,0.452199429936675,4.04760818784439,5.17436674910855e-05,0.00051109848543993
"Os06g0178601",26.9095880352521,-6.82300400437986,1.68586831626086,-4.04717494158312,5.18394980007372e-05,0.000511864881385182
"Os01g0727800",110.614168675121,2.52434073896464,0.623757270572796,4.04699208819889,5.18799941185145e-05,0.000512084556789924
"Os10g0315400",4511.57780831591,0.568488861008024,0.140483307510856,4.04666483926636,5.19525440351576e-05,0.000512620355384878
"Os12g0569500",10.7838736457677,7.64902633937074,1.89054401152617,4.04593931309536,5.21137336110617e-05,0.000514030085270163
"Os04g0115700",186.293633968294,-1.57916706262043,0.39034170943837,-4.04560164706088,5.21889141159587e-05,0.000514590761743511
"Os02g0672100",1345.40982069781,-1.00540271427117,0.248563037102434,-4.04486011271593,5.23543757453336e-05,0.000516040917515122
"Os05g0393700",603.419359281765,-0.749808481551672,0.185381360054822,-4.04468109053646,5.23943961340743e-05,0.000516254053481177
"Os06g0216800",2517.32294038739,1.18044491198951,0.291900229344662,4.04400131729837,5.25466235567285e-05,0.000517572253509623
"Os12g0102100",1421.15752080021,-1.95061437972282,0.482452939818713,-4.04311844478713,5.27449584491671e-05,0.000519343517193168
"Os01g0810800",1350.55838546237,1.6416835964422,0.406185943105606,4.0417046042762,5.3064052147398e-05,0.000522302150599889
"Os12g0437800",1589.81185312157,1.91877477051482,0.474764120277062,4.04153281295785,5.31029486184108e-05,0.000522501733565864
"Os02g0738200",147.404401659768,2.36134920061482,0.584333529379824,4.04109824592987,5.32014626154657e-05,0.000523287572350227
"Os02g0656600",80.1775681247813,-2.32824027968298,0.576159978322756,-4.04096148167156,5.32325021425535e-05,0.000523409416651834
"Os02g0289300",35.5471144943276,-8.28006958001667,2.0495404437049,-4.03996398580406,5.34594097720687e-05,0.000525456377241258
"Os09g0245500",2139.23484892915,0.528513927701803,0.130828820481807,4.03973624278986,5.35113444818751e-05,0.000525782685171701
"Os04g0268700",414.765609943935,1.63501000639434,0.404854474228883,4.0385128743075,5.37911415729534e-05,0.000528346872530703
"Os04g0581800",133.964835269934,-2.31525436816474,0.573325552330636,-4.03828916878545,5.38424550334766e-05,0.000528665840850042
"Os04g0585200",721.502659355212,-0.806438191766279,0.19971270783332,-4.03799137528761,5.39108347227857e-05,0.000529152096534037
"Os07g0577500",939.354482249131,-0.929024988486269,0.230106862289148,-4.03736324612029,5.40553363792613e-05,0.000530384912403787
"Os08g0161500",1351.98503047876,0.88026040903199,0.218073508585121,4.03653068519506,5.42474333631679e-05,0.00053208370326362
"Os05g0520100",1017.09481732695,0.500017654662485,0.123889599905787,4.03599378029092,5.43716564076755e-05,0.000533115800877774
"Os03g0103700",678.313858253516,-2.33166373564787,0.577793757061233,-4.03546024364671,5.44953670866e-05,0.000534142155495693
"Os02g0166200",4757.07696889431,-2.8252723277771,0.700212136460731,-4.03488054642644,5.46300832423606e-05,0.000535275627076509
"Os01g0814000",1095.21880531387,0.804438161746386,0.199441992675792,4.03344426594283,5.49652218273751e-05,0.000538371397877767
"Os11g0448700",1083.78252673483,-1.03650225251112,0.256994469149202,-4.03316949171135,5.50295586134912e-05,0.000538813494002718
"Os03g0308800",2756.21651987539,-2.22859309244951,0.552737084629201,-4.03192250786744,5.53224302125658e-05,0.000541303360050566
"Os11g0252400",804.393918578302,-1.38983555204794,0.34470146084675,-4.03199785876698,5.530469116418e-05,0.000541303360050566
"Os02g0148000",2099.58149991183,-2.36604444552342,0.587111024388659,-4.02997788703952,5.5782100226828e-05,0.000545610769106047
"Os07g0578200",2244.476620066,1.14553849346319,0.284271349491398,4.02973600931899,5.58395276970133e-05,0.000545982169419368
"Os05g0158500",618.375084707056,-1.12349600618698,0.278894519786556,-4.02839040023738,5.61600308005922e-05,0.000548924689768798
"Os03g0284100",12098.7999731847,0.772169405343637,0.191802318417157,4.025860645043,5.67673022032981e-05,0.000554667142907016
"Os12g0118700",568.300417617949,-1.11611358592419,0.277271890090551,-4.02533984083165,5.68930916708984e-05,0.000555509373162404
"Os12g0478400",13.2139310513436,-7.07911806596709,1.75861379504272,-4.0253966424704,5.68793595955251e-05,0.000555509373162404
"Os04g0536500",153.249832277593,2.3105714539235,0.574152801566639,4.02431451630795,5.71415095025179e-05,0.000557740883359881
"Os03g0136800",1428.11391977264,0.660693905213322,0.164188663663151,4.02399222012551,5.72198081062584e-05,0.000558310937092428
"Os07g0267300",272.445014368447,-2.26109120220087,0.561983735602071,-4.02341039243509,5.73614146479859e-05,0.000559498094491408
"Os07g0213300",837.305829107291,-1.6293808360622,0.405015355239809,-4.02301002908259,5.74590487017229e-05,0.000560255672226459
"Os11g0594700",19.0971941835791,6.52557562709369,1.62241741577023,4.0221311505065,5.76739274890892e-05,0.000562155523862042
"Os11g0618850",72.3727510191299,-4.33234658319224,1.07759568735782,-4.02038225840977,5.81037837590811e-05,0.000566148743002547
"Os03g0712900",640.358101676108,-1.06859290265981,0.26584471787276,-4.01961307040624,5.82937999163334e-05,0.00056780305909481
"Os05g0456100",384.312542128704,-5.38619490293073,1.34098771025679,-4.01658781936139,5.90468663628004e-05,0.000574911503830096
"Os08g0112300",260.497110941573,2.83546226111421,0.705950492039302,4.01651715394846,5.90645665149371e-05,0.000574911503830096
"Os02g0704000",1613.32790500436,-2.10258921532308,0.523515689223573,-4.01628692053419,5.91222698479465e-05,0.000575143050782238
"Os06g0720900",2195.90452668054,1.22336577576819,0.304603330207797,4.01625870253495,5.9129345788139e-05,0.000575143050782238
"Os01g0117600",127.732833568886,-1.70977201341178,0.425798374579428,-4.01544983608864,5.93325182940632e-05,0.000576919309898822
"Os02g0285900",56.8292909855803,-4.15817379322377,1.03561007592319,-4.01519248402155,5.93972989485666e-05,0.000577349152440137
"Os03g0128932",27.7146841157947,-8.73142658575835,2.17482393762008,-4.01477399375748,5.9502784338384e-05,0.000578174215409879
"Os04g0395700",730.636460435001,1.35673893609981,0.337997123401486,4.01405468320577,5.96845096368687e-05,0.000579739255600488
"Os01g0737401",73.8698242275444,-1.64799549357122,0.410585788952647,-4.01376652069486,5.97574578232392e-05,0.000580028741237689
"Os04g0494600",240.567050582222,3.41824661644033,0.851681064690016,4.01352895838358,5.98176600791773e-05,0.000580028741237689
"Os04g0667200",39.1993801516036,-1.881537185916,0.468790334488134,-4.01360063869582,5.97994890438965e-05,0.000580028741237689
"Os05g0488000",36.0697443053346,-4.8619320839014,1.21133315871803,-4.01370345466878,5.97734342109438e-05,0.000580028741237689
"Os06g0180100",81.3897499007395,3.53477853955196,0.880681256341539,4.01368657967796,5.97777098038053e-05,0.000580028741237689
"Os02g0802500",19554.0529474425,-5.62521212331641,1.4026060140396,-4.01054327944554,6.05791942723541e-05,0.000587210138055544
"Os03g0341300",161.958881633153,1.26951018422337,0.316581733699755,4.01005506346544,6.07045897098539e-05,0.000588222443521381
"Os10g0577500",982.828408601793,0.670898433814666,0.167338448036965,4.00923064415217,6.0916895092333e-05,0.000590075909589592
"Os05g0232200",290.169953572766,-2.616434706979,0.652619303467154,-4.00912858856416,6.09432254084696e-05,0.000590127257216175
"Os04g0681900",4166.39352531126,0.436105431955141,0.108781123775094,4.00901752823211,6.09718911898743e-05,0.000590201176464385
"Os01g0129600",869.11134905149,-2.14284734048555,0.53452181798933,-4.00890528387809,6.10008755501515e-05,0.000590278127478742
"Os01g0327900",607.898282386779,-1.06301275696857,0.265254386434822,-4.00752187836025,6.13591791160552e-05,0.000593540601294292
"Os06g0665500",7479.30117008399,-1.71538743857055,0.42812592114196,-4.00673576128027,6.156367121991e-05,0.00059531348786117
"Os06g0237502",4305.1491793211,0.665816455408933,0.166197095158079,4.00618587692908,6.17070956036896e-05,0.000596494838729156
"Os01g0716500",8559.47669013964,0.963094228576256,0.24042882990702,4.00573520633407,6.18248782337773e-05,0.000597364402821991
"Os11g0167500",99.1919827208324,-5.0443904013227,1.25930974769438,-4.00567883362952,6.1839626191928e-05,0.000597364402821991
"Os08g0483900",22.2858691306752,8.27138928509379,2.06570427590686,4.00414976217377,6.22409273099119e-05,0.000601034033782088
"Os08g0167500",237.703307321191,-4.61961593508604,1.15375852174557,-4.00397123663001,6.22879413084298e-05,0.000601281117646081
"Os07g0572050",146.75931891267,1.94271799069658,0.485295141766888,4.0031680177622,6.24998820447398e-05,0.000603119563252919
"Os12g0438300",209.509578270084,-2.65335909580629,0.662878178491922,-4.00278540144858,6.26010806974975e-05,0.000603888458760115
"Os12g0550800",10.1769903146262,6.31081952897965,1.57726504089128,4.00111545324907,6.30445860836361e-05,0.000607957791985909
"Os04g0485200",3309.81631486338,0.541544821401734,0.135391732271914,3.99983671317628,6.33862033671592e-05,0.000611042129470704
"Os01g0949400",611.228886837646,-0.805005102937091,0.201332135776167,-3.99839349954576,6.37738646610428e-05,0.000614568059793332
"Os09g0479900",428.994157808823,1.59013142411014,0.397778736569729,3.99752746419466,6.40075665013447e-05,0.000616608421270421
"Os12g0405200",1443.02375951235,0.640385767868455,0.160219291516784,3.99693296485069,6.41684626416551e-05,0.000617946258973962
"Os07g0612200",52.1325288979772,7.14138051776254,1.78728507572629,3.9956583394289,6.45147202731565e-05,0.000621067609024122
"Os04g0491700",4051.65389116318,0.464213033617772,0.116200688234563,3.99492499287709,6.47147377783161e-05,0.000622779482693795
"Os03g0654400",979.490186278105,-0.984196135758104,0.246368317680209,-3.99481615584845,6.47444726382894e-05,0.000622852036741748
"Os12g0615900",658.930244745932,0.814233825299146,0.203887610036826,3.99354244797946,6.50934190271652e-05,0.0006259943539206
"Os01g0124700",1967.55570635984,2.23359809242316,0.559534815644821,3.99188402574934,6.55504303231656e-05,0.000630173407238326
"Os02g0156300",28.981584254908,-9.11108192677347,2.28268158415019,-3.9913941524023,6.56860045987189e-05,0.000631260500359332
"Os12g0183200",1647.16055722029,0.943486463018443,0.236436262551673,3.99044737400315,6.59487814709635e-05,0.000633568882450592
"Os11g0116300",2235.90119779957,1.49804248735129,0.375424580087375,3.99026213734498,6.60003098471839e-05,0.000633846918183325
"Os01g0650800",531.883369830753,-1.99315574638318,0.499655523415253,-3.98905976813691,6.63357074812817e-05,0.000636850025090567
"Os02g0609400",15338.2951758918,-1.09241974289877,0.273904223017923,-3.9883274922245,6.65407634980233e-05,0.000638160322674344
"Os02g0620200",732.527817380505,1.46848181537577,0.368202263562926,3.98824765813751,6.65631553156512e-05,0.000638160322674344
"Os02g0820500",239.167362744714,1.36467428077858,0.342159912984586,3.98841076640107,6.6517414401963e-05,0.000638160322674344
"Os11g0251250",54.2732848649522,-4.29016478747587,1.07568665338982,-3.98830344687856,6.65475069721833e-05,0.000638160322674344
"Os10g0552900",3223.40657033962,0.838312766527306,0.21027726525754,3.98670186955576,6.69981254541701e-05,0.000642111132682691
"Os02g0680600",981.630011998135,0.978861874810664,0.245541451290785,3.98654430714201,6.70426127550532e-05,0.000642318128758041
"Os03g0126100",3541.02068216774,-0.473771767205,0.118868591941982,-3.98567661536902,6.72881043327955e-05,0.000644450096855599
"Os10g0437550",21.0612372173032,6.90948885314461,1.7339164193094,3.98490306464517,6.75076780434708e-05,0.000646332467163384
"Os01g0243100",1642.86132795244,1.19844679251866,0.300767933547664,3.98462288975607,6.75873732942179e-05,0.000646874784918943
"Os01g0924200",692.630398599263,1.50307784415807,0.377281982707631,3.98396401908982,6.77751388775348e-05,0.000648450715029452
"Os06g0211300",4406.39480233726,0.746519928265944,0.187399450389041,3.9835758681051,6.78859854414242e-05,0.000649289885295585
"Os08g0236700",1523.37811700653,-1.1202013083838,0.281266335191477,-3.98270666704993,6.81348308060351e-05,0.000651447912122302
"Os11g0203400",93.153102524753,-2.11757237520407,0.531747423115779,-3.98228986761447,6.82544631148041e-05,0.000652369463190611
"Os01g0969000",1381.6451678307,-0.778709738580934,0.195590787524334,-3.98132114726545,6.85332793557902e-05,0.000654811333088929
"Os02g0824000",493.245062353208,-1.84855154367835,0.464546539039025,-3.97926017811331,6.91300550295003e-05,0.000660288497017644
"Os02g0272900",1228.33665033872,0.720761019222744,0.181148685806678,3.97883658947401,6.9253317231606e-05,0.00066124075813315
"Os10g0476700",1779.10322440898,0.56742889017008,0.142623503905037,3.97850897386373,6.93487943329404e-05,0.000661927165500331
"Os08g0500700",18673.5139798067,0.919562515346973,0.231173700630912,3.97779900065332,6.95561295525987e-05,0.000663680417376751
"Os10g0551800",1176.18020462913,-1.06158733492425,0.266927098350663,-3.9770684261125,6.97700931832909e-05,0.000665495701872709
"Os09g0482700",69.4786447788073,2.41117205834631,0.60652819436092,3.97536681849867,7.0270860302721e-05,0.000670044472244294
"Os12g0129350",165.43427108556,1.67713451192359,0.421927363386056,3.97493658260093,7.03980121699468e-05,0.000671028878231334
"Os03g0787300",13126.3977920043,0.65006225206127,0.163556727014405,3.97453693240031,7.05163197146712e-05,0.000671928340860137
"Os07g0616500",3968.28927476078,0.71672100203577,0.180334089166662,3.97440664351258,7.05549294763798e-05,0.000672068034951178
"Os04g0644100",268.356033072039,2.12085351000725,0.533818344014118,3.97298731635787,7.09768299860658e-05,0.000675857415361038
"Os03g0672700",3083.75501441515,0.660305523378268,0.166217959630563,3.97252814825706,7.11138296444279e-05,0.000676932254912462
"Os03g0185400",98.3377775354596,-5.69804681770501,1.43459341421507,-3.97188970843188,7.13047334602459e-05,0.000678519304971658
"Os05g0331200",162.527960545881,3.93073534355391,0.989788050324546,3.97128995673876,7.14845104205914e-05,0.000679999434380554
"Os02g0828900",842.336339889578,-1.29567084210033,0.326271618689025,-3.97114173554658,7.1529006095498e-05,0.000680192127770879
"Os04g0116600",13.4472352339044,4.78965544539906,1.20628217780456,3.97059289569895,7.1693994826563e-05,0.000681530109357388
"Os04g0150500",42.0969954063349,-2.90721335581715,0.73227974237762,-3.97008573032185,7.18467756079126e-05,0.000682751174097271
"Os05g0111300",2304.51448931802,2.30901674682973,0.581623713451619,3.96994945946577,7.1887878914885e-05,0.000682910513916555
"Os05g0359966",163.582657226227,-2.42857356888512,0.611803656443056,-3.96953098156444,7.20142432659086e-05,0.000683879422852091
"Os01g0881800",419.437130216082,-2.46150512560736,0.620184209515896,-3.96899032229274,7.21778128209556e-05,0.000684969152310333
"Os01g0961600",1630.85460364933,-1.06752272970766,0.268965730340236,-3.96899161970286,7.21774198857961e-05,0.000684969152310333
"Os03g0570800",192.611160607881,-2.19375044731287,0.552876229716894,-3.96788707743179,7.25126762609986e-05,0.000687914374995315
"Os07g0599900",1002.69814489367,2.0327999682344,0.512455576433028,3.96678280366037,7.28493231545673e-05,0.000690874520568931
"Os04g0421800",3347.27227289013,0.437327031265729,0.110280892371629,3.96557392546305,7.32195542942507e-05,0.000694151058312589
"Os10g0515900",38.160863301304,7.47719084884452,1.88580264347402,3.96499118013221,7.33986609621673e-05,0.000695614057386133
"Os06g0700601",11.5104482979679,-6.75990885153337,1.70499593592378,-3.96476537515663,7.3468173404727e-05,0.00069603777247922
"Os11g0150100",348.769130253712,-2.47222209981587,0.623635158963149,-3.9642121908684,7.36387304225907e-05,0.000697418175200385
"Os02g0101900",58.3816724037292,5.24251182500226,1.32270819453666,3.96346816830501,7.38687170447101e-05,0.000699360302870666
"Os01g0361800",529.478096557826,-1.81300113001245,0.457457591189104,-3.96321137725528,7.3948251919943e-05,0.000699877182252088
"Os10g0574700",3728.40656521318,0.788226567548586,0.198920881056482,3.96251295169347,7.41649824017512e-05,0.000701691751907601
"Os05g0415400",43.7761461464498,-3.69664605057311,0.933167933553397,-3.96139421175426,7.4513394119543e-05,0.000704750544584636
"Os04g0450400",1271.63434687025,-0.627547150640391,0.158430588617283,-3.96102265425738,7.46294511262703e-05,0.000705203836771312
"Os10g0415800",987.667777987705,-0.955119486288798,0.241122390783209,-3.96113974810219,7.45928581067314e-05,0.000705203836771312
"Os11g0575500",9.05639397229464,6.81125033460899,1.71957872182971,3.96099942860511,7.46367113965789e-05,0.000705203836771312
"Os08g0206600",6799.24082233427,0.448628913164008,0.113273248451043,3.96059015962542,7.47647573128215e-05,0.000706175907005182
"Os01g0966000",5843.92553215644,-0.66080784141528,0.166906453435124,-3.95915093643839,7.52166915193001e-05,0.000710159318793334
"Os10g0135100",67.0865266042909,4.1410971426046,1.04597298910936,3.95908611954763,7.52371055082525e-05,0.000710159318793334
"Os02g0804300",2237.81392496489,0.637552051024143,0.161103636377359,3.95740323037018,7.57689667053459e-05,0.000714939053021324
"Os03g0118900",568.198390474762,0.659539564076483,0.166667500172163,3.9572175942832,7.58278524675568e-05,0.000715254183510783
"Os01g0221400",110.454508641476,-3.65206053003793,0.922914483363868,-3.95709526274503,7.58666809989089e-05,0.000715379973854631
"Os07g0149300",9.43056886130666,6.51945277625661,1.64765709046852,3.95680194257095,7.5959858623517e-05,0.000716017988811937
"Os03g0266300",4470.13870182841,-3.48524706392508,0.881055785289446,-3.95576207785765,7.62910600781883e-05,0.000718898498292183
"Os07g0599600",1773.30592359105,1.96610423972132,0.497091950173323,3.95521238884635,7.64666896670386e-05,0.000720311596319717
"Os03g0736600",1498.6739770873,-2.58904283702414,0.65465714591355,-3.95480726542933,7.65963741458366e-05,0.000721291091033714
"Os04g0525000",560.231377250591,-2.76556039429189,0.699325991328718,-3.95460833514472,7.66601300307671e-05,0.00072164930188641
"Os01g0306100",138.276150290766,3.37660413613829,0.853906270756276,3.95430300933116,7.67580826220289e-05,0.000722329079322392
"Os12g0536500",9.16047198800043,7.0112050036976,1.77418915924095,3.95177986923175,7.75720814871699e-05,0.000729744468888019
"Os06g0568600",303.028749544979,4.1706832178796,1.05550647619491,3.95135729807633,7.77092039954435e-05,0.000730789437841868
"Os06g0208800",645.459993500699,1.09612901326609,0.277461118588474,3.9505679889219,7.79659454269214e-05,0.000732958244747158
"Os01g0177900",141.406680868116,2.2311106365697,0.564857762424012,3.94986275304988,7.81960182331143e-05,0.000734628946654721
"Os03g0785800",315.77172581398,1.97120194762451,0.499047209916376,3.94993080505313,7.81737893204633e-05,0.000734628946654721
"Os11g0207100",5295.47473554567,-0.55861767552627,0.141465407275387,-3.94879346325865,7.85460830503356e-05,0.000737670743828152
"Os10g0206800",3118.63959399342,-1.47194226388214,0.37279660167811,-3.94837897463746,7.86821766645648e-05,0.000738701653248919
"Os03g0774400",549.885579567377,-1.32242366575176,0.334955757990661,-3.94805473321235,7.87887937958416e-05,0.000739455227926056
"Os01g0276600",920.047798380883,-1.08215948460844,0.274134400662457,-3.94755084364951,7.89547539584329e-05,0.000740765063718336
"Os01g0813800",502.582107157172,-2.13643494733775,0.541236523388304,-3.9473222057577,7.90301666733331e-05,0.000741224778471615
"Os12g0117400",975.807479031538,-1.36644286078546,0.346186226557579,-3.94713236968769,7.90928329360442e-05,0.000741564676863105
"Os03g0784000",2595.03893517302,0.732515048044838,0.185602091548147,3.9466960848058,7.92370318238789e-05,0.000742668532746055
"Os01g0951500",424.068096304528,1.59396904427133,0.404003934136163,3.94542951092676,7.96570634038843e-05,0.000746356097909783
"Os05g0381400",34.2630662247691,6.38565053626363,1.61864257947583,3.9450652152815,7.97782633197009e-05,0.00074724219802318
"Os06g0713800",856.676302044569,-1.90002354115384,0.481696548735717,-3.94444084380661,7.99863950992009e-05,0.000748941681439364
"Os07g0111700",1854.46162606138,0.913717105556557,0.231663888928191,3.94414990520936,8.0083553555512e-05,0.000749601294154363
"Os02g0190950",8.00878916183379,6.40241266331399,1.62369357013554,3.94311634970601,8.04296105668009e-05,0.000752589440388652
"Os05g0115700",1142.43470713512,-0.531937502800687,0.135034282220664,-3.93927744905127,8.17273740537638e-05,0.000764477856898906
"Os12g0225900",2672.25541977848,-1.24262214953833,0.315455303571363,-3.93913855772986,8.17746960799975e-05,0.000764665618592766
"Os11g0270500",656.380054627548,-2.39976934253246,0.609368267627493,-3.93812653204882,8.21202886748909e-05,0.000767641419318717
"Os08g0326100",2117.93868179608,-0.62172029127238,0.157909364776716,-3.93719708866851,8.24388962180747e-05,0.00077036307215172
"Os04g0111200",1170.69098369245,1.23755172122543,0.314431138368451,3.93584340166483,8.29050224472088e-05,0.000774460965350723
"Os11g0642900",8.4449017336083,6.71653234902243,1.70654219231496,3.93575522437645,8.29354715108626e-05,0.000774487587866165
"Os06g0646400",5827.87726913171,-0.50716757204418,0.128865713631819,-3.93562847518312,8.29792586017798e-05,0.000774638707545957
"Os01g0758000",185.599027316751,-2.18323658931413,0.554882959076825,-3.93458936447866,8.33390570494248e-05,0.000777738815736933
"Os12g0271700",1769.70955641528,-2.83152551690415,0.720088738730714,-3.93218969358585,8.41755998488006e-05,0.000785284469068166
"Os01g0268900",330.431978530557,0.906744473743464,0.230633854525812,3.93153240927161,8.44061146776593e-05,0.000786911757503148
"Os02g0280200",1121.84676337161,-1.81532841320917,0.461731807881243,-3.9315645624225,8.43948244490068e-05,0.000786911757503148
"Os03g0845000",2740.67743656692,0.553633458063209,0.140827561793486,3.93128625542119,8.44925962229792e-05,0.000787202661598636
"Os12g0138800",235.107432763727,-2.03740748745112,0.518254986549346,-3.93128390527724,8.44934223054341e-05,0.000787202661598636
"Os02g0277700",79.8831281189318,7.01245160306283,1.78414082360182,3.93043615744754,8.47919065910497e-05,0.000789721368323278
"Os02g0517700",151.357953243472,3.08050881048203,0.783828817168424,3.9300785362936,8.49181203278785e-05,0.00079037223636515
"Os09g0381400",42.6822910571327,-5.42555624598189,1.38049796375169,-3.9301443308451,8.48948864139232e-05,0.00079037223636515
"Os08g0346800",104.694623132693,-1.30467047407679,0.331998627768936,-3.92974658613592,8.50354329615106e-05,0.000791201697535116
"Os01g0248600",1378.02921980769,0.470799868012341,0.119845845908631,3.92837869717466,8.5520468593921e-05,0.000795450908081741
"Os03g0262400",4324.22711979238,0.486519236065965,0.123865158593186,3.92781345126966,8.57216597740308e-05,0.000797058057183185
"Os04g0542800",1733.20551807287,-0.802539241657517,0.204377636777396,-3.92674685113239,8.61025195799294e-05,0.000800334184979125
"Os08g0526350",165.893549252392,1.37824726403987,0.351064973920699,3.92590365437937,8.64047379044846e-05,0.00080287740234293
"Os04g0298200",2213.25210064637,0.630535670560468,0.160631014147449,3.92536692809321,8.65976329305946e-05,0.000804403434392038
"Os06g0476400",347.052188197733,1.10982491203288,0.282769510277051,3.9248393893157,8.67876224794601e-05,0.000805901476511783
"Os03g0796400",119.898272670055,-1.34958286246933,0.343906385890211,-3.92427392406773,8.69917082771743e-05,0.000807529380639783
"Os02g0663300",400.868541478225,-1.27067360317963,0.323860836754231,-3.92351732279353,8.72654875571593e-05,0.000809802947033401
"Os12g0283900",624.367451709655,-1.06112600959747,0.270470655178881,-3.92325743765316,8.73597157538572e-05,0.000810409369747022
"Os07g0464200",49.7268675681641,-8.4470657093748,2.15319230545024,-3.92304286430584,8.74375874090987e-05,0.000810863707162634
"Os11g0555300",843.889917775942,-4.19804909751747,1.07031319870232,-3.92226228977398,8.77214223568582e-05,0.000813227140461894
"Os03g0801500",629.199425296366,-1.04710309740271,0.267001065753128,-3.92171879332825,8.79195640439756e-05,0.000814794850132776
"Os10g0106550",26.7232094363922,5.33244928032602,1.35991447742627,3.92116516798766,8.81218330821853e-05,0.000816399762282035
"Os07g0546400",493.507889415221,0.753750820413244,0.192269985904262,3.92027292699009,8.84487420515938e-05,0.000819157953614464
"Os01g0783100",320.764767362486,-2.48950252570818,0.635054675639817,-3.92013888127035,8.84979540618994e-05,0.000819192809127238
"Os01g0924966",132.581617430651,-3.03338510294414,0.773802268541583,-3.92010365730936,8.85108900746129e-05,0.000819192809127238
"Os10g0477600",618.934021165019,1.12708011806428,0.2875931869702,3.91900840885032,8.89140129494192e-05,0.000822652499632905
"Os09g0301800",75.9114694560346,2.38483581152981,0.60856462659683,3.9187880913587,8.89953134243146e-05,0.000823133317505971
"Os05g0560000",7090.30996493111,-3.27288493339965,0.835520769695363,-3.9171796227076,8.95909940010323e-05,0.000828369843050072
"Os09g0426000",5271.45093320278,0.975056602325091,0.248934280309114,3.91692378050269,8.96860891364807e-05,0.00082897596618838
"Os06g0684000",1521.00944255396,0.895269793536401,0.228572844321185,3.91678108655107,8.97391691032717e-05,0.000829193468349032
"Os06g0702000",168.484264649067,1.77858751822278,0.454135626831533,3.91642366980067,8.98722529528183e-05,0.000830149823028962
"Os03g0143400",4495.06488902751,1.31142610290832,0.334915888541836,3.91568793173126,9.01467915619815e-05,0.000832278006919885
"Os04g0111250",21.4890278942063,-5.25741038903069,1.34266698606791,-3.91564732251842,9.01619678225519e-05,0.000832278006919885
"Os09g0375600",2031.0803347556,-1.27286381437403,0.32510839096741,-3.91519828382906,9.03299411555759e-05,0.000833554359982825
"Os03g0140200",862.123061727189,0.711930508659577,0.1818514338752,3.9149018156665,9.04410039068019e-05,0.000834304882193516
"Os06g0158400",373.256106940014,1.3116637556186,0.335068836373421,3.91460981515096,9.0550519067978e-05,0.000835040639528623
"Os06g0240800",14.8558360517657,7.38489769658893,1.88659772492193,3.91439976791794,9.06293749963296e-05,0.000835493272387319
"Os03g0758700",440.925902348111,1.21302994448911,0.309898573760893,3.91428050077134,9.06741791341675e-05,0.000835631794700495
"Os08g0495800",1778.52248861174,1.04179212260168,0.266196173862635,3.91362545706341,9.09206274217574e-05,0.000837627920784425
"Os05g0112000",11620.6064547713,-0.694745681880677,0.177546973548079,-3.91302463791388,9.11472308893801e-05,0.0008394399715188
"Os11g0604500",34.4817634679592,4.5373493894739,1.15962617171196,3.91276904588605,9.12437909929696e-05,0.000840053563925431
"Os01g0601675",20.5601837009868,-7.7686908766036,1.98580266682635,-3.91211624718951,9.14908505072459e-05,0.000841775818666995
"Os03g0305400",675.289721774664,-6.40073197893631,1.63611979722576,-3.91214139074017,9.1481322940041e-05,0.000841775818666995
"Os02g0556100",2843.14953814535,0.548645858664676,0.140250187169975,3.91190821014557,9.15697173009138e-05,0.000842225305440264
"Os06g0210200",2700.51913526606,-0.607508882055028,0.155361397202538,-3.91029491877603,9.21834990780149e-05,0.000847592841129506
"Os12g0502000",6003.04152643895,-0.411636970376708,0.105286094611688,-3.9096992997498,9.24110847358009e-05,0.000849407094613837
"Os11g0197400",1273.60589454032,-0.946047006260791,0.242036656558631,-3.90869308687389,9.27967639699854e-05,0.000852672819425583
"Os11g0533000",90.2077502709722,1.89168607625872,0.4840016836329,3.90842871053627,9.28983507519407e-05,0.000853326847398023
"Os12g0568800",6402.25565494591,-0.560500104938017,0.143485072173419,-3.90633043875522,9.37083459319191e-05,0.000860485472363061
"Os06g0101100",183.927583658603,1.50688895830548,0.385810063032573,3.90577930098795,9.39222048620813e-05,0.000862167128832098
"Os12g0428700",17.735646877006,6.74891996573288,1.72807562240972,3.90545406590589,9.40486225490421e-05,0.000863045273371883
"Os07g0542400",1354.92477844379,0.638360337202654,0.163532069108153,3.90357891686963,9.47806257734397e-05,0.000869478234865729
"Os06g0222800",512.731069345387,-0.905078399597307,0.231898158811429,-3.90291326259854,9.50417691505083e-05,0.000871588930033191
"Os03g0568400",20.80129857235,-7.49293198393058,1.92083191567975,-3.90087853224729,9.58442348937921e-05,0.000878660868862984
"Os04g0448900",2178.99949118834,-1.31013174153977,0.335900135133681,-3.90036086475037,9.60494133681933e-05,0.000880187687850725
"Os05g0348100",665.663296909606,-2.76350129789083,0.708535549538269,-3.90030013270572,9.60735117912755e-05,0.000880187687850725
"Os07g0162900",632.15602528674,1.11797670337198,0.286736145914238,3.89897374050065,9.66012491623726e-05,0.000884733764358518
"Os09g0571200",4073.5348835749,-1.03241002587064,0.264801937084802,-3.89880088203439,9.66702263583306e-05,0.000884830482070882
"Os10g0169800",3060.74504050544,-0.675758176541459,0.17332513614519,-3.89878924413706,9.66748719987643e-05,0.000884830482070882
"Os05g0549850",117.081644593347,-1.47549116709602,0.37849282855224,-3.89833322005036,9.68570747052167e-05,0.000886209074136873
"Os06g0290701",298.158333594196,-2.87731256959941,0.73810733024501,-3.89823058476374,9.68981269219401e-05,0.000886295709805568
"Os01g0895300",1088.34732367915,-1.8176460978667,0.466295582868262,-3.89805557815078,9.6968164222427e-05,0.000886647319781606
"Os05g0525900",2162.18252429563,-2.62896678998509,0.674486363652555,-3.89773156531795,9.70979597000628e-05,0.000887544933258359
"Os04g0571600",193.654825907627,-1.88132586085177,0.482818701245934,-3.89654720497969,9.75737966106978e-05,0.000891343389586446
"Os08g0140300",549.988397550658,3.53334190611264,0.906808139748409,3.89646028882466,9.7608803228535e-05,0.000891343389586446
"Os11g0640300",358.367960496286,-1.85106767894556,0.475056055259725,-3.89652475418618,9.75828378256768e-05,0.000891343389586446
"Os03g0819600",6152.00683074947,-1.07663094962725,0.27634778364235,-3.89592757154381,9.78236212755203e-05,0.000892724052108504
"Os10g0441800",2052.97773502131,-0.528285352337893,0.135598467356762,-3.8959537127213,9.78130694494118e-05,0.000892724052108504
"Os06g0705100",910.581383698683,-2.83698823943242,0.728362129070548,-3.89502436521879,9.81888591724717e-05,0.00089547473711339
"Os11g0634500",7472.1929918952,1.03061842219172,0.264597830090584,3.89503731696851,9.81836126671986e-05,0.00089547473711339
"Os01g0511800",522.070446294576,-0.969327331096955,0.248874602850075,-3.89484230209256,9.8262637467533e-05,0.000895856443344351
"Os06g0313440",49.1739475458214,7.57592995917181,1.9451807870713,3.8947176578781,9.8313177805236e-05,0.000896026110935542
"Os02g0697500",981.375823891908,-4.25310357389879,1.0920652850141,-3.89455065760458,9.83809310113776e-05,0.000896061566387951
"Os07g0243150",303.989205244852,-3.23948267349954,0.831798303662041,-3.89455311370259,9.83799342355187e-05,0.000896061566387951
"Os05g0198400",2004.05037079204,-0.949137368220622,0.243750080743787,-3.89389560538562,9.86471161926338e-05,0.000898194475859082
"Os06g0192950",25.031906059214,-5.06333643380442,1.30039055408073,-3.89370440896797,9.87249383324588e-05,0.000898611488642704
"Os04g0589800",148.630525340056,2.34622869414941,0.60261516683404,3.89341129012034,9.88443582216501e-05,0.000899406738137466
"Os11g0142500",7033.11825016762,0.449842336994343,0.115551873766199,3.89299041488956,9.9016065991211e-05,0.000900677096870458
"Os05g0210600",1568.73444282906,-0.843026029546669,0.216624453498001,-3.89164757687178,9.95657985942294e-05,0.00090538413485135
"Os05g0490600",11.7546262287722,7.3286137579338,1.88343654544496,3.89108609772804,9.97965107398356e-05,0.000907188106375531
"Os11g0250400",22.9193412656358,-8.41679893483194,2.1635912406699,-3.89019828543301,0.000100162343540542,0.000910218809726258
"Os02g0722600",10.0654052216012,-6.36763733505889,1.63699236775154,-3.88983935447727,0.00010031060403711,0.000911271016668627
"Os03g0204500",23.6545427827424,5.33764143670601,1.37255263157114,3.88884281296819,0.000100723323572741,0.000914724241455744
"Os06g0612800",75943.2017515872,-1.80101461176272,0.463213519417298,-3.88808732100115,0.000101037279658725,0.000917278596500533
"Os07g0111600",3819.66230941823,-0.50113433718497,0.128899576515286,-3.88778885650988,0.000101161565446798,0.000918109912538182
"Os01g0893700",145.384070316909,-5.01073840056025,1.28913024557201,-3.88691400094867,0.000101526702441444,0.000921125872587071
"Os07g0623400",3477.84498624692,0.850453689071071,0.218849568179352,3.88601949798734,0.000101901325638424,0.000924225921158842
"Os11g0104220",42.4666425539753,7.28014136921029,1.87420490018986,3.88438925139552,0.000102587440833368,0.000930148227678828
"Os04g0512300",544.024934359926,-2.08698755972094,0.53730520355223,-3.8841752246646,0.000102677840503549,0.000930667170610657
"Os05g0181300",54.1778961659226,7.17497544101259,1.84797681575126,3.88261117772506,0.00010334074167549,0.000936373229866839
"Os03g0385100",69.1451641316095,-3.03096589867016,0.780743265564142,-3.88215439358298,0.000103535104558739,0.000937831537807402
"Os05g0562200",30072.5074150808,-1.76382720739278,0.454680843022254,-3.87926439932823,0.000104772824120658,0.000948736686180674
"Os06g0607900",76.7214124624683,-1.60172309960232,0.412957146396031,-3.8786666209337,0.000105030576029493,0.000950763878883756
"Os12g0281300",1340.38840657698,-1.25292904145587,0.323060041372763,-3.87831635299699,0.000105181883544022,0.000951826512741807
"Os06g0128800",157.34432632478,1.70993786560985,0.441006361771817,3.87735419221593,0.000105598573667277,0.000955289224452334
"Os02g0135200",737.027839118652,0.95165669889675,0.245487695687419,3.87659632484596,0.000105927885157344,0.000957959495096807
"Os12g0555300",27.3581483224815,7.80319611147331,2.01300994353816,3.87638229831992,0.000106021060136575,0.000958493231170287
"Os03g0583700",2890.06251074575,1.0343565916032,0.266890538465779,3.87558359149484,0.000106369454949155,0.000961333218931783
"Os10g0131100",106.974385043679,3.5671186344507,0.92043421480275,3.87547374606792,0.000106417453790398,0.000961457369048985
"Os12g0428000",5515.28986040926,-1.28048886297497,0.330459510225424,-3.87487369360767,0.000106680017969066,0.00096351936409653
"Os05g0433800",270.085080462865,3.9682124422182,1.02417129211403,3.87455933667822,0.000106817814613322,0.000964453511479745
"Os06g0639100",12509.1431610539,-1.17810627914335,0.304103739077764,-3.87402760227849,0.00010705127986796,0.000966250567917234
"Os02g0119000",323.61661656162,-0.956346015164095,0.246900895678094,-3.87340034768836,0.000107327303553451,0.000968430479844674
"Os02g0129700",773.617748978085,-1.26674047793596,0.327148005739946,-3.87207152637485,0.000107914271806558,0.000973100994677259
"Os02g0203000",2077.9356702641,0.957611953370363,0.247308282650851,3.87213862433519,0.000107884560765849,0.000973100994677259
"Os04g0155000",84.8199918755346,1.91846939942694,0.495498036434993,3.87180020576859,0.00010803449157414,0.000973676588410212
"Os08g0102000",207.348143374842,-4.14300634441846,1.07005463009624,-3.87177086841431,0.000108047498264892,0.000973676588410212
"Os07g0638300",139.152704423526,-2.35392616126117,0.608217386850581,-3.87020531170617,0.000108743733595284,0.000979636164414398
"Os08g0113000",4173.79199956712,1.47752951041325,0.381804043932131,3.86986343883746,0.000108896333561973,0.000980696056616202
"Os01g0665500",242.099760867012,0.948826354818627,0.245197213315997,3.86964575162537,0.000108993606698877,0.000981257167527718
"Os09g0507600",627.662699413944,-1.40320866558995,0.362640762981613,-3.86941791665351,0.000109095502140777,0.000981859519266993
"Os11g0526900",493.165813384205,-1.63489597888958,0.422545717641028,-3.86915760977727,0.000109212030106898,0.000982593135254819
"Os07g0170800",298.801585606448,1.17158560042889,0.30284815107663,3.86855787715358,0.000109480951184516,0.000984696939788429
"Os02g0179100",1233.92438416878,1.11323676083185,0.287791487663743,3.86820600521917,0.000109639021799525,0.000985802700973488
"Os04g0340300",15.8406084825112,8.34309311537385,2.15690369214056,3.86808791962982,0.000109692117352042,0.000985964188703714
"Os07g0663200",15.9275897777721,-6.6371303260208,1.71684183764831,-3.86589502916132,0.000110682539230131,0.000994548003802732
"Os11g0197200",385.576932020899,-1.34168766064978,0.347083901774356,-3.86560037440753,0.000110816261585379,0.000995430836302462
"Os06g0663100",584.954619388869,0.736235456292831,0.190464480578361,3.86547378312844,0.00011087375894941,0.000995628615564273
"Os10g0335000",54.6647766884858,4.3278569790953,1.11965388328443,3.86535253769657,0.000110928854630959,0.000995804708462559
"Os07g0508500",939.475537735766,0.728587413115479,0.18850156981778,3.86515302668189,0.000111019571548402,0.000996300357144633
"Os06g0103800",2885.9558775452,0.54902929691223,0.142058599125963,3.86480860919518,0.000111176341613669,0.00099738826674002
"Os08g0545200",4318.66661229636,0.759894396164062,0.196683206336271,3.86354488682101,0.00011175334653368,0.00100224429863474
"Os01g0367100",882.139183525599,-0.667660600994567,0.172842393316258,-3.86282895176601,0.000112081488747964,0.00100486605023814
"Os08g0276100",855.360236242093,-4.44962817004969,1.15199637094338,-3.8625366210189,0.000112215736995367,0.00100574832691281
"Os04g0564300",682.124394461898,1.01918276680695,0.263920006483358,3.86171090394854,0.000112595754200484,0.00100883207355491
"Os01g0198000",212.700642740702,-1.66063691801629,0.430096628611528,-3.86107866824554,0.000112887546306608,0.00101104822533533
"Os11g0172300",585.977713250794,-2.15431985196352,0.557966665013298,-3.86101892289959,0.000112915157087909,0.00101104822533533
"Os06g0219500",212.096500422459,2.17915888263873,0.564464212866208,3.86057934757902,0.000113118498853398,0.00101254587394706
"Os01g0843800",614.039826135534,1.73471375271602,0.449463082270901,3.85952444403536,0.00011360789333035,0.00101660226487126
"Os02g0682600",1956.7684657565,1.12850371399318,0.292442328724741,3.85889320097494,0.000113901696125155,0.0010189064063322
"Os03g0766900",2038.22769817839,0.865503894355143,0.224347145007849,3.85787790758319,0.000114375753275929,0.00102282102881743
"Os01g0143100",2328.25860879485,-1.12808888910262,0.292443965654335,-3.85745312466458,0.000114574643030136,0.00102427321844909
"Os03g0185800",337.712978233425,-2.08097230158767,0.53953394381511,-3.85698124361345,0.000114795967274601,0.00102592497887257
"Os03g0287100",375.393860727262,1.31826334975214,0.341838766764664,3.85638926277686,0.000115074191629868,0.00102808403868747
"Os02g0535400",3332.41458793544,0.722967853541883,0.187493745225235,3.85595718232299,0.000115277665965029,0.00102937755744923
"Os12g0121200",234.87664858784,-2.06855470455807,0.536461197300945,-3.8559260482686,0.000115292340640829,0.00102937755744923
"Os01g0351800",390.271445966002,1.05141251899025,0.272708338031987,3.85544690924312,0.000115518399576849,0.00103106785271169
"Os01g0100200",65.7769848948611,-3.50429762645858,0.908962590589128,-3.85527156204232,0.000115601233240046,0.00103147911198161
"Os07g0523500",9802.40189323897,1.3179826165272,0.34202994276962,3.85341296687274,0.000116482680324473,0.00103901366028778
"Os11g0149100",2264.69180077162,1.40693115621025,0.365120665523715,3.85333203255476,0.000116521207430875,0.00103902704891173
"Os12g0442800",6211.02663757615,-2.45761190322051,0.637871366448733,-3.85283308279371,0.000116758987670279,0.00104081661753601
"Os12g0626400",2212.13468926515,-1.85638899739309,0.481854996576293,-3.85258845624352,0.000116875734365162,0.00104152647118297
"Os11g0664800",538.930108601945,-5.90670085636581,1.53323412649159,-3.85244546433476,0.00011694402745037,0.00104180422168644
"Os03g0344650",135.067046762105,1.37724754675068,0.357594033706267,3.85142764401369,0.000117431227878223,0.00104581247753688
"Os07g0121800",394.875185479881,2.93695079374361,0.762622217547809,3.85112146770034,0.000117578159489848,0.00104612501953206
"Os09g0570800",242.890513524403,-2.00198187181817,0.519828482060579,-3.85123543804755,0.00011752344576998,0.00104612501953206
"Os12g0628500",10951.9356243598,0.348902786271573,0.0905968974256351,3.85115601290832,0.000117561572842901,0.00104612501953206
"Os12g0615500",2406.58299326952,-0.621025619901401,0.16130725301551,-3.84995471866158,0.000118139663809972,0.0010507877165881
"Os09g0255900",163.027332294948,2.11177040612405,0.548553224963089,3.84970921694271,0.000118258134408919,0.00105150816469679
"Os06g0294600",2460.55059720523,1.34544044273245,0.349507869351765,3.84952832457778,0.000118345498451908,0.00105173097112196
"Os09g0551201",17.8461267565402,-7.20063438836287,1.87053653384427,-3.84950213913456,0.000118358150053565,0.00105173097112196
"Os04g0612500",426.510249047133,-3.69714302852219,0.960449700217708,-3.84938745640105,0.000118413574500962,0.00105189038545299
"Os04g0635000",354.501367141348,-3.41868644452859,0.888373774030188,-3.84825232854343,0.00011896348633249,0.00105644093463998
"Os06g0101600",7489.59243434056,-3.17753371321431,0.825758258086353,-3.84801929874497,0.000119076674957307,0.00105711156363554
"Os12g0541300",1568.26530656416,-2.93265439094993,0.762213114959957,-3.8475517324364,0.000119304090411697,0.00105879550446965
"Os01g0818100",81.8576213301604,1.99432896990989,0.518368728544414,3.84731728611405,0.000119418274786583,0.00105947379926054
"Os06g0176900",829.311853359839,1.25940445433349,0.32749134641167,3.84561139746993,0.000120252216144425,0.00106653530007739
"Os06g0249350",53.6479490851306,4.75775223411737,1.23738443558681,3.84500733748205,0.000120548831316237,0.00106882784026024
"Os10g0351414",14.2286763847965,-7.69466776986775,2.00125043966379,-3.8449299584716,0.000120586876996077,0.00106882784026024
"Os10g0102900",1554.51697788386,0.726511117872154,0.188965766990995,3.84467054239923,0.000120714509198843,0.0010692836354602
"Os12g0512100",940.603826435916,-2.65150036278452,0.689646284664552,-3.84472507391848,0.000120687669229249,0.0010692836354602
"Os04g0149400",630.687145917156,-2.19740771139047,0.571568142186889,-3.84452447433989,0.000120786430437369,0.00106958308959718
"Os01g0741900",3604.52600659559,0.722358397256415,0.187982159662601,3.84269655457165,0.000121689887703739,0.00107690369875192
"Os10g0178500",379.902843619858,-2.28824424912629,0.595478595586297,-3.84269773269235,0.000121689303366036,0.00107690369875192
"Os09g0388850",9.99151057654304,6.50249915964001,1.69243891890111,3.84208794008474,0.000121992109172368,0.00107923788385718
"Os12g0495600",20.3691761472173,6.39925765196545,1.66566635377264,3.8418604286936,0.000122105266762189,0.00107989851745369
"Os04g0450600",1943.61517139897,1.055629811619,0.274830731181906,3.84101809531734,0.000122525081032901,0.00108326995083342
"Os09g0560200",97.4884796055175,1.93632388696311,0.504309882759254,3.83955173824635,0.000123259153283616,0.00108941680612435
"Os03g0643250",268.395008824342,-5.94951047688904,1.54963486536257,-3.83929828237121,0.000123386455192875,0.00109019858489373
"Os03g0765900",3484.56487216515,-3.3001729456072,0.85983575414318,-3.83814342414243,0.000123968070162629,0.0010949927557141
"Os06g0729000",1512.79269154445,-2.40746830560972,0.627400889309671,-3.83720894667308,0.000124440586673783,0.0010988205611201
"Os04g0447100",585.699406818439,0.983413010335314,0.256288940272865,3.83712621109712,0.000124482503448852,0.00109884492349219
"Os11g0518900",26.5414260925998,-6.66135496259209,1.73619939830576,-3.8367453468147,0.000124675634507909,0.00110020366527073
"Os06g0611900",3304.99144114856,-1.90939895721098,0.49786993905516,-3.83513606150749,0.000125494803427959,0.00110708430487123
"Os07g0120300",61.6220864601707,3.11877363354464,0.813282968244165,3.83479521313216,0.000125668954125854,0.00110792403100211
"Os08g0180000",3368.78793442827,0.54967324915288,0.143337189508472,3.83482647481651,0.000125652972014956,0.00110792403100211
"Os02g0321600",272.339948112295,-1.87656207595114,0.489531696485374,-3.8333821679455,0.000126393358224577,0.00111396055857352
"Os03g0174500",6044.36175293444,0.984616129108944,0.256880006833529,3.832980780583,0.000126599847992934,0.00111508001706771
"Os04g0466000",136.587546115565,-2.67929280679787,0.699009438007664,-3.83298516602933,0.000126597590226331,0.00111508001706771
"Os06g0100550",22.2827598637809,-8.30416935340102,2.16788499179667,-3.83053962033235,0.000127862542134253,0.001125848339307
"Os02g0552700",383.000567225363,-1.60187448528731,0.418228529884425,-3.8301415872561,0.000128069547466801,0.00112731732779591
"Os08g0509100",169.859676550856,5.12083721765491,1.3371673056292,3.82961593220027,0.000128343409276993,0.00112937370684571
"Os04g0337000",1835.07674911983,-1.01118288215022,0.264090262857095,-3.82892906088473,0.000128702095232392,0.00113217498320106
"Os02g0697200",1460.83698480399,0.847774073365255,0.221418621494669,3.82882915466831,0.000128754345145674,0.00113227967203946
"Os09g0419500",76.7709390029442,3.39649683062291,0.88766880730557,3.82631089734091,0.000130077989102777,0.00114356156961219
"Os01g0148500",254.90964480065,-3.74779757305333,0.979587012938212,-3.82589552898628,0.000130297542803665,0.00114513299284574
"Os01g0848400",1138.3330086855,-0.830539700265178,0.217126616443213,-3.82513997533046,0.000130697805876928,0.00114829111725684
"Os01g0283300",2681.05997108881,-2.50213878177567,0.654190578770572,-3.82478571684411,0.000130885877044992,0.00114922386784624
"Os12g0566700",1463.36781016884,-0.838067615336895,0.219113108526267,-3.82481733280886,0.000130869082186771,0.00114922386784624
"Os04g0453200",2150.98773947517,-2.13906173729376,0.559718418799958,-3.82167473044738,0.000132548447034018,0.00116345777937711
"Os01g0607300",267.600395094677,1.40532922453336,0.367833134841056,3.82056180213514,0.000133148034681942,0.00116835526868188
"Os05g0163700",6348.14481862251,0.463040366254078,0.121234813077391,3.81936800577646,0.000133794030173833,0.00117365679110288
"Os03g0734000",3556.19751705936,-2.40024725779866,0.62867967135912,-3.81791772049771,0.0001345827916934,0.00118020696890631
"Os04g0490400",1695.50446996252,1.38354598372834,0.362413741445485,3.81758698831362,0.000134763278269573,0.00118142052945978
"Os06g0568200",34356.1900991191,-0.665137930823011,0.174234459693776,-3.81748783789394,0.000134817430874033,0.00118152615402471
"Os03g0268300",8004.15831382365,-0.955666337933182,0.250352174335855,-3.81728794834083,0.000134926666118765,0.00118211430053849
"Os03g0822900",1451.7093770634,-0.461688673730506,0.120958219775058,-3.81692682472586,0.000135124223666611,0.00118310638518952
"Os10g0159600",906.939130905122,-3.12731526238705,0.819318689064003,-3.81697049527787,0.000135100318624613,0.00118310638518952
"Os06g0672801",556.648683801287,0.774700965791788,0.203040076467509,3.8155076538092,0.000135903243242056,0.00118955608604447
"Os08g0148300",273.793206456416,-1.53592964734147,0.402593096130865,-3.81509186844627,0.000136132278753419,0.00119118927545321
"Os08g0500200",3775.01050680492,-0.896722732259986,0.235069305485085,-3.81471638931984,0.000136339423981164,0.00119262996127164
"Os01g0540300",10.348443898402,-6.99056786949922,1.83357470885336,-3.81253506374487,0.000137548708374715,0.00120283323602719
"Os12g0548700",1127.13438516334,3.16128322476405,0.829282574728008,3.81207000014549,0.000137807833983431,0.00120472381222524
"Os03g0115300",305.500525635738,-1.80341321431216,0.473140061285665,-3.81158426832795,0.000138078966492444,0.00120671814316753
"Os06g0656700",111.141955463806,-2.55519065300443,0.670441168695634,-3.8112078617959,0.000138289419794466,0.00120780507260265
"Os08g0546500",54.2825021029451,-2.05720032145996,0.539770440104595,-3.81125042909227,0.000138265604776334,0.00120780507260265
"Os01g0855200",309.42081889449,-2.01279602805048,0.528164052249871,-3.81092961453242,0.000138445185293006,0.00120841330939109
"Os05g0552500",4824.73365755136,-0.459274805646825,0.120513113900619,-3.81099442858613,0.000138408887003396,0.00120841330939109
"Os02g0147600",254.579156557428,1.21997037619097,0.32014190692602,3.81071752806449,0.000138564024320233,0.00120873195370281
"Os06g0566500",208.743337762546,1.23007552050493,0.322794252791972,3.81071072321,0.00013856783889466,0.00120873195370281
"Os12g0170800",798.410738583928,-1.69978680919029,0.446115538814862,-3.81019413425028,0.000138857710397245,0.00121088411099052
"Os07g0578600",2633.39278649967,0.380198958789652,0.0998014217861149,3.80955453324562,0.00013921739857707,0.00121364356597382
"Os07g0584366",300.764959463971,1.40916048524837,0.36991079345137,3.80946030825572,0.00013927046136917,0.0012137290953235
"Os01g0888600",387.967841218365,1.795032826924,0.471263572242475,3.80897852635302,0.000139542074651921,0.00121567697065298
"Os08g0166400",602.615508582438,-0.999209626076531,0.262340064736486,-3.80883349663046,0.000139623935443467,0.00121567697065298
"Os11g0184800",110.257936909303,2.20142045313786,0.577976620392304,3.80883996941543,0.00013962028097098,0.00121567697065298
"Os08g0197200",42.6917328582797,3.71702357677946,0.976124208880268,3.8079411851114,0.000140128589225239,0.00121969245373408
"Os12g0554500",1402.46732115174,-0.910026665266746,0.239002490675033,-3.80760327098051,0.000140320147320633,0.00122098107724391
"Os11g0146800",474.853270010373,4.92757894092117,1.29419648164039,3.80744269577637,0.000140411261250573,0.00122139516838611
"Os03g0340001",872.635423294783,-0.554096428629098,0.145551777998362,-3.80686815543631,0.000140737724768973,0.00122347646606782
"Os09g0431200",509.221606421039,-0.831541603697698,0.218430483570191,-3.80689357138418,0.000140723267897749,0.00122347646606782
"Os04g0308100",21.2876515557167,7.15636666680228,1.88031335650312,3.80594364341017,0.000141264549297496,0.00122767599330639
"Os04g0182200",979.284719720077,-1.19969669103211,0.315278395458458,-3.80519790862166,0.000141690852057778,0.00123099959456513
"Os11g0143200",144.660317696642,-1.21050001922234,0.318238007931682,-3.80375690223087,0.000142518044989486,0.0012378029645605
"Os04g0444800",889.480008073917,-4.78667085832651,1.25849074565369,-3.80350103873048,0.000142665395089984,0.0012386993555121
"Os03g0774600",1385.21656853998,0.734434585557049,0.193102201931238,3.80334650880145,0.000142754457337118,0.0012390892613035
"Os11g0105750",2615.03936089843,-3.41922701763142,0.899171972276769,-3.80263967633876,0.000143162503227304,0.00124224680444175
"Os12g0297500",4118.59272691041,-0.727056590847295,0.191256980654866,-3.80146433535573,0.000143843446195875,0.00124776964054054
"Os07g0539400",445.248342989881,1.57467218790171,0.41425340039932,3.8012293595751,0.000143979946586672,0.00124856775683411
"Os02g0503500",34.7758861664668,-8.51164295988405,2.23942371565108,-3.8008184428865,0.000144218946493455,0.00125025396246504
"Os01g0182600",38660.4509885184,0.472217706586589,0.1242598832093,3.80024263978421,0.000144554477268198,0.00125277570756645
"Os06g0142400",361.978604694316,-2.437100885236,0.641429902841684,-3.79948124407527,0.000144999284975469,0.00125624264741637
"Os03g0643050",28.1884232241508,3.67874881313943,0.96827284347341,3.799289464675,0.00014511152561862,0.00125682704688572
"Os10g0456500",4128.06183256494,0.598791553482385,0.157658143909692,3.79803756807753,0.000145846222131558,0.00126280058175124
"Os01g0673500",3518.36866087171,-0.518670643453518,0.136579155750152,-3.79758273218745,0.000146114016591722,0.00126472903565605
"Os05g0383100",1475.89559383672,-0.474781101894859,0.125034767791338,-3.79719265514363,0.000146344051628532,0.00126632956423061
"Os04g0479200",6281.36382872078,0.717893501916794,0.189106714825262,3.79623485385033,0.000146910330753623,0.00127083776251793
"Os07g0107300",2950.63855896224,1.493059474526,0.393477984799771,3.79451845389971,0.000147930279772728,0.0012792664132457
"Os01g0867300",2160.15745236285,-1.18315917090606,0.311842978842613,-3.79408629079059,0.000148188135922031,0.00128110150038325
"Os01g0164300",829.726333819956,-1.47395394169855,0.38863843593623,-3.79260980234186,0.000149072299703922,0.00128834828281227
"Os01g0675500",3204.54705736984,-0.737819388622721,0.194545753760847,-3.79252373469798,0.000149123992380927,0.00128839823712857
"Os01g0695700",1139.95850720005,-1.10663894139733,0.291880067229137,-3.79141663184754,0.000149790430647304,0.00129375779157422
"Os07g0591300",40.8758622383591,4.81296376248497,1.27001979377273,3.78967618149284,0.000150843794262719,0.00130245493987705
"Os02g0673000",195.949601440412,1.05817898108387,0.279246933567656,3.78940233135091,0.000151010168735792,0.00130349041989043
"Os06g0146200",913.801022382485,-1.54405658064843,0.40751223836791,-3.78898210967208,0.000151265805503663,0.00130529552092367
"Os09g0482680",456.86165526645,0.920183335470444,0.242992802057573,3.78687486904415,0.000152553875032385,0.00131600579193323
"Os06g0230801",288.848276610836,-1.08894608215097,0.287574101456189,-3.78666255631807,0.000152684224052167,0.00131672547490839
"Os02g0740500",1503.0851113356,1.26843807840416,0.335003010943398,3.78634829230975,0.000152877358340325,0.00131798599992202
"Os09g0438400",2037.6376199075,0.942703603503934,0.249032610521783,3.78546248031028,0.000153422981908873,0.00132228369727481
"Os05g0255600",3103.17947195261,-0.524577885903378,0.13860952124729,-3.78457324708228,0.000153972556111288,0.00132632652623399
"Os06g0100700",21.9180047108642,-8.24414035218688,2.17836707351691,-3.78455057111976,0.000153986594771233,0.00132632652623399
"Os02g0588500",5479.28178480661,-0.797568846707395,0.210809384050875,-3.78336500672529,0.000154722256683298,0.00133225405555284
"Os04g0482000",6724.820549181,0.91372861783794,0.241521489744541,3.78321870573254,0.000154813267776028,0.00133262880991745
"Os09g0295300",19.8291291595966,-5.81060302773551,1.53631580598066,-3.78216705518205,0.000155468964248506,0.00133786264174842
"Os01g0232500",3972.60724976319,-0.714492520474292,0.188932010476757,-3.78174412409691,0.000155733394953208,0.00133972732347546
"Os09g0255200",147.057463703073,3.92500733760757,1.03791528926295,3.78162589780792,0.000155807389667668,0.00133995310108922
"Os03g0744600",12734.0792796372,0.856645394075782,0.226535124752623,3.7815124476226,0.000155878426256086,0.00134015330808771
"Os01g0728150",274.615249299857,1.64791381868904,0.435814577945749,3.78122693016977,0.000156057337308316,0.00134128055116263
"Os04g0549600",35753.2641716454,-2.05787101140412,0.544368789274573,-3.78028838528095,0.000156646811457155,0.00134593472844785
"Os04g0619500",3373.67345949574,-0.507621807668121,0.134297535618756,-3.77982965457504,0.000156935689408809,0.00134768701774424
"Os12g0535400",2117.31680845412,6.63733804955216,1.7559968615152,3.77981202302662,0.00015694680257958,0.00134768701774424
"Os06g0662200",694.073903472563,1.18764201819905,0.314264994210615,3.77911011432316,0.000157389817990803,0.00135107772176749
"Os03g0152400",2756.8107227354,0.550474327725136,0.145700515051941,3.77812204389873,0.000158015441460984,0.0013560334306661
"Os12g0116600",1254.06900010856,-0.701890069869502,0.185834189444261,-3.77696952303831,0.00015874814814423,0.00136190477934069
"Os01g0708700",505.268144287985,1.4878560116556,0.393975812853292,3.77651612894735,0.000159037265464541,0.0013639681367561
"Os02g0658100",14685.1218078586,-1.39355228046004,0.369042801895435,-3.77612643656138,0.000159286157813357,0.00136568535305788
"Os05g0247100",46247.9449907267,1.1098992365649,0.293941438880891,3.7759195872163,0.000159418419149368,0.00136640185649651
"Os01g0853600",503.126028287534,-1.14827454890417,0.30411748097189,-3.77575976637234,0.000159520680804047,0.00136686086861776
"Os10g0325400",480.745324675283,1.74349535942473,0.461802858147086,3.77541049966698,0.000159744374631346,0.00136835978049598
"Os04g0517500",411.7562601953,1.5314341658284,0.405714749447368,3.77465736188884,0.000160227739521023,0.00137208142399724
"Os10g0191900",25.1364461380642,-8.17281974384237,2.16539202038423,-3.77429105995883,0.000160463329791622,0.00137367967071766
"Os10g0539600",3130.52976190015,-0.76302856890012,0.202229563615531,-3.77308122145163,0.000161243766272577,0.00137993978930804
"Os03g0292200",1447.42510627104,0.585080605675343,0.155074914596429,3.7728900718596,0.000161367398336397,0.00138057680857194
"Os05g0105800",775.244145956011,-2.34480073409999,0.621556140702752,-3.77246813368923,0.00016164061606168,0.0013824928277729
"Os04g0615800",122.456860941091,3.73268094475048,0.989618885951685,3.77183681287659,0.000162050228384356,0.00138557389059165
"Os04g0634700",1944.04856733312,0.770897522563779,0.204419975806316,3.77114574797812,0.000162499723365895,0.00138899398022959
"Os07g0296100",84.9491371244667,-1.71162267513185,0.45388682607192,-3.77103404816741,0.000162572487228193,0.00138919279433543
"Os05g0250700",160.478849019444,-1.10845874184491,0.293987158480229,-3.77043251676399,0.00016296486619484,0.00139212178848085
"Os12g0111400",33.3761471926426,-8.4337586309563,2.23691311506766,-3.77026652226553,0.000163073301186462,0.00139262415638907
"Os05g0142100",393.155360520503,1.9319994531772,0.512475051018094,3.76993855474339,0.000163287743763364,0.00139362219356165
"Os08g0506350",172.025853039684,-1.52990545410639,0.40581736739902,-3.76993588005343,0.000163289493707886,0.00139362219356165
"Os01g0357100",22530.7979770218,0.656443985868965,0.174174211920191,3.76889310209572,0.000163973088454447,0.00139860571678076
"Os02g0599700",504.388384361422,4.90979806434862,1.30270340522559,3.76893009157244,0.000163948793952347,0.00139860571678076
"Os09g0482640",204.75129651332,-7.39788099768381,1.9630838084103,-3.76849982970141,0.000164231597315594,0.00140038501484965
"Os01g0179000",926.424588073159,1.02910059231722,0.273086834312368,3.76840060747891,0.000164296879385164,0.00140051610853781
"Os01g0349800",17.4498870559674,-8.39295321273523,2.22777066901602,-3.76742244139622,0.000164941760059592,0.00140515958433281
"Os01g0944100",30.2085138325352,-7.93712099575985,2.10676597289872,-3.7674431322047,0.000164928094502418,0.00140515958433281
"Os02g0811800",94.420630759546,2.66392863247556,0.707185671332049,3.76694373269443,0.000165258228056492,0.0014074283446802
"Os05g0526200",1337.27464114471,-2.72106637992907,0.722403524935829,-3.76668480427304,0.000165429640183231,0.00140846072901148
"Os01g0849100",310.877899479923,1.48282987331938,0.393686253573479,3.76652692305046,0.000165534240551086,0.00140892382722007
"Os03g0862000",258.233599741259,-1.12500506279996,0.298746324298869,-3.76575365551441,0.000166047449466713,0.00141286341022889
"Os12g0150500",15.3642610667929,-7.10358599939236,1.88680273022886,-3.76488007229602,0.000166629037411094,0.00141738225153989
"Os05g0592000",180.454547705566,0.932632419323626,0.247779182339094,3.76396600601938,0.000167239628238271,0.00142214498412799
"Os06g0700000",2035.14870430837,-0.964427699223944,0.256310900496147,-3.76272603840523,0.000168071284051141,0.00142878411785614
"Os05g0466000",130.206870740226,-1.51649574364106,0.403102025971426,-3.76206430614308,0.000168516703529648,0.00143213680631405
"Os01g0857900",1475.35052536487,-1.0579838670772,0.28125853185424,-3.76160630613505,0.000168825638501502,0.00143432790421712
"Os10g0196400",165.983692014405,2.04133569465911,0.543039653966779,3.75909140289779,0.000170531533611053,0.00144838253516748
"Os01g0238500",4287.66692597788,0.705350393464603,0.18764237885068,3.75901434305467,0.000170584059542608,0.00144839028105436
"Os06g0618000",69.1395090919314,2.16290051500706,0.575424062980841,3.75879399933797,0.000170734335353442,0.00144922774309991
"Os06g0244200",348.42675866747,-1.08115359777351,0.287679645778944,-3.75818593229318,0.000171149687150095,0.00145231403713515
"Os12g0485500",1231.59492759537,0.692071705738148,0.184223441387432,3.75669730478372,0.000172170537483413,0.00146053495249683
"Os03g0194400",1506.46504472382,0.38741101678827,0.103145576632603,3.75596345898767,0.00017267588895523,0.00146437920696938
"Os09g0545999",11.7090021265579,7.70790983118138,2.05227614437445,3.75578591229535,0.000172798363136918,0.00146497512578495
"Os01g0310550",54.2661936992176,-6.22341354783561,1.65732648845111,-3.75509206616967,0.00017327777180515,0.00146825394820669
"Os07g0586000",752.907797714438,0.718185769101245,0.19125738297792,3.75507474754141,0.000173289753989757,0.00146825394820669
"Os06g0107700",2035.16087603106,-3.99244188031461,1.06333827973014,-3.75463007061858,0.000173597678214661,0.00147041896953209
"Os02g0116600",4045.89364050686,-0.560575829227129,0.149307669932009,-3.75450122208993,0.000173686997717144,0.00147073160227475
"Os07g0563000",1215.37914072202,0.939227652643273,0.250165505378163,3.754425100389,0.000173739786593983,0.00147073480886889
"Os08g0427700",3390.20765288828,1.46679646836585,0.390771582126903,3.7535904232911,0.000174319609144517,0.00147519809162046
"Os01g0640100",164.990968070934,-2.2397366265536,0.596715194570825,-3.75344326226599,0.000174422025558215,0.0014756198013912
"Os07g0607200",362.43190188212,-3.0480802699095,0.812269219571613,-3.75254927364729,0.00017504541218358,0.00148044736488717
"Os07g0222700",2043.66227415331,0.947351738059846,0.25253238810435,3.75140687961335,0.000175845063887586,0.00148676233287539
"Os01g0546400",564.12699908381,-1.86182824190491,0.496389546319996,-3.75074023155332,0.000176313289388391,0.00148982340464228
"Os12g0618600",1967.17740549189,1.07194243374539,0.285793609063743,3.75075718892757,0.000176301364725338,0.00148982340464228
"Os01g0338150",737.978103322695,-0.785577894693541,0.209514062206423,-3.74952347551523,0.000177170911766557,0.00149661954424838
"Os01g0959900",504.072589115785,-4.45187087865147,1.18755612606504,-3.74876671589639,0.000177706285688396,0.00150069027655365
"Os05g0322900",3343.60030061734,1.03420441092108,0.275948505958865,3.74781667082206,0.000178380554281752,0.00150593114147248
"Os01g0920000",1917.28917351241,0.665099925265434,0.177472141909818,3.74763001171983,0.000178513312928609,0.00150659867290305
"Os01g0627701",350.079738557915,2.2200861564479,0.592453667082719,3.74727388789701,0.000178766858715214,0.00150791295055685
"Os03g0293500",14988.8713479044,-1.11660606841779,0.297981571574547,-3.74723195974032,0.000178796732140189,0.00150791295055685
"Os07g0516700",1066.28856224809,-1.29601356707944,0.345863252066644,-3.74718493316462,0.000178830243726506,0.00150791295055685
"Os10g0119200",151.579360010644,-4.56281269276889,1.21780946440528,-3.74673775014317,0.000179149205844011,0.0015101486976253
"Os10g0415400",1186.63874236777,0.665787405025294,0.177745101461997,3.74574263678171,0.000179860910724908,0.0015156927557845
"Os05g0482400",609.105245149267,-1.2469470794167,0.333063178833495,-3.74387551269986,0.000181203456492142,0.00152654800242644
"Os07g0669700",13322.615663846,-0.883756915793213,0.236066487166858,-3.74367800529243,0.000181346022887923,0.00152729054450207
"Os03g0138900",80.0793688890309,-2.26618267214221,0.605366073893492,-3.74349136806917,0.000181480839785306,0.00152790264057515
"Os10g0142600",71.0539291363232,-3.78321279212157,1.01062826268867,-3.74342667011581,0.000181527596168397,0.00152790264057515
"Os06g0573900",410.75292954798,-1.91373957089859,0.511389647972557,-3.74223369300837,0.00018239177786751,0.00153471606312385
"Os09g0501700",3974.39539706232,1.436733153664,0.384103030348932,3.74048898379903,0.000183662596318113,0.0015449459765824
"Os09g0506450",40.2980367701163,-7.81557916840927,2.0897298975293,-3.73999490443702,0.000184023985453206,0.00154752204968171
"Os03g0738000",1554.36482232274,0.820477960197128,0.219409979396998,3.73947421376201,0.000184405562557372,0.00155026629613091
"Os02g0697600",1802.28823465961,1.04012692382055,0.278167689450451,3.73920826633541,0.00018460074332736,0.00155144236575393
"Os01g0198500",1007.76919899594,0.917604537801816,0.245424256963276,3.73885022269466,0.000184863820923369,0.00155318818645257
"Os02g0193300",282.915830450511,2.35277810280578,0.629308255359499,3.73867350820264,0.000184993794242344,0.00155381498175057
"Os06g0498500",2538.16940208507,0.496032913591095,0.132703332982358,3.73790847933744,0.000185557463710932,0.00155808304807186
"Os03g0242300",1304.36989683961,1.25376277616751,0.335433705027797,3.7377364211614,0.000185684457510116,0.00155868299331406
"Os02g0759800",10068.6680076119,-1.10290036405347,0.295127674101466,-3.73702794023407,0.000186208238979535,0.00156261232124513
"Os11g0115100",6456.32343318738,-1.19222177722423,0.319140064641332,-3.73573207915502,0.000187169867020237,0.00157021249875094
"Os06g0286850",11.1919406510746,-7.09246144517745,1.89887456887335,-3.73508685694052,0.000187650410147867,0.00157377340393588
"Os01g0627900",856.286965263954,1.62044521645671,0.433939924132881,3.73426164853293,0.000188266691978633,0.00157847024508647
"Os03g0318400",217.701313730439,2.7248569683059,0.729781419716867,3.73379877136782,0.000188613210044082,0.00158090319601464
"Os09g0353700",179.303807233372,-1.91486198763955,0.512857376304091,-3.73371248248199,0.00018867787369242,0.00158094931762757
"Os09g0362500",2658.42425763625,0.992029484094693,0.265700280113729,3.73364109239956,0.000188731388142412,0.00158094931762757
"Os03g0833200",499.276162814752,0.897330388568301,0.24036366500278,3.73321977994437,0.000189047497222254,0.0015826524066381
"Os09g0287500",487.005286188152,-1.97221223287129,0.528279725373021,-3.73327261703769,0.00018900782648546,0.0015826524066381
"Os02g0137700",487.246612024827,-2.70890322685882,0.725690380228118,-3.73286362981316,0.00018931510333434,0.00158396617056743
"Os07g0486000",408.043434443343,4.78841836523387,1.28277446377344,3.73286068631906,0.000189317316516398,0.00158396617056743
"Os01g0937200",1523.61722042217,-0.726883610148588,0.194765236076836,-3.73210139956304,0.000189889029096481,0.00158827598643977
"Os03g0101100",3448.41657878361,0.816240106959165,0.218923743617613,3.72842202253249,0.000192682509982244,0.00161116108317096
"Os07g0677200",1382.02862566415,1.59591540913693,0.42811934739459,3.72773484508281,0.000193208494790751,0.00161507798058328
"Os06g0163000",2011.7451776664,0.762607019263936,0.204604857094853,3.72721855234549,0.00019360456707272,0.00161790689731824
"Os01g0734800",2225.26532251636,1.72067399335285,0.46179331417042,3.72606952191138,0.000194488782306881,0.00162432863365943
"Os10g0162852",45.4555058526197,-2.72472857730033,0.731258643405205,-3.72608050772878,0.000194480310434607,0.00162432863365943
"Os01g0647700",2179.67528294112,0.713633449668675,0.191541499635183,3.72573803080736,0.000194744579645183,0.00162565151303665
"Os03g0559700",1434.73808885699,1.77354232425303,0.476027484795957,3.72571412554725,0.000194763038515758,0.00162565151303665
"Os02g0816300",267.114104103579,-1.64547926436063,0.441679615725,-3.72550420208919,0.000194925205262712,0.00162652129351241
"Os09g0467300",79.0478169261692,-2.19256356856636,0.588566018293278,-3.72526360751229,0.000195111221618037,0.00162758950685058
"Os07g0689950",1377.01822512049,-1.03808100494095,0.278689324129536,-3.72486821367597,0.00019541728380701,0.00162965819262773
"Os01g0197900",38.3725107364561,4.53811975576699,1.21855984249959,3.72416650991723,0.000195961562119634,0.00163371163285834
"Os06g0643900",6014.68793860016,-0.548849282536873,0.147382861862445,-3.72396950093916,0.000196114628547203,0.00163450214027075
"Os05g0565200",1957.2354202225,1.0743696921462,0.288646422427172,3.72209599243264,0.000197575878600841,0.00164619189587197
"Os12g0637100",1694.64559579516,1.06128265432471,0.285137887319271,3.72199802805015,0.000197652567036771,0.00164634204101688
"Os11g0265900",489.458247301228,-0.89159631596657,0.239640634028472,-3.72055565443312,0.000198784927633262,0.00165528268226843
"Os01g0841800",655.07610921103,-0.867857363483408,0.233268458898276,-3.72042310213,0.000198889295374618,0.00165566045885569
"Os12g0571700",198.725323970609,-2.0971507625895,0.563839400568602,-3.71941152121443,0.000199687481428015,0.00166181201181286
"Os05g0213900",446.101278210503,-1.02066528047202,0.274421713069498,-3.71933134975196,0.00019975086911394,0.00166184669109854
"Os08g0430300",602.614297448639,-1.4108185229921,0.379480409351126,-3.71776378497235,0.000200994071417686,0.00167169402256168
"Os04g0483600",3019.65420305376,1.11427309228006,0.299725796292738,3.71764161130717,0.000201091269479987,0.00167200687530293
"Os03g0149800",775.537385341753,-0.835514181401123,0.224757752226217,-3.71739872429487,0.000201284634988445,0.00167311890611544
"Os06g0668400",8.31197876361593,6.34418519512227,1.70668563043885,3.71725470817432,0.000201399370573587,0.0016735768839313
"Os10g0112700",1749.56028685577,-0.646662824922156,0.173991283338552,-3.71663920464269,0.000201890426229577,0.00167716078770112
"Os11g0151700",254.524015753167,-2.6564418093375,0.714781525193331,-3.71643882180502,0.000202050536465822,0.00167799412675463
"Os09g0512200",267.918608494119,-0.900894982020643,0.242423219037513,-3.71620748869455,0.000202235524985294,0.0016790335213424
"Os03g0293850",4376.87618086543,-1.58798854858657,0.427361321958881,-3.71579847541599,0.000202562987161441,0.00168075770127864
"Os09g0243200",62.2083634430819,-5.23644185805667,1.40923073458596,-3.71581582032069,0.000202549090462404,0.00168075770127864
"Os12g0517100",23.2010983180384,-8.29911599357486,2.234494601416,-3.71409086793752,0.000203935511709918,0.00169164597387045
"Os08g0530600",1317.8753201868,-0.397915060074126,0.107243425817453,-3.7103911688857,0.000206939245180377,0.00171605469806494
"Os03g0218400",1730.06433242692,1.48191637930411,0.39942754442367,3.71010061772868,0.0002071768909822,0.00171751784778212
"Os04g0497000",271.124023224614,-2.22442175107817,0.59965036784841,-3.70953120409074,0.000207643365865596,0.00172036850691478
"Os10g0536100",895.792785205148,2.64260839128803,0.712371944633074,3.70959077094084,0.000207594521365671,0.00172036850691478
"Os05g0179800",2981.70232787899,0.620631762042363,0.167331614835712,3.70899284424947,0.00020808530796867,0.00172352122556577
"Os09g0421800",32.8162277910659,1.94345826445168,0.5240657654351,3.70842438608473,0.000208552916756825,0.0017268846119888
"Os03g0729100",792.570462628263,-1.52519615714536,0.41142009541289,-3.70715036564929,0.000209604501992117,0.00173508009879138
"Os07g0633500",1109.50117880953,0.42599005954627,0.114919350566709,3.70686100683268,0.0002098440337215,0.00173655065594006
"Os02g0280500",56.1225007278262,-5.36381533402278,1.44726194907262,-3.70618141205178,0.000210407614764299,0.0017407012044563
"Os04g0691400",293.356951139486,-0.940579529402563,0.253811160227775,-3.70582415902622,0.000210704450811472,0.00174264317673785
"Os02g0712700",3511.31593599552,0.569925399242663,0.153815395543475,3.70525588306,0.000211177433046929,0.00174604040252296
"Os09g0557400",1491.76195094011,0.725729425632906,0.195910395228721,3.70439467893284,0.000211896123467863,0.00175146657341831
"Os06g0367100",1386.28412193627,-0.798109848026867,0.215489472923721,-3.70370690130828,0.000212471735348206,0.00175570725481194
"Os04g0613900",2299.4167844819,0.559795413825833,0.151159452055456,3.7033437619267,0.000212776244391971,0.00175770590819179
"Os06g0297400",4205.9264772114,-0.660899548781293,0.178465812865662,-3.70322773963873,0.000212873620761432,0.00175799280335706
"Os05g0438600",3056.48497834905,-2.12225538746177,0.573266136457999,-3.70204212754377,0.000213871095078409,0.00176571070023251
"Os01g0281100",257.424705403618,-2.56713516946652,0.693726234413896,-3.70050178603293,0.000215173564848044,0.00177594134610759
"Os07g0606600",657.813991777666,1.53374343241116,0.414490930542344,3.70030637438635,0.000215339330840488,0.00177678691621458
"Os07g0559000",366.2424422714,-3.38558992504212,0.915035846307338,-3.69995332828195,0.000215639120828526,0.00177780639738503
"Os11g0621000",1510.58413381081,0.505128041915077,0.136523414857003,3.69993705800691,0.000215652946215474,0.00177780639738503
"Os11g0659500",3832.73826092052,-0.544072843491498,0.147048741495469,-3.69994899621947,0.000215642801842966,0.00177780639738503
"Os04g0599650",21.5518787833425,7.13060728238089,1.92769536412328,3.6990322304499,0.000216423119414584,0.00178363159383614
"Os03g0322200",725.926960553334,-1.04489909593305,0.282489020687327,-3.69890161886892,0.000216534506753707,0.00178402563961319
"Os01g0911250",40.7703376176684,6.79705943697251,1.83785294129745,3.69836959434528,0.00021698878095621,0.00178449721726812
"Os02g0478050",73.281899661033,-2.08632768192901,0.564102456639933,-3.69849068617107,0.000216885306960542,0.00178449721726812
"Os03g0826800",16782.5387150174,-2.06309962085161,0.557846527123352,-3.6983283403957,0.000217024043391478,0.00178449721726812
"Os07g0210000",997.731531054961,-1.45567887806335,0.393569305496923,-3.69865956956527,0.000216741072026757,0.00178449721726812
"Os08g0207500",1069.20214025454,-1.48749985021383,0.402199579545554,-3.69841224571781,0.000216952329708695,0.00178449721726812
"Os08g0468801",57.1600651762601,-3.31964868862839,0.897574862512069,-3.69846441480947,0.000216907752126459,0.00178449721726812
"Os10g0499200",14.9031858785592,-6.84808201772667,1.85167708173324,-3.6983133210876,0.000217036882707437,0.00178449721726812
"Os07g0643100",196.394693660566,-1.59783106923071,0.432185559784388,-3.69709499324283,0.000218080753784798,0.00179255480747188
"Os11g0173550",77.2427531187436,3.52991204604988,0.954814103418942,3.69696261650324,0.000218194458502082,0.00179296424435884
"Os04g0107600",183.636523027303,-4.70118424023593,1.27184004626511,-3.69636437698391,0.000218709009575739,0.00179666634271499
"Os08g0265000",56.4733130348721,-4.96117663163235,1.34259716107073,-3.69520864149285,0.000219706295864565,0.00180433072126176
"Os02g0635400",8.44779246216101,-6.30062974791655,1.70512204602456,-3.69511951511405,0.000219783380231523,0.00180443569808572
"Os07g0493100",89.1848203860797,-1.59008206544449,0.430369712905687,-3.69468858463316,0.000220156445294202,0.00180644156954558
"Os09g0327600",467.36389458158,1.31409601838994,0.355670644297332,3.69469912532726,0.000220147312917479,0.00180644156954558
"Os11g0558300",20.0554866364263,-8.68624434504274,2.35114814957035,-3.69446916674736,0.000220346628050157,0.001807473568063
"Os06g0584400",725.600228068763,-1.90592726906305,0.515945341517175,-3.69404879877107,0.000220711417291318,0.00180940806077387
"Os12g0263800",10.3605443174078,-6.5868664951556,1.78308645729598,-3.6940813880357,0.000220683116538714,0.00180940806077387
"Os01g0905700",4792.13357420153,0.742537004258299,0.20101549506811,3.6939291869351,0.000220815318277923,0.00180973115114342
"Os11g0152700",7334.50452923908,0.873335377587942,0.236478914134173,3.69307927848667,0.000221554915825966,0.00181526249573964
"Os01g0782300",17.6912070431216,6.28907507857049,1.70304916165878,3.69283237393153,0.000221770209804625,0.00181649609677098
"Os10g0162400",1569.26702358637,-0.80807570342465,0.218836985872024,-3.69259200040898,0.000221979997567268,0.00181768389020504
"Os08g0562300",2360.04397546442,-1.01308530525808,0.274395042066091,-3.69206855061933,0.000222437486984055,0.00182089870471019
"Os02g0750200",1096.15863561176,-2.14133143548239,0.579993328409636,-3.69199321887719,0.000222503398916275,0.00182090708089487
"Os12g0226900",243.258653855421,-3.95210957902828,1.0704768928213,-3.69191488908488,0.000222571953452729,0.00182093707224213
"Os04g0150300",24.6846434418221,-8.03188532948796,2.1757449113704,-3.69155652738218,0.000222885845944152,0.00182297365458607
"Os06g0190800",1074.87505738675,-1.28863758744896,0.349175109465975,-3.69051960610763,0.000223796437796786,0.001829888006251
"Os05g0294800",1179.81216282773,-0.847014269257146,0.229515552256806,-3.69044389771643,0.00022386305915041,0.0018298995531252
"Os06g0494400",258.740785758453,2.15542443769218,0.584090901912712,3.69022087252831,0.000224059423549561,0.00183097132895975
"Os02g0227600",28.244696203631,4.6613108925952,1.26328898931292,3.68982151513122,0.000224411445154981,0.00183331411177265
"Os02g0228151",32.2877553692791,-7.94247780770331,2.15297817196102,-3.68906564457595,0.000225079144106414,0.00183823368507398
"Os03g0387500",1340.47281241832,-0.833163912256521,0.225857047236839,-3.68889933898253,0.000225226300371313,0.00183890033198132
"Os12g0271751",10.0581947845809,-5.85622730430828,1.58762220716442,-3.68867812372555,0.000225422183664844,0.00183996431588216
"Os06g0186600",5296.73331773941,-0.646081324770945,0.175214306179063,-3.68737769683414,0.000226576932047062,0.0018488519532145
"Os03g0569000",12.3764477906606,-7.1339158767243,1.93475604842149,-3.68724309328023,0.000226696773396671,0.00184929210902831
"Os06g0644100",16179.5011912108,-0.464599222563791,0.126014401576293,-3.68687401401901,0.000227025680394634,0.00185143697856269
"Os03g0149100",214.720819165497,1.54341973341563,0.41868691619713,3.68633380625856,0.000227507897139655,0.00185429178319286
"Os06g0286400",2092.73185323862,0.833041289468805,0.225979311987126,3.68636085375932,0.000227483730329379,0.00185429178319286
"Os01g0857700",3692.50678627285,0.834379660020434,0.226365830884927,3.68597882798217,0.000227825291928478,0.00185633953022559
"Os10g0550900",460.625321213637,1.96490234732718,0.533183360013707,3.68522818731002,0.00022849782728538,0.00186127896350721
"Os12g0509200",144.062971057118,-2.04835164208147,0.555856915419729,-3.68503401731497,0.000228672096682983,0.00186215797362678
"Os07g0492966",12.3869388228556,-7.39886577085566,2.00876939245434,-3.68328280919077,0.000230249468148714,0.00187445911667804
"Os08g0421500",7.05919255753972,-6.77956887405531,1.84075833670097,-3.68303037877625,0.00023047768090523,0.0018757728194787
"Os03g0854200",1802.92374432295,0.943418772040484,0.256195204348307,3.68242166921232,0.000231028865562306,0.00187971354752375
"Os09g0517900",635.476524508022,1.26830942849465,0.344471925680204,3.68189490621105,0.000231506846082095,0.00188305655500167
"Os11g0195100",908.138809170013,-0.815528131940152,0.221538876439093,-3.68119647913969,0.000232142024291089,0.00188767588688975
"Os04g0598900",73.7440008247747,-1.90166425559677,0.516630387797739,-3.6808989569953,0.000232413099546732,0.00188933267655863
"Os06g0633800",60897.4014836378,-1.43502910238154,0.389871858228799,-3.68077118697648,0.000232529603177886,0.00188973232678188
"Os12g0574400",5366.19564192224,0.911570958311648,0.247681591043763,3.68041465847408,0.00023285498393231,0.00189182876638925
"Os03g0189400",3731.11062284087,0.605129262480202,0.164455209974981,3.67959922079855,0.000233600788602885,0.00189733873510106
"Os01g0176000",3638.40379252836,0.631646750911269,0.171691030741662,3.67897349199149,0.000234174603661216,0.00190144899535331
"Os03g0596900",12258.4958293388,0.432985559530362,0.117716169504482,3.67821652159585,0.000234870539700642,0.001906548187758
"Os03g0690600",2490.57170996475,-0.950557138056425,0.258507456878687,-3.67709755661906,0.000235902838398719,0.00191437404602222
"Os03g0231700",1924.64174785862,-0.64484559366564,0.1754314105356,-3.67577044325698,0.000237132682661716,0.00192379801701448
"Os01g0868000",235.257069241362,-2.38402699851977,0.648602585828399,-3.67563597588016,0.000237257629519781,0.00192425537560234
"Os11g0590700",79.9428716345195,-9.86798735322158,2.68508768322717,-3.67510804763046,0.000237748777144015,0.00192768164814081
"Os03g0269000",1919.0202949704,0.494990810847823,0.134712215508333,3.67443152040808,0.000238379565483001,0.00193223782974696
"Os07g0295400",1196.63816659384,0.813885952705159,0.221520479536869,3.67408897997487,0.000238699545804408,0.00193427278497352
"Os06g0572300",16.0078252859124,-8.22383444822269,2.23858843558579,-3.67366967393034,0.00023909178444564,0.0019368919327695
"Os12g0118200",435.261980688007,-1.45527500714741,0.396269911139978,-3.67243377868614,0.000240251420060694,0.00194572448766037
"Os12g0136900",4048.43079205683,-0.867866053734287,0.236451464216561,-3.67037716010686,0.000242192841165245,0.00196088156629518
"Os09g0361100",2719.7937763523,0.628364723021996,0.171215986532677,3.67001198747332,0.000242539094296654,0.00196311856479744
"Os03g0576900",5470.73704114983,-0.475424722842535,0.129563948630786,-3.66942137737202,0.000243100088131301,0.00196709188960224
"Os07g0544800",13152.5410008226,-3.20273006918971,0.872854071189873,-3.66926176425316,0.000243251906222831,0.0019677529525584
"Os03g0744675",564.018950920401,-2.18147320075399,0.594549382218397,-3.66912028840132,0.000243386547170323,0.00196827472239009
"Os01g0507900",1962.75676100328,0.465820902717078,0.126976181070638,3.66856916619612,0.000243911710773997,0.00197195345080377
"Os01g0860450",6627.57368011783,0.833039452084315,0.227111151238672,3.66798128379382,0.000244473074739139,0.00197592264496824
"Os07g0178600",261.454258263093,0.927517571230023,0.252877655271974,3.66785104137597,0.000244597606017212,0.0019763599251526
"Os07g0646600",4672.19595438461,0.421111288056313,0.114818925552721,3.66761216436355,0.000244826162924768,0.00197763724352183
"Os07g0605400",1968.64300745203,1.12574768240078,0.306973415870917,3.66724812051529,0.000245174864472726,0.00197988404225428
"Os03g0603300",1053.65892123802,-0.491637643920052,0.134114294174651,-3.66581091855736,0.000246556052166978,0.00199046488374849
"Os02g0170000",316.251266793428,-2.34280458463316,0.639208009862011,-3.66516775210453,0.000247176512494817,0.00199489999816783
"Os06g0494100",1340.94864712331,-0.885279245795256,0.241580215119523,-3.66453538158024,0.000247787985693252,0.00199926005017943
"Os07g0599700",1232.76564319072,1.73770809000173,0.474217016239617,3.66437312558114,0.00024794510835432,0.0019999527538485
"Os02g0185200",369.25829640422,2.27581341075493,0.621586171445985,3.66129993764299,0.000250938773754364,0.0020235183531882
"Os05g0489900",1121.34115209095,1.15855290981828,0.316480935090704,3.66073523350226,0.000251492539169935,0.00202740121637079
"Os03g0344100",6647.81781548243,0.520766968791684,0.142322580932979,3.65906074340318,0.000253141338644569,0.00204010690552668
"Os01g0663400",520.285343431087,-1.3937311572748,0.380946251086903,-3.65860315805249,0.000253593664047481,0.0020431654896642
"Os11g0526800",465.848755817355,-0.63195924596488,0.172757756950521,-3.65806582071958,0.000254125792299202,0.0020468650928531
"Os12g0416800",1076.69466191592,1.8272476120834,0.499575338475432,3.65760170960333,0.000254586246828552,0.00204998544002951
"Os11g0676800",28.4829391422458,6.56769124120713,1.7956771919364,3.65750106461213,0.0002546862020443,0.00205020200853905
"Os06g0656300",244.660890604976,-1.40702206333278,0.384703304123583,-3.65742131208935,0.000254765434113605,0.00205025168112876
"Os03g0670700",162931.741224595,-0.569961175157764,0.155853083744812,-3.6570413716741,0.000255143212557001,0.00205270321983216
"Os06g0473200",3260.81711565145,0.968960341548173,0.264980642950905,3.65672122596404,0.000255461944293778,0.00205408970795759
"Os11g0139700",32033.0406559308,-2.22097373793281,0.607361028197927,-3.65676036956563,0.000255422953550272,0.00205408970795759
"Os07g0597000",27578.3752012584,1.10665806171483,0.302733609048017,3.6555507173282,0.000256630464183691,0.00206280377688102
"Os11g0431700",878.335623064503,1.25012352701698,0.341985352855854,3.65548850726337,0.000256692708604823,0.00206280377688102
"Os08g0369000",869.369777893281,0.777369451881664,0.212669139757085,3.6552997429227,0.000256881663852477,0.00206373124850507
"Os11g0284900",230.946535788714,-4.06369684273643,1.11188467213369,-3.65478268077772,0.000257399917093037,0.0020673029403162
"Os11g0210000",166.07940692397,-2.12456149417803,0.581360944672612,-3.65446202337253,0.000257721805521742,0.00206929593892736
"Os01g0684800",2316.76128603772,-0.695721890075907,0.190394296902591,-3.6541109759808,0.000258074633389911,0.00207153614479053
"Os03g0736000",4346.91232632712,0.509230473900677,0.139372852633516,3.65372785502002,0.000258460214363126,0.00207403789975923
"Os04g0562100",138.59068356556,1.51460043114734,0.414571911695111,3.65340822284463,0.00025878231213993,0.00207602894318774
"Os09g0471200",1406.04945276993,-1.26139555183537,0.345416331632774,-3.65181213601796,0.000260396350884901,0.00208838022250131
"Os04g0525700",327.546291770722,-0.993861108876612,0.272186718615651,-3.65139457917498,0.000260820159155599,0.00209118151606412
"Os09g0550300",38.1698524838168,-7.37889090017848,2.02128602895507,-3.65059214503802,0.000261636423106072,0.00209712690808414
"Os06g0200700",1588.21128325746,1.33450391493854,0.365593104569828,3.65024366777587,0.000261991651706164,0.00209937456601324
"Os01g0589000",624.242107109984,-0.879363827974187,0.240915484719625,-3.65009259989071,0.000262145786814061,0.00210001001129779
"Os03g0200200",381.246213887737,-1.0899426092159,0.298651623268029,-3.64954523698576,0.000262704975545714,0.00210388899080018
"Os04g0455401",1549.38638141933,0.539012350517601,0.147743445945539,3.64829957138195,0.000263981725020576,0.00211351074679812
"Os08g0203800",573.862053867301,-1.01325792647687,0.277755432316617,-3.64802199555848,0.000264267018826838,0.00211519140967448
"Os04g0661300",2835.06929596124,0.995905596406185,0.273083751911414,3.64688704265807,0.000265436538939858,0.00212394643733399
"Os02g0198300",2942.33109676917,0.890164193296021,0.244148474982815,3.64599530412254,0.000266358839065318,0.00213071885457553
"Os09g0524500",139.104554668723,-1.82637237058182,0.500945094317164,-3.64585339052245,0.000266505893112303,0.00213128765247006
"Os09g0342000",88.5885065097633,2.10737624787701,0.578053288565868,3.6456435584085,0.000266723465308714,0.0021324199098271
"Os01g0276100",12596.6471027662,0.524206678454805,0.143792929607931,3.64556643976945,0.000266803470460322,0.0021324520045735
"Os09g0508500",871.110371317731,0.668026307190238,0.183248963537564,3.64545749287854,0.000266916533519422,0.00213274822426595
"Os07g0170900",148.547912554407,2.87069736990924,0.787707668091717,3.64436895335008,0.00026804866853743,0.00214118466737755
"Os05g0452500",1322.00680263568,-1.55953048988277,0.427981195059495,-3.64392292905761,0.000268513854677019,0.00214429020772525
"Os07g0605600",28.7041761833705,-7.75874912964806,2.12944117900745,-3.64356113995337,0.000268891742521306,0.00214669703517294
"Os02g0737801",7.5518088632468,6.667187021608,1.82991451982604,3.64344178341281,0.000269016519457881,0.00214708235751623
"Os05g0116100",11676.6962319616,0.552183033918627,0.151579064554293,3.64287136579369,0.000269613591593854,0.00215123588493225
"Os03g0222401",48.4323502131269,-2.03975773407341,0.560324250582922,-3.6403167129593,0.000272302889139726,0.00217145884485337
"Os06g0694800",584.154453286475,-2.42021323734816,0.66482950906691,-3.64035170572517,0.000272265882820064,0.00217145884485337
"Os05g0534400",266.24520555055,1.19020790556385,0.326989837966461,3.63989264304269,0.000272751735803811,0.00217442023014959
"Os08g0229200",143.419878007172,-2.08692150948162,0.573731725132181,-3.6374518229767,0.000275348674250026,0.00219449999909237
"Os02g0803300",846.355407512274,0.718322278624435,0.197495790181639,3.63715235633016,0.000275668886409306,0.00219642824827312
"Os04g0610800",7982.94018934565,-2.03505788966121,0.559581077331754,-3.63675251380007,0.000276096972060491,0.00219921465511255
"Os08g0290400",1682.04302681787,0.608751180656907,0.167394714084853,3.63662128750571,0.000276237603336197,0.00219971044972201
"Os11g0558400",357.900622511991,-1.50920841888223,0.415107320932321,-3.63570658183668,0.000277219732285666,0.00220690500068096
"Os02g0756800",1083.87993390324,-1.59557695067272,0.438909964110408,-3.63531722025647,0.000277638785969819,0.00220961418374505
"Os01g0624500",18710.5968755499,0.418611520204558,0.115202896143945,3.63368920588166,0.000279397388662434,0.00222297973366749
"Os08g0336500",22.2058239656835,-8.00279676030526,2.20302527556994,-3.63263955663644,0.000280536762483767,0.00223141230975608
"Os05g0188800",444.372718545668,-0.882540480323055,0.242956359294889,-3.63250619528699,0.00028068183495846,0.00223193359382383
"Os03g0819100",3628.04902291973,0.402392944895419,0.110780701192255,3.63233794843999,0.000280864956687005,0.00223275705794638
"Os05g0116500",60.7547619783259,2.85538193029968,0.786166907927137,3.63203017261103,0.000281200233044542,0.00223478927773887
"Os03g0346200",10.5990765749844,-7.15653502247039,1.97127854500776,-3.63040273562264,0.000282979328706869,0.00224829159744398
"Os03g0167700",7124.01002204705,-0.396525700230211,0.109254374979756,-3.62938051957813,0.000284102190619978,0.00225657392391107
"Os02g0236200",10536.3614145837,-0.361675977088308,0.0996751745957323,-3.62854621078129,0.000285021736850065,0.00226323711926614
"Os01g0670300",371.471196815702,-1.35330362786924,0.37304256001075,-3.62774592751626,0.000285906400970171,0.00226961963904524
"Os08g0300366",9.78591175568786,6.23691762499384,1.71939758903066,3.6273853498364,0.000286305837617368,0.00227214774186046
"Os06g0289300",22.8270308177693,7.10800437396255,1.96033123529429,3.62592007207164,0.000287934411796993,0.00228442619843008
"Os02g0108500",17.4844892944579,-7.19211286783669,1.98358794419183,-3.62580993139023,0.000288057177035015,0.00228475424023646
"Os03g0732000",976.086158822148,-2.09200112861792,0.577100882966677,-3.62501806939484,0.000288941248617378,0.00229047155895505
"Os10g0540200",120.961777214618,-2.32698204713066,0.641917671483476,-3.62504749519201,0.00028890835086513,0.00229047155895505
"Os11g0685400",69.1814868109619,5.6077788991804,1.5471945046456,3.62448217230769,0.00028954099057575,0.0022945775988525
"Os06g0508800",12.0691713152079,-6.32718730011045,1.7462197763609,-3.62336252616279,0.00029079779289934,0.00230323671022898
"Os11g0700900",533.405886094518,-3.58061498740581,0.988201141118133,-3.62336657834093,0.00029079323513086,0.00230323671022898
"Os08g0547100",1381.74432023146,-0.843730562672889,0.232876611221669,-3.62307987155381,0.00029111587951694,0.0023051054771457
"Os08g0428900",4181.3388225084,-0.904130979218305,0.249586348072607,-3.62251776269143,0.000291749420054618,0.00230947030340555
"Os04g0556300",15884.8782552049,0.674884312075954,0.186309763966996,3.62237758078801,0.000291907617080963,0.00231007093923462
"Os03g0700700",5394.5763222511,0.50192117872574,0.13856666289346,3.62223617315265,0.000292067278769709,0.00231068282403032
"Os01g0883800",111.429726940054,-2.51976014768136,0.695803349402544,-3.62136823550069,0.000293049050262548,0.0023177966314734
"Os10g0360800",46.9240804314634,4.79661991835633,1.32550396703863,3.61871411752369,0.000296070482007753,0.00234103405638252
"Os12g0130200",108.867910298656,-6.22826687005739,1.72124734075375,-3.61846128827131,0.000296359818355915,0.00234266175287428
"Os03g0686700",157.346075803389,-1.08786930245058,0.300729755939365,-3.61743153434382,0.000297541001040137,0.00235067442882554
"Os07g0136500",10.8722910082409,6.56615141564418,1.81512889819814,3.6174573729515,0.000297511308924785,0.00235067442882554
"Os07g0217600",52.211408599385,6.4941732032125,1.79532244575053,3.61727399921055,0.000297722090637332,0.00235144309244718
"Os04g0244400",1821.19661134606,0.694951496465523,0.192145471774979,3.61679872049953,0.000298269058154917,0.00235510025603356
"Os05g0542600",8391.54342032792,-1.01759201786939,0.281370889357814,-3.61655045478192,0.000298555145176403,0.00235669605736715
"Os02g0742700",25.2536305178473,-8.60340223342148,2.37940880652547,-3.61577304825755,0.000299452646625361,0.00236311590821172
"Os07g0523300",15655.5848467372,1.04449848045512,0.288938929288452,3.61494549393994,0.000300410818993659,0.00237001079634525
"Os05g0212200",2297.82647575946,-0.80127266187462,0.221674505380179,-3.61463606516415,0.000300769823780946,0.00237217616496372
"Os01g0949700",685.874792131754,1.44254784244384,0.399154559018849,3.6140081826692,0.000301499539444137,0.00237726329752216
"Os06g0730300",3131.84956838901,-0.31748619863316,0.0878526393289233,-3.61384929420823,0.00030168445993036,0.00237766857772872
"Os09g0240200",140.401708122401,-4.07149349693017,1.12664584021735,-3.61381842597911,0.000301720397879408,0.00237766857772872
"Os02g0304800",592.276259166187,-1.12693893227869,0.311873319135926,-3.61345092103737,0.000302148569022576,0.00238037426836371
"Os03g0161900",779.578350512431,-2.73497885438486,0.757101614670543,-3.61243299629602,0.000303337501273057,0.00238897361641311
"Os10g0479700",1673.20779924938,1.10907072493321,0.307020184073035,3.61237072501195,0.000303410375913916,0.00238897361641311
"Os04g0672200",3419.76797482495,-0.520634491256544,0.144147904908676,-3.61180754993553,0.000304070191688986,0.00239349725643095
"Os01g0652100",889.875462934334,-1.12938233391716,0.312801994225077,-3.61053431489479,0.000305566869599887,0.00240460389644196
"Os08g0288050",4101.87631445802,-0.625939399377515,0.17338905208985,-3.61002838318278,0.000306163501325941,0.00240862354197044
"Os01g0946700",4224.20660006712,0.966027691417929,0.267653199402221,3.60925142526024,0.000307081871275851,0.00241517137660956
"Os05g0511050",35.962718711231,-2.47487263105295,0.685836048055284,-3.60854848337377,0.000307914975669746,0.0024210451239127
"Os05g0498700",16282.8603656896,-0.559316332411013,0.155010906043738,-3.60823858582696,0.000308282928139979,0.00242325925195073
"Os03g0826400",865.099970762799,0.750466480909738,0.20803734300344,3.60736428410033,0.000309323238377594,0.00243075573098629
"Os02g0549700",1721.08442891471,-0.601015382289696,0.166654540123145,-3.60635468944076,0.00031052861935508,0.00243954482540377
"Os02g0483500",207.484533181965,1.28064683851085,0.355152175608491,3.60591016038882,0.000311060747270884,0.00244235777557793
"Os05g0561500",2807.98172575478,-0.960750868759358,0.266433687497145,-3.60596618912784,0.000310993630521993,0.00244235777557793
"Os02g0557800",3029.58429577037,-0.840720158974682,0.23317647288541,-3.60551023253464,0.000311540214314957,0.00244475433280378
"Os12g0149100",391.278981786812,0.790438686333706,0.219230076467754,3.60552119065637,0.000311527067585125,0.00244475433280378
"Os02g0252400",18.4124438730115,-7.77231941284848,2.15580264366624,-3.6053019211585,0.000311790229440827,0.00244603226686287
"Os02g0192200",1641.48230715946,-0.62865342059965,0.174491042511325,-3.602783338055,0.00031482793335897,0.00246848322601828
"Os09g0533900",6897.69057583389,-0.894401290528817,0.248251519659946,-3.60280288214938,0.000314804254609652,0.00246848322601828
"Os09g0445600",228.874846971578,-1.59523558591673,0.442916187498406,-3.60166467368607,0.00031618603938673,0.00247843928415375
"Os01g0813900",8288.39150701059,-0.752019764464051,0.208804724458913,-3.60154573328167,0.000316330760202342,0.00247888126020612
"Os06g0346400",971.156276284768,-1.05198515313454,0.292103683005119,-3.6014100962777,0.000316495872292756,0.0024794827382131
"Os04g0611300",11145.8892645229,-0.929267831549693,0.258037402414148,-3.60129121924048,0.000316640648667891,0.00247992461147596
"Os01g0174700",354.817339872696,-1.10800980562964,0.30771752911423,-3.60073671727142,0.000317316777499854,0.00248452662114981
"Os08g0249300",517.932744032836,-1.49315387032928,0.41472834803399,-3.60031784035873,0.000317828428515905,0.00248783859442492
"Os07g0129200",4777.56012160594,1.03044291632583,0.286217741541155,3.60020630020121,0.000317964803063711,0.00248821201995925
"Os03g0257600",1345.85384115595,0.972553997437352,0.270282909041956,3.5982815224413,0.00032032677755193,0.00250599666341295
"Os02g0644650",147.558812878057,-2.21797732070559,0.616446243579188,-3.59800606104378,0.00032066614793689,0.00250795246471712
"Os02g0675800",553.118456136466,0.863064152139288,0.239914924562895,3.59737583525377,0.000321443856764703,0.00251333449666511
"Os02g0751300",65.3137713588975,2.58441004236999,0.718523395099105,3.59683492562344,0.000322112755536448,0.00251786299327682
"Os06g0495100",139.264671481043,-2.08664993855234,0.58019381272506,-3.59647051172735,0.000322564130727023,0.0025206891218217
"Os03g0180900",101.765226748773,2.71290722542222,0.754403229005933,3.59609704878515,0.000323027328567291,0.00252360603960337
"Os11g0257800",170.273059091293,4.42572543949083,1.23079007387554,3.59584102393271,0.000323345230142609,0.00252538654279485
"Os06g0561000",5074.15606552261,1.335118238768,0.37134510722967,3.59535702174274,0.000323947007361005,0.002529382559979
"Os11g0694600",19.3733447746939,-6.18906321417862,1.72144344985975,-3.59527535724909,0.000324048647039116,0.00252947235972509
"Os05g0357200",3273.44711551542,0.614484133504109,0.170919417216107,3.59516866785923,0.000324181477686195,0.00252980551357898
"Os07g0616750",198.540198387804,-1.57873780455414,0.439146841102819,-3.59501118256822,0.000324377643485603,0.00253063259146316
"Os05g0498300",783.130413664876,0.984289482892462,0.273818575353931,3.59467754012011,0.000324793600072092,0.00253317343113481
"Os01g0149400",1924.80003308641,0.910715632715149,0.253397343726009,3.59402201824136,0.000325612302475518,0.00253814789779666
"Os08g0468200",25.8503340987079,-3.17188445218823,0.882533252323038,-3.59406792190444,0.00032555490908072,0.00253814789779666
"Os05g0435700",994.337741879812,0.629045775149594,0.17504388476439,3.5936461076392,0.000326082660291391,0.00254110847350653
"Os08g0162600",1027.69838921734,-2.80112166923305,0.779494308219795,-3.59351138256576,0.000326251389657215,0.00254171751709072
"Os06g0311600",2279.66045221755,-0.494334039229414,0.137582269189645,-3.59300687611148,0.000326883958527496,0.00254593884102098
"Os03g0360600",377.082341894283,-3.14125437159671,0.874397365186578,-3.59247922816697,0.000327546770954535,0.002550393309247
"Os02g0689900",4998.85894316752,1.46472484194748,0.407750616911402,3.59220754352837,0.000327888541789336,0.00255234625788969
"Os02g0717600",1615.20515235779,0.610180366474629,0.169938870837337,3.59058738867745,0.000329933585327957,0.00256755304256049
"Os06g0677400",1909.43167947949,0.787229575036153,0.219254165922594,3.59048856254836,0.000330058714238255,0.00256781470445077
"Os04g0645100",7762.03985543835,-1.76977311994451,0.493172877045393,-3.58854511737801,0.000332528453254408,0.00258631193326641
"Os06g0160700",1487.80224725912,-1.10831582686748,0.308906556199742,-3.58786760793394,0.000333393492775671,0.0025923214725051
"Os01g0552300",924.780058646259,-1.49512237756014,0.416796569883987,-3.58717534066153,0.000334279549624444,0.00259849105860419
"Os01g0600300",4134.34984331879,0.720756313146416,0.200934074041409,3.58702881323095,0.00033446737748952,0.00259923111246494
"Os04g0445400",967.557559000856,0.539540798821575,0.150429456098652,3.5866698771266,0.000334927901165425,0.00260208935838986
"Os01g0231800",5099.62817342671,0.472176065195051,0.131663796235837,3.58622551296701,0.000335498853023678,0.0026058037125797
"Os07g0541200",240.83708931737,-1.36833572968786,0.381565744386135,-3.58610737420689,0.000335650799589665,0.00260626251745578
"Os10g0517400",262.908948365967,-2.4870279183656,0.693545876530135,-3.58596021190177,0.000335840165437867,0.0026070115414986
"Os10g0466300",9667.01426789485,0.682211658135699,0.190339133957787,3.5841901975187,0.000338125633934,0.00262402697440705
"Os06g0295500",711.172845538457,-1.19928290674643,0.334621420862752,-3.58399920619047,0.00033837311264285,0.00262522153358685
"Os02g0221600",1063.66602444678,-0.816841748800036,0.22793240418018,-3.58370171954281,0.000338758921185181,0.00262748834889402
"Os12g0235200",2078.40595881061,-1.00233783167415,0.279800740055008,-3.58232730720115,0.000340546736908549,0.00264062518130083
"Os09g0471100",1602.49050685881,-1.28721844435729,0.359336504478491,-3.58220895543424,0.000340701099251705,0.00264109233348104
"Os03g0389700",13783.7565777017,-0.766394057367316,0.213973092073682,-3.58173100150092,0.000341325145155637,0.00264519917795015
"Os12g0273850",9.01120954306855,6.46297671019943,1.80471638630079,3.58115921108629,0.000342073114563829,0.00265026387103539
"Os02g0155700",43.4889204828458,-5.01037835294421,1.39928632683773,-3.58066698491025,0.000342718232441539,0.00265452913021652
"Os04g0184450",25.8080773142331,-3.85388792666964,1.0764230947447,-3.58027242771458,0.000343236165734843,0.00265780719725474
"Os01g0866400",2118.99315514135,-2.66258966009442,0.74377840285635,-3.57981577559823,0.000343836524856199,0.00266172153393508
"Os01g0166300",552.239341441868,0.836243183858778,0.233679107560467,3.57859627498958,0.000345444616578269,0.00267343266145047
"Os05g0435500",1591.23756006436,-1.41045503344713,0.394167490072055,-3.57831396290265,0.000345817888287199,0.0026752355959654
"Os11g0150450",234.919085604078,-0.948782099793441,0.265150627544311,-3.57827589766833,0.000345868246816423,0.0026752355959654
"Os01g0530316",176.058184087942,1.01427687804415,0.283515185488093,3.57750459220729,0.000346890126870213,0.00268240031420003
"Os11g0109400",18.5517899991133,7.07144011102084,1.97672520153251,3.57735111867776,0.000347093796050762,0.00268323584153622
"Os01g0318700",1010.46473838722,0.677531415005531,0.189410905607044,3.5770454337574,0.000347499792785906,0.00268442985891659
"Os03g0566600",688.656730268814,0.996271937279631,0.278514851140305,3.57708730145148,0.000347444159786857,0.00268442985891659
"Os03g0655300",268.139502835969,1.06938476882751,0.29895978707239,3.57701876663622,0.000347535231895231,0.00268442985891659
"Os01g0559500",556.775930171714,-1.52599269171587,0.426721201722431,-3.57608828798827,0.000348773904882279,0.00269325627925331
"Os09g0547300",3065.8413380936,-0.481155761626542,0.134595344641545,-3.57483212296798,0.00035045268986237,0.00270547548360876
"Os02g0301100",1834.77882499974,-1.35767497233119,0.379916775677546,-3.57361153613158,0.000352091164271257,0.00271687663011621
"Os10g0502400",7796.87353990212,-2.0927029504356,0.585602788447532,-3.57358774875967,0.000352123166692775,0.00271687663011621
"Os02g0562100",59.4724118479146,1.53453457773351,0.429469227993514,3.57309552747905,0.000352785989162714,0.00272086204844441
"Os12g0102700",941.455226605681,1.10567401497654,0.309447352111524,3.57306019079477,0.000352833618212858,0.00272086204844441
"Os07g0552800",277.164529151318,-1.37609931099719,0.385307713437277,-3.57142943939844,0.00035503820393025,0.00273711046117876
"Os05g0464200",119.923336974881,2.67433604138231,0.7490495650377,3.57030584651326,0.000356564659103086,0.00274812344513892
"Os02g0174000",237.944539272961,0.708339797354088,0.198450454873961,3.5693533572597,0.000357863466196323,0.00275737632850116
"Os01g0152600",507.143366713411,0.983328961584258,0.275532858247069,3.56882648349153,0.000358583806412598,0.00276216820629984
"Os01g0110700",123.471032779193,4.29753810311857,1.20433188604355,3.56840016686495,0.000359167657409494,0.00276536893096886
"Os01g0233000",10409.639502609,-0.807098718753398,0.226180760665466,-3.56837918653543,0.000359196413419624,0.00276536893096886
"Os09g0466900",2607.24542846089,-0.364549615898594,0.10216823337066,-3.56813075719955,0.000359537078772918,0.00276723244775799
"Os06g0692700",324.691168044412,-1.00956996691545,0.282982282967024,-3.56760838993266,0.00036025437458855,0.00277199294206303
"Os05g0352800",1686.22804457221,-0.539011004093428,0.151138178390429,-3.56634577598934,0.000361993680409432,0.00278461257117585
"Os04g0624600",4841.47012229927,-1.22401613356703,0.34325676714342,-3.56589075796898,0.000362622410027136,0.00278868459034845
"Os09g0572100",185.365404992139,-1.1651656166914,0.326763243710269,-3.56577931918352,0.000362776548227052,0.00278908873228432
"Os10g0437100",2078.2303248335,-0.54317138814376,0.152331942147907,-3.56570907246995,0.000362873742483432,0.00278908873228432
"Os09g0387800",8.71795983501553,-6.64882594341714,1.86474958532391,-3.56553287140815,0.000363117643682949,0.0027901991558135
"Os01g0196300",369.789828487946,2.36935143177612,0.664812493627522,3.56393938815417,0.000365330348515623,0.00280566509032442
"Os03g0643100",17.5186471632927,3.55114754688135,0.99639265406986,3.5640041427206,0.00036524018536823,0.00280566509032442
"Os02g0765900",4959.7567594461,1.46929938036567,0.412310722176,3.56357305628953,0.000365840814724194,0.00280804839791858
"Os03g0226800",13.805439599615,-6.43574630418635,1.80597973458767,-3.56357614702454,0.000365836505142312,0.00280804839791858
"Os05g0513800",596.950662388581,0.94559080494585,0.265359333963535,3.56343525144584,0.00036603301184502,0.00280875536734891
"Os01g0843300",271.227214704797,1.15254486046296,0.323497486471392,3.56276295384721,0.000366972023260836,0.0028151910652667
"Os03g0223200",373.392219761833,1.13665656678486,0.319099937428643,3.56207079181592,0.000367941132412601,0.00282185407427232
"Os01g0916700",308.966716806954,0.895662580632777,0.251492864876058,3.56138366420129,0.000368905559047671,0.00282847754043599
"Os08g0477600",517.521204949319,-0.919095241376322,0.258251449764216,-3.5589160959811,0.000372388463099101,0.00285440181684976
"Os01g0648000",1329.80714976511,1.0219982181857,0.287234076029479,3.55806745603824,0.000373593381850154,0.00286285567489869
"Os09g0369000",15417.9179131825,-0.519173970039732,0.145943659144274,-3.5573588676881,0.000374602243052011,0.0028698029332584
"Os08g0436600",133.935959361292,-1.80961658459412,0.508714492884042,-3.55723418520063,0.000374780024513387,0.00287038129036427
"Os02g0635200",1899.95507228827,0.865641025670768,0.24339554488967,3.55651959884129,0.000375800456587457,0.00287741129952448
"Os04g0205200",376.24310306157,-1.81159266868624,0.509416209941108,-3.5562132365118,0.000376238738091973,0.00287998130614756
"Os11g0655700",129.640803094392,-1.70404154688337,0.47919814255122,-3.55602702842536,0.000376505360521921,0.00288103437091748
"Os11g0123033",40.8854303768288,5.39572304478336,1.51736862681311,3.5559737755458,0.000376581643237307,0.00288103437091748
"Os01g0750100",6241.95255459497,0.566993958672962,0.159473854125837,3.55540387344975,0.000377398911310767,0.00288649993164425
"Os08g0359000",382.832732840695,-2.65374319075269,0.746603176571495,-3.55442258220632,0.000378810018145069,0.00289650319596374
"Os06g0483200",15.8319396373321,-7.87880074594208,2.21688516345237,-3.55399588387897,0.000379425151848834,0.00290041640184745
"Os07g0643800",317.913757859531,-5.84325730125691,1.64421254670273,-3.55383330030831,0.000379659779929678,0.00290141959269788
"Os03g0158500",69158.7209118133,-1.00887134005376,0.283912030392193,-3.55346456668326,0.000380192410527147,0.00290469899924116
"Os08g0114300",4057.39213802688,1.16124714185149,0.326838937205075,3.55296450227676,0.000380915862517643,0.00290943411376432
"Os08g0192300",54.0885313760598,1.66660476607116,0.469311551371165,3.55116928445916,0.00038352365022523,0.00292855528506678
"Os08g0124000",22.2952939635135,-7.6808258430342,2.16320541275766,-3.55066874266122,0.000384253721550138,0.00293333186456474
"Os12g0566200",8412.72164266835,-0.712352084297715,0.200645686940099,-3.55029851456704,0.000384794557652893,0.00293666164722749
"Os10g0530500",28.2976782148362,-7.35261422103961,2.07121435563855,-3.54990501153263,0.000385370174081517,0.00294025498234789
"Os01g0233900",621.522035270777,0.945258421265587,0.266327537170651,3.54923276544215,0.00038635539803302,0.00294616988576158
"Os03g0150800",328.980763260799,-1.52282125988802,0.429052528481777,-3.54926532020821,0.000386307632547254,0.00294616988576158
"Os06g0726600",1620.98173512795,-0.611623636518031,0.172330658239747,-3.54912841838703,0.000386508536864684,0.00294653696318847
"Os01g0139000",288.462996721283,1.70316320949495,0.480070549371136,3.54773524792553,0.000388558583791156,0.00296136093925786
"Os03g0182900",1255.90686398428,-4.44936692262434,1.25466347365799,-3.54626321403311,0.000390735715421375,0.00297714516593935
"Os01g0854500",109.442070553549,2.17950259665432,0.614615285967067,3.54612494419981,0.000390940800477696,0.00297789922448564
"Os01g0175100",1187.23403163321,1.15083422379213,0.32460521314887,3.54533500133388,0.000392114392381934,0.00298454931689727
"Os10g0417800",1872.35735005834,0.775762803033624,0.218813038585086,3.54532256418517,0.000392132896137134,0.00298454931689727
"Os12g0595600",15.6299712210113,4.42907890856172,1.2492297606457,3.54544780158969,0.000391946607541893,0.00298454931689727
"Os06g0585960",41.1848434617917,-3.08361786010171,0.869890451597232,-3.54483470239245,0.000392859371766397,0.00298926781196004
"Os04g0610700",4473.12019144545,-0.717156268345695,0.202373752537378,-3.54372174925816,0.000394521381272152,0.00300110029852511
"Os07g0461900",1028.73126035884,0.541713170638265,0.15290017329058,3.54292058000984,0.000395721857986126,0.00300941647122132
"Os03g0275500",8930.97991747491,-0.517670860878114,0.14611779150411,-3.54283250211562,0.000395854042452819,0.00300960610655947
"Os08g0392700",7.16806128728601,-6.67210099180437,1.88370518568673,-3.5420091437355,0.000397091709126155,0.00301819814233428
"Os02g0161000",993.969671135625,-0.585437176991714,0.165335749090069,-3.54089892968514,0.000398766300210837,0.00303010558259315
"Os01g0825500",60.5250255346133,-2.8972787778824,0.818333897597455,-3.54046042378119,0.000399429536292562,0.00303432367283212
"Os11g0592000",1440.76841044718,2.08549597599253,0.589101745705367,3.54012866401447,0.000399932004497033,0.00303731851426136
"Os01g0149600",2017.88443096876,0.880942571677612,0.248912706202294,3.53916272543218,0.000401398335737258,0.00304711353770686
"Os03g0836200",10038.8108141072,0.461813983228577,0.130487773747471,3.5391360429086,0.000401438912012767,0.00304711353770686
"Os03g0234100",798.194187739506,-5.90218184076035,1.66776272237375,-3.53898175176844,0.000401673618639286,0.00304807060201613
"Os02g0638000",1072.72240254544,1.02320421493739,0.289196411856564,3.53809443335998,0.00040302589180016,0.00305750542733065
"Os02g0721100",125.328611070492,-4.87475287417874,1.37811400655566,-3.53726386277886,0.000404295533853203,0.0030655779160143
"Os07g0518500",361.534598928021,-1.14299271660552,0.323129822440019,-3.53725542252506,0.000404308455105443,0.0030655779160143
"Os01g0355100",234.459220090673,0.8147927280918,0.2303734723381,3.53683399317781,0.000404954115409302,0.00306798660545783
"Os03g0223400",55094.6437850972,1.23025021029396,0.347839387723758,3.53683410709939,0.000404953940743102,0.00306798660545783
"Os03g0338000",4831.11750376385,-1.30322660730037,0.368466984273653,-3.53688841313524,0.000404870685965213,0.00306798660545783
"Os07g0474700",4053.68773229229,-1.03383725339801,0.292352604724196,-3.53626831672433,0.000405822286949204,0.00307373414746789
"Os08g0198100",72.9698345980593,-2.89494015562249,0.818751955348039,-3.53579632599704,0.000406548004640399,0.00307839992072825
"Os09g0129400",963.48784683566,-1.07707418066289,0.304643215204713,-3.5355265665087,0.000406963322356397,0.00308071344806183
"Os11g0175900",3356.37318722816,-0.509892476054328,0.144303006187438,-3.53348477988061,0.000410119702883775,0.00310376998444566
"Os03g0757000",485.313810294291,0.708058174071291,0.200417658401549,3.53291311613198,0.00041100752166422,0.00310965032972266
"Os11g0571900",5650.22658358134,-0.560016578705563,0.158552808707154,-3.5320508244033,0.000412350095055588,0.00311896721494607
"Os07g0298900",53.0472115776983,-4.37724370551697,1.23945457178747,-3.53158865613312,0.000413071368076587,0.00312358090298172
"Os05g0455700",843.874405884872,-0.828519120138334,0.23461793275456,-3.53135461731764,0.000413437065021755,0.00312497200098347
"Os12g0130300",90.0005391357789,-8.83802991667132,2.50274936684562,-3.53132839977919,0.000413478050019657,0.00312497200098347
"Os01g0633100",1357.68788404057,-1.01047718094852,0.286166249413309,-3.5310844064252,0.000413859658671297,0.00312701393151156
"Os12g0244800",8.69807875335464,-6.77366086134127,1.91843122415892,-3.53083330590127,0.00041425272645994,0.00312914132164706
"Os10g0118800",154.994488566628,1.33117350411838,0.377048359316003,3.53051132892671,0.000414757253030145,0.00313210926655865
"Os05g0494000",7714.13240911052,-0.458347441913361,0.129836838574268,-3.53018023964888,0.000415276656698001,0.00313434468538443
"Os07g0142000",1611.31528723573,0.605541425366342,0.171532021669538,3.53019465096108,0.000415254035991702,0.00313434468538443
"Os02g0291000",1174.48017310475,-0.923398518869784,0.261582474738872,-3.53004733895716,0.000415485318427705,0.00313507636615173
"Os03g0299200",958.813392636121,1.48530380420881,0.420873708979509,3.52909619327428,0.000416981532391326,0.00314552036611973
"Os11g0199600",3643.23887841226,-0.457630661495887,0.129687067842434,-3.52873011248811,0.000417558741152933,0.00314902805542424
"Os01g0769000",5707.00835505804,-0.515687392080124,0.146155417324681,-3.52834948932845,0.000418159670420026,0.00315186588002331
"Os09g0529350",327.828076872394,-1.19929412484366,0.339895814002424,-3.52841687198627,0.000418053227628058,0.00315186588002331
"Os08g0417100",3683.42955707777,0.540415675643069,0.153178714829125,3.52800763634762,0.000418700077528692,0.00315509172277394
"Os03g0266900",61.946135335344,2.43332233124162,0.689875965440952,3.52718815140385,0.000419998190361476,0.00316402395112046
"Os11g0602400",209.936235289083,1.33541371168813,0.378621574958002,3.52704071825874,0.000420232131757124,0.00316493668313699
"Os12g0540100",15.6630968166967,7.55455264492781,2.14198529465061,3.52689286140038,0.000420466867692011,0.00316585490774704
"Os01g0866000",241.093010107338,-1.40142181978185,0.397696862281267,-3.52384429623865,0.000425334110336643,0.00320113645471751
"Os06g0719500",2577.7466016336,1.23297059228216,0.349896499343036,3.52381516990647,0.000425380865214226,0.00320113645471751
"Os03g0395600",9995.74607840974,-0.641220774737865,0.18198158422792,-3.52354760212868,0.000425810601449655,0.00320351128629496
"Os01g0858900",2083.31357283784,-0.883371352148504,0.250715575941949,-3.52340036644967,0.000426047247138586,0.00320443255138113
"Os01g0127000",1616.08962550313,-3.66611361480627,1.04116166260295,-3.52117615014832,0.000429637108629211,0.00322970172578433
"Os12g0556300",188.605585346641,4.13844212436661,1.17530008219058,3.52117913295232,0.0004296322755599,0.00322970172578433
"Os04g0616250",12.0626152095231,3.90529308236688,1.10943365383818,3.52007807664404,0.000431419782029172,0.0032422340448052
"Os04g0515350",10.6857430312159,4.99363531034109,1.41890669671616,3.51935424781495,0.000432598659753895,0.00325022318340397
"Os05g0400700",3845.25963524577,0.492019188096847,0.13981805734071,3.51899602565562,0.000433183197008479,0.00325341117425408
"Os10g0529450",68.1580795617695,2.02303993488493,0.574898393230729,3.51895214651089,0.000433254848485051,0.00325341117425408
"Os04g0512500",124.56453403946,1.4538513811221,0.413235124942029,3.51821830568264,0.000434454798685028,0.00326154910666112
"Os01g0247500",10.3968163093563,6.31620245247286,1.79598387288189,3.51684808969788,0.00043670363591989,0.00327755480908905
"Os04g0466600",4069.22874476641,0.552237568342595,0.157031571121231,3.51672956208441,0.00043689867658358,0.00327814188831241
"Os03g0100030",3819.91127439051,-2.12309960582013,0.603850199784009,-3.51593757289397,0.000438204006487456,0.00328705715852739
"Os02g0553200",2806.79500971898,-3.508145187258,0.998106682550242,-3.51479981908788,0.000440085586728929,0.00330028907931246
"Os08g0128000",714.664271365974,-2.53512290700851,0.721442521309625,-3.51396380463759,0.000441472964009242,0.0033098087940228
"Os08g0100400",1310.83029568415,-1.23896671845309,0.352596794860464,-3.51383431872488,0.000441688212411279,0.00331053809206338
"Os06g0162600",1167.28995090978,0.545072467196101,0.155166386129867,3.51282568854765,0.000443368245854805,0.00332224291460014
"Os10g0183500",269.598899404749,1.29722470303377,0.369316854932318,3.51249796945092,0.000443915396541926,0.0033254548472396
"Os02g0617900",374.633638283428,0.97869943404963,0.278739108068686,3.51116655581916,0.000446144775609705,0.00334126359571912
"Os02g0575500",2856.04962901545,-2.19213032301621,0.624390495313966,-3.51083230681454,0.000446706095924518,0.00334331794705721
"Os03g0413000",403.570748171132,-2.50045961726887,0.7122110814801,-3.5108406514435,0.000446692074371766,0.00334331794705721
"Os05g0140600",654.696145076887,0.783791436156908,0.223252129904009,3.51079040766111,0.000446776505646944,0.00334331794705721
"Os09g0347900",410.349406261032,1.85016079976623,0.527007462649077,3.51069184194496,0.000446942181933431,0.00334366609155317
"Os06g0661700",2261.09881467896,0.707362438414506,0.201499623190763,3.51049013002289,0.000447281412482247,0.00334531209943412
"Os04g0324100",27.1988008000393,-5.49475666498182,1.56543448694343,-3.51005213620312,0.000448018839484273,0.00334993463192317
"Os04g0227100",417.755206712807,1.02570080994103,0.292252222135811,3.50964246719868,0.000448709604355214,0.00335420589169313
"Os03g0278900",2690.96761944571,-3.29913799625528,0.940075170771417,-3.50944062648526,0.000449050304193483,0.00335496529187367
"Os06g0163350",17.5769412627865,-4.1345247043645,1.17810382222144,-3.50947397536526,0.000448993995843194,0.00335496529187367
"Os12g0511500",471.568359931978,1.15091011548639,0.327957792977182,3.50932388292558,0.000449247473298103,0.00335554500816912
"Os12g0582800",2072.96904271837,-1.14232787692109,0.325635176541101,-3.50799900998074,0.00045149073011225,0.00337140310495209
"Os02g0623400",335.599881161646,-1.98332318162604,0.565391261130771,-3.50787731960949,0.000451697297920424,0.00337204830386883
"Os12g0197100",1228.21071506788,-3.82043907769691,1.08923848236185,-3.50744041783472,0.000452439659957465,0.00337669195152297
"Os01g0928100",4952.69453737891,-0.399098151348173,0.11379787105803,-3.50707924179582,0.000453054212059258,0.00338014169518132
"Os03g0131900",250.31062654997,-1.99051317751517,0.567578479630855,-3.50702721993577,0.000453142793003782,0.00338014169518132
"Os03g0102600",317.311426026052,0.859460087251552,0.245099868860272,3.50657097960961,0.000453920355298743,0.00338504199053769
"Os04g0379700",837.268875518898,-2.50778841074379,0.715226149947999,-3.5062873622925,0.000454404346657745,0.00338775100316409
"Os09g0251400",675.761717722334,-0.614916274010114,0.175384459655419,-3.5061046755126,0.000454716355579177,0.00338917672516942
"Os05g0119350",57.6794848590692,-1.46971775267608,0.419271389629956,-3.50540911931348,0.000455906119587453,0.00339714220070715
"Os03g0661600",1060.06447901024,1.96430505557107,0.560570954296444,3.50411493944849,0.000458127576967765,0.00341278897394994
"Os02g0821900",4904.62132485817,-0.85386345500359,0.243723889709271,-3.50340484070778,0.000459350747436128,0.00341917789775932
"Os06g0606599",19.0007378736862,-6.08086432888114,1.73563982891424,-3.50352891629891,0.000459136803321362,0.00341917789775932
"Os12g0581700",6386.8621867058,-1.00583008496121,0.287099273793675,-3.50342260246904,0.000459320115045173,0.00341917789775932
"Os04g0603900",17.1348087200851,4.56614312645168,1.30350099703982,3.50298399220341,0.000460077111512409,0.00342367645273434
"Os10g0509401",1104.8240866952,1.0603579815897,0.302801442781506,3.50182605422665,0.000462081191105455,0.00343767825684021
"Os09g0571500",1190.08204810949,0.789333465272219,0.225506431456618,3.50027030348387,0.000464786602826697,0.003456888854631
"Os05g0387800",623.32449938993,0.875506692589457,0.250307801603281,3.49772035462591,0.000469252884040947,0.00348918241440304
"Os12g0171500",383.155665662432,-1.96615903451195,0.562164175512598,-3.49748191036746,0.000469672564108773,0.0034913778792107
"Os11g0670800",69.9931525836368,-2.0713425892087,0.592292417108471,-3.49716209321208,0.000470236016490343,0.00349464065009322
"Os09g0454100",1066.78524574578,0.482207539279515,0.137959299595578,3.4952883980499,0.000473549773479294,0.00351833564823298
"Os02g0815400",340.323682981391,-2.59365541366103,0.742154714417784,-3.49476377805635,0.000474481495543229,0.00352432496769034
"Os01g0949900",4277.4949248571,1.59094511728502,0.45535509858144,3.49385594284826,0.000476097846649341,0.00353539501790786
"Os07g0179000",636.180625300104,-0.766796762907142,0.219479381864772,-3.49370750178068,0.000476362625937274,0.00353642539922005
"Os11g0703900",263123.611901049,-1.14586542509199,0.32809534577806,-3.49247692732317,0.000478562937835906,0.00355182046060598
"Os09g0453100",14795.6822855477,-0.683768780806444,0.195816322644276,-3.49188857993516,0.000479618270655349,0.00355871176920423
"Os05g0521400",1124.92439089995,-0.800217248363038,0.229179558422954,-3.49166066061715,0.00048002767801474,0.00356080800963511
"Os05g0133100",2663.20315467654,0.422108289663034,0.120914904769024,3.49095333176139,0.000481300316521962,0.00356908565864566
"Os06g0232700",16.4053440737301,4.34356974492249,1.24425529644113,3.49089914051092,0.000481397948042685,0.00356908565864566
"Os09g0547500",92.9021491906642,5.32485972119488,1.52549922083725,3.4905686272802,0.000481993804112377,0.00357234692063873
"Os12g0578300",423.294359083698,0.776632501359077,0.222498036354912,3.49051395725691,0.000482092430634269,0.00357234692063873
"Os07g0110800",2423.08451431177,0.77836608491831,0.223013774216576,3.49021529119727,0.000482631566416746,0.00357539783970083
"Os10g0130701",13.5389857606263,6.22933400713712,1.7850744299933,3.48967746244649,0.00048360384406199,0.00358165507312419
"Os02g0102400",9166.19875697066,1.2207498052198,0.349835575837711,3.48949589331105,0.000483932493893867,0.00358314344159623
"Os03g0372600",270.191704657056,-1.03362569626634,0.29630402733467,-3.48839570479033,0.00048592835311132,0.00359697215642571
"Os12g0245700",341.305015557903,-1.54196679214779,0.442093142596258,-3.48787765196349,0.000486870812215008,0.0036029980834329
"Os01g0510600",1239.79489379543,-2.11738777357599,0.607266571033555,-3.48675174062725,0.000488924989468994,0.00361724573015526
"Os09g0325220",16.7569173150887,7.51944412482295,2.1566832418289,3.48657789840586,0.000489242876564066,0.00361864354299969
"Os01g0736900",14141.9025274044,0.322131204367016,0.0924114779076102,3.48583543582185,0.000490602710951147,0.00362774526342848
"Os01g0148400",698.989397336256,-1.02342904359054,0.293660392859132,-3.48507687273128,0.000491995673189607,0.00363708708668249
"Os02g0184700",10.7750108093586,-7.02007075218803,2.01522116677747,-3.48352372827336,0.000494859252394059,0.00365729268914461
"Os03g0672400",2391.1566635455,1.56730788951805,0.449965904448692,3.48317033362417,0.000495512983513172,0.00366115991136036
"Os01g0598200",424.95814248238,0.904209568584313,0.25966690744619,3.48219023162083,0.000497330252411253,0.00367361977972219
"Os05g0456000",662.942157009681,-0.700835634367693,0.201293014066637,-3.48166893728207,0.000498299346851425,0.00367980954509071
"Os02g0172800",153.900038165376,-2.02642592558511,0.582085648474572,-3.48131916822827,0.000498950559770757,0.00368364919975979
"Os02g0108700",73.6225275609903,-2.91704333570346,0.838014388967731,-3.48089886534846,0.00049973414482177,0.00368846385375815
"Os03g0675700",575.565304391556,0.686162546251901,0.197202707948388,3.47947831645132,0.000502391023197553,0.00370709884117006
"Os09g0560900",5761.34635211574,-0.698516128110455,0.200805670617211,-3.47856774145592,0.000504101008330015,0.00371873882643451
"Os05g0530500",5923.76995459766,-0.420687487350444,0.12101275402353,-3.47638966442037,0.000508213295850824,0.00374808975247459
"Os07g0475900",5147.2631585062,-0.493448111773089,0.141972931293252,-3.47564924720648,0.000509618337719045,0.00375746447532103
"Os11g0176300",291.298989879229,-0.990984786835616,0.285208526718976,-3.47459733492492,0.000511620711207692,0.00377123729916213
"Os08g0109200",23935.1129961843,0.477148834540428,0.137335115820876,3.47433962310678,0.000512112397220688,0.0037738702969556
"Os03g0565500",8140.73278822477,0.474526704126042,0.136596160682797,3.47393881170633,0.000512877976934811,0.0037785197660133
"Os05g0383200",118.480866668543,1.28204160727086,0.369089777328534,3.47352239487709,0.000513674494041257,0.00378339465926135
"Os09g0345700",415.146020533186,0.785148322524215,0.226092605132114,3.47268466416858,0.000515280389639442,0.00379422678931042
"Os01g0377000",523.843606269656,0.9601548515302,0.276504005160573,3.47248080899448,0.000515671878994579,0.00379611339673292
"Os01g0652300",274.964010594805,1.46572461437494,0.422261436231742,3.47113065179491,0.000518271766770274,0.00381425185394897
"Os04g0606601",12.5948080021159,5.3883842868806,1.55259008859412,3.47057753779673,0.000519340376878441,0.00382111422547531
"Os04g0660500",5559.59899370509,-0.645852860971425,0.186126724848922,-3.46996306680656,0.000520529935764733,0.00382886266249801
"Os12g0147800",1762.32499492194,-0.661412667238063,0.190636069034983,-3.46950433140063,0.000521419660063404,0.00383440212282475
"Os03g0841600",582.954094436044,1.20745129196253,0.348041617169609,3.46927273175527,0.000521869389330905,0.00383670390448097
"Os01g0830700",2899.28367384071,0.589016882390668,0.16984013093589,3.46806658205537,0.000524217387730926,0.00385295660935182
"Os04g0330900",25.1832189239863,8.97533882777027,2.58883910510806,3.46693574353885,0.000526427717595249,0.00386818921475723
"Os09g0309200",449.771004390075,1.6253475059588,0.468838194495009,3.46675574866394,0.000526780334638707,0.00386976695042706
"Os05g0460700",582.223138754565,1.16410914618316,0.3358062952045,3.46660906244846,0.000527067861475852,0.00387086582798623
"Os10g0561500",444.698395630161,-0.676634026537069,0.195262408874398,-3.46525493789392,0.000529729062711329,0.00388939219199511
"Os01g0552100",78.1555761071869,-2.42702348406003,0.700494250738666,-3.46473005524421,0.00053076395462114,0.00389597125152457
"Os12g0606600",226.641218022754,2.65387311912331,0.766221646315994,3.46358411026781,0.000533029922494385,0.00391158098458092
"Os04g0447700",2819.67975707545,1.47463998615997,0.42577407218384,3.46343303291434,0.000533329331366433,0.00391275495341303
"Os05g0580500",393.180765665882,1.4719562457754,0.425076982637296,3.46279922437336,0.000534587137568656,0.00392095772463451
"Os04g0546400",2136.37012682975,0.359175099041112,0.103728191201174,3.46265653417705,0.000534870690148665,0.00392201236136709
"Os03g0248300",69.1455545425141,-2.89024382521426,0.834723079274218,-3.46251816557809,0.000535145788723862,0.00392258141381084
"Os08g0512700",3965.49412128466,-0.994542387183932,0.287234374846891,-3.4624768978785,0.000535227860932282,0.00392258141381084
"Os02g0723300",2747.5508755739,0.389333574386654,0.112516021650872,3.46025009304652,0.00053967390762878,0.00395413294931562
"Os06g0248600",19.279897926141,7.32161796383207,2.11629691551192,3.45963645751523,0.000540905128481187,0.00396211947675256
"Os11g0133001",1776.8521449559,-3.61861961744371,1.04605308268276,-3.45930782801502,0.000541565578334934,0.00396592204051016
"Os07g0417200",649.446433680471,3.93066790228056,1.1362992642782,3.45918370789177,0.000541815219144855,0.00396671502208269
"Os06g0235850",198.62327825749,-1.12982438840828,0.32662480056217,-3.45908940920494,0.000542004952241324,0.00396706911053626
"Os11g0275500",183.873465133451,-1.61293979065008,0.466303076244204,-3.45899453128501,0.000542195913250421,0.00396743199938287
"Os03g0421000",67.8897465595672,3.866707711638,1.11810712689389,3.45826228867687,0.000543671809665186,0.00397719455756633
"Os04g0497700",832.381414412036,-1.10193668629785,0.318691300719453,-3.45769302083303,0.000544821801814436,0.00398456851772653
"Os07g0649100",166.342905739517,-1.23121627021709,0.35609168354933,-3.45758221013473,0.000545045916591136,0.00398516897117782
"Os11g0251200",78.5532167678356,-10.5249392459859,3.04477305609614,-3.45672372031579,0.000546785125730566,0.00399684402142515
"Os01g0854000",1645.73748346426,-0.919555916349524,0.266072602571537,-3.4560338323533,0.000548186510617871,0.00400604423462466
"Os01g0686200",14.0552507374984,6.38386582518742,1.84745508152786,3.45549176757679,0.000549289965461302,0.0040130630072312
"Os03g0413100",1614.86720646207,-0.710894258220185,0.205753065032814,-3.45508465745971,0.000550120059831114,0.00401808149895386
"Os01g0114100",2377.85464560215,0.842367981175411,0.243833565512151,3.4546842613981,0.000550937603972277,0.00402300573579756
"Os01g0207900",9.59004343081764,-6.09883626829184,1.7657176309081,-3.45402694153041,0.000552282199566667,0.00403177499590005
"Os06g0273500",1326.356489105,1.1474641419172,0.332243629252275,3.45368290281324,0.000552987173811135,0.00403587154004891
"Os01g0303000",1487.90484645756,-3.51245897666036,1.01710490319094,-3.45338909058525,0.000553589891800738,0.00403921985015921
"Os02g0543300",6.71189831477205,-6.23600834073967,1.80643794125311,-3.45210217208669,0.000556237056341558,0.00405747966598825
"Os07g0176300",567.025058540552,-1.20763541261919,0.349841249309525,-3.451952607083,0.000556545472024479,0.00405867438564214
"Os06g0543400",388.053436110274,-1.38436115457267,0.401046729205381,-3.4518699536974,0.000556715978618754,0.00405886302727967
"Os04g0626000",730.789980948195,0.579687258813155,0.16793780442342,3.4517972936671,0.000556865909993804,0.00405890160162237
"Os05g0142400",1773.53544724367,0.696380784871724,0.201749718470765,3.451706352555,0.000557053616721009,0.00405921542259801
"Os01g0833700",5700.13670555743,-0.580598630075931,0.168214125623612,-3.45154503477936,0.000557386729182457,0.00406058836820304
"Os08g0197100",43.4465601399592,2.36224187107202,0.684572517458175,3.45068171863377,0.000559172585757267,0.00407254116312495
"Os04g0538166",198.070225578616,-2.5270176547526,0.73246647396643,-3.45001135829245,0.000560562967889281,0.00408160820054723
"Os11g0161000",261.860380244092,-0.965790338733461,0.279965318933151,-3.44967849022781,0.000561254559196826,0.00408558377177207
"Os09g0508300",5785.44968008559,-0.600787227349753,0.17417114323985,-3.44940738272822,0.000561818419281611,0.00408756766447513
"Os11g0208800",600.210012679363,1.18636275329383,0.343930750604678,3.44942332492235,0.000561785247482261,0.00408756766447513
"Os04g0502800",4669.76790425283,-1.05740219371175,0.306581554995117,-3.4490078626178,0.000562650318656253,0.00409255916073918
"Os01g0297700",150.501753877164,2.69956470141732,0.782855601613539,3.44835586007594,0.000564010412922,0.00410138901461963
"Os12g0171700",1046.52658982457,0.587150648878833,0.170276738789392,3.448214084045,0.000564306566414823,0.00410247949915357
"Os02g0142300",1473.9989932954,-0.780491373919111,0.226437359856364,-3.4468312756084,0.00056720269539184,0.00412033187628418
"Os03g0282300",1899.16070599189,-1.38405482582657,0.401538988914747,-3.44687530734513,0.000567110263156608,0.00412033187628418
"Os05g0594500",697.312998982803,-1.70998500475471,0.496103085625684,-3.44683404377153,0.000567196883999408,0.00412033187628418
"Os01g0185200",8660.31525006452,0.603482816491934,0.175091186016065,3.44667730125812,0.000567526031513545,0.00412161374128703
"Os02g0562700",5458.44521732532,0.845530609519207,0.245343756623175,3.44630986806753,0.000568298310974656,0.00412615451554225
"Os02g0805250",60.2471098889485,2.56093557250093,0.743169940255008,3.44596226755643,0.000569029806384839,0.00413039690294137
"Os06g0276300",9.67189047009092,7.45345525113754,2.16301200794517,3.44586864231892,0.000569226982486725,0.00413075965413563
"Os03g0685500",21599.8210437662,1.08238949499885,0.314121682550866,3.44576498575064,0.000569445358930528,0.00413127602438172
"Os01g0612200",6081.96429667424,0.760877852345814,0.220820210602536,3.44568936996148,0.000569604710222644,0.00413136401609404
"Os11g0462800",9.87500219697611,-6.631080015689,1.92529008710461,-3.44419786924748,0.000572756370752336,0.00415314968373438
"Os03g0195500",1021.95182933,-1.67229166368172,0.485600766800402,-3.44375828460972,0.000573688341840161,0.00415883292397794
"Os07g0489800",606.971062738695,-3.03967468614932,0.882750366752785,-3.4434136768822,0.000574419937895824,0.00416306102717785
"Os01g0715500",363.350504939092,2.00095937309465,0.581113022462453,3.44332220368359,0.000574614279714791,0.00416339424667092
"Os04g0121800",33.8388798676881,6.22006911920539,1.80703762225101,3.44213592601194,0.000577140169152782,0.0041806162691702
"Os02g0630000",280.075615714424,-1.36639848808216,0.397002764984997,-3.44178582265996,0.000577887602440268,0.00418420935589148
"Os08g0475000",17.8074891350658,3.63022900694899,1.0547582870255,3.44176391084494,0.000577934411782317,0.00418420935589148
"Os03g0667700",1929.65081121041,0.37453233603275,0.108844330713615,3.44099075787602,0.000579588329516144,0.00419449393846592
"Os06g0692500",101.3398839706,-1.24236391119563,0.361051525217774,-3.44096015228376,0.000579653891147133,0.00419449393846592
"Os03g0805400",2011.159499164,-1.3099225683921,0.380762034248392,-3.44026570552875,0.0005811433542099,0.0042031043314016
"Os04g0647800",10212.8369005981,0.764872983657502,0.222325426687878,3.44033066776165,0.000581003871006183,0.0042031043314016
"Os08g0508500",569.544829229099,1.17714980170975,0.342191125433236,3.44003603313618,0.00058163674367966,0.00420522919668396
"Os11g0644500",41.9838611105641,-4.48242063574805,1.30303325019139,-3.43998945160429,0.000581736859152132,0.00420522919668396
"Os03g0212800",1903.72869456026,-1.07234033536206,0.311795874772893,-3.4392383675478,0.00058335334497851,0.00421582837156501
"Os02g0101500",1605.58072719231,-2.3586883494623,0.685859556406571,-3.43902527482476,0.000583812724859639,0.0042180619683345
"Os06g0164800",147.456697928989,-1.14717471319867,0.333617422013284,-3.43859354309439,0.00058474447373905,0.004223706414946
"Os06g0651000",3492.16862721504,0.857230488990274,0.249323809459176,3.43822152745759,0.000585548455583358,0.00422842531152347
"Os07g0549800",996.56187598493,0.945843178079174,0.275185419338217,3.43711225817777,0.000587951866972004,0.00424468878079968
"Os09g0543100",5693.74312857281,-0.74819866299236,0.217782566064796,-3.43553056845584,0.00059139474013653,0.00426844629570764
"Os11g0191400",2542.06206686182,-0.750370702348752,0.218471900139106,-3.43463256313958,0.000593357776258989,0.0042815134783697
"Os05g0490800",3720.10194666838,1.14058071628201,0.332129638083248,3.4341431341822,0.000594430218081911,0.00428814930072354
"Os02g0456800",7106.24923977486,-1.12286373442529,0.327010989400945,-3.43371865417208,0.000595361803819781,0.00429376585422532
"Os01g0940800",1200.64973999969,-2.39036581536119,0.696374768722371,-3.43258533008995,0.000597855717369026,0.00430953689720257
"Os10g0506100",1635.9378879033,0.852580157393404,0.248378225081742,3.43258817117651,0.000597849453333718,0.00430953689720257
"Os12g0615700",195.488166459318,1.50210324691515,0.437701734315859,3.43179642471142,0.000599597463624882,0.00432098202985142
"Os02g0686300",277.330880058768,-0.909971317093671,0.265182297565321,-3.4314934497825,0.000600267626338567,0.00432427831428122
"Os12g0562600",1690.77283496037,0.493595510850556,0.143844574035572,3.43145032866162,0.000600363064373161,0.00432427831428122
"Os10g0567400",5158.78779132745,-1.97268171169338,0.574957962920184,-3.43100163649221,0.000601356972928777,0.00433032573115919
"Os01g0355250",266.983303828383,-8.87601553963087,2.58765146527314,-3.4301433785612,0.000603262387840653,0.00434293204914941
"Os01g0346250",1286.96981444796,-0.800025873232567,0.233239674629836,-3.43005912052591,0.000603449751340132,0.00434316668943493
"Os11g0634800",4276.70536840833,1.09021303150601,0.317928442216413,3.42911450106723,0.000605553999760159,0.00435719393365886
"Os05g0221400",3971.57556699267,-0.356709523896889,0.104052300144602,-3.42817528686215,0.000607652975980721,0.00437065444284944
"Os06g0220000",521.382142908901,-1.49967354108623,0.43746007189062,-3.42813810322145,0.000607736213954762,0.00437065444284944
"Os11g0147800",20671.1647765906,-0.946450094828465,0.276112721733041,-3.42776706878264,0.000608567379849299,0.00437551058501948
"Os02g0704500",1848.06285085486,0.441981124685776,0.128978368324413,3.42678489755804,0.000610772681721855,0.00439024154571688
"Os01g0924900",5969.13571683261,0.66969005655156,0.195439940458811,3.42657726450085,0.000611239838401439,0.00439247435216932
"Os08g0549100",8641.08777019696,0.40365364686507,0.117809821172253,3.42631575914945,0.000611828676255345,0.00439558021328149
"Os01g0956800",301.914183286453,-1.53259933788224,0.44734298560896,-3.42600507258639,0.000612528942729552,0.00439948481977904
"Os02g0553600",1820.12642445772,0.684484872689799,0.199817029195692,3.42555824918928,0.000613537360132754,0.00440353043592268
"Os02g0731600",599.012237533906,-4.03478068660509,1.17787396114745,-3.4254774446958,0.000613719889348357,0.00440353043592268
"Os08g0463900",478.990045424243,-1.98822838250768,0.58041444678007,-3.42553220985048,0.000613596174860307,0.00440353043592268
"Os09g0509700",1011.20935317917,-1.13305150647042,0.330767464222719,-3.42552284921074,0.000613617318901708,0.00440353043592268
"Os01g0106400",1446.7236468044,-1.90704914484626,0.556902305362815,-3.42438723359897,0.000616187511605754,0.00441875823450026
"Os01g0268300",2757.58302676387,0.680342582842977,0.198678965982712,3.42433120425126,0.000616314579496615,0.00441875823450026
"Os02g0124800",4167.05473642505,-2.0639823236718,0.602722613713733,-3.42443153236672,0.000616087064530271,0.00441875823450026
"Os07g0152500",16.8525338890889,6.20702783660277,1.81266683844904,3.4242518839886,0.000616494510102682,0.00441891927011532
"Os01g0220100",690.366968042575,1.72155903738304,0.502780458595219,3.42407706574976,0.000616891241536827,0.00442063381511911
"Os01g0873800",1133.84033461032,-1.14236325297559,0.333782695740696,-3.42247596281338,0.000620535842016335,0.00444561572597968
"Os10g0468301",24.7355926058172,3.55887029582539,1.04005177527016,3.42182031745577,0.000622034065290345,0.00445521182750834
"Os12g0143200",568.948531513975,0.798153558373487,0.233330541000191,3.42069904330627,0.000624604104766096,0.00447247777186685
"Os04g0682900",680.159275527266,0.777957004832245,0.227432077863276,3.42061248413657,0.000624802914692688,0.00447276004900669
"Os07g0557100",1292.66805575033,0.874096408571642,0.255599740783661,3.41978597431941,0.000626704217545579,0.00448522666482123
"Os07g0212200",446.796206461765,-4.76650048567852,1.39389497582887,-3.41955496528291,0.000627236592327117,0.00448789221159703
"Os08g0498400",1689.98210585832,-1.86252309092764,0.544833361790008,-3.41851880143401,0.000629629676747385,0.00450386642592025
"Os05g0496200",12647.851223916,-2.8082325835752,0.821601968101621,-3.41799641749137,0.000630839372720721,0.0045113696425303
"Os12g0639400",17.9703066644565,-6.03553572152935,1.76628789873199,-3.41707358458506,0.000632981682256698,0.00452553680700318
"Os03g0708200",199.476867576363,-1.30858375780252,0.382985306916216,-3.41679885408448,0.000633620761217239,0.00452895206349418
"Os11g0514500",4065.33821627444,3.61133311956951,1.05700286700582,3.41657835782353,0.000634134114449699,0.00453146715550992
"Os02g0159400",198.584798927568,1.2198400676137,0.357059469983372,3.41634985250639,0.000634666522356927,0.00453411709531061
"Os06g0632200",4960.46216250326,0.764725906011458,0.223851392594001,3.41622134734019,0.000634966116706321,0.00453510286765405
"Os03g0432277",10.4940113488379,-7.69051066338243,2.25135440463624,-3.41594848307547,0.000635602703238151,0.00453849441686234
"Os03g0409600",53.6518966826653,-3.58209477588721,1.04879921632597,-3.41542472584561,0.000636826281484214,0.0045450472755293
"Os08g0195400",2059.8035199361,-0.962664195673624,0.281858465584442,-3.41541700256372,0.00063684434065217,0.0045450472755293
"Os05g0116700",252.762829370957,1.19444677228824,0.349732313744561,3.41531715928499,0.000637077844726508,0.00454555771134382
"Os09g0135100",32.9178209794292,6.24543266877336,1.82887500563437,3.41490405278246,0.000638044826079137,0.00455129992613948
"Os06g0697400",3909.93826586595,0.95733915827947,0.280427128123637,3.4138607226951,0.000640493088286121,0.00456760280647652
"Os07g0107100",140.698483442512,1.74930704970755,0.512441411379361,3.41367229669996,0.000640936176279858,0.00456960136655625
"Os09g0311600",1232.5475081705,-1.9816817737285,0.580561004716828,-3.41339111243801,0.000641597917652152,0.00457315742066413
"Os01g0770700",4017.30180935919,-0.793221578170679,0.232402106284102,-3.41314281033666,0.000642182802176969,0.00457500223272153
"Os05g0431266",89.3708032634444,-2.24758982325135,0.658500481072051,-3.41319389712857,0.000642062424896997,0.00457500223272153
"Os08g0560500",1349.64071459006,-1.38818278544125,0.40679537139586,-3.41248421946861,0.000643736539648083,0.00458490730345292
"Os05g0488600",127.709197077927,1.32147270250485,0.387313184350245,3.41189702778061,0.000645124780950758,0.00459362892743978
"Os09g0498000",1241.90560766047,-1.34913135881705,0.39544645994351,-3.41166629487535,0.00064567104238854,0.00459635230631842
"Os11g0515700",190.407895286633,-2.7054824224303,0.79315163706997,-3.41105319081833,0.000647124660704418,0.00460553188655526
"Os07g0516000",744.530479086588,-0.628064334089798,0.184157644616924,-3.41047115039002,0.000648507445474261,0.00461420282325018
"Os04g0672600",219.319323043734,-1.38960429074857,0.407594548563741,-3.40928085433227,0.000651343856251816,0.00463320945352053
"Os09g0450200",1242.39113308448,-0.583268274717726,0.171114504211585,-3.40864310366412,0.000652868324020345,0.00464287656073465
"Os09g0325366",18.0633620877412,5.86212852638853,1.71996615223743,3.40828133086382,0.000653734573571438,0.00464785903307872
"Os06g0538900",1377.09964847785,-0.676538159100325,0.198568260827246,-3.40708105253997,0.000656616250748177,0.00466716444490763
"Os03g0244800",30.297100922239,7.0334593469089,2.06441267739301,3.40700259397309,0.000656805027972272,0.00466732405544642
"Os02g0721800",1930.15003068057,-0.486643497589054,0.142845268098928,-3.40678766658219,0.000657322417995326,0.00466911950324054
"Os03g0277300",262.078458442553,-1.97970898309171,0.581112060931161,-3.40675941215102,0.000657390462451121,0.00466911950324054
"Os12g0176500",1519.71167432791,0.466318380925874,0.136942632668213,3.40520969868952,0.000661132647361704,0.00469451021008708
"Os12g0592900",1024.19581866926,-4.01557511098639,1.17937829258138,-3.4048236568754,0.000662067922166003,0.00469996206218629
"Os03g0704000",2670.53637402588,-1.64097603135637,0.482113074602784,-3.40371609442117,0.000664758078713123,0.00471786575742227
"Os10g0100700",297.165284588361,-5.58499090535944,1.64112549147623,-3.40314676383194,0.000666144876459438,0.00472651264809223
"Os07g0617100",3432.40895802061,0.910054430909853,0.267442983460179,3.40279793149016,0.000666995904426028,0.00473135466885824
"Os03g0217200",1549.74612582566,0.944059028308963,0.277460375332947,3.40250036487593,0.000667722660913325,0.00473531294176137
"Os08g0541400",486.546073661647,-2.34487176602927,0.689316139029555,-3.40173634891309,0.000669592014938478,0.00474737016756027
"Os01g0596100",33.7749861021873,8.61998707580354,2.53442833652045,3.40115636792399,0.000671014329413144,0.0047562526173255
"Os02g0457600",18.7423595578216,-5.91737915069191,1.74042527695237,-3.39996162377837,0.000673953113355914,0.00477587683509941
"Os03g0107600",576.688735663514,-0.873098297481167,0.256834149476289,-3.39946342517731,0.000675182093810351,0.00478337791378593
"Os11g0293300",560.468334287593,0.556816429423468,0.163805029685186,3.39926332233879,0.000675676303399897,0.00478567098081977
"Os01g0891700",46.9912501224927,3.16502394047218,0.931159538023387,3.3990136074756,0.00067629351537441,0.00478883387041047
"Os09g0127300",393.322527120942,-1.29415885706922,0.380807103185271,-3.39846301774362,0.000677656242137826,0.00479727282211697
"Os11g0249000",2562.39356107968,1.55323407286146,0.457133214323348,3.3977712058411,0.000679372116883666,0.00480820689634034
"Os06g0182450",79.0803159503308,1.93685674931912,0.570146870077319,3.39711897226842,0.000680993525042835,0.00481846704481897
"Os03g0129300",5701.24144124962,-3.21168960692545,0.945483033149588,-3.39687703990488,0.000681595866460165,0.00482027053915811
"Os08g0338700",3562.94621927926,0.548033483641156,0.161337707930414,3.39680965269151,0.000681763729239489,0.00482027053915811
"Os12g0477100",516.532644783424,-1.38366292219362,0.407333573791395,-3.39687914579372,0.000681590621271718,0.00482027053915811
"Os04g0116900",169.60783594212,-1.32709474201914,0.390713771224677,-3.39659064961908,0.000682309535319622,0.00482213199335569
"Os04g0347400",14.9360032010138,8.27550273217623,2.43643209946689,3.39656612387719,0.000682370684399382,0.00482213199335569
"Os02g0675400",174.73649787994,-2.10826556394542,0.62073826356893,-3.39638409242563,0.000682824695588637,0.0048241255306164
"Os11g0643800",1506.11775117713,2.31804348975189,0.682517948606036,3.39631140028805,0.000683006078105013,0.00482419243991515
"Os08g0500900",371.573551799118,-0.966325733174452,0.284573721745059,-3.39569559426908,0.000684544444308888,0.00483384151892199
"Os04g0412350",306.173007857052,-1.43842198886264,0.423619609329024,-3.39555100185511,0.000684906122192159,0.00483517876753619
"Os04g0593600",1150.79240441599,0.606782622346608,0.178792172536458,3.39378739985318,0.000689331847198122,0.00486519876661813
"Os06g0107432",8.05054969501072,-6.001246778243,1.76907331406863,-3.39231095202094,0.000693057390207667,0.00489026313402252
"Os03g0685600",2250.53368076375,0.618464313140715,0.182332676641009,3.39195543297156,0.000693957268043737,0.00489538181393749
"Os09g0433650",36.1966035254266,3.12177880346051,0.920492202460406,3.39142340925456,0.000695305937172647,0.00490366303315879
"Os02g0106966",262.33565168456,-1.7103882655953,0.504386885578913,-3.39102445860025,0.000696318866612077,0.00490862836143122
"Os11g0234200",685.179897526025,-0.87593231403419,0.258310280318156,-3.39100833677747,0.00069635982848185,0.00490862836143122
"Os07g0689300",4790.90027511446,0.870708398389228,0.256830335427466,3.39020854736661,0.000698394724213307,0.00492173599971718
"Os06g0264300",14515.0500152055,0.467073771216162,0.137775529591795,3.39010688327617,0.000698653782585405,0.00492232549508201
"Os10g0574500",241.656624676951,1.38303735004007,0.408066660113121,3.38924368302149,0.000700856972826186,0.00493660852696999
"Os02g0110700",4090.88409953314,-1.26277927433056,0.372592269676058,-3.38917196384255,0.000701040315565566,0.00493666081189484
"Os01g0590100",10.9713447503553,-6.24676532513911,1.84366579618486,-3.38823084859831,0.000703450313826791,0.00495238903828585
"Os03g0401100",10190.2346741793,0.828246250383216,0.244458751027326,3.38808182117659,0.000703832647068441,0.00495383790871196
"Os01g0229100",3472.89185978656,-0.518118913257279,0.152944381881688,-3.38762958719254,0.00070499404606524,0.00496076803427351
"Os01g0627600",3223.02909636915,1.25545870128789,0.37068633707697,3.3868491382438,0.000707002535656369,0.00497365383694887
"Os01g0588800",3693.26780826888,-0.354205854883415,0.104600526748793,-3.38627219090464,0.000708490729532243,0.00498287389777789
"Os01g0113500",162.620920779219,1.86699545229594,0.551430819326838,3.38572924628168,0.000709893873870289,0.00499149132762416
"Os11g0126100",143.187569424817,-2.59037852236701,0.765290481069797,-3.38483044862381,0.000712222333884904,0.00500660900137229
"Os05g0478400",32.9887854058439,3.08159484857922,0.910459613754346,3.38465847581316,0.000712668661296162,0.00500849185406785
"Os09g0347500",7258.89777181039,0.461061826673399,0.136244600638684,3.38407411752133,0.000714187210623459,0.00501790723698436
"Os11g0143400",1002.17424677702,0.448053865168165,0.132417956717489,3.38363373272764,0.00071533360754746,0.00502470380350358
"Os07g0649300",277.341423895676,-1.61736189728959,0.478067444568433,-3.38312494537174,0.000716660196625423,0.00503276237179746
"Os05g0581900",665.429910028398,0.809399344702536,0.239255489891742,3.38299173435381,0.000717007902363039,0.00503394439732589
"Os09g0556400",720.955878800342,0.813876632453774,0.240594743319997,3.3827698029599,0.000717587533017466,0.0050367537147414
"Os04g0446500",4971.43477465254,0.903573648899596,0.267131785947164,3.38250143349962,0.000718289030077872,0.00504041679470999
"Os11g0644700",168.77147254212,2.80632129908105,0.829809289389849,3.3818870612361,0.000719897351250244,0.00505043986769609
"Os06g0586400",151.106828746735,7.51998964090576,2.22440596902899,3.38067319797223,0.000723084876917753,0.00507153407049887
"Os07g0529800",104862.457597562,-1.52482421415571,0.451061712475538,-3.38052238082256,0.000723481827344436,0.00507305023461758
"Os02g0750100",1349.38869631126,-2.15693981373569,0.6380661939619,-3.38043267947289,0.000723718017111436,0.00507343867004275
"Os02g0322500",744.950491323121,-0.662190195172534,0.195899489340887,-3.38025483068131,0.000724186516919779,0.00507545505439631
"Os01g0934800",1128.95368470881,1.13327376536235,0.33537235358798,3.37915082515902,0.000727101062166343,0.00509460924007788
"Os01g0636400",901.303584174325,1.28794299234586,0.381188139658188,3.37875935358524,0.000728137150982663,0.0051005952897842
"Os03g0736300",21233.3422370104,-1.00280233257334,0.296812736096462,-3.37856907948665,0.000728641235352609,0.00510285259457572
"Os11g0621400",208.180337276371,-2.81421100802493,0.833016316183451,-3.37833839908266,0.000729252801019059,0.00510586130294332
"Os11g0643400",165.70446855904,-3.83655167942031,1.1356996451278,-3.37813936623057,0.000729780847792779,0.00510828389891767
"Os07g0107583",20.9577364231144,-4.71100939663723,1.39513048219394,-3.37675182125535,0.000733471973098766,0.00513284052595949
"Os07g0686950",13.0049153844342,5.47059291912684,1.62039750973363,3.37608079885665,0.000735263230461543,0.00514409293772421
"Os03g0825400",3172.96665730185,0.924687907797063,0.273955322083169,3.37532375996821,0.000737288981631446,0.0051569799109027
"Os05g0536800",118.614553361904,-2.47698922267995,0.733934345200989,-3.37494659961937,0.000738300153974604,0.0051627657415488
"Os04g0622600",372.813756710949,-1.67131674758914,0.495254246681966,-3.37466414227923,0.000739058269548212,0.00516549269241891
"Os05g0533100",14205.7122636743,0.492912718710086,0.146061474647698,3.37469356583588,0.000738979262991702,0.00516549269241891
"Os01g0869200",1356.72476300916,-1.43250088256884,0.424501758031602,-3.37454640756092,0.000739374483009296,0.00516641602146585
"Os06g0690200",3288.17278944279,-1.00894173430869,0.298994144176976,-3.37445315889363,0.000739625020682998,0.00516688009220968
"Os11g0269900",1790.46170256917,0.852978822326053,0.252786663652826,3.37430309811566,0.000740028364949857,0.00516841114415702
"Os01g0689800",2547.53219254925,-0.382291124014127,0.113298256054192,-3.37420131013554,0.000740302074357062,0.00516903628032045
"Os08g0101800",913.904005019146,1.09541641719013,0.324711642088537,3.37350521263864,0.000742176412627284,0.00518083445053404
"Os06g0474900",4025.88212985439,-0.658621338918306,0.195308778729223,-3.37220550557752,0.000745687855126193,0.00520405187529252
"Os07g0233300",2378.66604849991,0.648061435101503,0.192240725010804,3.3710933781855,0.00074870475336882,0.00522380725734357
"Os02g0626100",332075.647544003,-1.15588437243583,0.342915321394853,-3.37075744453214,0.000749618276403038,0.0052288809526279
"Os05g0561400",736.687237224323,2.5649309786948,0.761192805367136,3.36962062779573,0.000752717369236934,0.00524919354262596
"Os07g0537701",10.4680802392624,5.96492492633155,1.77031417687656,3.36941600775954,0.000753276448845131,0.00525178725651977
"Os07g0467900",200.910149854495,1.33030090727935,0.394827725415388,3.36931988724898,0.000753539210264555,0.00525231428674713
"Os07g0534500",139.806583172096,7.43068888252971,2.20547194180093,3.36920581109819,0.000753851166863867,0.00525318387001089
"Os01g0858700",1373.54429875614,0.782666658307585,0.232312396847359,3.36902665948488,0.000754341323147173,0.00525529449110128
"Os08g0203600",5785.52611856444,-1.30738439340166,0.388078787071574,-3.36886332609708,0.000754788458875597,0.00525710442615215
"Os04g0631100",823.088018576709,0.748099342531981,0.222142103702207,3.36766119553296,0.000758086948496453,0.00527876822548572
"Os06g0220100",226.26236927065,-1.68256558774914,0.499790304572204,-3.36654307287801,0.000761166940965029,0.00529890019780715
"Os04g0494300",928.952021846954,-0.792928130090174,0.23556323172986,-3.36609463313651,0.000762405479075203,0.00530620599052786
"Os02g0792800",1495.75635180027,-1.64697100034582,0.489322662870033,-3.36581794655864,0.000763170588195415,0.00530889763161619
"Os06g0622000",516.381080184609,0.747397387114565,0.222052158251215,3.36586409697946,0.000763042920965192,0.00530889763161619
"Os09g0492700",6316.1727677725,-0.715110334868382,0.212509123198268,-3.3650806332733,0.000765212930430112,0.00532178568865671
"Os06g0349700",33.1326878279157,-7.87426161772457,2.3401794081258,-3.36481108686915,0.000765960834109344,0.00532566722665422
"Os08g0414600",1231.50394646522,0.63725781589233,0.189411927024974,3.36440173489343,0.000767097950904428,0.00533225234042112
"Os02g0831300",1622.18310145756,0.709546130073281,0.210923651605161,3.36399509810079,0.000768229076920856,0.00533879255981998
"Os05g0399400",655.810824832696,-2.73829469777977,0.814171676874253,-3.36328906489668,0.000770196701667796,0.00535114133255798
"Os02g0605900",687.146094400798,2.79567042916167,0.831260334071983,3.36317073553467,0.000770526927972488,0.00535211055761484
"Os09g0379600",778.421096985856,-1.48766659554725,0.442433965341632,-3.36246019086378,0.000772512638428538,0.00536457551585787
"Os07g0548800",5641.93441223316,-0.665830748640792,0.198027085308689,-3.36232161172741,0.000772900469240262,0.00536594086289466
"Os07g0633000",395.427092157735,-1.71741070699381,0.510801094102125,-3.3621907369103,0.000773266904519587,0.00536715703057845
"Os02g0255801",27.6984731847286,-8.42022968678281,2.50446476542284,-3.3620875019023,0.000773556065113524,0.00536783637468242
"Os07g0259700",2136.94574269221,-0.486106942232974,0.144600499037915,-3.36172382161361,0.000774575531172604,0.00537358184320534
"Os05g0110100",805.170686254984,-2.12495829166281,0.632231035741072,-3.36104710388353,0.000776475822059808,0.00538543364276874
"Os10g0163310",216.684022407834,-2.17175488651089,0.646186428729685,-3.36087975536761,0.000776946420381614,0.0053873660609708
"Os04g0590400",4188.32745641116,-0.653724153511342,0.194532943572489,-3.36048044874078,0.000778070374523508,0.00539382679097793
"Os02g0627100",4067.41035807579,-1.24038534675111,0.369141669726485,-3.36018783159909,0.000778894980994077,0.0053974661175131
"Os07g0122900",571.004209176846,-0.988949079138425,0.29431627250042,-3.36015766555013,0.000778980036202982,0.0053974661175131
"Os01g0382700",198.729195181683,-2.38613174512875,0.710248317854191,-3.35957394779582,0.000780627566278667,0.00540754647368846
"Os03g0829000",3849.34126321312,0.403572446872793,0.120130279110968,3.35945649888983,0.000780959453780196,0.00540851041263076
"Os01g0276700",4421.67379430711,1.15090538475258,0.342605095637768,3.35927690336929,0.000781467208673719,0.00541069153955142
"Os07g0106200",9250.61451745418,0.78574345152717,0.233954758115716,3.35852734030967,0.000783589693744953,0.00542404883716598
"Os06g0639600",767.983747549174,1.05532864369708,0.314302882782909,3.35768044617651,0.000785994222094915,0.00543935138358262
"Os03g0345100",1248.75703470841,-0.63493938238387,0.189106698512074,-3.35757213985379,0.000786302222255213,0.00544014126255567
"Os01g0652600",75308.1576862622,-1.24590680249544,0.371082065071662,-3.35749668272119,0.000786516872510102,0.00544028505703192
"Os02g0573500",1297.64096063622,0.970706497422761,0.289167635508624,3.35689883038038,0.000788219485653019,0.00545071838501602
"Os03g0348500",34.5708646638974,-5.20912662900075,1.55183722185331,-3.35674808906803,0.000788649318872002,0.00545234717570488
"Os03g0830800",31.6949527345804,2.46855305553914,0.735666831112016,3.35553126924009,0.000792127009787509,0.00547504141592539
"Os02g0653300",447.269672313966,-0.879552816300095,0.262130833124662,-3.35539625695923,0.000792513753079627,0.00547520836177028
"Os09g0505000",607.170257861705,1.09392181046587,0.326019602722673,3.35538661273816,0.000792541385699911,0.00547520836177028
"Os09g0498600",1760.52667180764,-0.608123663413239,0.181253175073837,-3.35510626594821,0.000793345026174226,0.00547941130310143
"Os03g0795200",220.566860901997,-1.87303054960061,0.558291571088689,-3.35493252378526,0.000793843453975696,0.00548150467654183
"Os06g0605900",8304.2818581776,-0.69158229886348,0.206169950073079,-3.3544282210785,0.00079529183334041,0.00549015484063926
"Os08g0535700",932.959556211613,0.57142645861605,0.17035880958711,3.35425247453294,0.000795797161091155,0.00549229216294638
"Os04g0502100",10.0032945887233,-7.65693663028767,2.28294825515626,-3.35396854177213,0.000796614188598274,0.00549657913952416
"Os08g0429800",173.088996528491,-2.84569493850888,0.848590591316144,-3.35343682528376,0.000798146317724793,0.00550579694395111
"Os06g0509900",106.211942797102,-3.3332641160528,0.994093379270204,-3.35306942542949,0.000799206569304963,0.00551175589772324
"Os01g0284500",23077.4182124254,1.60885676771085,0.4798550747124,3.35279723503001,0.000799992905805854,0.00551582332253658
"Os11g0539700",101.262996564583,-3.39296210547468,1.01205751053273,-3.35253883318221,0.00080074007256909,0.00551961874636055
"Os02g0822000",3767.92965951179,-0.496324853466324,0.148056407817698,-3.35226864397148,0.00080152201493606,0.00552304578021888
"Os03g0669000",2733.25060123409,0.663887465929188,0.198043468959613,3.35223105016694,0.000801630869604145,0.00552304578021888
"Os01g0761100",841.890895837647,0.675987127327317,0.201667160596554,3.3519940744327,0.000802317360102114,0.00552641869395815
"Os02g0687500",3231.22998311009,0.443885260147511,0.132430266990183,3.35184146521745,0.000802759739585654,0.00552810891098224
"Os03g0243700",309.558362123272,0.959709853331551,0.286409003749942,3.35083688280084,0.000805677449918905,0.00554684018636514
"Os02g0567850",1389.79157541998,-1.10235046254961,0.329075048573362,-3.349845171576,0.000808567426873906,0.00556537138409015
"Os02g0740600",313.863648241044,1.21910084030784,0.364020902305915,3.34898582082887,0.000811079464024161,0.00558129277083031
"Os04g0571300",958.951550559312,1.01715055567429,0.303727436162412,3.34889257462532,0.000811352474563527,0.00558180268232451
"Os12g0634500",56.7652573556643,2.59567442202687,0.775192266080376,3.34842662343814,0.000812717986037611,0.00558982650102633
"Os03g0273200",312.275804596145,-2.59316003345089,0.774561945020901,-3.34790529036501,0.000814248326536342,0.00559897979398746
"Os10g0438100",272.498682401841,0.89501814957669,0.267386213088682,3.34728608194861,0.000816069447609969,0.00561012759403012
"Os06g0326000",134.184238600872,2.89527502256538,0.865098480511734,3.34675772503118,0.000817626357458033,0.00561945403942869
"Os03g0114100",229.867595330363,-4.1030141674088,1.22600010831219,-3.3466670513246,0.000817893822653107,0.00561991587935639
"Os04g0165700",9792.57247172638,1.20355406744631,0.359707863831034,3.34592092212823,0.000820097805110449,0.00563368044235236
"Os08g0485400",2785.37920136939,0.496403106848779,0.148384481222403,3.34538425285025,0.000821686471930715,0.00564321237770919
"Os07g0638000",1394.98397701488,0.942170503605943,0.281641922960709,3.34527791069436,0.000822001608371144,0.00564399538392734
"Os03g0656100",197.131039494701,1.38014322516875,0.412622946565615,3.34480483127781,0.000823404900686501,0.00565224763284359
"Os04g0470200",1139.5074154169,0.950172299703697,0.284125210689867,3.34420271047628,0.00082519418221167,0.005663144813212
"Os04g0605100",4647.49638639375,0.610707707315275,0.182638312073235,3.3438094142613,0.000826364860712613,0.00566979235240033
"Os09g0473966",689.756025435645,0.74545911472163,0.223050806668517,3.34210454495007,0.000831457381404876,0.0057033383126335
"Os02g0160300",19.8851321105682,-6.71924839446585,2.01069073554527,-3.34176125432024,0.000832486320585864,0.00570900076448693
"Os07g0677600",695.545278197458,-1.18625835814916,0.35505567083363,-3.34104889907535,0.000834625220515781,0.00572227044664399
"Os03g0202200",17014.6575437474,-0.529496888672118,0.158495723729228,-3.34076450905831,0.000835480545720843,0.00572673548461609
"Os11g0128300",358.328241238296,-1.06664554851653,0.319304504537959,-3.34052771995806,0.000836193327698165,0.00573022152914918
"Os01g0854800",307.409303368225,-1.71942536441636,0.514875649912824,-3.33949637103149,0.000839304475503279,0.00574826171446037
"Os02g0248100",101.987339782613,-3.00298243638731,0.899220855542162,-3.33953824344603,0.000839177955142464,0.00574826171446037
"Os06g0151401",6.92978630247137,-4.73072584171879,1.4166176671804,-3.33945139279161,0.000839440400037724,0.00574826171446037
"Os04g0367201",15.1252950732854,-7.63674823449031,2.2878726804463,-3.33792535736761,0.000844064205338213,0.0057785142059529
"Os12g0597600",2992.5778643236,0.470317156806033,0.140926382296608,3.33732512778308,0.000845889332920221,0.0057895966976603
"Os05g0177000",268.426600534157,2.73077670806758,0.818326783303449,3.33702472384429,0.000846804149653138,0.00579444478116712
"Os12g0236500",6588.86531185751,0.353378430093352,0.105910832683272,3.33656549703595,0.000848204401562538,0.00580261138874889
"Os08g0176800",4369.98091995633,-0.461938916600081,0.138477904741241,-3.33583121049714,0.0008504478148147,0.00581654072126008
"Os07g0563800",23851.9680252316,-0.898294006321647,0.269332565336483,-3.33525953387548,0.000852198226142957,0.00582709225682838
"Os02g0626200",134.748929715306,-1.48842227245418,0.44634951892339,-3.33465638328525,0.000854048629060467,0.00583832219943845
"Os02g0623300",177.229040959934,-1.31847736193641,0.39543899381781,-3.33421180649642,0.000855414928788634,0.00584623812266601
"Os10g0444700",5767.39879395032,0.893603497540118,0.26812793177588,3.33275049571133,0.000859920210240894,0.00587444930477144
"Os11g0516000",2988.67956862239,-0.398455898694746,0.119558152909979,-3.33273715758024,0.000859961433397516,0.00587444930477144
"Os08g0295100",1500.34084267084,-1.08789405675964,0.326548655327178,-3.33149146080437,0.000863819502120739,0.0058993679407428
"Os06g0158200",1727.25172067241,-0.542051623858782,0.162731360537576,-3.330959822791,0.00086547092862052,0.00590920807760317
"Os01g0850800",279.116061555655,-3.84767823642061,1.15536198782025,-3.3302794076511,0.000867588772309359,0.00591934746621571
"Os02g0639700",1428.60311089109,0.502436953985276,0.150863224667385,3.33041372470343,0.000867170320021507,0.00591934746621571
"Os04g0530700",2668.05259856724,-0.495427412331165,0.14876224743752,-3.3303302475263,0.000867430363388433,0.00591934746621571
"Os12g0281600",220.409345615633,-1.24001910274233,0.372441270015305,-3.32943527630913,0.000870222873682149,0.00593587610142646
"Os01g0114000",6.83501760217336,6.02785314544906,1.81055450024266,3.32928566615431,0.000870690503177158,0.00593762257597993
"Os02g0244650",343.553468331589,0.987722663665298,0.296746127772,3.3285107073889,0.000873116487025329,0.00594922253690803
"Os02g0809900",562.016795217624,1.08325331696503,0.325437198623153,3.32860939544716,0.00087280719933782,0.00594922253690803
"Os10g0403000",278.442278624352,-1.27813100933742,0.383986037855864,-3.32858719674904,0.000872876761047106,0.00594922253690803
"Os11g0116500",252.218898729047,-0.973723016052943,0.292543598113558,-3.32847145632963,0.000873239527814275,0.00594922253690803
"Os05g0298200",3550.63910132364,-0.729410694595779,0.219172169344171,-3.3280260754748,0.000874636795360054,0.00595729557072666
"Os01g0264000",691.097321666982,-1.2349507687506,0.371127892364287,-3.32756118351356,0.000876097484816932,0.00596579655882862
"Os12g0156500",11.9849701467655,-8.05993707958012,2.42261758097643,-3.32695392903555,0.00087800888360023,0.00597736178835266
"Os02g0557100",4106.82392340818,0.630589850555266,0.189550993649456,3.32675571050521,0.000878633634217383,0.00598016421135295
"Os09g0456100",1075.46409681406,-1.05207120088947,0.316271455417206,-3.32648167537484,0.000879498024432699,0.00598459591698118
"Os08g0170100",1389.36763163235,1.21319693615711,0.364718520607028,3.32639245777236,0.000879779613980968,0.00598506073394762
"Os07g0184500",727.192396650117,-1.10227193953802,0.331444731299496,-3.32565835400775,0.000882099775399664,0.00599939018353499
"Os07g0432800",212.608322559146,3.35569169007406,1.00928754101452,3.32481235892495,0.000884780607969401,0.00601616511287553
"Os11g0153100",79.6928526324121,-2.4744737177992,0.74434596614018,-3.32435967998944,0.000886218180222365,0.00602448027456395
"Os03g0777600",1228.15934285643,0.509091773882795,0.153176348809975,3.32356645029029,0.000888742461853551,0.00604017703185622
"Os02g0617600",410.860530900574,-2.46832870213173,0.742947308321966,-3.32234692081561,0.000892636353533734,0.00606414989085079
"Os10g0527400",827.813927096629,1.195859972965,0.359946563493796,3.32232640689072,0.00089270198842223,0.00606414989085079
"Os04g0617200",18.0744950198734,6.6520612419175,2.00393740067042,3.31949552899808,0.000901802488079429,0.00612448727504476
"Os04g0610900",5698.04771437209,0.686488469330773,0.206891900725367,3.31810219212996,0.00090631319232246,0.00615327870273642
"Os11g0118300",1454.78460675887,-1.33815846291818,0.403296574644146,-3.31805065316739,0.000906480441775795,0.00615327870273642
"Os01g0595600",211.074934559476,-1.79618333450085,0.541375245533047,-3.31781578363876,0.000907242980803551,0.00615547691666085
"Os03g0712600",112.384516662601,-1.46396492375001,0.441241776427459,-3.31782936693596,0.000907198864407919,0.00615547691666085
"Os08g0565450",84.5276166365352,-1.83800789874391,0.554026965962785,-3.31754230689806,0.000908131612987819,0.00616001675698917
"Os01g0888800",84.9940943029813,1.9916914339822,0.60037437401819,3.31741579949889,0.000908542957501736,0.006161317659114
"Os10g0493100",431.79648371789,1.09348434237676,0.329639096073386,3.31721678466599,0.000909190412707649,0.00616421873916454
"Os02g0638300",454.073975999656,-2.26972494306166,0.684372468809389,-3.31650533372614,0.000911508475137771,0.00617844222930341
"Os12g0481100",2670.88337942654,0.788832508800292,0.237856982499601,3.31641518575817,0.000911802587538987,0.00617894330150182
"Os08g0526700",521.64891390722,0.783843354665473,0.236397458088805,3.31578588451241,0.000913858166421368,0.00618988362686856
"Os11g0441500",1537.35290933522,0.573092826126442,0.172835239060767,3.31583321341632,0.000913703419869396,0.00618988362686856
"Os02g0767100",667.640539615638,-0.631495759955684,0.190547939390542,-3.3141043769641,0.000919371807592144,0.00622559314858173
"Os03g0167600",14.2200753047149,6.01417787907849,1.81475558300787,3.31404291321164,0.000919573929187915,0.00622559314858173
"Os02g0467600",112.827504872094,-3.59504294097764,1.08485126827742,-3.31385789564132,0.000920182602137191,0.00622670947219046
"Os11g0621200",12.1434090203278,-7.62043342914181,2.29955004582575,-3.3138802275579,0.000920109114533131,0.00622670947219046
"Os02g0551900",4017.86521489221,-0.53941172116714,0.162778870334691,-3.31376990181865,0.000920472216213947,0.00622716763051971
"Os05g0399800",8.85197972028028,6.51450844390981,1.96593374833861,3.3136968371468,0.000920712758156388,0.00622729366579526
"Os03g0708900",1001.00011489025,1.03320184654723,0.311866265082543,3.31296444094001,0.000923127157512161,0.00624211910701356
"Os01g0318202",953.56405142902,-1.9041069791957,0.574858663680652,-3.31230457066483,0.0009253074922331,0.00625535505831011
"Os04g0492500",524.085067774093,-1.47649199091428,0.445867864166588,-3.31150125312153,0.000927968243591497,0.00627032141865268
"Os01g0343400",8.13462102771024,7.08537403233301,2.13960271915879,3.31153721617942,0.000927848975199547,0.00627032141865268
"Os10g0461400",743.52019760617,-2.11271916963407,0.638122385728953,-3.3108369442652,0.0009301739230743,0.00628371223623279
"Os03g0609400",193.577570612833,-1.42381380213645,0.430112274746982,-3.31033054793432,0.000931858553165262,0.00629357754968077
"Os04g0357300",154.304937529127,-1.78371243379216,0.538856426402732,-3.31018124011208,0.00093235579524504,0.00629542067520845
"Os03g0786100",3322.54612009414,-2.33531383627486,0.705541882974058,-3.30995776810705,0.00093310048674241,0.00629893333148076
"Os01g0530366",2286.8637376723,0.831625957650083,0.251305181086813,3.30922726723569,0.000935538632892964,0.00631387328432957
"Os11g0183150",15.5448654130653,-6.8828329585205,2.07994468208565,-3.30914231412096,0.000935822558271721,0.00631427088969008
"Os01g0136400",2291.22258730851,0.541339691894501,0.163612909303521,3.30866124316787,0.000937431872308004,0.00632057020680135
"Os03g0242900",604.876876210296,0.690962141303179,0.208827661709878,3.30876731389698,0.000937076816504583,0.00632057020680135
"Os04g0306800",7637.22253468363,-0.904287040215135,0.273307928408815,-3.30867474456321,0.000937386671497511,0.00632057020680135
"Os09g0547900",325.921198523002,1.40563011023052,0.424865336425333,3.30841325408421,0.000938262464820629,0.00632465080177672
"Os07g0420000",1240.06932349856,-1.57436924124929,0.475914443014482,-3.30809300780432,0.000939336077851929,0.00633036719901076
"Os10g0492900",419.834463958074,2.19424872627458,0.663407015639901,3.30754525433844,0.000941175038185143,0.00634123743614681
"Os09g0528800",3680.2961908102,0.315064678917693,0.0952781287452475,3.30678911379657,0.000943719091883887,0.00635685193385637
"Os07g0647600",222.644753382258,-0.961397763223302,0.290742699289858,-3.30669614601339,0.000944032323697631,0.00635743582135899
"Os07g0200700",2139.48999553839,-0.98929136464477,0.299224534145285,-3.30618399146519,0.000945759628408942,0.00636753999338094
"Os04g0518800",193.614003764897,-1.06572942730474,0.322416361095103,-3.30544462348294,0.000948258403127085,0.00638130151284227
"Os04g0614000",2989.40105707159,0.578527184347093,0.175019736289993,3.30549683487422,0.000948081748555702,0.00638130151284227
"Os04g0471400",5643.86025175385,-0.734084684776414,0.222090375632213,-3.30534217291828,0.000948605127988367,0.00638210431589776
"Os11g0138300",192.319599302974,-1.67783347374268,0.507667593264307,-3.30498439530914,0.000949816881050549,0.00638872514766072
"Os06g0303600",16.1154189283875,-7.55202638410817,2.28612262240552,-3.30342139572624,0.000955127420031339,0.00642290574189299
"Os04g0269900",462.619314766402,-2.06031412694451,0.623708116953758,-3.30333063005056,0.000955436654127065,0.00642344594827832
"Os01g0114200",35.4536266356079,2.03939503837159,0.617402550264101,3.3031853164507,0.000955931923340778,0.00642523631923088
"Os06g0190700",162.387817895228,-1.69558084618604,0.513460703351557,-3.30226020242313,0.000959090549555154,0.00644492313257105
"Os06g0498400",9895.4973274533,-0.485143922326139,0.146930942758071,-3.30184992500152,0.000960494455712524,0.00645281192631191
"Os01g0604600",50.8208953482718,-2.40668211303185,0.728975502505534,-3.30145814881287,0.000961836829795925,0.00646028365670973
"Os03g0722800",2270.55659281151,-0.575056649493631,0.174220236954214,-3.30074542169724,0.000964283360492117,0.00647516622687959
"Os12g0407250",12.5606090304454,-6.84650768065792,2.07449176188904,-3.30033013696977,0.000965711536737339,0.00648320505835484
"Os09g0119100",2531.11254944225,0.401459075430224,0.121752869955217,3.29732741066299,0.000976096434830126,0.00655097775643005
"Os12g0169400",1227.94599815713,0.528873335267717,0.160397025648375,3.29727644967134,0.00097627357199738,0.00655097775643005
"Os03g0426300",53.1707922878324,-7.45110082280192,2.26006628768532,-3.2968505673491,0.000977755076165704,0.00655935045358881
"Os01g0957600",720.936416458256,1.30058143666503,0.394544792855297,3.29641009136835,0.000979289536705733,0.00656807432577349
"Os02g0106600",292.461232971263,-1.59229965728523,0.483053783902351,-3.29631960321651,0.000979605040986369,0.00656828639655617
"Os07g0546000",5482.34143804897,0.814485845923209,0.247093424685754,3.29626677423346,0.000979789282873071,0.00656828639655617
"Os10g0439600",4634.6891848278,0.514274353386419,0.15603039539401,3.29598827259117,0.000980761092170546,0.006573230897657
"Os08g0507701",31.7705083941867,3.94357884565742,1.19655430360041,3.29577925029499,0.000981491045052195,0.00657655246090131
"Os11g0490100",373.13037891224,-1.68895583939097,0.512625194963653,-3.29471874575092,0.000985202322669926,0.00659984425370338
"Os01g0138800",1588.49628760865,0.565626668072798,0.171686751747184,3.29452716832634,0.000985874139520568,0.00660276852105636
"Os02g0124866",376.486172389323,-2.12970814798336,0.646846971639043,-3.29244510890559,0.000993202836556133,0.00664670440909094
"Os02g0686600",2226.99418065354,0.992428762280987,0.301430980674492,3.29239137948029,0.00099339262609896,0.00664670440909094
"Os04g0626600",1743.79257758702,-0.779482055147657,0.236746382173372,-3.29247715632179,0.000993089650799362,0.00664670440909094
"Os06g0306600",272.947084232565,-2.14226718836666,0.650631882607358,-3.29259485376229,0.000992674066895843,0.00664670440909094
"Os08g0371900",171.744039102101,-1.22382917586754,0.371721587696351,-3.29232742023919,0.000993618594402982,0.00664670440909094
"Os02g0175500",2449.88214991269,-0.409389922432686,0.124374495969878,-3.29159060497286,0.000996225200434443,0.00666112886154108
"Os07g0657900",1828.43014693574,-1.12120995781349,0.340629332192432,-3.29158370066639,0.000996249655473164,0.00666112886154108
"Os08g0143600",26.6276143660979,-2.66654515875266,0.810140976301458,-3.29145819894984,0.000996694279164695,0.00666251425962832
"Os09g0322000",2145.25599305433,0.706941358795646,0.214792634841304,3.29127374091741,0.000997348104953093,0.00666529709959364
"Os03g0750300",2542.51859552137,0.98916368902217,0.300577668570903,3.29087551222668,0.000998761011627368,0.00667156189199885
"Os08g0121800",233.370874478761,0.837234050134662,0.254408846707234,3.2908999076519,0.000998674403939099,0.00667156189199885
"Os05g0565050",25.5267695381771,3.51202404717571,1.06723292405014,3.29077558237954,0.000999115851260668,0.0066718829069252
"Os06g0310200",1898.76982386625,0.516168580104551,0.156855433829367,3.290728076823,0.000999284579068015,0.0066718829069252
"Os03g0263900",3042.75457654237,-0.865480969248398,0.263016189630238,-3.29059960326068,0.000999741017043685,0.00667334263089436
"Os04g0412200",107.258573337035,-3.25451785685446,0.989129160397822,-3.29028602851574,0.00100085588890735,0.0066782741803133
"Os11g0151600",846.031732376666,-1.26499926867014,0.384468114326257,-3.29025794736431,0.00100095578370742,0.0066782741803133
"Os12g0581600",2081.34003433282,-0.758086798193746,0.230442809494598,-3.28969604153136,0.00100295662701088,0.00669003300859977
"Os06g0651100",984.946834089236,0.787744950932957,0.239502718833314,3.28908563030219,0.00100513438442964,0.00670296603989175
"Os03g0719800",10012.6188954894,0.491054525273597,0.14931425697564,3.2887316671556,0.00100639921914111,0.0067098063405887
"Os03g0648400",95836.1335907879,-1.04608194667873,0.318121314461141,-3.28831140551104,0.00100790287480539,0.00671823526669569
"Os03g0626500",300.160649737912,1.82906742747955,0.556247503816843,3.28822586156147,0.00100820919743758,0.00671868119175812
"Os04g0638700",301.424372705083,-2.06639318831948,0.628456215987462,-3.28804638374474,0.00100885216609295,0.00672136977324323
"Os02g0608500",2638.18542295568,0.691998498539984,0.210517892673198,3.28712438526174,0.00101216115852807,0.00674181496098143
"Os10g0142100",2675.84901535231,0.448652196538217,0.136538968059489,3.28589122149174,0.00101660260814863,0.00676979173940836
"Os10g0454200",29087.1966070391,3.14513934403636,0.957259672720525,3.28556548830465,0.00101777879988971,0.00677601629478175
"Os01g0530500",649.679419660732,0.747344220153746,0.227494501165579,3.28510894252253,0.0010194294635202,0.00678378695881048
"Os04g0665200",182.527965649063,1.89546565283233,0.576981474136355,3.28514127021067,0.00101931249971547,0.00678378695881048
"Os12g0158800",1392.32585502542,0.712536601061992,0.216906643661068,3.28499205480944,0.00101985247499221,0.00678499292395246
"Os05g0586400",1377.58706981484,-0.893740460489764,0.272075681577797,-3.2848965233014,0.00102019831994426,0.00678568505671387
"Os01g0810866",121.963108959009,-1.02192543858126,0.311116523824282,-3.28470319100905,0.00102089855727484,0.00678873348678827
"Os04g0431000",3713.70104852856,0.563033009589832,0.171428900215327,3.28435292347219,0.0010221683372931,0.00679395733801963
"Os05g0454500",8144.68154241964,0.834600779785834,0.254110423038432,3.28440199267076,0.00102199036501427,0.00679395733801963
"Os03g0347300",2515.24734982017,-0.650008537578243,0.197916035134105,-3.28426414331616,0.00102249041273677,0.00679448874312556
"Os10g0169900",35.4627427600455,-3.18540013547892,0.970085512245379,-3.28362819078282,0.00102480026028435,0.00680822559282658
"Os01g0507700",3762.66131163706,0.4331976095619,0.131954042225863,3.28294307816962,0.00102729406560075,0.0068231777677842
"Os03g0650800",1437.30475616513,-0.801334268743426,0.244108222100167,-3.28270085230725,0.00102817710915881,0.00682742689001763
"Os01g0766900",2692.05643624184,-0.822550961779749,0.250602859844152,-3.28228880664526,0.00102968085126221,0.00682933208416924
"Os03g0731500",5539.43174851833,-0.396150522249925,0.120693055396789,-3.28229756838575,0.00102964885451611,0.00682933208416924
"Os05g0194000",338.790295014003,0.652248800842951,0.198713560993038,3.28235676308878,0.00102943270720342,0.00682933208416924
"Os08g0133700",615.244987054865,0.733650485916315,0.223508071249698,3.28243397123989,0.00102915084754232,0.00682933208416924
"Os12g0557400",2894.98892770662,0.456653931400008,0.139120379226438,3.28243736783335,0.00102913844942082,0.00682933208416924
"Os02g0799000",1393.64100585362,0.577591309898441,0.175995807780843,3.28184697795575,0.00103129554633373,0.00683842524130838
"Os02g0684600",971.830823199106,-0.645985848522343,0.196854697412245,-3.28153636674236,0.0010324320999989,0.00684434433975175
"Os03g0268000",10481.7363234997,-0.697992690154418,0.212735264231441,-3.28103896021231,0.00103425456875703,0.00685480673322149
"Os06g0185900",948.409041032843,-2.38671013000046,0.727675898603494,-3.27990817695195,0.00103840877582763,0.00688071477385474
"Os05g0310600",1240.66791380186,-1.68811376413108,0.514706231948227,-3.27976165693848,0.00103894818122867,0.00688266380114234
"Os04g0472200",1013.50287388024,-1.1364953881255,0.346525274219393,-3.27968974466769,0.00103921301715995,0.00688279341221204
"Os05g0177400",61.7196590291021,-1.30297878549636,0.397324247930989,-3.27938401011629,0.00104033966292246,0.0068886294527914
"Os04g0460300",1803.73902682338,-1.52628569477382,0.465445792107699,-3.27919109089432,0.00104105116055085,0.00689008907249478
"Os07g0191000",2486.8991405512,0.495783987286475,0.151189970743701,3.27921213852825,0.00104097351374117,0.00689008907249478
"Os06g0564700",93.2625846457104,3.91647380922176,1.19476406609461,3.27803113632615,0.00104533864375352,0.00691683400636909
"Os04g0291100",1666.474130906,-0.865527504676747,0.264102128387694,-3.27724547303222,0.00104825192724075,0.00693447562051627
"Os01g0590900",2012.89489240124,0.495055125255577,0.151075890645303,3.27686385392804,0.00104966970129525,0.00694221804330601
"Os05g0194500",1361.01217333384,1.45350653543724,0.44366249015609,3.27615376031872,0.00105231253225475,0.00695572231648333
"Os06g0731300",251.424222240733,-1.54615492486498,0.471929571424862,-3.27624081745246,0.0010519881916528,0.00695572231648333
"Os07g0613000",987.858377598255,-1.14148715890309,0.34842702125548,-3.27611548263391,0.00105245516911796,0.00695572231648333
"Os11g0629600",1415.84106803505,-1.18808409751394,0.362775116027963,-3.27498785066162,0.00105666517866544,0.0069819021058888
"Os03g0799100",7828.72462253201,0.639179948274507,0.195178166830291,3.27485373315489,0.00105716694130014,0.00698357314189373
"Os03g0786900",4896.67116141164,-0.608587758401642,0.185847485798797,-3.2746623167155,0.00105788345347967,0.00698666167840587
"Os02g0685200",232.756294797762,-1.64450370359723,0.502269290064042,-3.274147426747,0.0010598130257315,0.00699775838307704
"Os03g0247600",127.573356799254,2.21157675511159,0.675566499333254,3.27366255919186,0.00106163306406372,0.00700812680398872
"Os05g0552700",19.5788597024614,-4.55919446986726,1.39272967886155,-3.27356739722389,0.00106199061104981,0.00700883831779865
"Os09g0556500",1044.39039415201,-0.504327282617758,0.154133255772323,-3.27202121366152,0.00106781563602878,0.0070456248244156
"Os02g0566500",3072.18874138419,-0.48391726653208,0.147919914688171,-3.27148151452237,0.00106985582432461,0.00705742692576332
"Os06g0647900",277.775340314906,-2.19703392141842,0.671845598466617,-3.27014707908009,0.00107491579089466,0.00708913911259365
"Os06g0232600",1039.82711516182,-0.808796388082876,0.247335035798103,-3.27004375046602,0.00107530851850072,0.00709006288678743
"Os05g0500200",1270.3213073457,-1.00955619312134,0.308781376443387,-3.26948537100791,0.00107743308418083,0.00710240244498064
"Os07g0153300",588.187802345692,-1.29710858761824,0.396811630902212,-3.26882703682115,0.00107994295268882,0.00711727551393935
"Os03g0389100",169.199822125403,2.38582074609964,0.730068747465071,3.26793984043782,0.00108333390287652,0.0071379469317964
"Os05g0120200",254.883287921795,-1.77716267338394,0.543892131343838,-3.26749105377376,0.00108505295705964,0.00714759532418021
"Os10g0503500",14645.8227341517,-0.87705923859038,0.268444774254391,-3.26718685817753,0.00108621959687157,0.00715360110946025
"Os05g0473000",544.976731335426,-1.79860034748983,0.550568659253807,-3.26680481581989,0.00108768643520809,0.0071615806534044
"Os08g0160500",7754.43940284722,-0.863437948241217,0.2643176326303,-3.26666798445832,0.00108821223988656,0.00716336192251854
"Os12g0541000",1220.50659564443,0.819168110146262,0.250780063427318,3.26648019364457,0.00108893425022027,0.00716643361390274
"Os04g0120350",9.34225104254678,7.35575197681071,2.25270166308706,3.26530232446782,0.00109347298663598,0.00719461640116735
"Os04g0543700",341.94115759551,-0.587114273576813,0.179827253576583,-3.26487927663745,0.00109510740172772,0.00720368117845364
"Os03g0789100",41.6602202008292,2.10367763579099,0.644399451988166,3.26455528368392,0.00109636065275532,0.00721023497483475
"Os03g0807900",882.032229647969,-2.10595161445399,0.645273650959522,-3.2636566072742,0.00109984380668702,0.00723144725943094
"Os10g0163370",32.4826418372872,-6.68876155204816,2.05003930021638,-3.26274796358399,0.0011033759944393,0.00725297192690457
"Os10g0521400",558.505667518025,-0.633165772727292,0.194077114236676,-3.26244428776465,0.00110455881594807,0.00725904671970371
"Os03g0684400",1579.60991397978,-1.17727310933835,0.360870758120534,-3.26231229005574,0.00110507331434994,0.00726072754560712
"Os01g0734200",3293.49847998337,-0.510886278313189,0.156607514951628,-3.26220793728186,0.00110548021563845,0.00726112209743835
"Os08g0263400",12.7935087706562,6.13791886078228,1.88154811281776,3.26216418223305,0.00110565087029984,0.00726112209743835
"Os02g0623500",1991.25724081369,-0.621044518582935,0.190383604223301,-3.26206934213995,0.00110602085190467,0.00726185239732074
"Os10g0502000",1247.34939223322,-2.18791593718016,0.670771554329752,-3.26178998357552,0.00110711132567105,0.00726731181777333
"Os01g0764000",149704.685040984,0.821600704417841,0.251934086194145,3.26117325697922,0.00110952223364266,0.00728143426578116
"Os12g0136500",18347.9244177686,-1.83112457335549,0.561586103064262,-3.2606301391079,0.00111164940946353,0.00729368850324187
"Os01g0321800",1070.85462363312,0.550308786487483,0.168780877277041,3.26049251174463,0.00111218903941099,0.00729552333425694
"Os03g0448950",76.9708323741031,-9.41984733335715,2.88921267406584,-3.26035096616861,0.00111274428511945,0.00729745971699507
"Os10g0183000",1039.43195841394,-0.776100883066955,0.238089332785421,-3.25970455705555,0.00111528323589959,0.00731240144061083
"Os02g0823600",4931.96388626937,0.488866495043192,0.149985381440171,3.25942762120587,0.00111637261622217,0.00731783423415711
"Os01g0128800",3349.8335901392,0.684439853818921,0.21001784917975,3.25896040023305,0.00111821274996644,0.00732818453749607
"Os05g0419200",6201.6709301309,-0.655870860680139,0.201267423927953,-3.25870350939116,0.00111922570017734,0.00733139859906078
"Os07g0435400",4871.53278785592,0.42351273719031,0.129961783809999,3.25874826256214,0.00111904917226114,0.00733139859906078
"Os03g0639300",284.220265242865,1.38055598183152,0.423688928139411,3.25841883075421,0.00112034921183039,0.00733704541012475
"Os03g0109900",511.549583321776,-3.06539295911154,0.940808963210176,-3.25825229029704,0.00112100696312678,0.00733943118119502
"Os12g0580600",326.254812385656,1.25768751135987,0.386007538661103,3.25819416823375,0.00112123660016332,0.00733943118119502
"Os02g0266800",1831.94652646133,0.713696459151684,0.219057758089064,3.25802868329142,0.0011218906601786,0.00734199993142069
"Os11g0546900",13187.8556144295,0.50942235225546,0.156365792286866,3.25788872876289,0.00112244408949595,0.00734390907890775
"Os12g0506800",372.754579714504,-1.00254676573855,0.307825306838109,-3.25686921597322,0.00112648322350074,0.00736861823260552
"Os07g0541800",774.429217113587,-2.41306638663657,0.74101605778994,-3.25642927878442,0.00112823032569874,0.00737832659048195
"Os01g0222900",9.7759622818122,-7.51958901843338,2.30950062213283,-3.25593721273347,0.00113018741249011,0.00738940334792576
"Os06g0654900",1603.73679944072,-1.27020926936026,0.390158932515751,-3.25562011657642,0.00113145025658243,0.00739593689732499
"Os11g0435100",71.449574279388,-6.95292159306383,2.13605818950319,-3.25502443109051,0.00113382611795652,0.00740974115558821
"Os12g0498500",391.724896887976,-2.8091405202199,0.863171516372976,-3.2544407072465,0.0011361587441075,0.00742325650224555
"Os05g0499500",2642.06828635765,0.432388470508394,0.132877117396942,3.25404764175255,0.00113773197655216,0.00743180510381904
"Os02g0621800",760.444754087958,0.981689966425767,0.301786347519042,3.25293034127008,0.0011422149413302,0.00745935203248964
"Os11g0691300",769.336956660047,2.18432358470266,0.67152172090979,3.2527966209988,0.00114275256220082,0.00746112666367601
"Os03g0381300",3351.24482320365,0.851207778524534,0.261691437405266,3.25271543832105,0.00114307907035759,0.00746152241739353
"Os01g0130200",178.053508514208,1.7173750448516,0.528049163897194,3.25230141863449,0.00114474555549766,0.00747066273915704
"Os05g0137700",100.362723621508,-0.968023933589636,0.297749139576971,-3.25113931467598,0.00114943518655323,0.00749952341433544
"Os02g0571100",238.310889907054,9.4129306376702,2.89542374778591,3.25096823733249,0.00115012706090471,0.00750229325502276
"Os01g0782100",1307.66907768026,-0.952627380626954,0.29308451347921,-3.25035045120024,0.00115262872974806,0.00751511789363151
"Os06g0679850",322.702110232217,0.67759182637164,0.208464594230362,3.25039284907477,0.00115245688280289,0.00751511789363151
"Os02g0760300",16567.1220800049,0.541038441176657,0.166473089595353,3.25000540622968,0.00115402814597459,0.00752249426999745
"Os03g0313600",3061.43476685397,0.872286474663811,0.268436153912297,3.24951189305448,0.00115603244153968,0.00753380919054493
"Os04g0510400",2224.02483181691,0.697311146816621,0.214625739849987,3.24896327581215,0.00115826430603984,0.00754660156863013
"Os03g0806500",2164.86855547939,-1.1391514187971,0.35063383510952,-3.24883483774831,0.00115878738801238,0.00754825712219205
"Os02g0690300",106.236405394886,-4.34196905337805,1.33681751171848,-3.2479893592929,0.00116223616970977,0.00756720914023097
"Os05g0295700",2035.57705386785,0.911427579919999,0.28061270235148,3.24799117175528,0.0011622287663798,0.00756720914023097
"Os02g0826600",3464.97537826465,-0.668956150185565,0.20597239571379,-3.24779516142113,0.00116302965854592,0.00757061894644295
"Os11g0624600",26.7388763378238,-8.82800136118197,2.71849120812228,-3.24739007240699,0.00116468645624262,0.00757964548587208
"Os01g0824000",168.8467889922,-1.58543067702873,0.488256415448836,-3.24712717921239,0.00116576284557451,0.00758313328060081
"Os02g0149500",13.7867429624528,-7.17063966482309,2.20828185460465,-3.24715780726588,0.00116563739484211,0.00758313328060081
"Os07g0518200",73.2233747616345,-3.22072109875596,0.991921422407952,-3.24695185122371,0.00116648121903416,0.0075860477331487
"Os05g0440100",4576.30005169588,-0.653903857788742,0.201394499580443,-3.24688042201249,0.00116677400405889,0.00758619372147834
"Os06g0155300",10289.1436277552,-0.678077306828546,0.208856990991885,-3.24661053292151,0.00116788088010986,0.00759163151671138
"Os04g0381600",1025.98568943851,-0.866433965812738,0.266906206185405,-3.24621138712255,0.00116951964593204,0.00760052346089509
"Os10g0418900",39.0174485712722,6.51663940001133,2.00758306563155,3.24601233770685,0.0011703376734237,0.00760407867367817
"Os03g0341000",1605.28125065325,-4.01662473209222,1.23791734064452,-3.2446631129676,0.00117589649608282,0.0076348929831273
"Os05g0340000",268.386086928314,-1.31424730389412,0.405039150549327,-3.24474140860629,0.00117557325143836,0.0076348929831273
"Os07g0180300",504.660491625848,-2.24567117400268,0.692111554499813,-3.24466649834451,0.00117588251780805,0.0076348929831273
"Os05g0270850",88.0035309953113,1.21009183704775,0.372966877488804,3.24450215310092,0.0011765612791442,0.00763744219647111
"Os07g0627300",1381.12713235172,0.635661303825153,0.195927817864754,3.24436473979381,0.00117712908693451,0.00763936087825072
"Os01g0160700",172.557473305642,1.85943771988121,0.573169705170797,3.24413119379211,0.00117809470712575,0.00764385980840757
"Os01g0847700",3053.01333346812,1.45376984047635,0.448161807728303,3.24385035807803,0.00117925682076791,0.00764963127702015
"Os11g0425300",650.118945141473,-1.19055064253959,0.36703321634974,-3.24371361911052,0.00117982303748695,0.00765153549294169
"Os04g0337300",2333.23530859692,0.617778874597793,0.190481511901796,3.24324848343441,0.00118175097967019,0.00766226802021832
"Os02g0435000",2445.23467147063,-0.549631062085148,0.169484055759011,-3.24296618713602,0.00118292248942736,0.0076676676682574
"Os03g0240900",2767.83253679726,-0.477439958584438,0.147225502091604,-3.24291615108484,0.0011831302474362,0.0076676676682574
"Os07g0484600",575.64567807016,-0.921338811121878,0.284123091661466,-3.24274526837705,0.00118384003508118,0.00767049620513694
"Os03g0385400",2602.36826701924,-1.28985386070373,0.397823374975032,-3.24227770875625,0.001185784127468,0.00768131906394438
"Os01g0811001",910.255697564066,1.50619080845845,0.464594820593079,3.24194489842939,0.00118716973483758,0.00768851998592477
"Os06g0667400",1577.98872454482,-1.22292484246325,0.377228036139525,-3.24187156124028,0.00118747526462516,0.00768872424455731
"Os06g0279350",14.7943553479683,-7.78391642516436,2.40151238416714,-3.24125600037823,0.00119004261593308,0.00770356998577029
"Os06g0274500",282.736059764823,-1.02175349497676,0.315352996298295,-3.24003103496844,0.00119516690564581,0.00773495703557026
"Os08g0431500",5013.26717197865,0.767057493628856,0.236754598031273,3.23988425148785,0.0011957822978222,0.00773715537041421
"Os04g0480050",187.405472526008,-1.14203614918251,0.352515076607523,-3.23968030012516,0.00119663785325984,0.00774090627897136
"Os03g0134500",286.828084553197,1.29389942849196,0.399527365812125,3.23857522465783,0.00120128337508692,0.00776916664477743
"Os01g0587900",15.0698969178085,-7.42772086472845,2.29372335267141,-3.23828104905401,0.00120252283677611,0.0077753907478367
"Os08g0189400",45.3449517505801,-4.24789630376739,1.31214804594421,-3.23736053785809,0.00120640889914464,0.0077987206928811
"Os06g0564500",441.163478264596,-1.74063845596148,0.537710654817303,-3.23712844513542,0.00120739053945376,0.00780308124840201
"Os10g0105400",6971.39762388904,-0.493052729182024,0.152314528691092,-3.23706959158165,0.00120763957885432,0.00780308124840201
"Os01g0892600",381.665153217802,-3.27192738129825,1.01089082055868,-3.23667730951397,0.00120930073690849,0.00781149165892875
"Os05g0337200",1239.19265780763,1.31560124639258,0.406472452016254,3.23663077255718,0.00120949794234358,0.00781149165892875
"Os07g0659100",2617.12091797116,0.586206587525645,0.18114557903792,3.23610761377142,0.00121171692982369,0.00782402220080821
"Os02g0282000",126.771713630264,-5.67881086274933,1.75497192435683,-3.23584143081407,0.00121284739250659,0.00782952002036344
"Os08g0512100",48.1099418706193,2.12068487266616,0.655413921061912,3.2356420950446,0.00121369459712905,0.00783255867114715
"Os10g0480200",1938.38554283486,-0.381054752288357,0.11776944882888,-3.23559935176424,0.0012138763331487,0.00783255867114715
"Os09g0455300",241.86870467811,-2.06021573858367,0.636785062933491,-3.23533929815003,0.00121498257175282,0.00783789446632817
"Os04g0538300",46.9538713560515,-2.75763556330736,0.852462438029404,-3.2349056571713,0.00121682930257471,0.00784800365177009
"Os03g0745700",20.6378555318828,6.49047921515086,2.00666195803888,3.23446567028859,0.00121870570805211,0.00785829953569812
"Os03g0861200",36.5854133336961,-2.9741539188132,0.919817804453143,-3.23341634007772,0.00122319156350609,0.00788541273951481
"Os10g0411500",506.279970473681,-1.37587360918844,0.425571364061955,-3.2330032642613,0.00122496162989389,0.00789500993525089
"Os01g0935300",1095.22572732227,0.751160115209802,0.23238347580822,3.23241621460948,0.00122748125986861,0.00790943263247601
"Os03g0153400",141.07408776717,-1.98484937752742,0.614106001202863,-3.23209571904468,0.00122885885291653,0.00791519765646323
"Os06g0492300",17.7414103555464,-7.18850938701271,2.22411463416643,-3.23207683479267,0.00122894006803543,0.00791519765646323
"Os09g0489200",2360.61592775699,0.497716285615855,0.153996999095413,3.231986912339,0.00122932686371225,0.00791587206275658
"Os06g0558766",3254.35468161143,-1.41893115763859,0.439091325375666,-3.23151717111381,0.00123134925387932,0.0079270756509203
"Os02g0438601",307.895241003588,-1.02778889667058,0.318071539074976,-3.23131362101627,0.00123222655770145,0.00792805691904577
"Os04g0609900",4785.55892150008,-0.5057361294724,0.156510330214636,-3.23132747070971,0.00123216684702797,0.00792805691904577
"Os07g0517100",901.340742572089,0.628370512763257,0.194468522802279,3.23121965297251,0.00123263175603295,0.00792805691904577
"Os09g0507500",484.563710528183,-1.46375571143403,0.452999500910042,-3.23125237112504,0.00123249065856815,0.00792805691904577
"Os06g0154500",4992.97792379816,0.444559337921581,0.137597625058437,3.23086490579165,0.00123416256596156,0.00793608385105713
"Os04g0249500",432.321130016415,0.902680980019288,0.27940961682147,3.2306725526776,0.00123499334467385,0.00793960669833621
"Os06g0694100",769.51872141178,0.493983466628816,0.152931670395698,3.23009266393726,0.00123750102747432,0.00795390605427953
"Os10g0364900",1524.1105367761,0.956280508764529,0.296091551863855,3.22967846513984,0.00123929507522532,0.00796361309845959
"Os01g0930800",1404.50193973329,-3.23679671369614,1.00227438664449,-3.22945169189906,0.00124027833094385,0.00796810680470383
"Os04g0554600",2557.09296837394,-1.37598558234814,0.426094264859758,-3.22929852811097,0.00124094283434348,0.00797055111406429
"Os06g0609700",4258.53661773332,-0.508551054187367,0.157505854425336,-3.22877556547233,0.00124321419407967,0.00798331274925943
"Os05g0414600",2362.92736972224,-0.683631985714299,0.211738460413462,-3.22866230527685,0.00124370661739133,0.00798464770012254
"Os06g0227200",4551.57673209505,-0.451886233981005,0.139978820013382,-3.22824720152524,0.00124551291126137,0.00799441521404768
"Os09g0347300",217.057485210074,-1.60698791320948,0.498059460336562,-3.22649812157682,0.00125315054537515,0.00804159858319633
"Os04g0419600",1536.39084387069,1.74269021443058,0.540211868660963,3.22593840588921,0.00125560375098534,0.00805549896208289
"Os01g0783800",205.342214969438,1.06314535769798,0.329617614817186,3.22538999709596,0.0012580116990918,0.0080691026971232
"Os09g0504000",852.370296466386,-1.08781039736251,0.337301991485054,-3.22503401943512,0.00125957700367405,0.00807729658983116
"Os07g0129700",1355.53233266198,-1.54109737399634,0.477865443840897,-3.22496090449561,0.00125989872712557,0.00807751384066662
"Os08g0476100",547.604366860023,1.13268086629669,0.351248388733563,3.2247290026884,0.00126091965328868,0.00808036704968874
"Os12g0608500",125.82323413323,1.34054276645977,0.415706450622124,3.22473409891423,0.00126089720942214,0.00808036704968874
"Os06g0687800",3871.02941601477,0.237855548404382,0.0737728192181524,3.2241623801989,0.0012634173701101,0.00809452471233556
"Os04g0508800",1384.12273032529,0.461453636245369,0.143169893087898,3.22311923472671,0.00126802758728521,0.00812220729385927
"Os02g0806300",730.519294148421,-0.753045580524122,0.233687857201797,-3.22244206242108,0.00127102868169765,0.00813957253897754
"Os04g0329500",108.386177092119,2.66058064477991,0.82598684037222,3.22109326049426,0.00127702585320092,0.00817611213609954
"Os12g0451300",574.959567980995,-0.469733427552948,0.145860929319796,-3.2204198186827,0.00128002994134543,0.00819347632619422
"Os02g0110900",107.95231762401,-1.76119900844832,0.54693314778245,-3.22013579829479,0.00128129885370143,0.00819972826284368
"Os06g0650100",2673.25026394433,0.929496546545888,0.288747661321892,3.2190617312384,0.00128610794767716,0.00822778652283965
"Os06g0704000",237.753974936739,1.48388736106772,0.460974067986695,3.21902567653881,0.00128626966986307,0.00822778652283965
"Os01g0867400",269.88178325794,-1.47056515698305,0.456912551468374,-3.21848273210512,0.00128870730029026,0.00824150051521087
"Os06g0191800",68.6107081425661,2.15989525433705,0.67111542273684,3.2183662916416,0.00128923063218561,0.00824296878568983
"Os01g0172400",28798.1920851834,-0.531457377650003,0.165150368003178,-3.2180211529397,0.00129078298177522,0.00824955225786202
"Os03g0650850",437.986036352227,-0.82924110912087,0.257693047629677,-3.21794133271515,0.00129114223920355,0.00824955225786202
"Os05g0294600",464.730066441531,-1.11913547450748,0.347776925426325,-3.21796931505903,0.00129101628486751,0.00824955225786202
"Os02g0138100",15.7881497287528,-8.04148386152895,2.49940301812247,-3.21736182729333,0.0012937532644315,0.00826405542524389
"Os03g0116500",4907.00001463992,0.348310653857074,0.108263754557412,3.21724159005004,0.0012942956166327,0.00826405542524389
"Os08g0336700",7.9555027120706,-6.4711337413913,2.01136718054851,-3.21728116276939,0.00129411709344058,0.00826405542524389
"Os12g0211301",16.8460128300327,6.38571735838215,1.9851955189628,3.21666923856371,0.00129688019140268,0.0082786742336538
"Os07g0112100",66.2669061291058,-1.60282081984813,0.498444161763536,-3.21564769497394,0.0013015050301162,0.00830630751765314
"Os04g0678400",1336.91901234424,0.993243361688758,0.30900130276552,3.21436625929847,0.00130732800165111,0.00834157307465515
"Os11g0592100",2098.72694902273,2.11839040682906,0.659064470452781,3.21423851808263,0.0013079097863673,0.00834338813935876
"Os12g0541500",2723.92281527987,-1.79945577040034,0.559862936260663,-3.21410054828589,0.00130853842453227,0.00834550119755104
"Os05g0569000",364.002467606691,0.847220120491428,0.263702999542524,3.21278150783722,0.00131456252110351,0.0083820162388563
"Os03g0351200",347.613602689966,-1.91639808058992,0.596517703404569,-3.21264242394192,0.00131519921064471,0.00838417088803086
"Os12g0586100",10080.2491645741,0.957518879798483,0.298064514401306,3.21245513482798,0.00131605702061645,0.00838773384341101
"Os10g0503100",79.4483713612804,-1.70114874772014,0.529696627152435,-3.21155291636507,0.00132019654427216,0.00841220604572328
"Os07g0129300",10189.6120742216,1.61692597909196,0.503542172219502,3.21110339569953,0.00132226349881843,0.00842346386012319
"Os01g0976700",3753.67392729429,0.552495236865787,0.172069009590546,3.21089333971586,0.00132323038691727,0.00842710721446083
"Os08g0527600",272.632836668233,-0.822571896469141,0.25618519499142,-3.21084868505649,0.00132343601646814,0.00842710721446083
"Os01g0700200",212.233590348065,-1.20846185982813,0.376449142805681,-3.2101596800605,0.00132661254454433,0.00844057318923536
"Os03g0296800",1808.64538015338,0.765775057390088,0.238549617495553,3.21012905168193,0.00132675391410866,0.00844057318923536
"Os04g0620500",1143.7541469643,0.708062778979115,0.220560161731333,3.21029316183406,0.00132599660301611,0.00844057318923536
"Os06g0225600",16.3926550983801,6.25599413066825,1.94877372049972,3.21022090192393,0.00132633000812876,0.00844057318923536
"Os07g0100600",14.4862554745327,6.15513103001985,1.91750357294228,3.20997108786358,0.00132748323894161,0.00844329887832717
"Os06g0132400",332.835417317342,-2.20260409060254,0.686302617047268,-3.2093773736125,0.00133022774905806,0.008458837773412
"Os04g0628900",158.541422149496,-2.03000799343868,0.632541864391093,-3.2092863851673,0.00133064881560759,0.00845959833792033
"Os06g0189600",1653.733453268,-0.65011861261441,0.202635283575678,-3.20831891239519,0.00133513359395084,0.00848618774936546
"Os06g0293500",806.068132502971,2.37139275803818,0.739260978856209,3.20778835331903,0.0013375989494404,0.00849993245452821
"Os01g0968400",1352.5416659648,-1.56058596808808,0.486594951982769,-3.20715609919304,0.0013405423370682,0.00851670796078966
"Os05g0341300",521.448452084781,6.61320570813174,2.06262987951717,3.20620086705996,0.00134500064780376,0.00854309827493645
"Os02g0710550",146.354471544724,1.4896528824127,0.464766701627271,3.20516267021074,0.00134986168559118,0.00857009471064699
"Os11g0168500",4.62046941551972,5.9287963735912,1.84975251972553,3.20518356394558,0.00134976369750352,0.00857009471064699
"Os05g0167600",9.9206949626703,7.20781324717922,2.24913096276537,3.20471033768394,0.00135198465827818,0.00858163164003671
"Os04g0684800",1552.19150468033,-1.11028063492233,0.346479707866272,-3.20446077999712,0.00135315724768033,0.00858713222171087
"Os09g0437951",9.86850707547386,-6.72150523521103,2.09764244589456,-3.20431408525611,0.00135384695570913,0.00858956664506208
"Os03g0757600",1288.72809343411,-1.89182824863618,0.590433060377385,-3.20413671860954,0.00135468130553086,0.00859291744932344
"Os05g0163600",6.29880443791715,-5.58852484427559,1.74430389501067,-3.20387110311499,0.00135593167351837,0.00859890499938363
"Os03g0646800",6143.05498015611,0.338454815238364,0.105657129004991,3.20333155392074,0.00135847484518341,0.00861308655796135
"Os01g0116800",27.5400688775444,3.13542262802061,0.978998304051818,3.20268443269402,0.00136153086192847,0.00863051254742186
"Os01g0605650",2977.6085413021,-0.425970908282349,0.133033279122012,-3.20198758606609,0.00136482879594446,0.00864946379218461
"Os02g0497400",47.0915836168716,4.09651706007465,1.27945509482396,3.20176696833451,0.00136587443799529,0.00865413603048632
"Os07g0496600",988.785249979704,0.476806190681161,0.148938630846309,3.20136010363343,0.00136780475622291,0.00866441017361788
"Os01g0864000",199.802461104534,2.12271360085655,0.663095090606128,3.20122050506542,0.00136846764356871,0.00866535336860189
"Os08g0393700",17.9482010180794,-7.77609071938279,2.42911842162548,-3.20119869420747,0.00136857123974213,0.00866535336860189
"Os07g0521100",1099.10748802452,-0.963755164758885,0.301073290982432,-3.20106496864619,0.00136920656118614,0.00866742037446545
"Os11g0179700",856.239622255821,2.53241067860641,0.791214857940479,3.20066117716525,0.00137112659944597,0.0086776171929754
"Os02g0789400",3894.90058575755,0.629342867170903,0.196703120224051,3.19945543545045,0.00137687471926151,0.00871203119998115
"Os02g0618250",4016.44209085112,1.01495125627988,0.317262993373839,3.19908491528331,0.00137864555525566,0.0087212695156863
"Os02g0672200",11342.9598788134,0.422688247954359,0.132159454343418,3.19832016600189,0.00138230718357313,0.00874246206568155
"Os01g0113200",183.07508520023,2.49211755799198,0.779241326197228,3.19813320239797,0.0013832037307764,0.00874616112957351
"Os10g0395200",1311.85929996419,-1.63242091536678,0.510454060171095,-3.19797811936225,0.00138394780784649,0.00874889465730755
"Os10g0330400",329.017581287945,-2.3210515280566,0.725815233889956,-3.19785452231015,0.00138454108177498,0.00875067383711027
"Os01g0692100",405.607666859555,2.5970406778862,0.812563328091954,3.19610864544493,0.00139294649899033,0.00879983445625091
"Os09g0394700",1515.2878969597,-0.742931140500163,0.232447923389563,-3.19611863881904,0.00139289825288992,0.00879983445625091
"Os01g0150500",90.5813243996358,-4.5802155927119,1.43308918893323,-3.19604364339763,0.00139326035406505,0.00879983615930081
"Os02g0226350",276.037410969686,0.968278793930938,0.303004632695676,3.19559072518681,0.00139544902952382,0.00881167656761867
"Os07g0115800",33.9349837271896,2.59400934140083,0.811860140518134,3.19514311879546,0.00139761515071075,0.00882336925967266
"Os12g0219700",21.8115106386492,3.74115269143072,1.17091983307171,3.19505450822917,0.00139804433517971,0.00882409359734883
"Os01g0120700",6549.12597952647,-0.766035633085981,0.239765690419654,-3.19493432002391,0.00139862665986468,0.00882578397326794
"Os09g0482400",30467.1449801709,-0.581573005182657,0.182036504346901,-3.19481527767844,0.00139920365319987,0.00882743995415798
"Os10g0444400",3911.80834186472,-0.558304029594176,0.174769922380155,-3.19450865452562,0.00140069085389215,0.00883483630971491
"Os01g0286200",18.5509075874335,-3.17053508156662,0.992654134041951,-3.19399776098915,0.00140317205607731,0.00884452251519348
"Os01g0391600",11.5086472620759,-7.39673114881745,2.31577828156042,-3.19405843284504,0.00140287718562442,0.00884452251519348
"Os12g0614600",269.348683808022,0.895099090658574,0.280235670762632,3.1940940574148,0.00140270407376727,0.00884452251519348
"Os02g0228600",149.790439751273,-1.28678128787022,0.402965729992516,-3.19327722457717,0.00140667829727549,0.00886463201844704
"Os01g0706400",3007.0141194636,-0.618570131909734,0.193736658586516,-3.19283989113245,0.00140881036693532,0.00887607465580131
"Os10g0380800",6.80842226150892,-5.87633064522657,1.84057980807693,-3.19265191296771,0.00140972770544519,0.00887986057692545
"Os07g0158300",585.47867373107,-2.46071550160246,0.770887103954218,-3.19205690298926,0.00141263500198656,0.00889617671134355
"Os04g0450200",966.638926210813,-0.587840672311379,0.18423861104265,-3.1906486321442,0.00141953803610711,0.00893764334064115
"Os04g0692600",1097.48919027062,-2.07998825504188,0.651937467575721,-3.19047202912953,0.00142040589634479,0.00894110144980428
"Os11g0705200",1067.67318122266,-0.862136789792204,0.270243932262283,-3.19021701088727,0.00142165996686258,0.00894698856023718
"Os02g0242550",23.6522594572418,-4.17660437215508,1.30941082938058,-3.1896821673079,0.00142429341454976,0.00896155197289132
"Os06g0647700",796.48828151059,-1.0330356565513,0.323898842604442,-3.18937742489212,0.00142579590706231,0.00896899456265021
"Os02g0161400",895.609203121476,0.66049716082861,0.207101804348857,3.18923904552769,0.00142647865064101,0.00897127832682385
"Os03g0773050",20.3684760648528,-6.79114548732843,2.1294957040104,-3.18908625856297,0.00142723282930009,0.00897401022984967
"Os12g0532600",12.2584373659584,-7.48106049448651,2.34595444816434,-3.18891975943534,0.0014280551117188,0.00897716902890972
"Os01g0894700",288.941546607934,-2.82598085341843,0.886214768361056,-3.18882166525472,0.00142853976985278,0.00897820448412288
"Os01g0297200",3354.9273891016,1.62314251731082,0.509180016486899,3.18775769817074,0.00143380630808987,0.00900928630040703
"Os04g0481000",362.811329458465,-1.49143946240023,0.467916692133719,-3.18740384233613,0.00143556182385155,0.00901426178136547
"Os05g0570400",17.3158335674422,7.11620219286712,2.23259477208696,3.18741326542439,0.00143551504925918,0.00901426178136547
"Os10g0214400",1133.62939595241,-0.733216576510847,0.230032182711946,-3.18745215502739,0.00143532202280929,0.00901426178136547
"Os11g0444900",1424.31030818586,-1.6875279903169,0.529629218831124,-3.18624413139672,0.00144132916784637,0.00904699057988024
"Os12g0406100",1096.52418921428,-0.584335255305704,0.183394156594946,-3.18622613803501,0.00144141881842508,0.00904699057988024
"Os05g0456800",2252.63371173642,-3.05253795144152,0.958163005190352,-3.18582322100309,0.00144342766907917,0.00905697243833691
"Os12g0290100",2522.2303364488,-0.459355422273892,0.144189413853601,-3.18577772110433,0.00144365468308321,0.00905697243833691
"Os10g0370400",665.624215037458,-0.777591862592297,0.24421229590617,-3.18408153736477,0.00145214102060021,0.00910817642380042
"Os09g0482600",28934.5266047588,-0.544956071000623,0.171167207902987,-3.18376444692309,0.00145373257780944,0.00911612147452259
"Os09g0392400",9682.88499736479,-1.02487577937644,0.321934856872741,-3.18348807995517,0.00145512104466988,0.0091227897130309
"Os03g0207800",112.580334445414,1.65052572159289,0.518515332391606,3.18317630836485,0.00145668885130133,0.00913057908090639
"Os05g0406700",136.467617466778,2.61252261439941,0.820759408075981,3.18305533715863,0.00145729759864667,0.00913235489352898
"Os03g0577200",11333.7614287582,-0.476043502412409,0.149559818857174,-3.1829638872926,0.00145775794527409,0.00913320014741716
"Os01g0587400",160.314334591923,1.29157226210644,0.405830821909354,3.18253861554884,0.00145990046871776,0.00914458190918703
"Os08g0513700",8486.66051465147,-0.316950803036433,0.0996016944828335,-3.18218284018311,0.00146169509774572,0.00915377992254863
"Os01g0796700",785.214124954584,-0.712613837274372,0.223952317710329,-3.18198911518345,0.00146267315477629,0.00915786123813751
"Os03g0603600",571.895984813266,-1.51605997961484,0.476467085560817,-3.18187766911619,0.00146323608441641,0.00915934218177408
"Os06g0687450",757.506834984222,-0.592899721400407,0.186343016170384,-3.18176518543784,0.00146380445762677,0.00916085653209689
"Os01g0757500",1404.99883349884,0.703874361072462,0.22124176984337,3.18147139019353,0.0014652899470446,0.00916810847134128
"Os10g0188100",6181.00030924276,-0.643644816463862,0.202360589263137,-3.180682655687,0.00146928482544733,0.00919105456346479
"Os03g0103900",133.271735913284,-1.81327944432162,0.570284649488254,-3.17960416074459,0.00147476356363633,0.00922327058675344
"Os01g0974300",2216.53580841688,-0.670915940543838,0.211038984758987,-3.17910902248721,0.00147728515854978,0.00923698220125312
"Os05g0533500",1661.97411036253,-1.17626690063569,0.370006470468857,-3.17904413710705,0.00147761589515667,0.00923699203606291
"Os06g0163701",1329.02215591603,0.751108893236897,0.236304860387077,3.17855879903,0.00148009194643362,0.00925040984428067
"Os05g0320300",694.560379247576,-0.678039509030502,0.213325934634919,-3.17842043064704,0.00148079856102726,0.00925276535728058
"Os10g0537800",6250.28068517107,2.65870369945492,0.836569996569665,3.17810070927342,0.00148243249154036,0.0092609128623343
"Os02g0685750",46.1501899201588,-2.07311650147566,0.652339958302563,-3.17796951587952,0.00148310343365665,0.00926304218902134
"Os01g0939550",110.601398481538,2.69576982267384,0.848377267286352,3.17756018062179,0.00148519863261448,0.00927406409177294
"Os03g0758900",1537.42369028875,-0.950142068142146,0.299038143677671,-3.17732733509171,0.00148639167840307,0.00927944900541646
"Os01g0114800",11.3049836432048,6.98746825385003,2.19948373272486,3.17686743933928,0.00148875067100005,0.00929210883665559
"Os02g0802301",325.162186947342,-0.857370173856302,0.26989956946048,-3.17662668217721,0.00148998698766115,0.00929775735996158
"Os04g0608100",5445.58841600536,-0.67724433664738,0.213208029987483,-3.1764485450531,0.00149090235179523,0.00930140102180472
"Os10g0468800",174.88064947529,3.30770800072507,1.04157606978665,3.17567587876956,0.00149487872649933,0.00932328911081101
"Os11g0684200",16.3589311006769,6.31340313919811,1.98807409590775,3.17563774518948,0.00149507522623653,0.00932328911081101
"Os01g0322700",1858.19997066825,-1.91622439035426,0.603580237544469,-3.17476330595248,0.00149958768667639,0.00934774919561151
"Os08g0375400",34.6911685566685,3.03713812864039,0.956654696726751,3.17474856814285,0.00149966384714714,0.00934774919561151
"Os02g0533800",7184.96999002497,-1.83155384392769,0.57710714416727,-3.17368076697527,0.00150519140737738,0.00938012020293669
"Os03g0556200",392.96994001748,-1.01236669190549,0.3190425525723,-3.17314002080042,0.00150799777780279,0.00939513473756673
"Os05g0100900",2814.68363187148,-0.492027996363276,0.155062849061861,-3.17308755346669,0.00150827032972483,0.00939513473756673
"Os06g0136201",107.691763022251,-3.94754173723656,1.2441107847702,-3.17298249123827,0.0015088162326298,0.00939644942744287
"Os01g0562600",12.744138182086,-4.54226331660865,1.43187588210462,-3.17224654271868,0.0015126453241932,0.00941243461488485
"Os02g0470600",547.089333042233,-2.58849503040339,0.815985588459489,-3.17223130777376,0.00151272468509481,0.00941243461488485
"Os03g0132300",657.043184137357,-0.467466663204386,0.147357859274044,-3.17232257245967,0.00151224933225066,0.00941243461488485
"Os09g0520200",4841.18155634298,-0.451109663937991,0.142199275176197,-3.17237667617522,0.0015119675975865,0.00941243461488485
"Os01g0915400",508.708970307092,-1.93607175668838,0.610462088124065,-3.17148565709933,0.00151661357197119,0.00943454002586022
"Os04g0607200",66.77892665209,2.51696567836048,0.79384329868126,3.17060770373912,0.00152120427824822,0.00946100054437094
"Os03g0604566",155.689491418402,-1.31612232521407,0.415141229857827,-3.17030020281243,0.00152281518569054,0.00946682315924857
"Os08g0105800",45.7633412309249,-3.22293261323986,1.01658266331854,-3.17035960727374,0.00152250386068385,0.00946682315924857
"Os08g0178700",2979.73724110614,-0.555668280771131,0.175322329420383,-3.16940963885304,0.00152748945924416,0.00949377834004644
"Os10g0400800",6030.28373303166,0.477975387540348,0.150844969773097,3.16865314275527,0.00153147043223702,0.00951595712582799
"Os10g0407200",312.645673088969,-3.07540072534159,0.970585773472233,-3.16860272363097,0.00153173609640671,0.00951595712582799
"Os01g0719100",22791.6756458365,-1.49860430724651,0.473001750012697,-3.16828491058709,0.00153341166718751,0.00952215052104802
"Os02g0694800",383.330245798906,-1.25002932414123,0.394538620627693,-3.16833196748265,0.00153316346786125,0.00952215052104802
"Os12g0508100",574.837914062907,1.00806869901562,0.318184142562109,3.16819276692535,0.00153389778167133,0.00952306184718161
"Os11g0207600",95.1115400163491,-1.97147679168368,0.622295406730584,-3.16807222158592,0.00153453394677346,0.00952490413942864
"Os05g0104700",38.3254126210491,2.22514503018255,0.702400871569628,3.16791325331089,0.00153537325633039,0.00952800626252619
"Os07g0553600",511.532872203895,-0.918387340094576,0.289990631815578,-3.16695520246541,0.00154044046470736,0.00955733812085294
"Os09g0135501",427.826545863203,-1.01862510434238,0.321648704358229,-3.16688701226014,0.00154080171469845,0.00955746633905128
"Os06g0202800",172.077417745341,-1.3932161488375,0.440010006778413,-3.16632832748077,0.00154376438831792,0.00957372735137622
"Os04g0649600",1357.06977948149,-0.613749229587053,0.193910172281123,-3.16512136711045,0.00155018274860397,0.00961140704624935
"Os10g0139700",911.226573387275,1.33211531776459,0.420925729915333,3.16472770156516,0.00155228148769285,0.00962229359567855
"Os01g0644200",17.9015159045429,-6.32476181461541,1.99856926667561,-3.16464478868722,0.00155272385246009,0.00962291005912878
"Os10g0561200",601.735676012665,-0.615915963785585,0.194628256846581,-3.1645762735834,0.00155308948843557,0.00962305083340229
"Os11g0598500",6.85707291553945,6.77794202210938,2.14244681505171,3.16364540509996,0.00155806500040847,0.00965174835352375
"Os03g0723700",1008.13771025313,-1.27789795414107,0.403959904839889,-3.16342770366671,0.00155923073501459,0.00965683797969091
"Os01g0762300",944.037384002991,-2.23311762039431,0.706068803180659,-3.16274789416369,0.00156287610995776,0.00967727921395292
"Os06g0699900",7043.14921247847,0.450848051048655,0.142581049119854,3.16204750793825,0.00156664003066357,0.00969844529902518
"Os06g0500300",779.864969911411,0.814463437908764,0.257596117992933,3.16178459619142,0.00156805508867197,0.00970202715562215
"Os07g0587100",1713.35174025007,-0.688677571321023,0.217815499590243,-3.16174731649755,0.00156825583272404,0.00970202715562215
"Os08g0159000",1268.85429964787,0.783580310554318,0.24783013573001,3.16176363397534,0.00156816796330178,0.00970202715562215
"Os02g0111800",2835.08885972427,-1.23902906217891,0.391891797842305,-3.1616611243226,0.00156872005177626,0.00970275999403692
"Os12g0509900",766.229081700524,-1.0319039899502,0.326419524987865,-3.1612814521085,0.00157076642002136,0.0097132761742264
"Os08g0249400",744.676914814539,-0.980956029748175,0.310327172795879,-3.16103814213333,0.0015720791110972,0.00971925182101996
"Os04g0128001",242.753735339067,1.3494516539442,0.427101600622613,3.15955653637688,0.00158009440602464,0.00976665401362633
"Os06g0715200",210.215568955714,-2.69321831795355,0.85244238604499,-3.15941389358766,0.00158086806722315,0.00976928423307994
"Os04g0247700",18.6662704110121,5.80348174799388,1.83699378340396,3.15922775592632,0.00158187815894267,0.00977337404144632
"Os05g0408900",3416.70496851712,-1.72051970160989,0.544631302806948,-3.15905401092921,0.00158282153695843,0.00977704996040665
"Os07g0241866",15.00615198097,-6.24737385920126,1.97797586621112,-3.15846819262174,0.00158600615581205,0.00979456530466497
"Os03g0717600",5928.4097787404,0.373753464269929,0.118362318338329,3.15770651941426,0.00159015557592339,0.00981531512116444
"Os08g0416800",778.462290560416,0.808436499684439,0.256014593407838,3.1577750663478,0.00158978173919674,0.00981531512116444
"Os11g0708000",939.298760475925,-0.378707373129684,0.11993295901496,-3.15765888076227,0.00159041543211228,0.00981531512116444
"Os01g0277500",818.293456375099,-0.61882992913662,0.195994225917334,-3.15738857224105,0.00159189063364202,0.00982225922631099
"Os01g0531200",1226.8396631346,-0.566795357586353,0.179538674098518,-3.15695412385265,0.00159426426359985,0.0098347425291578
"Os05g0583000",12.9603972353557,-6.43804755432587,2.03945445881646,-3.15674984871298,0.00159538145654496,0.00983947130408012
"Os03g0647600",1073.49513713804,0.677584085043848,0.214666982233567,3.15644296106333,0.00159706119814055,0.00984766674186334
"Os10g0539700",27.8097573313458,-5.70937725864777,1.80911591067899,-3.15589356378219,0.00160007237665315,0.00986406657153791
"Os05g0359833",257.211925605093,-1.90938679277077,0.605044182801554,-3.15578076286873,0.00160069127080996,0.00986571457093543
"Os06g0225900",2130.94653783708,0.559925948582575,0.177434777335851,3.15567194317685,0.00160128853039386,0.00986722853313843
"Os06g0703200",817.80061979703,-0.562590545147096,0.178309546503311,-3.15513418198643,0.00160424305892689,0.00988326426336033
"Os02g0537200",805.857686961406,-0.809750912578502,0.256683646939562,-3.15466498249171,0.00160682499899916,0.00989699805134209
"Os01g0681600",12347.9299994025,-1.33618322940366,0.423577784073365,-3.15451678450688,0.00160764130658599,0.00989985304924646
"Os01g0118100",4012.98292850923,0.615808082999562,0.19523045301828,3.15426242924254,0.00160904324203262,0.00990624129639393
"Os02g0454300",139.646828448249,-2.08560983833466,0.661216633214372,-3.15420050490244,0.00160938472205331,0.00990624129639393
"Os10g0573700",991.316183522816,-1.11476745846149,0.353540459144625,-3.15315384598022,0.00161516659450204,0.00993965021379743
"Os01g0544700",1844.50624852922,-0.9410545131878,0.298476985352204,-3.15285452269411,0.00161682360521095,0.00994766586481684
"Os03g0596800",209.777365932192,-1.20962567564974,0.38366952114335,-3.15278021575707,0.00161723520008867,0.00994801713829203
"Os07g0589000",2212.64500194087,0.82119305295994,0.260475189724256,3.15267282780087,0.00161783020502759,0.00994949621158977
"Os10g0195000",167.434290402687,-1.6580221517414,0.525934040172489,-3.15252869199648,0.00161862913564051,0.00995222848473792
"Os04g0525200",85.5462511295708,-1.55031728399254,0.491805762470731,-3.15229589056473,0.00161992029805148,0.00995689722927586
"Os04g0527800",1191.48576752889,-0.44681217804477,0.141743267635806,-3.15226384644105,0.00162009809524886,0.00995689722927586
"Os02g0126700",2504.15559007013,0.753863916381948,0.239166599467752,3.15204513531412,0.00162131209623136,0.0099621764932
"Os04g0142400",4320.5133713678,-3.26343344622609,1.03540805308761,-3.15183317001878,0.0016224894519566,0.00996722832767212
