"","baseMean","log2FoldChange","lfcSE","stat","pvalue","padj"
"Os04g0419400",2885.28052899205,-10.0954653334924,0.374402528960266,-26.9642017684229,3.88784184115915e-160,2.77436393785117e-156
"Os04g0330301",3471.70948027489,-12.345083097986,0.514747238903827,-23.9828058607469,4.20367322640405e-127,1.99982747624129e-123
"Os12g0285100",5921.38441247703,-4.62094345332223,0.194043364918517,-23.8139730016672,2.39327343269156e-125,9.75908526610686e-122
"Os04g0206200",3486.78770422282,-4.61497808505349,0.212259713761898,-21.7421290326921,8.20053849467973e-105,2.12796518901944e-101
"Os07g0158900",1507.06142309098,-6.20866037825761,0.286860233085686,-21.6435032192248,6.99792534874737e-104,1.66457317628871e-100
"Os03g0226200",16654.2864997006,-3.94988472530611,0.186490335996715,-21.1801040745386,1.45710182417907e-99,3.19934726687441e-96
"Os12g0234800",878.905607687606,-9.05206162490651,0.461601472123171,-19.6101229557845,1.26725198918725e-85,2.26077754871005e-82
"Os07g0220600",2136.26133152002,-2.98492641575775,0.158721309887258,-18.8060848154415,6.73305974467057e-79,1.13052033736398e-75
"Os03g0847500",2540.31325972925,-3.58946748433305,0.20064843492295,-17.8893370671514,1.42797074474473e-71,1.67295438349638e-68
"Os06g0621500",362.311664912235,-7.1187389456769,0.401752945756172,-17.7191953932737,2.98146228355597e-70,3.15195775636376e-67
"Os07g0115200",6090.27325813803,-16.7609725902786,1.03479171753751,-16.1974359730716,5.25738724182858e-59,4.41373121855162e-56
"Os12g0576100",741.331700096808,-3.66647608068927,0.229930635311432,-15.9460094376862,3.03692970167768e-57,2.22272106165866e-54
"Os06g0720000",967.162153771905,-6.81771410240577,0.429156644073785,-15.8863067752799,7.88376894989767e-57,5.62585752264698e-54
"Os09g0340400",4768.59439704822,-16.4067667774931,1.03717009479813,-15.81878118139,2.3091969051451e-56,1.56937420143956e-53
"Os04g0194800",489.050303970588,-3.03063457396802,0.194233223950107,-15.6030699194207,6.93762466865443e-55,4.60529205911795e-52
"Os01g0120300",5076.80142433901,-3.23767967251629,0.207663961871977,-15.5909559045795,8.38691140982702e-55,5.44081816550233e-52
"Os04g0367400",770.70749943872,-2.54518677894354,0.163693741457175,-15.5484672552946,1.62959271354865e-54,1.03366876478961e-51
"Os03g0673700",837.066556464181,-6.24078476966808,0.402836949727093,-15.492086249526,3.92349213811514e-54,2.43461216500779e-51
"Os08g0367300",3635.04562822954,-15.9930753929314,1.04089867030086,-15.3646803951712,2.82427963763668e-53,1.71523910588726e-50
"Os09g0241700",3404.8777743013,-15.9312438886433,1.03978888357461,-15.3216139740546,5.48387135943027e-53,3.19452294048118e-50
"Os11g0549665",3321.75747687273,-15.7066096133188,1.03171759677902,-15.2237488847279,2.46019992152645e-52,1.40447893120102e-49
"Os01g0942900",3268.63279172381,-15.6765713152201,1.03616943664772,-15.1293512052796,1.03712840384512e-51,5.38250784715547e-49
"Os02g0129000",2854.31142785035,-15.638848185023,1.04112117151318,-15.0211604690483,5.33651970247185e-51,2.67237926995362e-48
"Os06g0271500",2630.27717491601,-15.5186685386204,1.03705827623791,-14.9641239014232,1.25971895498098e-50,6.19955480189259e-48
"Os06g0142200",1347.38541293917,-3.67626514613821,0.245798466695214,-14.9564201744868,1.41432012516761e-50,6.84243282250581e-48
"Os11g0308100",2212.54366908801,-15.2052290923815,1.03331474804608,-14.7150024918675,5.16443321030619e-49,2.33989811992032e-46
"Os01g0541000",1984.11257740073,-15.1788009530837,1.03776214340278,-14.6264739464412,1.9040228691857e-48,8.41702342364532e-46
"Os06g0135000",2053.21273985129,-15.2193580649704,1.0417826484037,-14.6089571450347,2.46258579041842e-48,1.06503104245005e-45
"Os11g0178200",401.268554179378,-4.48112992537931,0.308196635176375,-14.5398405236152,6.77503032098757e-48,2.84391861003337e-45
"Os01g0943800",2349.98975112061,-15.0628079261991,1.03790153341094,-14.5127523578244,1.00601499170881e-47,4.16169448164294e-45
"Os01g0795400",1855.45351359383,-3.56128975484193,0.247546437822697,-14.3863502386274,6.30357478302986e-47,2.53421462826485e-44
"Os01g0539400",1609.4361155918,-14.7463880113719,1.04321609429683,-14.1355066241683,2.29476552915893e-45,8.29136547649526e-43
"Os11g0549680",1567.30969498606,-14.769402520758,1.04612517525062,-14.1181981565635,2.93397475400472e-45,1.04684219222888e-42
"Os11g0172166",965.113182343282,-14.5302337991926,1.038930802519,-13.985757053273,1.90439508669787e-44,6.62915284813465e-42
"Os08g0424500",4901.1466692448,-2.38530713828369,0.170756829848387,-13.9690291767631,2.408878667308e-44,8.28422080477585e-42
"Os07g0212400",1259.13678091365,-14.4128142881204,1.03786970864536,-13.8869206491557,7.60345568119744e-44,2.52363998795465e-41
"Os12g0103580",1188.82627598624,-14.3816511644765,1.03682784621372,-13.8708187834609,9.51840184792588e-44,3.0874234357636e-41
"Os07g0258100",1106.49477309603,-14.2052167748348,1.04147608698344,-13.6395035396149,2.33142340028984e-42,7.39423883754148e-40
"Os11g0549675",1048.26985314876,-14.1366674525406,1.03814646066095,-13.6172187530652,3.16388950712159e-42,9.92418264739327e-40
"Os10g0130500",852.743853362842,-14.245083903541,1.05105804896325,-13.5530895915712,7.59642233864818e-42,2.35687260037363e-39
"Os03g0233900",20309.5768119831,-3.1023548898893,0.229355801168833,-13.5263850928523,1.09266050268617e-41,3.35364531061011e-39
"Os10g0159300",1270.64658767655,-14.0147808989232,1.03778810494063,-13.5044724758384,1.47164082391379e-41,4.4217384923995e-39
"Os12g0466200",980.395832920446,-14.3166484722025,1.06321477713474,-13.4654340591318,2.49845658350659e-41,7.42874424162626e-39
"Os07g0582800",1097.10163177551,-14.0637839441185,1.04610027348709,-13.444011344379,3.33837761736612e-41,9.82377842372151e-39
"Os01g0784500",414.294270098426,-10.4500501092653,0.778072651897753,-13.4306868179689,3.99687246308325e-41,1.16415028149233e-38
"Os03g0743200",698.189096663156,-2.96178908636516,0.221132745713051,-13.3937155115347,6.58046548867423e-41,1.85973076147245e-38
"Os03g0805800",199.688581860021,-5.62775095233197,0.421339325414364,-13.356813885809,1.0809262755887e-40,2.99553005926252e-38
"Os01g0540800",973.238522350007,-13.9567463595961,1.05613851054018,-13.2148825370052,7.19986253906667e-40,1.95726548871542e-37
"Os01g0647850",843.330664534219,-13.8003651594788,1.05046238899453,-13.1374195821404,2.00963602675395e-39,5.36103278015558e-37
"Os06g0240001",956.129464732975,-13.5349273952838,1.04505025830915,-12.9514607433165,2.30525351808213e-38,5.92803210992219e-36
"Os06g0244000",2867.98354913491,-4.73247145197276,0.367124879217429,-12.8906312807255,5.08260514046055e-38,1.28387505424164e-35
"Os01g0539900",664.751987834003,-13.4527081742072,1.04907645579646,-12.8233820327174,1.21292160825407e-37,3.01057690313079e-35
"Os06g0731950",618.023480725205,-13.323826059067,1.04797889608594,-12.7138305063487,4.95466696334747e-37,1.18845389749404e-34
"Os11g0256300",603.225982184819,-13.3033313479766,1.04687145249266,-12.7077028572139,5.35854972128701e-37,1.26408630780509e-34
"Os11g0226400",612.55559245801,-13.2474212781602,1.04374075062045,-12.6922526214343,6.52808039386288e-37,1.52735677674116e-34
"Os08g0543400",728.216635306572,-13.4825125770739,1.06394131338283,-12.672233334192,8.42802011071509e-37,1.94007585516332e-34
"Os04g0389500",608.942846899069,-13.2372753667636,1.04660324694574,-12.6478447352361,1.14986035735284e-36,2.62572912322236e-34
"Os12g0226400",650.695494122004,-13.301256024986,1.05265231039777,-12.6359443603556,1.33778292142473e-36,3.00674611883052e-34
"Os01g0144700",394.771296763905,-2.26272821241416,0.179498217071327,-12.6058534136582,1.96039048882431e-36,4.33778186922489e-34
"Os01g0966400",2440.05660282154,-1.54219142507817,0.122871857733162,-12.5512176142669,3.91444030897347e-36,8.52929650223959e-34
"Os10g0212100",524.916329862917,-13.2371170736354,1.05575598971253,-12.5380459146055,4.62253625942702e-36,9.99588446887008e-34
"Os12g0267200",265.60170645577,-3.9762442577093,0.317832482004588,-12.5105031198539,6.54086237519129e-36,1.40377726043203e-33
"Os01g0143100",1976.47757061202,-1.81640495207084,0.145964173941678,-12.4441834117228,1.50414814907106e-35,3.2040600572451e-33
"Os11g0194800",905.370546414361,-2.88610921308927,0.232127444837174,-12.4332959211856,1.72377681847525e-35,3.64470263011536e-33
"Os01g0266200",566.461115087097,-13.0930838319483,1.05320617546511,-12.4316436201737,1.75978409128413e-35,3.69347625747163e-33
"Os06g0161400",145.389076065712,-4.69441665060605,0.37813910067899,-12.4145232327911,2.17981482718696e-35,4.54165214797259e-33
"Os01g0944200",470.768907577693,-12.9955171939512,1.04855784174348,-12.3937055988662,2.8267323302477e-35,5.72242891025464e-33
"Os04g0380000",590.945129545063,-13.0438039475689,1.05239444076218,-12.3944059777835,2.80214461840945e-35,5.72242891025464e-33
"Os06g0491800",439.717276240965,-13.0393983080712,1.05205014598146,-12.3942745104671,2.80674369235045e-35,5.72242891025464e-33
"Os04g0127200",492.490188891174,-13.0096015210173,1.05127627636038,-12.3750547915509,3.56650828982441e-35,7.11904983389846e-33
"Os11g0183800",2599.42396480724,-1.07925843566698,0.0875260821799495,-12.3307065595381,6.19015420479418e-35,1.21856387325272e-32
"Os06g0713300",479.408351568589,-12.9738708989715,1.05307690610485,-12.3199652596691,7.07247504412138e-35,1.38271731273562e-32
"Os12g0551900",390.379830415509,-4.9824873531439,0.406449496619098,-12.2585644577959,1.51153901882554e-34,2.91522768603758e-32
"Os06g0620600",1120.63600670359,-2.01303167623706,0.164819760456565,-12.2135335633348,2.63204516274844e-34,5.04222128359003e-32
"Os07g0559000",160.284276635292,-3.43508862713887,0.281658675161476,-12.1959269501269,3.26764320761348e-34,6.21810718120795e-32
"Os01g0637300",440.082752231573,-12.9386621438068,1.06784954422784,-12.1165591292757,8.63071192359355e-34,1.63149033872221e-31
"Os11g0687800",422.637982657004,-12.7118639667028,1.05201707019299,-12.0833248118026,1.29380251476532e-33,2.39807136243255e-31
"Os07g0442800",1404.9386289392,-1.45503480251579,0.120922261359998,-12.0328117101946,2.38884364473578e-33,4.34313076403427e-31
"Os01g0165800",385.642014331062,-12.6751378654347,1.05379482258568,-12.0280889541038,2.5294796794888e-33,4.54097282838543e-31
"Os06g0113600",749.52054576217,-5.56805396114274,0.462912774149598,-12.0283005181087,2.52300722774931e-33,4.54097282838543e-31
"Os05g0155000",766.742971893578,-6.22907190891325,0.518033297357716,-12.0244624055737,2.64302742775499e-33,4.68587421725705e-31
"Os08g0301600",390.682381014981,-12.7483814351189,1.06043390219874,-12.0218538927188,2.72781693059902e-33,4.80634607821101e-31
"Os11g0676500",406.470415097306,-12.740243222373,1.06038109353738,-12.0147778001889,2.97167342528605e-33,5.20389240805921e-31
"Os06g0180666",203.708378167413,-3.43188224952907,0.285738049089497,-12.0105889308923,3.12610814867585e-33,5.44095310950021e-31
"Os06g0580100",411.24349126716,-12.7410175068194,1.06208911002042,-11.9961850532244,3.7205370399632e-33,6.39753067883793e-31
"Os04g0405401",411.79915026785,-12.6133994626996,1.05551024402872,-11.9500493093806,6.48867272195536e-33,1.09593298328695e-30
"Os11g0549670",389.690026703248,-12.5830141890334,1.05450804904997,-11.9325918852585,8.00418724566043e-33,1.34395012200077e-30
"Os09g0315050",353.118090295348,-6.08393403207399,0.509988119071596,-11.9295603261296,8.30107655524083e-33,1.38564870872979e-30
"Os01g0144900",391.21005781481,-12.5781926063283,1.05559532970416,-11.9157334751125,9.79999442393053e-33,1.62634326067833e-30
"Os11g0258500",279.266270675396,-3.7566244217926,0.31704691925725,-11.8487964828464,2.18303488403922e-32,3.56071701314374e-30
"Os12g0103500",339.840817572509,-12.5643370025036,1.06155393537775,-11.8357971119316,2.54910176655723e-32,4.13417959230737e-30
"Os12g0491200",435.369277950711,-12.5214339837874,1.05811351681751,-11.833734079353,2.61255447996939e-32,4.2131500043077e-30
"Os02g0730000",13234.0100928742,-4.13615488993578,0.350356015062859,-11.8055769334906,3.65276904556271e-32,5.85756402452483e-30
"Os10g0343500",366.042902922684,-12.6288247635359,1.0701669119327,-11.8007991302296,3.86622279763664e-32,6.13097019643001e-30
"Os02g0644600",2843.49835605915,-2.48243983354811,0.210689828645877,-11.7824379539486,4.80819378572947e-32,7.54093864944297e-30
"Os06g0626200",294.383400748879,-12.4915531339935,1.06858168925036,-11.6898438927553,1.43650407567693e-31,2.21640931546607e-29
"Os03g0673600",305.292734517523,-12.7220640861575,1.08843290830924,-11.6884228591726,1.46073968191317e-31,2.24168567099621e-29
"Os11g0225300",329.579837598847,-12.3348125549937,1.05582862173881,-11.6825896750932,1.56455082807576e-31,2.38815715703714e-29
"Os09g0322500",317.853302943242,-12.5739181746764,1.07640859233089,-11.6813617656548,1.58731959567793e-31,2.41002396484206e-29
"Os04g0378400",366.514142130666,-12.5905168943207,1.07903342593306,-11.6683288874332,1.85021926526821e-31,2.79432056655109e-29
"Os02g0152400",3395.74774514641,-5.09104978254649,0.436727434412119,-11.6572703736819,2.1068882912781e-31,3.16521154664433e-29
"Os03g0643900",295.91622134945,-12.4750830002954,1.07106188927375,-11.647396966719,2.36575127631747e-31,3.53549761419926e-29
"Os11g0206000",4869.33907944618,-11.5513085837014,0.996017004426172,-11.5975013803669,4.24285445727287e-31,6.14761612326888e-29
"Os04g0379400",286.855803391521,-3.84072812167197,0.33232136785847,-11.5572710428529,6.7830259831845e-31,9.57399943510201e-29
"Os01g0895200",1177.22791864283,-2.81842631052486,0.243900926087911,-11.5556195531172,6.91469948424032e-31,9.67515598422332e-29
"Os11g0549655",325.032567872882,-12.391209555002,1.0747242240178,-11.5296643344262,9.35075778009026e-31,1.29567004890726e-28
"Os10g0137300",1261.31634487622,-12.261081993565,1.06432390908664,-11.5200662964406,1.0453054158931e-30,1.44141052131655e-28
"Os05g0297001",301.953071814086,-12.3085054718901,1.07270027227387,-11.4743193322763,1.77569465758266e-30,2.40215300028623e-28
"Os06g0621200",285.615795819261,-7.10534891767873,0.619634467582294,-11.4670007712814,1.93241227024665e-30,2.60182904914719e-28
"Os12g0410050",368.111652949346,-12.2989004017685,1.07348396652272,-11.4569949671514,2.16910741543242e-30,2.87976753795828e-28
"Os06g0141600",183.676308059406,-8.42613969707512,0.73558238162371,-11.4550591579905,2.218117650427e-30,2.93120139878649e-28
"Os06g0271400",273.148440686449,-12.1434353828395,1.06123860328017,-11.4427003930176,2.55797656974075e-30,3.34930656911376e-28
"Os11g0227200",238.660440373439,-12.2916793006254,1.07508516825993,-11.4332144685058,2.85346276545389e-30,3.71914343274502e-28
"Os06g0361750",272.479653215282,-12.170413771215,1.06894880537074,-11.3854037817966,4.94387100195963e-30,6.35666008468179e-28
"Os09g0322400",316.71192171567,-12.4515394996297,1.09525641576294,-11.3686067668054,5.99366320271367e-30,7.63763939545799e-28
"Os11g0485200",249.085366927641,-12.1431601985766,1.06878708247898,-11.3616270234212,6.49240709127804e-30,8.23641191170846e-28
"Os10g0540900",296.947053767719,-12.1339828803011,1.06915930822933,-11.3490878177889,7.4940417516375e-30,9.46504105127171e-28
"Os04g0192775",348.85809823466,-11.958523453125,1.05537574379652,-11.3310577047245,9.20859415456255e-30,1.15285136643787e-27
"Os03g0438400",279.225605419823,-12.1851219626869,1.07769703788603,-11.3066302813533,1.2167312641371e-29,1.51001640015345e-27
"Os09g0520700",19094.8663909382,-1.57029250252695,0.139248313133288,-11.2769229816369,1.70609529810815e-29,2.08114462347005e-27
"Os01g0943000",271.248931379004,-12.0820844881719,1.07384041592467,-11.2512849293051,2.28242514888644e-29,2.77232099786445e-27
"Os07g0549300",294.955566357004,-12.0511172282263,1.07194667493986,-11.2422730626058,2.52788276566883e-29,3.05745278234115e-27
"Os12g0116200",272.47813506607,-11.9774222577183,1.06551101038979,-11.2410121912645,2.56425199961376e-29,3.08835481337448e-27
"Os01g0943900",264.040556820679,-12.0561634690529,1.07537602511636,-11.2111142404801,3.59637245746168e-29,4.27728564274109e-27
"Os01g0127200",163.465246641088,-8.41366262411205,0.75067600722528,-11.2081144769918,3.72034120460841e-29,4.40636594789802e-27
"Os11g0549690",408.057529495581,-2.82205846342169,0.251831231541198,-11.2061496350186,3.8038292746561e-29,4.48663234775966e-27
"Os12g0406000",213.371149981152,-12.0637052581168,1.07709352748076,-11.2002393017186,4.06633598418351e-29,4.75694648903828e-27
"Os04g0309900",680.17130062122,-4.92490856247911,0.440518918616418,-11.1797890041755,5.12115973392034e-29,5.96646463040907e-27
"Os08g0310300",178.900860659936,-6.70058961714963,0.599525859416955,-11.1764814009291,5.31559579509817e-29,6.16781977135294e-27
"Os04g0375900",689.556008571363,-3.59689937781074,0.321879870988098,-11.174663910387,5.42553615455424e-29,6.26989894719013e-27
"Os08g0543051",211.043093088393,-11.9422913642818,1.07203769397801,-11.1398054670705,8.02945423237272e-29,9.16770966435387e-27
"Os12g0410200",278.966556470789,-12.0976951390528,1.08689556958252,-11.1305036818758,8.91304351635464e-29,1.00957902432868e-26
"Os10g0165400",222.942901345447,-12.2057613540625,1.09961426831093,-11.1000390826242,1.25389045266174e-28,1.40357055218732e-26
"Os03g0382350",255.288886502715,-12.0889177327578,1.09183420355351,-11.0721185445674,1.71302271345227e-28,1.91002032549928e-26
"Os06g0635500",180.243069081069,-11.9824614988313,1.08315202662405,-11.0625851259108,1.90525727904497e-28,2.11609586665601e-26
"Os04g0554600",2210.19640862735,-4.65696843675762,0.421377089522927,-11.0517836696583,2.14902071425497e-28,2.36840336940903e-26
"Os06g0239200",364.954670819504,-4.72774276332417,0.427899487053688,-11.0487226705439,2.22356044940248e-28,2.43177430910899e-26
"Os09g0336600",221.977916027132,-11.8109344952677,1.06963267643823,-11.0420471956755,2.39513057711084e-28,2.59949076779665e-26
"Os04g0384200",241.822789060333,-11.8866932131742,1.0770280363131,-11.0365680487435,2.54571674521651e-28,2.75245980210076e-26
"Os06g0139150",273.103140083535,-11.993292126396,1.08846527833645,-11.0185344127154,3.11082684757471e-28,3.35077137876123e-26
"Os06g0307900",163.744401443344,-4.83106036463678,0.438694646221372,-11.0123531395889,3.33185858300667e-28,3.56196896604278e-26
"Os06g0138900",271.990278452249,-11.9907409478526,1.08911133127396,-11.0096558575208,3.43312575504191e-28,3.65653513253419e-26
"Os02g0163500",334.753754195964,-12.5713674262883,1.14202203881012,-11.0079902130317,3.49717965805956e-28,3.70208877608328e-26
"Os01g0341000",239.729668337635,-11.9748810714576,1.08808303545292,-11.0054845827763,3.59577548221151e-28,3.78737326067326e-26
"Os04g0370300",170.307073870668,-9.20228184602483,0.836549499071181,-11.0002837324535,3.80931433704814e-28,3.9975392807611e-26
"Os09g0523700",211.284241262322,-11.8046130445596,1.07419428126529,-10.9892719133218,4.30383867629709e-28,4.49995498814008e-26
"Os04g0498900",562.755829562741,-4.02858589307589,0.368083536947606,-10.9447597860084,7.04041018277914e-28,7.28121261801623e-26
"Os05g0213900",391.11236070528,-2.74275433113087,0.251185877104751,-10.9192219034953,9.3291587789004e-28,9.57883122967385e-26
"Os08g0540400",174.121604664362,-3.71860060756638,0.34135183445191,-10.8937472491898,1.23453786070253e-27,1.26303400343702e-25
"Os07g0434100",270.633661849063,-11.8629778855111,1.08939176985709,-10.8895424160101,1.29288228822285e-27,1.31526433505301e-25
"Os08g0297500",211.690259487014,-11.6826378121495,1.07339295670929,-10.883840572203,1.37638917477296e-27,1.39317917038012e-25
"Os12g0585300",887.439240878411,-2.17593125700005,0.200510801012495,-10.8519403743465,1.95236007804867e-27,1.94853727509864e-25
"Os01g0956500",1107.45338739196,-3.01074268007838,0.277564622184983,-10.8469972015089,2.06084876405625e-27,2.04964693802166e-25
"Os07g0609550",207.70587229331,-11.8647671781986,1.09461817567,-10.8391834174837,2.24465613707235e-27,2.21700570161222e-25
"Os11g0695600",96.2728075970598,-4.81853582018074,0.445869226811801,-10.8070607488115,3.18718868204748e-27,3.11558608699874e-25
"Os11g0229600",185.370608546873,-11.6612167230964,1.07936102238141,-10.8038149250268,3.30193029185386e-27,3.21673372869203e-25
"Os12g0576750",902.002719916523,-3.32019471526108,0.307352241004869,-10.8025720079539,3.34694458946551e-27,3.24949613475182e-25
"Os11g0550300",193.82497371344,-11.7215097747016,1.0891487357931,-10.7620836250305,5.19813534151903e-27,4.92942110260196e-25
"Os02g0522300",2538.52675903993,-2.00913993458923,0.186707646836998,-10.7608872406992,5.26606906638427e-27,4.9773071334726e-25
"Os01g0136600",232.851600874638,-6.723804244301,0.625501733756235,-10.7494574058548,5.96112440451849e-27,5.61565462054706e-25
"Os02g0498100",162.749742984393,-11.8718362286104,1.10554178634557,-10.738478070425,6.71420660432861e-27,6.263082134443e-25
"Os10g0145800",143.847075062225,-11.8737080142582,1.10614553663728,-10.7343090226216,7.02424724389364e-27,6.50974393927597e-25
"Os07g0521300",186.29302470316,-11.550029011085,1.07845762674839,-10.7097661740397,9.15928591166578e-27,8.40651630426328e-25
"Os06g0287700",206.104260194111,-12.1423575891723,1.13454704746541,-10.7023834897798,9.91933446371703e-27,9.07491932475445e-25
"Os06g0241200",200.457156574842,-11.695507660752,1.09446594928519,-10.6860406834863,1.18314569926969e-26,1.07553219235522e-24
"Os12g0111600",3008.33760637802,-2.09623677875198,0.196215053067901,-10.6833637173931,1.21777528503633e-26,1.10349770590721e-24
"Os04g0191550",144.310671090626,-11.5646461784702,1.08354349248155,-10.6729875253873,1.36176252605355e-26,1.21849998569507e-24
"Os04g0205200",305.505690476238,-12.4404348338904,1.16566780898357,-10.672367151271,1.37088708462181e-26,1.22283127948266e-24
"Os02g0272800",129.521589480164,-5.59108672271014,0.524238139373738,-10.6651658908093,1.48134464402383e-26,1.31315222108746e-24
"Os01g0145200",184.298454013445,-11.5833610558322,1.08922330723214,-10.6345145012248,2.05898281135657e-26,1.81393843726426e-24
"Os09g0560600",737.978236011575,-1.77284615408117,0.166828578454916,-10.6267533446631,2.23767143110085e-26,1.95327502536216e-24
"Os12g0565100",176.984564857797,-11.514421336999,1.08372786764742,-10.6248272105383,2.28434807002394e-26,1.98793997898669e-24
"Os01g0145600",184.585806160628,-11.5473617832739,1.08789955930142,-10.6143638762837,2.55528967508039e-26,2.2035706491086e-24
"Os01g0150200",3471.32165781127,-1.99956580776923,0.188616818771769,-10.6012063016965,2.94161149973013e-26,2.52907706771978e-24
"Os03g0400600",206.235465584048,-11.5803554314341,1.09366880412252,-10.5885395905805,3.36805321415617e-26,2.88701834669291e-24
"Os08g0421400",176.392980873574,-11.4202558129344,1.08079523717168,-10.5665304769661,4.25962945740958e-26,3.62945860394923e-24
"Os11g0576900",397.126682967295,-2.41626798248543,0.22991199509449,-10.5095342306624,7.80782007369636e-26,6.59368095217719e-24
"Os09g0343200",192.668623138978,-11.3056329004144,1.07797284079735,-10.48786432509,9.82234434192074e-26,8.2461469675231e-24
"Os11g0202600",177.567495672923,-11.3996105747539,1.09045050818745,-10.4540375644397,1.40417116537623e-25,1.16853241237607e-23
"Os03g0789500",159.946251018091,-6.99183610529472,0.668900131305823,-10.4527354354757,1.42358914753659e-25,1.18124792521176e-23
"Os02g0163400",251.541038480049,-12.0263724277371,1.15321799044253,-10.4285334840486,1.83701566287855e-25,1.51987753858566e-23
"Os11g0688832",165.485774739523,-11.4364344778587,1.09917420352449,-10.4045695770405,2.36321644770413e-25,1.94958526830251e-23
"Os05g0326675",348.884883872319,-10.8421504842088,1.04542743941003,-10.3710215319463,3.3591438413061e-25,2.7239602785864e-23
"Os09g0124566",140.96205770573,-11.4243847974004,1.10187694404032,-10.3681131175228,3.46294927612698e-25,2.80018198690562e-23
"Os12g0141500",735.320166063555,-2.07348205376585,0.200085164980486,-10.3629974464527,3.65330460435748e-25,2.93746272188113e-23
"Os08g0394000",123.984902919593,-11.4953792103159,1.10942886675059,-10.3615288504118,3.70984207543685e-25,2.9745430393615e-23
"Os04g0376100",293.611249710933,-3.05326348267961,0.294887940229957,-10.3539788039437,4.01447573574426e-25,3.20081551399676e-23
"Os11g0481000",159.940727831899,-11.4967964873527,1.11045144740343,-10.3532635436116,4.04458984564197e-25,3.21584324662965e-23
"Os01g0893300",169.813732630046,-11.413270291691,1.10481168110756,-10.3305119658487,5.12861180405508e-25,4.02173338832275e-23
"Os12g0407100",157.787004008518,-11.3672928379088,1.10111481741712,-10.3234400791854,5.52088813759522e-25,4.31748578080871e-23
"Os06g0237800",1183.59794391175,-1.75984395204925,0.170490410328263,-10.3222459765381,5.58999770201093e-25,4.35958727885792e-23
"Os07g0197100",375.21618767699,-3.27267671784111,0.317492394393569,-10.3078901278632,6.491068522249e-25,5.04853024248162e-23
"Os10g0552600",5091.94963455231,-4.87654654593186,0.473821670055812,-10.2919449533776,7.66129731123631e-25,5.91038028248458e-23
"Os09g0276600",152.043341242284,-11.3956318602861,1.1087438413959,-10.2779663208222,8.85768567813659e-25,6.79660698915943e-23
"Os01g0580500",1150.66500162952,-3.16330357646021,0.308010287096016,-10.2701231386928,9.60819421854898e-25,7.33305603674497e-23
"Os02g0108302",221.810767374385,-9.61182342419292,0.936053797093973,-10.2684519351701,9.77607580850773e-25,7.44128821008119e-23
"Os02g0467200",159.06854017752,-11.1297088351049,1.08665493066415,-10.242173960691,1.28320099444832e-24,9.74140669827998e-23
"Os02g0773800",175.276976311017,-11.1806238311891,1.09254687001848,-10.2335415880145,1.40292949529418e-24,1.05939734163167e-22
"Os02g0164000",997.69023262144,-2.40780040679216,0.235392592750733,-10.2288707501594,1.47226060742986e-24,1.105900178381e-22
"Os11g0687900",152.662174619456,-11.2952439835179,1.10424568843774,-10.2289228763013,1.47146845608177e-24,1.105900178381e-22
"Os11g0462900",134.957386360243,-11.1924506640018,1.0969422559336,-10.2033179991557,1.91612287009985e-24,1.43177516241179e-22
"Os12g0575400",280.659132824984,-2.75509860923426,0.2706359067223,-10.1800926662007,2.43329546936576e-24,1.8134722161247e-22
"Os12g0132000",151.536319081835,-11.1789089854719,1.09929203002373,-10.1691895148467,2.72163821261801e-24,2.02308440471272e-22
"Os10g0168900",127.197657784619,-11.1901272517538,1.10443458213559,-10.1319964375943,3.98430145773721e-24,2.94631867382515e-22
"Os03g0170200",295.563292169526,-4.49346743886412,0.443815904494812,-10.1246201259483,4.29643795256769e-24,3.16892829245716e-22
"Os11g0146000",150.171310267171,-11.1953610800712,1.10735298922021,-10.1100201914431,4.98739965074112e-24,3.65026501617319e-22
"Os07g0541900",125.320408121113,-11.5021889444649,1.14077695926352,-10.0827675831485,6.58448707298309e-24,4.73419644864557e-22
"Os11g0172150",119.768952613348,-11.2872695774232,1.12122772565242,-10.0668841121061,7.73910894791025e-24,5.52262814522875e-22
"Os03g0293500",12611.2956346193,-1.27096220499057,0.126424914420856,-10.0530991918227,8.90227784355028e-24,6.3210601683159e-22
"Os11g0550100",117.499223937018,-11.237769683912,1.11888663154271,-10.0437071702408,9.79232602745668e-24,6.90153466982033e-22
"Os06g0491901",128.156080580573,-11.0475791601919,1.10099510464954,-10.0341764586759,1.07855652045712e-23,7.52721694863764e-22
"Os02g0289700",130.722978759702,-11.0943549592174,1.10576256578652,-10.0332162640414,1.08910012011761e-23,7.58226190942365e-22
"Os03g0100800",323.86689455642,-2.83450858119731,0.282680491939462,-10.0272521876194,1.15691409578139e-23,7.99587311137626e-22
"Os12g0549700",334.518038579629,-5.04282642796057,0.503865454590161,-10.008279754091,1.4016855638066e-23,9.66418181963664e-22
"Os02g0118800",157.917098475705,-11.2682883740682,1.12682286367041,-10.0000530139794,1.52315497846412e-23,1.0476370049465e-21
"Os07g0289600",144.682667832079,-11.2382182224832,1.1240178092728,-9.99825637082563,1.55103894442804e-23,1.06169917577348e-21
"Os08g0417000",1145.76116200569,-1.47662223475034,0.148215426353506,-9.96267575568335,2.22005709272229e-23,1.50164240887832e-21
"Os01g0223000",121.536695419315,-11.1830627689093,1.12308867764526,-9.95741742527077,2.34063890266143e-23,1.57573577447094e-21
"Os03g0259001",118.710021302465,-11.0200897690895,1.10844303007327,-9.94195413756277,2.73410190080941e-23,1.82768629172609e-21
"Os04g0389600",148.704216028442,-11.0791017589188,1.11539971750869,-9.93285329465978,2.99558609455014e-23,1.99314707419205e-21
"Os11g0460700",121.303989829908,-11.0479625488841,1.11260407619526,-9.92982390165643,3.08800413601695e-23,2.04986023391786e-21
"Os11g0246300",126.128626997487,-11.3691779585699,1.14535009079365,-9.92637801311199,3.19656397603033e-23,2.11700051349907e-21
"Os06g0490200",527.851856474804,-2.2794254085549,0.230498635997193,-9.8891058452192,4.64155023461238e-23,3.03872499763247e-21
"Os08g0204632",149.429979513959,-10.9004794332862,1.10470159638759,-9.86735193370867,5.76668708969766e-23,3.74618919571303e-21
"Os05g0365300",312.612062698861,-2.05938496247238,0.209277949894429,-9.84042974193524,7.5388123335344e-23,4.84657340649563e-21
"Os10g0154000",4205.16209732686,-1.06062709449795,0.108079595260996,-9.81338884492205,9.86004341470973e-23,6.32460852201066e-21
"Os01g0236400",749.080625889064,-1.48538391804646,0.151536816894237,-9.80213223749553,1.1023371457168e-22,7.05495773258752e-21
"Os07g0648566",115.938621283104,-10.851477852439,1.11006784284755,-9.77550869738089,1.43434949915836e-22,9.07806476806565e-21
"Os01g0162701",103.055787119395,-10.9226383327097,1.11837758350429,-9.76650327565136,1.56769556087782e-22,9.87821238183145e-21
"Os08g0150150",878.710528898328,-6.64283548749122,0.680239452195811,-9.76543695907106,1.58427576165143e-22,9.96069765210979e-21
"Os06g0505700",169.21859162742,-8.47097097450384,0.867960072818101,-9.75963208422734,1.6776271750309e-22,1.05244373811169e-20
"Os08g0542300",519.79123070138,-1.95640362017281,0.200683769038256,-9.74868884289224,1.86866076249865e-22,1.16460813984195e-20
"Os12g0575300",295.955999080231,-2.79300238375869,0.286590530670931,-9.74561991709933,1.92599717689066e-22,1.1977268718337e-20
"Os05g0361000",758.867121547185,-2.7731089865524,0.284960386893752,-9.73155959247892,2.211755181245e-22,1.3724421715969e-20
"Os02g0132200",1037.08864942937,-2.40449591654063,0.247105327914881,-9.73065185129839,2.23158285527755e-22,1.38174188765819e-20
"Os04g0269100",94.0265029167513,-5.59086897551469,0.574578789829426,-9.73037827792848,2.23759290994053e-22,1.38246432946629e-20
"Os01g0326000",643.868369581449,-3.78269817346216,0.389340331467007,-9.71565971398141,2.58569131305022e-22,1.58381915965033e-20
"Os08g0539600",225.809237533945,-4.29166432009547,0.441768591681984,-9.71473391477525,2.60929638375553e-22,1.59485558839224e-20
"Os03g0769400",3237.88481772176,-1.30511313511957,0.134476041437377,-9.70517217170868,2.86592039260717e-22,1.74796648902947e-20
"Os02g0104100",116.110546599043,-3.40846739890777,0.352025028735644,-9.68245755465127,3.58004956517839e-22,2.17423265507345e-20
"Os01g0312500",204.499615237694,-3.44467580345419,0.355983558462104,-9.6765025281944,3.794759152982e-22,2.29001279625197e-20
"Os01g0955000",1110.58848552547,-1.34067671373231,0.138575481618355,-9.67470362054821,3.86209046390093e-22,2.31620706737305e-20
"Os08g0231400",369.43439641675,-6.29121842814464,0.650841484840222,-9.66628368763109,4.19329366189203e-22,2.50404548713485e-20
"Os10g0513200",1819.20458092211,-1.95311657761709,0.202182897043038,-9.66014735262859,4.45223102434101e-22,2.6531207173025e-20
"Os06g0731200",1113.38568946853,-3.37994211957033,0.3499887384765,-9.65728821528145,4.57822290500635e-22,2.72251655417711e-20
"Os06g0350200",118.658066638081,-10.90984698299,1.13008251255999,-9.65402690665107,4.72624900881209e-22,2.79888074082017e-20
"Os09g0247500",112.218811182948,-10.8713430577549,1.12678795426824,-9.64808242453656,5.00834620871561e-22,2.95368252441277e-20
"Os12g0572000",607.429081529469,-3.46126114453607,0.35991180748808,-9.61697024805363,6.77987314526492e-22,3.96567006267299e-20
"Os12g0284850",110.770174443408,-11.0574635264208,1.15139018609998,-9.60357632009615,7.72176329060225e-22,4.489002268166e-20
"Os07g0580800",387.451326984249,-3.13753893100435,0.326965190145747,-9.59594178697058,8.31541743789397e-22,4.80476265885112e-20
"Os12g0141900",200.766635827098,-11.8290392823841,1.23483419124096,-9.57945557896839,9.75578166686514e-22,5.60299862975852e-20
"Os04g0611700",100.571730399664,-7.78858136762726,0.81372970590997,-9.57146004509879,1.0540644693101e-21,6.02950224689126e-20
"Os07g0658500",84.0712923362057,-10.9061611535749,1.14060575750594,-9.56172725045893,1.15807549550591e-21,6.59802533806801e-20
"Os04g0153200",92.4813102742986,-10.751871356842,1.12743284032516,-9.53659585944029,1.47597720941334e-21,8.37580386987959e-20
"Os04g0140666",107.035650523807,-10.9789433506553,1.15142249286554,-9.53511280062983,1.49722709814029e-21,8.47953378756276e-20
"Os01g0115750",121.852149058188,-7.02998020579077,0.737519131861427,-9.53192927761451,1.54386951249852e-21,8.72637848807082e-20
"Os04g0554500",6142.22362363144,-3.14811309507502,0.331623170183393,-9.49304324343218,2.24385859264591e-21,1.24366407123271e-19
"Os11g0655300",103.97263921061,-10.6336574059743,1.12401748895003,-9.46040209383882,3.06761287026968e-21,1.68065147349286e-19
"Os11g0246100",1588.14486005277,-1.30212963792341,0.137928411305222,-9.44061941699539,3.70582140826568e-21,2.01100696345124e-19
"Os11g0250600",105.165218585673,-10.6872525051566,1.13282551891034,-9.43415585785591,3.94155122352268e-21,2.13486979362868e-19
"Os11g0150400",393.263235770673,-3.61728551596197,0.384256166389745,-9.41373446247577,4.78815508581596e-21,2.57388133275952e-19
"Os12g0557900",90.5687826547032,-10.6337108153093,1.12972355298401,-9.41266629984108,4.83707913436056e-21,2.59529298517271e-19
"Os12g0405400",372.751885014604,-6.63482838692913,0.705264203358274,-9.40757854338261,5.07697981096841e-21,2.71889890664695e-19
"Os01g0576050",98.2305766110535,-10.6356959308539,1.13092389767477,-9.40443114936506,5.2312403421852e-21,2.79626450051188e-19
"Os05g0147100",402.70417158777,-1.76424844761385,0.188219678924105,-9.37334745069478,7.02678538699313e-21,3.72858569491946e-19
"Os07g0424400",23081.6344463926,-1.5129933745279,0.161518428669737,-9.36731112968902,7.44038012484907e-21,3.94022653587554e-19
"Os08g0208700",120.109977708195,-11.1619579742056,1.19216192156086,-9.36278686001947,7.76607284936291e-21,4.09750061760101e-19
"Os11g0691800",162.484278630477,-3.25478555368868,0.349062268420525,-9.32436945538769,1.1164544258318e-20,5.83664379687598e-19
"Os06g0653300",107.512572768635,-10.6149670978643,1.13867800176553,-9.32218509658197,1.13968572194067e-20,5.94720095924579e-19
"Os04g0192350",124.051203218557,-10.2783740185318,1.10480097601607,-9.30337159512283,1.36061198175598e-20,7.03574427667439e-19
"Os01g0129600",794.29671151923,-3.52742381989204,0.37926509668883,-9.30068137218052,1.39548495122754e-20,7.20302395078459e-19
"Os08g0247700",124.597266980977,-10.4408596844337,1.12519366028654,-9.27916682517999,1.70808968114108e-20,8.73758277033889e-19
"Os07g0694300",1061.96758445258,-3.0432113687215,0.328076012127521,-9.275933796521,1.76069919819347e-20,8.99058996658932e-19
"Os10g0450400",94.9184332663077,-10.5164944935528,1.13982591864078,-9.22640406887181,2.7986982682975e-20,1.41893505098195e-18
"Os11g0687000",574.929131849056,-3.43629926068524,0.373881670061791,-9.19087384015729,3.89662876246586e-20,1.94790492812304e-18
"Os11g0146200",71.3530206603903,-10.8419270062484,1.18075451773174,-9.18220243364044,4.22362913201896e-20,2.10400122066927e-18
"Os04g0616200",508.520116139672,-2.23318012759103,0.244005580428136,-9.15216825644994,5.58020873775021e-20,2.76530344115177e-18
"Os06g0569900",176.187295349368,-6.39015411704913,0.699589133228735,-9.13415290994784,6.5920818506779e-20,3.22751945704546e-18
"Os06g0636700",183.927669556524,-2.49523667880595,0.27323190130073,-9.13230361069585,6.70569506334396e-20,3.27752328575497e-18
"Os05g0121600",27738.5854082459,-1.22431228474433,0.134350626374355,-9.11281411768712,8.02722688756259e-20,3.90339291786348e-18
"Os03g0231700",1616.25521844039,-1.24952511210242,0.137652879212057,-9.0773627057775,1.11237416826615e-19,5.36344734104545e-18
"Os02g0828900",655.479697320589,-2.99519962425176,0.33024592962827,-9.06960345468362,1.19450944801327e-19,5.7400804181971e-18
"Os02g0276200",888.228737986432,-4.78283926062749,0.527413519930587,-9.06848057527415,1.20688180161749e-19,5.78978725132263e-18
"Os01g0269500",67.5240174339819,-10.5757076131666,1.17301230099402,-9.01585397203823,1.95342518100968e-19,9.26222065892695e-18
"Os04g0456200",287.89886496624,-5.28356666628244,0.586382200921919,-9.01044857428404,2.05215363544041e-19,9.69812473013427e-18
"Os04g0307466",119.680633966747,-9.94861582038468,1.10506906427349,-9.00270955184621,2.20214346859409e-19,1.0372604483094e-17
"Os05g0256100",2482.53693210481,-1.52570842519336,0.169480144437057,-9.0022841924116,2.21069431533723e-19,1.03957262828642e-17
"Os12g0577600",1266.70986530716,-1.98546901177174,0.22085127785656,-8.99007255489496,2.4706727647611e-19,1.15611284257936e-17
"Os01g0222800",100.500371278385,-8.31036859945008,0.924814573699157,-8.98598360772962,2.56430213511391e-19,1.19796137716353e-17
"Os06g0492000",101.928877572037,-10.4724642426385,1.16593653157485,-8.98201914000691,2.65842574098369e-19,1.2399036658601e-17
"Os06g0184834",71.2100974155696,-10.4712536823825,1.16934717011838,-8.95478601220066,3.40395210750159e-19,1.57987656839879e-17
"Os01g0880800",886.333490777125,-3.38180218471093,0.378049868257246,-8.94538649173598,3.70650415355509e-19,1.70918343391077e-17
"Os04g0431700",955.454292140427,-2.0466973293425,0.230201044090979,-8.89091245187236,6.06091194821004e-19,2.74607413729694e-17
"Os04g0233400",6547.99132532853,-2.16256965073995,0.244085654578106,-8.85988016984397,8.01004923201145e-19,3.58930683325801e-17
"Os09g0534600",71.9215640927768,-10.2718888871849,1.16408363631886,-8.82401278285061,1.1042961248903e-18,4.89456965665665e-17
"Os11g0513900",95.8429554469126,-11.5753169794157,1.31360276586047,-8.81188535853402,1.23058438810823e-18,5.4290263947699e-17
"Os06g0483500",436.741955093342,-2.30536592646536,0.261795680366256,-8.80597389246498,1.29721240357135e-18,5.69655859192932e-17
"Os01g0784450",95.4501008496084,-10.7804503060599,1.22434340138051,-8.8050871135536,1.30750988688836e-18,5.73295886502941e-17
"Os11g0484700",773.322106504207,-5.65465011119781,0.643651338083746,-8.78526894394815,1.55990870072769e-18,6.77717411774295e-17
"Os01g0967600",566.807028567012,-4.30125826097551,0.489838978513673,-8.78096364243388,1.62079939690435e-18,7.02034870792681e-17
"Os04g0626500",2091.5431030361,-1.90619125128121,0.217687546825872,-8.75654707435318,2.01322672565125e-18,8.64143513638935e-17
"Os08g0299600",70.4836243189732,-10.1796974378606,1.16400949924767,-8.74537316442868,2.22279793052234e-18,9.4839378368953e-17
"Os11g0665600",107.259359370135,-10.8768400026712,1.24420925046192,-8.74197004935712,2.29080225886806e-18,9.75950144434774e-17
"Os10g0428500",92.2182457878766,-3.96456999423953,0.454255505747882,-8.72762122654364,2.6008501164423e-18,1.10474204946025e-16
"Os07g0604700",758.522168236284,-5.51365116364636,0.632782031445294,-8.7133497628765,2.95024595198418e-18,1.24758252523609e-16
"Os12g0410150",69.7593415462168,-10.1672956217619,1.16913165915456,-8.69645051705663,3.42426888353207e-18,1.43317200896685e-16
"Os08g0159500",5909.81011259171,-1.75969907089238,0.202370321473015,-8.69544040886956,3.45487093925469e-18,1.44386290029408e-16
"Os09g0110300",3275.98127387603,-4.32470803046615,0.498114143218244,-8.68216269171727,3.88313437801522e-18,1.61574617618172e-16
"Os05g0492100",367.047337268476,-2.51139164494261,0.28927514737822,-8.68167095481251,3.89996314521904e-18,1.62038643401939e-16
"Os03g0438000",65.7609697811519,-10.342828035406,1.19142280601162,-8.68107273355741,3.92053323935424e-18,1.62656541837395e-16
"Os11g0147800",18006.7501587018,-1.30777158258247,0.150657081722197,-8.68045210774707,3.9419869253986e-18,1.63309252247573e-16
"Os12g0165900",738.022673495076,-2.03461454403947,0.234763077125758,-8.6666718163247,4.44935079859998e-18,1.83794890297016e-16
"Os05g0328000",86.6842577071684,-10.1488333409515,1.17114244711036,-8.66575484988389,4.48531168093471e-18,1.85012625174278e-16
"Os04g0138800",60.9129723998147,-10.3662816807655,1.19712301505215,-8.65932869924306,4.745505918129e-18,1.95462800760569e-16
"Os06g0295900",93.4540522290898,-10.866288236246,1.25538270034415,-8.65575750985507,4.89648661865712e-18,2.01101171284819e-16
"Os04g0206300",106.381755419857,-9.84770281133999,1.13854809232411,-8.64935164156129,5.17928402518122e-18,2.11801551883629e-16
"Os02g0163600",60.3644125095956,-10.3780231149488,1.20006494701637,-8.64788455054105,5.24628659648499e-18,2.14234627482214e-16
"Os02g0163533",82.3279495048336,-10.6370405648989,1.23083737048298,-8.64211700098523,5.51808771471579e-18,2.25011851041211e-16
"Os05g0406550",164.789809939889,-9.03636957016495,1.0456978679305,-8.64147269234514,5.54930135216054e-18,2.25961851349601e-16
"Os07g0481000",1670.72105797662,-1.24715108480512,0.144484306021862,-8.63174083845766,6.04251720291355e-18,2.44996606590858e-16
"Os11g0247350",111.086415761348,-8.19470918402413,0.950041774784987,-8.62563036860011,6.37405792436308e-18,2.57342446100452e-16
"Os07g0413700",1671.60944391508,-1.08936367660936,0.126367208942989,-8.62061990386151,6.6592611990364e-18,2.6809866243342e-16
"Os11g0252400",610.33839496465,-3.07703275375988,0.357070231144622,-8.61744409187002,6.8465174817579e-18,2.74862158930095e-16
"Os01g0952500",3201.23382412643,-1.60653950792346,0.186540190255916,-8.61229693032602,7.16110728764957e-18,2.87087986543075e-16
"Os12g0487500",280.357936536608,-5.34521173242252,0.621469096416322,-8.60092925496292,7.907321801963e-18,3.16115677192201e-16
"Os12g0106100",365.720638151354,-1.62687394804311,0.189222620757706,-8.59767157609701,8.13497051233635e-18,3.2476167594983e-16
"Os04g0369066",71.570293963304,-10.6800744415326,1.24496317584218,-8.57862678091488,9.60124527944458e-18,3.81165431511079e-16
"Os11g0438000",70.1885459795704,-10.0782895975733,1.17550904462708,-8.57355342660982,1.00339950177706e-17,3.96690240702555e-16
"Os04g0152000",62.5439394289264,-10.1787342785114,1.18754051942428,-8.57127324248778,1.02347082190999e-17,4.04065714254477e-16
"Os12g0212400",62.9499002785349,-10.43735175005,1.22179925697794,-8.54260770780482,1.3122629036728e-17,5.14522422011489e-16
"Os05g0534500",183.67842676779,-3.17255149923831,0.371467277607782,-8.54059479927619,1.33532688370904e-17,5.22847332902479e-16
"Os05g0370200",71.6952385994918,-10.2695522047141,1.20427362527606,-8.5275903990341,1.4942754803151e-17,5.83482890699238e-16
"Os07g0535600",70.1816784402679,-10.078919842681,1.18203343558068,-8.52676374397961,1.50498802108947e-17,5.86498444378639e-16
"Os06g0470350",1031.80471090546,-4.3762362301671,0.514430688164903,-8.50695017005726,1.78568230794197e-17,6.88790754025618e-16
"Os07g0689600",1432.11382795345,-2.7057446266109,0.318456189488611,-8.49644226088331,1.95490103038118e-17,7.49002617600005e-16
"Os04g0142850",240.157672333377,-4.02954457693637,0.474375568019234,-8.49441844941937,1.98926406843914e-17,7.61146830690707e-16
"Os05g0509101",483.39774644806,-4.35449476588512,0.514749740452058,-8.45944043033602,2.68663542378494e-17,1.01438256000684e-15
"Os01g0511800",473.26905755997,-2.0165764585167,0.238654855381566,-8.449760870327,2.91900072997285e-17,1.09775964211258e-15
"Os02g0289500",59.6695002180591,-10.013810276664,1.18605483647367,-8.44295724676332,3.09408292800447e-17,1.16207240917052e-15
"Os09g0268800",70.0257920690586,-10.361366579972,1.22724670915185,-8.44277397747738,3.09893966471943e-17,1.16236706688241e-15
"Os01g0126900",2048.7600745471,-2.64926811312672,0.313944441924759,-8.43865270200151,3.21016373258412e-17,1.20250542759686e-15
"Os01g0124100",155.877213021567,-6.67130042899223,0.791187495926719,-8.43200943308404,3.39779585878148e-17,1.26779980383083e-15
"Os07g0236200",64.4787227011299,-9.95835894525964,1.18367076788334,-8.41311555160509,3.99261295198191e-17,1.48006680651132e-15
"Os02g0626100",268475.221564863,-1.35306088052372,0.160850849923526,-8.41189761301863,4.03429980435307e-17,1.49358046193844e-15
"Os01g0262700",901.445814412672,-1.68742336177638,0.200642290654223,-8.41010813958662,4.09632875648589e-17,1.51404611860531e-15
"Os04g0289500",121.445688309706,-9.59985980596932,1.14328502102495,-8.3967336485902,4.59069761587635e-17,1.68861949416977e-15
"Os07g0117000",302.182408967628,-2.36645618355128,0.28191053112117,-8.39435183261791,4.68471370312139e-17,1.71877208151539e-15
"Os03g0117432",58.1568956263487,-10.0059343091283,1.19641888512558,-8.36323668367878,6.10206256284875e-17,2.21599584979586e-15
"Os07g0597500",63.4748692782346,-9.96841858154366,1.19191382367698,-8.36337190115952,6.09506994423692e-17,2.21599584979586e-15
"Os01g0153700",74.2056092729949,-9.77051660022009,1.16840499593007,-8.36226876318907,6.15234903153865e-17,2.23141868813519e-15
"Os11g0256400",64.026582484094,-10.5466407528598,1.26264393443951,-8.35282256952466,6.66507333461432e-17,2.4112528930701e-15
"Os01g0629000",230.860234182132,-3.84702393575436,0.461099820922436,-8.34314775498794,7.23386887597542e-17,2.59401448738495e-15
"Os01g0663400",440.280114800228,-3.13650458317469,0.376053315392237,-8.34058484473991,7.39239996915773e-17,2.64753657113724e-15
"Os04g0367800",61.4675100678455,-9.96773573833178,1.19940714110554,-8.31055226930207,9.52576943766403e-17,3.37768401029419e-15
"Os04g0390100",3059.60384229591,-1.57102827798315,0.189160250790871,-8.30527698824012,9.95868526709172e-17,3.52243757452126e-15
"Os06g0301500",1051.1130225147,-1.88669655896665,0.227396583936191,-8.29694327992223,1.06824349104285e-16,3.76909050782783e-15
"Os06g0240400",67.0033057344778,-10.1391063569495,1.2241279660471,-8.28271768815983,1.20395602677917e-16,4.21148539563538e-15
"Os11g0688500",63.3371787284287,-10.07896159108,1.21875213870808,-8.26990269060286,1.3406839438864e-16,4.65207366249992e-15
"Os12g0109600",64.2076620593226,-10.2617017421576,1.24085760367308,-8.26984636414514,1.34131748326704e-16,4.65207366249992e-15
"Os08g0132000",61.9696381923886,-10.2255777129757,1.23773707058448,-8.26151042575385,1.43840584160288e-16,4.95867830225998e-15
"Os07g0181200",55.8563745739486,-9.99740939117744,1.21085925004919,-8.25645870134892,1.50058116818274e-16,5.16055287525399e-15
"Os06g0125132",2543.51210501609,-1.39962506053573,0.169783114917707,-8.24360573908729,1.67097121395514e-16,5.69167092256986e-15
"Os02g0211600",214.058218544826,-3.52118592222134,0.427409639209653,-8.23843357565019,1.74479886106149e-16,5.92899270120703e-15
"Os06g0488200",469.141264693223,-2.68984304722321,0.327078090182536,-8.22385579456594,1.97063015535341e-16,6.6567653437169e-15
"Os04g0325300",149.649554552735,-8.75826187333268,1.06613956984612,-8.21492994073639,2.12288161703826e-16,7.14569963169105e-15
"Os06g0238600",81.1368910884499,-8.58259522980533,1.050186336761,-8.17244990662886,3.02189186553996e-16,1.00065987714585e-14
"Os03g0250200",1631.6285297894,-2.22174755168651,0.272309710749679,-8.15889945889168,3.38090918699766e-16,1.11248543002898e-14
"Os07g0616000",3987.96094039393,-0.696089398315642,0.0853173528815609,-8.15882554727133,3.38297839568789e-16,1.11248543002898e-14
"Os01g0753400",622.118825352578,-3.95300661853196,0.485019429062377,-8.15020261389069,3.63315033088952e-16,1.19063884092894e-14
"Os05g0361700",514.437824649468,-3.6345923866771,0.446436771341105,-8.14133740766627,3.90935269596763e-16,1.27968535956078e-14
"Os04g0446600",81.3852574373285,-9.11823989888812,1.12075429605054,-8.13580633241396,4.09205525774914e-16,1.33489857459648e-14
"Os12g0483700",53.7463504275446,-9.87438855981846,1.21462942304142,-8.12954829884913,4.30893050201997e-16,1.40244141675779e-14
"Os12g0222650",53.0037347973227,-10.1909721496703,1.25484437148803,-8.12130363033427,4.61202586559413e-16,1.4993811652337e-14
"Os01g0206800",189.451975232418,-3.87399259714626,0.477118893844071,-8.11955394583961,4.67900171185108e-16,1.51942462870395e-14
"Os02g0661100",1461.26549124486,-1.57065105384069,0.193556676232771,-8.11468291567393,4.87054884835416e-16,1.57982893553888e-14
"Os12g0225900",2223.80386771162,-2.63793327983439,0.325256955179602,-8.1103055225299,5.04926414678426e-16,1.63593865840874e-14
"Os01g0601700",57.3127357703658,-10.079629753327,1.24402782536846,-8.10241503267141,5.38787710838351e-16,1.74169381859229e-14
"Os02g0801255",102.767710745891,-7.12122470719722,0.879153544530183,-8.1000921300986,5.49175825074218e-16,1.7712626837196e-14
"Os06g0138700",470.385431952859,-1.82019449183568,0.225289892155887,-8.07934379309046,6.51162119792465e-16,2.07673425110124e-14
"Os03g0597450",63.3671182375162,-9.88709190965372,1.22499583298915,-8.07112289151865,6.96545636167244e-16,2.2091331820842e-14
"Os01g0185500",3066.32876627975,-3.01101788699662,0.373080555982324,-8.07069100416823,6.99014172933367e-16,2.21450172610544e-14
"Os07g0596200",58.2257944288707,-10.0079468188057,1.2405745963661,-8.06718664731738,7.19365334044453e-16,2.27392736378349e-14
"Os07g0658550",64.6170966939546,-9.96478706920412,1.23878732042734,-8.043985359623,8.69629146433914e-16,2.72178666182123e-14
"Os09g0456100",942.513498537856,-2.78795526685287,0.346609116554316,-8.04351395764855,8.72982588318665e-16,2.72928970437765e-14
"Os04g0434700",355.274910411715,-1.86983610170733,0.232513970115326,-8.04182260867979,8.85119635111132e-16,2.76420731560308e-14
"Os10g0552700",2040.34253782453,-14.3625488328833,1.78622930998108,-8.0407082968734,8.93206574145003e-16,2.78641403851311e-14
"Os11g0269700",49.5884058315348,-9.90844855936325,1.23390652688361,-8.0301451880543,9.73573821643e-16,3.03050067229856e-14
"Os03g0708000",2618.96441619718,-1.74027353259085,0.216968738755362,-8.02084919041288,1.05016598168285e-15,3.26179954093092e-14
"Os10g0568200",621.943137604437,-3.83652233591895,0.479106931547855,-8.00765358064068,1.1691769040896e-15,3.61179497297982e-14
"Os11g0229300",61.7758679196145,-10.3346220651381,1.29133745459515,-8.00303749292097,1.21386959627807e-15,3.74580473039581e-14
"Os06g0344201",43.6489252937617,-10.0185389059369,1.25225004480548,-8.0004300638641,1.23985398351219e-15,3.82185659885227e-14
"Os01g0349600",51.7672049158857,-10.2086788755352,1.27712495898191,-7.99348474378993,1.31177120579647e-15,4.03482729507053e-14
"Os02g0834100",92.7739855662093,-4.17794489914856,0.522665599387512,-7.99353334913281,1.31125390471311e-15,4.03482729507053e-14
"Os05g0121750",56.4845948965615,-9.74830233876327,1.22079840812335,-7.98518598475946,1.40310597472545e-15,4.28803607522091e-14
"Os04g0501700",2593.08789025805,-0.78625010615931,0.0984964095179737,-7.98252555607962,1.43369111661098e-15,4.36747910699506e-14
"Os07g0551700",578.560248683876,-3.42811313263559,0.429787936782615,-7.97628979142223,1.50797651265914e-15,4.58399164827927e-14
"Os01g0580200",1073.93951779443,-1.12999357586945,0.141696785615368,-7.97472977923991,1.52714575155392e-15,4.63732429067607e-14
"Os12g0199100",61.2231761548911,-10.0096128581066,1.25552906181055,-7.97242625644373,1.55589079286107e-15,4.71959051981152e-14
"Os06g0283400",2864.28218262031,-1.58246077964117,0.199040674423591,-7.95043919653042,1.85851441658467e-15,5.59593201550558e-14
"Os08g0189600",1324.94088532775,-1.96025784569611,0.246875295990367,-7.94027542461192,2.01732793495473e-15,6.06771428612727e-14
"Os04g0627300",481.63152911941,-1.92268328919381,0.24271365415821,-7.92161156265454,2.34451761967176e-15,7.02223619474404e-14
"Os12g0476200",1877.8253902456,-2.68433370378622,0.33889330421411,-7.92088149989025,2.35832617482702e-15,7.05619102036295e-14
"Os12g0511600",67.6357751721081,-6.74867841729505,0.852164889980944,-7.91945138392872,2.38560818731688e-15,7.13034556008093e-14
"Os12g0212366",63.8174306284945,-10.2009191046584,1.28964477671097,-7.9098673439939,2.5766330771282e-15,7.66917774280994e-14
"Os02g0822500",7604.82787034719,-0.847000940852675,0.107210981046123,-7.90031890938758,2.78190738638826e-15,8.25434141757447e-14
"Os07g0469200",259.621168562094,-4.39976438528456,0.556929898526416,-7.90003265568238,2.78830368687441e-15,8.26472901746035e-14
"Os01g0158600",216.78218266346,-3.87348280214785,0.490566956347822,-7.8959309265043,2.88156249560987e-15,8.53229459280998e-14
"Os11g0585200",56.9546127570428,-9.85660804687565,1.24838812332863,-7.89546765359685,2.89228680409423e-15,8.55517456332288e-14
"Os11g0197400",1132.98302998413,-1.64768577265812,0.208916541135128,-7.88681338349553,3.10000446321899e-15,9.13173657359368e-14
"Os06g0700000",1840.55415772333,-1.88027947456143,0.238537293071024,-7.88253882801287,3.20795283574469e-15,9.43025805803258e-14
"Os03g0399800",887.131816877122,-2.08795731939213,0.265152855774049,-7.87454207610492,3.41993102354807e-15,1.00018966328029e-13
"Os03g0193300",499.029803892344,-1.87301327896883,0.238086745371886,-7.8669363808692,3.63431341118486e-15,1.05854940825368e-13
"Os06g0236600",144.978515666142,-2.20519080693268,0.280556433975359,-7.86006143465011,3.83945104322344e-15,1.11375295302612e-13
"Os06g0325900",59.2438143237507,-6.01428221302879,0.765970232723665,-7.8518484871703,4.09949570064785e-15,1.18204557606257e-13
"Os07g0521400",61.8885350553657,-9.61967456178676,1.22559545710238,-7.84898026999064,4.19433591408953e-15,1.20810418094623e-13
"Os03g0234000",302.460380751391,-6.32119912731512,0.805647986583192,-7.84610553564933,4.29155833616373e-15,1.2323766715036e-13
"Os11g0274100",904.50821847222,-3.68118258138664,0.469360459271191,-7.84297549713214,4.39993871957178e-15,1.26010634885767e-13
"Os03g0655100",102.846715477339,-4.65076870887987,0.593108412468547,-7.8413467270227,4.45739770932958e-15,1.2748693408327e-13
"Os11g0659400",802.243435765325,-2.1073685527544,0.269047788615378,-7.83269233915551,4.77531856394011e-15,1.36443136225332e-13
"Os06g0194200",223.897711723169,-5.90079129644289,0.753907838173668,-7.82693984285597,4.99888130177975e-15,1.42688067878001e-13
"Os04g0348300",4102.96107843828,-0.73683982102686,0.0942284686236292,-7.81971554658257,5.29428346036944e-15,1.50818390312161e-13
"Os07g0437500",1031.74839756318,-1.56503544010922,0.200357017628536,-7.81123346031638,5.66310051301334e-15,1.60843324421346e-13
"Os12g0558400",44.8052826713802,-9.69183383897855,1.2441759735838,-7.78976129161346,6.71359095653438e-15,1.88429439786939e-13
"Os06g0146100",552.136016773178,-2.22747418594822,0.286532895752295,-7.77388641572887,7.61139947369618e-15,2.12582961425816e-13
"Os11g0234300",223.170619019467,-2.82555862949425,0.363882569191315,-7.76502879974083,8.16266742621738e-15,2.26869697189824e-13
"Os05g0121700",525.860430564868,-1.11014105108457,0.143302596479611,-7.74683137888938,9.42139319232945e-15,2.59830190610485e-13
"Os01g0229100",3172.31792755207,-1.05259982946747,0.136402677240046,-7.71685608204796,1.19234152740108e-14,3.25576817129379e-13
"Os02g0234200",1218.18178355559,-1.81705806062403,0.235468522935,-7.71677690918212,1.19308208631352e-14,3.25576817129379e-13
"Os01g0162900",47.1705540109863,-9.53245295336332,1.23661537777473,-7.7085026797231,1.2730244785923e-14,3.45082722857916e-13
"Os01g0347000",197.804948760534,-2.2848929141437,0.296718878708868,-7.70053096751409,1.35501995087539e-14,3.6626599884268e-13
"Os05g0210600",1285.01419416813,-1.92771648097355,0.250419923938825,-7.69793573391736,1.38281883110278e-14,3.73073541729657e-13
"Os03g0733200",1168.5924010685,-1.56611164175412,0.20356450658551,-7.69344159265924,1.43229106356557e-14,3.86055865140847e-13
"Os07g0101000",215.991046518154,-2.3978638224865,0.31187549041132,-7.68852922467249,1.48836024123046e-14,4.00035355232414e-13
"Os11g0226933",1665.35986253624,-1.67533647875077,0.217921016889811,-7.68781507475197,1.49668924052552e-14,4.01895556740927e-13
"Os03g0393900",45.9110924645978,-9.6365999922495,1.2539643680846,-7.68490735264603,1.53107752880507e-14,4.09588350348754e-13
"Os03g0573001",74.7405242878732,-8.87306969934092,1.15591736021462,-7.6762145848328,1.63858555682047e-14,4.375284016266e-13
"Os11g0691700",42.2328597305707,-9.56843778215002,1.25761460937263,-7.60840221705382,2.77505086873981e-14,7.26040806574786e-13
"Os07g0582700",66.775181371773,-10.3643927738632,1.36285282286334,-7.60492446432159,2.85070343281478e-14,7.43958013638059e-13
"Os08g0265000",49.6544863680371,-9.89371161817256,1.30252298757074,-7.59580576510573,3.05883050911094e-14,7.93738709564205e-13
"Os11g0210300",6368.18002890972,-1.1350619864813,0.14980330079261,-7.57701586330666,3.535935614947e-14,9.11741158022106e-13
"Os10g0567900",78.1062304461135,-9.7936235067869,1.29479695257743,-7.56382959296561,3.91372388392763e-14,1.00461631783121e-12
"Os12g0425600",597.654192559808,-1.94519243379233,0.257384772969635,-7.55752724354759,4.10804000303847e-14,1.05165824077785e-12
"Os10g0155400",263.602598303325,-2.28480720010373,0.302330282653831,-7.55732168159892,4.11453518040068e-14,1.05237717015553e-12
"Os10g0480200",1709.2322125667,-1.05939428882256,0.140331522639215,-7.54922535506298,4.37854678539339e-14,1.11790017390223e-12
"Os10g0450000",574.856800852414,-7.68139637458104,1.01786229199414,-7.54659685794245,4.46778838300443e-14,1.13864778218284e-12
"Os07g0120900",573.613798847393,-2.31727256926812,0.307082657870341,-7.54608738031224,4.48529171972044e-14,1.14107100577273e-12
"Os07g0282500",44.635271446538,-9.63824757747065,1.27815167948328,-7.54076979452638,4.67205235792919e-14,1.18436112348784e-12
"Os04g0369000",61.8333636871541,-8.34990464403968,1.10883424171315,-7.53034523098695,5.06063424023652e-14,1.28172798361412e-12
"Os01g0741200",401.392559070043,-2.72821376738386,0.362435984353749,-7.52743625125544,5.17462576471994e-14,1.30827739440359e-12
"Os12g0572500",368.78893451312,-1.63641660582921,0.217594867912662,-7.52047427187499,5.45778932776948e-14,1.37499680998987e-12
"Os12g0505800",507.451080808494,-9.5715369061858,1.27303434999669,-7.51867921412385,5.5332361000271e-14,1.39277505501917e-12
"Os10g0389500",301.603502069594,-2.32194421871464,0.309150079903058,-7.51073465497,5.87964607720571e-14,1.4734733768899e-12
"Os09g0120800",808.097674569738,-1.89817221514439,0.252930151573091,-7.50472888795096,6.15558654825693e-14,1.53857322621231e-12
"Os01g0144800",39.8468759096444,-9.61446942113429,1.28188592904395,-7.50025349627243,6.36945324717507e-14,1.58785741037e-12
"Os11g0655700",115.859247903718,-2.88566238930621,0.385001505317251,-7.49519767962558,6.61985174797899e-14,1.64883986295211e-12
"Os09g0533900",5915.24855032162,-1.64209607020019,0.219285149901265,-7.48840526109292,6.97154816593596e-14,1.73341350913307e-12
"Os08g0454600",46.7153585168043,-9.50957249218333,1.26997163844008,-7.48801957803092,6.99205992512541e-14,1.73700050916257e-12
"Os05g0325200",1164.21970305255,-1.84382662987104,0.24651554118248,-7.47955532956102,7.45745098978015e-14,1.84779063413441e-12
"Os05g0389000",2585.85618129774,-1.77052424422571,0.23764338109828,-7.45034107848136,9.30992257098931e-14,2.2751920365267e-12
"Os01g0144200",1152.02450663623,-1.33994837527062,0.179916194045571,-7.44762517003458,9.50353694207321e-14,2.32052145829374e-12
"Os11g0138300",186.816501905688,-2.02875011868333,0.272425901539588,-7.44697955377243,9.5501413294868e-14,2.32990798383651e-12
"Os08g0445500",44.9253052081571,-9.27370171128809,1.24805274728629,-7.43053667519455,1.08157941063845e-13,2.63418111751399e-12
"Os12g0569700",923.823781763127,-2.79263672290075,0.375874545949272,-7.42970428031497,1.08840735002962e-13,2.64855067342246e-12
"Os04g0671900",2465.79092624669,-1.72481464796385,0.2324834956589,-7.41908427983423,1.17932853449726e-13,2.86004704236957e-12
"Os02g0236600",4320.74614539559,-2.7419367554282,0.370233412722859,-7.40596786028249,1.30197365675331e-13,3.14146543181459e-12
"Os11g0219400",1784.89674490756,-1.35453564323022,0.183241045457494,-7.39209733195083,1.44530661503598e-13,3.46970832797199e-12
"Os05g0251400",124.084200556002,-3.37151813280744,0.456381252450334,-7.38750357229967,1.49611113959923e-13,3.58263392355038e-12
"Os06g0190500",255.218070265548,-2.9907697709827,0.404869398596583,-7.38699882320012,1.50179926927235e-13,3.59023101692712e-12
"Os02g0439200",287.076043182596,-2.59001603063832,0.350822941922778,-7.38268716533489,1.55126231231175e-13,3.69918391333556e-12
"Os12g0102200",5413.36998383258,-0.971557663886378,0.131610194233804,-7.38208517617119,1.5582944239972e-13,3.71285108836195e-12
"Os11g0102600",2604.00764952855,-1.06766567634802,0.144658846492421,-7.38057645443727,1.57605640696436e-13,3.75203953964892e-12
"Os10g0563400",1163.07028749515,-1.3488452560479,0.182806736970008,-7.3785314392937,1.60045001515942e-13,3.80376729664534e-12
"Os05g0488900",1043.36082595952,-1.04039008992476,0.141017625354118,-7.37773088514411,1.61009999142342e-13,3.82351864851832e-12
"Os03g0803500",1300.06007773965,-1.97655025294991,0.267936630733447,-7.37693180487982,1.61978920736353e-13,3.84333026890977e-12
"Os04g0432000",3658.27431544737,-0.807772915381633,0.109570942885045,-7.37214533445331,1.67903824484132e-13,3.9806036263082e-12
"Os02g0151600",767.318424719433,-2.10068114097563,0.285038465857229,-7.36981633218524,1.70863271875662e-13,4.04740351238083e-12
"Os02g0213450",38.8206907988234,-9.45118171365656,1.28267056955081,-7.36836249152141,1.72736576155459e-13,4.084998201973e-12
"Os04g0259200",44.9273027788114,-8.87785630464901,1.20488790249139,-7.36820104699525,1.72945841554431e-13,4.08656134216033e-12
"Os08g0197950",154.169196943766,-3.82123589511048,0.519097546831996,-7.36130601739716,1.82119523547823e-13,4.29266695305455e-12
"Os12g0111500",229.03327763388,-5.46439862058492,0.7432390399738,-7.35214154086625,1.95056091620337e-13,4.59000913372704e-12
"Os03g0219100",851.014796138464,-1.96218074778445,0.267149932166997,-7.34486710091275,2.0596364556331e-13,4.84269052632548e-12
"Os06g0732000",59.8840033855065,-10.0404527038936,1.37230608835862,-7.31648193436402,2.5455627448325e-13,5.93147289702032e-12
"Os08g0242900",2195.74184676304,-1.63539037014989,0.223668286012003,-7.3116774814563,2.6382774911238e-13,6.13249126275552e-12
"Os02g0771450",36.3804711487121,-9.55612513888954,1.30820894959779,-7.3047391564074,2.77805136939658e-13,6.44688603967936e-12
"Os02g0168400",1420.6418807531,-1.97678260828886,0.271145116245439,-7.29049682200247,3.08814092125417e-13,7.13170667122e-12
"Os12g0404400",45.769343770729,-9.67596387792945,1.32817059314011,-7.2851815330839,3.21237451721956e-13,7.40662505811915e-12
"Os05g0121800",1309.59304764807,-3.07814827620843,0.423015336658844,-7.27668244967418,3.42129305126687e-13,7.85658800123585e-12
"Os04g0518100",9774.76144864994,-1.51058781277521,0.207727292047737,-7.27197566522972,3.54267426583574e-13,8.12225656578437e-12
"Os10g0403000",231.742513360536,-2.72504485476791,0.374901449562141,-7.26869650130874,3.62972866459488e-13,8.3018409456888e-12
"Os02g0269000",917.129040493737,-0.904199196760399,0.12447907208702,-7.2638651750898,3.76182977713558e-13,8.59021353268463e-12
"Os09g0375600",1616.36567457582,-2.46623451751617,0.33964178940551,-7.26128113337564,3.83441051525364e-13,8.74196595426517e-12
"Os06g0713400",2011.90242545394,-15.189952662184,2.09459055898523,-7.25199137226283,4.10688053515791e-13,9.3333437894544e-12
"Os07g0533300",52.6762327959147,-8.20411342869121,1.13645879542052,-7.21901529712343,5.23653653353659e-13,1.17786996700763e-11
"Os05g0112000",10353.4541498491,-0.63247201137451,0.0876789587483759,-7.21349820302497,5.4532443936684e-13,1.22564888167615e-11
"Os02g0690300",73.0493161699961,-10.1651493125345,1.4108583215943,-7.20493982772678,5.80694873845908e-13,1.30104823226512e-11
"Os03g0234100",614.999517073977,-7.48270075313376,1.03912416279083,-7.200968874631,5.97861954623358e-13,1.33636426255044e-11
"Os12g0194600",819.287453558343,-1.46964105252039,0.204113379674904,-7.20012110358036,6.01591038331528e-13,1.34154801547931e-11
"Os03g0862000",219.168896664749,-2.04304272474555,0.283898565709366,-7.19638269267295,6.18309352733284e-13,1.37667879597651e-11
"Os01g0116300",45.3836912943428,-9.12282557564551,1.26830134731718,-7.19294794958853,6.34071200225366e-13,1.41067251280069e-11
"Os06g0190800",912.715846828032,-2.73321582370374,0.380438202165473,-7.18438844507765,6.75086761528845e-13,1.49725536294323e-11
"Os03g0683700",4355.56161025952,-1.02938936568057,0.143535407707801,-7.17167549191855,7.40853874512648e-13,1.63675951966633e-11
"Os03g0643800",36.8516695119818,-9.41845856735926,1.31351314484491,-7.17043343214606,7.47606916472959e-13,1.6481761663851e-11
"Os08g0455900",177.243204193714,-1.9264358273907,0.268664797672234,-7.17040655896022,7.47753690957366e-13,1.6481761663851e-11
"Os01g0195200",2036.11623608113,-2.4469551152655,0.341342413203997,-7.16862312039472,7.5755786486467e-13,1.66755289990798e-11
"Os11g0686900",191.859192277453,-4.12218371136032,0.575530459219605,-7.16240755867174,7.92723237431968e-13,1.73923843883613e-11
"Os01g0629900",5440.43210258843,-1.24461253618097,0.173935317392457,-7.15560562880223,8.33043143958299e-13,1.82489512671878e-11
"Os06g0631800",91.9354587132807,-3.32751813458546,0.466491698102933,-7.1330704235839,9.81543035604474e-13,2.12896386081262e-11
"Os07g0200900",39.8225023263233,-9.23069977874632,1.29438338178967,-7.13134911078939,9.93898705894705e-13,2.15412639795432e-11
"Os04g0117200",474.311568120562,-2.06406540086198,0.289471167363983,-7.13046974473492,1.00026961841564e-12,2.16628952868407e-11
"Os03g0839300",5339.00840493108,-1.1886437972699,0.166849956778509,-7.12402820006603,1.04817583440331e-12,2.26660083463699e-11
"Os08g0339200",1041.99990185396,-1.51093734936041,0.212148499811017,-7.1220741636465,1.06314819386216e-12,2.29549939830571e-11
"Os04g0684800",1240.8821174869,-1.96820090476542,0.276700191720669,-7.11311724262316,1.13450823002435e-12,2.43850925585958e-11
"Os04g0380500",642.294035137459,-1.37099676493223,0.192873018583567,-7.10828697036341,1.17492070627221e-12,2.51778803602358e-11
"Os06g0492700",40.7045350258171,-9.11569146043836,1.28557570701232,-7.0907465120224,1.33390479632646e-12,2.83718170688097e-11
"Os02g0289300",34.2226344076598,-9.31201327757711,1.31362798863582,-7.08877502469136,1.35304272410463e-12,2.87574471458247e-11
"Os07g0468500",33.9692872927915,-9.76397217815432,1.37887639609825,-7.08110763646618,1.43006768051772e-12,3.03267844522272e-11
"Os03g0439500",121.136400309984,-4.00264171567351,0.566340649601062,-7.0675515142574,1.57691216193179e-12,3.329244138327e-11
"Os08g0563300",1023.92133812982,-1.19583423789961,0.169242047162377,-7.06582234113659,1.59667586590089e-12,3.36847863387102e-11
"Os07g0273000",36.9573550694204,-9.4135249290774,1.33293764968288,-7.06223950633924,1.63840267400095e-12,3.45395612457039e-11
"Os08g0282200",192.351271784192,-4.8411013380012,0.685592834027962,-7.06119010836067,1.65082556279279e-12,3.47501215813846e-11
"Os02g0800500",3476.362448457,-1.75976053770592,0.24985062812011,-7.04325040503781,1.87806272014821e-12,3.93593408839284e-11
"Os08g0551225",261.043097791039,-2.75830330344559,0.39211016269573,-7.03451112942967,1.99960841981688e-12,4.17228236368808e-11
"Os04g0226600",183.481511499672,-2.93912976812109,0.418314610101784,-7.0261226769152,2.12351772869925e-12,4.41468973401249e-11
"Os05g0521700",1815.70111298905,-1.51585641119863,0.216229971193315,-7.01038992343675,2.37654857073554e-12,4.91566684080256e-11
"Os11g0146100",57.2552970309652,-9.04397070609853,1.29018968845192,-7.00979924661333,2.38660318013847e-12,4.9328892957185e-11
"Os12g0581600",1953.46131659096,-0.960771481326435,0.137231512698907,-7.00109954653358,2.53961410082027e-12,5.23021247430114e-11
"Os03g0212800",1685.17798795005,-1.84286412546151,0.26333175381506,-6.99826017471394,2.59160504991751e-12,5.33343724187782e-11
"Os07g0282401",43.9596277862548,-9.25737748948298,1.32343524988484,-6.99496064525147,2.65333398420014e-12,5.45653928278161e-11
"Os03g0348900",1863.29244612602,-1.16602911412623,0.166906639139631,-6.98611583180196,2.82600784056905e-12,5.79494021560366e-11
"Os06g0585982",83.5103638486426,-6.43854513422401,0.92196314607188,-6.9835168158902,2.87880970768941e-12,5.89270490670033e-11
"Os03g0562000",2337.47735570155,-1.26069495797229,0.180641640892765,-6.97898309460483,2.97324248752475e-12,6.06201668313617e-11
"Os05g0239900",118.014092610332,-6.73942205614945,0.967768564692098,-6.96387783404976,3.310316984404e-12,6.71091534110992e-11
"Os04g0194000",82.6215252600446,-6.87861606947998,0.990016493988993,-6.94798128237695,3.7055015191215e-12,7.47490002556919e-11
"Os07g0104500",11144.551140842,-2.0129476866911,0.289744823270101,-6.94731199671729,3.72311719915756e-12,7.50513116756734e-11
"Os03g0599400",35.9916663532826,-9.24029578281736,1.33007445781762,-6.94720188671153,3.72602316240953e-12,7.50568843668437e-11
"Os06g0284200",2957.8963262451,-1.73975875898559,0.250671620236886,-6.94038981094674,3.91019469114405e-12,7.85451071527204e-11
"Os03g0381500",58.3372619439546,-4.60624338857112,0.664609842021698,-6.93074808305462,4.18620941976834e-12,8.37359226894656e-11
"Os06g0210500",3844.0547787544,-1.12022171361324,0.161642775928134,-6.93023060994256,4.20155137556759e-12,8.39839513054631e-11
"Os07g0642900",659.946711629625,-1.7535631566343,0.253157970694754,-6.92675467346302,4.3060435534898e-12,8.58321977589475e-11
"Os07g0462000",8214.388720696,-0.725678595465118,0.104787459474793,-6.92524276380308,4.35228509860229e-12,8.66329329529315e-11
"Os12g0222900",36.6059574106206,-9.37430571024538,1.35537955691481,-6.91636941284821,4.63365147986734e-12,9.19130978744498e-11
"Os01g0117050",34.0015630738449,-9.45912584604612,1.36798776997796,-6.91462749421984,4.69094361854634e-12,9.29203987840296e-11
"Os09g0407600",550.898479972307,-1.68946345080861,0.24448836416551,-6.91019982310854,4.83971494707458e-12,9.56681602834465e-11
"Os11g0695900",718.013710057544,-1.38956159725785,0.20109576980364,-6.90994941671165,4.84826548473871e-12,9.57708581289839e-11
"Os11g0550800",168.654503459084,-4.43930025768007,0.643175058601385,-6.90216481238179,5.12159640036873e-12,1.00960530146495e-10
"Os06g0196700",2913.2295687745,-0.801954492646741,0.11619209550591,-6.90197116382975,5.12858477659469e-12,1.0102851888414e-10
"Os01g0717700",323.386823708952,-2.47902854279818,0.359212855365873,-6.90128013451297,5.15359886896708e-12,1.01451259390204e-10
"Os03g0791700",228.873332852383,-1.63500019979019,0.237230514334052,-6.89203159374301,5.5001153701928e-12,1.08049066157456e-10
"Os02g0280200",951.501008248872,-3.20417878113284,0.465203488754925,-6.88769293134181,5.67044427649709e-12,1.1116563284913e-10
"Os08g0512700",3362.34899730101,-2.18309176701651,0.317091722331607,-6.88473275481308,5.78961200169044e-12,1.13268461258569e-10
"Os01g0144600",738.65620631145,-1.24232891301908,0.180601280944141,-6.8788488460573,6.03381396976028e-12,1.17562584268148e-10
"Os01g0835000",4255.49201726855,-1.58890782539069,0.231146450272327,-6.874030829886,6.24127102779386e-12,1.21521719111424e-10
"Os11g0124900",802.162674040904,-2.52232948998553,0.367074388717607,-6.87143959783579,6.35572027810583e-12,1.2341338749541e-10
"Os02g0588500",4808.5360636179,-1.44375547575681,0.21012164405771,-6.87104597068678,6.37328496081017e-12,1.23670323535938e-10
"Os11g0134300",1448.6550113288,-1.4897922348676,0.216874682631875,-6.86936906045591,6.44864766209554e-12,1.25047689447592e-10
"Os11g0294800",35.3872826352576,-9.40005280858232,1.36870677247925,-6.86783538855093,6.51833724342377e-12,1.26313250696733e-10
"Os10g0519600",3016.00459102427,-0.960759658475332,0.139903953214036,-6.86728027624414,6.54374285897336e-12,1.26719536069563e-10
"Os02g0236000",12890.6012433636,-0.79183413986416,0.115339893745224,-6.86522342055606,6.63872692262915e-12,1.28471743240357e-10
"Os05g0166300",94.7129972158986,-2.61626256352582,0.38110750102792,-6.86489391174211,6.65406843760963e-12,1.28681388538705e-10
"Os05g0489500",48.9641376897844,-5.31613581074836,0.7747260181852,-6.86195595082949,6.79240107842258e-12,1.31035032085143e-10
"Os04g0623600",570.01695995674,-1.94802300853483,0.283911157282879,-6.86138236756186,6.81973494340373e-12,1.31439915073947e-10
"Os11g0695700",33.0452309976351,-9.66123359917922,1.40810049532954,-6.86118187673685,6.82931464906053e-12,1.31535733699584e-10
"Os01g0832900",956.85892198137,-1.67312918998831,0.243863240762055,-6.86093231911418,6.84125725329753e-12,1.31676902925236e-10
"Os08g0561500",2380.2083144282,-2.46958358391896,0.360256228400229,-6.85507533037114,7.12749505314533e-12,1.37001494139381e-10
"Os10g0159700",603.80364057751,-3.22347692683139,0.470568942437059,-6.85016930810845,7.37626361955189e-12,1.4130742869563e-10
"Os04g0115200",998.684351740463,-1.22607955536879,0.179065577226037,-6.84709799818807,7.53630949608138e-12,1.44083334397955e-10
"Os05g0123400",354.408409105924,-2.02119208930604,0.295339805550376,-6.84361556187619,7.72189771663099e-12,1.47434012323421e-10
"Os10g0318700",36.7304492670991,-9.41105156375052,1.37567140363438,-6.84106069144671,7.8608941417833e-12,1.49987541699908e-10
"Os05g0149800",11027.3673364456,-0.571905224281743,0.083618813643546,-6.83943241194124,7.95075588627417e-12,1.51499583456482e-10
"Os10g0533500",115.113324086398,-2.5394171522235,0.371367220286393,-6.8380218110396,8.02941748490535e-12,1.5289639272124e-10
"Os02g0798000",440.62767304992,-1.91768637864476,0.280469757609517,-6.83740876374503,8.06384107578324e-12,1.53449519778104e-10
"Os01g0117600",99.8839650550488,-2.95138600812672,0.431793092911648,-6.83518577896895,8.18988239400824e-12,1.55744172587989e-10
"Os02g0530100",15984.8200140172,-1.33213952304196,0.195045477847418,-6.82989186800876,8.49786613916012e-12,1.61493402846995e-10
"Os05g0277500",584.465395238913,-2.91459001634076,0.426817404904331,-6.82865783553051,8.57127336704113e-12,1.62780057876794e-10
"Os09g0528000",79.8530293551408,-4.52297697063137,0.662520657213222,-6.82692218180258,8.67557232999116e-12,1.64651287624513e-10
"Os11g0648100",3086.08765803436,-1.48046441663242,0.216860880237002,-6.82679335717191,8.68336304811321e-12,1.64689644415511e-10
"Os05g0383100",1343.71719897037,-0.767308284282238,0.112699995848371,-6.80841448578745,9.86802158861384e-12,1.85677526846008e-10
"Os11g0227000",1352.3031901298,-2.18124474092946,0.320417245469402,-6.80751355231832,9.92999592619404e-12,1.86720555808487e-10
"Os06g0634500",2644.69106640175,-1.48182873240304,0.217708811445428,-6.8064710957943,1.00021814508605e-11,1.87954093043689e-10
"Os10g0415800",908.91841455654,-1.28005538068604,0.188084539082031,-6.80574483651611,1.00527752863423e-11,1.88656421941718e-10
"Os10g0195000",120.912289360124,-3.23536125554845,0.476193127376525,-6.79422080989055,1.08899485139124e-11,2.03298031642326e-10
"Os05g0320300",628.315141636836,-1.40745118298439,0.207251429951783,-6.79103243491168,1.11333888882953e-11,2.07571164224364e-10
"Os04g0271000",3607.59515361462,-0.919408610770773,0.135421954329724,-6.78921387098139,1.12746198961111e-11,2.09930039344159e-10
"Os01g0327000",852.592032862821,-2.56420310636146,0.377823014478288,-6.78678377997224,1.14660849941504e-11,2.1321689255572e-10
"Os09g0272300",747.797832810386,-1.68876527126587,0.249101279997152,-6.77943233083818,1.20648990502736e-11,2.23768991872e-10
"Os03g0847900",727.417496894494,-1.65615857065336,0.244893435059711,-6.76277242895281,1.35375793917082e-11,2.48979810668117e-10
"Os05g0177400",50.6260511148206,-3.73823210725844,0.553448468332953,-6.75443572645238,1.43392215789518e-11,2.6338400305637e-10
"Os03g0431500",837.753109771012,-1.69554163982104,0.251076386196875,-6.75309082428613,1.44728275838941e-11,2.65496394958017e-10
"Os05g0413200",13290.3745828185,-2.70279807014955,0.400532488341093,-6.74801208097719,1.49884470667796e-11,2.7477856973292e-10
"Os04g0566400",2669.30732405856,-1.39188880481031,0.206612372239248,-6.73671566579065,1.62006762915982e-11,2.96430835940628e-10
"Os03g0146800",146.874338244029,-2.44615940650394,0.363883289390442,-6.7223735681889,1.78787855915748e-11,3.25674573022278e-10
"Os01g0249900",163.355823517758,-5.29694516415705,0.788570533547503,-6.71714823064456,1.85315433686026e-11,3.37134718874055e-10
"Os10g0389800",5539.07230283065,-1.80737891073702,0.26912691750024,-6.71571215367337,1.87149913892079e-11,3.40255231983153e-10
"Os12g0298950",1432.06049408887,-2.31959405469123,0.345605329414778,-6.71168485341084,1.92389863100464e-11,3.48893027467576e-10
"Os09g0272500",737.173302232552,-1.61358742495369,0.240926974509915,-6.69741289133768,2.12141605033293e-11,3.82283457958984e-10
"Os01g0276600",756.526632215942,-1.56820776108462,0.234345124672845,-6.69187278068576,2.20332381804818e-11,3.96292848534135e-10
"Os02g0200800",2524.09875612041,-2.05120419794743,0.307195942746579,-6.67718518548134,2.43575093324632e-11,4.3535425572062e-10
"Os02g0695800",3744.13884934034,-0.982167540441064,0.147265050650778,-6.66938649802363,2.56874951543125e-11,4.5683729699981e-10
"Os03g0385400",2119.01614533109,-2.83823748293527,0.425820077313973,-6.66534443570289,2.64045363162513e-11,4.69005030871859e-10
"Os12g0191500",252.965959906328,-3.17778909272413,0.477274002759639,-6.65820697199068,2.77188259111639e-11,4.91432401744262e-10
"Os01g0616900",8033.44921748733,-1.01508220954386,0.152511683285522,-6.65576687422362,2.81826666087017e-11,4.99345770129598e-10
"Os04g0423100",123.048634431237,-2.29560046911686,0.345376331174111,-6.6466641223298,2.99810114915192e-11,5.28258019761681e-10
"Os03g0195450",1368.72334754932,-1.37821184918213,0.207401067574819,-6.64515310985539,3.02902037076562e-11,5.33118287038563e-10
"Os03g0305400",133.614634588841,-4.34952004839431,0.654542148076243,-6.64513364216182,3.02942075944699e-11,5.33118287038563e-10
"Os08g0500200",3192.55856506267,-0.684969711023745,0.103094060602475,-6.64412389056003,3.05025932001562e-11,5.36454726004472e-10
"Os06g0304700",274.83883361222,-3.01941024834057,0.455214218371825,-6.63294362627812,3.2905751111406e-11,5.76587943354189e-10
"Os02g0645100",1832.70953630202,-1.18363035059614,0.178456118395486,-6.63261288678842,3.29795934311431e-11,5.77527309753711e-10
"Os03g0411800",2715.44672380401,-1.18511905712246,0.178827275932578,-6.62717167133543,3.42179611083656e-11,5.98112358773538e-10
"Os06g0275500",3791.8761481362,-0.910963225137517,0.137465118575299,-6.62686821630696,3.42883483066588e-11,5.98975896000777e-10
"Os03g0292900",197.434705312688,-2.63554053816144,0.397959039950772,-6.62264271842513,3.52833120162311e-11,6.14101742799574e-10
"Os03g0790600",1553.16676130158,-1.42898960169547,0.215949980580602,-6.61722496039822,3.66004312060102e-11,6.36637847863715e-10
"Os04g0374400",38.1331873594186,-8.57564570747253,1.29663177660468,-6.61378647523853,3.74611982412401e-11,6.50025800971403e-10
"Os12g0604700",1593.75561684881,-1.89848666904829,0.287524094074203,-6.60287853496668,4.03249934947784e-11,6.96753398495736e-10
"Os04g0635100",714.214828488967,-3.10595791447792,0.470887184553275,-6.59597036480087,4.22483317565369e-11,7.28662466258966e-10
"Os07g0191301",185.383617496857,-11.9192810946455,1.80852549096096,-6.59060718481342,4.38031428137316e-11,7.54111525015171e-10
"Os12g0244000",30.3002986112339,-8.99955711748077,1.36719177976672,-6.58251260040221,4.62563588402964e-11,7.9442930609953e-10
"Os06g0290701",259.956588108631,-4.59504327843409,0.698284864316449,-6.58047097001332,4.68960392885909e-11,8.04931175859013e-10
"Os07g0499500",1751.16639572575,-2.26097257165077,0.343726017218399,-6.57783367679782,4.77351750145203e-11,8.18350051420101e-10
"Os10g0551800",914.831349856732,-1.99760859153084,0.303855818162902,-6.57419891976495,4.89158010409101e-11,8.37584058135415e-10
"Os12g0212100",32.1012086326039,-9.09062531428081,1.38299296981363,-6.57315366939708,4.92605712433391e-11,8.4298186185244e-10
"Os03g0115200",10417.6995422473,-0.908071750116805,0.138192486580987,-6.57106455338755,4.99567937930398e-11,8.53872288639837e-10
"Os09g0300800",1111.41075349983,-2.96640037631928,0.451582148578114,-6.56890531580914,5.06865000900366e-11,8.65308288618424e-10
"Os12g0211900",27.261187138157,-9.44176180186811,1.43743966132788,-6.56845783227243,5.0839024671495e-11,8.67393377300151e-10
"Os12g0258200",2388.03290579786,-0.96502122404632,0.14693372878973,-6.56773112610052,5.1087679349461e-11,8.70595056328964e-10
"Os03g0281100",357.033389291033,-2.06399726545618,0.314831033650409,-6.55588885734834,5.5311416299407e-11,9.37535075326765e-10
"Os03g0837100",6218.22992910818,-1.07763860312378,0.164407457876817,-6.55468198973801,5.5760575355246e-11,9.44027202218352e-10
"Os02g0155750",29.8729243937999,-9.16096671501704,1.39849455933314,-6.55059160143273,5.73095901897851e-11,9.69102454014944e-10
"Os02g0131600",206.096320666231,-1.84551343116287,0.281917107804618,-6.54629811413182,5.89807884976958e-11,9.95004507611246e-10
"Os02g0164300",2543.08994740437,-0.7675035003874,0.11731473708164,-6.54225990254991,6.05960727538626e-11,1.02044501515413e-09
"Os10g0407000",2193.59021998007,-0.916809535116282,0.140325123033839,-6.53346681830593,6.42644369249237e-11,1.07903769857943e-09
"Os02g0801200",2020.00265684505,-1.77518269092377,0.271822502034739,-6.53066864455874,6.54767141866126e-11,1.09745586009552e-09
"Os01g0119500",628.866203463828,-1.68480541997703,0.258007290177222,-6.53006904890075,6.57393772270534e-11,1.1012117274466e-09
"Os04g0221000",495.897475722627,-2.33894991529907,0.358398888956228,-6.52610816431614,6.75005829432932e-11,1.12907413748994e-09
"Os09g0268700",30.0168736846641,-8.95420148322346,1.37516036231334,-6.51138712881484,7.44599681769527e-11,1.23929173856731e-09
"Os03g0209800",264.770597330919,-2.30653548464897,0.354272926653536,-6.5106174113741,7.48425427945659e-11,1.24493329925879e-09
"Os04g0244201",64.3479379645489,-4.29507272811287,0.659907041777621,-6.5086026609794,7.58530631330434e-11,1.26100747470564e-09
"Os07g0106700",60.0910540703311,-4.70141639163084,0.723052051954258,-6.50218249007647,7.9162982752458e-11,1.31068919935392e-09
"Os01g0322700",1595.22535315617,-2.33634705794232,0.359349818557341,-6.50159520692649,7.94727133408072e-11,1.31505456788406e-09
"Os03g0332100",776.832048237505,-2.69760327451734,0.415194257350057,-6.49720757636335,8.18245290862757e-11,1.34927750331522e-09
"Os11g0485500",253.686639212242,-4.45569789856935,0.686090218051958,-6.49433235066458,8.34024469019385e-11,1.37371000829136e-09
"Os01g0968200",233.694691748409,-4.20356696195895,0.648035050783457,-6.48663518566928,8.77745244720972e-11,1.44239264624729e-09
"Os04g0487000",80.75789075978,-7.85787766247816,1.2173816513676,-6.45473640386372,1.08407427832179e-10,1.75617572079553e-09
"Os03g0327751",29.1599723057835,-9.14747268495588,1.41746385599107,-6.45340806842663,1.09362355068146e-10,1.76963665706642e-09
"Os07g0253000",99.5026055631662,-5.74938909739372,0.890924059325435,-6.4532875021322,1.09449434912847e-10,1.7700423060353e-09
"Os06g0163200",2695.49068567054,-1.04323138537218,0.161842593977367,-6.44596307890416,1.14868625401114e-10,1.85243505279628e-09
"Os09g0507500",418.82144801323,-3.22953077929673,0.501099903406529,-6.44488405873169,1.15688820814613e-10,1.86355626486023e-09
"Os04g0525100",170.346336277645,-2.24465970120669,0.348301694075163,-6.44458450644887,1.15917532825692e-10,1.86618728537877e-09
"Os06g0139000",1658.99774077637,-0.885601001463759,0.137459734670834,-6.44262120528932,1.17427517394613e-10,1.88943126071693e-09
"Os04g0598500",138.587256631566,-4.28463261633418,0.665912983709943,-6.43422297079054,1.24106564823158e-10,1.98710188174141e-09
"Os08g0244500",27.4377505553222,-9.10569617044463,1.41544555341642,-6.43309532356539,1.25031182428891e-10,2.00049891886225e-09
"Os03g0858600",639.253785858971,-1.56970577416825,0.244281253707495,-6.42581348484415,1.31166151509553e-10,2.09513521471108e-09
"Os01g0739700",501.800713640946,-2.85524459695769,0.444362631270318,-6.42548314379019,1.31451331964593e-10,2.09851611834303e-09
"Os12g0442700",31.9293191351293,-8.78616678834583,1.36790491799739,-6.42308297363882,1.33541652400402e-10,2.12950442799836e-09
"Os05g0237400",159.962554873195,-6.17454702380129,0.961827576838547,-6.41959866039249,1.36634081372498e-10,2.17638572471908e-09
"Os03g0183800",5183.7289541494,-0.851872067292159,0.132723600463183,-6.41839178804124,1.37721448461437e-10,2.19126032602188e-09
"Os02g0800800",336.563492939003,-2.17746265311623,0.339657370562898,-6.41076226170986,1.44793838058179e-10,2.29738483242505e-09
"Os07g0204400",1118.58792740784,-2.38780096831192,0.373233359901722,-6.3976086407192,1.57829181053832e-10,2.4889923447517e-09
"Os11g0618300",34.8889223249593,-9.6181037835979,1.50387200058624,-6.39556011405797,1.59959893590743e-10,2.51980971448906e-09
"Os01g0204300",70.6738384557465,-6.31334683557815,0.98761141051931,-6.39254140680538,1.63151025684026e-10,2.56724524648558e-09
"Os04g0616700",1454.24477454665,-1.45844231318774,0.228200548165326,-6.39105525781269,1.64744829341992e-10,2.59089609296849e-09
"Os01g0788400",1073.53879558327,-0.992828896502253,0.155372675957507,-6.38998389120739,1.65903231039802e-10,2.60624206208041e-09
"Os05g0490400",350.333276604372,-1.28451803097498,0.201124352592687,-6.38668572162596,1.69519523689738e-10,2.66012385057717e-09
"Os02g0812700",177.379970274749,-2.70739708916697,0.424062919729764,-6.38442307309555,1.72044840517999e-10,2.69382771681062e-09
"Os07g0588900",285.422504906446,-1.34949679270486,0.211442156971369,-6.38234499701777,1.74396516528153e-10,2.72915250426514e-09
"Os02g0730075",55.1409717742619,-3.45904414004633,0.542664146335457,-6.37418956716566,1.83932969751576e-10,2.87523695979681e-09
"Os07g0506600",1410.38771642169,-1.60476911461879,0.25187389341428,-6.37131976190671,1.87408445041282e-10,2.92476033639057e-09
"Os06g0223800",11461.6853136447,-1.13218113856559,0.177736926045529,-6.3699826690801,1.89049561377512e-10,2.94875993440421e-09
"Os10g0420200",417.674929685467,-2.46730760590394,0.387460752694269,-6.36789039598755,1.91645781276203e-10,2.98599191088862e-09
"Os11g0102500",1114.89746753793,-1.36360194978743,0.214327518085429,-6.36223459296491,1.98839433286361e-10,3.0903587750834e-09
"Os01g0748100",96.9796596247179,-3.5278222831176,0.554682184471774,-6.36007858532027,2.01650555451948e-10,3.12991487483437e-09
"Os05g0440800",3535.95301237776,-1.33252153850924,0.20951958004425,-6.35989027005404,2.01897926910751e-10,3.13205131833722e-09
"Os09g0532500",150.879836267652,-2.14810552174629,0.337847113292507,-6.35821777730114,2.04107966043926e-10,3.16118165098091e-09
"Os08g0128000",342.94220014095,-2.51158248854463,0.395222942412774,-6.35484993156472,2.08630195336477e-10,3.22596982431441e-09
"Os01g0668100",5730.78501655424,-2.84720449242554,0.448072433705166,-6.35433978582806,2.09323682996139e-10,3.23494055627601e-09
"Os09g0238700",30.9270484311173,-8.03178692523502,1.26477044781571,-6.35039104456158,2.14768279928877e-10,3.31370042285938e-09
"Os10g0509900",62.1194392454573,-3.29406299155124,0.518855373255931,-6.34871133911609,2.17126005434286e-10,3.34826834095963e-09
"Os01g0212400",5142.29040512572,-1.28663051895319,0.202844562630431,-6.34293817033363,2.25423919962784e-10,3.46686442425524e-09
"Os06g0638700",279.713489682246,-1.39218852459784,0.219715230324225,-6.33633145296045,2.35300318278339e-10,3.61097434674027e-09
"Os08g0154300",4902.95622301635,-0.914495143551411,0.144426747738098,-6.33189598099754,2.42166734340243e-10,3.70638459249754e-09
"Os09g0424600",2881.44779338571,-0.858199746741452,0.135547025341373,-6.33138015814135,2.42977855955664e-10,3.7148151689333e-09
"Os01g0323100",530.980790203152,-2.04787401844151,0.323573560668885,-6.32892877343928,2.46869024603606e-10,3.7722855665339e-09
"Os09g0492700",5436.28036752309,-1.47075094483761,0.232407598518917,-6.32832555480279,2.47835826777537e-10,3.78503255191975e-09
"Os01g0198000",184.02050958226,-2.79827230522747,0.443117864758988,-6.31496161128474,2.70228546871872e-10,4.10724368578845e-09
"Os08g0409900",31.9940674008649,-8.78335522495203,1.39093081932957,-6.31473190678571,2.70630213905471e-10,4.11115956664065e-09
"Os11g0251200",25.9823653388551,-9.02989289529527,1.4307904458727,-6.31112188464996,2.77019908612662e-10,4.20375134047837e-09
"Os10g0404900",1104.80541146733,-1.73373907996545,0.274756149683649,-6.3101010913192,2.78853263561973e-10,4.22932388688255e-09
"Os07g0101500",3659.34619209365,-1.57051305871305,0.249060465323863,-6.3057501184335,2.86801434526562e-10,4.3383466598443e-09
"Os02g0696700",2025.7127164293,-0.831636847996927,0.131940633885631,-6.30311393469437,2.91724278627396e-10,4.41047553450232e-09
"Os06g0291100",99.2412142188704,-4.75233485331918,0.754182631602195,-6.30130508736757,2.95149777812727e-10,4.4575424644902e-09
"Os01g0683400",475.170015867443,-1.76795474887719,0.280777410054413,-6.29664170110612,3.04163232891637e-10,4.58952354301927e-09
"Os06g0203200",574.732025815263,-1.70290201241001,0.270511840847004,-6.29511080578961,3.07180350968081e-10,4.62943819325918e-09
"Os08g0441100",375.295589156726,-1.61235290902146,0.256330032792994,-6.29014435590371,3.17170889438454e-10,4.77496090091309e-09
"Os04g0420700",77.8422861081645,-5.68853036395305,0.906024192730797,-6.27856343085891,3.41715615473128e-10,5.12824948899315e-09
"Os09g0280300",2370.33285584027,-1.30021131430852,0.207108742756632,-6.27791611789351,3.43140944152146e-10,5.14693384649441e-09
"Os11g0121400",1813.26612866133,-1.57832810747058,0.251600188052887,-6.27315949040075,3.53794164321346e-10,5.29559550413661e-09
"Os02g0658100",12894.9887934794,-1.93618919460157,0.30869154580383,-6.27224561514875,3.55877595122007e-10,5.32093507297676e-09
"Os05g0380700",73.0856350156645,-3.4728528161067,0.554918302310384,-6.2583137042833,3.89162406681757e-10,5.79158067587282e-09
"Os02g0518400",540.801124593527,-1.90186937628273,0.304058840346405,-6.25493859713465,3.97672341356206e-10,5.91514294511284e-09
"Os06g0176300",557.597368424632,-3.20866383499396,0.513047992150538,-6.25412024622539,3.99762923060598e-10,5.94004834765315e-09
"Os12g0191901",28.9356170889362,-9.47990009129228,1.51600207545247,-6.25322368932963,4.02065607745949e-10,5.97115541493256e-09
"Os01g0978000",2870.16697155432,-1.28525677844865,0.20571153623514,-6.24785951226152,4.16115685783314e-10,6.17534773449242e-09
"Os02g0670700",220.076268966794,-2.95807659765715,0.473842591479044,-6.24274105125049,4.29968410928196e-10,6.36897681449633e-09
"Os08g0526200",383.204772639429,-9.86722305093556,1.58113884075958,-6.2405797622398,4.35952022716062e-10,6.45426065166352e-09
"Os03g0173900",772.44453210077,-1.50848779017135,0.241949540901683,-6.23472061385034,4.52585095346428e-10,6.69010303550929e-09
"Os05g0486300",107.418695003859,-2.02034213139721,0.324106342102201,-6.2335779000589,4.55900481215265e-10,6.72865736081103e-09
"Os07g0671100",593.829931486165,-1.47738691759771,0.237144771348847,-6.2298945458276,4.66749249036362e-10,6.88521476201237e-09
"Os01g0214200",3755.05892428211,-1.14578842025059,0.184010547430662,-6.22675404344601,4.76197796635557e-10,7.01010309807393e-09
"Os06g0695200",406.933719245685,-2.62974367644494,0.422350191898448,-6.22645313507339,4.77112851757858e-10,7.01995321679191e-09
"Os03g0135200",1493.11653494243,-2.61654390407302,0.420443176254767,-6.22329972716106,4.86806109624463e-10,7.15888387074738e-09
"Os01g0618500",2050.17007463364,-0.921905667922232,0.14823896902985,-6.21905072570082,5.00171602835001e-10,7.35164687503721e-09
"Os11g0571900",4923.51975089746,-1.04982474411809,0.168813798840191,-6.21883253223815,5.00867525944527e-10,7.35808680419998e-09
"Os04g0371500",26.9901534103168,-8.80319843980263,1.41602888719666,-6.21682122405744,5.07327211465246e-10,7.44915016669958e-09
"Os10g0573700",728.241803322971,-1.43995938433791,0.231802133618705,-6.21201954381713,5.23079193110806e-10,7.65680640418197e-09
"Os02g0632700",25.1809532062636,-8.92177696635495,1.43759188480406,-6.20605685150412,5.43305307336764e-10,7.94879891984654e-09
"Os08g0209000",27.2381881401429,-8.83896291993202,1.42473217111489,-6.20394702887582,5.50643266659646e-10,8.04790650462516e-09
"Os10g0510000",6543.29805566421,-1.77753030342314,0.286527471336861,-6.20369940491099,5.51510817964798e-10,8.05646099692282e-09
"Os03g0712700",22362.9547031032,-0.686088157506962,0.110669070785454,-6.19945710791257,5.66582551022098e-10,8.25972029436913e-09
"Os01g0127000",1157.6086995772,-7.31447302677076,1.18136565085105,-6.19154029195063,5.95791032844145e-10,8.67223826695731e-09
"Os06g0135900",800.784286553722,-1.66661162233957,0.269396143282574,-6.18647172165133,6.1525715296219e-10,8.93735377819479e-09
"Os02g0816400",1705.68501840597,-2.2064254355908,0.356860942470897,-6.18287173797604,6.29458569376846e-10,9.13434946837453e-09
"Os06g0237900",383.474910090343,-1.55136690338674,0.251158383603696,-6.176846980488,6.53943971507145e-10,9.47040929614407e-09
"Os12g0541300",814.839108355711,-2.29646486710052,0.371858268202651,-6.17564557109436,6.58936602635362e-10,9.53787342070171e-09
"Os04g0666900",2159.06039664556,-1.58956790296414,0.257454813666651,-6.1741626824748,6.65150258036856e-10,9.6180592529909e-09
"Os01g0262600",1429.79961231292,-0.644175669912205,0.104347600783488,-6.17336349926065,6.68522693139314e-10,9.66193000150307e-09
"Os12g0125500",829.455651207881,-1.63868811439567,0.265577300664849,-6.17028680649048,6.8166230533181e-10,9.83689021405015e-09
"Os10g0406200",2497.75274536766,-0.857034474292637,0.138947969428091,-6.16802446138784,6.91484491294975e-10,9.97358934791499e-09
"Os01g0174900",750.146879764631,-1.01680381350771,0.164986246881601,-6.16296105115598,7.13970735979877e-10,1.02771460856327e-08
"Os09g0543100",4697.74040669188,-0.795776478816879,0.129121129045847,-6.16302292814002,7.13691686910098e-10,1.02771460856327e-08
"Os06g0637800",30.5268605002168,-9.33979524679878,1.51586623910572,-6.16135844037845,7.21235284205705e-10,1.0366032201595e-08
"Os06g0116200",1033.02811955184,-1.79828523940566,0.29205819008385,-6.15728406345794,7.4003043167425e-10,1.06201250084011e-08
"Os01g0141700",1347.54219929099,-0.817598034367958,0.133214045913124,-6.13747618551544,8.3842783203209e-10,1.19633977831892e-08
"Os09g0241100",1380.77231217257,-2.19759748426757,0.358154920005998,-6.13588523153825,8.46862810077935e-10,1.20683235401221e-08
"Os04g0511700",779.400580010033,-1.33093581756835,0.217021484303568,-6.13273760355748,8.63795574513715e-10,1.22973470717803e-08
"Os04g0377932",817.806309154024,-1.24889031435457,0.203880394774968,-6.12560278654076,9.03409274123538e-10,1.2797476089619e-08
"Os02g0775400",5298.41648687678,-1.15309569661375,0.188513420210478,-6.11678306683045,9.54832058503337e-10,1.34924387514452e-08
"Os10g0349300",74.9845601678463,-6.14091051964314,1.00397201373748,-6.11661523988347,9.55837722838112e-10,1.34999663338402e-08
"Os03g0747800",19092.3692354035,-0.735577536358599,0.120285205152627,-6.11527856169215,9.63884418435937e-10,1.35955938294198e-08
"Os08g0501700",38.3694174311268,-8.66346973844137,1.41697356905027,-6.11406587086028,9.71241845415012e-10,1.36904332027289e-08
"Os06g0153200",1070.75981507393,-1.22857971272351,0.201040448680774,-6.11110709703166,9.89423369567535e-10,1.39260851385285e-08
"Os10g0422200",987.129600654426,-2.30162504686457,0.37678597411988,-6.10857411091496,1.0052517883835e-09,1.41279699889802e-08
"Os02g0582900",433.593632789376,-4.6786932612838,0.766000907247802,-6.10794741496336,1.00920590225282e-09,1.4169588427892e-08
"Os04g0669100",2289.91932819597,-1.00070484779009,0.163891423786065,-6.10590124042339,1.02222204602457e-09,1.43452832260204e-08
"Os12g0408000",40.4358167273045,-9.61713453414467,1.5753264742769,-6.10485171878998,1.02896163973969e-09,1.44327670981473e-08
"Os08g0200500",489.100914149313,-1.82342280751405,0.298699548423203,-6.10453821286194,1.03098323576315e-09,1.4446973345936e-08
"Os10g0543800",1057.67310740248,-2.67626308475967,0.438741078908025,-6.09986895100084,1.06155461108179e-09,1.48461611066726e-08
"Os11g0129000",112.271072817048,-5.89199746862756,0.966276619222752,-6.09763017278317,1.0765244765605e-09,1.50481462580524e-08
"Os06g0492800",155.924559780772,-2.07032967889882,0.339598775667916,-6.09639912519395,1.08484352983247e-09,1.51570111187165e-08
"Os07g0208500",22999.7593085207,-1.1821022397345,0.194083126899959,-6.09070071477064,1.12417540717781e-09,1.5675848960666e-08
"Os05g0424000",1101.43443218317,-2.41781513824328,0.397101835615722,-6.08865263615407,1.13864865371141e-09,1.58621704107069e-08
"Os09g0520500",159.818783967741,-3.14776656197248,0.51700056623651,-6.08851666234441,1.13961595042504e-09,1.58679013116744e-08
"Os02g0833900",899.139898660903,-2.63075197692707,0.432090416972107,-6.08842935088029,1.14023749304996e-09,1.58688147253135e-08
"Os09g0462550",485.193428506206,-1.81509311761029,0.298374922954331,-6.08326296204224,1.17760968150099e-09,1.63570271283524e-08
"Os05g0480600",2965.72954603406,-1.7148326268473,0.282660197500642,-6.06676370430049,1.3051335575991e-09,1.80230925341601e-08
"Os02g0684100",420.609734710022,-1.80090709659106,0.297119393896582,-6.06122364808641,1.35089835710105e-09,1.86370433567387e-08
"Os01g0771300",90.5660730059209,-2.4440452949294,0.403348101169126,-6.05939457219511,1.36634848175017e-09,1.88410874700854e-08
"Os04g0420500",158.51295534883,-3.07690629511125,0.50852860733804,-6.05060610300318,1.44301884623958e-09,1.98503758781024e-08
"Os11g0550500",1212.33600787278,-11.8225339722659,1.9555293227883,-6.04569506296567,1.48767237080951e-09,2.04252622185602e-08
"Os01g0625200",4629.19992159312,-1.83269455783643,0.303850836548916,-6.03156002021204,1.62384391321669e-09,2.21457241561668e-08
"Os03g0226400",2477.05487089264,-1.52836320616381,0.253429121432826,-6.03073237015078,1.63218295599399e-09,2.22488205806554e-08
"Os01g0520600",193.143684958811,-3.4193002884297,0.567150061539795,-6.02891636676615,1.65062672388459e-09,2.24680444475736e-08
"Os03g0244200",4868.76812810141,-1.59248106921994,0.264149140565439,-6.02871947949961,1.65263851977541e-09,2.24847063434077e-08
"Os01g0576000",63.1123767359705,-8.4252524749253,1.3981344205217,-6.02606755921332,1.67996981886123e-09,2.2823921232544e-08
"Os03g0736300",17102.3027507235,-1.83936827963325,0.305248859868733,-6.02579901665888,1.68276191524866e-09,2.28509781678677e-08
"Os01g0187600",292.354040248656,-2.9598622481603,0.491556559407321,-6.02140728572327,1.72907056752821e-09,2.34241054957404e-08
"Os02g0186100",30.9689266438839,-8.17281545247599,1.35964890518525,-6.01097490779244,1.84410950454244e-09,2.49352258160395e-08
"Os08g0492000",407.14451259681,-1.99110013450131,0.33145999534653,-6.00706016549504,1.88917426279626e-09,2.55083207934042e-08
"Os11g0251400",9383.08032177424,-11.5408531802816,1.92210490399094,-6.0042785158702,1.92184558895408e-09,2.59371917215628e-08
"Os08g0115800",494.622487572916,-2.42023939089165,0.403198351195863,-6.00260240081182,1.94179717353879e-09,2.61940730252794e-08
"Os12g0298600",2311.5751606778,-0.821247197939701,0.13688729069247,-5.9994408084583,1.97998186647167e-09,2.66839482514483e-08
"Os04g0484800",2775.934166527,-0.560969501728182,0.0935240847667912,-5.99812875075975,1.99604238901349e-09,2.68750160150949e-08
"Os05g0148500",185.14603229535,-2.22523657379504,0.37117381511578,-5.99513350127062,2.03318343251089e-09,2.73492874163953e-08
"Os11g0112400",796.101653099252,-3.64883465306726,0.60867763161717,-5.99469154694058,2.03872035010444e-09,2.73979442906691e-08
"Os02g0606600",259.819602068967,-3.12403901144062,0.521154913331635,-5.99445372484218,2.0417059229981e-09,2.74251547604978e-08
"Os01g0968300",1870.97429044986,-2.33283924785917,0.389270162040164,-5.99285400050382,2.06189953307099e-09,2.76703621400933e-08
"Os06g0679500",857.019858608749,-1.40457984308509,0.234387005633309,-5.99256703369686,2.06554249186929e-09,2.77062241014648e-08
"Os07g0598300",837.929735878801,-1.52265657873459,0.254128854307639,-5.99167136247865,2.0769531464549e-09,2.78200612916043e-08
"Os11g0116500",210.40573100119,-1.9342896134174,0.322825805965517,-5.99174408511817,2.0760243900293e-09,2.78200612916043e-08
"Os06g0702500",3424.20206434159,-1.17183952996858,0.195801519827598,-5.9848336774933,2.16611091601397e-09,2.89870932895934e-08
"Os06g0187500",181.533943810228,-3.23042281754187,0.539994598980828,-5.98232431146327,2.19975727903409e-09,2.93960073842458e-08
"Os01g0944100",27.0195074377288,-9.03931099374856,1.51106000843651,-5.98209928347021,2.20279927872401e-09,2.94228837678512e-08
"Os05g0525000",70.6661155936841,-6.33413761399725,1.05886810493786,-5.98198924347519,2.20428832573981e-09,2.94290018568369e-08
"Os03g0831700",1542.34704418279,-1.0613972853044,0.177719260580571,-5.97232557595073,2.33895161253105e-09,3.11831082802832e-08
"Os12g0617000",404.172158750549,-2.81623685974545,0.471640479127202,-5.97115172335729,2.35584523832369e-09,3.1393672494263e-08
"Os06g0714800",1504.75087849169,-1.42609809021903,0.238967063029168,-5.96776004249991,2.40532753399872e-09,3.19933220552001e-08
"Os01g0211600",1351.71557035468,-1.34571491270143,0.225569943350916,-5.96584320016394,2.43373915362132e-09,3.22959788010075e-08
"Os01g0829800",4968.72586786884,-0.623476418699616,0.104509487696368,-5.96573988106236,2.43527980783504e-09,3.23014065217673e-08
"Os04g0412900",2317.12646900448,-1.89116303174215,0.317025987989931,-5.96532493671216,2.44147687045026e-09,3.2368562837962e-08
"Os07g0671450",407.156477299529,-1.11441915456561,0.186898324164196,-5.96270276659388,2.4809948616296e-09,3.28467149027622e-08
"Os03g0308200",3124.36852828582,-1.42308116498045,0.238678248193629,-5.96234125124787,2.48649179040424e-09,3.29042288666197e-08
"Os01g0530100",29.8415785009748,-8.45528534768603,1.41815705653575,-5.96216428125418,2.48918698502463e-09,3.29246308158216e-08
"Os01g0738800",1008.21680177441,-1.43779448753196,0.24121300555187,-5.9606839367655,2.51184386953311e-09,3.32089260824238e-08
"Os10g0116900",2614.84958493443,-0.808362886015114,0.135626902641193,-5.96019573014709,2.51935988965462e-09,3.32863489470118e-08
"Os11g0558400",340.732432230366,-2.37109871790655,0.397825201006765,-5.96015212687904,2.52003223355145e-09,3.32863489470118e-08
"Os08g0500900",302.211461474708,-1.54362944669992,0.259068580655026,-5.95838153278572,2.54748216180367e-09,3.36178136044956e-08
"Os09g0544800",1245.71121784283,-1.49273541016292,0.250600349003176,-5.95663739536136,2.57480654523833e-09,3.3962697794493e-08
"Os03g0861200",35.3983549144335,-5.51155636954811,0.926039517707071,-5.95175072354909,2.65289223227794e-09,3.48959243678071e-08
"Os06g0278000",50.3500763051564,-8.86819213347505,1.49055263272561,-5.94960012734253,2.68798367189415e-09,3.52600211077879e-08
"Os01g0215000",28.054367877614,-8.7403685306281,1.47007355101896,-5.94553144947735,2.75561334835494e-09,3.60973967028193e-08
"Os02g0139400",4956.82925269708,-1.67631574659492,0.281952016975852,-5.94539370412977,2.7579317158672e-09,3.61111939897768e-08
"Os08g0539300",1700.12316393507,-0.980179239609934,0.164879696499747,-5.94481467650833,2.76769801846598e-09,3.62224540298455e-08
"Os10g0376200",1101.79902843561,-1.37400653978765,0.231222599938628,-5.94235399200747,2.80957872845743e-09,3.6753719168235e-08
"Os01g0140400",1371.49021605283,-1.91378763751363,0.322075780441714,-5.9420414502728,2.81494214119689e-09,3.68070125874137e-08
"Os01g0164300",703.506805720663,-2.47875098920322,0.417311000105414,-5.93981703951508,2.85340347657763e-09,3.72757660574059e-08
"Os07g0573400",3591.13210275959,-2.09549263720382,0.352794584278303,-5.93969615914169,2.85550816282187e-09,3.72861962486676e-08
"Os01g0716200",2452.43754828043,-1.0277734110511,0.173054739824746,-5.93900757697785,2.86752614718357e-09,3.74260019868349e-08
"Os06g0703500",4898.0143490422,-1.66532011249506,0.280407920801757,-5.93891965581247,2.86906419715683e-09,3.74289618115377e-08
"Os01g0311300",24.9951274031177,-9.0966116758813,1.53184924452292,-5.93832043747513,2.87956804575921e-09,3.75488306524216e-08
"Os08g0326400",22389.0156312982,-1.32927912445662,0.223855177500685,-5.93812097311242,2.88307280657408e-09,3.757736538395e-08
"Os06g0161300",1597.11807178197,-1.88360134606343,0.317379131414789,-5.93486199822542,2.9409276255843e-09,3.82964590076087e-08
"Os10g0539600",2788.60255655148,-1.27677330924766,0.215194013089416,-5.93312653506371,2.97219606080114e-09,3.86683520325925e-08
"Os05g0237200",366.280221524223,-2.47613129224035,0.417590307501747,-5.9295707964438,3.03727537890294e-09,3.94251880015487e-08
"Os02g0169400",214.674863003649,-5.37616442782831,0.906948499506184,-5.92775050706355,3.07112629714183e-09,3.98283639371269e-08
"Os03g0645000",565.080209194681,-2.67193614289563,0.450872416812992,-5.92614682836955,3.10125318509522e-09,4.0182556021497e-08
"Os10g0333000",222.87259394928,-11.4668541235093,1.93618102713042,-5.92240806145287,3.1726118355954e-09,4.10884901248798e-08
"Os07g0531400",384.892706665758,-3.49639962852253,0.590898764808446,-5.91708738747487,3.27692609444534e-09,4.23051010582758e-08
"Os08g0124500",23.2268009775309,-8.67027452054736,1.4660147266114,-5.91417968944156,3.33533615200723e-09,4.30202598838203e-08
"Os05g0461300",6942.74108087522,-0.784434206427759,0.132698659002699,-5.91139512880688,3.39222208476215e-09,4.37144863148763e-08
"Os02g0153000",1274.44383072212,-1.39632612041246,0.236258768322681,-5.91015575982927,3.41784394341585e-09,4.40049334780613e-08
"Os03g0576700",27806.0415629918,-1.32634079485464,0.224589313427446,-5.90562736317869,3.51307251680518e-09,4.51151863784518e-08
"Os02g0715300",2001.23165545086,-1.87127269128322,0.31699749684296,-5.90311504008577,3.56701355724458e-09,4.57603752710064e-08
"Os06g0517500",541.987223754055,-1.48849907548419,0.252217528391066,-5.90164801383769,3.5988834277474e-09,4.6148485427503e-08
"Os04g0582000",317.335618597675,-1.25980347271922,0.213545107764587,-5.89947241548624,3.64665732753994e-09,4.66772137925112e-08
"Os01g0783200",1191.40474996652,-1.04069631601184,0.176432076877381,-5.89856637427173,3.66673463602878e-09,4.6913166046977e-08
"Os09g0327550",1787.7120493824,-0.941499826454687,0.159701204292659,-5.89538338564656,3.73812428947017e-09,4.77623185848866e-08
"Os05g0519700",691.775709457624,-1.39762390557745,0.237198301419975,-5.89221717529445,3.81047918414085e-09,4.85780785315392e-08
"Os09g0272000",1416.42380743781,-1.32244276168588,0.224507982957465,-5.89040418191468,3.85252196219599e-09,4.9070230651014e-08
"Os08g0566700",70.7219435477666,-3.42518906745773,0.581530192299176,-5.88995913336104,3.86291132929615e-09,4.91806159604947e-08
"Os03g0349600",3843.40389180522,-0.856685271489784,0.14549078970359,-5.88824401348787,3.90320534308065e-09,4.96493285708084e-08
"Os06g0708200",435.361270854991,-1.61913409516555,0.275169219553842,-5.88413957706025,4.0013006593663e-09,5.07839599915304e-08
"Os05g0466900",1291.86435052298,-1.09981211085889,0.187002481398742,-5.88127014482649,4.0713004292915e-09,5.16035521552826e-08
"Os10g0540250",24.6733782125294,-8.45098559199749,1.43708204569272,-5.88065630443794,4.0864290815852e-09,5.17723176674514e-08
"Os07g0273301",32.0237095844127,-7.87219239701166,1.33958639686011,-5.87658430651692,4.18818155060939e-09,5.29908928105472e-08
"Os08g0346500",1067.02392266289,-0.79157110905658,0.134736376124374,-5.87496214330336,4.22939988802535e-09,5.34413414802106e-08
"Os12g0516800",54.044112263881,-7.30970300595696,1.2453285053769,-5.86969861718909,4.36588045740736e-09,5.50683569492866e-08
"Os03g0850800",919.608146804091,-1.72930219654636,0.294755274850577,-5.86690839518653,4.43995807826543e-09,5.59532730181053e-08
"Os05g0538900",613.866787598488,-1.76748705925281,0.301428127600087,-5.86370977826522,4.52638350178854e-09,5.69669711971129e-08
"Os01g0140100",569.495987741219,-2.40026312948004,0.409359808081586,-5.86345577190046,4.53331639446483e-09,5.7029080283651e-08
"Os02g0802200",1904.04615457164,-1.62612257159071,0.277370795731329,-5.86263080546458,4.55590452455369e-09,5.72879906382645e-08
"Os07g0510200",1129.33327390017,-1.14449630365266,0.195440543382489,-5.85598199761863,4.74199587635056e-09,5.94707953842488e-08
"Os09g0531900",7295.23636468598,-0.667894334733864,0.114152426661024,-5.85089913784467,4.88922662893141e-09,6.11828517738791e-08
"Os02g0826600",3296.53083833956,-0.87469514848919,0.149554884764654,-5.84865649734978,4.95559264718691e-09,6.1904786223765e-08
"Os06g0206000",887.741654123595,-1.49619366952124,0.255845958261418,-5.84802542783364,4.97442525402162e-09,6.20973251651748e-08
"Os04g0380200",238.332220208656,-2.44882392405009,0.419513894370766,-5.83728919806843,5.30569578950264e-09,6.59607058430154e-08
"Os12g0151900",1062.5213270495,-0.948286675112157,0.162530682315284,-5.83450867001611,5.39493029572325e-09,6.70117016366946e-08
"Os12g0509600",122.858670817281,-2.28098300943664,0.391086050097579,-5.83243255254827,5.46250882222434e-09,6.77921094876398e-08
"Os08g0509400",1421.96666552514,-2.23901588043473,0.384013581472019,-5.83056430413745,5.52402459671943e-09,6.84959852687921e-08
"Os11g0525200",5726.97735158171,-1.22704435470382,0.210465868814301,-5.83013465136467,5.5382667957455e-09,6.86129719695138e-08
"Os01g0200400",1725.34992064624,-1.0180212053003,0.174728718970074,-5.8262958218944,5.66711252608743e-09,7.00571935663229e-08
"Os06g0678800",3478.93250216264,-2.48044292353659,0.426252923252874,-5.81918102662506,5.91366601466482e-09,7.29156296857851e-08
"Os08g0194900",58.3527402747089,-3.89813975118622,0.669932839733302,-5.81870229370762,5.93062539944863e-09,7.30931655448452e-08
"Os09g0533300",4313.6256600432,-0.739980543838096,0.12718682747367,-5.81805960991741,5.95346724422789e-09,7.33306945447941e-08
"Os11g0708500",254.575412971221,-1.46345486687726,0.251599793571488,-5.81659804288132,6.00573236505044e-09,7.39230809090125e-08
"Os07g0207100",760.788686271896,-1.91974917443914,0.33012814326849,-5.81516363746614,6.05746002997498e-09,7.4527646161899e-08
"Os07g0642800",1065.64081596643,-1.14111695210247,0.19623667836066,-5.81500340117477,6.06326532605953e-09,7.45669304037239e-08
"Os09g0459900",217.843347139767,-2.67373215982638,0.460094867076932,-5.81126274416644,6.20033602033425e-09,7.61214586513638e-08
"Os07g0592100",144.716077345938,-1.80775546074297,0.311171031144281,-5.80952363751613,6.26508485213608e-09,7.68833112723011e-08
"Os03g0755700",166.216795074323,-1.72375658127161,0.296834454628181,-5.80713106041147,6.35523891961834e-09,7.79494542031377e-08
"Os12g0290100",2324.05059351373,-0.825613589333467,0.142228785142046,-5.80482768315086,6.44322335274187e-09,7.89124880342035e-08
"Os02g0208500",593.109028290037,-2.13554332587751,0.368009468486006,-5.80295755612797,6.51552889859784e-09,7.97509677879832e-08
"Os01g0967400",1076.21611366891,-1.70403042823945,0.293684957868913,-5.80223938128984,6.54350521919593e-09,8.00590711430469e-08
"Os02g0741700",682.291465378523,-2.08957947265017,0.360297717468937,-5.79959120287883,6.6476775884086e-09,8.12291562857598e-08
"Os07g0194300",94.7089541704023,-2.59944909923448,0.448752807183693,-5.79260799625576,6.93017337642885e-09,8.44640772232217e-08
"Os06g0288300",196.250519505023,-4.10639273211323,0.708956729169526,-5.7921627134049,6.94857732292259e-09,8.4652236920829e-08
"Os02g0662000",49955.9713452244,-2.10066699035331,0.36268796409936,-5.79194017526819,6.95779283162603e-09,8.47283441066269e-08
"Os02g0208900",5106.27246558406,-0.678611505783385,0.117232835064873,-5.78857881759717,7.09844391541315e-09,8.63306276615053e-08
"Os04g0116900",149.010596246376,-2.16748176586797,0.374532178484733,-5.78717101061136,7.15816960993723e-09,8.70199290230189e-08
"Os06g0256900",854.527451028516,-2.53956019058874,0.438866598150433,-5.78663357223245,7.18109888865716e-09,8.71502069208461e-08
"Os06g0634000",1118.52034183033,-1.76875961473092,0.305862170078107,-5.78286492337133,7.34390309819161e-09,8.90502846366956e-08
"Os04g0677700",6739.29558875383,-0.852206225858215,0.147425445515268,-5.7805911515455,7.4438592862167e-09,9.01092109693679e-08
"Os04g0633600",101.317870613364,-3.27617591572849,0.566791474664189,-5.78021382144033,7.46057440054235e-09,9.02732665066049e-08
"Os08g0336500",22.368119510476,-8.7077844893311,1.50673300457097,-5.77924852174495,7.5035019103125e-09,9.07542197152373e-08
"Os11g0141100",137.139485575012,-2.61376483980757,0.452310935899065,-5.77869034851468,7.528433735878e-09,9.09786674669356e-08
"Os04g0526200",29.5578471852463,-8.92900258100963,1.54536686924866,-5.77791769623664,7.56307863268499e-09,9.13586612320611e-08
"Os11g0672700",197.51337953459,-2.32134502320532,0.401818265306821,-5.77710179857748,7.59983088797286e-09,9.17637787082476e-08
"Os11g0682600",35.449634596132,-5.28672483286683,0.915398870632487,-5.77532374407892,7.68052628584434e-09,9.26989185214126e-08
"Os04g0140400",22.6059391427388,-8.92491638441105,1.54653803840829,-5.77090001200141,7.88492532711370e-09,9.49910256248857e-08
"Os01g0829100",172.085430018619,-2.35741281235263,0.408556734675693,-5.77009901507049,7.9224967926286e-09,9.52969862826762e-08
"Os06g0228200",2311.27333206187,-1.5506676877696,0.268748971886378,-5.76994835323572,7.92958314262958e-09,9.53420476930155e-08
"Os01g0748300",248.503937644643,-2.01884219446583,0.34990454926524,-5.76969404571952,7.94155843051791e-09,9.54458289855592e-08
"Os01g0683100",3024.61059989711,-0.902935325439049,0.156523851090044,-5.76867563090827,7.98969183143743e-09,9.59839072544403e-08
"Os08g0382800",743.70448388603,-1.06924309016502,0.185383600547568,-5.76773289010888,8.03450139467173e-09,9.6441046177254e-08
"Os03g0328100",318.831755255886,-1.50314089637374,0.260648821861853,-5.76691997161768,8.07333647076517e-09,9.68664633129555e-08
"Os06g0185300",52.066982912088,-3.23495459316742,0.561657487779081,-5.75965719954905,8.4284932098007e-09,1.0091565024352e-07
"Os09g0507600",547.357770139624,-2.22783489533433,0.386923661937621,-5.75781507953757,8.52096236743845e-09,1.0198002088728e-07
"Os06g0589600",1990.35506133375,-1.09765827709571,0.190688188051193,-5.75629926695316,8.59779085999277e-09,1.02727225746184e-07
"Os08g0542100",2937.20429246234,-0.676074247167201,0.117473700005972,-5.75511154524657,8.65846035095393e-09,1.03322362983959e-07
"Os03g0167700",6616.2318350215,-0.452759708841313,0.07870480004593,-5.75263146056015,8.78648934883270e-09,1.0471881084471e-07
"Os01g0694900",2871.15379114391,-0.752549823790989,0.130849229109516,-5.75127441645936,8.85732089876098e-09,1.05518934780565e-07
"Os01g0228901",1153.80748813073,-1.79051742635793,0.311393274703192,-5.75001957914659,8.92331148338468e-09,1.06260743838854e-07
"Os03g0400000",67.4471281767211,-4.00818217349206,0.697354153698467,-5.74769957593912,9.04657901152641e-09,1.07638829222597e-07
"Os02g0807900",26.8850284272452,-8.26496895125488,1.43866066009272,-5.74490509160248,9.19725582607067e-09,1.09340470761916e-07
"Os06g0609700",3674.45318832829,-0.882433852562432,0.153601970095052,-5.74493837557138,9.19544690203879e-09,1.09340470761916e-07
"Os07g0532600",25.090947162975,-8.80645044377825,1.5338258552248,-5.74149302137533,9.38454269694134e-09,1.1152056067506e-07
"Os07g0147600",753.670767085413,-1.75458507446153,0.305605175189047,-5.74134607954905,9.39269097623819e-09,1.11570941001141e-07
"Os06g0177600",457.533059995501,-2.93782194253682,0.511725716591265,-5.74100899619898,9.41140905480837e-09,1.11746780391202e-07
"Os07g0663600",39.0764938879639,-8.89632643375028,1.54967631360242,-5.74076428455541,9.42502048817898e-09,1.11861864787767e-07
"Os10g0169900",34.0878367132829,-6.94142535355308,1.20928543889291,-5.7401049663741,9.46178860878554e-09,1.12204941441286e-07
"Os06g0300000",343.910562978071,-2.87810653886905,0.501539708050963,-5.73854171996407,9.54952407388654e-09,1.13198345168197e-07
"Os08g0191433",2577.96599157138,-1.29354135224455,0.225474293638665,-5.73697928650582,9.63800388916503e-09,1.14105011618551e-07
"Os12g0508400",2330.9917362585,-1.39663477963604,0.243483775303035,-5.73604864594292,9.69108373158784e-09,1.1468585988161e-07
"Os09g0261900",437.686521980749,-1.80370952871415,0.314520942154376,-5.73478356118124,9.76369475848505e-09,1.15401616226169e-07
"Os04g0431800",1468.6768921383,-0.89887913427041,0.156806147809313,-5.73242278334335,9.90061113850746e-09,1.16778117494858e-07
"Os06g0536800",226.77130599174,-1.84381191214397,0.321959707236111,-5.7268405663936,1.02318243280222e-08,1.20485640931958e-07
"Os07g0573100",1527.2021427127,-1.30633599469032,0.228118545218508,-5.72656639309626,1.02483665051827e-08,1.20630669494406e-07
"Os09g0550300",20.8633728369667,-8.80192820154346,1.53732735227907,-5.72547427097729,1.03145177920551e-08,1.2130926899729e-07
"Os09g0426500",427.525993725903,-2.66804513062858,0.466251511153403,-5.72233025910936,1.05072802505527e-08,1.23474601676318e-07
"Os07g0499300",2185.15325108096,-0.889993382443203,0.155633031543353,-5.71853785547632,1.07444581796148e-08,1.26106009160742e-07
"Os02g0608700",3078.12133909169,-0.677421659458367,0.118486404937858,-5.71729440026181,1.08233508299179e-08,1.26979747673315e-07
"Os01g0901000",3693.2491707897,-0.952793266737009,0.166708216417115,-5.71533477602004,1.09488257701051e-08,1.28346317364222e-07
"Os02g0124800",2710.05989100232,-1.49179813945172,0.261118972745249,-5.71309745809675,1.1093810142852e-08,1.29885855913686e-07
"Os04g0271200",520.669974788429,-1.61214463758998,0.28220087672103,-5.71275559566623,1.11161274618737e-08,1.30040468144149e-07
"Os11g0557300",1358.16328332078,-0.922203904624597,0.161566110456037,-5.70790434962864,1.14375661653779e-08,1.33363516594994e-07
"Os01g0841100",335.823748814174,-1.67674389706491,0.294204704845278,-5.69924229439738,1.20341088251704e-08,1.39862215922501e-07
"Os10g0573800",3881.08016304218,-0.917915313460502,0.161087744700916,-5.69823182492718,1.2105636814385e-08,1.40636262608794e-07
"Os06g0267400",21.184713932323,-8.56460459547739,1.50353711770881,-5.69630406499623,1.2243244531617e-08,1.42061451996128e-07
"Os06g0656000",113.087430988728,-2.53611775548203,0.445317588192413,-5.6950765537386,1.23316577210255e-08,1.4297109585254e-07
"Os05g0588800",638.909548884293,-1.30544221048721,0.229257265085781,-5.69422395403152,1.2393432153261e-08,1.43570668580634e-07
"Os11g0166100",189.024677560358,-1.37677853898881,0.241864942640498,-5.69234434704834,1.25306815386879e-08,1.45101733809456e-07
"Os01g0934200",2162.81606422054,-0.610476736111699,0.107277977981209,-5.69060628844653,1.26589084621252e-08,1.46408380527917e-07
"Os03g0661300",7322.26384658084,-1.98412252584181,0.348943609014387,-5.68608358080002,1.2998579635746e-08,1.50215164827018e-07
"Os11g0586825",99.4702640939937,-3.84325062723608,0.676051902644709,-5.68484551585658,1.30930959588635e-08,1.51246188203076e-07
"Os04g0394500",4626.55774442897,-0.892440090228266,0.157062212385759,-5.6820802195015,1.33066216553276e-08,1.53588438548189e-07
"Os01g0924933",458.401138027072,-1.76696914102146,0.311020291782318,-5.68120211995092,1.33751300981176e-08,1.54254429705321e-07
"Os05g0310800",5636.23859384735,-0.634466889918178,0.11172902789653,-5.67862176788778,1.35784354732844e-08,1.56346455082465e-07
"Os05g0439100",1439.23121740726,-1.50812345885288,0.265767347675391,-5.6746002548624,1.39012885806131e-08,1.59677417000008e-07
"Os02g0200000",3170.76517142423,-0.760544268204088,0.134082718144164,-5.67220204610083,1.40973570163718e-08,1.61734308149243e-07
"Os09g0518800",687.152863516191,-0.841971438563778,0.148516449235961,-5.66921336252838,1.43454630376411e-08,1.64382535907839e-07
"Os09g0127800",5615.98193371409,-0.578393620928908,0.102029099311622,-5.66890842741199,1.43710144509707e-08,1.64609244176769e-07
"Os09g0439700",2373.21358587497,-0.938907019329565,0.165628248030536,-5.66876140087206,1.43833500301831e-08,1.64684453775189e-07
"Os02g0555700",1736.14240111035,-0.957763469403358,0.169034425802512,-5.66608526550884,1.46096845037846e-08,1.67141817425261e-07
"Os12g0285600",1672.64239328965,-1.63816376445154,0.289204838334845,-5.66437191674801,1.47564037084794e-08,1.6861760906919e-07
"Os02g0538900",947.881315047396,-1.37552189812631,0.242882973006206,-5.66331135155845,1.48479392085734e-08,1.69595668975398e-07
"Os11g0629500",2551.35207181517,-0.696012204560707,0.122941367791672,-5.66133448051529,1.50200338304964e-08,1.71424168595638e-07
"Os12g0112000",770.955344661376,-2.36220430877988,0.417526508878321,-5.65761516586314,1.53490819994348e-08,1.75039631079451e-07
"Os01g0140500",5875.0595770902,-1.94908243260441,0.344616523291538,-5.6558008710323,1.55121231786447e-08,1.76757702200093e-07
"Os02g0552000",3659.42276784516,-0.810184730379362,0.143247242916937,-5.65584868428605,1.55078049506719e-08,1.76757702200093e-07
"Os01g0667200",22096.369505261,-0.836921311577746,0.148034719063834,-5.65354747096091,1.57169677014968e-08,1.78877641974292e-07
"Os09g0570800",201.490160978365,-2.96235639255875,0.524167843147529,-5.651541641262,1.59015153123545e-08,1.80905880062115e-07
"Os09g0487600",1243.99927419795,-1.09564151192298,0.193939469020945,-5.64939935874864,1.61009414276569e-08,1.82883116637898e-07
"Os06g0308300",6198.93187144444,-1.53793253233473,0.272289380270371,-5.64815466107283,1.62179243890941e-08,1.83846081716562e-07
"Os04g0585100",1597.61984963768,-1.82665572844232,0.323550191739831,-5.64566418155966,1.64544756016377e-08,1.8645357347088e-07
"Os05g0481900",140.316795523809,-2.47504369879831,0.438532023131212,-5.64392921895641,1.66212428837816e-08,1.88119253320644e-07
"Os11g0602300",435.616160543151,-1.54617710222874,0.27419219572587,-5.63902666206649,1.71014058513431e-08,1.93170767162936e-07
"Os02g0465900",33036.5973953753,-1.34130943189866,0.237878121284922,-5.6386414381173,1.71397008584475e-08,1.93450225900959e-07
"Os12g0611900",262.924643407248,-1.22028909515361,0.216519265721954,-5.63593771244663,1.74108306607032e-08,1.96355096949471e-07
"Os04g0489600",3848.25389840481,-0.843983878417591,0.149756896949725,-5.63569288365348,1.74355867479481e-08,1.96479032030569e-07
"Os11g0558500",151.996760383978,-2.66764486720071,0.473511877231299,-5.63374435885086,1.76338359733538e-08,1.98634654310738e-07
"Os10g0438700",261.838824791426,-1.58675871126752,0.28168869683115,-5.63302230127699,1.77078549039371e-08,1.99273897189521e-07
"Os10g0124000",2027.85035490618,-1.10579590281835,0.196383704679442,-5.6307925579841,1.79383378016916e-08,2.01666764163641e-07
"Os04g0682600",33.0763059373504,-7.0688049260122,1.25592775153067,-5.62835315757378,1.81938292884965e-08,2.04297664520395e-07
"Os02g0603600",2123.64349958833,-1.10956988695704,0.197241379208586,-5.62544173747463,1.85033852349522e-08,2.07528734045767e-07
"Os05g0538500",21.5475503643974,-8.54906011384782,1.51990891002733,-5.62471872981789,1.85810479952914e-08,2.08236134266822e-07
"Os10g0432200",198.222185611989,-1.4385891492751,0.255771295233075,-5.62451368111566,1.86031311050581e-08,2.08401795236569e-07
"Os02g0608600",2321.94007006573,-1.02834968101009,0.182894450433426,-5.62264015432448,1.88060878602502e-08,2.10592770452327e-07
"Os03g0770800",1085.72235041451,-1.66007160968618,0.295770495350521,-5.61270186101155,1.99191629017802e-08,2.22272316602195e-07
"Os04g0202200",292.172813431406,-1.68828357399746,0.300808881640429,-5.61247914220679,1.99448257206955e-08,2.22471709797395e-07
"Os07g0252400",13040.7233811169,-1.44096719949134,0.256763736970684,-5.61203547078714,1.99960435479965e-08,2.22931615475036e-07
"Os11g0708400",786.132327547704,-1.74543044471971,0.311190978069537,-5.60887226084582,2.03649260669726e-08,2.26537977262536e-07
"Os06g0543601",684.767829887249,-10.8740203495554,1.940093463032,-5.60489510261088,2.08381126543931e-08,2.31711370318269e-07
"Os04g0619300",6768.19861710503,-1.1405292548445,0.20350308786545,-5.60448132167207,2.08879513222179e-08,2.3201197597122e-07
"Os05g0210400",115.099136807632,-2.78086065912143,0.496186355178547,-5.60446822065627,2.08895311885522e-08,2.3201197597122e-07
"Os02g0701900",816.739256876248,-0.914472364085048,0.163388038207344,-5.59693582295514,2.18173422517627e-08,2.41752413522637e-07
"Os04g0525700",282.641534783699,-1.23952435440539,0.221762811019227,-5.58941487397508,2.27836022450285e-08,2.51775122912154e-07
"Os06g0109100",359.780417474777,-2.20138993378854,0.394146816353352,-5.58520287987052,2.33427550405123e-08,2.57654911011749e-07
"Os04g0586500",45.9623208003958,-4.23086944777681,0.758404141593838,-5.57864760454149,2.4239573894614e-08,2.66934566839453e-07
"Os08g0561600",2823.24904096469,-0.748754153536933,0.134312480772926,-5.57471762287531,2.47931693128019e-08,2.72820441351047e-07
"Os10g0497600",1837.12567542799,-1.22074945610856,0.21922985798576,-5.56835399760123,2.5715697341116e-08,2.82536129678528e-07
"Os02g0675700",752.211489165506,-2.55940472825667,0.459794708275875,-5.5664075340359,2.60044669281931e-08,2.8537927873831e-07
"Os07g0516000",678.471359600299,-0.903408283443991,0.162305395247781,-5.56610137367778,2.60501731306896e-08,2.85661214691665e-07
"Os01g0702900",22.5947196242183,-9.1132235193532,1.63770903634962,-5.56461698450793,2.62728828450496e-08,2.87771745176169e-07
"Os11g0115100",5393.89595376401,-1.69773680153138,0.305187131521454,-5.56293705133511,2.65271599581488e-08,2.90334069725996e-07
"Os07g0676900",23067.3234390385,-1.4751785781892,0.265282237964373,-5.56078910336737,2.68557571783134e-08,2.93705261646658e-07
"Os03g0329200",692.823204366806,-2.28457925785185,0.411004215962949,-5.55852998368707,2.72056227291043e-08,2.97303711783902e-07
"Os04g0371600",24.9931726823274,-8.55546509887043,1.5418020336608,-5.54900364124999,2.87302195545071e-08,3.12647879132235e-07
"Os11g0448700",983.090271189738,-1.24006275241597,0.223540925959645,-5.54736340601826,2.90009563954434e-08,3.15353637848205e-07
"Os02g0118400",1089.75532975925,-0.765597802138606,0.138097893406163,-5.5438774861459,2.95845871098478e-08,3.2133274522964e-07
"Os11g0483900",793.398618596096,-1.43145164633859,0.25825213333491,-5.54284538854993,2.97595617453776e-08,3.22864663800859e-07
"Os02g0669000",2000.11265266877,-2.0398898334691,0.36823434650504,-5.53965118362794,3.03074706467894e-08,3.27939229514103e-07
"Os03g0438200",23.8220149884263,-8.08148678370492,1.45884436683617,-5.53964971687244,3.03077244765346e-08,3.27939229514103e-07
"Os02g0169700",27.7717102489739,-9.18333088371637,1.65777970251397,-5.53953632668449,3.03273534882082e-08,3.28027274712927e-07
"Os06g0195900",8545.33880250174,-0.844951237546259,0.15258895004705,-5.53743398382206,3.06935329014369e-08,3.3173654037812e-07
"Os10g0456400",3808.06703611383,-0.772930089841194,0.139787591915141,-5.52931829822498,3.2147758333897e-08,3.46666268939462e-07
"Os02g0554900",1423.63110302703,-2.14630464449104,0.388299611608647,-5.5274447368086,3.24928530182933e-08,3.50255285707766e-07
"Os05g0144200",3939.16468679519,-0.923758440559601,0.167313828958426,-5.52111230918717,3.36860372956124e-08,3.62569475326531e-07
"Os02g0801450",744.012589873271,-1.83117596123888,0.33168703776773,-5.52079446204104,3.37470344236098e-08,3.63089088046557e-07
"Os12g0466800",36.0247771353122,-6.96600713235528,1.26298047441877,-5.51553034544029,3.47729735316856e-08,3.73704727593537e-07
"Os10g0571300",1797.6358878885,-1.88423239233867,0.341674219768233,-5.51470460257959,3.49366256726419e-08,3.75180979382954e-07
"Os06g0624700",235.882403687295,-2.15058656329431,0.390171360515362,-5.51190266874968,3.549752163794e-08,3.80917766027579e-07
"Os01g0603500",96.395571712719,-6.21656795440367,1.12786639771018,-5.51179463013055,3.55193229510009e-08,3.81008475878756e-07
"Os11g0169800",1386.42584432109,-2.25579280596315,0.409314757964549,-5.51114457045432,3.56507741027927e-08,3.82274867013567e-07
"Os02g0197900",1357.46029630552,-0.912436197579186,0.165582080363715,-5.51047671085508,3.57863159954215e-08,3.83584154627605e-07
"Os02g0611300",1044.3480331797,-0.899230271191262,0.163268857350878,-5.50766561230192,3.63623271162613e-08,3.89445194745482e-07
"Os07g0283200",1540.7611827661,-1.02986661133218,0.186989788021047,-5.50760884982799,3.63740502099024e-08,3.89445194745482e-07
"Os03g0121200",3435.85030374898,-1.51880847650088,0.276632390953066,-5.49034938124282,4.0113944425666e-08,4.2788207387377e-07
"Os07g0542900",693.387588077647,-2.54044726423929,0.462722110708273,-5.4902223287984,4.01428114463106e-08,4.28030037326668e-07
"Os06g0211500",24.6344051888035,-8.76342882111789,1.59816108145344,-5.48344526895126,4.1712136605353e-08,4.43272981110646e-07
"Os07g0657600",394.517525121901,-1.50069583742606,0.273723359019721,-5.4825274788402,4.19291847436681e-08,4.4508242816038e-07
"Os05g0542600",7351.75599794369,-0.64211744303349,0.117179847155742,-5.4797600322866,4.25903080654774e-08,4.51764308220359e-07
"Os06g0561200",2048.28940052836,-0.792843867234638,0.144684219961208,-5.47982266101452,4.25752353423634e-08,4.51764308220359e-07
"Os11g0444000",73.1254844777101,-7.10730714069307,1.29831786582096,-5.4742427319206,4.39386458876567e-08,4.65202043107297e-07
"Os10g0191900",20.8662357463251,-8.73771132078779,1.59651830988437,-5.47297908623462,4.42532355605248e-08,4.68011988084335e-07
"Os03g0338000",4434.73350976169,-1.49801410412632,0.273893770586379,-5.46932520925623,4.51752182582272e-08,4.77585714801051e-07
"Os09g0386600",1234.43662294367,-0.91650613039062,0.167627572973207,-5.46751416926565,4.56390736027141e-08,4.81775782883089e-07
"Os01g0280200",20.6542946140456,-8.49169707446371,1.55483724687169,-5.46147006160861,4.72207889980064e-08,4.97920281181786e-07
"Os07g0634600",5641.01740187995,-1.43823508323233,0.263661040687623,-5.45486386415465,4.90103788825795e-08,5.16409101079494e-07
"Os04g0472500",181.634960811848,-1.74006090996926,0.319024317952826,-5.4543206020632,4.9160437082852e-08,5.17799083429124e-07
"Os01g0875500",2867.12078841346,-1.93580020866791,0.354959279442962,-5.45358389194886,4.9364640528998e-08,5.1956648202792e-07
"Os01g0514000",4211.60262511752,-0.720432659371326,0.132121481069047,-5.45280490002094,4.95814580440825e-08,5.21656151275448e-07
"Os01g0745300",502.70200367372,-1.12857732391848,0.207066209317556,-5.45032107188332,5.02789655995957e-08,5.28410454372186e-07
"Os03g0445700",224.262312018384,-2.09140703645805,0.383763538013983,-5.44972835950309,5.04468111445176e-08,5.2997930706997e-07
"Os01g0164800",798.549006067707,-1.57152267901163,0.288408676545993,-5.44894383148355,5.06698108137843e-08,5.3212622511724e-07
"Os02g0601700",1659.33900432558,-1.95864444515647,0.359665623990947,-5.44573713612889,5.15912792451272e-08,5.41404953960629e-07
"Os11g0459400",25.3277477613278,-8.36609770638663,1.53709550470619,-5.44279628739516,5.24506178378925e-08,5.49816538951452e-07
"Os02g0566800",1601.64275371666,-2.14619832940654,0.39447638662873,-5.44062560435712,5.30937903459672e-08,5.56354314109871e-07
"Os02g0720200",1224.71773602817,-1.78749852673895,0.328993264893205,-5.43323744733555,5.53406876040772e-08,5.79048602262016e-07
"Os10g0569500",17.9474376129746,-8.69689041141333,1.60099420061052,-5.43218108353977,5.56693869393105e-08,5.82061165126623e-07
"Os06g0196600",5769.40711805077,-1.38757001396265,0.255598867925034,-5.42870172010942,5.67654623826556e-08,5.92653020574441e-07
"Os07g0637400",3251.74506832476,-1.37199076254747,0.253303503232036,-5.41639079223736,6.08141060586834e-08,6.32839170010594e-07
"Os11g0457700",122.959447151767,-2.02285393563568,0.373547043263093,-5.41525885994222,6.12001004701915e-08,6.36391864415718e-07
"Os01g0229400",1049.10019299343,-2.03521858732174,0.375844583427978,-5.41505366063561,6.12703281355996e-08,6.36890111544995e-07
"Os05g0373400",3530.9292678275,-1.08097289427136,0.199647904074103,-5.41439640593538,6.14957937670567e-08,6.39001069270792e-07
"Os03g0295300",533.977747040246,-1.02569551428162,0.18947992603983,-5.4132146645762,6.19032037565333e-08,6.43000381377906e-07
"Os07g0112100",49.2166815260446,-2.87838739147253,0.531808784448036,-5.41244799944402,6.21689118984904e-08,6.4552543515115e-07
"Os06g0715100",2854.97656735443,-1.03881336610038,0.19195679907337,-5.41170394127754,6.24278414223371e-08,6.47978292930614e-07
"Os02g0810500",683.589198759436,-1.32923377165088,0.245633929175146,-5.41144204350975,6.25192292587229e-08,6.48690977812063e-07
"Os10g0122500",22.5297479927472,-9.02100886329473,1.66753710573718,-5.40977998765836,6.31022234708555e-08,6.54264390393062e-07
"Os12g0245700",258.18264716211,-2.52118600174846,0.4662043715933,-5.40789867141754,6.37684827246873e-08,6.60692403228122e-07
"Os02g0556700",6200.31432763787,-0.698655761930934,0.129200899390651,-5.40751469398431,6.39053015187148e-08,6.61869712100942e-07
"Os06g0192900",2188.15816997919,-0.819079770650174,0.151493152289962,-5.40671151315428,6.41924110510064e-08,6.64602169401496e-07
"Os06g0727700",933.090717189266,-1.36898070694323,0.253206495022739,-5.40657816388278,6.42401996362632e-08,6.64855786228244e-07
"Os08g0547300",443.947130114242,-2.14326510971431,0.396424999683167,-5.40648322236805,6.42742449779635e-08,6.64967034668717e-07
"Os01g0266400",149.067127108915,-2.12795598293424,0.393741073249016,-5.40445518008848,6.50056750429891e-08,6.72047080198146e-07
"Os01g0770700",3260.24995699221,-1.27334646543443,0.235633433195958,-5.40392951952403,6.51965708455591e-08,6.73776581540782e-07
"Os03g0828500",233.794372208566,-1.70479337507839,0.315506911394797,-5.40334716454172,6.54086895692007e-08,6.74991191273776e-07
"Os05g0567800",2016.09215362504,-0.879194998980456,0.1627844278782,-5.4009772951888,6.62788151342788e-08,6.82982851694172e-07
"Os10g0508000",322.36603569784,-1.01557731144353,0.188139942588761,-5.39798884526818,6.73920563794672e-08,6.93703158058245e-07
"Os03g0577100",711.909865841123,-1.76836690497021,0.327603289397638,-5.39789117570125,6.74287436944141e-08,6.93830591208852e-07
"Os08g0518900",128.125009604547,-2.55225550194347,0.472897948929007,-5.39705343980383,6.77442154843286e-08,6.9682554478727e-07
"Os02g0312600",1681.4110966401,-0.932299755026398,0.172785191843637,-5.39571559969147,6.82509818580412e-08,7.01532598543726e-07
"Os05g0129000",9904.07043030848,-0.712029999519595,0.131972533709453,-5.39528930381213,6.84132304573102e-08,7.02947174288503e-07
"Os01g0688200",1637.14531685259,-1.07599081810519,0.199455555411342,-5.39463950194891,6.86612646812063e-08,7.05241863641725e-07
"Os01g0654900",23.3166195722455,-8.74482447320647,1.62138514857939,-5.393428255383,6.91259337669736e-08,7.09504010587736e-07
"Os08g0374800",5017.16163793775,-1.24120443140842,0.230143810229203,-5.39316886329589,6.92258393305765e-08,7.10274032297619e-07
"Os02g0816000",243.42918713626,-1.81411914567406,0.336486274553021,-5.39136149931787,6.99258431777204e-08,7.16940828902605e-07
"Os06g0163300",1933.9105628626,-1.27471854767669,0.236490671230588,-5.39014304895684,7.04016210236297e-08,7.2104193415805e-07
"Os06g0169900",547.906802173508,-2.99072928955133,0.555056661333686,-5.38815133281208,7.11861017849379e-08,7.28292505143106e-07
"Os05g0153000",1517.34878348938,-1.1470826392505,0.212960368204421,-5.38636671659687,7.18961988627197e-08,7.35293837455203e-07
"Os01g0171000",2357.12962175015,-1.02068320110104,0.189779561879401,-5.37825670474279,7.52105289184791e-08,7.66443890556611e-07
"Os01g0109000",185.920916179551,-2.14734249753274,0.399631053018364,-5.37331241232162,7.73032217606475e-08,7.86926947908674e-07
"Os02g0177600",11225.3641930123,-0.853339036803183,0.158847025041653,-5.3720806957475,7.78332609256794e-08,7.91757875931074e-07
"Os03g0236200",2240.97750587406,-0.889622432804599,0.165729719460844,-5.36791129375432,7.96537105102631e-08,8.09527533391051e-07
"Os07g0501800",937.89706275983,-1.91002465881685,0.355852074267872,-5.36746810524156,7.98496230422221e-08,8.11113039187612e-07
"Os09g0322900",20.0560853275151,-8.32053356746389,1.55048494273011,-5.36640720471171,8.03204939597111e-08,8.15026014783503e-07
"Os04g0201500",82.0136984579012,-2.90258914988881,0.540975654364231,-5.36547093473182,8.07382815079146e-08,8.18683306345262e-07
"Os04g0560200",1105.96136664238,-0.679090451698076,0.126629607692394,-5.36280940984756,8.19374480080573e-08,8.29663893558704e-07
"Os09g0481100",1391.31796608436,-2.06416512491835,0.384952995482544,-5.36212251662283,8.22497210704995e-08,8.32530510012886e-07
"Os08g0307601",40.0717894571015,-6.15947467362902,1.14886290223787,-5.36136614876411,8.25949116143607e-08,8.35136081161995e-07
"Os07g0119400",2164.52241202967,-1.67896677336008,0.31318032880887,-5.36102244909745,8.27522321575633e-08,8.36430493875881e-07
"Os11g0689650",277.516441594328,-1.13128407514586,0.21108736780152,-5.35931679345959,8.35372592553009e-08,8.4376770282495e-07
"Os05g0518200",239.581557608142,-1.89852564396603,0.354275977079915,-5.35888902096731,8.37352695307921e-08,8.45468529708853e-07
"Os01g0871100",1103.67461647322,-0.860751913063398,0.160649568475864,-5.35794724647964,8.41728075618282e-08,8.49585791741451e-07
"Os08g0532300",14852.1272054271,-0.541504701673851,0.101068885054023,-5.35777852287977,8.42514281628752e-08,8.5007874354228e-07
"Os02g0640300",295.896063431093,-2.21557018748646,0.413696082551976,-5.35555032046527,8.52964034530732e-08,8.60318212072269e-07
"Os10g0409400",350.379300470074,-3.55711393149709,0.664327815247934,-5.35445581210465,8.58142879417123e-08,8.65235971391111e-07
"Os08g0124000",21.3595336799681,-8.49453610397723,1.58784677554048,-5.3497202846199,8.80902774783632e-08,8.86618081926093e-07
"Os11g0197200",322.551546158178,-2.11325060142161,0.395046110439496,-5.34937706150449,8.82574898274498e-08,8.87675049201807e-07
"Os02g0123100",1350.47762658296,-1.36025442833087,0.254305934063582,-5.34888984537332,8.8495380914829e-08,8.89440898884817e-07
"Os02g0163300",19.8940249150904,-8.76619173727386,1.63954781470694,-5.34671307456853,8.95658285621525e-08,8.99249739879733e-07
"Os05g0123200",9699.94792307785,-1.0456821273441,0.195656269821771,-5.34448565485096,9.06741564365483e-08,9.09737476739836e-07
"Os08g0296600",225.306108778092,-2.26007426829753,0.423014585071493,-5.34278095379515,9.15313460414132e-08,9.17370344594838e-07
"Os10g0397400",26718.143476378,-1.56094492651698,0.292348568433009,-5.33932810030046,9.32916775317806e-08,9.3337456833759e-07
"Os01g0744000",3379.41561871911,-1.88273005073675,0.35267807679561,-5.33838130184616,9.37800711708327e-08,9.37932148388315e-07
"Os03g0202200",14945.4988312878,-0.89082899897599,0.167062001107846,-5.3323256818941,9.69628335366393e-08,9.67868272699938e-07
"Os07g0616200",1975.78898667601,-2.00722698023489,0.376448695051543,-5.33200674253915,9.71333312762246e-08,9.69092557828925e-07
"Os05g0535100",48.3866587990283,-5.82498669061571,1.09417531327339,-5.32363198104827,1.01715590959811e-07,1.01233257613558e-06
"Os03g0134900",2090.11956361122,-2.26311352354525,0.425189065247476,-5.32260518559675,1.02291599622123e-07,1.01769422524422e-06
"Os12g0408100",120.245093472781,-3.86889327971829,0.727039975175709,-5.32143129926696,1.02953991181488e-07,1.02312145524588e-06
"Os06g0247500",24939.6239470898,-0.52582803189811,0.0989553357083407,-5.3137916023844,1.0736740145294e-07,1.06413024551136e-06
"Os11g0150450",197.698558240284,-1.5930094285796,0.299833336466188,-5.31298303035508,1.07845084449511e-07,1.06812286277823e-06
"Os12g0540900",4879.41956641476,-0.471514926699207,0.0887718793595984,-5.31153480247036,1.08705805205059e-07,1.07627419485716e-06
"Os08g0203400",395.831623066902,-2.57340045773619,0.484500235800223,-5.31145346809964,1.08754341066194e-07,1.07638138397831e-06
"Os05g0513500",638.063696975663,-1.11839540660137,0.210663204280614,-5.30892620958906,1.10272963307681e-07,1.09027761158796e-06
"Os02g0775100",2049.4414880252,-0.906832081090388,0.170931636246219,-5.30523255381549,1.12529442136424e-07,1.11143266309415e-06
"Os12g0467300",2018.4842191251,-1.25821013868615,0.237224586385187,-5.30387746843054,1.13368424004368e-07,1.11933182109328e-06
"Os04g0640600",2630.74460260313,-0.809145145111903,0.152622149419072,-5.30162331084816,1.14777480636158e-07,1.13285214636186e-06
"Os01g0313300",872.286296304928,-1.88934490799168,0.356498491812693,-5.29972763246457,1.15975560060911e-07,1.14388610448468e-06
"Os09g0425700",202.616359818304,-1.97200821883551,0.372108843034782,-5.29954677441293,1.16090493650157e-07,1.14462419715028e-06
"Os02g0813800",804.571553274835,-1.11938597244834,0.211303704170553,-5.29752176774349,1.17384915457298e-07,1.15618876011495e-06
"Os03g0295500",6407.07689568217,-0.750213264659378,0.14165059261421,-5.29622397488029,1.18221820236576e-07,1.16403023002167e-06
"Os09g0487200",82.6779478744096,-2.73613596126653,0.516739418810383,-5.29500142947398,1.19015479560875e-07,1.1710368316393e-06
"Os01g0938200",3446.33281429992,-0.607117791859253,0.114758716377339,-5.29038500102234,1.22059148878829e-07,1.19867824042992e-06
"Os01g0846600",846.63508858966,-0.849552701470765,0.160591213454394,-5.2901568099305,1.22211535299681e-07,1.19958943039687e-06
"Os08g0508100",891.568428437637,-1.42734900470859,0.270024439397982,-5.28599932617529,1.25020353490473e-07,1.2254742342143e-06
"Os12g0637200",407.519603930052,-2.86339950112647,0.541762729828558,-5.28533866113788,1.25472415021034e-07,1.22906129525065e-06
"Os03g0160600",237.815651535152,-2.68337176373436,0.50771697365295,-5.28517245430636,1.25586391154045e-07,1.22975572867961e-06
"Os03g0243350",19.6198399001426,-8.17045001810272,1.54627919299594,-5.28394228876115,1.26433095544112e-07,1.23762218079943e-06
"Os02g0187600",962.673557508586,-1.30492737454337,0.24712674292713,-5.28039725319469,1.2890409508166e-07,1.25921919576006e-06
"Os11g0555600",363.253481732476,-2.32296013279456,0.439962675372404,-5.27990273454061,1.29252481539207e-07,1.26219050053203e-06
"Os02g0195500",7809.58651373451,-0.9031607414975,0.171060349271747,-5.27977842523131,1.29340200128163e-07,1.26261514105961e-06
"Os06g0547900",8608.7222092546,-0.421547764957558,0.0798466823267919,-5.27946500309519,1.29561621501441e-07,1.26434424756825e-06
"Os01g0869300",679.864307366975,-1.80829227942093,0.342533314625972,-5.27917198768093,1.29768957908631e-07,1.26593476915378e-06
"Os03g0385100",66.4885040851721,-4.76445127885996,0.902510788722386,-5.27910728425156,1.29814785015371e-07,1.26594917098693e-06
"Os06g0613500",140.339862535033,-1.92854547367505,0.365468466314119,-5.27691347252232,1.31377880844312e-07,1.28075486025275e-06
"Os06g0137100",1875.20940660616,-1.02618386472094,0.194513325630561,-5.27564814078582,1.32287695614481e-07,1.28874402171322e-06
"Os02g0800600",330.696404078427,-2.09480399341081,0.397226393394307,-5.27357705390791,1.33790042542767e-07,1.30071627191442e-06
"Os11g0576975",22.8110817411083,-8.28323463735,1.57119155387953,-5.27194447863302,1.3498591717075e-07,1.31100306897648e-06
"Os05g0550200",589.959154773763,-1.43771752400205,0.272727319389123,-5.27163001939947,1.35217445759848e-07,1.31280502441126e-06
"Os12g0267900",892.118790116571,-2.15114224524981,0.408179784717859,-5.27008520702885,1.36360443421502e-07,1.3234520561113e-06
"Os11g0629400",2237.34149860938,-1.43797444511686,0.27290135803912,-5.26920956146625,1.3701247284146e-07,1.32887666489522e-06
"Os10g0177400",1024.38730896858,-1.72650325449292,0.327795238651036,-5.26701748810611,1.38658002547974e-07,1.34301120621967e-06
"Os01g0860900",329.106583130469,-2.7291453279838,0.518284947396968,-5.26572369444772,1.39638172002678e-07,1.35204612674506e-06
"Os01g0214600",1775.26418893528,-1.36009608140348,0.25847618194798,-5.26197838096049,1.42513527343918e-07,1.3780169798458e-06
"Os01g0900900",344.843554622928,-1.00627524863055,0.191387066207081,-5.25780173432283,1.45787570182178e-07,1.40729130986814e-06
"Os05g0594200",530.822170192732,-2.53415830356647,0.482216205919337,-5.25523255431689,1.47837544098818e-07,1.42611519390221e-06
"Os03g0599000",2931.18925321635,-1.0726623779507,0.204143565406396,-5.25445108110712,1.48466599597919e-07,1.43169953341994e-06
"Os07g0480300",45.9500839199997,-2.83918132377594,0.540406778144931,-5.25378555302743,1.49004364178477e-07,1.43640005778806e-06
"Os08g0393700",20.5258067122757,-8.3287013451925,1.58588808427114,-5.25175857476745,1.50653848525615e-07,1.45132077364669e-06
"Os01g0652100",771.173901006019,-1.26453419914251,0.241136104186125,-5.24406829665978,1.57074013655098e-07,1.51011136603945e-06
"Os02g0743400",5647.271388094,-1.29882239709232,0.247678144706526,-5.2439927577433,1.57138370229809e-07,1.51022142755544e-06
"Os08g0321000",4359.48656233335,-1.65219861291769,0.315168682263621,-5.24226773120724,1.58614992962972e-07,1.52389981795189e-06
"Os02g0821800",8973.8875457724,-1.51105278645796,0.288317680404531,-5.24093001975404,1.59769302170942e-07,1.53447340550719e-06
"Os10g0376900",1364.96843637256,-1.22126677758345,0.233132559728234,-5.23850799307953,1.61879966396708e-07,1.55213361129581e-06
"Os09g0356300",64.1767260620146,-5.77822650686046,1.10327178637073,-5.23735545333596,1.62893785286918e-07,1.56080570903988e-06
"Os03g0711650",85.7178242912308,-2.63466522459476,0.503114095412502,-5.2367151877043,1.6345963771828e-07,1.56570197954046e-06
"Os03g0290300",1823.99425401706,-1.11749898481738,0.213463439780775,-5.23508375000908,1.64910070755748e-07,1.57642098447825e-06
"Os06g0154600",123.836049067942,-5.03348761427169,0.961668027921023,-5.23412182596245,1.65771094897412e-07,1.58412123627443e-06
"Os04g0476100",7700.12401883812,-1.10251537237472,0.210707748138132,-5.2324386839916,1.67288153718123e-07,1.59725687230407e-06
"Os12g0533600",878.975504104999,-0.844580121498423,0.161440013552555,-5.23154144324621,1.68102336014816e-07,1.60408132215556e-06
"Os05g0567400",7436.06131789615,-0.626359807109449,0.119802164510075,-5.22828456122572,1.71090042851408e-07,1.63003811186602e-06
"Os05g0477600",1930.32031429428,-2.23358997457687,0.427345653452262,-5.22665892710754,1.7260046571295e-07,1.64333145207153e-06
"Os05g0398800",297.675879394394,-1.93653715449137,0.370523554020986,-5.22648866307076,1.72759406672399e-07,1.64429626677458e-06
"Os02g0786900",328.614760123191,-2.40190614871984,0.459704188808496,-5.22489506772894,1.7425389955122e-07,1.65686319413392e-06
"Os06g0244700",1673.62072882786,-1.86980016896966,0.357942756989783,-5.22374075870191,1.75344222303977e-07,1.66612033337041e-06
"Os04g0583500",2527.68199466713,-0.794582841892828,0.152113879367908,-5.22360513843066,1.75472756957603e-07,1.66678681351009e-06
"Os09g0315200",430.551549610819,-1.65501933744532,0.317203420547147,-5.21753307259602,1.81321855346326e-07,1.72120087762073e-06
"Os01g0151500",394.308838452541,-1.51644514868487,0.290906493820819,-5.21282673606767,1.85984591645006e-07,1.76428852905119e-06
"Os01g0299500",3158.31432205671,-0.670574279190682,0.128644038621557,-5.21263391895965,1.86178073285144e-07,1.76553718400371e-06
"Os06g0179000",849.930347684653,-1.97022305820356,0.378200670988777,-5.209464734826,1.89386198723263e-07,1.79298164389944e-06
"Os03g0365800",765.524138796705,-2.3661142221526,0.454897553018697,-5.2014221805571,1.97769279402194e-07,1.86924712293252e-06
"Os05g0171300",957.822808959554,-0.813118383272467,0.156448052186237,-5.197369810041,2.02128004836478e-07,1.90728653555452e-06
"Os12g0467000",32.3033857978256,-8.61080606449466,1.65706144780861,-5.19643135496398,2.03150567648193e-07,1.91630198379049e-06
"Os02g0617100",295.135816362628,-3.32217368092806,0.639455518777572,-5.19531630171706,2.04372056262941e-07,1.92655085005594e-06
"Os12g0638100",819.629012118276,-1.76243707551921,0.339342869207921,-5.19367647133122,2.06181317444455e-07,1.94232327562195e-06
"Os08g0118900",1072.57437852745,-0.808395543584302,0.155660337304848,-5.19333028298098,2.06565248756826e-07,1.94529807341301e-06
"Os09g0293900",946.437132487642,-0.625401174471115,0.12062504102574,-5.18467118562607,2.16396304959642e-07,2.03184741077895e-06
"Os07g0482566",18.7762890109291,-8.20701234376,1.58316595201991,-5.18392423314116,2.17265224048287e-07,2.03933526972519e-06
"Os01g0296700",710.709943937028,-1.7080519425997,0.32954753671469,-5.18302142272867,2.18319951194517e-07,2.04856169851949e-06
"Os02g0170500",3303.94871430266,-0.65492984994497,0.126380029702499,-5.18222579537834,2.19253559590637e-07,2.05664594313347e-06
"Os06g0680500",620.829364169247,-1.15004227045654,0.222026063825567,-5.17976245960053,2.22168624547832e-07,2.08125409225249e-06
"Os05g0498500",1056.29785650035,-1.14397233315784,0.220858573540752,-5.17966006398552,2.22290604746839e-07,2.08171358986016e-06
"Os03g0705300",2267.34595837547,-0.601370689241224,0.116112613363914,-5.17920208510373,2.22836970908369e-07,2.08614578471908e-06
"Os08g0462300",679.68881324231,-1.45601195371861,0.281225216013689,-5.17738762674728,2.25014391444777e-07,2.10514939016707e-06
"Os09g0502350",216.447251046837,-2.01889175103383,0.390103427104104,-5.17527304494833,2.27577916279808e-07,2.1277379765119e-06
"Os09g0114500",6376.74063052939,-0.611175971993489,0.118102374233159,-5.17496770036899,2.27950411712661e-07,2.12982538524589e-06
"Os04g0662800",3774.45008532653,-0.565536051218598,0.109349723287466,-5.17181053793689,2.31836589404816e-07,2.16459531953886e-06
"Os03g0832400",1007.11790679447,-0.839834992766068,0.162433467675795,-5.17033222760666,2.3367818375871e-07,2.1797745350355e-06
"Os03g0787500",18.7200447734259,-8.46346087839482,1.63768301567358,-5.16794813000719,2.36677969571087e-07,2.20703559733326e-06
"Os05g0156700",3894.22352294059,-1.36184834818448,0.263589802601002,-5.16654413314284,2.38461916162721e-07,2.22221904503712e-06
"Os05g0467000",1782.37411489833,-1.23645224471324,0.239399138756904,-5.16481492428753,2.40676941635309e-07,2.24066621723361e-06
"Os08g0420600",1081.26196648554,-1.68850515143376,0.327259742392229,-5.15952600552392,2.47575834722912e-07,2.30264080362685e-06
"Os10g0568300",247.171985398974,-2.17788482946187,0.422267090655137,-5.15760019584508,2.50135004814075e-07,2.32492789886452e-06
"Os02g0529600",3091.43915492614,-0.727086836444191,0.140988472383767,-5.15706585191645,2.50849600739018e-07,2.33081087353337e-06
"Os05g0125900",62.2724153229684,-5.75346947601164,1.11573367519277,-5.15666919797645,2.51381334147067e-07,2.33499147474581e-06
"Os04g0672300",813.366730417853,-1.91828233149005,0.372078586555438,-5.15558379547928,2.52841939710869e-07,2.3462679867058e-06
"Os05g0456000",606.629482434015,-1.28517163153581,0.249298024584289,-5.15516171329021,2.53412138659587e-07,2.3507949580433e-06
"Os04g0659000",334.473878282869,-2.30317745591266,0.447046188291155,-5.15198992013914,2.57736892229268e-07,2.38936078330375e-06
"Os08g0179000",869.053102173021,-1.74923347313977,0.339617779622768,-5.15059451564267,2.59662034467302e-07,2.40564528134848e-06
"Os11g0660400",1043.47642741736,-5.16954541936783,1.00367003463474,-5.1506423834295,2.59595765165471e-07,2.40564528134848e-06
"Os01g0861900",499.402440163786,-1.9108148008068,0.371104830315878,-5.14898930089471,2.61893818193613e-07,2.42474769591907e-06
"Os06g0109200",149.966891460948,-2.50180462379682,0.485991510377639,-5.14783606374687,2.63508627614543e-07,2.43890734975016e-06
"Os01g0737401",52.7523017953162,-2.62842402472463,0.51067904177588,-5.1469197082855,2.64798598456911e-07,2.45005225100618e-06
"Os01g0835500",1439.05973930119,-2.27305867615339,0.441854117094955,-5.14436459503421,2.68427776206764e-07,2.48121840804594e-06
"Os05g0389600",2224.85634630823,-1.58191816637534,0.30751741102145,-5.14415805310288,2.68723229396671e-07,2.48314530912871e-06
"Os01g0233500",401.230073853157,-2.00341024533668,0.389616175732713,-5.14200993213145,2.71814743940473e-07,2.50927556631205e-06
"Os03g0165900",15.6357338595413,-7.52366661020071,1.46336527238362,-5.1413456039897,2.72777760641703e-07,2.51735156797826e-06
"Os06g0606599",16.0915968630196,-7.43974064000059,1.44706600654523,-5.14125866156061,2.72904036841288e-07,2.51770291777561e-06
"Os02g0805000",1918.43551116671,-0.688504821858334,0.13393870595476,-5.14044701978,2.74085601740371e-07,2.52615415436782e-06
"Os04g0541100",1001.6850128262,-1.27026811632532,0.247178367874422,-5.13907477927305,2.76094517107252e-07,2.54384825574867e-06
"Os06g0654300",2975.81596271244,-1.25300136992078,0.243882804897756,-5.1377192026559,2.78092995811974e-07,2.56143480879542e-06
"Os02g0109800",6051.71948996673,-0.500036172397977,0.0973539162000099,-5.13627177945952,2.80242301713615e-07,2.58039879358497e-06
"Os03g0172100",438.02116565949,-2.12806114240442,0.41436133925813,-5.13576181169432,2.81003377344386e-07,2.58657220345635e-06
"Os02g0111800",2422.07679977085,-2.03320723217667,0.395947990062938,-5.13503612394517,2.82089835523347e-07,2.59489921533303e-06
"Os02g0118500",50.0317084960399,-3.77600833327309,0.735512855916627,-5.13384409653489,2.83883281055004e-07,2.60887455712622e-06
"Os03g0113500",1244.71169208651,-1.43685702308763,0.280098137188948,-5.1298342699022,2.89997380474451e-07,2.66249122813211e-06
"Os07g0148800",4225.9553666507,-1.30448207294503,0.254329861045,-5.12909521353541,2.91138071711082e-07,2.67210453984602e-06
"Os11g0139400",208.780026229306,-1.66574911217025,0.324817684962663,-5.12825867951654,2.92434441957263e-07,2.68314005503957e-06
"Os07g0516050",558.466291297781,-1.37144303785489,0.267484456025471,-5.12718779338823,2.94102123029801e-07,2.69670767740528e-06
"Os05g0145600",6301.17656861565,-0.668805309760519,0.130461621248362,-5.12645254106802,2.95252437911906e-07,2.70551704261876e-06
"Os01g0590700",1927.64167151818,-1.48774531138522,0.29031143016789,-5.12465289611519,2.9808637424912e-07,2.72973290553959e-06
"Os07g0626500",3860.33140193621,-0.956896109778034,0.18694170270345,-5.11868724816304,3.07669675506318e-07,2.8134200116542e-06
"Os01g0806200",973.297913113493,-1.00381526213047,0.196136321280419,-5.11794682176839,3.08879658247404e-07,2.82223462388409e-06
"Os07g0445600",6009.76572718976,-1.40200842629727,0.27404301339605,-5.11601594553726,3.12056691375721e-07,2.84852772581662e-06
"Os02g0697800",1875.34187048662,-0.998791039092541,0.195302685590606,-5.11406710088058,3.15295271526264e-07,2.87717015039823e-06
"Os02g0149700",357.714058104611,-1.48519910830947,0.290589958165005,-5.11097877465586,3.20493994793762e-07,2.9208750279033e-06
"Os02g0220600",6905.41344408835,-0.873954895248303,0.171025851522654,-5.11007480721439,3.22031277043954e-07,2.93394853876241e-06
"Os05g0476350",75.6921782249878,-3.6276803793035,0.709968181009699,-5.10963797580943,3.22776699083253e-07,2.93980156306074e-06
"Os07g0665900",972.800318412628,-0.705438137554582,0.138074999873436,-5.10909388521606,3.2370748115859e-07,2.94639870605574e-06
"Os07g0655400",1500.42475966613,-1.16708258944301,0.228452253919896,-5.10864992320116,3.2446889144322e-07,2.95238764340302e-06
"Os02g0198900",1691.0014149629,-0.779324226222551,0.152578492334727,-5.1076938452955,3.26114473710683e-07,2.96169632122104e-06
"Os05g0337200",1241.259760309,-1.76125126451203,0.345084439529133,-5.10382695584667,3.32852658798281e-07,3.01808967367794e-06
"Os03g0233200",78.4480568820256,-2.62383150030197,0.514245612023988,-5.10229244343961,3.35563679464522e-07,3.04073957670963e-06
"Os01g0757600",626.251387615554,-1.03455904672365,0.202875349297126,-5.09948128399013,3.4058554285914e-07,3.08526618069543e-06
"Os03g0861100",3614.68816970848,-1.34180818211811,0.263256015761878,-5.09697063611191,3.45131837961064e-07,3.12248595333142e-06
"Os01g0283100",10012.6082351668,-0.877959144981712,0.172310808153183,-5.09520647248785,3.48361378494628e-07,3.14957638378825e-06
"Os12g0259800",1477.59119695407,-1.38771382288275,0.272447769968683,-5.09350406150236,3.51505516908755e-07,3.17411372181067e-06
"Os03g0275500",7892.90348133057,-0.561682947163714,0.110321013183664,-5.09135051387369,3.55522104664792e-07,3.20660533239797e-06
"Os02g0269200",630.340993010836,-2.24031991199742,0.440606027834064,-5.08463291573746,3.6833775139759e-07,3.31771308800657e-06
"Os05g0386800",11294.3614306229,-1.2459644299852,0.245276545419166,-5.07983520338608,3.7776242131941e-07,3.39938542059938e-06
"Os02g0139700",12568.6978714975,-0.515179021774976,0.101430422397388,-5.07913710303393,3.79153024370869e-07,3.41082380322789e-06
"Os03g0302900",1704.41389341124,-1.67731342980336,0.330260120862877,-5.07876465805503,3.79896947452363e-07,3.41643934092005e-06
"Os06g0165900",17.2685150324898,-8.65214469442888,1.70378057922692,-5.0782036137275,3.81020239396294e-07,3.42546195695365e-06
"Os09g0562200",16.0989208634972,-8.4303577399465,1.66183803937357,-5.07291176408762,3.91774188047071e-07,3.51771073407223e-06
"Os06g0510200",23.0583821075223,-7.97529117549245,1.57224088799821,-5.07256313989305,3.92492842923704e-07,3.5230552542183e-06
"Os06g0100700",19.700711359454,-8.33165156658556,1.64254046143798,-5.07241785647797,3.92792705929019e-07,3.52463847784908e-06
"Os09g0124800",49.908469782766,-2.73526371523208,0.539377838143637,-5.07114590515244,3.95427453415198e-07,3.54493757232519e-06
"Os02g0167300",13648.7505106035,-1.21586829481321,0.23980698753905,-5.07019544046947,3.97407391008008e-07,3.5615687814545e-06
"Os09g0561000",183.493496144438,-1.4883818716497,0.293635383895382,-5.06880966423307,4.00311287809575e-07,3.58646748249734e-06
"Os08g0497300",1849.63340632434,-1.48956585018902,0.293956377207768,-5.06730238118358,4.03493047299779e-07,3.6127056280191e-06
"Os06g0100550",19.7922195039255,-8.28563677180978,1.63548381569572,-5.06616861157084,4.05902414770825e-07,3.63313845318859e-06
"Os09g0458300",469.175270352262,-1.74190494952983,0.343912030386718,-5.06497242207871,4.08459478006162e-07,3.6537346725816e-06
"Os02g0738900",8034.50877950281,-0.813878040405394,0.16070892967259,-5.06429880445037,4.09906286479609e-07,3.66437990644346e-06
"Os10g0444400",3505.02948760353,-0.512754063009303,0.101278324254218,-5.06282135674206,4.1309691261782e-07,3.69174648521072e-06
"Os03g0111200",2632.51315177249,-2.41982157948871,0.478273425602766,-5.0594941093351,4.20370263598143e-07,3.75322139635451e-06
"Os02g0828400",184.321655159149,-2.94756956743349,0.582918853357544,-5.05656928139454,4.26865839453497e-07,3.81002455327099e-06
"Os01g0704100",188.858847376325,-2.0513821541855,0.405915358553525,-5.05371898588803,4.33288992247973e-07,3.862425831186e-06
"Os07g0520400",3506.43742153189,-0.888733576897091,0.175859245666267,-5.05366421611786,4.33413324596719e-07,3.862425831186e-06
"Os08g0304900",650.158780498611,-1.75915000564787,0.348193680618929,-5.05221692283703,4.36711311510435e-07,3.89060164661481e-06
"Os09g0334900",55.5822074687722,-5.59468541465028,1.1075838293284,-5.05125234452248,4.38922752862501e-07,3.90786371107524e-06
"Os04g0434600",1650.00981150698,-1.21306575380765,0.240458190132522,-5.04480946620742,4.53973519407627e-07,4.03682870341785e-06
"Os02g0753300",5687.04528402383,-1.27516931669562,0.252773942120142,-5.04470241671327,4.5422774683563e-07,4.03783145614333e-06
"Os09g0423500",497.773331415209,-1.81996438221947,0.360818413551252,-5.04398975736018,4.55923715839755e-07,4.04856185031979e-06
"Os04g0586200",1542.45110109439,-1.40558628477147,0.278676081677958,-5.04379951199324,4.56377488962416e-07,4.05041569359828e-06
"Os02g0128200",1895.29472221693,-0.894276861792841,0.177337251131091,-5.04280322430269,4.58760957162159e-07,4.0662449633894e-06
"Os09g0512200",205.692266539028,-1.11458523333783,0.221026532631742,-5.04276667631965,4.58848620623503e-07,4.0662449633894e-06
"Os01g0106500",1020.38484971582,-1.28512633929585,0.255032346942842,-5.03907192440916,4.67794676974122e-07,4.14324286697901e-06
"Os01g0125800",3635.76748929333,-0.47465005399432,0.0942093540315019,-5.03824762279557,4.69813379434336e-07,4.15953880352782e-06
"Os06g0234200",728.498607163241,-1.78511700213631,0.354395934224287,-5.03706964371257,4.72712822554174e-07,4.18391156805778e-06
"Os02g0138000",700.914494843152,-2.14040455243538,0.42497934865006,-5.0364907359248,4.74144046708508e-07,4.19267895577684e-06
"Os05g0173500",1390.45174991437,-1.30159894099315,0.258479422312656,-5.03559985296913,4.76354730076608e-07,4.21092270526686e-06
"Os01g0174700",300.318137942218,-1.65831708799293,0.329457762799261,-5.03347401470501,4.81670133557312e-07,4.25527461846485e-06
"Os02g0481900",1361.29563153527,-1.05119972241738,0.209087722622857,-5.02755355135553,4.9677678224871e-07,4.37924535902013e-06
"Os12g0144600",1315.79867983933,-1.56422445213431,0.311216000818545,-5.02616975997431,5.00372987522163e-07,4.40686410238588e-06
"Os07g0671301",340.047792160965,-1.98846336720688,0.395675457216957,-5.02549079286604,5.02146659734433e-07,4.42112099181359e-06
"Os06g0140700",1154.67113296826,-1.64659336806384,0.327818146740672,-5.02288657426404,5.0900607884993e-07,4.47875139170543e-06
"Os08g0385400",718.811746538493,-1.18870064448693,0.23681837068472,-5.01946129031293,5.18165853585076e-07,4.55653916350351e-06
"Os07g0607000",207.040888378173,-1.45843112097734,0.290562736445579,-5.01933296340117,5.18512091609165e-07,4.55817959436157e-06
"Os06g0546500",878.525828620457,-3.09776074992945,0.617216950022773,-5.01891717298943,5.19635466209122e-07,4.56664862914815e-06
"Os04g0681600",1037.47122343643,-1.1740719626195,0.233948372122874,-5.0185087930548,5.20741103657339e-07,4.57495662135891e-06
"Os05g0194550",245.759414290573,-1.41978654399564,0.282980651123397,-5.01725661581197,5.24145375943796e-07,4.60344788028914e-06
"Os01g0122000",22.4638884748626,-8.52051153628681,1.69833056276708,-5.01699240600393,5.24866415220835e-07,4.60836264412904e-06
"Os07g0580766",69.6596583979938,-3.54199998950379,0.70608819917044,-5.0163704671246,5.26567489228895e-07,4.62187651062411e-06
"Os01g0805800",2630.48284141831,-0.517559131692924,0.103185372079002,-5.01581882455842,5.28080742467841e-07,4.63373400338213e-06
"Os03g0794700",21985.1708613738,-1.42258881281405,0.283656574222362,-5.01518012305565,5.2983805217561e-07,4.64629719241186e-06
"Os03g0805100",3720.41744975822,-0.974085982744035,0.194360259217247,-5.01175490641451,5.39358743509428e-07,4.72398158169166e-06
"Os08g0127300",1335.4975218565,-0.999466334023264,0.199556824779752,-5.00842972985945,5.48759033721925e-07,4.7989515498035e-06
"Os03g0222600",821.937611261544,-1.45358618189539,0.290253132487775,-5.00799481279195,5.50000166387037e-07,4.80658600050139e-06
"Os07g0586200",177.78332876044,-1.83144284077947,0.366076214699165,-5.00290039953708,5.64741227121826e-07,4.92664229430483e-06
"Os04g0627400",302.244571946405,-2.89243945952011,0.578309374554758,-5.00154344159993,5.68731479016797e-07,4.95993624719079e-06
"Os03g0642300",302.734024966799,-2.73702874471428,0.547372228503608,-5.00030619419019,5.72393390597438e-07,4.987300653606e-06
"Os05g0357700",641.331704049815,-0.651824806108324,0.130356883668818,-5.00030982456083,5.72382612523706e-07,4.987300653606e-06
"Os12g0127650",587.82009690076,-1.37261853001336,0.27456799908972,-4.99919340405299,5.75706350151916e-07,5.01463596543677e-06
"Os08g0442700",355.224781896576,-1.72113754436995,0.34429586471652,-4.99900730956228,5.76262185220219e-07,5.01794625226538e-06
"Os12g0103540",25.0846935237936,-7.9940238481998,1.59995637206471,-4.99640114429101,5.8410095665397e-07,5.07845802824579e-06
"Os01g0720700",4354.61391905909,-0.967654761471293,0.193767032041456,-4.99390815494489,5.91695446408111e-07,5.13666509193221e-06
"Os03g0581100",438.657682723381,-1.58152663893058,0.31680264978416,-4.99215091795502,5.97105683905867e-07,5.17972881134993e-06
"Os09g0402300",827.312730173237,-1.07064996917142,0.214470502860031,-4.99206163502195,5.97381840210341e-07,5.17972881134993e-06
"Os11g0657000",1037.65077990829,-1.64627016213247,0.329847456188495,-4.99100457270677,6.00660755342129e-07,5.20657777117696e-06
"Os01g0212700",24.0628296970622,-3.26126792368934,0.653606288804978,-4.9896519962378,6.04881637309129e-07,5.23998223227672e-06
"Os04g0619500",2975.4787203845,-0.453611430439183,0.0909285734976014,-4.98865662344465,6.0800606735866e-07,5.26385355980758e-06
"Os11g0599200",1344.32840134549,-0.891025684044773,0.178626795818177,-4.98819720727533,6.09453395329459e-07,5.27478402555611e-06
"Os07g0300900",1556.02792022764,-0.710752278040535,0.142556407822505,-4.98576169880404,6.17181770362632e-07,5.33358657379079e-06
"Os06g0188950",116.303212329225,-1.65090539778522,0.331137525276008,-4.98555817982021,6.17831837742221e-07,5.33758837061561e-06
"Os05g0392900",17.945287868332,-8.14537374914334,1.63403447001137,-4.98482369780526,6.2018336643319e-07,5.3562826055882e-06
"Os02g0497700",3145.74701899414,-0.668706826782168,0.134177766943863,-4.98373793224581,6.2367537844545e-07,5.38155683263208e-06
"Os03g0618800",321.036182204832,-1.25458333651023,0.25191183364516,-4.98024772539037,6.35029332155344e-07,5.47621669397043e-06
"Os01g0897300",834.558971642037,-0.946468805436855,0.190167713685375,-4.97702153059877,6.45701417660978e-07,5.56152723769311e-06
"Os12g0125800",67.5689196760501,-2.65084469905466,0.532861985976811,-4.97473035948566,6.53385237373064e-07,5.6226192992393e-06
"Os06g0712500",1862.88428746456,-0.999287183818453,0.200964733081952,-4.97245048170192,6.6111861214248e-07,5.68573957969116e-06
"Os12g0563200",448.170260575983,-1.63865944624032,0.329638668997424,-4.97107772951578,6.65817470264563e-07,5.72270215935914e-06
"Os02g0702600",2235.38630114363,-1.54817829931234,0.311475985013907,-4.97045799291146,6.6794932484674e-07,5.7331501054833e-06
"Os10g0183900",1979.79640319506,-0.724005139342646,0.145662824096945,-4.97041811341507,6.6808673280571e-07,5.7331501054833e-06
"Os02g0517333",95.1668263058846,-5.85913075161603,1.17984428320243,-4.96602037661503,6.83407773642263e-07,5.85449924695221e-06
"Os09g0461500",342.545050176422,-1.42474930095762,0.286927955633045,-4.96552975402557,6.85137872135262e-07,5.86755938260693e-06
"Os05g0594700",1393.19044358413,-1.06544795205726,0.214580347112417,-4.96526343812409,6.86078757021491e-07,5.8738548411582e-06
"Os10g0340800",961.021264296629,-1.23086580865279,0.247970540263307,-4.96375822444793,6.91420074846619e-07,5.91780948018648e-06
"Os07g0200000",1936.6367730777,-0.676638745645435,0.136523028301427,-4.9562242653415,7.18762489021018e-07,6.13894568719806e-06
"Os03g0719000",1669.07170559105,-1.77168220351003,0.357530695804578,-4.95532893902461,7.22080256463274e-07,6.16543788228767e-06
"Os05g0176000",6031.71102239069,-1.44926236542518,0.292491862688236,-4.95488097379971,7.2374579274906e-07,6.17596409812531e-06
"Os03g0266800",5004.61280555653,-1.05858704151896,0.213659651191349,-4.95454820606681,7.24985419651208e-07,6.18469331097552e-06
"Os07g0175900",2134.34898132154,-1.0797697300174,0.217946304422402,-4.95429244776137,7.25939560938881e-07,6.19098261949191e-06
"Os05g0325400",1950.2663504655,-0.930719434728723,0.187911391633821,-4.9529697302354,7.30893478997175e-07,6.22950835010313e-06
"Os01g0952700",947.057052095522,-0.803052429774613,0.162227972721351,-4.95014772300686,7.41571724191706e-07,6.31109817988314e-06
"Os03g0737000",39376.9246849409,-0.482404424413496,0.0974555194813425,-4.94999592615019,7.42150350494762e-07,6.31413997154172e-06
"Os05g0472000",404.507911781242,-1.75006395694956,0.353631440060365,-4.94883587457841,7.46586674505371e-07,6.34809950464144e-06
"Os12g0189900",798.541350123179,-0.888417145433366,0.179551710259179,-4.94797372941175,7.49900268087459e-07,6.3743755962741e-06
"Os02g0781000",923.607501203016,-1.2036627955998,0.243302662329428,-4.94718300274931,7.5295182231094e-07,6.39840929325497e-06
"Os01g0974800",2204.67888578613,-0.806809991552789,0.163100668810047,-4.94669946750756,7.54823760884351e-07,6.41240756865563e-06
"Os02g0109100",5541.47545779677,-1.2265831533946,0.247968908687189,-4.94651994836144,7.55519884533521e-07,6.41558381884862e-06
"Os07g0460900",202.680833946682,-1.82659730693345,0.369271617392658,-4.94648714090358,7.55647169246393e-07,6.41558381884862e-06
"Os04g0600900",67.7700021813797,-7.0045461143233,1.41626159812433,-4.94579964859597,7.58319224110045e-07,6.43476147267784e-06
"Os08g0300100",348.133875970424,-9.68001468586844,1.9574631052092,-4.94518372280324,7.6072085196517e-07,6.45290222837855e-06
"Os07g0132000",16.7772321709757,-8.346740609285,1.68813835824146,-4.94434627857152,7.6399798454992e-07,6.47877554099611e-06
"Os01g0300200",17131.8810967238,-0.810174467733238,0.16393711892771,-4.94198307883217,7.73319289738991e-07,6.55198153942112e-06
"Os01g0928100",4371.08856694839,-0.603331741755608,0.122178437922819,-4.93811962252077,7.88794544599144e-07,6.67121525364088e-06
"Os02g0155000",65.008318613046,-2.43137524986702,0.492524810622859,-4.93655384952535,7.95150893877783e-07,6.72099115038419e-06
"Os05g0585400",835.118717686592,-1.84100578484984,0.373552017188283,-4.9283786464521,8.29148091002836e-07,7.00006007381986e-06
"Os02g0278200",15.9581807015669,-8.43316056626289,1.71153956495955,-4.92723670484484,8.34006962478276e-07,7.03691833785986e-06
"Os09g0462700",3893.2991892076,-1.90702884127207,0.387072608096968,-4.92679874881338,8.35877696338789e-07,7.04853558767929e-06
"Os11g0275500",173.296741809681,-2.41893579596289,0.491210506964417,-4.92443822285365,8.46030504470967e-07,7.12362676094964e-06
"Os10g0563900",1024.36254109373,-1.79702238063912,0.364980883084624,-4.92360686250646,8.4963444892398e-07,7.15186249191568e-06
"Os08g0539100",735.040242578305,-1.13927260404995,0.23143436199655,-4.9226596872721,8.53758468411097e-07,7.18022443203487e-06
"Os01g0226400",128.893783176849,-1.74129589209777,0.353778431528271,-4.92199562470675,8.56661297898552e-07,7.20251548960715e-06
"Os01g0606400",229.667179347994,-2.69344185189407,0.5473094600831,-4.92124117767874,8.59970760106612e-07,7.22608341963001e-06
"Os07g0600700",1318.08906658657,-2.13379130641199,0.433594173770804,-4.92117153663578,8.60276867897085e-07,7.22652822756162e-06
"Os02g0752300",921.083890253462,-1.82197305696305,0.370494289847035,-4.91768188307379,8.75750754471041e-07,7.34716335662236e-06
"Os07g0606900",2006.16802921741,-1.47647200601866,0.300234897918604,-4.91772281055398,8.75567729472821e-07,7.34716335662236e-06
"Os05g0176100",21358.7300605856,-1.12787017805895,0.229504887442661,-4.91436235030389,8.90718792915793e-07,7.46905911427391e-06
"Os06g0652600",2152.59787006297,-2.2743584535295,0.462865990876907,-4.91364346993974,8.93992578794545e-07,7.49430959445271e-06
"Os04g0309400",3502.74116934345,-0.724164849533036,0.147421872494634,-4.91219408137279,9.00628367770409e-07,7.54566588131663e-06
"Os04g0480400",1300.83425557117,-0.752268912451571,0.153149933554283,-4.91197674718502,9.01627476785542e-07,7.55165924218501e-06
"Os10g0525400",120.978048637097,-3.03831165141426,0.618582635958935,-4.91173123006312,9.02757429594017e-07,7.55890527143784e-06
"Os11g0202300",455.789676932167,-2.71120165378719,0.5520160497939,-4.91145439484856,9.04033154356604e-07,7.56608792702438e-06
"Os11g0666000",17.0634426174122,-8.42981411538518,1.71766533791814,-4.90771626421847,9.21430267100392e-07,7.7039559297345e-06
"Os02g0144200",69.32637777814,-3.31597119891329,0.675696364418184,-4.90748711038062,9.22507160457994e-07,7.71070113853967e-06
"Os07g0679500",634.981033813743,-1.47375144397714,0.300323618981535,-4.9072112575593,9.23805120015468e-07,7.71928962111286e-06
"Os12g0405300",292.75777069871,-3.22566526011415,0.657424547163261,-4.90651782631583,9.27075665097717e-07,7.735296049269e-06
"Os05g0221200",370.490605738493,-7.01368237077513,1.42962986446718,-4.90594282135336,9.2979610860195e-07,7.7557276808691e-06
"Os02g0773200",484.19223213807,-1.38892414598568,0.283338310305641,-4.9019991136653,9.48662645815995e-07,7.90616833932022e-06
"Os01g0521600",293.985005582037,-4.30589888011006,0.878489833788507,-4.90147832620985,9.51181451743252e-07,7.92311029445059e-06
"Os03g0192700",6332.95640805931,-1.15020719226959,0.234743231882622,-4.89985241766085,9.59086708602037e-07,7.98533925007462e-06
"Os04g0308600",871.796107530787,-4.4089567194501,0.899855385825387,-4.89962808346811,9.60182386859812e-07,7.99050905263162e-06
"Os04g0542900",2999.1761313049,-0.705664040839592,0.144083678684917,-4.897598723744,9.70148960409759e-07,8.06169779503236e-06
"Os06g0492101",16.9692238196025,-7.98235831042601,1.62991226545679,-4.89741594047636,9.71051516938859e-07,8.06684938867951e-06
"Os07g0635900",12068.4361968726,-1.93125519515034,0.394366932735159,-4.89710225387302,9.72602338914303e-07,8.0755745351363e-06
"Os11g0549650",502.715884223425,-1.02024656953795,0.208337352678207,-4.89708905495118,9.72667644751912e-07,8.0755745351363e-06
"Os05g0543100",2750.20027210521,-1.73362278172917,0.35411697946009,-4.89562173599348,9.79954048302794e-07,8.12661486192764e-06
"Os03g0639800",2398.89977565945,-1.96588825690502,0.4016274574062,-4.89480542391491,9.84030403675952e-07,8.15804932980726e-06
"Os03g0576900",4876.77988870322,-0.487242735006651,0.0995902616717427,-4.89247368997424,9.9576430872619e-07,8.25293159938455e-06
"Os03g0271200",3760.83723323179,-0.579187181353637,0.118408578914122,-4.89142920779165,1.00106399169792e-06,8.2944471927505e-06
"Os04g0653100",1948.32480665789,-0.686557524686753,0.140365939322175,-4.89119745147669,1.00224359404351e-06,8.30181112837431e-06
"Os01g0330100",378.89314325125,-2.12644569054375,0.434756836999966,-4.89111500860403,1.00266353754388e-06,8.30288019020965e-06
"Os07g0640100",5344.20313835837,-1.02161922394657,0.208934880779223,-4.88965375305666,1.01013497624729e-06,8.3598993221231e-06
"Os01g0606200",142.603708839894,-3.62635013031569,0.741686356809684,-4.88933104542222,1.01179219843767e-06,8.37118739484199e-06
"Os07g0541800",453.537078595685,-1.56086952589301,0.319362214348523,-4.88745836471944,1.02146088128465e-06,8.44628603574423e-06
"Os02g0730400",873.393362033095,-1.87912004069813,0.384598687416892,-4.88592421705596,1.02944792362901e-06,8.50986433016692e-06
"Os01g0226500",991.011745989605,-0.707959207553108,0.144958483220415,-4.88387565753311,1.04020685654733e-06,8.58636914785628e-06
"Os01g0935800",340.086633138134,-2.12267600681228,0.434805056635243,-4.88190276175418,1.05067065773713e-06,8.66272191058599e-06
"Os04g0689500",3223.31525235221,-1.81360630531984,0.371564621376578,-4.88099835393576,1.05550123180515e-06,8.70003671979388e-06
"Os10g0387000",5558.6114961372,-0.536372682637872,0.109901459640802,-4.88048734194189,1.05824006465406e-06,8.71757702900018e-06
"Os11g0490100",326.706843975852,-2.49314639809421,0.510883300009376,-4.88007025880168,1.06048054231802e-06,8.73351315635474e-06
"Os06g0725800",86.2667838498702,-2.10792072780662,0.43218236891366,-4.87738713891804,1.07500319144724e-06,8.84545722014125e-06
"Os06g0334600",1222.72997058805,-1.03268204099905,0.211764396046849,-4.87656121745125,1.07951196735388e-06,8.87743866210004e-06
"Os05g0117798",2742.9293019191,-1.56820374947563,0.321624855495024,-4.87587859794591,1.08325217707712e-06,8.90563080140818e-06
"Os01g0270300",4324.73693492025,-1.44749310259573,0.296945248141123,-4.87461278352503,1.09022085955146e-06,8.95776171993005e-06
"Os03g0291800",2986.97246543601,-1.17759835720385,0.241597630187498,-4.87421319608947,1.09242965138392e-06,8.97332718535325e-06
"Os02g0131050",295.317785534855,-1.95795591169789,0.401905542013263,-4.87168179341323,1.1065228202398e-06,9.08386177190824e-06
"Os11g0479100",152.083041968625,-1.99359901660331,0.409483575616658,-4.86856893735255,1.12409309416529e-06,9.21749878766273e-06
"Os09g0353400",113.696037212751,-2.02163349809983,0.415411078638428,-4.8665854187761,1.13542861757899e-06,9.29976311626243e-06
"Os04g0554200",539.001626737758,-1.61632477150858,0.332214719294875,-4.86530149819737,1.14282459485548e-06,9.35765497290731e-06
"Os06g0207500",700.250884722279,-1.16385594085609,0.23927375690459,-4.86411863930476,1.14967941995758e-06,9.40717064062881e-06
"Os09g0439050",622.086660037157,-1.00036323937,0.205733547797508,-4.86242156458897,1.15958333259277e-06,9.47585074306559e-06
"Os01g0690900",16.8666092960995,-8.08505495146456,1.66281213684334,-4.86227804832668,1.16042462960184e-06,9.47729917807005e-06
"Os12g0637400",46.872831897595,-4.36411624842973,0.8978487170893,-4.86063650297077,1.17008929423988e-06,9.54803568175614e-06
"Os03g0135700",2732.58639097619,-1.47416620224584,0.303328986063391,-4.85995823009728,1.17410522358817e-06,9.56986279328972e-06
"Os08g0532700",1185.28486812307,-1.90256967035159,0.391857015140615,-4.85526505036248,1.20225824985666e-06,9.78815159267217e-06
"Os02g0761000",1319.50976230605,-1.79890600229591,0.370637125732344,-4.85355048753261,1.21270449621913e-06,9.85654154503245e-06
"Os12g0175400",365.945274728253,-1.46714569247133,0.302280842742655,-4.85358476296289,1.21249481494428e-06,9.85654154503245e-06
"Os01g0974500",663.218057796395,-0.97740610629032,0.201439107325708,-4.85211694623897,1.22150554950962e-06,9.92221240899335e-06
"Os02g0710700",192.098587308533,-1.92122185224617,0.395981610625899,-4.85179564073553,1.2234865786568e-06,9.93265099578494e-06
"Os05g0587300",3369.16405458409,-1.5191900176179,0.313141222214401,-4.85145330555598,1.22560066839596e-06,9.94698478211381e-06
"Os12g0614200",250.903332702211,-4.82958389090768,0.995645599389562,-4.85070580723577,1.23022906303503e-06,9.98171073771228e-06
"Os02g0116800",782.89213931456,-1.84418196695952,0.380238684492257,-4.85006403128632,1.2342162526868e-06,1.00055293145959e-05
"Os08g0541300",167.626245602944,-1.94909077257058,0.401868384842516,-4.8500724269076,1.23416401268152e-06,1.00055293145959e-05
"Os03g0726100",80178.3623310497,-1.42536937492636,0.294124119957466,-4.84614922139838,1.25880850419413e-06,1.01875332984739e-05
"Os11g0696200",9147.04642611087,-1.50946246746857,0.311585094328178,-4.84446302132389,1.26954558969897e-06,1.02686056424958e-05
"Os12g0284800",15.3421273024032,-8.58155928532992,1.77147939863567,-4.84428963268731,1.2706546449025e-06,1.02746646413872e-05
"Os01g0249200",4407.04687023596,-1.5561042315198,0.321238276721329,-4.84408099620614,1.27199039325675e-06,1.02825527570435e-05
"Os10g0540800",532.583970257687,-1.30623069526802,0.269672311678454,-4.84377015622397,1.27398298221214e-06,1.02957446897688e-05
"Os12g0223000",18.4207305769377,-7.66824875818576,1.58315657415896,-4.84364521068262,1.27478477093209e-06,1.02993083785694e-05
"Os12g0601400",6810.09004216474,-1.92404272824509,0.39745579455387,-4.84089741452822,1.29254088172772e-06,1.04398095438699e-05
"Os10g0504600",2580.45698610885,-1.78856540798096,0.369508978742478,-4.84038416080674,1.29588376223159e-06,1.04638489700533e-05
"Os04g0599800",3097.56779090298,-1.15490546577034,0.23863906580506,-4.83954905653948,1.3013406726899e-06,1.05019700766922e-05
"Os03g0246500",10914.5629521278,-1.00774606336897,0.208388275541702,-4.83590576652812,1.32540704351278e-06,1.06841058034535e-05
"Os07g0579000",420.759337773176,-1.06813224205266,0.220905795485636,-4.83523865774773,1.32985986596319e-06,1.07139486350701e-05
"Os04g0164900",291.509033879066,-1.67892450997962,0.347240872898359,-4.83504287950301,1.33116937652453e-06,1.07214725404955e-05
"Os08g0380100",540.201674082028,-1.79203970512645,0.370655475791036,-4.83478546027671,1.33289307534629e-06,1.07323272052707e-05
"Os11g0245500",290.917730960086,-1.8577276172549,0.384418910581098,-4.83256043373804,1.34788176033537e-06,1.08468951133389e-05
"Os12g0517100",15.2255641842862,-8.52450686501835,1.76424911046727,-4.8318045419111,1.35301054611222e-06,1.08850995006277e-05
"Os09g0407300",575.798953886233,-1.2547021657392,0.25972546604367,-4.83087848431559,1.35931950549498e-06,1.09327742927159e-05
"Os07g0666900",859.172387603045,-2.10734167607685,0.436249210260315,-4.8305913833503,1.36128117902721e-06,1.09454675983529e-05
"Os04g0681400",2471.77082976248,-0.648152044111015,0.134208987806891,-4.82942353341952,1.3692888411001e-06,1.10036544708224e-05
"Os11g0181400",2055.27604166713,-1.68844302247862,0.349649923493075,-4.82895292986403,1.37252844372455e-06,1.10265837032574e-05
"Os12g0601300",6143.36072710053,-1.54860056360986,0.320921488901665,-4.82548105117502,1.39665744105687e-06,1.12078127628696e-05
"Os05g0593200",1905.74865416841,-1.21916507307809,0.252765060537879,-4.82331327946881,1.41192941436776e-06,1.13195669430512e-05
"Os09g0334600",755.863629768835,-1.97682457898613,0.410199807789271,-4.81917480566366,1.44153210018137e-06,1.15225685431467e-05
"Os07g0644200",422.661601591751,-1.08424261961431,0.22505024442645,-4.81778023559827,1.4516412846931e-06,1.15917271983365e-05
"Os05g0345100",487.257089833072,-1.55613438610612,0.323219958719967,-4.81447492372937,1.47587434207566e-06,1.17707061246739e-05
"Os01g0706500",856.425070481572,-1.95672078088467,0.406465255975489,-4.81399271430636,1.47944203453317e-06,1.17947453082901e-05
"Os02g0827100",1151.90421962624,-0.929273535194475,0.193037401912136,-4.81395587585379,1.47971492954691e-06,1.17947453082901e-05
"Os01g0938600",2951.37783978286,-1.02045764933206,0.212021585870893,-4.81298941869746,1.48689164840521e-06,1.18420299140844e-05
"Os03g0161100",3074.60003292407,-1.67612784934117,0.348289942409338,-4.81244975880255,1.49091360456904e-06,1.18687334751787e-05
"Os02g0816500",2453.10218712594,-0.857700911998861,0.178320476521194,-4.80988458942864,1.51017465603195e-06,1.20107064312555e-05
"Os03g0787400",20.5847507220464,-7.3188419945534,1.52210558026235,-4.80836683700479,1.52168339708769e-06,1.20988665421925e-05
"Os10g0169800",2649.58157402377,-0.582932538548076,0.12125572631715,-4.80746399574886,1.52856936767558e-06,1.21434689760456e-05
"Os03g0234900",436.754459406186,-2.70198444527815,0.562130407799637,-4.80668614931294,1.53452601759366e-06,1.21873986216454e-05
"Os05g0250700",136.270914002904,-1.92683483832487,0.401152365135273,-4.80324935308588,1.56111274811616e-06,1.23916580317652e-05
"Os02g0700100",10004.8845399127,-1.54201382457723,0.32142539011029,-4.79742382531796,1.60719299109618e-06,1.27361789944057e-05
"Os05g0366300",1049.99243777096,-1.11407946964058,0.232347750856623,-4.79487950941282,1.62772636476692e-06,1.28917373351573e-05
"Os05g0373500",456.104519385042,-1.28068913189226,0.267132156972183,-4.79421551642554,1.63312633257202e-06,1.29273316796827e-05
"Os04g0599900",8284.35577665949,-0.61484454396143,0.128301268458422,-4.79219380563397,1.64967427163192e-06,1.304746533928e-05
"Os02g0285300",2524.02905356547,-2.33210301402839,0.48669422235782,-4.7917211811769,1.65356593604146e-06,1.30673826352069e-05
"Os10g0145100",138.464800796425,-2.77688319814932,0.579881878133705,-4.78870491191491,1.67861102435427e-06,1.32433037808646e-05
"Os07g0658700",565.818063553792,-1.22689988979751,0.256224905906658,-4.78837092536378,1.68140654133346e-06,1.32616933727058e-05
"Os03g0681900",2627.2110875817,-0.790765833090022,0.165147174457912,-4.78824924305047,1.68242615201306e-06,1.32660696362046e-05
"Os01g0814900",11337.4136748088,-0.856429582278427,0.178864135865267,-4.78815710111695,1.68319863080019e-06,1.32684953652474e-05
"Os11g0247000",2891.29013625296,-0.665390005536655,0.139019915022436,-4.78629270798553,1.69890233840635e-06,1.33811998751299e-05
"Os10g0337500",1705.3027092227,-1.49008665936717,0.3114912693673,-4.7837188579758,1.72081331912732e-06,1.35425683433058e-05
"Os01g0937400",3122.58606229132,-0.817071884864179,0.170830773470857,-4.78293148396689,1.72757024487207e-06,1.35882516036452e-05
"Os03g0389700",11678.1756692496,-1.05842215335067,0.221322381234501,-4.78226443908184,1.73331449880214e-06,1.36296774252915e-05
"Os12g0121100",1969.82085710079,-1.49062061793193,0.311812883990148,-4.78049719709154,1.74862196842896e-06,1.37424739721466e-05
"Os07g0486700",98.5847479956262,-3.82741481330167,0.800661367501277,-4.78031658408393,1.75019369634727e-06,1.37472561553485e-05
"Os07g0630900",2212.55306823561,-0.569341303915054,0.119118643717418,-4.77961539979996,1.75630840835257e-06,1.37914902910635e-05
"Os01g0752700",7058.21868158124,-0.684638012272844,0.143270217162455,-4.77864852746421,1.76477374750418e-06,1.38465370667288e-05
"Os01g0919100",94.4025580913334,-5.67004310626446,1.1867082330369,-4.77795885156564,1.77083607050094e-06,1.38902843628411e-05
"Os03g0816500",423.266001673447,-1.25931052267486,0.263657487173148,-4.77631238989945,1.7853896625761e-06,1.39929056915355e-05
"Os08g0398350",266.483120343463,-2.04943887418958,0.429148805625443,-4.77559030183648,1.79180862105243e-06,1.40355063883975e-05
"Os05g0535900",4103.94095871887,-1.10528164447891,0.231532424139012,-4.77376613054983,1.80812340990196e-06,1.41594169032213e-05
"Os02g0611500",3443.70376681256,-0.535884910285726,0.112277097627885,-4.77287818805032,1.8161164359049e-06,1.42181095848792e-05
"Os01g0525700",557.272011496117,-1.96642746546645,0.412030394215454,-4.7725301168879,1.81925893546456e-06,1.42349032494244e-05
"Os08g0524200",2921.25170740392,-1.0446388420802,0.218998519403359,-4.77007262389819,1.84159512068762e-06,1.44017783903856e-05
"Os05g0301700",11337.9372717024,-0.695171001745248,0.14575499458097,-4.76944892175934,1.84730574455646e-06,1.44385255127655e-05
"Os10g0388500",19.0010510757075,-8.36252439579531,1.75351831224864,-4.76899747061755,1.85144984738041e-06,1.44647455172378e-05
"Os12g0568200",452.744424059853,-2.89285560099741,0.606999378392261,-4.76582959386156,1.8807816977087e-06,1.46840899287191e-05
"Os02g0119000",273.978520819394,-1.31556832156129,0.276050970227056,-4.76567179053642,1.88225443621748e-06,1.46915697641213e-05
"Os02g0450000",1183.23709928807,-1.40687107159817,0.295267229046895,-4.76473828856477,1.89098926424033e-06,1.47516801198349e-05
"Os02g0118850",447.504275394231,-1.19305888446818,0.250432579782537,-4.76399231084139,1.89799740061505e-06,1.47982621696684e-05
"Os04g0433900",98.7252244766402,-2.50994291949827,0.526883890786331,-4.76374959149422,1.90028301893176e-06,1.4812036726485e-05
"Os02g0662700",1460.72689222035,-1.00033050999403,0.210018270840693,-4.76306421336466,1.90675131290904e-06,1.48502890793112e-05
"Os12g0138166",153.413085795951,-1.98401564487209,0.416616329737734,-4.76221286410223,1.91481542905589e-06,1.49008973846705e-05
"Os03g0788600",4424.6929017696,-1.7255725355293,0.362379144137748,-4.76178765650314,1.91885532270918e-06,1.49273612994255e-05
"Os02g0644400",1199.36592659604,-1.14022770595413,0.239591942090748,-4.75904029160653,1.94515607777678e-06,1.51163994239206e-05
"Os07g0124600",2227.93899436135,-0.765521856065181,0.160872566207038,-4.75856060554151,1.94978352397054e-06,1.51482365019639e-05
"Os09g0382500",4224.5887368685,-0.678454712823173,0.142605482242644,-4.75756403017368,1.95943114231137e-06,1.52107703361805e-05
"Os03g0161900",543.004383394609,-1.73158478906031,0.364112735691896,-4.75562818688534,1.97830282166985e-06,1.53405802069395e-05
"Os10g0452700",102.55636698172,-2.35802726806682,0.495986589270325,-4.75421577735771,1.99218181747624e-06,1.54398147700358e-05
"Os04g0337500",305.559937944678,-1.73063489353747,0.364111695002209,-4.7530329766721,2.00387648761163e-06,1.55220218351116e-05
"Os12g0106300",2003.43454392804,-1.92785335531698,0.405638487072888,-4.75263915223748,2.00778494962893e-06,1.55480774829648e-05
"Os04g0476400",859.945502593585,-1.68035467574589,0.353609256385878,-4.7520098679549,2.01404540716977e-06,1.55923276653794e-05
"Os06g0554300",1743.61551557059,-1.69032332515139,0.355720484886065,-4.75183015027315,2.0158367745965e-06,1.56019644506732e-05
"Os01g0856500",4542.64423679622,-1.15984744303456,0.244116178294157,-4.75121088302864,2.02202115965613e-06,1.56413474203861e-05
"Os04g0153000",127.568457650601,-4.13154037744393,0.869691851069853,-4.75057961318312,2.02834416657818e-06,1.56775131033868e-05
"Os05g0578600",1817.44229477907,-1.99852891716553,0.42073563255256,-4.7500823855604,2.03333792971582e-06,1.57076042938588e-05
"Os07g0690400",3356.3378542209,-0.771065802145027,0.162442049192794,-4.74671309538756,2.06748889792804e-06,1.59455290738876e-05
"Os07g0211200",1289.20167191682,-0.731600354653041,0.154131570692024,-4.74659637456676,2.06868179312206e-06,1.59504195307607e-05
"Os09g0565600",1377.34172042317,-1.22766582211726,0.258661680106578,-4.74622225298861,2.0725097996725e-06,1.59756196926416e-05
"Os03g0767600",1321.0897444469,-1.97487267848809,0.416242989416919,-4.74451877557031,2.09002594157465e-06,1.61062906253528e-05
"Os04g0495900",466.149613478677,-1.47503135138585,0.311107025933414,-4.74123445769287,2.12419937523117e-06,1.6356392491664e-05
"Os03g0198500",2738.88327435295,-1.02242570897304,0.215684244732625,-4.7403819886821,2.1331566867617e-06,1.64120820665568e-05
"Os07g0624700",3206.69834354331,-1.43282632513247,0.302324262008923,-4.73936929709659,2.14384468326821e-06,1.64854263575452e-05
"Os04g0643300",3332.35638825164,-1.07304081302054,0.226537843255995,-4.73669563370907,2.1723103692031e-06,1.66863367003588e-05
"Os02g0154600",1755.05435412936,-0.57782619717196,0.122002418917524,-4.73618639940723,2.17777302802442e-06,1.67237969631232e-05
"Os10g0554900",2046.42652837179,-2.03164611560975,0.429054736163681,-4.73516767062254,2.18874075668083e-06,1.68035008495691e-05
"Os03g0257000",274.474055249663,-1.7489667281376,0.369426409452212,-4.73427639006908,2.19837985467954e-06,1.68729643914958e-05
"Os11g0307550",1274.69942605148,-0.799714813339338,0.168967255769257,-4.73295733956544,2.21272008086565e-06,1.69693395992018e-05
"Os03g0675000",17.4105120759649,-8.17521589995198,1.72744729844839,-4.73254142531298,2.2172603433995e-06,1.6992857946081e-05
"Os03g0727600",139.827981238029,-3.41924211669228,0.722499636555558,-4.73251742103728,2.21752265518143e-06,1.6992857946081e-05
"Os02g0591900",3318.19746692725,-0.668882795560249,0.141399214953474,-4.73045621774024,2.24015837467892e-06,1.7161320624486e-05
"Os01g0929000",1608.15967582894,-1.50499250216102,0.318198949021456,-4.72972178817454,2.24827721653598e-06,1.72142770570823e-05
"Os05g0500200",1013.19617657776,-1.41921581961987,0.300108797567964,-4.72900438481302,2.25623511564002e-06,1.72659450779702e-05
"Os01g0358400",19890.4258238735,-0.984479607124232,0.208211630467776,-4.72826424207169,2.26447359876372e-06,1.73197037521735e-05
"Os10g0550775",15.375119470872,-8.25446666605426,1.74604280399143,-4.72752824110878,2.27269461967407e-06,1.73779253211832e-05
"Os12g0571700",133.494563309521,-3.03707810682289,0.642508425533096,-4.72690782895648,2.27964678460755e-06,1.74264161274339e-05
"Os05g0217800",405.324449594954,-6.07090188781873,1.2844745373762,-4.72636997555418,2.28569034050835e-06,1.74632615309075e-05
"Os06g0247900",980.555610330834,-1.44994883016534,0.306812326495508,-4.72584933834648,2.29155509946919e-06,1.74987021827845e-05
"Os12g0403800",2272.49529289236,-0.559035783207085,0.118301077504652,-4.72553416248555,2.2951124410764e-06,1.75211793308598e-05
"Os04g0127300",18.3845400422339,-8.36868595104062,1.77135386687945,-4.72445743762284,2.30730531259672e-06,1.76048443845926e-05
"Os02g0331400",193.44409421692,-1.56071516638724,0.33048950049631,-4.72243494587104,2.33037642214847e-06,1.77666305004823e-05
"Os02g0196700",24.5045533274182,-5.95212710211953,1.26063585395379,-4.7215276984639,2.3407974538329e-06,1.78413144251552e-05
"Os06g0190700",128.133069492557,-2.92012799604554,0.61929423817244,-4.71525135558009,2.41412539376394e-06,1.83658835926434e-05
"Os07g0475900",4815.85559160259,-0.538386981743035,0.114256792310684,-4.7120785631638,2.4520280622888e-06,1.86194969433284e-05
"Os04g0175500",160.485426890827,-1.62433356366347,0.344886757170551,-4.70975915975869,2.4800967796687e-06,1.88181462618517e-05
"Os08g0203800",508.149285732407,-0.913517436841083,0.193962899943764,-4.70975344824161,2.48016627792482e-06,1.88181462618517e-05
"Os04g0101300",270.433290606733,-1.98826308019337,0.422223202548542,-4.70903320374674,2.48894527668945e-06,1.88697088918522e-05
"Os01g0556800",219.352349802519,-2.63982370806001,0.560903879662396,-4.70637448549814,2.52161118057361e-06,1.91072125134837e-05
"Os01g0134500",4159.31927429925,-1.65826195349314,0.352460046598841,-4.70482248837843,2.54086934954764e-06,1.92378182263894e-05
"Os09g0459450",70.5409423013917,-4.5647227394081,0.971557419307423,-4.69835611225332,2.62263856617531e-06,1.9841133112353e-05
"Os12g0420300",88.2438597463353,-3.07232756972835,0.654022056285525,-4.69759015036501,2.63249004013452e-06,1.99103857195548e-05
"Os03g0226300",39.516316465942,-2.49800557577788,0.531811988340107,-4.69715920390337,2.63804829132174e-06,1.99471391860895e-05
"Os03g0328900",1772.93809810388,-0.932981370695603,0.198649211182423,-4.69662761378313,2.64492013934463e-06,1.99938030872492e-05
"Os09g0491596",110.776538096033,-2.04471417143481,0.435468398804795,-4.69543640146292,2.66038133976125e-06,2.01053547689026e-05
"Os09g0479200",2578.02995975439,-1.79992287857109,0.38336349340373,-4.69508158586072,2.66500336860353e-06,2.01296258675361e-05
"Os01g0925300",1848.67053242794,-1.65094387376881,0.351821701115899,-4.69255838549012,2.69809498071205e-06,2.03472716326142e-05
"Os08g0505900",452.243049674645,-2.42049204388836,0.515990623536093,-4.69096129557681,2.71924412418484e-06,2.05013481988199e-05
"Os09g0130300",401.059069920896,-6.71003093936449,1.43062323650894,-4.69028516252719,2.728245532671e-06,2.05637814852287e-05
"Os02g0162150",77.4684837079896,-3.8420403052973,0.819563825293598,-4.68790860055462,2.76011231803466e-06,2.07875055424753e-05
"Os06g0703900",1590.04116655527,-0.764423048046924,0.163081122394971,-4.68737912040821,2.76726049503588e-06,2.0835843727329e-05
"Os10g0320100",401.038185773062,-1.27474302791565,0.272042561317698,-4.68582203365956,2.78838482479552e-06,2.0989360875254e-05
"Os11g0147500",2714.60597642596,-1.54905188568516,0.330636016585066,-4.68506698599976,2.79868385946612e-06,2.10557807286771e-05
"Os11g0180000",1440.7650538642,-1.32465096000987,0.282743835237548,-4.68498617802565,2.79978825984609e-06,2.1058539153899e-05
"Os08g0260400",234.94522129274,-2.35208094293767,0.50227296022032,-4.68287391363042,2.82880530165589e-06,2.12487943501225e-05
"Os03g0353000",329.496552466339,-1.2881392255851,0.275096894590268,-4.68249279041726,2.83407158613947e-06,2.12771539596962e-05
"Os11g0234200",560.463770799972,-1.24435446112609,0.265803358984496,-4.68148508687082,2.84804119124223e-06,2.13707906842319e-05
"Os06g0543400",343.988533963825,-1.7341425680548,0.370541408620842,-4.6800236834779,2.86841779689165e-06,2.15180335333706e-05
"Os07g0102200",296.699998036083,-1.76417531512335,0.377136376477049,-4.67781795965446,2.89943770306201e-06,2.17393091137909e-05
"Os04g0545100",637.506497265736,-1.5080125811824,0.322591920839601,-4.67467560023678,2.9441862843878e-06,2.20458691766961e-05
"Os02g0285900",33.6626463330736,-4.57254474840206,0.97833137863704,-4.67381998395297,2.95648494496636e-06,2.21263519321237e-05
"Os01g0589200",3424.74712290461,-1.04973522564754,0.224655203957517,-4.67265038670571,2.9733765423297e-06,2.22469357861753e-05
"Os06g0271300",14.8622419254099,-8.64071183454602,1.84967649309991,-4.67147193943352,2.9904895756509e-06,2.23573950883654e-05
"Os01g0897700",2268.54322733293,-1.12766175243773,0.241414597734628,-4.67105868087272,2.99651313132125e-06,2.23965621420355e-05
"Os02g0202200",183.586583271687,-1.39588522610549,0.29887568118546,-4.67045435268888,3.00534263164611e-06,2.24478878296807e-05
"Os03g0663700",798.59384644745,-1.24446858031964,0.266457118067321,-4.67042723176649,3.00573946486265e-06,2.24478878296807e-05
"Os04g0635000",184.785822399476,-2.19765953185513,0.470668180611858,-4.66923327809885,3.02325929423014e-06,2.25669229326635e-05
"Os10g0114400",777.53632286686,-1.10301313027723,0.236420216617095,-4.6654772001316,3.0790163675604e-06,2.29351365333101e-05
"Os04g0678300",949.276984779252,-1.48033775083839,0.317315957836013,-4.66518532800492,3.0833901224487e-06,2.29617238860359e-05
"Os02g0652550",160.065674089959,-1.56855071560399,0.336304717956948,-4.66407585695775,3.10007018847792e-06,2.30678841136376e-05
"Os03g0652000",525.050764964936,-2.26684482222457,0.486047404033817,-4.66383485111024,3.10370495689985e-06,2.30889117252409e-05
"Os07g0600400",2397.74587851799,-0.67742606595733,0.145273035985545,-4.66312321045412,3.11446155256233e-06,2.31628948817976e-05
"Os06g0235900",78.5339868049947,-3.95295912874859,0.848080538462663,-4.66106572368022,3.14576241584459e-06,2.33895916639406e-05
"Os02g0831500",794.556480854514,-1.27055242013748,0.272603700711556,-4.66080400530536,3.14976554402464e-06,2.34100880692871e-05
"Os04g0350700",1381.69811674253,-1.49213056009403,0.320185443032005,-4.66020736596972,3.15890974964968e-06,2.34690056985946e-05
"Os04g0533000",4979.43923991336,-0.390499210742382,0.0837954951028251,-4.66014563507503,3.15985730109421e-06,2.34699367167403e-05
"Os09g0330000",1729.26337453478,-1.14498989958199,0.245764012870396,-4.65889975594516,3.17903956465041e-06,2.3600131426107e-05
"Os07g0155100",3156.45049019293,-0.760182247900287,0.163222216059757,-4.6573454659014,3.20312692021518e-06,2.37665856019293e-05
"Os05g0498700",14481.1532827286,-0.490374247550085,0.105299947306175,-4.65692775822814,3.20963006066673e-06,2.37962806367977e-05
"Os08g0524000",3425.74136483194,-0.886244453255358,0.190313529874866,-4.65676010443438,3.21224376199954e-06,2.38032933391783e-05
"Os05g0573900",340.555739783265,-2.14059019439521,0.45968079158256,-4.65668836634596,3.21336277321748e-06,2.38054053980586e-05
"Os04g0540600",369.456089163977,-2.22963878639173,0.478857294883087,-4.65616543846554,3.22153100103459e-06,2.38597251929246e-05
"Os03g0301800",2478.23148370343,-1.53614489892607,0.329936357571123,-4.65588245634594,3.22595953329046e-06,2.38863265676376e-05
"Os05g0104000",558.931322927517,-1.46614461355647,0.314914393941928,-4.65569260015099,3.22893396238675e-06,2.39021501614023e-05
"Os01g0883900",3895.00476939026,-1.04333240113683,0.224158825483684,-4.6544337430639,3.24872280431539e-06,2.40361699653651e-05
"Os01g0887700",3544.90966602443,-0.639590038269323,0.137419936908837,-4.65427399150694,3.2512423505679e-06,2.40485777804121e-05
"Os10g0512800",4291.09632077299,-1.12417405497598,0.241588631380148,-4.65325726858007,3.26732172667549e-06,2.41424880575266e-05
"Os06g0707200",2282.81678997487,-1.3138193608604,0.28243256999957,-4.65179834203399,3.29052781030346e-06,2.43076671369829e-05
"Os01g0756200",1105.71470952641,-2.13839289426606,0.459873412225844,-4.64995983115434,3.31999684118418e-06,2.44977718134598e-05
"Os10g0546100",2321.01496638534,-1.6328243475066,0.351154690758426,-4.64987195238662,3.32141174741064e-06,2.44977718134598e-05
"Os02g0770700",972.420792878078,-1.23206072211254,0.264985218429223,-4.64954509317893,3.32667947391097e-06,2.45302864643025e-05
"Os03g0724300",2416.17672291333,-0.448194138643348,0.0964081245592246,-4.6489249810893,3.33669534849598e-06,2.4597787197177e-05
"Os12g0289600",1550.62467958727,-2.26818828437055,0.48802938489405,-4.64764695442052,3.35742897004461e-06,2.47250909496783e-05
"Os02g0751100",705.393179072539,-1.80085265970535,0.387497710958211,-4.64738915554409,3.36162622898874e-06,2.47496154449973e-05
"Os07g0205500",764.375127557044,-1.57452603696599,0.33882926791126,-4.64695994732769,3.36862539207481e-06,2.47947506940132e-05
"Os03g0647800",3159.20103931669,-1.40876240122108,0.303221339323746,-4.64598700197995,3.38454314105827e-06,2.4892656381955e-05
"Os02g0809300",81.2451510270984,-2.49502707209511,0.53711415471495,-4.64524542910107,3.3967239640535e-06,2.49728109125884e-05
"Os05g0558000",2378.91243676243,-0.678335218320177,0.146028745919219,-4.6452170362089,3.39719117059911e-06,2.49728109125884e-05
"Os11g0126100",115.111669689957,-5.25887128440631,1.13229844628469,-4.64442153185121,3.41030631605257e-06,2.50434225586325e-05
"Os01g0895300",918.540686085117,-1.51528244543092,0.326309030861079,-4.64370367388338,3.42218300267704e-06,2.51177144840353e-05
"Os01g0256900",3008.97644333362,-0.486743198147723,0.104835734791312,-4.64291302118159,3.43530994869976e-06,2.52011018184749e-05
"Os02g0817500",4373.64569045518,-1.87816246532287,0.404571752619078,-4.64234700807507,3.44473691849801e-06,2.52637642861272e-05
"Os01g0110500",1020.40281672579,-1.32567772906544,0.285783795697556,-4.63874351528455,3.50533745507103e-06,2.56752251263915e-05
"Os09g0463300",670.81289301668,-2.05225103950673,0.442428896900913,-4.63860080994293,3.50775827472773e-06,2.56863653652715e-05
"Os01g0674800",2192.93967839697,-1.15279582739508,0.248590176786476,-4.6373345974377,3.52930833321438e-06,2.58309171957106e-05
"Os03g0279000",6637.97813351369,-0.585173361230757,0.12619883959481,-4.63691554620935,3.53646821010156e-06,2.58766851035988e-05
"Os12g0517200",2288.31720460424,-0.68674234467305,0.148319803875476,-4.63014598677338,3.65408015676719e-06,2.67030373770514e-05
"Os03g0792800",1356.67541723233,-1.66361375578656,0.359317628029839,-4.6299252416539,3.65797774439122e-06,2.67178394922986e-05
"Os10g0434300",320.914352686813,-1.05598876469291,0.228150749081401,-4.62846941745585,3.68378251161156e-06,2.68925544786292e-05
"Os11g0664400",89.0663420277202,-3.60108967515079,0.778066003925358,-4.62825731619583,3.68755658177927e-06,2.69132229788564e-05
"Os03g0327700",14.6256802548286,-7.95098861593013,1.71815146305792,-4.62764126847071,3.69853939217677e-06,2.6986479654983e-05
"Os02g0219200",1856.96247701084,-1.53895001892757,0.332693330332773,-4.62573150290765,3.73278606250532e-06,2.72158864645952e-05
"Os01g0102000",492.302007207616,-1.27244862455997,0.275089852852513,-4.62557455815059,3.73561393552359e-06,2.72291532624069e-05
"Os02g0557200",6178.4161451324,-0.517223000317228,0.111821185729184,-4.62544728840449,3.73790862403275e-06,2.72389236059206e-05
"Os06g0334300",1665.37709369231,-1.11668488484518,0.241448342445946,-4.62494326336151,3.74700953420499e-06,2.7284623706193e-05
"Os08g0470200",817.272245596711,-1.43883560342776,0.311223221664063,-4.62316274388049,3.77932978432487e-06,2.74986462818682e-05
"Os03g0109400",2372.73950275281,-0.563122894037252,0.121841831769359,-4.62175334907323,3.80510264671109e-06,2.76720636809481e-05
"Os04g0472200",863.370105928844,-1.76617052708281,0.382198128420453,-4.62108627894657,3.8173596679228e-06,2.77541299952084e-05
"Os02g0606400",519.612443697234,-3.279766417614,0.709958037497798,-4.61966235240231,3.84365022277135e-06,2.7938159398723e-05
"Os11g0250400",14.8860437425349,-8.01413602979673,1.73500765117438,-4.61907820658437,3.8544856814363e-06,2.80097859701929e-05
"Os05g0443800",1165.17683033931,-1.10405970849353,0.239112504054737,-4.61732318373777,3.88721642670928e-06,2.82404443074548e-05
"Os05g0246300",2719.40188174115,-3.44540152340214,0.746402747827555,-4.61600862728623,3.91190691144179e-06,2.84053601832089e-05
"Os10g0577600",1490.21518160472,-1.03358773645267,0.223929530079378,-4.61568305031627,3.91804520335101e-06,2.84426964100842e-05
"Os05g0255800",370.706991295712,-2.2343161951882,0.484093308420402,-4.61546597799251,3.92214292246632e-06,2.8465204062771e-05
"Os03g0629900",479.170325052456,-1.27225238528169,0.27571624592668,-4.61435408350951,3.94319687385359e-06,2.85961919632309e-05
"Os03g0219200",8754.56181168139,-0.765347337363285,0.16589900952749,-4.61333277120298,3.96263104423117e-06,2.87298299533997e-05
"Os03g0338400",1729.19043283563,-1.64264959594882,0.356144557102963,-4.61231138645178,3.98215838603203e-06,2.88567476443001e-05
"Os08g0113100",40368.3086132215,-0.765809657699789,0.166055136738256,-4.61177939293075,3.99236579818296e-06,2.89233729297803e-05
"Os01g0646300",279.442503965571,-1.9129455481008,0.415068710572074,-4.60874428589006,4.05108205043616e-06,2.93204471732127e-05
"Os06g0185400",13.6142557940652,-8.38397283797554,1.81927334505411,-4.60841844397286,4.05743465733859e-06,2.93500797919596e-05
"Os01g0773400",353.653073997825,-2.03985156785681,0.442756724903651,-4.60716111833355,4.08203706132259e-06,2.95056130358045e-05
"Os02g0228151",30.3581136752849,-6.65837935421167,1.4453735454871,-4.60668411636645,4.09140803243725e-06,2.95583778481115e-05
"Os08g0203300",2227.25172158388,-1.14370849309912,0.248296573365232,-4.6062193996402,4.10055747758607e-06,2.96169819433747e-05
"Os03g0295600",1354.99261297295,-1.40463373727251,0.30517196153658,-4.60276144046784,4.16925697176547e-06,3.00827277558326e-05
"Os01g0949400",546.30165702345,-1.04840178606974,0.227792143460035,-4.60244927742066,4.17551272527365e-06,3.01202515112992e-05
"Os08g0431300",4142.99524486506,-1.28190243838719,0.278586800682163,-4.60144714411542,4.19565634129309e-06,3.02502689077722e-05
"Os05g0199500",925.269196862495,-0.790815800849235,0.171910872266948,-4.6001500104149,4.2218679876481e-06,3.04035631771104e-05
"Os01g0260100",1483.00612184806,-1.09520439115742,0.238131541750463,-4.59915718475076,4.24203631113036e-06,3.05383819583619e-05
"Os06g0560400",1073.34403354602,-0.838461695159335,0.18231838458518,-4.59888725466191,4.24753563028274e-06,3.057026148028e-05
"Os07g0634900",887.613783387447,-2.20012710437966,0.478602817962384,-4.59697900180893,4.28660801022908e-06,3.08359221380995e-05
"Os03g0857500",730.645760832041,-2.1262156869064,0.462569238565236,-4.5965349825279,4.29574878049793e-06,3.08938909525152e-05
"Os02g0767000",1957.31778918479,-1.74239078013177,0.37910692192451,-4.59604053465086,4.30594967376443e-06,3.09438639194189e-05
"Os07g0507200",2768.57020211674,-1.52701304843029,0.332313719528827,-4.59509481159965,4.32552545841622e-06,3.1066145025639e-05
"Os06g0561800",196.499962768918,-2.00793628203278,0.437077900192632,-4.59400093472544,4.34827427850423e-06,3.12008901472159e-05
"Os05g0239350",13.3277598335598,-8.23789405543165,1.79340664800609,-4.59343343273013,4.36012145630988e-06,3.12701776002284e-05
"Os05g0391200",2506.99948848119,-1.00603706502502,0.219031209358228,-4.59312199376864,4.36663619630287e-06,3.13090338074025e-05
"Os02g0510600",632.319309292169,-1.98638089103631,0.43260301342851,-4.59169453142185,4.39661565302037e-06,3.1500250301158e-05
"Os04g0136000",16.9584518549235,-7.9910651318558,1.74141294607844,-4.58883985550425,4.45716192442032e-06,3.19020135332632e-05
"Os02g0567900",9355.11586269021,-0.763023450430255,0.166313914342844,-4.58785095309187,4.47832173431136e-06,3.20373973895197e-05
"Os12g0145100",3193.54259223947,-1.11576147775491,0.243288086112072,-4.58617392896472,4.51442563300317e-06,3.22795003177461e-05
"Os12g0177800",436.730141838705,-1.10841706882758,0.241724474759579,-4.58545651999048,4.52995541801679e-06,3.23824311174233e-05
"Os01g0823100",1415.84601130376,-1.34065679148499,0.292413846890936,-4.58479242942632,4.54437662170599e-06,3.24611327051992e-05
"Os04g0384000",85.0635431321549,-2.83591522786455,0.618640200358571,-4.58411080660587,4.55922428428158e-06,3.25508999426046e-05
"Os11g0242600",233.196534664405,-2.26260949198343,0.493594356095233,-4.58394522555458,4.56283811493999e-06,3.25685549269435e-05
"Os05g0579900",1824.01386843794,-0.832830557851664,0.181699609817961,-4.58355721669434,4.57131721736676e-06,3.26127664715114e-05
"Os12g0621700",1911.69088389649,-1.74713664972546,0.381222730705872,-4.58298130987746,4.58393026121205e-06,3.2694579054482e-05
"Os08g0154900",1421.49898993018,-0.911191360619614,0.198873310780272,-4.58176794585754,4.61061357720246e-06,3.28766809761846e-05
"Os11g0496600",1003.87124555151,-1.09633181569632,0.239293993116197,-4.58152668781771,4.61593683227656e-06,3.29064188163092e-05
"Os01g0347500",1355.58265755583,-1.3008012202257,0.283936817961196,-4.58130519869203,4.62082907796418e-06,3.29330699628988e-05
"Os12g0577700",419.022634899126,-1.26872314345069,0.276941404455144,-4.58119704399846,4.62321980033595e-06,3.29418836696928e-05
"Os10g0521900",236.256360006599,-1.40331389461818,0.306325582047938,-4.5811188384474,4.62494924528895e-06,3.29459823452777e-05
"Os06g0237300",3780.04511164897,-0.879443689379437,0.192184289088603,-4.57604361704086,4.73851792394043e-06,3.3696127459132e-05
"Os01g0142300",450.71167684374,-1.30851940808523,0.286023658287497,-4.57486424696368,4.76528871699215e-06,3.38611902259955e-05
"Os02g0684900",146.082480653564,-1.34730963723109,0.294528057355884,-4.57446957456792,4.77427978307088e-06,3.39166356714722e-05
"Os02g0597700",265.598585185574,-1.80060493556122,0.393701972049568,-4.57352277456846,4.79591520866447e-06,3.40533840089847e-05
"Os08g0550500",508.314498257511,-1.06255954692622,0.232568269870657,-4.56880703252067,4.90508120615533e-06,3.47852516642231e-05
"Os06g0524700",15.5260246039813,-7.76888845307437,1.70060061228849,-4.56832039041773,4.91648112094625e-06,3.48487800139781e-05
"Os12g0538300",3047.13669954232,-0.62881558156193,0.137695813334797,-4.5667008047152,4.95460402371437e-06,3.510156794562e-05
"Os01g0605700",76.9643268734861,-6.45322212140803,1.41323854094275,-4.56626530798063,4.96490323820627e-06,3.51658059631166e-05
"Os10g0107000",14.2307808907977,-8.33132846595677,1.82460614224117,-4.56609690885036,4.96889126244309e-06,3.51678730957539e-05
"Os03g0608000",605.713731610123,-2.68227018655608,0.587780723969342,-4.56338576134725,5.03352041135617e-06,3.55899942090043e-05
"Os12g0614201",161.026136373441,-4.28407472590171,0.939076219134938,-4.5620095990165,5.0666330292262e-06,3.58152484364122e-05
"Os03g0350300",14777.4794247387,-0.72408789652812,0.158731296855275,-4.56172103972864,5.07360262318628e-06,3.58419775651889e-05
"Os07g0181000",3862.15810974703,-0.677778972624205,0.148580442348464,-4.56169709762081,5.07418131099104e-06,3.58419775651889e-05
"Os11g0526900",411.002160528545,-1.53147469073205,0.335789416769548,-4.56081881753617,5.09545334028116e-06,3.59744299146637e-05
"Os10g0334500",198.097207554875,-10.5902381717476,2.32285389844232,-4.55914949229018,5.13612019000557e-06,3.62436130293001e-05
"Os03g0336200",1187.76786109204,-1.38256400438708,0.303334768609918,-4.55788174472354,5.16721154991228e-06,3.64540006131231e-05
"Os05g0170000",965.995642744135,-1.2056108869116,0.264560394149037,-4.5570346642001,5.18808645311734e-06,3.657415157268e-05
"Os07g0510833",72.5954384901455,-1.91768676236473,0.420824807925506,-4.55697175225515,5.18964003143037e-06,3.65760703844811e-05
"Os09g0510700",1866.73729896929,-0.587163916730935,0.128876209647851,-4.55603030485873,5.21294187123348e-06,3.67312300104884e-05
"Os06g0194000",15841.0625383097,-0.927479800275013,0.203583019949182,-4.55578171748571,5.21911137600823e-06,3.6747487695308e-05
"Os01g0904500",1127.90793426836,-0.722031263522442,0.158522616476107,-4.55475237270808,5.2447324089331e-06,3.69005772444137e-05
"Os03g0101200",127.287908834405,-1.37698725462665,0.302357706874978,-4.55416621874309,5.25937591499163e-06,3.69853722881304e-05
"Os03g0369000",255.703386454976,-1.69096525549638,0.371516207093123,-4.55152486812651,5.32585012497502e-06,3.74251762597949e-05
"Os08g0244100",1030.60224796066,-0.75359896037772,0.165600017073347,-4.55071789059019,5.34631903985958e-06,3.75597663484499e-05
"Os07g0568700",6289.8439147953,-1.81145422994106,0.398089735516067,-4.55036658403856,5.35525341229669e-06,3.76040229767765e-05
"Os05g0466000",106.962312037628,-2.34447327787403,0.515516197697125,-4.54781690342047,5.42052617225263e-06,3.80436437326725e-05
"Os01g0144000",2865.4077374996,-0.787781411464763,0.173240859535803,-4.54731876518977,5.43336732582372e-06,3.81150250548814e-05
"Os02g0258300",1018.34644563255,-1.52939609361244,0.336486316955046,-4.54519549993103,5.48842884344558e-06,3.84727900181914e-05
"Os04g0396800",49.3161122238928,-5.18231025645475,1.14016067060595,-4.5452455869229,5.48712383388714e-06,3.84727900181914e-05
"Os05g0362100",2766.16689532851,-1.57275062781585,0.346029368737448,-4.54513625116365,5.48997294540793e-06,3.84727900181914e-05
"Os03g0356700",11745.3236207635,-0.469195833784637,0.103305657891272,-4.54182126479909,5.57703160135771e-06,3.90460608361919e-05
"Os03g0806700",760.365799133563,-1.22062288547543,0.268862622127123,-4.53995008982058,5.62675458454959e-06,3.9365216387594e-05
"Os02g0700600",10830.4064009304,-0.959555246705163,0.211394792055857,-4.53916218736184,5.64781833899705e-06,3.94932206438833e-05
"Os07g0481100",493.335617184695,-1.28408165726334,0.282893381706518,-4.53910109001944,5.64945486267259e-06,3.94949888807559e-05
"Os02g0628200",1721.71617147053,-2.08003651441469,0.458450840877471,-4.53709826430575,5.70335360696217e-06,3.9842517219072e-05
"Os05g0586400",1190.86947495814,-1.30785159832582,0.288255769284725,-4.53712202038873,5.70271142377124e-06,3.9842517219072e-05
"Os02g0161601",16.0355312173025,-8.67843297963305,1.9130022817696,-4.53655129548782,5.71815862861204e-06,3.99361683129684e-05
"Os03g0215700",841.773540497345,-1.18632953364745,0.26163070097571,-4.53436668259202,5.7776581116946e-06,4.03122642728454e-05
"Os07g0568000",2294.9215009005,-0.813845994953407,0.17949385100145,-4.53411629653449,5.78451528286911e-06,4.03502454140312e-05
"Os03g0294800",602.825210493391,-1.38384745979525,0.305261297014832,-4.53332103783866,5.80634624908083e-06,4.04827423873383e-05
"Os03g0405000",2584.16534473261,-0.60543243942685,0.133563005253991,-4.53293513630909,5.81696818355303e-06,4.05468961737088e-05
"Os01g0300900",398.112955820697,-1.59528833359499,0.352020626731362,-4.53180357187537,5.84822180940911e-06,4.07547957343197e-05
"Os03g0141700",264.523634483203,-1.32396762470211,0.292169629750782,-4.5315032429327,5.85654379639622e-06,4.08028279532179e-05
"Os03g0275300",2162.16092403209,-0.933241430970629,0.205979311952377,-4.53075322043214,5.87737612552252e-06,4.09180058846134e-05
"Os06g0232300",2432.33967630656,-1.51355113480723,0.334074262627048,-4.53058287970219,5.88211731564535e-06,4.0931047454359e-05
"Os09g0471100",1357.64094962518,-0.90857730621555,0.200593960302293,-4.52943500814448,5.91416225168905e-06,4.11440037319552e-05
"Os07g0560300",554.283200601573,-1.68787616544095,0.372660235231117,-4.52926286700314,5.91898227025926e-06,4.11675024177096e-05
"Os05g0525900",1133.93233827921,-1.53711703081235,0.339400612543253,-4.52891648985006,5.92869236059334e-06,4.12249926286909e-05
"Os11g0107000",2172.53738512753,-1.72138078547422,0.380240307156674,-4.52708656361604,5.98024475564747e-06,4.15632106903339e-05
"Os12g0108100",2184.44973195328,-1.26855084571132,0.280345735290778,-4.5249514653596,6.04093673260234e-06,4.19748047944015e-05
"Os02g0761200",1383.12907093322,-1.35694227729234,0.299914118726218,-4.52443613877028,6.05567338858659e-06,4.20567253537264e-05
"Os01g0369600",15.8730135232343,-7.70235703644197,1.70244451476904,-4.52429255087172,6.05978565765902e-06,4.20750478745364e-05
"Os02g0175400",6061.68573131352,-1.31234723857481,0.290458059276152,-4.51819874389197,6.23679299592491e-06,4.3240956831596e-05
"Os01g0738300",1001.75352131243,-1.69099411433386,0.374278886395832,-4.51800562574478,6.2424826101296e-06,4.32698940319425e-05
"Os03g0267600",2389.60369226643,-0.859584546720711,0.190283036237614,-4.51739978359034,6.26036407760979e-06,4.33833047417562e-05
"Os02g0497600",15.9983216968897,-8.61108778930608,1.90645650485055,-4.51680264794771,6.27803652553759e-06,4.34952122778993e-05
"Os08g0374000",1526.24477460782,-1.95861990708672,0.434060038680676,-4.5123248687899,6.41208743279786e-06,4.43593368109021e-05
"Os11g0250100",28.2288676814449,-7.10416270180363,1.57503695358566,-4.51047366579596,6.46830312783152e-06,4.47157288643311e-05
"Os06g0548000",5199.21416775057,-1.00718313975619,0.223395225500801,-4.50852580890355,6.52796290596062e-06,4.50735784198693e-05
"Os07g0658000",65.5751206435723,-1.89595579725257,0.420608941938995,-4.50764500752711,6.55511297733326e-06,4.52391549383464e-05
"Os10g0521700",3602.16757043241,-0.544166489272348,0.120878531714443,-4.50176289829411,6.73921380364735e-06,4.64199128405671e-05
"Os08g0508700",153.387113518257,-1.50129115018178,0.333517079620046,-4.50139210829053,6.75098316785635e-06,4.64897620128569e-05
"Os01g0704400",2841.0840758587,-0.856089659529281,0.190191368512341,-4.50120142793826,6.75704326685264e-06,4.65202708656637e-05
"Os04g0569900",2293.88036166817,-1.41467280267671,0.314364753797326,-4.50009991765414,6.79215285161055e-06,4.67394433453162e-05
"Os06g0126500",3700.59864797492,-1.46904063424097,0.326484695545195,-4.499569671368,6.80911610013403e-06,4.68448806850387e-05
"Os03g0635100",417.15691854979,-1.08940636421065,0.242162996702794,-4.49864917036717,6.83866037269651e-06,4.70368004043974e-05
"Os06g0198700",701.425146705449,-0.646831092136676,0.143835896401442,-4.4970074113585,6.89165867766449e-06,4.73556825458005e-05
"Os02g0160800",620.660938232624,-2.31949674392081,0.515797131674619,-4.49691671683049,6.89459784715311e-06,4.73644767627288e-05
"Os01g0875700",1860.07540873133,-1.35616926404604,0.30163026256796,-4.49613129829928,6.9201013824464e-06,4.75282420261189e-05
"Os06g0160600",188.30050561808,-1.86926260842066,0.415816681439199,-4.49540071829462,6.94390522688136e-06,4.76687904752529e-05
"Os08g0190700",827.819633844182,-1.43221897296569,0.318607512921763,-4.4952454505283,6.9489742609484e-06,4.76707948815847e-05
"Os04g0654600",750.052077254832,-1.21198074518748,0.269664981438684,-4.49439426180392,6.97682600557603e-06,4.78487557672182e-05
"Os07g0178700",123.922754739604,-3.28644743366881,0.731241031640306,-4.49434220929412,6.97853267543869e-06,4.78489638932794e-05
"Os03g0233800",1801.99834967736,-1.00320943372038,0.223246901640684,-4.4937216433805,6.99891024128936e-06,4.79771599249192e-05
"Os04g0635500",530.667424714596,-2.41170697295229,0.536695558051566,-4.49362201115995,7.00218716896938e-06,4.79880985716835e-05
"Os04g0692100",2061.98306589911,-0.747131288494328,0.166338242175892,-4.49163871591406,7.06772439284618e-06,4.83328042811215e-05
"Os11g0184100",451.261592682949,-1.21912793466715,0.271421590907253,-4.49163948450857,7.06769888167209e-06,4.83328042811215e-05
"Os07g0510900",1112.10726344793,-1.43725277362274,0.320048189283812,-4.49073865044809,7.09765986629424e-06,4.85142728025629e-05
"Os02g0669700",472.530340658031,-1.48401054768245,0.330533564049414,-4.48974237139981,7.13093672371947e-06,4.87300593348931e-05
"Os05g0141100",108.304693161276,-1.70901399564488,0.380777788109735,-4.48821871708643,7.18211726964971e-06,4.90563185797754e-05
"Os03g0128000",3951.5610513463,-2.18207643987502,0.486230131237434,-4.48774417644939,7.19812901646563e-06,4.91539221641136e-05
"Os09g0476000",2331.77243379824,-0.691746918396477,0.154231648301633,-4.48511655042174,7.287408953435e-06,4.97278989162918e-05
"Os03g0165400",2934.31693473424,-1.50824973736905,0.336558977236688,-4.4813831731737,7.41608254350688e-06,5.0533459088532e-05
"Os12g0151500",469.680989210734,-1.11956846236447,0.249911933192986,-4.47985195448798,7.46948293820062e-06,5.08851840066822e-05
"Os07g0184800",7157.93254646528,-1.27511606089789,0.284760197737649,-4.47785916370467,7.53953122807019e-06,5.13256330488995e-05
"Os03g0307700",96.2817465034697,-2.65388610069554,0.592684559613255,-4.47773787531647,7.543814834295e-06,5.13425490295938e-05
"Os07g0206700",16001.7941926654,-0.707954410671638,0.158111792382508,-4.47755603806537,7.5502412367024e-06,5.13630454143082e-05
"Os12g0484900",811.703656201585,-1.95520848228144,0.436669187033661,-4.47755083330558,7.55042525779279e-06,5.13630454143082e-05
"Os06g0227250",591.550408113479,-1.67032302026328,0.373506260333292,-4.4720080963912,7.74884929327304e-06,5.25500485215457e-05
"Os01g0253500",104.469051219027,-2.18321519704694,0.488605038829497,-4.46826173196465,7.88577837142419e-06,5.34152011945733e-05
"Os03g0108800",2123.01618792408,-1.13937341825769,0.255036011101633,-4.46750015159091,7.9138955307744e-06,5.359293808551e-05
"Os01g0263300",17549.5975384679,-1.11102878945376,0.248695936824949,-4.46741834079817,7.91692163799852e-06,5.36007142398078e-05
"Os03g0769800",3086.63691295424,-0.59685027798329,0.133604022377851,-4.46730770047711,7.92101588306787e-06,5.3615716710052e-05
"Os11g0251250",30.3885420268523,-4.6043063037339,1.03079576158931,-4.46674935550262,7.94170834017309e-06,5.3743035292058e-05
"Os10g0574400",58.0334109557944,-2.64178045403475,0.591457880552714,-4.46655719857181,7.94884168748553e-06,5.37785582193854e-05
"Os04g0693400",377.687598769203,-1.18704787901464,0.265837983954782,-4.46530575260664,7.99544856535996e-06,5.40682501420599e-05
"Os02g0462000",1085.5757425072,-1.34699059238581,0.30170935552874,-4.46453040882749,8.02445518837902e-06,5.42496034677409e-05
"Os07g0115300",803.504504737423,-0.98174134506244,0.220096456912849,-4.46050499327745,8.17667536560027e-06,5.52152878248626e-05
"Os08g0101600",2163.83944385188,-0.813572270668479,0.182468221246522,-4.45870664552219,8.24556791584033e-06,5.56541713383179e-05
"Os02g0164400",76.1541985762695,-3.65202747011855,0.819207118838364,-4.45800260536936,8.27268968574442e-06,5.5810837719189e-05
"Os11g0477400",14.6369706464987,-7.6853966296697,1.72470572157693,-4.4560625812981,8.34786724525067e-06,5.62648223490992e-05
"Os03g0287700",1545.19601470894,-1.12020807412523,0.251440248072697,-4.45516611883614,8.38282608491165e-06,5.64737757299311e-05
"Os05g0415400",31.684043246727,-6.29154495986593,1.41248232318304,-4.45424686497164,8.41881899400648e-06,5.66894950141356e-05
"Os01g0969100",3328.53797697738,-0.915113240322326,0.205538132794419,-4.45227962267044,8.49634226773854e-06,5.71735751535394e-05
"Os08g0160500",6595.44907581327,-1.24741648815493,0.280330372392445,-4.44980855092155,8.59468702369217e-06,5.77919308372837e-05
"Os06g0256000",1412.48528364482,-1.50574869558142,0.338394721633368,-4.44968139075412,8.59977711739192e-06,5.78125383982183e-05
"Os04g0128900",1553.74057564129,-1.36447535071786,0.306700800095947,-4.44888096245918,8.63188366186202e-06,5.80010563192536e-05
"Os04g0610800",5279.33004336951,-0.64711632597753,0.145462351347201,-4.44868600008357,8.63972126698624e-06,5.80400573887633e-05
"Os11g0652100",870.453263508302,-1.13601549470368,0.25536402657821,-4.4486120849749,8.64269447655849e-06,5.80463696797378e-05
"Os12g0624000",54250.8226149606,-0.829379818733137,0.186440916603037,-4.4484860611312,8.64776599686475e-06,5.80667684343701e-05
"Os08g0560300",1122.11748095617,-1.41664511583166,0.318592935051676,-4.44656789266805,8.72530994006443e-06,5.8559898172866e-05
"Os01g0926600",2641.00834183845,-0.762226893162475,0.171574058775246,-4.44255325428279,8.88976210404721e-06,5.96075568470575e-05
"Os03g0255100",3322.10207786833,-0.980836726429407,0.220796884314727,-4.4422580032031,8.90197272595583e-06,5.96754132197471e-05
"Os03g0252100",634.630791329073,-1.37063809582294,0.308689471019931,-4.44018414782422,8.98819336808427e-06,6.02251153752576e-05
"Os09g0403300",1149.22959182851,-0.944198004096805,0.21275522287207,-4.43795452516129,9.08177996280552e-06,6.07666027328459e-05
"Os04g0141400",16.1829519068077,-8.03737153417206,1.81255562241595,-4.43427580084912,9.23823003100721e-06,6.17699784504732e-05
"Os04g0486800",311.078188530974,-1.43703250815765,0.324106665079748,-4.43382584497007,9.25754171430696e-06,6.18701172309009e-05
"Os05g0425000",480.694331481937,-1.87167210763505,0.422171699299946,-4.43343812656958,9.27421315395717e-06,6.19670272159535e-05
"Os02g0272300",277.120994764808,-1.6305483226473,0.367802555932924,-4.43321639924836,9.28376005877029e-06,6.20162993488273e-05
"Os06g0621600",138.257344364269,-5.42239325711352,1.22361797078143,-4.43144297206642,9.36045704103553e-06,6.24701626792888e-05
"Os07g0448200",713.881616190383,-0.923219805764205,0.208378938514244,-4.43048521288584,9.40212946495786e-06,6.27189491581578e-05
"Os06g0506200",2193.70595036646,-2.07132184880047,0.46753136852811,-4.43033770187751,9.40856344873966e-06,6.27390595983102e-05
"Os08g0137600",608.18043101558,-0.777685602548723,0.175537303060676,-4.43031531753631,9.40954015346014e-06,6.27390595983102e-05
"Os12g0262100",169.598201017696,-9.23589346801083,2.08480092123513,-4.43010810957388,9.41858593919443e-06,6.27847073910242e-05
"Os07g0173700",3289.83006449326,-0.842012002687048,0.190102434320891,-4.4292541844348,9.4559522863569e-06,6.3019075895814e-05
"Os03g0718100",30981.9366103798,-1.28155311364007,0.28942809109896,-4.42788089011679,9.51634255138065e-06,6.34067417802543e-05
"Os02g0456800",6283.6057151334,-1.01085323795611,0.228336717172695,-4.42702886540837,9.5539951385652e-06,6.36264214804535e-05
"Os08g0384500",1312.36158866691,-1.39655972241833,0.315465304039186,-4.42698358436544,9.556000171199e-06,6.36264214804535e-05
"Os06g0671900",14142.7390250902,-0.564334316143131,0.12748413499851,-4.42670231985906,9.5684634952647e-06,6.36945480431053e-05
"Os01g0137550",16.4906586538143,-8.02479976451256,1.81317041722637,-4.42583867918394,9.60683004708622e-06,6.3920129805135e-05
"Os03g0210500",1061.6649229037,-1.63701537892521,0.370046786161651,-4.42380650270017,9.69768845155011e-06,6.44795758586178e-05
"Os07g0671400",1338.20152301046,-1.8709995706165,0.422979378638637,-4.42338247466894,9.71674993126407e-06,6.45611987984175e-05
"Os11g0247300",140304.774484421,-1.2689053376695,0.286862246824469,-4.42339607848759,9.71613783877546e-06,6.45611987984175e-05
"Os05g0445800",874.639533928453,-0.838292784229968,0.189520735428408,-4.4232246267672,9.72385485989679e-06,6.45933705191747e-05
"Os01g0170000",392.853057302501,-1.55325497982566,0.351178585156993,-4.42297749770614,9.73498841115009e-06,6.46522822726543e-05
"Os01g0864700",1896.36649498558,-1.03816468384412,0.234755935062654,-4.42231496114055,9.76489683515935e-06,6.48207477355322e-05
"Os09g0415700",2015.60276462613,-1.2068397534922,0.272981244311286,-4.4209621673349,9.82623785368713e-06,6.5167317215531e-05
"Os02g0614300",1239.15183566687,-1.9142420395403,0.433267407128469,-4.41815379612135,9.95475773291888e-06,6.59736718663656e-05
"Os12g0510900",1301.02743434245,-1.89423044521758,0.428905277531115,-4.41643072363493,1.00344039919302e-05,6.64552268087367e-05
"Os03g0713100",7419.21031060475,-1.10418833704959,0.250073987943639,-4.4154465889449,1.00801667369534e-05,6.66654956764594e-05
"Os05g0498800",1607.72536163146,-0.523653657719548,0.11860280973448,-4.41518762406954,1.0092241817121e-05,6.67298935436418e-05
"Os04g0635650",302.843395012715,-2.18392057346611,0.494784412173079,-4.41388313725242,1.01532781264801e-05,6.7117918212656e-05
"Os08g0509600",802.082774915405,-1.2851203950964,0.2911588808524,-4.4138114260299,1.01566436626017e-05,6.71246206773102e-05
"Os01g0723200",6156.46135052656,-1.20517618464473,0.273117697901238,-4.41266235731283,1.02107170469742e-05,6.74663674511184e-05
"Os01g0532800",983.81005888606,-0.851353047619218,0.192956437563707,-4.41215156316374,1.02348423981938e-05,6.75788437228875e-05
"Os11g0123400",1371.72784730687,-0.456213340086531,0.103399170162214,-4.41215668724242,1.02346001124154e-05,6.75788437228875e-05
"Os01g0729200",981.423740761089,-0.528704328417375,0.119876907541238,-4.41039345493209,1.03182965474826e-05,6.80983714800794e-05
"Os06g0683300",2409.04288359096,-0.853107713558998,0.19349977287363,-4.40883056806555,1.03930291694445e-05,6.85123844370957e-05
"Os10g0561200",511.615476492844,-0.915543015018026,0.207751787841545,-4.4069079959799,1.04856700165117e-05,6.90592904825357e-05
"Os06g0297600",441.201723398319,-1.08436953647011,0.246156616700217,-4.40520165984696,1.05685513879276e-05,6.95249437236703e-05
"Os06g0367500",113.138241589295,-1.4624292292864,0.3319977433686,-4.40493725784978,1.05814499543209e-05,6.95777257535444e-05
"Os12g0228032",89.42590437594,-3.19381014895905,0.725208620136755,-4.40398812186869,1.0627876476794e-05,6.98508188242246e-05
"Os11g0172300",455.798706540012,-1.74084378898599,0.395403579865329,-4.4027011327993,1.06911396865944e-05,7.02181065840201e-05
"Os03g0294900",1705.78104073231,-0.926154497794571,0.210386029602783,-4.4021672900201,1.07174866236208e-05,7.03749570242999e-05
"Os05g0566400",5137.90251871713,-0.55294561994444,0.125613715716841,-4.40195257969195,1.07281007727587e-05,7.04284518071811e-05
"Os04g0472300",653.104112533675,-2.01225255685956,0.457273931512573,-4.40054072228308,1.07981459790993e-05,7.08556962821634e-05
"Os06g0273200",177.045650999794,-2.63854874103881,0.599865027275167,-4.3985707135223,1.08966123330901e-05,7.14689573611498e-05
"Os01g0218200",1218.62633992146,-1.4405366981412,0.327511116699968,-4.3984360367861,1.09033750541306e-05,7.14804633773781e-05
"Os04g0373000",64.130419771978,-2.07803931729546,0.4724685898171,-4.39825919030914,1.09122613924739e-05,7.15222937283067e-05
"Os05g0511500",772.396123610526,-1.11279974211188,0.253042564767245,-4.39767808682883,1.09415099120537e-05,7.16776689978154e-05
"Os08g0486233",125.585605446526,-1.62416586294899,0.369421940670061,-4.39650622808991,1.10007205776495e-05,7.20359183685313e-05
"Os01g0264600",120.553421394837,-2.55496426562843,0.581155000714689,-4.39635598504082,1.10083340169623e-05,7.20692399495804e-05
"Os01g0296200",281.565092602434,-1.06248939538048,0.241690251252472,-4.39607882351281,1.10223921447957e-05,7.21447285900135e-05
"Os01g0657801",263.338468143668,-2.38206528599776,0.541877253624609,-4.39594995003787,1.10289346738961e-05,7.21710021393144e-05
"Os09g0505300",3696.76056304814,-0.995383539756806,0.226441560285072,-4.39576347426549,1.10384080671563e-05,7.21998899791268e-05
"Os01g0118600",498.162399405121,-1.11474276137119,0.253641089858317,-4.39496125014241,1.10792515509883e-05,7.24338424808545e-05
"Os04g0611800",254.394132834503,-1.53060574442383,0.348346090508651,-4.39392255612474,1.11323487607634e-05,7.27310054994808e-05
"Os11g0107700",663.619813390722,-1.98772268781177,0.452453261139447,-4.39321109722126,1.11688580686113e-05,7.29528340298491e-05
"Os02g0177500",5645.188117897,-0.761879340163892,0.173511157645269,-4.39095301134178,1.12854929290557e-05,7.36809492605139e-05
"Os06g0327400",195.70267775544,-1.45369278177855,0.331165543214529,-4.38962570703454,1.13545926205987e-05,7.41151364652114e-05
"Os05g0181000",5218.93271737256,-0.464965399631182,0.105961431028702,-4.38806266692677,1.14364826405878e-05,7.46155338269575e-05
"Os04g0605500",1494.81126488372,-0.915480501287989,0.208635769751473,-4.38793646160728,1.1443119268241e-05,7.46417724846141e-05
"Os01g0616300",1541.38659840001,-1.81451285132654,0.41361632921431,-4.38694684702929,1.14952866843841e-05,7.49477987937552e-05
"Os07g0603100",2573.56342827147,-0.824080306334542,0.187920384615417,-4.38526298262447,1.15845735674483e-05,7.55126896344474e-05
"Os11g0568300",631.349968321678,-1.79291143482812,0.408997692139718,-4.38367127562089,1.16695821441181e-05,7.6049441260664e-05
"Os03g0819900",8009.24805733956,-0.633845729620646,0.144702160720866,-4.38034737327349,1.18490263310546e-05,7.71484050167931e-05
"Os12g0581800",684.353559679127,-1.74107908169125,0.397527778406401,-4.37976709117244,1.18806222469719e-05,7.7336483789639e-05
"Os01g0276000",20655.8663970803,-1.36642559461791,0.311997011026062,-4.37961117038962,1.18891257107134e-05,7.73741915838126e-05
"Os11g0528400",157.162186568107,-1.66994467025955,0.381317915570146,-4.37940259838737,1.19005097009168e-05,7.74306243225371e-05
"Os11g0650600",58.8445952733102,-2.45434493695255,0.560471736986043,-4.3790699423148,1.19186878086004e-05,7.75312271669757e-05
"Os11g0644600",70.2149439454382,-1.72473971147416,0.393938313898993,-4.37819742488004,1.1966492829399e-05,7.78067360643202e-05
"Os08g0527800",13.3650071736411,-7.86029049426126,1.79617151847051,-4.37613580520112,1.20801765894679e-05,7.84387080458988e-05
"Os02g0708100",7350.97395906233,-0.391148054187068,0.0893840316962244,-4.3760395091195,1.20855117553126e-05,7.84555031939145e-05
"Os08g0499300",735.574065867533,-0.831872015768808,0.190114901965692,-4.37562761870675,1.21083574273213e-05,7.85680732906249e-05
"Os05g0371500",2352.3539946508,-0.918668614670657,0.209990215937369,-4.37481627689099,1.21534794446929e-05,7.88250209655336e-05
"Os12g0619000",1103.05228981165,-1.08903428436711,0.248948918508832,-4.37452908367816,1.21694898471339e-05,7.89109309851409e-05
"Os10g0322300",174.502902126459,-1.64847771227717,0.376988149636328,-4.37275737677013,1.22687046732999e-05,7.94640132050537e-05
"Os03g0635800",328.592700825262,-1.83923217218573,0.420942329884403,-4.36932102478458,1.24633437015354e-05,8.06350979054888e-05
"Os06g0176500",59.1166375871261,-1.6903576998013,0.386874405484189,-4.36926732768933,1.24664084240663e-05,8.06350979054888e-05
"Os09g0383300",1389.51246042682,-1.78638432266967,0.409047069340352,-4.36718523750939,1.25857982905092e-05,8.13332638452105e-05
"Os06g0251700",4440.8561627754,-0.490795883122725,0.112401786365592,-4.36644202011514,1.26286790101623e-05,8.15549804674372e-05
"Os05g0563000",773.867426223604,-2.51017302327603,0.574938058385134,-4.3659886254991,1.26549065191649e-05,8.17058700934273e-05
"Os07g0574800",21916.2496295724,-1.23098061115381,0.281960231550289,-4.36579514914416,1.26661143562904e-05,8.1759739526448e-05
"Os01g0243700",4101.5029957592,-1.6604773224407,0.380360453876958,-4.36553617894737,1.26811309917382e-05,8.1838164826628e-05
"Os04g0433000",10.4536722706412,-6.99026412244278,1.60137544804476,-4.36516254259906,1.27028265923723e-05,8.19596478871326e-05
"Os07g0145400",1445.30643063043,-1.95781758395207,0.448543664010305,-4.36483165640501,1.27220694250124e-05,8.20652541621594e-05
"Os07g0448600",335.95715647551,-1.47896429657706,0.339060532699866,-4.36194765813757,1.28909713844728e-05,8.31172096675832e-05
"Os07g0508300",1341.14637020495,-0.593954255148124,0.136169941313534,-4.3618602565197,1.28961233312547e-05,8.31316495861189e-05
"Os07g0572800",4344.91714871496,-0.792443076902928,0.181693980523996,-4.36141623744255,1.2922326687504e-05,8.32817550165083e-05
"Os10g0568900",4240.88233540939,-1.2094729865515,0.27746735701975,-4.35897396919888,1.30673653330137e-05,8.41215327166313e-05
"Os02g0247200",1944.57848626594,-1.35721134569713,0.311375074865811,-4.35876682255966,1.3079738316431e-05,8.41821985353337e-05
"Os01g0968400",1267.10239729588,-1.90131370790893,0.436276359032449,-4.35804890305211,1.31227065986114e-05,8.44206754903683e-05
"Os03g0643522",12.9855325569354,-8.18143505485921,1.87789071262943,-4.35671522300864,1.32028865409452e-05,8.48683395677607e-05
"Os08g0542700",1691.56455949885,-0.914042720349454,0.209865582038437,-4.35537219334062,1.32841007459732e-05,8.53435452831551e-05
"Os05g0377000",895.045985312119,-0.657486320590576,0.151088640235813,-4.35165952625161,1.35110961693151e-05,8.66848121054011e-05
"Os02g0143200",397.081245315548,-1.53980837720189,0.353896703362361,-4.35101079657487,1.35511378730565e-05,8.69026464723715e-05
"Os05g0212300",109.512582766991,-2.6016385656515,0.598578190160425,-4.34636378073553,1.38412942512107e-05,8.86240249229606e-05
"Os01g0754800",298.445044612203,-1.69442749357508,0.389869660946606,-4.34613837214467,1.38555182340059e-05,8.86952035145692e-05
"Os12g0114800",4052.81280749491,-1.66790351847715,0.383800484135094,-4.34575668197975,1.38796358679973e-05,8.88296695551825e-05
"Os01g0929200",1193.73612596551,-1.2690432070178,0.292036774005049,-4.34549111611491,1.38964396390952e-05,8.89172770809984e-05
"Os01g0723800",1399.05155397413,-1.25492253958458,0.288829143290403,-4.34486120509943,1.39363751071506e-05,8.90730600316462e-05
"Os01g0844500",204.812254555238,-1.55228926519333,0.357270179598869,-4.3448609871,1.39363889469357e-05,8.90730600316462e-05
"Os02g0104800",2655.10236911043,-0.625218805006165,0.143896902349326,-4.34490801955121,1.39334033757842e-05,8.90730600316462e-05
"Os01g0763900",662.07602758327,-2.03399053258725,0.468261687108845,-4.34370478854584,1.40099753899993e-05,8.95032984628783e-05
"Os09g0509400",1711.39504425696,-0.558776735258738,0.128644270867272,-4.34358041358293,1.40179132944097e-05,8.95339711514056e-05
"Os02g0170900",398.751168565232,-1.41976576152977,0.326992494583922,-4.34189097623274,1.41261629533216e-05,9.01850134957752e-05
"Os01g0969000",1241.49942311037,-0.921098716317555,0.212148723195109,-4.34175941502339,1.41346260330225e-05,9.02188652698108e-05
"Os01g0202500",401.947973275063,-1.06002223187403,0.244184662580154,-4.34106802889833,1.41791811135569e-05,9.04627951956569e-05
"Os06g0503100",730.405190903576,-1.2069722174447,0.278062641755533,-4.34064860286353,1.42062754790447e-05,9.05749223305455e-05
"Os01g0587900",11.9930328731433,-8.11984910302047,1.87081799130215,-4.34026673934687,1.42309862914223e-05,9.06919563970433e-05
"Os11g0128700",1982.49221256097,-0.753316773382405,0.173694358491156,-4.33702498990927,1.44424209852356e-05,9.20188537059299e-05
"Os02g0653400",195.87623417503,-1.55643195716293,0.358922058669832,-4.33640652494607,1.44830975845628e-05,9.22574285770498e-05
"Os01g0588200",3844.24436496708,-0.88277254780547,0.203576496500751,-4.33631859757549,1.44888894529989e-05,9.22737305993754e-05
"Os06g0686600",2320.38301783764,-0.956680210293907,0.220693101467546,-4.33488950915211,1.45833352639436e-05,9.28544996149912e-05
"Os07g0533600",106.681747945579,-1.89076485195466,0.436213725893494,-4.33449187799356,1.46097181930789e-05,9.30017386492517e-05
"Os02g0823200",117.552911542378,-2.16262773000602,0.498953543214723,-4.33432683145682,1.46206824344641e-05,9.30507824769997e-05
"Os01g0118400",2475.32561642596,-1.18265868682343,0.272981107030152,-4.33238292455454,1.47504103850844e-05,9.38136617718021e-05
"Os12g0182200",2906.77701881181,-1.05962579995125,0.244791517114542,-4.32868676350184,1.5000109841722e-05,9.52743959328241e-05
"Os03g0111700",1669.69734134283,-0.791882152790938,0.182942873537204,-4.32857611493622,1.50076466438441e-05,9.53010602451356e-05
"Os01g0514600",1177.43608058216,-1.49279220820819,0.345185830907539,-4.324604530503,1.52805735611815e-05,9.68402956772566e-05
"Os10g0509600",15.8726223785017,-5.36740418851937,1.24135787304682,-4.32381693068532,1.53352566925715e-05,9.71221582056267e-05
"Os06g0143400",1138.18863680125,-1.41901558250425,0.328205152874778,-4.32356277796057,1.53529423210716e-05,9.71910369511353e-05
"Os04g0571200",565.743461532094,-1.0031164432569,0.232016837844577,-4.32346398897509,1.53598219592524e-05,9.72130283824612e-05
"Os02g0760200",3031.49647385539,-1.12925292409762,0.261230582087722,-4.32282053300485,1.54047040268451e-05,9.7410693784286e-05
"Os02g0672100",1188.56533992088,-1.16788992053435,0.270180071083933,-4.32263532927837,1.54176454337925e-05,9.74277775652366e-05
"Os04g0563700",2546.73395361446,-1.62558022986382,0.376159938737458,-4.32151343739557,1.54962612643941e-05,9.78595755599259e-05
"Os03g0314750",496.801463841574,-2.0436791969576,0.472921100897394,-4.32139566849439,1.55045359708706e-05,9.7890173579414e-05
"Os03g0836000",5568.12636450841,-0.433892269587082,0.100409565986254,-4.32122443041417,1.55165750571474e-05,9.7944519776916e-05
"Os05g0109600",3937.94202516123,-0.932029707801587,0.21572802921663,-4.32039226050528,1.55752087030789e-05,9.82711664944044e-05
"Os03g0256800",282.809346287352,-1.89691293801516,0.439075062019686,-4.32024749775041,1.55854300487031e-05,9.83139260353991e-05
"Os05g0412500",172.37541396251,-2.06020814680738,0.477185369401922,-4.31741683402726,1.57865860384505e-05,9.95388362892713e-05
"Os11g0176300",267.536261174114,-1.05742855029888,0.244938424644648,-4.31711991221051,1.5807829087733e-05,9.96507671113626e-05
"Os05g0394200",1480.5478405505,-1.62407888908291,0.376227648871964,-4.31674517795904,1.58346780680207e-05,9.97979798572714e-05
"Os11g0180600",1088.85844843397,-1.38840313031857,0.321692353498203,-4.31593451078509,1.58929096098191e-05,0.000100120770669317
"Os08g0197500",85.5056668005764,-2.4775789326012,0.574087033741501,-4.31568523060704,1.59108568082938e-05,0.000100189608810046
"Os10g0462500",585.158754373782,-1.0395558570408,0.240910584782723,-4.31511076185537,1.5952289902535e-05,0.000100339833181569
"Os03g0441700",14.7640311946509,-7.46820440670592,1.73131499133115,-4.31360234509602,1.60615733821888e-05,0.000100982720401144
"Os09g0567500",448.114932963916,-1.41876088877338,0.328920267154108,-4.31338847268008,1.60771258960502e-05,0.000101058243025073
"Os10g0456600",944.720326476837,-0.791561118432171,0.183544659921662,-4.31263496726091,1.6132034250048e-05,0.000101314144253767
"Os01g0610400",2039.99707616853,-0.882014429335305,0.204590142890476,-4.31112866374738,1.62423357051437e-05,0.000101939584513549
"Os01g0216000",349.508389250973,-3.35387117108889,0.777996618202062,-4.31090713329787,1.62586181308918e-05,0.000102019344015866
"Os04g0642000",2908.17137126331,-1.45309938392587,0.337134132950036,-4.31015207867197,1.63142313930448e-05,0.000102334339283727
"Os12g0173366",576.949758649704,-1.20556244787055,0.279709317866931,-4.31005465625598,1.63214201965139e-05,0.000102345917857929
"Os02g0656600",59.6539834669311,-2.6759722307549,0.620879470180754,-4.30997054867325,1.6327628926358e-05,0.000102362363293205
"Os06g0656700",92.9124526982928,-3.0392253794153,0.705271748367005,-4.30929692909487,1.63774360642396e-05,0.000102652071808884
"Os03g0114100",78.6181062433069,-2.59973977809748,0.603495476716838,-4.30780325354002,1.64883948453558e-05,0.000103324861134102
"Os08g0414200",175.244370142262,-1.85506709815058,0.430774054474372,-4.306357541459,1.65964727113026e-05,0.000103979305766335
"Os07g0164300",5488.78709473231,-0.596690794025737,0.138567317586228,-4.30614378931328,1.66125094732649e-05,0.000104056938864357
"Os09g0468700",278.10091659926,-1.58137756090557,0.367242080174812,-4.30609030466448,1.66165244702303e-05,0.000104059252847357
"Os12g0605100",1763.28052284007,-1.15442381804921,0.268096879081605,-4.30599498958667,1.66236818954199e-05,0.000104081240627959
"Os03g0646100",1101.74349364026,-1.13424611648965,0.263431636681455,-4.30565641537275,1.66491299635546e-05,0.000104217711771864
"Os02g0606200",2029.76266982062,-1.18394645223246,0.275003422068818,-4.3052062528014,1.66830227897493e-05,0.000104384086477555
"Os07g0273600",231.748102603147,-8.61538770344061,2.00125392374149,-4.3049947841369,1.66989669965153e-05,0.000104438061776629
"Os01g0832300",3156.02247874296,-0.946374605783956,0.220119134846599,-4.29937454753075,1.71280796857357e-05,0.000107004575738595
"Os03g0789900",736.154514292257,-0.651524852644621,0.151563331276636,-4.29869710012805,1.7180507731292e-05,0.000107285148256836
"Os06g0687400",1439.64728166532,-0.69644193948007,0.162099882033919,-4.29637536277997,1.73613508776571e-05,0.000108343331755978
"Os03g0301400",955.242501441985,-0.902256877116955,0.210046609053373,-4.29550794075276,1.74293797876295e-05,0.000108649097326511
"Os06g0256800",247.735363679872,-1.59974129416995,0.372428135497173,-4.29543619746767,1.74350177236487e-05,0.000108660512206076
"Os01g0180400",368.63833729487,-1.71864544635243,0.400134660216585,-4.29516764536759,1.74561372834754e-05,0.000108768387386929
"Os04g0625000",5311.59432303053,-1.36605142920188,0.318055759976391,-4.29500609988412,1.74688533345299e-05,0.000108823865032916
"Os02g0799300",2886.00126826326,-0.554560052391544,0.129123362952159,-4.29480800153116,1.74844586923803e-05,0.000108897313749793
"Os01g0368000",171.426246933071,-1.77767283794994,0.414062762879022,-4.29324488294864,1.7608061388054e-05,0.000109571507360064
"Os02g0707000",93.08462247359,-2.43083416675029,0.566377982680934,-4.29189382546971,1.77155658447007e-05,0.00011019244093945
"Os03g0402400",7011.93196390489,-1.11318791880736,0.259441340160458,-4.29071141136906,1.78101641285717e-05,0.000110756715661427
"Os02g0590800",5035.06413210284,-0.487243591278493,0.113566127074337,-4.29039541834123,1.78355263277813e-05,0.000110890277390588
"Os08g0459300",2332.53309886999,-1.67878518524699,0.391770872776756,-4.28511995633637,1.82640614205632e-05,0.000113406432279433
"Os03g0567100",145.412314637382,-2.72968072362231,0.637127570323093,-4.28435505033641,1.83270044211132e-05,0.000113772512874349
"Os06g0163400",3260.67187315065,-1.05120276929555,0.24537833347667,-4.28400810455214,1.83556221565432e-05,0.000113925392223607
"Os07g0515700",12.764005969865,-7.98673174271627,1.86440560118701,-4.28379518793086,1.83732056034263e-05,0.000114009734944392
"Os11g0522900",728.486131179599,-1.74603795178814,0.407659293218082,-4.28308143794499,1.84322668595904e-05,0.000114326515697555
"Os08g0162800",6653.56604178073,-1.30000756077742,0.30352616733408,-4.28301642720163,1.84376553344566e-05,0.000114335093171134
"Os03g0831200",2780.57526212096,-1.00151064218139,0.23418582318295,-4.27656392077585,1.89800077088466e-05,0.000117519596538247
"Os01g0208700",1663.51591869043,-0.96435763754743,0.225507015182563,-4.27639750704304,1.89941943016801e-05,0.000117581930632651
"Os11g0211800",26257.9615085723,-3.31530529005235,0.775633228293299,-4.27432086341548,1.91720775058326e-05,0.000118503200590404
"Os12g0554800",802.721526745011,-1.57673045269981,0.36895177912841,-4.27354072237998,1.92393127025463e-05,0.000118841580130163
"Os05g0372900",233.904930121494,-2.7167105580567,0.635836708484035,-4.272654475288,1.93159649359959e-05,0.000119251839305005
"Os07g0640900",496.537247041939,-2.0697895307424,0.484430086757604,-4.27262795462594,1.93182632057996e-05,0.000119251839305005
"Os02g0671300",558.923925696422,-0.982876484423684,0.230056122941499,-4.27233351521628,1.93437967083602e-05,0.000119383639620202
"Os03g0773600",1452.10910198075,-1.36979995307432,0.320699817566495,-4.27128385500345,1.94350840179423e-05,0.000119921106400377
"Os08g0531100",2056.51927623703,-1.83700304305753,0.430315777318432,-4.26896511790724,1.96381973650964e-05,0.000121069698831385
"Os03g0118400",4067.94861500542,-0.782946760192584,0.183426347924861,-4.26845308239638,1.96833215973789e-05,0.000121269313981348
"Os04g0670100",328.431919443517,-2.17860212733474,0.510462150688443,-4.2679013995387,1.9732050338e-05,0.00012141229679842
"Os06g0329200",889.049682141439,-0.951839861372375,0.223022791198077,-4.26790399429178,1.97318208814129e-05,0.00012141229679842
"Os07g0633600",4132.81751249348,-0.8381209211099,0.196375383579976,-4.26795306942618,1.97274815970968e-05,0.00012141229679842
"Os09g0419200",957.543568499984,-1.26673716611276,0.296802434991844,-4.26794735072698,1.97279872047979e-05,0.00012141229679842
"Os11g0134100",57.1180737918041,-2.74997782768143,0.64459923116539,-4.26618229548562,1.98846322402433e-05,0.000122324772126186
"Os09g0529900",700.239258050313,-1.74925502849633,0.410182462479527,-4.26457781232818,2.00280539388378e-05,0.000123150323136687
"Os10g0541000",415.277635255243,-1.41669193899363,0.332278695230939,-4.26356537246244,2.01190603351328e-05,0.000123660305384589
"Os10g0318900",226.189426148475,-1.72972107449696,0.405745961894446,-4.26306417547773,2.01642576139562e-05,0.000123884754484022
"Os04g0299500",15.1744311259593,-8.57263445556826,2.01178361114001,-4.26121100107304,2.03322155074461e-05,0.000124796557983724
"Os08g0103500",3004.52463670068,-0.848140413100475,0.199036324931841,-4.26123429173503,2.03300963740855e-05,0.000124796557983724
"Os01g0769200",1386.18622964159,-1.41001642281951,0.330923083118604,-4.26085847361138,2.0364316406042e-05,0.00012492564957964
"Os12g0191400",121.560209523932,-2.72665441506388,0.640225237760097,-4.25889867229133,2.05436562045477e-05,0.000125836507017727
"Os09g0494200",5063.39665090207,-0.958212518233664,0.225040939332425,-4.25794755868049,2.06312328516606e-05,0.000126318728124796
"Os02g0623400",275.06143039422,-2.91984466422101,0.685820637040533,-4.25744649041297,2.06775130636738e-05,0.000126574937355673
"Os01g0644600",1919.44996539186,-1.11020336503907,0.260859386609338,-4.255945624459,2.0816729858569e-05,0.000127345207261679
"Os10g0478200",51406.15229645,-0.88617432142936,0.208227654291437,-4.25579553515531,2.08307007673189e-05,0.000127403368909867
"Os04g0640800",1307.07579925383,-0.49633761252073,0.116649417869824,-4.25495147412243,2.09094357377656e-05,0.000127802769528647
"Os10g0467800",6707.88644750671,-2.07489205226964,0.487863970987467,-4.25301349486811,2.10912861067088e-05,0.000128886677505865
"Os01g0304300",1383.93072148464,-1.29094237521572,0.303658721356208,-4.25129358857233,2.12539337640167e-05,0.000129852800804814
"Os11g0302500",3009.75460618481,-1.33234156719787,0.313407651527822,-4.25114562679908,2.12679818171203e-05,0.000129910822381315
"Os01g0803800",59.2830593001312,-3.34154598785567,0.786377678433299,-4.24928896063407,2.14450138387739e-05,0.000130964158111674
"Os02g0730300",3293.91712701098,-0.681107714875238,0.160392861133166,-4.24649644668257,2.17139222332421e-05,0.000132492987649778
"Os05g0123100",2519.81507220842,-1.50246856971149,0.353828833430126,-4.24631468031051,2.17315364445584e-05,0.000132572125726325
"Os12g0594950",218.570952261735,-1.77070383665637,0.417094032028774,-4.24533486620162,2.18267205981161e-05,0.000133010656010381
"Os01g0534700",241.702089195557,-1.16866576833711,0.275343020651404,-4.24439946061567,2.19179608489257e-05,0.000133509661645697
"Os05g0172300",685.809333913355,-1.34789352672515,0.317750667789694,-4.24198487481153,2.21551626387764e-05,0.000134883994653837
"Os10g0507700",23.3702756657425,-3.92138800706361,0.924428639362094,-4.24195858943702,2.21577582305157e-05,0.000134883994653837
"Os08g0292000",3984.69892171662,-0.592337387689554,0.139676811102519,-4.24077112739059,2.22753184334654e-05,0.000135512934647237
"Os02g0158800",1146.62549101351,-1.15958542632734,0.273532169758772,-4.23930182453484,2.24216030444304e-05,0.000136373798700239
"Os05g0102800",2783.24466544707,-0.709024856397021,0.167274435626857,-4.23869226483991,2.24825590937522e-05,0.000136657190539196
"Os09g0108600",393.87782860671,-1.09304974905297,0.257920219680669,-4.23793741493503,2.2558262784643e-05,0.000137088152634628
"Os07g0607500",170.426123107264,-1.60395234222252,0.378745678411444,-4.23490599008259,2.28647340594512e-05,0.000138861908296378
"Os02g0793100",2136.75162129739,-0.859749635523662,0.203034138307637,-4.23450776647703,2.29052869286972e-05,0.000139078602444742
"Os12g0614100",37.548845929086,-4.17526572605951,0.986102117289847,-4.23411090276796,2.29457694045901e-05,0.00013923555312173
"Os06g0230801",238.934226761358,-1.17819325059025,0.27827308947949,-4.23394605922569,2.29626044399319e-05,0.000139308093758431
"Os04g0451100",457.770378153936,-0.996924811042921,0.235488679377509,-4.23342987730109,2.30153967996707e-05,0.000139539398098938
"Os02g0467700",2219.7645893167,-0.379231715191147,0.0895924568970842,-4.23285317006961,2.30745159746185e-05,0.000139868121465175
"Os07g0298700",105.393220946392,-1.29156745139422,0.305174977237566,-4.23221937488272,2.3139653995294e-05,0.00014023318124027
"Os03g0712200",605.857235247374,-0.78390568292374,0.185245348561101,-4.23171587849709,2.31915252948381e-05,0.000140487881582313
"Os06g0516301",82.6814955888597,-1.85275800988506,0.437834283098825,-4.23164215641575,2.31991295854512e-05,0.000140504127920034
"Os01g0166700",1725.72065687629,-0.860766486546081,0.203441227313282,-4.23103270617109,2.32620841502014e-05,0.000140855521846277
"Os06g0649900",1101.13447178712,-0.724023720679779,0.171159710183037,-4.2301060214785,2.33581197861266e-05,0.000141383514206903
"Os11g0458100",101.915350710902,-2.7733509178229,0.655623676150072,-4.23009573740299,2.33591876751596e-05,0.000141383514206903
"Os03g0754500",795.811132176859,-0.923301799621022,0.218309579211634,-4.22932334419441,2.34395251907163e-05,0.000141809624214457
"Os02g0119800",3026.02279495651,-0.812614766329437,0.192143075703865,-4.22921702149629,2.34506045027208e-05,0.000141816537060522
"Os03g0811900",31914.5499193733,-0.41183217133731,0.097405449188946,-4.22801983632808,2.35757011245028e-05,0.0001425126668568
"Os10g0469900",340.406583738148,-1.96981623131124,0.465954602810457,-4.2274852945546,2.36317614376506e-05,0.000142791066569919
"Os03g0120000",547.11253442208,-1.42355152816021,0.336855599108379,-4.22599930631464,2.37882723213984e-05,0.000143615153371826
"Os06g0104400",8505.06213931305,-1.01705667489329,0.240713109357644,-4.22518190890126,2.38747842070356e-05,0.000144015604481324
"Os05g0455200",2222.89594960525,-0.933210550742096,0.220885883454802,-4.22485373961461,2.39096012075277e-05,0.000144195152517995
"Os04g0275950",25.6822197938454,-7.73408079793475,1.83083490026921,-4.22434638797716,2.39635235864815e-05,0.000144459306705919
"Os11g0222000",609.611463298142,-0.980057842887321,0.232036112155832,-4.22372980559651,2.4029210992087e-05,0.000144824704087443
"Os08g0253800",5103.19295436532,-1.70631075392578,0.404146357591952,-4.22201195649168,2.4213126236606e-05,0.000145810015885587
"Os08g0489100",164.540226569479,-1.94043460665451,0.45972088127824,-4.22089725674236,2.43331831206109e-05,0.000146471189159578
"Os03g0359600",48.587190505202,-1.84087111322865,0.436399946663207,-4.21831195742411,2.46138121612169e-05,0.000147973179092202
"Os12g0588200",269.616046140847,-3.16426253186868,0.750158809244226,-4.2181235398097,2.46343844366457e-05,0.000148065670532662
"Os12g0267700",578.163270207087,-0.867204764750447,0.205636272188002,-4.21717800815612,2.47378690451729e-05,0.000148656365057982
"Os06g0683700",1185.2957054636,-1.06688274673568,0.253105696092006,-4.21516687774527,2.49593560581572e-05,0.000149798120127006
"Os03g0120200",2078.04599007439,-0.905688637670775,0.214907364521084,-4.21432108522237,2.50530660758577e-05,0.000150328929592029
"Os05g0163300",337.609144939685,-2.99140675601092,0.709853322050189,-4.21411954144439,2.50754455487117e-05,0.000150431592631868
"Os01g0525701",161.066825685172,-1.49505246348741,0.354801887201557,-4.21376694267159,2.51146439506485e-05,0.000150635090760099
"Os02g0207500",107.193187974966,-2.90399625253707,0.689408027603056,-4.21230408736859,2.52778929740999e-05,0.000151550551785908
"Os03g0633800",4149.94194617683,-1.58214476635774,0.375731667890707,-4.21083688590751,2.54426405637561e-05,0.000152474224701208
"Os04g0438400",378.513122947036,-1.08876372276585,0.258706512924089,-4.20848980746502,2.57083123434414e-05,0.00015393708150434
"Os05g0153500",228.828011882445,-0.859488975220162,0.204229984208896,-4.20843677068024,2.57143460893258e-05,0.000153940917528045
"Os01g0654500",46379.2195122171,-0.566717382683888,0.134670378387007,-4.20818140909424,2.57434162371249e-05,0.00015405032978459
"Os05g0436100",904.179103394247,-2.01178390819282,0.478137084354692,-4.20754627495163,2.58158549869955e-05,0.000154419062185415
"Os05g0528000",3577.04525810332,-0.582584664158069,0.138470174533776,-4.20729349204339,2.58447394541795e-05,0.000154559447513115
"Os09g0539800",4970.55279699722,-1.16554432796728,0.277052199194954,-4.20694847885729,2.58842123065139e-05,0.00015476308254653
"Os10g0555600",6161.63890595172,-1.37681407206743,0.327301667766257,-4.20655990378478,2.59287377151254e-05,0.000154996835463987
"Os08g0198000",133.329281159238,-8.4664564508838,2.0127702329013,-4.20637006275666,2.59505173891677e-05,0.000155094549488359
"Os07g0661900",2074.63092981576,-0.538969751867635,0.128182459565905,-4.20470752155075,2.61419986864788e-05,0.000156173547615498
"Os05g0207700",595.511484247634,-1.31910924164666,0.313813607989251,-4.20348005333102,2.62842324115082e-05,0.000156957558567801
"Os01g0233100",441.564506191706,-1.72559949927958,0.410542896894407,-4.20321362842483,2.63152016395998e-05,0.000157076770305466
"Os05g0123300",157.345353262953,-1.41314674715486,0.336360145372782,-4.20129068974177,2.65397553106162e-05,0.000158317821439128
"Os08g0230200",2533.36876181767,-1.15488885857741,0.27488697432367,-4.20132260329502,2.65360137382402e-05,0.000158317821439128
"Os01g0764600",1772.74698200113,-0.898647852602222,0.213984396468573,-4.19959523887155,2.6739254337029e-05,0.00015937466606727
"Os03g0249500",1734.65869576567,-1.11572533588253,0.265756793781787,-4.19829468893524,2.68932521152875e-05,0.000160225628966555
"Os08g0387700",961.405092832382,-0.671701305758034,0.160005408750704,-4.19799124918694,2.6929303485211e-05,0.000160373469368217
"Os04g0615000",4525.60377456582,-0.84158387433959,0.200488228872703,-4.19767224775048,2.6967253272864e-05,0.000160565973596293
"Os10g0545600",317.3964089468,-1.4895697245563,0.355055629264176,-4.19531364040985,2.72494255723993e-05,0.000162144591106643
"Os07g0604800",11823.898516853,-1.70923540026299,0.407609553526559,-4.1933153565097,2.74906852061951e-05,0.000163341823173529
"Os10g0446800",14.5198707138516,-8.53596859622204,2.0357549525874,-4.19302361778515,2.75260772638157e-05,0.000163518074800906
"Os04g0467901",2156.99457252159,-1.50433739893329,0.358894282721152,-4.1915891987115,2.77007237857488e-05,0.000164425660467292
"Os10g0561600",38.2814258242718,-4.67218696607679,1.11466020879839,-4.19157957662581,2.77018988644622e-05,0.000164425660467292
"Os05g0108600",4252.09149206207,-1.86314059484884,0.444615123773692,-4.19045708350031,2.78393069149707e-05,0.000165172558008922
"Os05g0204600",165.185174668954,-1.6030994177277,0.382591676136201,-4.1901053204226,2.78825005700047e-05,0.00016539445059647
"Os12g0640900",3951.06559639782,-0.560360694938574,0.133762003276352,-4.18923671306618,2.79894315972883e-05,0.000165994252132349
"Os01g0173600",167.777942639412,-3.24944650857327,0.775675116032233,-4.18918493246887,2.79958184127368e-05,0.000165997640376643
"Os12g0139400",1312.11366983083,-0.872251323559038,0.208322686044419,-4.18702033907653,2.82640506399654e-05,0.000167448954227309
"Os03g0846200",1614.58783284243,-0.550997591274656,0.131658380925721,-4.18505519664196,2.85096816610121e-05,0.000168764071615913
"Os10g0502100",425.694163382794,-1.91983756222965,0.458829565222906,-4.18420631045641,2.86164137945291e-05,0.000169325645802454
"Os06g0215400",3028.33980198157,-0.551471526123935,0.131812165982183,-4.18376803093031,2.86716681202237e-05,0.000169582282391974
"Os01g0718300",4025.94722394886,-0.93287069955894,0.223025883446665,-4.18279118612718,2.87951850499885e-05,0.000170242287089244
"Os01g0652800",2987.99398489843,-1.36579918982972,0.326582192481576,-4.1820993957188,2.88829641104707e-05,0.000170713871825655
"Os10g0508500",1864.79030936099,-0.692380922643578,0.165572057712013,-4.18174982066037,2.8927417250179e-05,0.000170917863380068
"Os03g0302700",518.456637929404,-0.725142885993094,0.173414688791085,-4.18155400242181,2.89523465664876e-05,0.000170967368791723
"Os08g0170800",3707.45866230664,-0.835195185494404,0.199743961567943,-4.18132883186215,2.8981037924321e-05,0.000171093018926953
"Os03g0130700",1031.66347346082,-0.696087627463668,0.16650270459361,-4.18063856177375,2.90691610392882e-05,0.000171577777647941
"Os02g0627100",3162.37558375531,-1.52982009274009,0.366064436880291,-4.17910055884606,2.92664265976141e-05,0.000172563701880251
"Os06g0185500",164.254271259132,-2.33572991654825,0.558976658325657,-4.17858220331531,2.93331975289477e-05,0.000172921683243759
"Os01g0323000",2626.75811536365,-1.10043649932686,0.263379059965716,-4.1781472660359,2.9389334800193e-05,0.000173181084338709
"Os01g0514700",838.003578167624,-1.12485751311284,0.269322068545019,-4.17662584870879,2.95865082741065e-05,0.000174306974649349
"Os11g0143200",115.113476200748,-1.99629714089553,0.478286647931361,-4.17385086857372,2.99493839883733e-05,0.00017633564698105
"Os01g0964133",5932.49865855171,-1.69052302713015,0.405259109831319,-4.17146212415507,3.02651368641149e-05,0.000178157984460568
"Os03g0637900",1934.78481381718,-1.08246617593534,0.25952701749768,-4.17091902944176,3.03373652008608e-05,0.000178546340679045
"Os03g0328000",6953.13709059689,-0.670602676215379,0.160823604500833,-4.16980255042042,3.04863650807818e-05,0.000179386271875043
"Os03g0109600",13889.7158724282,-0.905935495989554,0.217282452722925,-4.16939096846807,3.05414680514749e-05,0.000179673467448743
"Os01g0152900",3949.92322074101,-1.10243164233975,0.264473667793822,-4.16839850838829,3.06747290657547e-05,0.000180345925119033
"Os12g0109850",92.0170868352629,-4.74295910184837,1.13785586621131,-4.16833031554418,3.06839058113206e-05,0.000180362728063908
"Os01g0799500",1434.22350609152,-1.86085676139767,0.446533551884228,-4.16733916980135,3.08175796730066e-05,0.000181036631855588
"Os04g0515300",14671.6201958589,-0.793814651987403,0.190501987551932,-4.1669625718262,3.08685156286825e-05,0.000181298541173892
"Os07g0235800",6449.53147810773,-0.553599231845825,0.132855938565607,-4.1669137098636,3.0875130209493e-05,0.000181300085723055
"Os11g0544100",549.698151782213,-1.17169257399781,0.281352046019583,-4.16450703157943,3.12026011097709e-05,0.000183072363016917
"Os03g0149200",8686.26251542792,-1.46230430803159,0.351208789758997,-4.16363243367298,3.13224210746186e-05,0.000183624396622286
"Os03g0775200",3557.62953024638,-0.937976603472913,0.225319146333975,-4.16288015791883,3.14258325328234e-05,0.00018415499154525
"Os02g0641000",285.369321147449,-1.87015400185363,0.449257297925555,-4.16276821876697,3.14412479289745e-05,0.000184207508391759
"Os06g0728800",1906.41156326155,-1.30801291419938,0.314326771164908,-4.16131565679827,3.16419362306892e-05,0.000185268457131327
"Os11g0233800",643.679749349379,-1.33477106256682,0.320760522553602,-4.161269759572,3.16482972594012e-05,0.000185268457131327
"Os01g0164500",1580.22640244148,-0.66894636509296,0.160777509560561,-4.16069615035916,3.17278979624301e-05,0.000185696354201272
"Os11g0245800",1404.22864850451,-1.51042025592677,0.363143071272104,-4.15929801616676,3.19227170350346e-05,0.000186759998985043
"Os03g0793600",485.424516981984,-1.4874783134549,0.35764241557501,-4.15912164966049,3.1947372904446e-05,0.000186865945119776
"Os01g0703300",369.028711762967,-1.85800479162216,0.446746991967006,-4.15896430201232,3.196938522634e-05,0.000186956388424636
"Os03g0780800",2740.83542864886,-1.77105359284653,0.425971739960485,-4.15767861269581,3.21497888444835e-05,0.000187818987469696
"Os08g0143300",209.910749689733,-3.42345167630466,0.823472354594688,-4.1573364997659,3.21979556620948e-05,0.00018806188795147
"Os04g0592400",2752.1802774118,-0.76043477904981,0.182916415267652,-4.15728013222381,3.22058983457443e-05,0.000188069795904445
"Os12g0163700",1100.65774148372,-1.80192377741264,0.433458808195625,-4.15708192645472,3.22338420696318e-05,0.000188194474951027
"Os10g0203000",1721.03953882492,-0.886699816289903,0.213402039730518,-4.15506720277659,3.25191948149424e-05,0.000189666509357931
"Os01g0277500",738.414504118879,-0.916306563311591,0.220577087761336,-4.15413301812667,3.2652319689664e-05,0.000190404047644896
"Os11g0666100",11.4264716838803,-7.8843454644994,1.89799173462257,-4.15404625883014,3.26647094598468e-05,0.000190437391099237
"Os09g0497700",4000.02154049706,-1.26738975199852,0.3052313425109,-4.15222677190585,3.29255748533541e-05,0.000191879871093127
"Os11g0163100",24939.6687220896,-0.646056749603123,0.15561722616138,-4.15157605323939,3.30193499133544e-05,0.000192308574561679
"Os08g0430800",750.756770146861,-0.805420453989262,0.194065562510861,-4.15024924344414,3.32113431027311e-05,0.000193308437504967
"Os06g0595800",772.084376852551,-1.07250735389256,0.258441905529483,-4.1498972532928,3.32624547919427e-05,0.000193566464746425
"Os05g0499300",7092.73525145759,-1.49050998495568,0.359206837592864,-4.14944769688675,3.3327842518263e-05,0.000193907447378984
"Os11g0527150",81.2206453792443,-4.59504295001194,1.10766106340753,-4.14841967621041,3.34778266997217e-05,0.00019466104813951
"Os03g0757900",14865.5033522652,-1.0737689381259,0.25885902514904,-4.14808383639577,3.35269631923663e-05,0.000194867366598026
"Os01g0611000",4387.03314817565,-1.92361190086077,0.463798285391508,-4.14751835323621,3.36098534633293e-05,0.000195190164243595
"Os02g0236200",9439.08311370255,-0.35144087989143,0.0847567972757178,-4.14646248073977,3.37651478577655e-05,0.000195932583950408
"Os01g0108800",955.040190560058,-1.70853568642785,0.412086402086038,-4.14606179135978,3.38242581877796e-05,0.000196235696282923
"Os07g0158200",1319.58758060285,-0.550326996681597,0.132739541973812,-4.14591604354166,3.38457835040629e-05,0.000196320675541551
"Os10g0126000",378.386166914948,-0.96816016848826,0.233552138998118,-4.14537059108699,3.39264562269746e-05,0.000196708666776917
"Os06g0546400",2170.09874716013,-0.873592329294219,0.210792288658693,-4.14432774013241,3.40812031303368e-05,0.000197445476385698
"Os01g0672800",1461.56808584166,-0.869795114717893,0.20991812175981,-4.1434970331581,3.42049498102067e-05,0.000198081981615447
"Os02g0801210",213.819680848356,-8.96586323193093,2.16409440266406,-4.14300929797411,3.4277804236688e-05,0.00019838313952393
"Os04g0676300",1592.90327986609,-1.15006840474914,0.277609213494468,-4.14276021416002,3.43150674409817e-05,0.000198518298547909
"Os03g0212600",773.695294807862,-1.6720679206709,0.403628475867503,-4.14259156784512,3.43403189492475e-05,0.000198624126461463
"Os03g0722400",2422.29609765888,-1.49224541390087,0.360319664492705,-4.1414487216561,3.45119035515364e-05,0.000199333827392767
"Os03g0796400",98.0800604485337,-1.26435276045607,0.30527874960659,-4.14163371045455,3.44840745860685e-05,0.000199333827392767
"Os04g0463000",290.816472136043,-1.12696693966091,0.272116819612329,-4.1414821078184,3.45068794956744e-05,0.000199333827392767
"Os01g0775400",165.540159800395,-2.22507758046255,0.537280735021879,-4.14136862802635,3.45239591282029e-05,0.000199363117409554
"Os04g0367201",12.5824177591474,-7.80377398580425,1.88487462021431,-4.1402085327654,3.46990241048634e-05,0.000200252515982455
"Os05g0140100",1707.03163736736,-1.56033104267394,0.376990709482157,-4.13891112812101,3.48958084400212e-05,0.000201266105498478
"Os06g0142400",249.557797586233,-1.56417701592495,0.378121935014932,-4.13670001943469,3.52336236614887e-05,0.000203132408360641
"Os03g0339300",365.606351925867,-1.86532393245761,0.45107044491802,-4.13532731632777,3.54449065218373e-05,0.000204144352655231
"Os02g0156200",96.1781114011673,-2.01457538490005,0.487208657735841,-4.13493346826429,3.55057483526372e-05,0.000204412279342008
"Os02g0785900",710.705561306766,-0.523520283677796,0.126657793333403,-4.13334442279224,3.57522335626488e-05,0.000205706864505593
"Os02g0170100",14061.9203312536,-1.31522049283238,0.318303095759956,-4.13197518450854,3.59659257329521e-05,0.000206811318316153
"Os08g0552300",198.427458621795,-1.93886690135591,0.469299856659148,-4.13140313989932,3.60555614129878e-05,0.000207243243047186
"Os01g0957200",648.454389050284,-1.55035520815695,0.375282317697172,-4.13117041503668,3.60920885568821e-05,0.000207411430595459
"Os03g0859500",1255.36518216951,-1.05240080067618,0.254786725121736,-4.13051661217181,3.6194893765751e-05,0.000207960355807085
"Os05g0563600",11558.9150719421,-1.7724548274085,0.429123461882736,-4.13040764453201,3.62120550544963e-05,0.000208017085827237
"Os11g0307300",2600.05511720774,-3.46796278965311,0.839781570560128,-4.12960097152406,3.6339338309985e-05,0.00020866426729435
"Os08g0148300",257.634161997027,-1.59505433112712,0.386350063378233,-4.12852095112916,3.65104176968221e-05,0.000209562309016306
"Os04g0552000",1210.7917132945,-2.1120146318558,0.511658794669346,-4.12777939880945,3.66283249209157e-05,0.000210154554078918
"Os01g0618300",386.967006447598,-1.86416931265341,0.451669143844322,-4.1272894951087,3.67064180927081e-05,0.000210433419971532
"Os01g0631700",1678.13839969972,-0.908616418042977,0.220152879476206,-4.12720660390536,3.6719647003481e-05,0.000210466988768547
"Os04g0465300",751.6671280734,-2.20173091520243,0.533475374963269,-4.12714629115546,3.67292753810677e-05,0.000210479910957076
"Os01g0766900",2338.27965799412,-0.989322540851615,0.239718833743015,-4.1270121558834,3.67506974417395e-05,0.000210560398991773
"Os07g0166700",2214.09583438194,-1.28021529622064,0.310209675197122,-4.12693542007395,3.67629578604574e-05,0.000210588374306421
"Os12g0165600",159.458768412614,-1.97884860484489,0.479596018429869,-4.12607388052004,3.69008766562026e-05,0.000211335999854464
"Os04g0510400",2093.59101316796,-0.482445377266294,0.116952039961641,-4.12515572558231,3.70483993309924e-05,0.000212138317051925
"Os02g0741800",1117.97400699797,-1.71927081495249,0.416798713603157,-4.12494270937085,3.70827052088735e-05,0.000212292165559985
"Os03g0781700",1086.585845543,-0.912263501072474,0.221264821724979,-4.12294866377978,3.7405308503952e-05,0.000213924489268043
"Os06g0618300",1311.86526712232,-0.598662244000956,0.145328847343598,-4.11936277582627,3.79921599207637e-05,0.000217237222111034
"Os03g0339700",1207.20802933905,-1.81742860642437,0.441317304010882,-4.1181902225605,3.81859438640888e-05,0.000218257825722177
"Os08g0123900",12.4975799428523,-7.71318216641411,1.87343778730407,-4.11712746411164,3.83623926411582e-05,0.000219222449559404
"Os01g0848200",1368.69794898188,-1.45357800218883,0.353179584201794,-4.11569090403116,3.86021337705796e-05,0.0002204600452876
"Os02g0104150",32.0044663335257,-3.42286868097051,0.832328351546445,-4.11240188395711,3.91563900555638e-05,0.000223491301288945
"Os02g0489800",798.960165470137,-1.37954968497727,0.335483833666764,-4.11211971050615,3.92042913009155e-05,0.00022371997019059
"Os04g0278200",1003.70404685602,-0.6879232359919,0.167322079729137,-4.11137153629407,3.93315693576488e-05,0.000224401422295568
"Os12g0143400",400.781202475676,-1.09838592662832,0.267164694314572,-4.1112690037368,3.93490425376154e-05,0.000224456249039507
"Os04g0683600",2030.29203544045,-1.39313212839493,0.33888443439349,-4.11093572618129,3.94058892458118e-05,0.000224735604921569
"Os06g0492300",12.7269064391332,-7.63537296967291,1.85741073515939,-4.11076173144746,3.94355982551393e-05,0.000224860111185517
"Os09g0275400",14.6415820063765,-7.44585827518613,1.8114279776496,-4.11049093149562,3.94818787187418e-05,0.000225079038575547
"Os01g0872800",5121.78499099401,-0.511864521153123,0.124586325701436,-4.10851285862445,3.98215036808518e-05,0.00022692453604836
"Os03g0811200",719.511904980683,-1.59426189074748,0.388150766184319,-4.10732640416952,4.00265401163562e-05,0.000227956416815896
"Os12g0242900",943.572711914547,-1.91452054774881,0.466456611215612,-4.1043914947619,4.05380478101755e-05,0.000230593470843693
"Os02g0233333",245.30520760955,-1.15284870799525,0.281022557654288,-4.10233512077516,4.09001299201589e-05,0.000232606756015345
"Os02g0119300",1818.49180781919,-0.401703412925345,0.0979264282018629,-4.10209399343438,4.09427875864778e-05,0.000232802973878172
"Os02g0137000",4535.40348181528,-0.519438883858523,0.126719036561261,-4.09913851899754,4.14690801764263e-05,0.000235701597880508
"Os12g0547500",855.452274274872,-1.44568504900079,0.352838672201927,-4.09729761190531,4.18001350738186e-05,0.000237394161469773
"Os04g0320000",133.017927999108,-1.35707956824287,0.331288965444086,-4.0963621182605,4.19693266030888e-05,0.000238260234399078
"Os05g0459400",910.106327181034,-1.53614112097532,0.375063915022176,-4.09567825495689,4.20934196420356e-05,0.000238917194325366
"Os01g0802000",1044.11327373653,-0.546050447753273,0.133377918591107,-4.09400936467815,4.23977175017981e-05,0.000240500884016559
"Os11g0168100",1402.31617816257,-0.889166209233042,0.2173062745395,-4.09176500364428,4.28102358244872e-05,0.000242659787208005
"Os02g0720300",1050.44824450926,-1.08875290869656,0.266087909694699,-4.09170379047194,4.28215401013934e-05,0.000242663895305574
"Os04g0588200",655.92412096901,-1.68226955356296,0.41115486897198,-4.09157152332691,4.28459756329304e-05,0.000242754173971093
"Os11g0446000",2872.61162802861,-0.968622558022759,0.236742928980153,-4.09145296206064,4.28678903311086e-05,0.00024283013725167
"Os07g0572400",227.8818230397,-1.85389395416309,0.453279382561744,-4.08995869983245,4.31450007812322e-05,0.000244254443137543
"Os07g0122400",2702.92686192054,-0.602132766384473,0.147230391467572,-4.08973147719365,4.31872877030186e-05,0.000244445357960532
"Os02g0145000",1258.12637454581,-1.24349793241295,0.304140872496363,-4.08855910159796,4.34060963567674e-05,0.000245591755193598
"Os03g0323500",1155.60405695992,-1.40397753033007,0.343392187360124,-4.08855408483037,4.34070349268394e-05,0.000245591755193598
"Os08g0541500",1260.75175622386,-0.735416359119102,0.179933309644118,-4.08716074068581,4.36684574810284e-05,0.000246972944390425
"Os05g0429700",1742.21931973549,-1.7019548642796,0.416475524094743,-4.08656635459908,4.37804314489303e-05,0.000247557178145457
"Os02g0614600",688.334024071969,-1.75857154268542,0.430392510840498,-4.08597152225342,4.38927621077903e-05,0.000248044941913436
"Os04g0383700",16.9518835374198,-6.79112608868272,1.66253751870953,-4.08479568867355,4.41156163271984e-05,0.000249254978710125
"Os11g0670900",93.0754984380728,-1.85184811923898,0.45337665495283,-4.0845687553799,4.41587500725796e-05,0.000249399952922777
"Os02g0761300",79.3518792350159,-2.93225030232757,0.718096378280049,-4.08336595339857,4.43880381731621e-05,0.000250645333652767
"Os09g0556700",916.741618759698,-1.54786433976177,0.379073006642319,-4.08328821266422,4.44028965420561e-05,0.000250679643769076
"Os03g0596800",172.676601007434,-1.67308754007681,0.40986317110585,-4.08206362031178,4.46375727862306e-05,0.000251954692032859
"Os04g0402700",1446.51130107611,-1.57809227346292,0.386682113429755,-4.08111008669552,4.48211184670485e-05,0.000252890690951459
"Os01g0968100",215.284130021491,-2.3569622499759,0.577583589299949,-4.0807292548471,4.48946246317561e-05,0.000253155307287405
"Os03g0853600",509.63816687979,-1.00922438233829,0.24742679027591,-4.07888079222498,4.52530323428249e-05,0.000255025183651252
"Os02g0511901",893.654767860446,-1.6490596551999,0.404326580683589,-4.07853387331562,4.5320599924944e-05,0.000255355547622898
"Os04g0514800",2515.19936072365,-1.17364068681108,0.287802004666495,-4.07794479462053,4.54355509194134e-05,0.00025590220312623
"Os05g0235800",2153.74795365629,-1.57440592646516,0.386285728766103,-4.07575483436632,4.58653223526438e-05,0.00025814117435658
"Os07g0105700",2235.41774540958,-1.45229579969511,0.356446075867738,-4.07437729861274,4.61376306670597e-05,0.000259498035420798
"Os02g0189200",227.981034146084,-1.60891037579464,0.39492274796785,-4.07398759396259,4.62149444208455e-05,0.000259881673275929
"Os05g0210100",3838.80625114928,-1.24821057047626,0.306419872919291,-4.07353008336058,4.63058670197242e-05,0.000260341671895018
"Os07g0204000",86.3713669449135,-1.77036628691898,0.434628424136391,-4.07328694720487,4.63542552736383e-05,0.000260543765919897
"Os01g0118300",1657.46736105226,-0.993737295197868,0.244004430127987,-4.07261988922343,4.6487257572497e-05,0.000261207141761684
"Os03g0304500",1713.04592586048,-1.86105379880232,0.456974211025282,-4.07255760588065,4.64996944791428e-05,0.000261225601104635
"Os02g0748800",383.983807964964,-1.35832654302373,0.333771428486041,-4.0696309722644,4.70876628962975e-05,0.000264372590423272
"Os09g0371100",177.99970995094,-3.73639084698538,0.918281524851132,-4.06889471896007,4.72366840768832e-05,0.000265052862254876
"Os09g0103800",331.786471895097,-2.77458023797415,0.682172493435298,-4.06727076314945,4.75669629445296e-05,0.000266801216405709
"Os03g0216900",393.563056620878,-1.52371449977453,0.374673969171296,-4.06677438292467,4.76683524912554e-05,0.000267264870066862
"Os10g0178200",424.4760568961,-1.51751504413794,0.373308971505451,-4.06503770326822,4.80246977997085e-05,0.000269104235177636
"Os10g0169200",6887.06643092074,-1.73181012451772,0.426046188454158,-4.06484125770804,4.80651646370165e-05,0.000269278127458096
"Os02g0132500",2236.85148215297,-1.5399536706957,0.378904955759523,-4.06422150802655,4.8193042057237e-05,0.000269888599662894
"Os02g0739900",1828.0059312555,-1.50418644936854,0.370198711034678,-4.06318661986814,4.84072972725386e-05,0.000270928998695557
"Os03g0246100",20.3322283637493,-4.81897935402551,1.18603310806019,-4.06310694134598,4.84238306814445e-05,0.000270968402856528
"Os04g0649200",381.73589958837,-1.71722486697479,0.422830855340774,-4.06125722681903,4.88091572059712e-05,0.000273071066892834
"Os06g0296900",65.9445071066603,-2.86656765889473,0.705936404033601,-4.06065991570295,4.89342067496232e-05,0.000273717028701008
"Os06g0660200",3006.3093733918,-1.7019965820568,0.419256802638863,-4.05955627039129,4.9166058868115e-05,0.000274744711106397
"Os02g0486400",239.039941935523,-1.85448339232458,0.456897816687032,-4.05885807415637,4.93132722348919e-05,0.000275513416064348
"Os03g0717000",2788.50906427546,-1.25697170125034,0.309711329137741,-4.05852670856388,4.93832861709092e-05,0.000275850591088539
"Os02g0167200",292.748754726014,-1.03305056499128,0.254595116347446,-4.0576212922383,4.95750715682072e-05,0.000276651191171634
"Os01g0176400",905.299094150842,-1.80146102386546,0.444078900039445,-4.05662377497657,4.97871831349711e-05,0.000277672011606998
"Os08g0546500",33.1461022407346,-2.48222448837779,0.61211163455962,-4.05518266314871,5.00951400846528e-05,0.000279225869669269
"Os05g0594800",4020.71251640422,-0.34199596724773,0.084340503971843,-4.05494336815802,5.014645046072e-05,0.000279402748770407
"Os08g0144000",1865.95940305432,-0.422904059421986,0.104347052256633,-4.05286062496414,5.05951471632754e-05,0.000281792757195812
"Os08g0213400",1429.29243328312,-0.870640897010952,0.21483895946482,-4.05252799203544,5.06671595386283e-05,0.000282138783041476
"Os02g0173100",3014.9722696958,-0.688918358112267,0.170001447583795,-4.05242642285558,5.06891678091565e-05,0.000282206281635374
"Os03g0269700",39.2407140032394,-3.53740548118629,0.873017252533767,-4.05193078478076,5.07966939875716e-05,0.000282639538631822
"Os07g0112700",2770.70425019597,-1.71908225429557,0.424262096213176,-4.05193456978488,5.07958720314871e-05,0.000282639538631822
"Os01g0195400",2057.67273663208,-2.00496575231433,0.494837922221741,-4.05176253127967,5.0833244859863e-05,0.000282787788205015
"Os06g0607900",57.1948459143996,-1.79958405324497,0.444253663565311,-4.05080295523642,5.10421771335418e-05,0.000283839451412394
"Os02g0516400",144.613354275465,-2.04325893154528,0.50464142212959,-4.04893225554636,5.14518341101679e-05,0.000286039630051834
"Os03g0807100",1590.88080242342,-1.61451307021438,0.39875752315204,-4.04885921010898,5.14678930754701e-05,0.000286039630051834
"Os04g0613800",2462.36561301378,-0.368801717205697,0.0910932823347606,-4.04861596544935,5.15214044213273e-05,0.000286281286315431
"Os12g0562900",3832.14269683998,-0.678982910537941,0.167723509532109,-4.04822742161829,5.16069894957308e-05,0.00028670103311914
"Os11g0557800",2918.01632672718,-1.0953451497133,0.270583729136955,-4.04808209720141,5.1639034909048e-05,0.000286767434327601
"Os03g0205700",3490.08923904594,-1.79199306970897,0.442702390821773,-4.04785044504177,5.16901554007872e-05,0.000286995486434559
"Os07g0207400",3950.64516576403,-1.03513056562301,0.255738083053924,-4.04761994483533,5.17410692826385e-05,0.000287222302917859
"Os02g0158100",1713.46458408303,-1.56134525886414,0.38608787272209,-4.04401528557726,5.25434913075896e-05,0.000291393319581084
"Os02g0800750",296.310381047707,-9.23325540295927,2.28366393686808,-4.04317607941131,5.27319893759723e-05,0.000292325093172995
"Os01g0678700",898.597265939685,-0.74377567674594,0.184004171238772,-4.04216747771866,5.29593840613818e-05,0.000293414724116476
"Os11g0666200",694.202423153137,-5.58846207867208,1.38297085736552,-4.0409109482739,5.32439753627212e-05,0.000294876995101574
"Os02g0696500",748.511510706531,-1.2656822221981,0.313264701843683,-4.04029632048894,5.33837095784763e-05,0.000295536192049656
"Os06g0217300",770.05373856447,-2.30769292148398,0.571187499205382,-4.04016706369514,5.34131400018937e-05,0.000295641781697509
"Os11g0103100",1008.10244881364,-1.28233802205924,0.317416650892705,-4.03992045928523,5.34693319031741e-05,0.000295895426491703
"Os10g0518000",426.786473455054,-1.66204639679483,0.411411380660304,-4.03986490146989,5.34819991755643e-05,0.000295908157485425
"Os07g0584900",752.592381431667,-0.721667749034507,0.178655234613948,-4.03944362780045,5.35781428248125e-05,0.000296325229372495
"Os05g0509200",11714.0381312247,-0.528726882923306,0.130902554770865,-4.03908757815157,5.36595286309322e-05,0.000296717858434972
"Os02g0699700",7123.37480313968,-1.51887803399835,0.376354674854123,-4.03576236853461,5.44252809403916e-05,0.000300777389963706
"Os01g0617700",2227.75989875631,-0.990644816115133,0.245477307804571,-4.03558611985351,5.44661562662828e-05,0.000300945018285865
"Os10g0520400",194.005955978491,-1.58017066300126,0.391610471751718,-4.03505722391176,5.45889916741372e-05,0.000301565352883022
"Os06g0479200",3434.61239161847,-0.644817354356863,0.159880457885623,-4.03312176412554,5.50407410194827e-05,0.000303943298831517
"Os09g0480100",244.94905975846,-1.60890658237466,0.398944954212889,-4.03290370108579,5.50918598176652e-05,0.000304107918513911
"Os01g0618200",719.865618605878,-1.13281519433964,0.280963906762288,-4.03188867706793,5.53303963854686e-05,0.000305306559912394
"Os02g0169800",1650.39826283665,-1.36810886666524,0.339350601616033,-4.0315498488882,5.54102405687157e-05,0.000305688037648516
"Os08g0192900",13044.6801605978,-0.959488912063934,0.238045159322974,-4.03070121145427,5.5610699603047e-05,0.000306675388228241
"Os06g0219400",552.868403556561,-1.24441457428778,0.308758324907194,-4.03038387600344,5.56858346267384e-05,0.000307030415991041
"Os10g0499200",11.8070488564394,-7.90181576733224,1.96132519258646,-4.0288146999794,5.60587815877662e-05,0.000308848072117583
"Os07g0677300",1808.30997093051,-1.33233870430328,0.330766757954739,-4.02803084730054,5.62459652690617e-05,0.000309819535438074
"Os01g0222300",225.545319853023,-1.45713734348022,0.361761043793505,-4.02790009725856,5.62772458797349e-05,0.000309899933433524
"Os12g0442800",4846.12390263512,-1.47463402710176,0.366106826143672,-4.02787908282013,5.62822749060885e-05,0.000309899933433524
"Os09g0524800",1488.06823393068,-1.21272530468786,0.301092855540834,-4.02774520341747,5.63143239714846e-05,0.000310016598542345
"Os02g0252300",22.4312138005756,-6.50732216479109,1.61565146763267,-4.02767694342267,5.63306712192556e-05,0.000310046795079528
"Os10g0153900",41.685848919356,-5.50134925248524,1.36600773107813,-4.02731926571401,5.64164031927338e-05,0.000310398961590862
"Os06g0177700",59.6611063992737,-1.63488075480042,0.405953645016595,-4.02725970038669,5.64306924395978e-05,0.000310417746193077
"Os03g0689100",1079.34431241531,-1.08514396431192,0.269469757436782,-4.02696011097458,5.65026135477345e-05,0.00031075348768912
"Os06g0634700",11.0199071017936,-8.2159688136629,2.04080234222034,-4.02585230509102,5.67693144688059e-05,0.000311940568691459
"Os10g0478100",133.609473749775,-2.20487663653282,0.547873398963853,-4.02442725035148,5.71141458692533e-05,0.000313573029369488
"Os01g0351200",776.323174826909,-0.567419472587483,0.141011108855752,-4.02393454807825,5.72338296624942e-05,0.000314169698824276
"Os09g0548200",1469.15973746633,-1.84901336200017,0.459533214168795,-4.02367729902759,5.72964131582564e-05,0.000314452762389785
"Os06g0495500",310.632783367238,-1.65849139834177,0.412350802706244,-4.02203994137309,5.76962709321191e-05,0.00031652553478501
"Os02g0609500",335.354641512064,-7.37213739839509,1.833855407787,-4.02002108077398,5.81929340118718e-05,0.000319127590477401
"Os01g0904400",2022.28949069288,-1.31732922349925,0.327700818556703,-4.0199143514538,5.82193030263168e-05,0.000319210869301419
"Os01g0739200",1901.03577973172,-0.62269489684857,0.154908123334877,-4.01976916021661,5.82551927791863e-05,0.000319346307411003
"Os01g0868300",2016.48984722313,-1.57702461762439,0.392345244044875,-4.01948192710606,5.83262555328272e-05,0.000319674469648429
"Os12g0236100",632.293101075957,-1.08566505186282,0.270155543248742,-4.01866657558535,5.85284246904953e-05,0.000320720935758399
"Os11g0169200",433.917640015272,-2.03324888135937,0.505964968528208,-4.01855663500548,5.85557355485396e-05,0.000320809004893957
"Os04g0379800",705.271795957502,-1.60759589869506,0.400145733527664,-4.01752602613697,5.88123414807797e-05,0.000322029440864641
"Os05g0415700",492.451703405464,-1.76071616545488,0.438375599234221,-4.01645567985671,5.90799685272991e-05,0.000323184864247456
"Os03g0258900",210.699152073123,-2.12164497380654,0.528325097450358,-4.0157944115193,5.92458865330229e-05,0.000324030386127343
"Os01g0367900",6248.14484163502,-0.808009906425304,0.201290292670034,-4.01415237519595,5.96597981069597e-05,0.000326231662292156
"Os12g0100100",2062.17971321078,-0.984944040791518,0.245432130908849,-4.01310145148565,5.99261421591767e-05,0.000327499866320417
"Os04g0422300",59.0720104206941,-4.01711927869403,1.00110336925269,-4.01269179794364,6.00302686225715e-05,0.000328006123193469
"Os10g0487300",1048.1616164592,-0.527334514851558,0.13143047817876,-4.0122696208586,6.01377575859039e-05,0.000328530555508524
"Os01g0180600",736.423824876014,-1.06761719004098,0.266137782682644,-4.01152057133527,6.03289190148464e-05,0.00032947865708069
"Os05g0286100",810.168643769184,-1.1372717638251,0.283504524519659,-4.01147659195907,6.0340160649813e-05,0.00032947865708069
"Os11g0704550",365.383982226772,-0.893183480657691,0.222726339276908,-4.01022835268364,6.06600532727293e-05,0.000330940474124003
"Os01g0624700",125.967733527509,-1.40688623480061,0.350881727411512,-4.00957395296513,6.08284005416466e-05,0.00033166874213195
"Os02g0732200",2173.91522036195,-1.24534315538235,0.310646337669181,-4.00887763469648,6.10080172776252e-05,0.000332457587852717
"Os03g0133300",1114.01528021174,-0.76450976574273,0.190743319748162,-4.00805525851238,6.12207976800614e-05,0.000333487678294732
"Os09g0378700",91.1162276701258,-2.58462908981116,0.644865659605219,-4.00801167082373,6.12320950792703e-05,0.000333487678294732
"Os11g0604700",1114.5145964979,-0.506444642063676,0.126368603352292,-4.00767776669812,6.13187044705616e-05,0.000333895669669537
"Os02g0708400",8663.16477040867,-0.643577444815288,0.160652147803019,-4.00603075412598,6.17476129061806e-05,0.000336102948664001
"Os01g0802900",3387.24711515783,-0.848384185571929,0.211811504123694,-4.00537349980995,6.19195640626616e-05,0.000336974649495637
"Os03g0807400",1454.44774880618,-0.670119862607192,0.167403547651912,-4.00302067672183,6.25388341049923e-05,0.000340279923883511
"Os11g0665950",14.0212275179601,-7.17565958224289,1.7927675574394,-4.00255992611326,6.26607895627865e-05,0.000340878516729594
"Os02g0168300",429.58288349893,-1.7440939022357,0.435772749255422,-4.00230144086734,6.27293062206812e-05,0.000341186226517363
"Os03g0237250",299.224123553669,-1.99205495935359,0.497782203854413,-4.00186054047085,6.28463393336618e-05,0.000341757650969716
"Os01g0283600",123.516470078205,-4.29029250520936,1.07283372037553,-3.99902838970014,6.36030512892488e-05,0.000345806761142918
"Os03g0343700",1987.0057148838,-0.634050789733892,0.158555451942067,-3.99892139921849,6.36318060603329e-05,0.000345897214280355
"Os12g0623900",85659.9082450777,-0.741536281066641,0.1854439241246,-3.99870896049633,6.36889375880623e-05,0.000346141857295059
"Os12g0433500",1538.03084010867,-1.49515362526922,0.373984998589881,-3.99789732450963,6.39076597539366e-05,0.000347264466022533
"Os06g0285400",809.246162781325,-1.99097661247398,0.498108536119912,-3.99707386663755,6.41302942058383e-05,0.000348341601867069
"Os01g0802700",131.118006766834,-1.96492477630963,0.491745243626323,-3.99581857024076,6.44710958833798e-05,0.000349926404429586
"Os10g0189100",919.665194161708,-1.35003055936879,0.338302013229427,-3.99060752397366,6.59042622969267e-05,0.000357161811848011
"Os05g0214900",290.867167319402,-1.38929304164798,0.348266170181956,-3.98917023988328,6.6304824524368e-05,0.000359264409875391
"Os03g0115700",545.7446823479,-1.77728360918158,0.44562103008037,-3.98832974480813,6.65401317981113e-05,0.000360402565852996
"Os06g0531900",2210.51233945311,-1.46495950663527,0.367330413965447,-3.98812472623918,6.65976491265554e-05,0.000360645664327148
"Os01g0887100",1323.83753349132,-0.63830024453176,0.160059007973953,-3.98790578931759,6.66591231539607e-05,0.000360910093191702
"Os01g0600200",5606.82294556664,-0.539679725758532,0.1353354082312,-3.98772008605886,6.67113077810505e-05,0.000361124136033056
"Os02g0829900",1165.16191851872,-0.818525128420371,0.205307462491145,-3.98682599496682,6.69630986695331e-05,0.000362284255222534
"Os11g0552100",668.579042819757,-1.41573098640329,0.355110796771478,-3.98673033676964,6.69900907971037e-05,0.000362358376295723
"Os02g0192500",6374.0887031931,-1.53311001586045,0.384854469870386,-3.9836097431239,6.78763047246954e-05,0.000366943417057141
"Os01g0922100",386.984657430469,-2.0391394323236,0.511945973023917,-3.98311450772626,6.80179619690298e-05,0.000367639595993938
"Os04g0177300",228.235395056253,-1.65055656658597,0.414543035956988,-3.98162898280417,6.8444561798184e-05,0.000369665387316436
"Os12g0118700",466.735120475952,-1.20317566305339,0.302190871580704,-3.98150896074326,6.84791389725382e-05,0.000369669218565576
"Os12g0443500",24578.5915504022,-1.73849207079945,0.4366505312077,-3.98142667086899,6.85028554251902e-05,0.000369700416951528
"Os04g0252400",387.65829902747,-1.07828269674141,0.270850902864506,-3.9810932337221,6.85990336495221e-05,0.000370079534396515
"Os08g0490100",1735.45874817737,-0.814859102973968,0.204690839291318,-3.98092609222367,6.86472928129313e-05,0.000370269902882145
"Os02g0135300",565.874559361659,-1.68909619126306,0.424333156069026,-3.98058970199418,6.87445169653213e-05,0.000370724256991901
"Os02g0609800",78.7254624045012,-1.86255851326144,0.467921960867034,-3.98048963081411,6.87734648649047e-05,0.000370740279717439
"Os07g0180900",22385.9413019102,-0.85931831203959,0.215924006154733,-3.97972567915305,6.89948359321711e-05,0.000371793203105133
"Os03g0137800",484.338629134382,-1.72956188800518,0.4346598943831,-3.97911541956245,6.91721556869991e-05,0.000372608041504001
"Os03g0861400",558.764880578803,-2.67479076858911,0.672492031236038,-3.97743117293576,6.96637776758947e-05,0.000374973198186072
"Os01g0598600",1254.55103614274,-1.60427092752944,0.403357670454007,-3.9772912356513,6.97047729673627e-05,0.000375052410853987
"Os11g0108800",2751.56762642649,-0.969271437104343,0.243701085235109,-3.97729635126264,6.97032739229039e-05,0.000375052410853987
"Os02g0116300",330.00210621557,-1.77597930456035,0.446557902200054,-3.97704148960447,6.97779939783947e-05,0.000375375623844572
"Os04g0379700",510.23291486108,-1.93829945965003,0.48738573519417,-3.97693104185297,6.98103984565191e-05,0.000375479180995455
"Os01g0103000",1364.73743095853,-1.33856420304206,0.336631184970785,-3.97635234881233,6.99804151669999e-05,0.000376322714869413
"Os02g0800433",280.817630221984,-9.07473585985683,2.28382582942622,-3.97347982623383,7.08301598514808e-05,0.000380605437274222
"Os08g0225000",3807.6519449137,-1.19672022103367,0.301182007710867,-3.97341205780963,7.08503243582597e-05,0.000380642134101669
"Os03g0320800",480.843062873727,-1.81820463873373,0.457620982489386,-3.9731671149408,7.09232524484392e-05,0.000380962235206671
"Os03g0135100",1480.36274214342,-2.08272233568781,0.524227076042019,-3.97293926786961,7.09911542652212e-05,0.000381255222454652
"Os02g0208400",1485.91106147346,-0.501458047628937,0.126236383901248,-3.97237335332115,7.11600713775284e-05,0.000382027145587546
"Os02g0705300",2612.6391284883,-1.35444871667398,0.34100420283473,-3.97194141718666,7.12892536839913e-05,0.0003824244422394
"Os04g0382800",913.789969572845,-1.61722773830174,0.407239410547578,-3.97119654045075,7.15125507323897e-05,0.000383550215728172
"Os12g0222800",11.0256611929922,-8.01322798849762,2.0185292270892,-3.96983500707246,7.19224183155286e-05,0.000385676030133092
"Os05g0119700",1721.17610305324,-1.63949475533462,0.413015587525569,-3.96957113690807,7.20021087779312e-05,0.00038603084014975
"Os03g0200700",1343.37940514229,-0.656094943846761,0.165345725962025,-3.96801876812616,7.24726276221452e-05,0.000388334650431108
"Os01g0150100",1321.25088529364,-0.568776498832621,0.143342634628248,-3.96795064014076,7.24933435050772e-05,0.00038837274718636
"Os09g0557900",1055.77406023598,-1.5233916929504,0.383995248211527,-3.96721495915811,7.27174013377302e-05,0.000389500000710109
"Os02g0234800",7736.18379267316,-0.571852133874486,0.144171959839831,-3.9664587656975,7.29483889712641e-05,0.000390517407125987
"Os07g0447000",164.789166162337,-1.20830942513322,0.304638323700506,-3.96637366715924,7.29744266582625e-05,0.000390583542946455
"Os02g0154100",125.845648231652,-1.87684228491116,0.473228526102451,-3.96603793175569,7.30772377387449e-05,0.000391060493816036
"Os10g0503500",13633.4292305041,-0.462272298558474,0.116597895274994,-3.96467103859992,7.34972326730653e-05,0.000393160608961765
"Os07g0637600",304.66777446684,-1.55156210515479,0.391357564818044,-3.96456398096245,7.35302236893758e-05,0.000393263388605873
"Os09g0441000",412.254182678723,-1.87695730030929,0.47356208025914,-3.96348731993531,7.38627885291336e-05,0.000394820119059099
"Os12g0273700",499.209751522695,-1.64193891784798,0.414277267941618,-3.96338164052817,7.38955079085099e-05,0.000394921059303596
"Os03g0756000",26573.0117047958,-1.12666748511381,0.284298157595122,-3.9629784963937,7.40204512104829e-05,0.000395440718576085
"Os02g0606900",514.521056915927,-0.853481194016062,0.215424106471181,-3.96186484417536,7.43666357968421e-05,0.00039714148778018
"Os10g0133500",12.4765054463064,-7.69608544870684,1.94273725006474,-3.96146491166027,7.44913301467789e-05,0.000397658598786171
"Os03g0823800",783.091781883188,-1.75857931837935,0.444018364159642,-3.96060041729957,7.47615455096021e-05,0.00039902646877825
"Os04g0666800",570.169436889838,-1.75003786482616,0.441985514862468,-3.95949144480609,7.51095348939985e-05,0.000400659047657315
"Os07g0691300",469.284240040948,-0.900380916107344,0.227428067284224,-3.9589700904511,7.52736617943732e-05,0.00040145952956999
"Os09g0533200",178.023183825824,-3.92567384756499,0.991743599903285,-3.95835561524957,7.54675393762324e-05,0.00040241835306467
"Os03g0171300",758.83879979837,-2.90664943735967,0.734540242368102,-3.95710033256837,7.58650714428354e-05,0.000404311538324177
"Os03g0751600",1106.61378272461,-1.11077401493878,0.280716349638602,-3.95692668549162,7.59202189163978e-05,0.000404465812655783
"Os08g0536300",3063.02979737274,-1.00377652974167,0.253704573903499,-3.95647786044043,7.60629340801085e-05,0.000405063505668399
"Os03g0324700",626.813461560123,-1.23209662477747,0.31142095537466,-3.95637031970175,7.60971670045314e-05,0.000405170217305977
"Os07g0681600",403.284176304226,-1.46684729213059,0.370992580000062,-3.95384536297287,7.6905123328267e-05,0.000409090540492369
"Os09g0297400",10585.6066735799,-1.28478024987354,0.324970918227158,-3.95352377031924,7.70086095889611e-05,0.000409507812339455
"Os08g0505300",2060.08786378128,-0.864617841124407,0.218707802514278,-3.95330130514188,7.70802743531469e-05,0.000409716825165032
"Os04g0683800",2546.55713356699,-1.31544955771654,0.3327538734302,-3.95322087210046,7.71062005097772e-05,0.00040977832570305
"Os01g0759900",759.287700517634,-1.59210084269631,0.402783278512837,-3.95274810954091,7.72587538252183e-05,0.000410436231004473
"Os07g0150901",164.160433453962,-1.25444999557889,0.31735969987178,-3.95277029845224,7.725158742162e-05,0.000410436231004473
"Os03g0729500",4554.28572189397,-1.81345905633465,0.458930065291701,-3.95149325242397,7.76650624136963e-05,0.000412384811897036
"Os04g0574200",508.089637765412,-1.8683393321583,0.472825692485645,-3.95143360830593,7.76844247130599e-05,0.000412390593083426
"Os03g0159400",200.94369952258,-1.27651838696373,0.323073287563671,-3.95117280227681,7.77691439255051e-05,0.000412763563445448
"Os08g0125200",11.7061522529378,-7.69433956689958,1.94753964045896,-3.95079997708614,7.78904027052304e-05,0.000413330294630618
"Os03g0388900",117.741692006428,-2.67377961076796,0.676840008263781,-3.95038646965728,7.80251021689652e-05,0.000413968125708353
"Os10g0158700",11.1467333919598,-7.99849679986886,2.02484008375192,-3.9501869130564,7.80901862109521e-05,0.000414159471424269
"Os01g0819100",1594.70829460978,-1.33380309912834,0.337726478379218,-3.94935897691347,7.83607606400528e-05,0.000415440109901498
"Os08g0327400",6981.89455223549,-1.47731843466431,0.374246643841828,-3.94744604654005,7.89893112349394e-05,0.000418461562711602
"Os04g0515900",792.358119217176,-1.43288827787347,0.363053818673318,-3.94676547711183,7.9214079986397e-05,0.000419574447788405
"Os04g0460400",232.659930333043,-2.63698047517336,0.668153365484378,-3.94666944955321,7.92458432307543e-05,0.000419664814318859
"Os03g0597800",50.8483466890062,-3.53838259124841,0.896756417113904,-3.94575664441437,7.95483755627694e-05,0.000421188802089351
"Os04g0597000",3925.63265057836,-0.7719736380179,0.195698443878517,-3.94471015056776,7.98965598750303e-05,0.000422797071759893
"Os08g0536350",163.920363634367,-2.19853666787531,0.557606788041433,-3.94280829255605,8.05330279814928e-05,0.000425849342479387
"Os03g0145050",673.175315653092,-1.79030023023602,0.454160151146941,-3.94200201341922,8.08042981161519e-05,0.000426967398264984
"Os01g0273100",1801.64617256724,-1.77473094219001,0.450226276208577,-3.94186442678399,8.08506748994947e-05,0.000427133382256372
"Os12g0149300",515.050650346472,-2.23523876075088,0.567087878465788,-3.94160913260594,8.09367944166035e-05,0.000427430131327943
"Os03g0689900",4453.62564721841,-0.736940275741191,0.1869701889758,-3.94148543026063,8.0978554656516e-05,0.000427571561989566
"Os06g0648200",1824.98767036555,-0.996809773554979,0.253069589714985,-3.938876159232,8.18641692510295e-05,0.000431928067856079
"Os04g0165900",143.094254036771,-1.44592554681766,0.367209991854452,-3.93759859179095,8.23011203172796e-05,0.000434092675576839
"Os06g0157000",6029.07106163994,-0.553613846855817,0.140597209732525,-3.93758772246634,8.23048472611355e-05,0.000434092675576839
"Os02g0234400",85.6677137065241,-1.17611510346125,0.298808433321091,-3.93601710095456,8.28450721369273e-05,0.000436566936933742
"Os08g0499100",1023.81067005483,-1.60989863818216,0.409015426823276,-3.93603402855939,8.28392319604539e-05,0.000436566936933742
"Os03g0144800",1391.95509501008,-0.946613829324787,0.240534635215678,-3.93545747985937,8.30383656921503e-05,0.000437476395407298
"Os07g0531900",1670.17523893604,-0.770577414764455,0.19582051074003,-3.93512105474726,8.31547722369883e-05,0.000437858901390746
"Os08g0546100",5090.07933021856,-1.55128454453672,0.394229872507172,-3.93497462450285,8.32054867618945e-05,0.000438033458895521
"Os01g0957100",1403.2755644021,-1.57007769738153,0.399260448150046,-3.93246489767873,8.40792603912795e-05,0.000442225614263623
"Os10g0531900",134.856952620144,-2.5416240802041,0.646332623878451,-3.93237782885315,8.41097289090488e-05,0.000442304366613833
"Os03g0220100",841.567646603908,-1.78627253721705,0.454272790928276,-3.93215832620509,8.4186587106699e-05,0.000442626992516783
"Os02g0588300",115.168036190319,-1.93698671069279,0.492666392191026,-3.93163962753471,8.43684717074689e-05,0.000443419933054316
"Os09g0490400",4050.73362891987,-1.89356087344121,0.481915825640027,-3.92923571440383,8.52162765089181e-05,0.000447628523494766
"Os06g0572400",275.006778855383,-1.47330517844716,0.374982983759116,-3.92899209366147,8.53026437636752e-05,0.000447999754110459
"Os12g0560700",1747.83472283188,-1.88126087987004,0.478913616339781,-3.9281841561492,8.55896622742833e-05,0.000449424451794912
"Os03g0399000",12.6394605992677,-7.62742345118077,1.94213740239452,-3.92733461688997,8.58924438325021e-05,0.000450931380679592
"Os08g0276400",2845.8958447319,-0.497031402880574,0.126575377183311,-3.92676217081901,8.609703795191e-05,0.00045180319915246
"Os11g0694400",11.9543586080455,-7.53687618255695,1.91949916717564,-3.92648056922407,8.61978521873583e-05,0.000452202075507435
"Os01g0885600",1263.63806457599,-0.479778155236332,0.122226428436157,-3.92532254582679,8.66136017536193e-05,0.000454132742185031
"Os12g0479300",20.2092196833002,-4.71030728238018,1.20006176956596,-3.92505402791376,8.67102743575941e-05,0.00045455611960756
"Os02g0655500",36.9285801620328,-3.29819939788608,0.840315929694274,-3.92495165370248,8.67471582568129e-05,0.000454624763337259
"Os12g0145500",1886.96422451494,-0.602726572826809,0.15356367736327,-3.92492927478546,8.67552230205315e-05,0.000454624763337259
"Os02g0164800",1971.83339746396,-0.903718316007644,0.230275586863866,-3.92450770972045,8.69072762330875e-05,0.000455337975917263
"Os10g0512700",2427.65022093692,-0.550897639902272,0.140431113265348,-3.9229030311918,8.74883700830601e-05,0.000457878261028762
"Os10g0564900",5287.14867632415,-0.407237634231706,0.103822184236096,-3.92245296347869,8.76520087517466e-05,0.000458650584383108
"Os01g0209000",2291.39215239405,-0.528818863658654,0.134876168553561,-3.920773175349,8.8265314775804e-05,0.00046177513653969
"Os01g0635400",1021.78425566296,-1.10091353525693,0.280824291696622,-3.92029310785644,8.84413353189506e-05,0.000462526470381848
"Os08g0491200",3336.88141189669,-1.39028855165668,0.354635798033618,-3.92032772598126,8.842863122337e-05,0.000462526470381848
"Os10g0503600",387.429300366254,-1.0824134352423,0.276169368173148,-3.91938266869506,8.87760662322984e-05,0.000464106966032001
"Os08g0471800",741.572089259199,-1.34229322842651,0.342595606220976,-3.91801063426578,8.92827683193716e-05,0.000466499604412986
"Os06g0712200",1694.84106834477,-1.11023586655489,0.283446963418764,-3.91690866313718,8.96917111602422e-05,0.000468550549662876
"Os03g0849500",53.8172190234025,-3.16985538754337,0.809702440517323,-3.91483985835356,9.04642306128715e-05,0.000472326870059229
"Os04g0191600",17.2528608768228,-7.65293373146768,1.95495133336853,-3.91464155697477,9.05386081915252e-05,0.000472628754977852
"Os11g0505300",1440.47107826202,-1.52938103775261,0.390711226430531,-3.91435140404017,9.06475409473992e-05,0.000473024389177799
"Os02g0130600",362.47008214843,-1.43424403742341,0.366419811408366,-3.91420985647791,9.07007273780972e-05,0.000473215419901372
"Os08g0405700",1194.57788103268,-1.48102357268507,0.378544190854132,-3.91241923259567,9.13761035667064e-05,0.000476564863915232
"Os07g0679300",1769.89876277838,-0.502609372929627,0.128479269523715,-3.9119880957671,9.15394250893564e-05,0.000477329439121408
"Os04g0629700",5006.05362813625,-0.911251797840931,0.232998876439794,-3.91097078133934,9.19258935893162e-05,0.000479022878331091
"Os08g0389700",465.073847769589,-1.94695490998315,0.49782064429728,-3.91095655089085,9.19313105205198e-05,0.000479022878331091
"Os04g0444300",2204.08349719054,-0.570243441241817,0.145817565185454,-3.9106635782635,9.2042899855367e-05,0.00047951679749436
"Os09g0567800",97.3207886625576,-1.89603712617787,0.484854997067836,-3.91052404872418,9.20960897421977e-05,0.000479706347737462
"Os04g0690100",960.936382290865,-1.78722617451881,0.457172363400911,-3.90930493090968,9.25620647146815e-05,0.000482045534613368
"Os04g0574100",430.342250811378,-1.05657992974495,0.27028447064335,-3.90914034842626,9.26251422685264e-05,0.000482286038108869
"Os09g0318600",497.466438614937,-0.855579776510625,0.218890487818548,-3.90871154355445,9.27896758975906e-05,0.000483054624990119
"Os03g0191100",2119.77339885438,-0.583531134115488,0.14932070844183,-3.90790493967425,9.30999202903317e-05,0.000484581350249312
"Os03g0808100",1660.41909811268,-0.719535975974308,0.184149229934144,-3.90735261956637,9.33129242066134e-05,0.000485434891383177
"Os07g0466200",994.949793280483,-1.07704889708815,0.275647076478159,-3.90734743444118,9.33149260446851e-05,0.000485434891383177
"Os07g0100800",512.716500911611,-1.594747859177,0.408250366788992,-3.9062986561902,9.37206660694903e-05,0.000487456758798748
"Os09g0298500",691.123635939947,-2.0840983187695,0.533537014764441,-3.90619256227169,9.37618032060214e-05,0.000487581874788245
"Os03g0690000",1377.38844336649,-1.07143435854177,0.274335505089963,-3.90556212616525,9.40066021068937e-05,0.000488765837985277
"Os03g0297100",27288.2953424158,-1.03540319162071,0.265122563250669,-3.90537560789103,9.40791429408802e-05,0.000488964868190911
"Os04g0627200",359.452591546838,-1.4152706873148,0.362398460262003,-3.9052889084893,9.4112880134286e-05,0.000489051165219927
"Os02g0581800",330.808634333297,-2.56078944592382,0.655740676460008,-3.90518620828609,9.41528584753663e-05,0.000489169856629206
"Os05g0389900",20.3585065249769,-4.17397591698313,1.06893008335795,-3.90481658432792,9.42968756001253e-05,0.000489828938513189
"Os02g0198400",1270.62290276806,-1.41010307537177,0.361156227455821,-3.90441301623205,9.44543559818748e-05,0.000490468462278813
"Os02g0235600",6655.14655430291,-0.784699933699085,0.200996332079748,-3.90405101217341,9.45958285194092e-05,0.000491026134759014
"Os04g0552300",1163.67064276225,-1.33272790830496,0.341370589465016,-3.90405017137992,9.45961573374376e-05,0.000491026134759014
"Os10g0198333",121.513928243601,-8.39868134840542,2.15152665278981,-3.90359159042495,9.47756603798159e-05,0.000491868445432994
"Os10g0556100",7730.16357680774,-1.61146718915507,0.412903067787707,-3.90277359233281,9.50966494767572e-05,0.000493444603283868
"Os07g0229100",182.764274148019,-2.16523644735335,0.554882795681046,-3.90215098432779,9.53416536675222e-05,0.000494536100724288
"Os11g0200950",546.719889957238,-1.11740573306078,0.286407404095398,-3.90145546896753,9.56160526258393e-05,0.000495689176562288
"Os04g0368800",51.0507804196239,-3.85418971238604,0.988343409027841,-3.89964629417332,9.63333162003951e-05,0.000499316901693132
"Os09g0560300",3584.92127236146,-1.01503697607909,0.260297731408249,-3.89952294469719,9.63824037499372e-05,0.000499389967805084
"Os09g0315700",737.001745604627,-1.08055533479333,0.277307057665571,-3.89660235801307,9.7551589153092e-05,0.000504623515908999
"Os11g0462100",143.661469168498,-1.58015336025089,0.405529989700858,-3.8965141922463,9.75870915243733e-05,0.000504715698581575
"Os01g0876800",4692.8468118092,-0.909767421842062,0.233509326611716,-3.89606460282781,9.77683208594791e-05,0.000505561404096553
"Os03g0105600",9897.17077465464,-1.68299142039618,0.432006129835853,-3.89575819453224,9.78920159611845e-05,0.000506109346784287
"Os03g0227900",287.988450294087,-1.32796800959054,0.340892600461162,-3.89556126414612,9.79715935003825e-05,0.000506429041085642
"Os01g0769700",2109.82231372085,-1.41054147227863,0.362177953780225,-3.89460887267194,9.83573077384909e-05,0.000508238774816706
"Os06g0578700",35.4167643882093,-5.94015689348756,1.52557563994793,-3.89371509215388,9.8720588457018e-05,0.000509839058606318
"Os12g0590500",2116.3566091582,-1.31375858480621,0.337470142840586,-3.89296242253585,9.90274962328652e-05,0.000511239076229138
"Os06g0604000",84.519486941944,-2.06997780196899,0.531810527460648,-3.89232197386721,9.92893540050442e-05,0.000512498249678116
"Os04g0411200",18.5818801961543,-8.27683840503712,2.12670704710703,-3.89185638722368,9.94801268007929e-05,0.000513204543539098
"Os05g0138200",494.551847773411,-1.88928986811465,0.485502282465467,-3.89141294768069,9.96621465738371e-05,0.000513957779910317
"Os01g0696500",132.546801302061,-2.5334086097171,0.651050815083789,-3.89126094464847,9.9724611973317e-05,0.000514001322529137
"Os01g0914300",4859.66375991252,-1.65730215713429,0.425902353383489,-3.89127259797512,9.97198217498044e-05,0.000514001322529137
"Os03g0710100",801.509573482146,-1.18216178554483,0.303796355316644,-3.89129680082129,9.97098736072373e-05,0.000514001322529137
"Os10g0457500",2025.19569979257,-0.45834374287387,0.117796800252335,-3.89096938025518,9.98445333408338e-05,0.000514526513753522
"Os01g0170300",3842.70056945356,-1.6285694230171,0.418617821738684,-3.89034899721425,0.00010010015201676,0.000515750674939784
"Os10g0530750",71.2799687347907,-2.09267843816278,0.538001143754704,-3.88972860458623,0.000100356392339631,0.000516884313053485
"Os05g0128900",323.450853266003,-9.31154619268686,2.39440356114601,-3.88887919471276,0.000100708227855162,0.000518415808096979
"Os10g0447400",15.3250629140774,-8.06018433531885,2.07284539354667,-3.88846382871216,0.000100880700910886,0.000519210012044778
"Os11g0490600",63.9088403395344,-4.25057187818786,1.09320412724009,-3.88817767173902,0.000100999684474608,0.000519541357657814
"Os03g0161400",557.218774772676,-1.67125557768907,0.429974444513773,-3.88687188044157,0.000101544313557344,0.00052206067834669
"Os12g0209100",2257.89155946742,-1.18013083659294,0.303655676438944,-3.88641124853211,0.000101737097865313,0.000522863471636207
"Os01g0524500",801.426489265042,-1.26048952111354,0.324485436940817,-3.88457963783268,0.000102507089383711,0.000526536325241794
"Os01g0906000",602.104806747323,-1.03087125535704,0.26538574273228,-3.8844259105395,0.00010257196444252,0.000526774766651186
"Os06g0184800",1214.26153369478,-0.807811891174194,0.208027087688235,-3.88320530826659,0.000103088452744135,0.000529300523461901
"Os07g0618400",1941.76428457574,-0.900477701473812,0.231971654495011,-3.8818436822986,0.000103667510147342,0.000531826996701244
"Os02g0658800",1177.39670428483,-1.83842114581835,0.473600472988064,-3.88179752908457,0.000103687191368134,0.00053183237922947
"Os12g0157066",753.393437146107,-1.88489234956347,0.485637760470782,-3.8812722217816,0.000103911447988735,0.000532886879516788
"Os03g0206100",330.774440988251,-1.48461173078841,0.382515859590872,-3.88117693309843,0.000103952176276232,0.000532999985562918
"Os06g0131700",658.293385034338,-2.09877142219778,0.540891708163712,-3.8802063158316,0.000104367896694483,0.000534939350556174
"Os06g0178900",27119.0591234974,-1.22515084649196,0.315740246871708,-3.88024921951039,0.000104349487730153,0.000534939350556174
"Os05g0410500",550.799582397085,-1.15394250283473,0.297435015383511,-3.87964578194281,0.000104608690440234,0.000536077281853865
"Os03g0223000",7369.48072825151,-1.2645794905712,0.325982948271218,-3.8792811012896,0.000104765631097496,0.00053666348686454
"Os02g0685900",2085.56814956885,-0.685308993405952,0.176665046272534,-3.87914308950936,0.000104825082531409,0.000536704422560813
"Os07g0689800",209.159103236245,-2.49677776020364,0.643636701937495,-3.87917244726375,0.000104812433405101,0.000536704422560813
"Os06g0184600",10.8295632940277,-7.96674912024409,2.05410988553791,-3.87844349337613,0.000105126938123132,0.000537671263534614
"Os02g0822200",4097.82432899312,-0.671985847322291,0.173293084627398,-3.87774185431084,0.000105430498929424,0.000538934126332642
"Os05g0295300",19251.8260813385,-0.508010766307179,0.131009730209045,-3.87765676256697,0.00010546736965832,0.000539026069745225
"Os05g0588200",351.712909533305,-1.03178246468013,0.266091464034473,-3.87754815218898,0.000105514448820615,0.000539170144492594
"Os06g0224650",209.217149391485,-1.81103464028563,0.467133602593726,-3.87690936860459,0.000105791742858871,0.000540296923987051
"Os03g0349200",1723.49564978437,-0.865301195568185,0.223390001128985,-3.87350011726157,0.000107283355038256,0.000547522990561771
"Os01g0757400",4495.32225007352,-1.72687642190514,0.445929654511051,-3.87253102464919,0.00010771096002886,0.000549502833805206
"Os03g0648250",32.4156997231413,-6.51759549301976,1.68305025801426,-3.87249011845286,0.000107729044912203,0.000549502833805206
"Os03g0842400",451.163506078735,-1.36968279708498,0.353741951073536,-3.8719829325537,0.000107953513061468,0.000550451067671765
"Os02g0103700",9666.91036733923,-1.41974909210779,0.366703518117897,-3.87165386193905,0.000108099387683673,0.000550998021793352
"Os06g0602700",3352.276012641,-0.521549090629911,0.134759092917585,-3.87023301610436,0.000108731376172492,0.000553823768998504
"Os04g0454200",320.341888417282,-1.8272732336871,0.472289372380561,-3.86896962020717,0.000109296257803174,0.00055650238721616
"Os12g0133800",139.249654859495,-2.04204314089784,0.528108105458718,-3.86671425753655,0.000110311550601995,0.000561271461743912
"Os09g0469400",1558.40499650321,-0.646823832226044,0.167310541889819,-3.86600763418723,0.000110631476216364,0.000562698655937257
"Os06g0584400",515.760214979734,-1.99668931529652,0.516526143366112,-3.86561133630998,0.00011081128404704,0.000563512790279476
"Os01g0710200",116.658782807278,-1.26931128455304,0.328405444364521,-3.86507381754653,0.000111055607052765,0.000564654657590686
"Os03g0758500",1431.53013367841,-1.71857471381149,0.444680580328388,-3.86473974766866,0.000111207710666554,0.000565327318480165
"Os09g0508200",99.7048392759079,-2.67633939138317,0.692580768209762,-3.86429931963197,0.000111408540006154,0.000566146584642275
"Os12g0583500",1816.57622358548,-1.06722763225366,0.276209677111425,-3.86383143202884,0.000111622265305364,0.000567131708949147
"Os03g0111300",21.1868714503831,-3.13300718106053,0.81135481611133,-3.86145138827972,0.000112715440790096,0.000572074954109618
"Os02g0330200",1739.55069840608,-1.19262289082962,0.308873734003201,-3.86119879917422,0.000112832048139532,0.000572463203358478
"Os04g0524900",136.906825169859,-1.72302345164569,0.44629924658339,-3.86069092618051,0.000113066851374034,0.000573534719966328
"Os08g0547500",2412.68597535283,-0.884331287413371,0.229062494073047,-3.86065510633688,0.000113083429231029,0.000573534719966328
"Os05g0420500",2480.41505612011,-0.630387111384928,0.16333970650911,-3.85936233667575,0.000113683275527065,0.000576269830695177
"Os06g0108600",798.346701229459,-1.63248319358872,0.423029722738366,-3.85902716958348,0.000113839282563321,0.000576855757409452
"Os10g0463600",653.60833646956,-1.19717530358181,0.310333115917063,-3.85771044783295,0.000114454121536763,0.000579687796261643
"Os10g0489900",1314.01114453096,-1.33700172107947,0.346580030168072,-3.85769982312914,0.000114459095422177,0.000579687796261643
"Os06g0134466",281.307917991125,-1.16349807641464,0.301673763342193,-3.85680896981044,0.000114876868510473,0.000581700431925302
"Os05g0476100",372.711971066402,-1.86858102005764,0.484656856112619,-3.85547216858815,0.000115506471727036,0.000584681101077588
"Os01g0734200",2942.73401288514,-0.466792707223263,0.12111869815841,-3.85401027521572,0.000116198715330299,0.00058787240878909
"Os12g0540200",736.567152822037,-1.19867287656672,0.311029580495056,-3.85388706327814,0.000116257237737201,0.000588064255532634
"Os06g0129000",372.919603297681,-1.33141585287176,0.345605113745324,-3.85241942297439,0.000116956468881436,0.000591286830986842
"Os10g0457200",234.746264828833,-2.14438324885657,0.557022639699178,-3.84972368450707,0.000118251149759827,0.00059762054156241
"Os04g0459000",2954.68479646282,-1.5019992910959,0.39025441451361,-3.84876950839341,0.000118712640980482,0.000599846631996263
"Os01g0210400",22.5001877049997,-7.61128088140564,1.97765067712349,-3.84864777660144,0.000118771639067832,0.000599929845043104
"Os05g0178300",1309.34204207323,-1.43549976022305,0.372991516104965,-3.84861236312701,0.000118788807624347,0.000599929845043104
"Os08g0282500",270.500145384692,-1.35132117511877,0.351119696436102,-3.84860544376977,0.000118792162422352,0.000599929845043104
"Os03g0350100",9863.03265412189,-0.796985890580941,0.207104637954874,-3.84822811527088,0.000118975242622991,0.000600748155922636
"Os02g0244100",1097.27313764228,-0.626050443750539,0.16271330973013,-3.84756750869909,0.000119296410463067,0.000602156806411631
"Os10g0477100",3116.69358278571,-0.715581194483453,0.18606798663038,-3.84580500623646,0.000120157292994465,0.000606287744605624
"Os01g0852900",1678.78308892005,-0.694412983549632,0.18059049207631,-3.84523556897006,0.0001204366804625,0.000607590068420221
"Os06g0474300",148.782918165917,-1.45239469559022,0.377740433599653,-3.84495427653778,0.000120574919079648,0.000608072524771991
"Os12g0480200",1820.71266138231,-0.860238057139995,0.223792740109031,-3.84390510934757,0.000121091843514298,0.000610355921114623
"Os12g0209300",1013.97826329344,-1.44721122314517,0.376545991292287,-3.84338502231404,0.000121348864196015,0.000611543428603645
"Os01g0886350",392.236892269383,-1.07947093566782,0.280926327435922,-3.8425410160749,0.000121767056690007,0.000613542606559499
"Os12g0438600",5702.08619731271,-0.550398830810308,0.143296729422511,-3.84097273558461,0.000122547726638139,0.000617149313542526
"Os07g0549900",1655.68605860433,-1.54757818342104,0.402947500212266,-3.84064470583835,0.00012271161122928,0.000617865625494546
"Os08g0410950",18.4201399317333,-7.24351006674218,1.88633140797647,-3.83999865353063,0.000123034985160656,0.00061938458843488
"Os06g0664100",160.502533761937,-3.03542378685675,0.790630692216314,-3.83924355168628,0.000123413960744472,0.000620854440516426
"Os09g0510500",14.1073783198871,-8.33231200560195,2.17050588379303,-3.83888017434948,0.000123596726954924,0.000621445301074747
"Os01g0857300",1178.30704454355,-0.731573298535467,0.190582230855752,-3.83862280995746,0.000123726326646416,0.000621987366642358
"Os06g0187000",1705.68702476615,-1.47985260543142,0.385609332261612,-3.83769914683348,0.000124192506721709,0.000624220974091292
"Os11g0156000",334.174229388052,-2.64393388353706,0.689293028266981,-3.83571830137965,0.000125197843917161,0.000628720488524182
"Os02g0594700",1133.49489457641,-0.97985469058071,0.255539115836771,-3.83446067492307,0.000125840102241715,0.000631834631202727
"Os07g0267300",185.581395586836,-1.45544216934129,0.379641762954392,-3.83372513607292,0.000126217173201219,0.000633539240254643
"Os04g0405500",610.545395985777,-2.07127132703903,0.54033017983134,-3.8333437671121,0.000126413099413656,0.000634265338313132
"Os11g0210000",121.706828086322,-2.51066052987046,0.654952091197818,-3.83334989476682,0.000126409949099913,0.000634265338313132
"Os10g0200700",258.662182537588,-2.18816800689862,0.57099957770245,-3.83217097235557,0.000127017414086332,0.00063673780605554
"Os04g0581800",97.5596343975871,-2.26718560872923,0.591656000298151,-3.83193208145737,0.00012714084251477,0.000637132761366153
"Os08g0528000",40.9608604300811,-4.34370753383119,1.1338840706959,-3.83082155053587,0.000127716109332387,0.000639790913440443
"Os05g0420800",304.766845285649,-1.27756102361093,0.333518618212744,-3.830553839714,0.000127855152887955,0.000640375062999434
"Os06g0151300",1060.65969584635,-0.600572396440401,0.156791517424253,-3.83038831632292,0.000127941193732741,0.000640693584896026
"Os05g0577800",1263.56127347973,-0.514373522122546,0.13433743995509,-3.82896623826168,0.000128682656952631,0.000644067641601949
"Os04g0642100",621.955725152159,-1.46579749853781,0.382882704703018,-3.82831995421351,0.000129020962439652,0.000645647677397867
"Os02g0478600",13993.2843720527,-1.03769848767627,0.271122305453319,-3.82741835254473,0.000129494317647535,0.00064790285765666
"Os01g0728200",492.055021621436,-0.982738079098725,0.256772083362637,-3.82727774074572,0.000129568288438407,0.000648159345458446
"Os06g0226950",452.775318840086,-1.27708549441281,0.333789404860733,-3.8260216646051,0.000130230833661257,0.000651245430278017
"Os09g0467100",2231.76816733847,-0.391556962626112,0.102355277855023,-3.82546919740393,0.000130523254535759,0.000652364870857767
"Os05g0515200",10.3339892777656,-7.55050172116316,1.97380644758123,-3.82535062159503,0.000130586097308741,0.000652450474633414
"Os07g0616600",17530.6947169565,-1.38755648102524,0.362725905153146,-3.82535810459803,0.000130582130626227,0.000652450474633414
"Os06g0562300",10.2363500270751,-7.76351742242996,2.02973295462517,-3.82489598187741,0.000130827311471946,0.000653426907901176
"Os10g0476300",1349.72600934858,-1.09832394135479,0.287154979591164,-3.8248472755671,0.000130853178032504,0.000653441762379249
"Os12g0606100",1351.85480315083,-0.613294012192897,0.160351227529989,-3.82469171979489,0.000130935821634952,0.000653740089688312
"Os10g0534100",1706.26019860814,-0.577835707590485,0.151082339120844,-3.82464099346714,0.000130962782129213,0.000653760345067551
"Os02g0272850",131.12832764041,-9.00180585379198,2.35437584148158,-3.82343621404443,0.000131604648993847,0.000656734807846219
"Os03g0137500",3440.51351825318,-0.471283271892983,0.123278851346322,-3.82290447020006,0.000131888886515412,0.000657808208403969
"Os08g0487900",168.073642342948,-1.6727341203134,0.437552516360869,-3.822933380033,0.000131873418240444,0.000657808208403969
"Os03g0417800",21114.3107972858,-1.35928283057645,0.355684861835718,-3.82159314726267,0.000132592313235247,0.000661201081234608
"Os08g0234000",30895.7207833314,-0.825985237045417,0.216148650280722,-3.82137587245015,0.000132709205768443,0.000661668396411256
"Os05g0113400",4697.72614312091,-1.30408102848624,0.341356126615532,-3.82029477957787,0.000133292272138151,0.000664459415981728
"Os02g0321600",224.412498510845,-3.54807800128825,0.928800163682017,-3.82006608097774,0.000133415925190126,0.000664959694190145
"Os03g0643700",1624.96530435811,-1.33326024520138,0.349035483086368,-3.81984156284613,0.000133537423071148,0.000665449057985831
"Os04g0479800",309.902995322651,-1.15183954380223,0.301584666578625,-3.81929080436834,0.00013383590743867,0.000666703689690992
"Os11g0157200",3185.87246857166,-0.818479434207864,0.214309048135035,-3.81915482024886,0.000133909700935004,0.000666954895042531
"Os02g0813166",684.014377743888,-1.54581950592225,0.404809774584156,-3.81863186853679,0.000134193844614587,0.000668253506747868
"Os04g0461800",341.871656398405,-1.67175430249754,0.438011746575356,-3.81668828648623,0.000135254868654921,0.00067317974246101
"Os02g0538700",2527.65069221473,-1.38801811739846,0.363778514893557,-3.81555826023589,0.000135875391468893,0.000675801912195172
"Os08g0493800",3080.44644010391,-0.941845055813537,0.246889646251681,-3.8148422589314,0.00013626995086697,0.000677528214169444
"Os05g0435800",453.25330422845,-1.61084134191887,0.422335239258748,-3.81412961122094,0.000136663733845725,0.000679367749720025
"Os04g0415600",266.757110687058,-1.40455204148083,0.368305874531279,-3.81354775638133,0.000136986040155038,0.000680780520950069
"Os03g0224300",3061.59295769433,-0.801309008166624,0.210185181530175,-3.81239534744073,0.000137626507674671,0.000683558558389736
"Os03g0188400",362.256585554919,-1.53472139641759,0.402591645663172,-3.81210443125193,0.000137788633799287,0.000684244739590613
"Os11g0267300",1247.95969217879,-0.645066514893122,0.169218696690213,-3.81202862041916,0.000137830912334939,0.00068433563431701
"Os09g0284400",1389.4529253471,-0.632707347652707,0.165983008516849,-3.81188022380303,0.000137913706220162,0.000684627622669271
"Os02g0236800",1687.01491499102,-1.37840430990755,0.36162023782188,-3.81174548805673,0.000137988918968144,0.000684762813460833
"Os07g0694600",1531.8075744349,-1.10313320853645,0.289608597057362,-3.80904855637956,0.000139502562986691,0.000691793112906898
"Os03g0789800",426.023450756483,-1.96959949492588,0.517263199028331,-3.80773172850057,0.00014024729777411,0.000695003275636147
"Os12g0443700",14224.198130491,-0.511892798086279,0.134434158731677,-3.80775840690899,0.000140232172649523,0.000695003275636147
"Os04g0166000",261.883072062934,-1.65536621470733,0.434771365883533,-3.80744074841113,0.00014041236657069,0.000695700501890952
"Os07g0411200",281.043637702455,-1.80169802908238,0.473268728435189,-3.80692389087168,0.000140706023668679,0.000696792633518177
"Os12g0428200",84.4210023922741,-4.96258933729187,1.30360590185657,-3.80681717551621,0.000140766726926352,0.000696972324958509
"Os07g0150100",3240.58230005045,-0.871226525219067,0.228892280368053,-3.80627308102378,0.000141076609712582,0.000698385492132492
"Os06g0234600",262.771139999809,-2.30823811558165,0.606508428780372,-3.80578077080196,0.000141357552945847,0.000699533632331183
"Os02g0725600",1451.51439657796,-0.822728885384943,0.216184773407684,-3.80567452747207,0.000141418251173026,0.000699591431799453
"Os02g0139300",1859.69890183517,-0.566967551918063,0.149008698260804,-3.80492923255879,0.000141844738663612,0.000701458111644864
"Os03g0238800",3230.99293359795,-1.12548738328319,0.295823876180722,-3.8045860185931,0.000142041546491004,0.00070230970085557
"Os12g0533400",338.565705189061,-1.62225385302466,0.426439040936777,-3.80418699343518,0.000142270681213741,0.00070332080439297
"Os02g0832200",1775.27399212704,-0.996789504651274,0.262103979336736,-3.80303079401423,0.000142936580150283,0.000706368030437964
"Os03g0228800",994.262082731942,-1.23382894563018,0.324437436631588,-3.80297957732679,0.000142966145560734,0.000706391839862486
"Os06g0338700",115.500580609475,-1.96180984576071,0.516173234533881,-3.8006810785768,0.000144298924458224,0.000712512828006482
"Os09g0462400",260.918216758465,-1.07789126357987,0.283684425938222,-3.79961381388842,0.000144921745077059,0.000715379551066856
"Os01g0869900",6641.44921317029,-0.542554721290971,0.142827292817818,-3.79867678359639,0.000145470651253433,0.000717772561690232
"Os05g0461600",314.763407935404,-2.31882475702065,0.610533440210243,-3.79803071265374,0.000145850254977813,0.00071939686851334
"Os06g0683900",1095.59694946194,-1.59621288008046,0.42041803413845,-3.79672790048489,0.00014661857050414,0.000722811826678788
"Os03g0126100",3136.31501972049,-0.542821742532151,0.142976076174977,-3.79659140923573,0.000146699284514706,0.000723084851871483
"Os09g0437400",440.405199697903,-1.74662313154102,0.460134002516266,-3.7959010244614,0.000147108184507333,0.000724860795905233
"Os03g0296500",288.637736540402,-1.83679646931191,0.484051907500109,-3.79462706551053,0.000147865541599313,0.000728455992304246
"Os05g0324600",86.6960935068589,-1.94965986611224,0.513908390138858,-3.79378874430411,0.000148365917108055,0.00073079495046287
"Os08g0476050",89.6964398881037,-1.84904882003903,0.487540193154504,-3.79260796545868,0.000149073402769358,0.00073389982901838
"Os12g0180800",11.708754603737,-7.1492385151343,1.8850442336323,-3.79261047968004,0.000149071892957986,0.00073389982901838
"Os12g0566100",1333.07576914418,-0.505539314777473,0.133300912957198,-3.7924670098831,0.00014915807082756,0.000734190028229328
"Os03g0809400",1097.97429939344,-0.747900441025545,0.197274700730574,-3.79116246663065,0.000149943824720975,0.000737761808853069
"Os04g0466000",104.095523295876,-3.01405512819856,0.795027409502654,-3.79113360391443,0.000149961253326987,0.000737761808853069
"Os01g0737800",2449.58167474164,-0.4268990089778,0.112606385525306,-3.79107283291552,0.000149997955824528,0.000737815207833073
"Os07g0571600",268.40733742889,-1.54008249415623,0.406381344334042,-3.78974703349152,0.000150800777061208,0.000741508592667547
"Os06g0575400",2537.63113928057,-1.39712508362507,0.368744684786691,-3.78886839937304,0.000151335049788954,0.000743816280227491
"Os08g0553000",234.085443229739,-1.36478402417039,0.36024163065974,-3.78852389067569,0.000151545021768094,0.000744655035522202
"Os03g0297300",8281.76693361535,-0.937061351200231,0.247351299994346,-3.78838256043793,0.000151631239363515,0.000744950446883333
"Os01g0226300",6771.35046055181,-1.43556162204691,0.378970774733086,-3.78805363832607,0.000151832074987615,0.000745680445362438
"Os02g0520750",2230.69378148865,-0.677645856939567,0.179013044167473,-3.78545518898391,0.000153427480661233,0.000752480070102101
"Os01g0679550",305.479143955668,-2.03443029682801,0.537720588372237,-3.7834338889395,0.000154679423794239,0.000758229344458656
"Os01g0753800",175.922680063874,-2.30314655063639,0.608919372780845,-3.7823505928515,0.000155354341880494,0.000761145611849779
"Os02g0537200",713.655347658994,-1.0087073726276,0.266724368126155,-3.78183433225157,0.000155676958297173,0.00076259534883036
"Os12g0501700",12.10351469487,-7.22344319146371,1.91010266300507,-3.78170416248695,0.000155758402169164,0.000762732515271336
"Os01g0685600",69.8406852807044,-2.39203047171585,0.632551555438297,-3.78155812146949,0.000155849824010571,0.000763049292720025
"Os03g0278000",48880.4632692767,-0.841642400857248,0.222567759391734,-3.78151086733053,0.000155879415967778,0.000763063290925099
"Os02g0438601",279.814237090808,-1.23474310565695,0.326752249809661,-3.77883581942041,0.000157563261064627,0.000770381247658223
"Os05g0111000",1028.0956407715,-1.19918633240525,0.317554542167724,-3.77631610689376,0.000159164971653798,0.000777946053233905
"Os07g0604600",69.5777128422131,-11.0352312748917,2.92243827507247,-3.77603570587579,0.000159344159113249,0.000778671764404185
"Os02g0106100",789.52466738778,-1.65000575267295,0.43704206168656,-3.77539348571055,0.000159755279046823,0.000780312057563828
"Os06g0279350",13.88004833864,-7.40297187297681,1.96085028959633,-3.7753886220966,0.000159758396314567,0.000780312057563828
"Os03g0721300",1083.13883502219,-1.3478635575066,0.357146185844376,-3.77398278612423,0.000160661851346534,0.000784590570544988
"Os02g0656100",131.907419755177,-1.46923091653263,0.389408098145587,-3.77298500860486,0.000161305983839046,0.000787549247759599
"Os04g0119400",4957.13786583545,-0.738233203824296,0.195679808976108,-3.7726590581169,0.000161516932845698,0.000788361718732492
"Os02g0111700",8097.12009758339,-1.02859472046656,0.272683867664718,-3.7721143141892,0.000161870060374051,0.000789950248472714
"Os05g0349400",11.519474284855,-7.31447961370844,1.93928721546117,-3.77173610767553,0.000162115657989126,0.000790878369790054
"Os04g0132500",3141.04708144222,-1.57020469189303,0.416405967606741,-3.77085059783761,0.000162692057577075,0.000793419116945162
"Os10g0563500",998.61405129855,-1.60911737757396,0.426800234056662,-3.7701886015375,0.000163124225882743,0.000795119177526813
"Os05g0465100",3018.78495578306,-0.769517151934056,0.204121643472843,-3.76989494519935,0.000163316277975773,0.000795919385101667
"Os08g0490600",731.108498098652,-1.9731787400556,0.52346937698539,-3.76942535095167,0.00016362383614906,0.000797146062303936
"Os02g0162500",19347.5675244294,-0.902532293183661,0.239456596670886,-3.76908511075233,0.000163847014968096,0.000798097132295105
"Os12g0601000",813.922018418469,-1.6508827635901,0.438032637329822,-3.76885789527837,0.000163996215261044,0.000798687590583728
"Os04g0155200",60.6080733132656,-4.46459380320652,1.18489711719972,-3.76791684138599,0.000164615517326985,0.000801156918428213
"Os07g0458700",893.485654917274,-0.87568895008705,0.232415810114799,-3.76776842184063,0.000164713392010375,0.000801496601013324
"Os01g0133200",240.574418173085,-2.18523949152048,0.580052517264427,-3.76731317678999,0.000165013943188636,0.000802822225051375
"Os11g0257700",175.835057808131,-2.25634712122199,0.598947083987553,-3.76718942548334,0.000165095732511846,0.000802971921131324
"Os04g0606500",2765.5903254755,-0.594908736090639,0.157935788161297,-3.76677599812317,0.000165369250249237,0.000804002704669431
"Os01g0391600",10.9176363726656,-7.36712886855873,1.95600117053113,-3.76642354797685,0.000165602762899603,0.000805000896492893
"Os03g0301200",1213.53475126548,-0.762919935771667,0.202567309695166,-3.76625397710889,0.000165715221037468,0.000805273283842952
"Os04g0359300",76.4065884531709,-2.73724831720779,0.726941917901837,-3.76542919014531,0.00016626323897027,0.000807346989558784
"Os11g0446700",43.2751780316853,-3.63145838444616,0.964486399615031,-3.76517324235535,0.000166433646161569,0.000807801733724848
"Os03g0121300",3188.94424238215,-1.99388552993591,0.529698783914155,-3.76418747878237,0.000167091492840159,0.000810718948092725
"Os03g0823000",334.643966367021,-1.33306572880463,0.354165561293782,-3.76396204061988,0.000167242281681023,0.000811312659466882
"Os08g0116900",1036.90510529929,-0.856964802077664,0.227682509867616,-3.76385872843697,0.000167311426874509,0.000811510173102121
"Os09g0507100",69.5478523511156,-1.6549195576669,0.43971002582154,-3.76366118688083,0.000167443713161032,0.000812013820670828
"Os09g0544000",453.676752541648,-1.52344929689093,0.404872490346104,-3.76278787326008,0.000168029718938625,0.000814440532753289
"Os01g0621300",2077.56143584644,-0.627451392287873,0.166767257015295,-3.76243756428952,0.000168265322907152,0.000815444036852588
"Os09g0474800",5913.55366593452,-0.745097000788035,0.198038594324404,-3.762382798817,0.000168302184076388,0.000815484220383029
"Os05g0380400",241.640927359702,-1.21568370198389,0.323128589755498,-3.76222884797585,0.000168405844948207,0.00081572820075152
"Os11g0227250",11.9781581918251,-7.83742926187217,2.0831909703779,-3.76222313427675,0.000168409693351622,0.00081572820075152
"Os07g0638000",1308.35970285367,-0.930517239938985,0.247420063608959,-3.76088028741938,0.000169316452110156,0.000819842037155605
"Os01g0745700",919.956774518212,-1.99312666742107,0.529982497004569,-3.76074055027498,0.000169411073120837,0.000819882955435939
"Os10g0106600",42.4166638678632,-2.84672785824372,0.757093543580283,-3.76007414457874,0.000169863004837366,0.000821791459335216
"Os01g0962600",8168.12632446729,-1.63223151143695,0.434231013603444,-3.75890127674659,0.000170661155933507,0.000825218234676805
"Os06g0656500",3213.28092358103,-0.694609968856003,0.184814015802312,-3.75842690198885,0.000170984974642334,0.000826379125667252
"Os09g0521400",4206.89934120177,-1.50408514584198,0.400304268228999,-3.75735475541208,0.000171718976000478,0.000829786092933409
"Os02g0676400",168.202605104402,-1.62052574931736,0.43144821930176,-3.75601445740107,0.000172640724635547,0.000833675663000684
"Os01g0328500",1464.84311439362,-0.449626863327195,0.119721329637282,-3.7556120090666,0.000172918403205171,0.00083459298293683
"Os01g0744400",2292.61289620736,-0.459071353821699,0.122260759330258,-3.75485443028886,0.000173442252219154,0.000836696915217768
"Os08g0538700",1003.79138080331,-1.6641061496749,0.443205490989378,-3.75470562415659,0.000173545323597827,0.000837052672655689
"Os02g0276900",1514.09696073316,-0.880163070108455,0.234418712606941,-3.7546621612254,0.000173575439302288,0.000837056485799037
"Os04g0303900",1065.00106074983,-0.733385983202256,0.195355481770016,-3.75411007951977,0.000173958407738958,0.000838478350304089
"Os08g0505200",4524.87138055301,-1.06403311786143,0.283444666119678,-3.75393593546109,0.000174079372884728,0.000838778126202175
"Os03g0285700",72702.327303149,-0.601562690089372,0.160252417555777,-3.75384471114138,0.000174142771319705,0.000838800415887559
"Os10g0402400",122.333670909749,-2.55246377401839,0.67995460449654,-3.75387379854324,0.00017412255400443,0.000838800415887559
"Os01g0131600",14531.9122665755,-0.59234299993786,0.157807295141226,-3.75358439169593,0.000174323805709076,0.00083953074239242
"Os06g0597400",1728.95912148617,-1.10734638524391,0.295014120080966,-3.75353689830169,0.000174356853205171,0.000839548248631646
"Os12g0263200",870.652072218423,-1.45853752037711,0.388841179622237,-3.75098522690959,0.000176141078881011,0.000847424735476077
"Os10g0467600",9303.18900147289,-0.525298200607334,0.140056385100855,-3.75061943965687,0.000176398253888257,0.000848519002188473
"Os02g0122700",231.52920198096,-2.17382705737337,0.57978691839808,-3.74935513098422,0.000177289876733772,0.000852664236139646
"Os11g0171700",945.707020110793,-1.25100524676057,0.333745885046784,-3.74837654278555,0.000177982909884859,0.000855708974187874
"Os04g0495400",2985.48197407736,-1.58784124390325,0.423809783363169,-3.746589404574,0.000179255134354391,0.000861535368750924
"Os03g0249900",1595.66911206408,-1.16333964821918,0.310546240222605,-3.74610765657724,0.000179599540475326,0.000863045333893554
"Os03g0588600",78.6554382638443,-2.48264315562786,0.662775463543128,-3.74582840221017,0.00017979946677689,0.000863860626103272
"Os01g0967800",2377.44238307444,-1.80886764506499,0.482958243228376,-3.74539138823568,0.000180112757773184,0.000865220221790266
"Os01g0318202",642.270685665217,-1.10033912197755,0.293821153108635,-3.74492819981113,0.000180445373229604,0.00086652636834889
"Os06g0213900",207.255444374423,-1.51498297523999,0.404538882675588,-3.74496257373338,0.000180420669501812,0.00086652636834889
"Os04g0649700",397.943261559584,-1.70927675531189,0.456585811814839,-3.74360462169828,0.000181399020093384,0.000870666492272668
"Os05g0154500",1144.19557347205,-0.7378493527031,0.1971214769953,-3.74312004937286,0.000181749341124115,0.000872201276571409
"Os02g0751800",1263.30381769247,-0.753132208737676,0.201287227900347,-3.74157971468779,0.000182867153582272,0.000877284861415402
"Os03g0587200",3258.41366515312,-1.38668432005153,0.370674762910017,-3.74097310851496,0.000183309135646653,0.000879243147016983
"Os09g0437100",202.572107829146,-1.64408274270406,0.439485003468481,-3.74093024728651,0.00018334040291625,0.000879245373125244
"Os09g0252100",8798.82309317689,-0.993182731775475,0.265517952773156,-3.74054831849354,0.000183619241482688,0.000880434676445799
"Os10g0438300",42.6247055670932,-2.49853934516119,0.668093614214753,-3.73980426096103,0.000184163608262533,0.000882748284508103
"Os07g0577300",810.693879634457,-1.14424872473773,0.306012559780995,-3.73922144096517,0.000184591069799602,0.00088464867299527
"Os02g0755000",1759.18938899947,-0.638273919824101,0.170722530900382,-3.73866247447174,0.000185001912388142,0.000886468790869083
"Os01g0757051",118.810936618704,-2.67189795187456,0.714954317246575,-3.73715898683506,0.000186111251378038,0.000891335496532671
"Os09g0560400",1314.36028482282,-0.6687220003084,0.178941021075525,-3.73710844103296,0.000186148654703902,0.00089136507295222
"Os09g0491100",1584.93089072381,-2.0115050405138,0.538352686200105,-3.73640754857519,0.000186668036109328,0.000893552309693891
"Os09g0527700",141.53412290005,-1.99022118369732,0.532730690216868,-3.73588610576787,0.000187055323533278,0.000895106214491484
"Os11g0119200",73.3392172281777,-2.06584386513982,0.552999972445086,-3.7357033780774,0.000187191218159999,0.000895606123224775
"Os05g0513800",583.906004403359,-0.926069476303822,0.248072600700367,-3.73305828087952,0.000189168801221159,0.000904461350428271
"Os07g0259700",1874.16127023818,-0.48592190685396,0.130179768774431,-3.73269910853769,0.000189438842452299,0.000905556509751725
"Os04g0250200",1920.49663003759,-0.555958691925068,0.148962257338392,-3.73221178208998,0.000189805814782632,0.000906747644712207
"Os07g0614500",31200.0813460812,-0.621727826981402,0.166582466989054,-3.73225248862627,0.000189775135909459,0.000906747644712207
"Os01g0720500",42898.5884493481,-1.75115803967339,0.469299503360265,-3.73142956072784,0.000190396249613192,0.000909111834887746
"Os11g0153400",977.99512259226,-1.08155879449655,0.289879599792133,-3.7310621212121,0.000190674195087326,0.000910286707571939
"Os03g0330300",2912.38191401197,-0.829573408232778,0.222433214198023,-3.72953927417622,0.000191830205941346,0.000915257034215714
"Os10g0536700",2352.89025084229,-1.70362635671645,0.45693705568749,-3.72836112876255,0.0001927290653788,0.00091932794822401
"Os03g0852900",2453.20030593045,-0.703792253754504,0.188790058082571,-3.72790951442309,0.000193074670250168,0.000920822621156357
"Os07g0693000",1337.76418904019,-1.30475978251628,0.350024616215909,-3.7276229215589,0.000193294291857626,0.000921716048577362
"Os04g0261400",232.808915425356,-2.19675122902772,0.589337357057365,-3.72749360399682,0.00019339346723138,0.000922034930458078
"Os04g0243700",252.946016332751,-3.04782580159069,0.817788412171856,-3.72691243386095,0.000193839765049324,0.000923854108126216
"Os09g0416900",263.91235178528,-1.74931262543108,0.469481200271097,-3.72605468423647,0.000194500225145393,0.000926692443089653
"Os12g0592900",344.271619890287,-1.65809857171461,0.445083964529024,-3.72536128878326,0.000195035678971279,0.000929088521454635
"Os03g0341200",276.217420326517,-1.19974098244604,0.322059383292922,-3.72521666712266,0.000195147533150088,0.000929466241654616
"Os02g0255100",2221.14286038111,-0.96483436857564,0.259103624274664,-3.72373937754287,0.000196293565528318,0.000934612766378702
"Os02g0143400",86.4446600826464,-2.01484733056288,0.541113199053785,-3.72352279354141,0.0001964621148118,0.000935103319190933
"Os02g0503400",21725.0891460882,-0.923365856862877,0.247981306382607,-3.72353009318464,0.000196456431893909,0.000935103319190933
"Os02g0724600",2567.78804325173,-0.675685279234289,0.181487145503207,-3.72304758753479,0.000196832404688884,0.000936709596438729
"Os11g0579200",11.3025069580088,-7.59006104848154,2.03947554895001,-3.72157491782098,0.000197984107373377,0.000941876393477614
"Os02g0266300",997.901726258205,-0.526256958016483,0.141418864185221,-3.72126421074368,0.000198227903611323,0.000942564930981442
"Os03g0356638",3734.88202031219,-0.517662749928122,0.139109265260081,-3.72126722803325,0.000198225534740057,0.000942564930981442
"Os07g0639900",630.002669751372,-1.42644800653898,0.383492315970455,-3.71962604499455,0.000199517960810405,0.000947909566140511
"Os11g0307500",484.066953112432,-0.731407578534248,0.196656216028744,-3.7192192207509,0.000199839555785426,0.000949279460865237
"Os02g0652000",155.635979689062,-1.29798173403508,0.349058257965626,-3.71852464284889,0.000200389746123462,0.000951734594567072
"Os06g0352900",1357.83258828231,-1.22370819920353,0.329090546630172,-3.71845442457733,0.000200445446687797,0.000951840763642733
"Os02g0663100",2063.44758559517,-0.573055958127329,0.154185014639924,-3.71667739219415,0.000201859927072144,0.000958238775710508
"Os01g0178400",593.512305150023,-1.21523634285716,0.327072949317733,-3.71549021523214,0.000202810113996152,0.000962429242544666
"Os06g0675200",709.558161272429,-1.59630429020591,0.429688829150361,-3.71502394735822,0.000203184451107244,0.000964045374402456
"Os10g0462900",23354.6985240951,-1.10249418279115,0.296815239274523,-3.71441232426566,0.000203676468930773,0.000966219233697853
"Os09g0480400",558.202354193257,-1.47091159714266,0.396021855296232,-3.71421823687581,0.000203832835564418,0.000966800342032359
"Os08g0421800",1675.51329785956,-1.5344730159469,0.413250782391136,-3.71317631165315,0.000204674192711158,0.000970468464575962
"Os05g0480400",1464.47135490554,-1.06371513754614,0.286545416461115,-3.71220433634293,0.000205462005206716,0.000973718657914742
"Os04g0499100",357.951276901356,-1.08816240298082,0.293163132649205,-3.71179825084929,0.000205791991436357,0.000974958772375002
"Os07g0574400",308.781577536321,-1.23914567591206,0.333958442779538,-3.71047866195159,0.000206867733568325,0.000979729979587567
"Os11g0202400",31.1972068221933,-1.99352474505093,0.537402698829871,-3.70955477036418,0.000207624040356504,0.000983148740533521
"Os03g0212400",946.444796638844,-1.29173837733828,0.348296047589692,-3.70873682396765,0.000208295786034955,0.000985838984676134
"Os06g0176150",33.1499537478406,-2.70077258977791,0.728306689318739,-3.70829024281546,0.000208663405688764,0.000987415161137279
"Os06g0160001",19.9116018901002,-6.5826751260866,1.77533998259045,-3.70783916919487,0.000209035342012627,0.000988847332185684
"Os03g0800200",80.8758513063946,-2.114965434547,0.570444327271508,-3.70757553969041,0.000209253008012105,0.00098971298437407
"Os02g0219300",29.984034474024,-2.41092866382034,0.650289100393473,-3.7074720495262,0.000209338512953186,0.000989953365430042
"Os02g0112100",48.3319004913346,-3.62760082597879,0.978519715108677,-3.7072332523989,0.000209535935525589,0.000990722833136062
"Os01g0275600",7733.9307596635,-0.608957681045686,0.164326421353058,-3.70578070179797,0.000210740585571958,0.000995099962707359
"Os06g0589800",1349.38877081565,-1.36450358970057,0.368205787613402,-3.70581787577232,0.000210709674988105,0.000995099962707359
"Os05g0459700",212.857384192629,-1.93502369249417,0.522180344814479,-3.70566167744527,0.00021083958432782,0.000995380041212928
"Os01g0719000",269.490374851136,-1.26073560486297,0.340320437081213,-3.70455449480429,0.000211762580897435,0.000999099356882047
"Os02g0287000",29514.6540035956,-0.745092184745089,0.201184179094279,-3.70353269377073,0.000212617765259563,0.00100280262583757
"Os04g0500200",204.949997630237,-0.955485421271714,0.25809843444173,-3.70201943819783,0.000213890226717098,0.00100847086742861
"Os12g0263100",910.053818864341,-1.44444210125956,0.390210329548669,-3.70170134381183,0.000214158612907639,0.00100956952053437
"Os11g0587300",1197.83782156809,-1.99324880128226,0.538622446117501,-3.70064191652241,0.000215054767155973,0.00101345934847286
"Os07g0674100",6426.94609922196,-1.21364838320688,0.328223717607796,-3.69762548560584,0.000217625646461283,0.00102439090577026
"Os01g0688300",23.0999624279409,-3.26281861600743,0.882514116229124,-3.69718575148583,0.000218002829334979,0.00102599715754949
"Os07g0645000",5057.09376912362,-1.45221469980095,0.393017136767623,-3.69504167615874,0.000219850723007903,0.00103434540987445
"Os08g0552400",238.32861988304,-1.23590750538304,0.334480908486477,-3.69500163993069,0.000219885368102515,0.00103434540987445
"Os04g0551200",154.603606721645,-2.57309664989866,0.696411796573858,-3.69479187825011,0.000220066967827408,0.00103485857160882
"Os01g0544450",2337.22786456612,-1.63685159175268,0.443098507459836,-3.69410314906343,0.000220664221002152,0.00103749621549752
"Os05g0459300",650.236502841588,-0.677369424742393,0.183398049014496,-3.69343855282154,0.000221241988948181,0.00104004139205153
"Os04g0486600",67386.4308466919,-1.11681718401908,0.302402748256674,-3.69314495472491,0.000221497680999631,0.0010410719259762
"Os12g0158800",1258.12734143645,-0.811947642573934,0.219869228060257,-3.69286620841464,0.000221740695457864,0.00104204254381779
"Os04g0650500",920.865094591125,-0.819145657912857,0.221826268892326,-3.69273513909422,0.00022185504979794,0.00104240831957735
"Os04g0555000",1909.39285527262,-0.824149269366497,0.223218617734752,-3.69211707217819,0.000222395042478313,0.00104456838484133
"Os09g0474100",1576.12668153004,-0.930137108403735,0.251980789711293,-3.69130166418417,0.000223109335905803,0.00104743961909461
"Os12g0197100",387.904978576553,-1.6791855439441,0.455118899500342,-3.68955353378561,0.000224647953696153,0.00105431621017806
"Os05g0510800",2809.30399608259,-0.955131188505686,0.258881528317806,-3.68945283470807,0.000224736886733535,0.00105456019972415
"Os02g0646200",76.5120700958825,-3.1030293192959,0.841129699533016,-3.68912109632873,0.000225030097435939,0.00105541556050139
"Os09g0320400",769.988309298984,-1.14318874329526,0.309879660603152,-3.68913771581571,0.000225015399575131,0.00105541556050139
"Os01g0348800",152.088744185715,-2.56686551790614,0.695953826593474,-3.68826985328944,0.000225784121916005,0.00105843028017251
"Os01g0616333",429.568854772686,-1.73782266322164,0.471208458031724,-3.68801245733294,0.000226012587814024,0.00105915339132548
"Os06g0683950",435.874813610038,-1.35990179615154,0.368734137162285,-3.68802792878662,0.000225998849149551,0.00105915339132548
"Os02g0108700",53.461912908987,-4.17854456875786,1.13317009465972,-3.68748221335,0.000226483919053358,0.00106083967598606
"Os04g0433300",62.126284806716,-3.44301713481522,0.93374761712348,-3.68731022352897,0.000226636998003297,0.0010613825219042
"Os04g0577700",72.1053849927415,-1.94892256073836,0.528560043534537,-3.68723021079253,0.00022670824615872,0.00106154202400829
"Os04g0408600",3172.41839091533,-1.89904343328153,0.515110145921746,-3.68667448761537,0.000227203675906474,0.00106368734214768
"Os05g0218400",4259.06157631145,-0.537397348665319,0.145771660638148,-3.68656943546325,0.000227297444511825,0.00106395182947614
"Os11g0602550",396.047345427733,-1.62016414195358,0.439646218708545,-3.68515427407244,0.000228564150412784,0.00106935504169522
"Os03g0333100",2946.3187800811,-0.680464062970392,0.184699729129455,-3.68416383812593,0.000229454624013436,0.0010731693901097
"Os10g0516200",793.144150499826,-1.40888292331543,0.382454863495234,-3.68378874944805,0.000229792705112847,0.00107439852166111
"Os02g0753500",272.909696723268,-1.33123836180973,0.361510818148663,-3.68243022055922,0.000231021113783739,0.00107961143939801
"Os09g0274800",11.9507061664545,-7.13115794568461,1.93672743810881,-3.68206584228914,0.00023135163843521,0.00108097907472493
"Os02g0797400",2388.0343916893,-1.51647583365146,0.411873896302196,-3.68189352922431,0.000231508096764095,0.00108153307922002
"Os03g0839200",894.020220301142,-1.00022374210563,0.271704947360358,-3.68128645364359,0.000232060106114404,0.00108393449008829
"Os11g0121000",505.27386519374,-0.716063633059248,0.194522147211951,-3.68114193330916,0.000232191699293699,0.00108419431778821
"Os04g0512300",424.264243005135,-2.25557681734334,0.613018322663389,-3.67946068486748,0.000233727717024926,0.00109083125486584
"Os03g0287800",1014.68112571622,-1.47897127139886,0.401968250143095,-3.67932360546477,0.000233853374656248,0.0010912392882439
"Os03g0266100",7636.05040014883,-0.80138811498392,0.217926551336419,-3.67733123875666,0.000235686904378909,0.00109907645786499
"Os03g0725000",2189.01816951047,-0.726492253682113,0.197579911999865,-3.67695403003626,0.000236035556170737,0.00110052252782383
"Os07g0161000",5902.26758747966,-0.317878001922934,0.0864637544233715,-3.67643070836871,0.000236520060806022,0.0011024213938026
"Os01g0748000",741.686597457105,-1.4640479096425,0.39855612782001,-3.67337950027372,0.000239363580526888,0.00111476489518021
"Os02g0669900",494.411714248372,-1.37182927523444,0.373695360281211,-3.67098289420057,0.000241619512415378,0.00112453731654729
"Os08g0298700",157.339372607998,-1.71184341918008,0.466392336397402,-3.67039354120403,0.00024217731964174,0.00112676600030217
"Os04g0602500",117.514068811256,-1.9022281954412,0.518327900929022,-3.66993208745227,0.000242614916613595,0.0011286180214828
"Os07g0128800",33.8826699355637,-4.21589937413113,1.14887070508833,-3.66960298966541,0.000242927453350437,0.00112988776738388
"Os09g0347800",1129.18711923525,-1.47209312337113,0.401210576103603,-3.66912841049086,0.000243378815579547,0.00113180269011121
"Os03g0817800",1861.80377669884,-1.93535375519188,0.527538125780319,-3.66865191464439,0.000243832792126506,0.00113372914456084
"Os01g0191800",2148.83789274961,-1.56406341678583,0.426542941540528,-3.66683694527205,0.000245569271346567,0.00114143124593982
"Os10g0508700",141.931241695334,-2.86152602457611,0.780514865558381,-3.66620310623934,0.000246178427482434,0.00114407636503722
"Os10g0104900",2189.90068452465,-1.49150282201567,0.406842659684759,-3.66604333766612,0.000246332197877861,0.0011446046323011
"Os01g0651800",343.086216956539,-1.91228127958767,0.521669617398789,-3.66569417847815,0.000246668562265045,0.00114588593078385
"Os01g0282800",25950.8488984809,-1.47593575005822,0.402654979318652,-3.66550974374068,0.000246846412309761,0.00114643410233807
"Os02g0141100",1723.29039177416,-0.88758492051823,0.242182006269037,-3.66494990355404,0.000247387002031319,0.00114864181991933
"Os01g0737300",229.437199952653,-1.05125211477031,0.287002364662731,-3.6628691753313,0.000249405931793885,0.00115662760635656
"Os06g0490700",128.443799736511,-1.61048080819154,0.43981007440479,-3.66176425215147,0.000250484310282968,0.00116125128353371
"Os01g0819500",10701.6022533768,-0.7537679949013,0.205990395243959,-3.6592385485187,0.000252965781610459,0.00117161370603423
"Os06g0143900",10291.6127638039,-0.525314930132289,0.14356359437735,-3.65910962602068,0.000253093062690273,0.00117188222075844
"Os07g0109400",1706.53313695811,-1.41243121656235,0.386070142361902,-3.65848342459576,0.000253712146219819,0.00117411794774619
"Os11g0417400",465.922823867404,-1.22577400019603,0.335210157373966,-3.65673286811692,0.000255450347021079,0.00118139577209489
"Os10g0552300",768.720604518725,-2.1018020369348,0.574816902890388,-3.65647221987764,0.000255710108711409,0.00118240553103167
"Os03g0819600",5260.03625891596,-0.665634786959305,0.182056291029166,-3.65620316220034,0.000255978511039368,0.00118342946252628
"Os07g0457600",132.771513906662,-2.92243072157632,0.799345682970995,-3.65602865422913,0.000256152735173202,0.00118369930629914
"Os12g0137600",243.166242713557,-1.1255716936324,0.30787065533891,-3.65598888401154,0.000256192456259897,0.00118369930629914
"Os10g0358600",769.332139992628,-1.35917521205462,0.371870042685911,-3.65497366294333,0.000257208380903625,0.00118740999911258
"Os02g0584200",889.514002924438,-7.14090980385584,1.95385211714422,-3.65478520160119,0.000257397388086085,0.00118809040192905
"Os02g0810200",1510.39492639647,-1.47454880830023,0.403541441861796,-3.6540207654936,0.000258165374537677,0.00119067255627782
"Os08g0248900",4152.49497229716,-0.629855353703123,0.172463689537387,-3.65210413503639,0.000260100363954565,0.00119901563125309
"Os12g0478400",10.3900909253987,-7.48674765713119,2.05010526266854,-3.65188451220596,0.000260322956811527,0.00119984797016441
"Os10g0352000",26.9403169593573,-6.74914687591993,1.84852572676185,-3.65109707601566,0.000261122510813332,0.00120295044361778
"Os07g0633800",1941.89416472746,-0.405773962293226,0.111141183936442,-3.65097750376021,0.000261244124330512,0.00120312234348018
"Os03g0799200",380.342126518295,-1.82392287260629,0.499622454766981,-3.65060228018964,0.000261626098358792,0.00120468710300909
"Os01g0765500",558.322616725005,-1.61856744887088,0.443425535822462,-3.65014487915941,0.000262092436470262,0.00120663975913019
"Os01g0824000",130.480840214366,-1.23919658941472,0.33950050679135,-3.65005814314234,0.000262180955064002,0.00120685263366342
"Os10g0376400",35.7389023730435,-1.76934000032958,0.484790410443226,-3.64970090623686,0.000262545829353513,0.00120814253636412
"Os09g0466100",1737.23756588603,-1.63246673128253,0.447294369910488,-3.64964739352569,0.000262600527096412,0.00120819945929078
"Os08g0386300",1674.97474512231,-0.607963036219453,0.166652328486726,-3.64809205931903,0.000264194979686747,0.00121494788145296
"Os06g0550000",5234.96291964143,-1.32186230865006,0.362350987434225,-3.64801630046616,0.000264272875295945,0.00121511033383497
"Os04g0553500",1080.99336135626,-1.65573599165478,0.453909417904684,-3.64772337022201,0.000264574270178958,0.00121630020421778
"Os04g0429900",423.184929824583,-0.92967877254218,0.254889238448788,-3.64738338189579,0.000264924487000352,0.0012177140993459
"Os01g0265100",6032.95207418427,-1.45732107017446,0.399679782588703,-3.64622163456823,0.000266124467779861,0.00122283593179465
"Os11g0664800",386.8547854589,-7.14624684274118,1.96033247363823,-3.64542593608026,0.000266949290966314,0.00122642854681192
"Os05g0591500",868.745571087623,-0.90732227197524,0.24893380035793,-3.64483356888717,0.00026756489585974,0.00122866351148977
"Os06g0199500",2602.16549605897,-0.531499887873758,0.145857775079273,-3.6439599300407,0.000268475235311873,0.00123194440853289
"Os04g0393900",868.082448596425,-0.886376527234723,0.243293122157402,-3.64324531402605,0.000269222029410851,0.00123508093981089
"Os03g0795300",1318.63431434074,-1.22436395711745,0.33614691176702,-3.64234777788481,0.000270162738921313,0.0012389982679579
"Os03g0183500",44.8072161471989,-3.37777041481173,0.927451212619811,-3.64199255858472,0.000270535895296836,0.00124051029644223
"Os09g0103300",8.87360714994874,-7.73951134735864,2.12535670865446,-3.64151171228967,0.000271041791948457,0.00124263040626032
"Os11g0670800",54.8887028622929,-2.35747207370281,0.647409269632553,-3.64139375860471,0.000271166025958926,0.00124300032840398
"Os07g0559400",1251.10485303445,-1.2275685594461,0.337131271305052,-3.64121831443913,0.000271350910210793,0.00124364810228916
"Os04g0436300",658.853653010328,-0.723074628821294,0.198611754650132,-3.64064367738474,0.000271957294222592,0.00124582715555925
"Os06g0676400",200.028627286093,-1.78995114749656,0.491745847378148,-3.63999240062744,0.000272646087441721,0.00124878207957903
"Os04g0105300",1153.11463878538,-0.982265906222774,0.269961112082151,-3.6385459322151,0.00027418173164412,0.00125521144315153
"Os11g0220700",1124.24000367729,-1.04094643736222,0.286152825577408,-3.63772901861712,0.000275052586616193,0.00125899631692954
"Os03g0818400",9369.18753810928,-0.881089480277611,0.242245676687389,-3.63717318850082,0.000275646599803353,0.0012614308388071
"Os12g0586300",1791.79971624525,-0.683187955634243,0.187877070043468,-3.63635623802403,0.000276521853649016,0.00126470754535451
"Os09g0376700",169.236766676243,-2.32534984306214,0.639580702760895,-3.63574109260057,0.00027718261839583,0.00126752653948904
"Os03g0162500",1030.66504500834,-1.0718475049182,0.2948674637906,-3.63501449478119,0.000277965006928712,0.00127090071404343
"Os09g0497400",7295.79776665207,-0.476124679466062,0.131039312341094,-3.63344916086489,0.00027965756976219,0.00127782066132415
"Os02g0264800",1588.29785631994,-2.0550474044991,0.565672737864597,-3.63292636703133,0.000280225003844383,0.0012802084682673
"Os01g0949500",1490.85280112972,-0.842256964012703,0.23188902505873,-3.63215535448211,0.000281063820643053,0.00128342436353148
"Os03g0136200",6141.66293153231,-0.824892937536086,0.227200052725979,-3.63068990362855,0.000282664635534021,0.00128990877005325
"Os05g0119400",156.37814531722,-1.59542217412718,0.439422409784581,-3.63072555837401,0.000282625586159317,0.00128990877005325
"Os03g0802900",857.142602409723,-1.25574837542164,0.346088752587401,-3.62839984262279,0.000285183346000058,0.00130057092638212
"Os01g0886600",2011.44173386136,-0.607265067164669,0.167368367231307,-3.62831446115151,0.000285277657698026,0.00130058544343275
"Os03g0785900",5337.1929619258,-0.732183733541722,0.201797115180192,-3.62831615748288,0.000285275783659332,0.00130058544343275
"Os12g0477000",83.4833791601297,-3.09676767549338,0.85356871242608,-3.62802388420671,0.000285598845693635,0.00130184181595003
"Os02g0611400",2647.49776893131,-0.686754400643326,0.189319887146399,-3.62748156569661,0.000286199201592722,0.00130413690629209
"Os07g0229700",571.418942968965,-1.76434894750356,0.486420227252238,-3.62721130548018,0.000286498825528491,0.00130490226198903
"Os06g0708600",5721.47710667473,-0.454811762462567,0.125418736611584,-3.62634622824419,0.000287459870290575,0.00130837892926606
"Os01g0324400",497.768705902837,-4.43904151233394,1.22436698380318,-3.62558086836448,0.000288312652805624,0.00131148946002928
"Os06g0687600",371.426041303941,-1.50405847062649,0.415047304287124,-3.62382421254326,0.000290278932217544,0.00131980277814871
"Os02g0767300",80.0435247272083,-2.33744667074104,0.645315232765725,-3.62217804889417,0.000292132929902591,0.00132717529064771
"Os02g0107350",81.6128645559372,-1.78847814732789,0.493769307906468,-3.62209258187969,0.000292229489684143,0.00132740269789054
"Os01g0756600",4314.3375356052,-1.06557711858712,0.294235238911785,-3.62151427724328,0.000292883638476242,0.00132973923598948
"Os02g0726500",699.955309620101,-1.37567822511385,0.37986227542253,-3.62151841370309,0.000292878954656744,0.00132973923598948
"Os12g0139300",532.538404845656,-1.34862724447419,0.372481095675263,-3.62065957207653,0.000293852949575576,0.00133371578831058
"Os04g0691700",2075.33489834642,-0.458823500511736,0.126740468342425,-3.62018151354859,0.00029439641971109,0.00133597001657128
"Os07g0459000",29.2843502429903,-4.53291838968471,1.25213955937968,-3.62013831104447,0.000294445579868721,0.00133598070764151
"Os08g0468100",2774.38994189743,-1.36760559265862,0.377917572614252,-3.61879333421355,0.000295979881331924,0.00134251545093571
"Os06g0545900",1735.53572848767,-0.488377428978297,0.135047075921475,-3.61634952586659,0.000298786872156978,0.00135374166330933
"Os07g0420000",1022.20935713211,-0.9306513431568,0.257384494100047,-3.615801901396,0.000299419291108986,0.00135639172280827
"Os09g0401900",475.615893563742,-1.02291598246062,0.282915632753379,-3.61562198774752,0.00029962733613234,0.00135711880078729
"Os04g0446500",4621.56570195665,-0.676197408637986,0.18705822591684,-3.61490335602028,0.00030045968454457,0.00136067289158182
"Os06g0243900",210.053154419382,-1.47541223999751,0.408212514323614,-3.61432388333853,0.000301132429846339,0.00136350318488799
"Os09g0442800",498.380379507601,-1.08685661930901,0.300712014037285,-3.61427734368554,0.000301186521730907,0.00136353181225805
"Os06g0687000",271.611141396369,-1.14711387211078,0.317605764677495,-3.61175394053563,0.000304133070439428,0.00137549134647661
"Os06g0597000",2862.2905272582,-0.689806478089254,0.191014902520633,-3.61127047673542,0.000304700678001942,0.00137769303863257
"Os05g0541750",1602.61642292583,-1.91144503323795,0.529356005796007,-3.61088759229937,0.000305150904737743,0.00137948893591756
"Os06g0638400",284.226745340301,-1.58291525124319,0.438377396646837,-3.61085052137943,0.000305194528808835,0.00137948893591756
"Os03g0562400",9.38329186657149,-7.56297993145225,2.09598896843374,-3.60831094311714,0.00030819697891182,0.00139217828233249
"Os07g0117300",21.6391652561571,-6.23062992993093,1.72709568628597,-3.60757656880585,0.000309070344274984,0.00139524021935555
"Os12g0239000",932.75196983103,-0.677062606236591,0.187706618137397,-3.60702575623091,0.000309726926436382,0.00139776211671148
"Os02g0188500",385.019045919137,-1.70835387695141,0.473661668636564,-3.60669648837938,0.000310120045277452,0.0013990938157736
"Os03g0155300",1477.64894765077,-1.85944155762736,0.515718171625219,-3.60553817944318,0.000311506686744013,0.00140468354919765
"Os11g0174000",10249.0520306634,-0.381707300418528,0.105898854231906,-3.60445165518632,0.000312812667356287,0.0014097057590967
"Os07g0198300",594.757179020018,-0.927566853014266,0.257381943992026,-3.6038536294644,0.000313533667788461,0.00141270797369437
"Os05g0582000",113.826313783953,-2.10447590227111,0.584788903894038,-3.59869328617157,0.000319820108554209,0.00143944263301346
"Os02g0106600",239.782282493755,-1.99146774413693,0.553505945419086,-3.59791572361358,0.000320777517550617,0.0014435241149243
"Os04g0103400",65.4557326976956,-1.61113101062607,0.447924835114036,-3.59687805704253,0.000322059370668691,0.00144860741827405
"Os05g0386700",3369.73481269486,-1.39046768771511,0.386689441284987,-3.59582532973883,0.000323364726870211,0.00145401449044467
"Os10g0550300",243.402392379352,-1.24993556870184,0.347615026053071,-3.59574665944105,0.000323462474714326,0.00145401449044467
"Os10g0420266",53.9115483205997,-2.58855749091255,0.720040075253143,-3.59501863837579,0.000324368353926506,0.00145784448031463
"Os03g0102000",803.844756226148,-0.603737070859846,0.168002163901845,-3.59362675359692,0.000326106894224115,0.00146450522163831
"Os02g0448400",4537.55763903064,-1.14206938766465,0.317926611344307,-3.59224219336523,0.000327844934810983,0.00147184740787114
"Os05g0556700",3228.65193103643,-1.28539970535839,0.357885081745907,-3.59165489404502,0.000328584787821559,0.00147424146236696
"Os05g0532600",1644.78383582007,-0.721508516432861,0.200889549194927,-3.59156819916385,0.000328694134352316,0.00147450029403623
"Os03g0177500",68041.8392863025,-0.472012275354444,0.131523800876221,-3.58879740556358,0.000332206870383422,0.00148955590766955
"Os01g0213800",561.413513282522,-1.27467965950897,0.355222346849323,-3.58839940903172,0.000332714315231687,0.00149159689240981
"Os04g0533602",10.3900189372597,-5.08696361942073,1.41803459769882,-3.58733392519183,0.00033407637744312,0.00149723286508658
"Os01g0733600",5303.61111794988,-0.813041855340299,0.226657984423396,-3.58708676161852,0.0003343930838838,0.001498416983733
"Os02g0209000",7613.25784192414,-0.472544910251377,0.13174441693858,-3.58683063185653,0.000334721575662732,0.00149941818200204
"Os02g0782300",3745.41785152337,-0.708360345281892,0.197489208530532,-3.58683064534323,0.000334721558357817,0.00149941818200204
"Os04g0579700",977.310770850928,-1.0229182984777,0.285218373053487,-3.58643900645864,0.000335224427266601,0.00150119956885752
"Os08g0190200",3416.90207202754,-0.488844194933367,0.136313433499827,-3.58617769637492,0.000335560345550171,0.00150223251307781
"Os02g0175600",11743.2840707902,-0.852653253741166,0.237781128878194,-3.58587436170322,0.000335950682115254,0.0015034133057444
"Os05g0121500",1688.12694885409,-0.978457009905708,0.272958923462169,-3.5846309675284,0.000337555148504177,0.00150997871162878
"Os04g0445050",37.0321363984998,-2.14284424246258,0.598055572053737,-3.58301860662212,0.000339646404129689,0.0015186195111964
"Os05g0525600",1431.20336920261,-1.20734195853743,0.337017961169852,-3.58242615422194,0.000340417864115021,0.00152159215679598
"Os09g0415800",1905.16261869005,-0.439700142859098,0.122771080178926,-3.58146350279139,0.000341674874399253,0.00152625471280943
"Os08g0555000",2363.30146085489,-0.779297958689622,0.217666421189945,-3.58023968248907,0.000343279183121825,0.00153246183969805
"Os10g0371000",3807.06662067007,-1.31703516690198,0.36815029751222,-3.57743882268155,0.000346977393541357,0.00154776101285271
"Os07g0448800",33080.6692871644,-0.787798473119422,0.220223542800932,-3.57726727624004,0.000347205107562051,0.00154853477972675
"Os09g0556500",948.156337206981,-0.619122044428695,0.173074497021813,-3.57719973238266,0.000347294804917119,0.00154869284667306
"Os01g0971900",3735.27370779889,-0.547276771042817,0.152994554482234,-3.57709967452709,0.000347427720273212,0.00154904355630718
"Os06g0653100",712.673344069629,-1.38648929068494,0.387625737912535,-3.5768762367317,0.000347724703478221,0.00155012555615842
"Os03g0703100",3411.05109904301,-1.35250416389901,0.378134300199312,-3.57678254309677,0.00034784930738307,0.00155043888662435
"Os08g0439000",709.42130010477,-1.43756039606006,0.401950161708275,-3.57646428092098,0.000348272878724118,0.00155208447311495
"Os05g0509900",559.869142456972,-1.08998951840691,0.304799301766473,-3.57608928921375,0.000348772569813063,0.00155406872193944
"Os03g0237600",3947.29693768318,-0.64136605045746,0.179398475422829,-3.5750919786013,0.000350104790465838,0.00155903137894803
"Os05g0252100",410.495569005636,-1.91709938878767,0.536228171771866,-3.57515604309443,0.000350019069420696,0.00155903137894803
"Os03g0787200",396.614151717728,-1.23491075996575,0.345516648736832,-3.57409914827675,0.000351435752730509,0.00156471410481043
"Os03g0264000",692.590508179555,-0.733170894076458,0.20513984377365,-3.57400532529133,0.000351561773799614,0.00156503107787526
"Os10g0333700",111.469727673265,-7.5324276359842,2.10760790668251,-3.57392265046142,0.00035167285592965,0.00156528145948167
"Os06g0140400",599.300116236736,-1.84923586447044,0.517530037617284,-3.57319523516809,0.000352651629162148,0.00156939321839793
"Os11g0442380",2317.96198215136,-1.01532126207698,0.284289145809553,-3.571438716683,0.000355025625768304,0.00157921948915856
"Os02g0285700",341.498857495544,-1.67673153952966,0.469600260604631,-3.57055070065506,0.000356231490851982,0.00158383020240243
"Os04g0570000",520.504211241417,-1.69736675760666,0.475424338192189,-3.57021427228763,0.000356689337218199,0.00158513785482738
"Os03g0177400",81720.82753769,-0.481799311468384,0.134953488149558,-3.5701138079102,0.000356826166154561,0.00158530829129873
"Os07g0517400",225.441566354758,-1.54559486892231,0.432927059694481,-3.57010455759695,0.000356838767222335,0.00158530829129873
"Os04g0455600",4076.64577598242,-1.51772683915442,0.425261249856655,-3.5689281345667,0.000358444723892722,0.00159194744029778
"Os04g0543600",442.199735506567,-1.63142333988474,0.457231727976874,-3.56804491040756,0.000359654868699432,0.00159707351775927
"Os04g0559100",316.688617756574,-1.27289594694746,0.356870079181639,-3.56683292100705,0.000361321688629493,0.00160347734456471
"Os10g0572900",6426.10479525916,-0.905097940166141,0.253768389555026,-3.56662995636769,0.000361601526147551,0.00160422038581842
"Os01g0170500",1712.39900230211,-1.30518626662308,0.366112895467916,-3.56498304970922,0.000363879704186181,0.00161357500020046
"Os08g0533300",702.222836396048,-1.22792470582123,0.344492046325779,-3.56445009084478,0.000364619819642036,0.00161635473394351
"Os03g0264800",676.105917837076,-1.61469521640813,0.453169204338034,-3.56311770736229,0.000366476251672875,0.0016243231982211
"Os12g0485600",171.289223671763,-2.24567255591836,0.630261900364643,-3.56307838791955,0.000366531170114283,0.0016243231982211
"Os03g0761200",785.137718302402,-0.619011643563643,0.173748502133939,-3.56268765463348,0.000367077335308498,0.00162649106784318
"Os03g0300900",2154.44261856528,-1.19372900144587,0.335108227776238,-3.56221931454024,0.000367732981528846,0.00162914329113137
"Os12g0590900",1993.34401022343,-1.0517784843989,0.295264520291864,-3.56215668363823,0.00036782074374398,0.00162927922244385
"Os03g0149800",658.841198369787,-0.770551419615659,0.216367786349708,-3.56130379949556,0.000369017807345902,0.00163407451022051
"Os08g0425700",365.636694317595,-0.980128490131626,0.27522004119593,-3.56125406373975,0.000369087726121537,0.00163413061182149
"Os07g0484200",673.276724350959,-1.63655740368638,0.459605819812444,-3.56078477064156,0.000369748070777567,0.00163603920822738
"Os03g0612600",2722.47816508204,-1.00117620583972,0.281179357463135,-3.56063195702758,0.00036996333385175,0.0016367379729486
"Os01g0826800",901.145757571462,-1.49350952371765,0.419516397111756,-3.56007425216276,0.00037074994723141,0.00163996381431479
"Os06g0284800",1312.80551669814,-0.660171696814299,0.185476553922411,-3.55932694916503,0.000371806430221919,0.00164438220394398
"Os03g0830300",8.14124866826409,-7.68871515982777,2.16031750379769,-3.55906719559117,0.000372174309725214,0.00164575422103741
"Os03g0274400",28.531915054427,-3.32945300110758,0.935536513439979,-3.55887018120238,0.000372453560900971,0.00164673395947294
"Os04g0541900",414.965379435212,-0.772920185973611,0.217187675263803,-3.55876632978735,0.000372600840294578,0.00164712999618529
"Os04g0467000",244.91173885547,-2.15478760462241,0.605981734879773,-3.55586229847327,0.000376741376662248,0.00166414513392869
"Os10g0546200",1917.38923606809,-0.391491328594732,0.110106481140016,-3.55557024928348,0.000377160148865249,0.00166573716373351
"Os05g0444300",1385.46023275712,-0.540998869499872,0.152172886138821,-3.55515941917762,0.000377749978781168,0.00166808406471684
"Os06g0687700",5311.98382990228,-0.454563107691855,0.127869089437141,-3.55491002315547,0.000378108457790019,0.00166923137905796
"Os12g0264650",73.0310323852819,-2.13454881091748,0.600528940905957,-3.55444786340738,0.000378773601712071,0.001671828311005
"Os04g0400600",118.555867692687,-2.70441216990929,0.760875595329036,-3.55434211126167,0.000378925954709051,0.00167224218478898
"Os04g0662400",106.343302045349,-1.13848305520105,0.320432333227038,-3.55295935255819,0.000380923319395162,0.00168023116272052
"Os09g0403000",1104.84765761663,-0.901002941845912,0.253665196601938,-3.5519375693458,0.000382405580575366,0.00168603411985531
"Os07g0694400",123.57163540671,-2.95709373344143,0.832930432533345,-3.55022894822977,0.000384896260819348,0.00169622956134437
"Os03g0377300",1939.29039060344,-0.440215575894494,0.124009941990401,-3.54984099523704,0.000385463893220631,0.00169846887435778
"Os03g0728500",436.916044991307,-1.5434565664119,0.434874710377291,-3.54919826235198,0.000386406028192455,0.0017020947019638
"Os04g0641700",309.4195440996,-2.2560629041833,0.635776027245517,-3.54851835788403,0.000387404992247431,0.00170623176958967
"Os04g0431300",1473.01800401599,-0.679896048169646,0.191645805329752,-3.54766986420493,0.000388655044959074,0.00171094534289201
"Os03g0667300",18.1019004426427,-9.21963152092187,2.59904934075526,-3.54730915506311,0.000389187604662756,0.00171302559560427
"Os02g0453000",161.686012019384,-1.36333967265418,0.384434598077075,-3.54635009302895,0.000390606905893188,0.00171874264248731
"Os03g0387500",1168.37075750793,-0.868306949959977,0.244868671787372,-3.54601078048056,0.000391110206586404,0.00171991007090795
"Os03g0848200",190.804737153037,-1.66847364573779,0.470733894382079,-3.54440941187792,0.000393493698229882,0.00172851402312616
"Os02g0784100",27.4092925148141,-4.48761057213437,1.26618008790561,-3.54421192925038,0.000393788571449217,0.00172954315793914
"Os03g0138500",1396.6377486446,-1.50859506661149,0.425761943055541,-3.54328302756427,0.000395178342293191,0.00173404621097876
"Os06g0613600",252.248941176393,-0.880028462819517,0.248408084415735,-3.54267239284654,0.000396094434951944,0.00173779888583896
"Os03g0203700",1651.21229191188,-0.907013578803192,0.256171624266339,-3.54064811589038,0.000399145527676017,0.0017503779293262
"Os03g0127700",1814.40470671518,-1.03496795012075,0.292380209634345,-3.53980165557407,0.00040042785441372,0.00175519236430977
"Os06g0730200",170.893931871824,-6.64669485050247,1.87928791959879,-3.53681561041561,0.000404982301044997,0.00177433841919085
"Os08g0240500",2479.79034779167,-1.87664975755609,0.530688424680635,-3.53625530589903,0.000405842275743952,0.0017772878058968
"Os01g0716300",307.651641925683,-0.889974039940214,0.25170386949951,-3.53579800624378,0.000406545418998533,0.00178009394690813
"Os03g0648100",689.80981404036,-0.853207185373047,0.24138918710168,-3.53457085471542,0.00040843791354015,0.00178728373510502
"Os05g0319700",1000.59515452837,-1.6075526587172,0.455069290302609,-3.5325448079527,0.000411580470867891,0.00180020731848806
"Os05g0176500",953.297809709176,-0.679451913241408,0.192349497526475,-3.53238205443135,0.000411833891810285,0.00180103977444964
"Os03g0837300",3322.83348988468,-0.560504858258694,0.158681599089823,-3.53226121663556,0.000412022140702214,0.00180158700738419
"Os11g0527100",65.6241851103568,-1.91353182387113,0.541871531079117,-3.53133854450779,0.000413462190655875,0.00180732998010433
"Os01g0314000",204.641866561326,-1.10556104336124,0.313176117911254,-3.53015756991576,0.000415312242558089,0.00181458329275648
"Os02g0261000",239.799880149707,-1.98762882046718,0.563041197644735,-3.53016587202084,0.000415299209981107,0.00181458329275648
"Os02g0699466",2299.33967480112,-1.73375740307518,0.491496269631206,-3.52750877311053,0.000419489859604282,0.001832275218446
"Os11g0145000",502.049968605814,-0.941287348524127,0.266917737724491,-3.52650729227936,0.000421079569126134,0.00183837491910927
"Os02g0596900",2056.90413952733,-0.939072301926782,0.266330491370894,-3.5259661674225,0.000421940867828856,0.00184182672817798
"Os01g0332500",556.475778944685,-1.6627744242352,0.471626003764518,-3.5256207481414,0.000422491525437655,0.00184341151056136
"Os02g0663800",1500.11951573107,-1.26807840365287,0.359740852772867,-3.52497747719941,0.000423518798659796,0.00184704669044236
"Os03g0263900",2629.64343277432,-0.520063052697567,0.147556589098482,-3.52449901339525,0.000424284394762814,0.00185010292760613
"Os05g0476400",31.9038874631084,-3.21207204071075,0.911385948648291,-3.52438178959714,0.000424472163066041,0.00185063898313076
"Os07g0124400",135.077538402335,-1.97825673417172,0.561329034119075,-3.52423732593186,0.000424703670742208,0.00185136554332095
"Os05g0102600",1877.94809016754,-0.97579374262112,0.276894210062917,-3.52406697994659,0.000424976807145983,0.00185227332160253
"Os05g0320100",531.283031825732,-1.05812237888819,0.30028657829886,-3.52370853496852,0.000425552081286875,0.00185449749744314
"Os02g0824300",2308.19876119666,-0.708624665111083,0.201114404765937,-3.52349035334293,0.000425902600418357,0.00185545845945384
"Os03g0810100",219.73926481864,-1.29919849266963,0.36882339373046,-3.52254904313119,0.00042741795266599,0.00186120793911488
"Os02g0778500",607.496068697926,-1.02860750863998,0.292036086580887,-3.52219316688823,0.000427992164239925,0.00186342409030879
"Os01g0680900",3497.04775015532,-0.893059741006681,0.253560065279877,-3.52208357424475,0.000428169138594398,0.0018639103083786
"Os05g0482600",2163.23122237876,-0.580081388814699,0.164735290249813,-3.52129399799542,0.000429446197109977,0.00186918454564001
"Os04g0399200",4241.96447190197,-0.7696771353575,0.21861927499839,-3.52062797465214,0.000430526185665455,0.00187302841695393
"Os01g0941800",51.5309531852189,-3.06537450483311,0.871509968951296,-3.51731433264238,0.000435937207931928,0.00189339495788328
"Os11g0621200",11.2172267591506,-7.02792568568597,1.99808701648938,-3.51732713725049,0.000435916176954523,0.00189339495788328
"Os11g0427700",734.602789456637,-1.54273572157292,0.438993686709649,-3.5142549159102,0.000440989398283732,0.0019141729599469
"Os06g0710500",30.201626013442,-3.61716803118222,1.02934798264816,-3.51403810194146,0.000441349501536806,0.00191515356823755
"Os02g0559300",339.078606742123,-1.12652688005135,0.320589053595736,-3.51392808773786,0.000441532327525266,0.00191540086595101
"Os12g0409000",3056.59357905702,-0.490793085271456,0.139674397210134,-3.5138371460668,0.000441683511388166,0.00191572924313384
"Os07g0658200",3802.92563049794,-0.574198637832849,0.163424332432112,-3.51354433753844,0.00044217061242087,0.0019175505865909
"Os04g0483500",1632.34856649976,-1.31396718197277,0.374004808793453,-3.51323606295774,0.000442683983791831,0.00191942623760949
"Os04g0590650",9.99752905872741,-6.84167675607395,1.94818681588265,-3.51181760409062,0.000445053328627124,0.0019280015499063
"Os06g0164800",113.008127524766,-1.12672137830482,0.320919639249211,-3.51091438635783,0.00044656819480284,0.00193397702206831
"Os04g0569300",769.535429865003,-1.28191917850588,0.365213219783934,-3.51005689023055,0.000448010829292337,0.00193963614611261
"Os05g0503000",5331.92161804817,-0.879267752564566,0.250497919068705,-3.51008006706597,0.000447971779917345,0.00193963614611261
"Os01g0753150",66.4975051142849,-1.94323876255937,0.553690177409775,-3.50961393545044,0.000448757750270983,0.00194228070109703
"Os09g0306232",295.229926278375,-1.89871944054086,0.541028012924951,-3.50946604460616,0.000449007386039321,0.00194306652927628
"Os03g0664650",140.809569633992,-1.66593798169452,0.474705371398582,-3.50941464341623,0.000449094180212143,0.00194314753372373
"Os04g0497200",6323.03079253199,-0.967472220767991,0.275849868213861,-3.50724191761415,0.000452777317813596,0.00195819329691989
"Os10g0540200",117.422535850771,-2.05080099628316,0.584754446053854,-3.50711484131973,0.00045299360378869,0.0019588319082782
"Os08g0468700",1641.07802695467,-1.38293934111129,0.394344558130004,-3.50693147046135,0.000453305874003118,0.00195988531771357
"Os11g0290600",9.43015978459607,-7.24582729119881,2.06630781567157,-3.50665435045254,0.000453778174940309,0.00196163020225597
"Os07g0592600",822.975010145903,-1.01090788572119,0.288292081719522,-3.5065405879052,0.000453972195549251,0.00196217176707417
"Os06g0142300",128.247596071695,-1.62229164638264,0.46270598943357,-3.50609605976485,0.000454731075263904,0.00196515424864994
"Os01g0819700",161.430349599009,-1.0912141588816,0.311290237726517,-3.50545576646154,0.000455826237837769,0.00196958887872257
"Os11g0300600",114.499604642437,-1.45715457159837,0.415772779484374,-3.50468968508587,0.000457139783266416,0.00197496563849804
"Os03g0301600",248.620884217663,-1.8793758070826,0.536305114246772,-3.50430334739981,0.000457803548087546,0.00197753397043143
"Os07g0107366",552.056630148875,-4.50905244575783,1.28701406687036,-3.50349896075537,0.000459188447287605,0.00198291604226587
"Os06g0226500",16.5757916020066,-6.70054524564672,1.91281614756205,-3.5029740072964,0.000460094357985137,0.00198562645212092
"Os08g0524400",3062.21592533244,-1.55330372321907,0.443416655570944,-3.50303423135748,0.000459990344874381,0.00198562645212092
"Os08g0462700",727.193429728787,-1.68032858316854,0.479696863148126,-3.50289675054571,0.000460227820425711,0.00198590217781278
"Os05g0555100",1592.991327744,-1.61803320202964,0.461990388172797,-3.50230923294545,0.000461243950283727,0.00198938460515242
"Os03g0607600",878.654154629966,-1.76940294383659,0.505322862000853,-3.50152957028412,0.000462595633341741,0.00199461174593756
"Os07g0530100",1190.14138083902,-0.584277761747681,0.166890424215247,-3.50096636457768,0.000463574348205323,0.00199827459927156
"Os03g0602300",1593.75139390808,-0.804112690279956,0.229727960207609,-3.50028220140581,0.000464765856675123,0.0020027275914757
"Os01g0607900",1328.35079453505,-1.2519217287101,0.357911953420593,-3.49784833042145,0.000469027781186347,0.00201899094950733
"Os01g0132766",1966.3192900229,-0.83939591644603,0.239982700992793,-3.49773509912799,0.000469226944082574,0.00201954371108157
"Os03g0211800",3130.04379345008,-0.862782103418325,0.246833603714912,-3.49539969612412,0.000473352328317517,0.00203545779745333
"Os03g0370500",1925.1764184326,-0.904557744417162,0.258842050949426,-3.49463211676491,0.000474715593515716,0.00204070510561937
"Os10g0489100",1458.3252105134,-0.466011571760254,0.133373842780887,-3.49402523046321,0.000475796050236565,0.00204504177954412
"Os01g0166800",1350.61428081932,-1.41236923606895,0.40428513060043,-3.49349785378291,0.000476736816066436,0.0020483558857052
"Os06g0114200",211.733015462373,-1.67404641912636,0.47970641709395,-3.48973113444613,0.000483506734744734,0.00207354543220916
"Os08g0555200",6960.34005881825,-0.732657527951049,0.209947049835208,-3.48972528323749,0.000483517320515141,0.00207354543220916
"Os02g0315600",536.679107696523,-1.6283745684628,0.466650358624673,-3.4894960185223,0.000483932267183069,0.0020750131642592
"Os12g0135900",940.80187610739,-0.507713027383796,0.145538584934781,-3.4885115009969,0.000485717925549611,0.00208173160163485
"Os09g0514400",4109.69330238904,-0.453640311312722,0.130046066906741,-3.48830473772065,0.000486093720213866,0.00208271677420964
"Os09g0553200",24400.3913495326,-0.437951082690666,0.125561272803411,-3.48794714255851,0.000486744293669385,0.00208456550915213
"Os03g0806800",2453.13191067174,-1.49831361450595,0.429585611398895,-3.48781145073008,0.00048699137048634,0.00208499800197421
"Os05g0126800",320.241955118215,-1.17199310382616,0.336024825617257,-3.48781701373785,0.000486981238688332,0.00208499800197421
"Os01g0697100",1477.77516858379,-1.03438478019613,0.296653701946153,-3.48684264989854,0.000488758829900926,0.00209162399410675
"Os03g0113800",4104.63447029017,-0.565532145382155,0.162198846109906,-3.48665948584461,0.000489093662150226,0.00209274314082088
"Os02g0806400",2843.24571533642,-0.837605432564532,0.240237061454107,-3.48657874640438,0.000489241325450126,0.00209274754887583
"Os11g0484300",3017.78709030881,-1.41401735044482,0.405556829247639,-3.48660717430898,0.000489189329288019,0.00209274754887583
"Os12g0167900",34258.2203051281,-0.940054643703109,0.269651992439845,-3.48617725831497,0.000489976219310627,0.00209526310172323
"Os02g0291600",343.894217057202,-2.25437683075444,0.646843398897418,-3.48519724340877,0.000491774388571632,0.00210263752956691
"Os06g0665500",6214.72803793087,-0.661005944973372,0.189703143464826,-3.48442272964198,0.000493199847817443,0.00210778506604298
"Os06g0592400",230.480263609108,-1.44252383286708,0.4140480507361,-3.48395272071089,0.000494066756524371,0.00211117387698078
"Os07g0662600",1981.03428572028,-0.480632100976413,0.137978992714181,-3.48337157361359,0.000495140618776082,0.00211512927601684
"Os11g0572800",600.651973374108,-0.611186122560118,0.175495740070661,-3.48262654303763,0.000496520493815242,0.00212070641560112
"Os05g0493500",2442.42429993107,-1.62205521256381,0.465851542892664,-3.48191443671476,0.000497842740376449,0.00212571775337402
"Os05g0273800",618.047401730525,-1.03504942795868,0.29731956244901,-3.48126917527058,0.000499043703290021,0.00213052699173054
"Os02g0567850",1405.34641488161,-0.694133496058893,0.199466092947858,-3.47995734914377,0.000501493611452673,0.00214002595983033
"Os11g0137000",222.721318273325,-1.79291390750536,0.515354507275715,-3.4789914169629,0.00050330470659548,0.00214743341480738
"Os12g0638800",415.738672143199,-0.846699159254434,0.243405576931132,-3.47855283321629,0.000504129049874597,0.0021503077704155
"Os06g0699500",1886.25990791443,-1.31035675720323,0.376744982900375,-3.47810008540905,0.000504981335571741,0.00215362128231881
"Os09g0517600",432.695912202788,-1.82990887041875,0.526145688565976,-3.47795089874483,0.000505262469614681,0.00215449834668083
"Os05g0199100",1766.16525058163,-1.05622577270299,0.303697199171402,-3.47789105590953,0.000505375281136734,0.00215465750930051
"Os03g0356582",264.666930017901,-1.60608280346497,0.461967267528869,-3.47661602099245,0.00050778447490726,0.00216460574249594
"Os01g0926700",4896.19835928544,-1.28715488566785,0.370237306195966,-3.47656722898303,0.000507876880344552,0.00216467637338434
"Os05g0397900",2007.35458843852,-1.33060948160329,0.382768078399956,-3.47628121750772,0.000508418862570584,0.00216666288641606
"Os04g0525200",70.1297107407531,-1.79754224055505,0.517176144701071,-3.47568668619476,0.000509547205339015,0.00217114725021598
"Os11g0455500",80439.8984215611,-0.925761993867788,0.266391084091277,-3.47519886795679,0.000510474763649662,0.00217445032884882
"Os06g0726600",1448.87344606858,-0.69247925791369,0.199309065899672,-3.47439919397479,0.000511998703383455,0.00217931568586003
"Os03g0333000",1628.60706963838,-0.585195738344089,0.16844025467853,-3.47420359498352,0.000512372101599931,0.00218057988192462
"Os04g0295100",540.521986462603,-0.969988821443992,0.279209720177909,-3.47405104960504,0.000512663486690292,0.00218149471736549
"Os03g0337500",2568.61079609349,-1.04000866814054,0.299377802021145,-3.47390040650737,0.00051295138971532,0.00218239446535014
"Os11g0638900",12701.3908482581,-0.612904667061498,0.176461700485985,-3.47330137572927,0.00051409772508213,0.00218596833975038
"Os10g0438500",271.335145378865,-1.48967360187206,0.428906161691248,-3.47319235517166,0.000514306608963086,0.00218653080819814
"Os03g0207200",241.014043255726,-1.23246218834179,0.35488076453981,-3.47289092983097,0.000514884553092568,0.00218866190371917
"Os02g0668000",418.065784232996,-1.37425797175259,0.395714644189883,-3.47285093420286,0.000514961285015178,0.00218866213809905
"Os03g0336400",30.714276741333,-1.9524383384569,0.562246112252137,-3.47256885536513,0.000515502758205186,0.00219063729793194
"Os10g0402200",430.576717232284,-1.44618560513098,0.416467396586902,-3.4725061721109,0.000515623155837836,0.00219082276871616
"Os01g0726400",47.8142065161639,-3.34286336724179,0.962731960039419,-3.47226798942555,0.000516080879616075,0.00219242639148335
"Os04g0115700",163.062064248918,-1.35204817385559,0.389417978646897,-3.47197162943922,0.000516650933486963,0.00219420982672993
"Os04g0462800",142.143001138883,-1.40368880163626,0.404406500022443,-3.47098476794601,0.00051855341358983,0.00220097972304953
"Os07g0516200",5312.50818150456,-1.19515085933145,0.344335400058148,-3.47089163394071,0.000518733294910938,0.0022014158742102
"Os05g0552300",8258.55584477793,-0.853852699657931,0.24602598356459,-3.47057935624009,0.000519336860303859,0.00220364967154948
"Os07g0628500",1098.83332619945,-0.858248281298028,0.247313422047421,-3.4702858995395,0.000519904645263113,0.00220540320915296
"Os12g0286200",103.077238067519,-1.11889893648996,0.322561926958656,-3.46878798449567,0.000522811861002726,0.00221666499985037
"Os09g0372700",1275.03519550518,-0.725011131117941,0.209023131372235,-3.46856889167361,0.000523238353331385,0.002217896578184
"Os10g0536600",196.173807991986,-1.65662368230252,0.47773923005374,-3.46763166616267,0.000525066446072314,0.00222498465509028
"Os11g0643400",115.123169967492,-4.50529402092306,1.29976902010892,-3.4662266535215,0.000527818127720082,0.00223498600172705
"Os06g0192100",120.103606934603,-2.37674499719869,0.685723391100274,-3.46604042977898,0.000528183849158181,0.00223620287605623
"Os08g0132400",52.4934047586968,-5.03224591335799,1.45193673974215,-3.46588510064955,0.000528489077840527,0.00223716331571704
"Os01g0531400",430.22150660062,-1.68938035726543,0.487501345112608,-3.46538604293533,0.000529470861355806,0.00224065474670721
"Os02g0609400",12890.9996848382,-0.447250676715734,0.129095617836999,-3.46449154672661,0.000531234835416783,0.002247453259543
"Os02g0692000",1137.26709922902,-0.833818715467289,0.24068844727021,-3.46430717769848,0.000531599096840996,0.00224832784415904
"Os10g0579500",1615.36582084876,-1.12627753218466,0.325105290085054,-3.4643469870638,0.000531520425018515,0.00224832784415904
"Os02g0778400",5172.24778070376,-1.17281153427718,0.338553243682925,-3.46418637588239,0.000531837893499143,0.00224867143120124
"Os01g0631200",5610.26431660474,-0.720118822000197,0.207907945047476,-3.46364263201079,0.000532913984734345,0.00225255394347063
"Os08g0506400",694.976096648719,-1.63505492446319,0.472157106347298,-3.46294676598707,0.000534294091593418,0.00225671656561742
"Os02g0742800",1686.98478514773,-1.40038525974091,0.404411023185144,-3.46277717336057,0.000534630947976177,0.0022578052639491
"Os02g0774500",116.050703961574,-1.61439175553816,0.466274074900552,-3.46232364705775,0.00053553274513585,0.0022612790942541
"Os12g0477600",2145.52344215537,-0.603882549856482,0.174442292810443,-3.46178979952235,0.00053659607002211,0.00226543384450689
"Os01g0631500",202.51805252477,-1.24533024372687,0.359795608445086,-3.46121579723768,0.000537741570182696,0.00226892762443383
"Os08g0130900",721.428194037148,-1.52811505336133,0.44159956669326,-3.46040886046154,0.000539355776317304,0.00227405779604153
"Os06g0725400",1638.4036855808,-0.549774806880765,0.158886374269603,-3.46017592388313,0.000539822584510617,0.00227568983197032
"Os06g0557100",2657.98169654836,-0.377304905011386,0.10904547945281,-3.46006920144422,0.000540036583499985,0.00227574830353015
"Os04g0598200",13853.7167323069,-1.28794840118533,0.37228096475846,-3.45961390215309,0.00054095043421328,0.00227876168745335
"Os06g0216200",207.270217285329,-1.22016316237491,0.352712907107337,-3.45936635089908,0.000541447909377435,0.00228052075037177
"Os01g0165200",132.222573367207,-1.47607145933018,0.426741242383489,-3.45893790599156,0.000542309912976204,0.00228372781165121
"Os09g0524500",105.624921586941,-1.96127295945424,0.567059559112194,-3.45867189422725,0.000542845754699271,0.00228539664043304
"Os08g0157400",1095.11766388027,-0.806603359231449,0.233229673070823,-3.45840796589598,0.000543377887097959,0.0022872995737095
"Os03g0822000",399.107342025914,-1.59379527160956,0.460859860156394,-3.45830784887342,0.000543579870181791,0.00228754290066589
"Os04g0560100",182.37489607477,-1.92818861757433,0.557560455599999,-3.4582592761163,0.000543677889457357,0.0022875503650753
"Os01g0312800",960.009081527076,-1.83441333478422,0.530542186687118,-3.45762011168028,0.000544969251005172,0.00229197028152227
"Os06g0731800",11355.8596310734,-0.410652323253395,0.118800124736199,-3.45666575826638,0.000546902736798176,0.0022993264201499
"Os10g0147400",1221.62214309086,-1.70628995478039,0.49365229191931,-3.45646112194956,0.00054731815381563,0.00230049320902862
"Os07g0200500",72.1393784913154,-2.11589770374063,0.612525831987123,-3.45438117585401,0.000551557208183733,0.00231694612956534
"Os01g0203000",2645.96209428172,-0.524651441853221,0.151912211465451,-3.45364889887434,0.000553056897227272,0.00232256231785424
"Os02g0642200",167.062313143805,-2.1268278498396,0.615923565767421,-3.45307107577487,0.000554242947827032,0.00232720075062883
"Os01g0651200",132.151926590074,-1.2872577553512,0.372800723456337,-3.45293792194577,0.000554516597567568,0.0023273227115084
"Os07g0291200",361.842141884914,-0.823080933160869,0.238366667899749,-3.45300347742846,0.000554381856158948,0.0023273227115084
"Os07g0456500",137.509543940738,-1.09542071183377,0.31728687343783,-3.45246149002256,0.000555496762880655,0.00233075108035652
"Os08g0520000",989.877188865436,-1.34529640644608,0.389703320025582,-3.4521040425259,0.000556233200345814,0.00233349801156245
"Os09g0542900",132.021905153524,-2.14923360968222,0.622612978790993,-3.4519576091325,0.00055653515480162,0.00233442166916347
"Os04g0399000",9134.20898118064,-0.983514546602571,0.284958001602386,-3.45143684708636,0.000557610234831891,0.00233858750265082
"Os11g0127900",14928.0714705953,-1.03314554326808,0.299368338314756,-3.45108487117909,0.0005583379618129,0.00234079414778385
"Os02g0194200",3470.01254742535,-0.520121368500625,0.150715581980248,-3.45101257392742,0.000558487549297301,0.00234089113173894
"Os03g0642900",124.876010971585,-1.47478273660188,0.427376408003989,-3.45078181430201,0.00055896525497913,0.00234254944033538
"Os05g0420900",492.259286541945,-1.25819996254526,0.364631692735463,-3.45060505603959,0.000559331427429689,0.00234373990965253
"Os05g0279900",365.593671689646,-1.94285332285076,0.563082934540809,-3.45038573125138,0.000559786091300182,0.00234495658791788
"Os02g0109400",442.13988516126,-1.25725968914263,0.364392674300453,-3.45028804861751,0.000559988699770163,0.00234511699622059
"Os05g0370600",3571.84105734178,-0.946916058593196,0.274503257155844,-3.44956219610758,0.000561496367717928,0.00235086698711341
"Os01g0973200",439.025355319098,-1.483491326928,0.430095570885822,-3.44921321526891,0.000562222580620985,0.00235309110575446
"Os06g0529800",1540.35865164968,-0.639452054232065,0.185440537005387,-3.44828625153027,0.000564155798913954,0.00235979823039272
"Os07g0517300",900.066888412728,-1.47210997623269,0.427055858051691,-3.44711341263115,0.000566610671115698,0.00236937225261156
"Os11g0543500",126.164115926562,-3.384154174607,0.981879907371437,-3.44660701293565,0.000567673689474443,0.00237346972203874
"Os03g0300000",3052.87153010886,-1.05597227692066,0.306391740992577,-3.44647761555113,0.000567945614161325,0.00237391120378106
"Os01g0706700",538.767310326363,-0.963611800264838,0.279677518076528,-3.44543890010196,0.00057013284232298,0.00238200700399109
"Os02g0229600",132.419988678049,-1.61982371802754,0.470187155922429,-3.44506160498944,0.000570929254619769,0.00238498531302015
"Os12g0406200",13504.9228033553,-0.812544318002723,0.235898306177878,-3.44446864061003,0.000572183005496612,0.00238952329318146
"Os10g0167300",97369.6863368558,-0.424832046087592,0.1233393487025,-3.44441616204983,0.000572294088412069,0.0023896375745515
"Os09g0375100",4650.19526539182,-0.588197290167511,0.170778369765137,-3.44421422324403,0.000572721725573161,0.00239107341447423
"Os03g0749300",50713.6050645888,-0.778993026559758,0.226302154075269,-3.44226960517867,0.000576855015933973,0.00240656965431443
"Os06g0134800",1081.11199327924,-0.631821198731481,0.183600764366254,-3.44127760531051,0.000578974196082654,0.00241470477103789
"Os01g0168800",2146.68333670566,-1.31224102954184,0.381412188914296,-3.44048005722414,0.000580683228714618,0.00242147875535866
"Os10g0411500",420.292537909711,-1.45422945084417,0.422706584327984,-3.44028104780079,0.000581110409346077,0.00242255228923243
"Os07g0133500",461.616670473058,-1.39449020525177,0.405361649555814,-3.44011380153949,0.000581469635492113,0.00242334198795253
"Os09g0299000",3804.52023247757,-0.610236646523107,0.177405636886385,-3.43978160577794,0.000582183767844452,0.00242596401012439
"Os03g0830900",2350.39590943455,-0.544425418428353,0.158278724129064,-3.43966266738679,0.000582439652142585,0.0024266760225891
"Os03g0232600",1316.09124836887,-1.26277946190306,0.36712760581081,-3.43962001744374,0.000582531434820267,0.00242670421417246
"Os05g0465800",60.6285943465697,-3.55126659186408,1.03265064242606,-3.43898163227877,0.000583906849893939,0.00243172412071383
"Os06g0595900",679.260138170191,-0.86101704685762,0.250505538861316,-3.43711780095327,0.000587939834855719,0.00244673489519196
"Os06g0526800",412.355267352307,-1.42490642154127,0.414574809963916,-3.43703087427162,0.000588128559482662,0.00244716349881532
"Os01g0234100",156.121397747347,-1.17940577318155,0.34317530540199,-3.43674429545566,0.00058875114402214,0.00244939697638361
"Os01g0708700",454.405177616676,-1.14185972534558,0.332271606601324,-3.43652512781702,0.000589227693611462,0.00245102233845024
"Os09g0393200",1487.94446275531,-0.639483989903577,0.186091046401114,-3.43640385859934,0.000589491530968114,0.0024517625324135
"Os06g0606800",8152.57730785958,-0.468478224686109,0.136354029372932,-3.43574903389769,0.000590918090661641,0.0024569797494313
"Os02g0625300",446.530804710319,-1.72339092068882,0.501715386087415,-3.43499714873912,0.00059256006332275,0.00246344806983463
"Os03g0851000",8181.25182970238,-1.19646614521156,0.348614624901913,-3.43205952862189,0.000599016058274947,0.00248594276932249
"Os09g0308500",263.708108186541,-1.37876429001323,0.401743355475624,-3.43195294015732,0.000599251533528765,0.00248619706003562
"Os05g0134800",1861.45703097513,-1.52460885778527,0.444281456306254,-3.43162838814123,0.000599969064571463,0.00248881223356022
"Os01g0931200",1466.79819149601,-1.65816149481321,0.483259811000526,-3.43120089249756,0.00060091540738876,0.00249165156718547
"Os04g0552200",370.423785899404,-2.07657709293046,0.605490456610643,-3.42957856768632,0.000604519386148405,0.00250513957000872
"Os07g0464600",488.855411823842,-1.17729338453593,0.343315068882215,-3.42919228208954,0.000605380475935156,0.00250834378067834
"Os03g0388800",79.0657169649046,-2.41441333268405,0.704201207290636,-3.42858448364968,0.000606737663179624,0.00251214387261375
"Os02g0298900",259.981052948346,-1.22919122308191,0.358555041355036,-3.42818000393078,0.00060764241727723,0.00251511072831116
"Os03g0168900",3497.90833851124,-0.640724006633417,0.186901027263621,-3.42814598728602,0.000607718564082192,0.00251511072831116
"Os02g0771700",4019.23985932346,-1.45141409012122,0.423427874740623,-3.4277717096691,0.000608556977123906,0.00251821547622858
"Os09g0420300",1222.77882634433,-1.11361467008293,0.324893838089599,-3.42762631828006,0.000608882956139967,0.00251919917380188
"Os01g0956600",104.503021400127,-2.04252720397989,0.595937662805474,-3.42741754962148,0.000609351316211718,0.00252077158984743
"Os08g0560000",602.574062738066,-0.778094399751739,0.227030492921269,-3.42726824815366,0.000609686470771826,0.00252179258393146
"Os10g0162100",319.357549971614,-1.11377110770546,0.32502869165619,-3.42668550899374,0.000610996256047905,0.00252684397748934
"Os11g0224900",382.650386173879,-5.28608995185593,1.54279724925679,-3.42630242204696,0.000611858721870938,0.00253004423541707
"Os04g0376500",8354.98181428717,-0.542280988355976,0.158301611749505,-3.4256188699713,0.000613400457055497,0.00253568466997713
"Os10g0529300",1460.02715845465,-1.21306914965983,0.354181804245419,-3.42499003370393,0.00061482197382186,0.00254045721203983
"Os01g0509900",399.550867844831,-1.57969806225757,0.461288554265545,-3.42453340246592,0.000615856132757591,0.00254436205723443
"Os08g0439900",182.209977368428,-1.02217711579855,0.298585843102622,-3.42339444220481,0.000618442659190067,0.00255430867659113
"Os02g0653000",1586.48169941536,-1.77163760475829,0.517541788196405,-3.42317788662499,0.000618935589152407,0.00255597474779605
"Os04g0166600",979.198351208159,-1.25683471560626,0.367163831066927,-3.42308966532481,0.000619136505760778,0.00255606485687527
"Os12g0541700",943.875477665268,-1.10663502578178,0.323317492465117,-3.42275024263087,0.000619910078486759,0.00255888839917947
"Os01g0631900",735.001643026811,-1.46469955807724,0.427939218312679,-3.42268129537741,0.000620067324899115,0.00255916739761717
"Os12g0563400",2570.59410474852,-0.420550084253795,0.122880481211716,-3.42243194449418,0.000620636323582308,0.00256114547062793
"Os12g0596201",38.6636948902125,-2.24236368444062,0.655244832178146,-3.42217683272162,0.000621218970902774,0.00256317928670841
"Os05g0168700",7628.74028783858,-0.38661745552479,0.112977749748423,-3.42206723346591,0.000621469439840206,0.00256384212903582
"Os05g0125100",315.141998175454,-1.97830840192437,0.578114289635203,-3.42200225352102,0.00062161798391549,0.00256387065576892
"Os06g0611150",305.505802749175,-1.00810804530739,0.294597393231067,-3.42198562672509,0.00062165599805832,0.00256387065576892
"Os01g0159200",1314.92681256548,-2.13309741050821,0.623391637541223,-3.42176134880724,0.00062216898010771,0.00256561562672558
"Os02g0762400",1506.04909119363,-0.518100698782596,0.151426601378006,-3.42146422139701,0.000622849194463533,0.00256804960375084
"Os04g0689700",857.967599409533,-0.778615433586891,0.227584622225937,-3.42121284808915,0.00062342520409761,0.00257005329661499
"Os11g0246600",916.581521253408,-0.578491906542641,0.16911426310495,-3.42071624191531,0.000624564609846361,0.00257368932585553
"Os12g0178100",3603.05508676203,-0.631432870328556,0.1846228109263,-3.42012380355654,0.000625926425800707,0.00257813043261983
"Os05g0344400",884.065490768214,-0.75481128927349,0.220704886783102,-3.42000261197334,0.000626205344513116,0.00257890713515833
"Os03g0848600",2762.51999953537,-0.851600629825133,0.249065645864994,-3.41918142450983,0.000628098330711202,0.00258595683712975
"Os04g0324100",21.2163600734212,-5.81579936831436,1.70096714372251,-3.4191132907992,0.000628255630223421,0.00258623142617498
"Os07g0105900",63.9503878274135,-1.96273061522939,0.57421496610433,-3.41811121459482,0.00063057334933003,0.00259427582635866
"Os11g0199600",3228.12055692066,-0.413159585220336,0.120887729328277,-3.41771317499378,0.000631496187244352,0.00259769810760957
"Os02g0803900",13.9487610215494,-4.88895842081068,1.43058144539271,-3.41746248461137,0.000632078046918291,0.00259934242490069
"Os02g0131300",31413.4752521282,-0.43736597808113,0.127989040006567,-3.41721430255815,0.000632654575933281,0.00260133855019297
"Os03g0851100",11749.0729900944,-0.709457445496558,0.207632785210125,-3.41688546333655,0.000633419225744837,0.00260410750103135
"Os01g0229000",521.189488769925,-1.69945195555771,0.497380394427379,-3.41680527539539,0.000633605817095333,0.00260449948778358
"Os05g0135500",7795.61205300476,-2.50393620227488,0.732954315132196,-3.41622410917012,0.000634959676448716,0.00260968884154819
"Os05g0430700",718.371842767361,-1.59928635532326,0.468263471078566,-3.41535578600563,0.000636987498739694,0.00261670018129478
"Os05g0319100",85.2503593474894,-2.01429291183496,0.590083999112267,-3.41356978814084,0.000641177347205962,0.00263221144810111
"Os12g0514600",2288.58658467595,-0.411904027304986,0.120670979635868,-3.41344728076238,0.000641465679881282,0.00263301644615061
"Os05g0456300",26.7921556590324,-3.71994066561894,1.09020956761015,-3.41213357150536,0.000644565208605866,0.00264421806761222
"Os04g0641101",579.490214831151,-1.71449250142102,0.502482717670965,-3.41204272530564,0.000644780062691774,0.00264471937196063
"Os03g0319300",15844.7046635825,-0.903026088844443,0.264729227784384,-3.4111310504027,0.000646939893587355,0.00265319717278124
"Os04g0101800",1583.31629794398,-0.627615792447662,0.184026789514136,-3.41045884734869,0.000648536704106996,0.00265920415044928
"Os09g0427125",61.057695132859,-2.29213993178138,0.672142402703713,-3.41019986622057,0.000649152888334736,0.00266112595786683
"Os01g0348700",17942.000299003,-0.950448955158449,0.278798124731858,-3.40909378810409,0.000651790672557885,0.00267117199676845
"Os04g0548400",400.650889137579,-0.955777748217591,0.280373717485067,-3.40894202491892,0.000652153375336328,0.00267150774190588
"Os05g0370100",144.990518650415,-8.29161300425303,2.43226329511846,-3.40901127805294,0.000651987842195099,0.00267150774190588
"Os02g0187700",509.013211206928,-1.58737932140958,0.465699602484536,-3.40859067291622,0.000652993801035206,0.00267456666046046
"Os03g0228500",983.527843265035,-0.540882765720564,0.15869701798053,-3.40827302619464,0.000653754471291844,0.00267653006720516
"Os02g0234450",271.496530882994,-1.46871096204271,0.43112265164154,-3.40671258271969,0.000657503255050568,0.00268994881928672
"Os03g0833800",2162.82886910696,-0.493153983532787,0.144795413759919,-3.40586742858079,0.000659541975102125,0.0026975162827504
"Os03g0264600",198.289853798956,-1.73326877360844,0.508975285005341,-3.40540852310787,0.000660651429073488,0.0027016668182627
"Os04g0692900",727.896496116891,-0.839353591951075,0.246512002926086,-3.40491976856295,0.0006618349546174,0.00270573144437111
"Os03g0598800",23249.8020204676,-1.03484260365472,0.303950096934072,-3.4046464011465,0.000662497776811259,0.00270805334974947
"Os05g0476200",2412.8397860551,-1.45890158985096,0.428567333032202,-3.40413624045708,0.000663736392508739,0.00271233952580808
"Os07g0572600",1284.94332139404,-0.803996320064969,0.236205578283832,-3.40379903771308,0.000664556266366327,0.00271452405082433
"Os07g0602100",186.275824962759,-1.18529247090511,0.348245231415488,-3.40361436131467,0.000665005687052306,0.00271552720627506
"Os08g0512600",2885.47100132792,-1.4787625890532,0.434565463554891,-3.40285345493503,0.000666860379180035,0.00272198808284211
"Os01g0896200",728.813317028096,-1.32885073251774,0.390533463446632,-3.40265523161585,0.000667344333079485,0.0027235740124994
"Os03g0292800",8359.07497157231,-0.858793279813774,0.25242151994817,-3.40221895498494,0.000668410634624526,0.00272697470324258
"Os09g0540800",611.696756253544,-0.6734703243653,0.197987948307163,-3.40157231853559,0.000669993989768368,0.00273282487052705
"Os03g0343500",12180.3932480914,-0.911374083701913,0.267935487720868,-3.40146835887365,0.0006702488707205,0.00273347389139105
"Os05g0370900",103.426177602235,-1.97877797226736,0.581770853016949,-3.40130132337468,0.000670658585344547,0.00273475409429639
"Os08g0434632",1500.942646502,-1.11807644741626,0.328792088277716,-3.40055763894135,0.000672485566602636,0.00274102927504007
"Os06g0725550",95.3565396292193,-2.14093264776331,0.62969726854744,-3.39993954984421,0.000674007522345652,0.00274684047941666
"Os05g0100900",2624.22897643683,-0.389449405047941,0.114549183670132,-3.39984443860763,0.000674242004213463,0.00274740382130894
"Os04g0350300",2315.50720199042,-1.42804524655717,0.420071073804614,-3.39953244964779,0.000675011696658204,0.00275014756914242
"Os01g0964333",9.30468862983422,-7.3981054451688,2.17624740998018,-3.3994781159722,0.000675145824052883,0.00275030147021058
"Os02g0115700",36473.9563428201,-0.701052952287378,0.206251908170757,-3.399013170375,0.000676294596200891,0.00275450973839291
"Os03g0424500",27641.4889051962,-0.882056838794849,0.259523307285318,-3.39875769934267,0.000676926578813572,0.00275637550151991
"Os03g0214000",2752.83172229959,-0.557372685450187,0.16400140372367,-3.3985848461963,0.000677354493180545,0.00275772452622243
"Os04g0613200",512.495278830171,-1.35426878168026,0.398568765025662,-3.39782968590895,0.000679226914870295,0.00276495337393863
"Os01g0668400",269.933834821996,-1.34370785778025,0.39552375526436,-3.39728736869962,0.000680574558881048,0.00276964930263767
"Os05g0263500",497.358071417563,-0.582560742445845,0.17147656858929,-3.39731980432357,0.000680493887375585,0.00276964930263767
"Os12g0166700",1040.83276055261,-0.850037651157525,0.250281883036641,-3.3963211433609,0.000682981764444013,0.00277865329023516
"Os06g0589500",3522.3071208367,-1.79475785408716,0.528600684839694,-3.39529990323688,0.000685534632680248,0.00278784735079427
"Os01g0205900",570.733389135528,-1.92191778584654,0.566163953030779,-3.39463114095866,0.000687211189290682,0.00279386927604518
"Os01g0788200",133.646071009957,-3.14646090219909,0.927130170457557,-3.3937638990286,0.00068939100111788,0.00280153427333553
"Os08g0452100",142.428187239047,-2.19546546310672,0.647093611130604,-3.39280967288612,0.000691796872431173,0.00281011098999223
"Os05g0529600",921.719375030399,-1.01849130978778,0.300195266585953,-3.39276272198036,0.000691915449999792,0.0028101927439946
"Os09g0431200",474.324548422409,-0.657906978335435,0.193919232091189,-3.39268555903759,0.000692110371069934,0.00281058449734247
"Os02g0126600",359.150706519752,-0.960466379880383,0.283109865658207,-3.39255708255655,0.000692435028342836,0.00281150290882189
"Os02g0241200",1037.22098806341,-0.858058772908382,0.252970511056917,-3.39193200552662,0.000694016604923135,0.00281712314717377
"Os04g0652500",908.573729171867,-0.620031428438127,0.182829235603943,-3.39131444919061,0.00069558244904382,0.00282187399452911
"Os03g0609800",1830.03150569789,-0.708336768239657,0.208930060379845,-3.39030566952341,0.000698147322883668,0.00283107219553792
"Os05g0188800",378.977966112102,-0.863513513031806,0.254745439943478,-3.38971136528842,0.000699662483265676,0.00283641044203032
"Os06g0639300",206.944287075913,-1.09420427936807,0.322823904413409,-3.38947724876912,0.000700260194710843,0.00283762450281464
"Os12g0405700",5424.26168991724,-0.96851702418382,0.285764102958097,-3.38921863928389,0.000700920989513915,0.00283989903828037
"Os10g0454300",76.1460707945609,-3.09213732391666,0.912504108159438,-3.38862838672983,0.000702431364589,0.00284480716101425
"Os12g0446900",452.076241110172,-1.26927464026891,0.374621025101004,-3.38815644404018,0.000703641176282491,0.00284889840224219
"Os06g0104300",3019.20134311754,-1.28255513654107,0.378574950206686,-3.38784997750339,0.000704427831189234,0.00285127453395711
"Os06g0269300",364.462121959973,-1.57849160071599,0.466028643918811,-3.38711283375746,0.000706323319829414,0.00285773109017871
"Os12g0157000",1355.09865072444,-1.82492904551659,0.538858896150365,-3.38665475981555,0.000707503595970222,0.00286210071476389
"Os08g0424600",395.454255932739,-1.22913366008738,0.36308645309349,-3.38523690326417,0.000711168479208268,0.00287570379239564
"Os02g0317400",4997.45263691134,-0.760916579737735,0.224781127207807,-3.38514442555615,0.000711408127796338,0.00287585803707954
"Os05g0556400",2074.79522864769,-1.64642364885944,0.486364310736164,-3.38516542541414,0.000711353701759006,0.00287585803707954
"Os01g0383900",437.251502646207,-0.670076243571925,0.19795183542064,-3.38504688349082,0.000711660981571958,0.00287647282044605
"Os11g0284900",188.944891658393,-5.93054747532679,1.75211401067439,-3.38479541810417,0.000712313228821901,0.00287855583712849
"Os02g0696900",177.041659072636,-1.11136726850349,0.328370894111804,-3.38448774977326,0.000713112009966628,0.0028811138305007
"Os04g0685500",369.328435747227,-0.9517621871623,0.281219116352652,-3.38441496974472,0.000713301086147959,0.00288146988437692
"Os02g0557800",2620.62454843741,-0.765822947454003,0.226284846755855,-3.38433155570628,0.00071351784584661,0.00288193765273039
"Os05g0332300",1638.13433746953,-1.31806202326178,0.389496720717206,-3.38401314607925,0.000714345827841941,0.00288487369976236
"Os01g0192600",1355.47248100589,-1.03946740785508,0.30719449420916,-3.38374361341039,0.000715047409373082,0.00288729852215947
"Os06g0725700",404.286684145469,-1.73470712393343,0.512693128402862,-3.38351935657374,0.000715631627794597,0.0028892488237297
"Os03g0115000",1250.25707001768,-1.89062953033338,0.559110801120215,-3.38149348312604,0.000720929428702806,0.00290775888270353
"Os02g0221400",211.387482640263,-1.23786555503609,0.366078323179737,-3.38142270835393,0.0007211151667092,0.00290809710632204
"Os06g0669600",4976.38630222348,-0.480910155830106,0.1422617919101,-3.38045900710999,0.00072364868722293,0.00291790198164872
"Os01g0259400",1670.78856719371,-1.09241418056148,0.323171720723776,-3.38029013836641,0.00072409348491788,0.0029192831120757
"Os09g0248100",3394.63077112004,-1.29067262183136,0.381832698281279,-3.38020454413933,0.000724319035788911,0.00291978005331997
"Os02g0278700",55.9390281778578,-3.08413111195711,0.912492973703814,-3.37989573710207,0.000725133321334967,0.00292264974924955
"Os07g0663800",1239.48559671668,-0.963640113894301,0.285140034285799,-3.37953285412189,0.000726091285179969,0.00292606185378204
"Os02g0791400",699.663186763243,-1.85961183127738,0.550291186213796,-3.37932330712435,0.000726644997301524,0.00292750244219827
"Os03g0780600",6312.55106260361,-0.726597244708605,0.215017453428736,-3.37924774534372,0.00072684475980993,0.00292789399153467
"Os04g0676000",1399.59875814427,-0.573689211624432,0.169771041902992,-3.3791935608915,0.000726988038529951,0.0029280579330886
"Os03g0763000",1176.94187262879,-0.426597130249329,0.126250731715523,-3.37896758658451,0.000727585860196803,0.00292963898906158
"Os08g0156800",13833.2882756179,-0.92226616132512,0.272940587113853,-3.37899969761701,0.000727500881690065,0.00292963898906158
"Os11g0552600",813.156767690151,-1.23118056235696,0.36439330321415,-3.37871347112383,0.000728258675617109,0.00293152103184526
"Os08g0501900",385.614275021601,-1.22945950669653,0.363922665577605,-3.37835376300394,0.000729212054321642,0.00293494485033234
"Os04g0411400",620.395347853802,-2.03807428316181,0.603428487373158,-3.37749099654534,0.000731503477745749,0.00294292251850242
"Os05g0541900",15634.9635565745,-0.985289031649826,0.291843028599417,-3.37609240274926,0.000735232220013854,0.00295750683315607
"Os03g0796501",10266.8419228062,-0.467459186912715,0.138464402548364,-3.37602429439898,0.000735414251334805,0.00295782223335222
"Os05g0493600",67.3445021015744,-1.91140909721235,0.566216622636307,-3.37575588705401,0.000736132023913202,0.00295945809726457
"Os11g0704600",2935.0859512563,-1.08959243033369,0.322796417383689,-3.37547869696013,0.000736873966184667,0.00296202372775315
"Os03g0598002",38.5221249229865,-1.57202334414832,0.465758691340599,-3.37518842562775,0.000737651666889705,0.00296473235422413
"Os03g0290900",1570.85711010756,-1.26856720110783,0.3759051144741,-3.37470056208888,0.00073896047818275,0.00296957453037427
"Os03g0174200",1172.58785164423,-1.57957894701622,0.468071883432259,-3.37465035377374,0.000739095296403396,0.00296969821798121
"Os05g0118000",219.626006610878,-1.00996438084379,0.29944734280205,-3.37276120533628,0.000744184626916186,0.00298888504160625
"Os06g0239600",778.343220833769,-0.615226867807459,0.182420995094087,-3.37256612096729,0.000744712030451341,0.00299058247006233
"Os09g0471900",3290.87571435121,-0.479043872883506,0.142060663539825,-3.37210780906433,0.000745952426097843,0.00299514222120366
"Os07g0673100",13873.9886115416,-0.523252363264125,0.155181809707981,-3.3718666140624,0.000746605977258389,0.0029973447278289
"Os09g0422500",7113.76622508975,-2.41834984469165,0.717226717864363,-3.37180668881467,0.000746768435442502,0.00299757533698084
"Os07g0207301",1239.3150585691,-1.19055121094108,0.353199672957111,-3.3707596639979,0.000749612237491246,0.00300768463960378
"Os10g0563700",17912.8438866219,-1.29851038322815,0.385258056370779,-3.37049507922151,0.00075033246074098,0.00300934238575109
"Os11g0637800",4274.65218678944,-0.486349379794643,0.14432047362838,-3.36992643917574,0.000751882524603434,0.00301471200762473
"Os01g0937900",305.244063049945,-2.26070838829681,0.671192980770168,-3.36819432423554,0.000756622464535675,0.00303201342520094
"Os04g0689900",66.980161168013,-2.04790908459525,0.608085771962938,-3.36779641790413,0.000757715248936434,0.00303511423879337
"Os10g0569200",15458.1271434398,-0.479505118538727,0.142440571117574,-3.36635211988116,0.000761694102247429,0.00305019591113224
"Os08g0528800",412.798288513899,-0.751078745605534,0.223167065277416,-3.36554475308387,0.000763926737407468,0.0030578495011301
"Os02g0801300",1758.11661898051,-1.21783714923315,0.361985681184847,-3.36432409493916,0.000767313799493769,0.00307011565639895
"Os11g0274700",1148.40801500683,-1.32797326230406,0.394720646005155,-3.36433697032083,0.000767278000454736,0.00307011565639895
"Os02g0133100",7473.18207066503,-0.4500281838489,0.133768628464723,-3.36422813789692,0.000767580649746854,0.00307075291750164
"Os06g0253600",268.386012011266,-1.47498049726847,0.438461084628276,-3.36399408973535,0.000768231883776199,0.00307249697218829
"Os04g0641400",6462.64038499793,-0.547039058570327,0.162645413386838,-3.36338447656832,0.000769930528333625,0.00307756574719997
"Os07g0595900",318.620135225521,-1.56351663081479,0.46502626969133,-3.36221141195444,0.000773209005915817,0.00308894021901485
"Os02g0638200",415.352669551252,-1.59543414822975,0.47485627117566,-3.35982537259062,0.000779917529358966,0.00311138587813031
"Os07g0222300",8043.90504631836,-0.529012631459298,0.157449515404477,-3.35988732706036,0.000779742658747329,0.00311138587813031
"Os11g0522000",658.591110016403,-0.795081234345757,0.236650301292369,-3.35973049687132,0.000780185392949963,0.00311201954393009
"Os01g0848700",532.518879069789,-1.43801448376593,0.428068280263181,-3.35931100263215,0.000781370779213163,0.00311587699383355
"Os04g0225100",7.35170974204751,-6.82610354489327,2.03243204492898,-3.35858882068147,0.00078341540285162,0.00312359397387856
"Os10g0521000",434.955218581373,-1.3340519141992,0.397229083977294,-3.35839435733627,0.000783966810712442,0.00312448319533314
"Os11g0585700",3225.30905259067,-0.642555455319665,0.191356116642212,-3.35790392590942,0.000785359047130893,0.0031295949520179
"Os07g0627000",3197.06305024502,-0.868430130728396,0.258679126347813,-3.35717126847231,0.000787443190189817,0.00313662597627343
"Os08g0554900",3987.04880643538,-0.65584388543868,0.195413922772618,-3.35617788197116,0.000790277211842584,0.00314655778139695
"Os05g0219800",271.757466969757,-1.75827216652764,0.52391955157783,-3.35599647165761,0.000790795776521661,0.00314818335356127
"Os05g0490300",1092.57698088602,-0.517740163090509,0.15428068352236,-3.35583270225447,0.0007912641855659,0.00314945271688062
"Os08g0464950",105.289412984614,-2.96088719264784,0.882317262791966,-3.35580784544387,0.000791335302882139,0.00314945271688062
"Os04g0591300",40.928576784841,-2.51134415478273,0.748382196951071,-3.35569734958155,0.000791651512157708,0.00314983283566066
"Os02g0197400",602.773585125528,-0.580001771015324,0.172857727891381,-3.355370790132,0.000792586722564903,0.00315267494549785
"Os08g0402500",188.023629053579,-2.29317965586835,0.683446043082898,-3.35531923708893,0.000792734455342872,0.00315282322604249
"Os05g0594900",6314.88179797497,-0.475991806373825,0.141866912087845,-3.3551995977687,0.000793077397777931,0.00315374773504782
"Os10g0161800",1425.21244414403,-0.56985497101349,0.169877876737569,-3.35449784255201,0.000795091731615918,0.00316131750762568
"Os07g0243200",616.626703747208,-1.39252157377183,0.415288458388253,-3.35314296760437,0.000798994234903855,0.00317506493680852
"Os11g0153900",1009.04065046162,-0.841840501815981,0.251071485828109,-3.35299127672479,0.000799432261283674,0.00317592128964248
"Os02g0714200",8082.53088156357,-1.48497816104742,0.442972522868998,-3.35230309868808,0.000801422261695233,0.00318249819669292
"Os01g0540300",9.51221523083242,-7.11736383105115,2.12386026763044,-3.35114505390314,0.000804781352720465,0.00319494839110611
"Os01g0298301",126.243662375649,-1.75869795772292,0.524859002806999,-3.35080078329079,0.000805782480314933,0.00319847797498393
"Os01g0191100",22349.0604051225,-1.07992314343102,0.322436731482633,-3.34925595624701,0.00081028903017072,0.00321457819001988
"Os10g0390600",165.641664428393,-1.68466823774255,0.503151908682492,-3.34822984603967,0.000813295299910185,0.00322605628691444
"Os02g0734800",484.389779993747,-0.923841642566317,0.275953940020319,-3.3478110241814,0.000814525324271676,0.00323048643268177
"Os01g0711400",9839.27186327548,-0.643886263066315,0.192398392801143,-3.34663015471141,0.000818002681847671,0.00324371078817528
"Os07g0106000",341.477037746527,-1.5222380212339,0.455153270247307,-3.34445146446338,0.000824454540035859,0.00326578273532939
"Os05g0452800",812.805513332943,-1.12598301343973,0.336787543445624,-3.34330362079298,0.00082787266138916,0.00327886738541587
"Os02g0824900",421.383936996977,-0.994656274278097,0.297529779035548,-3.34304780349149,0.000828636239599943,0.0032814362962182
"Os02g0120800",5868.57617677969,-1.2143790380216,0.363332847064224,-3.34233210081041,0.00083077598240492,0.00328899717638919
"Os09g0353700",174.814175162364,-1.50646525146932,0.450773484251029,-3.34195622436033,0.000831901795363621,0.00329299748257651
"Os02g0190700",42.7316346058588,-2.65938547075635,0.795867335911348,-3.34149342579952,0.000833289898576773,0.00329735611060971
"Os07g0184300",2581.49900150543,-0.963076321523627,0.288217497546707,-3.3414915115192,0.000833295644667278,0.00329735611060971
"Os04g0664400",199.929836956619,-1.7166151808293,0.513755165178941,-3.341309824557,0.000833841181293984,0.00329838728919838
"Os05g0497150",1261.2283628864,-1.47694269268682,0.442076687340991,-3.34091965258416,0.000835013838701285,0.00330211069713071
"Os04g0545250",196.398442665839,-2.77612182320219,0.830980938904121,-3.34077677745928,0.000835443630771131,0.00330335267997384
"Os03g0588100",17.4024787955405,-7.60627769512227,2.27711721309575,-3.34031013044845,0.000836848812392143,0.00330845048489215
"Os06g0677800",4830.4059934607,-0.457782128672652,0.13706974649053,-3.33977511736538,0.000838462557456458,0.00331437131145785
"Os07g0681700",1409.01382268606,-0.743645643763228,0.222696477918688,-3.33927887281069,0.000839961945921606,0.00331891940536909
"Os04g0349500",40980.3138282348,-0.830904585418155,0.248833966390021,-3.33919278574614,0.000840222308484,0.00331948866067367
"Os02g0725000",1083.92149412017,-1.09890490556983,0.32923720983097,-3.33772997934836,0.000844657893031902,0.00333521365272424
"Os08g0347200",1599.85121193118,-0.363128852990673,0.108795285218679,-3.33772600771056,0.000844669965510914,0.00333521365272424
"Os01g0668600",245.358113205493,-1.05186653023755,0.315207017694443,-3.3370657098035,0.0008466792815398,0.00334268511926308
"Os04g0127800",28.481625952471,-3.75480685399751,1.12533475794718,-3.33661324106524,0.000848058722844351,0.00334766812126527
"Os01g0267100",6250.90893585634,-0.52474003033145,0.157280842652912,-3.33632514602843,0.000848938123881609,0.0033502900002469
"Os07g0194500",193.319541916486,-1.18275126378853,0.354560653921131,-3.33582209618673,0.00085047569566115,0.00335442562621969
"Os06g0225900",2047.64180156617,-0.530717565977043,0.159099973763745,-3.33574892202767,0.00085069956751062,0.0033548450476683
"Os07g0406800",1205.90625646374,-1.31211995039308,0.393406380491088,-3.33527877396184,0.000852139260809933,0.00335959434538104
"Os07g0462200",5504.55635328099,-1.48618814003629,0.445709289791909,-3.33443384303287,0.000854732299772275,0.00336842175406597
"Os04g0495500",853.777483803348,-1.53197618265994,0.459464499994424,-3.33426452463365,0.000855252806420111,0.00336954259578408
"Os02g0678400",5429.76770719163,-0.872654481003073,0.261740482180044,-3.33404475201813,0.000855928854242397,0.00337174071425545
"Os05g0588100",96.8114471024433,-7.67754539462452,2.30286160995136,-3.33391523027156,0.000856327511257928,0.00337238030923652
"Os10g0398600",27.5993491061106,-3.17905991478806,0.954181232238118,-3.33171499017151,0.000863126026057443,0.0033982164534874
"Os12g0581300",849.414114318801,-0.902019235240691,0.270756710913551,-3.33147508033031,0.000863870341109474,0.00340067783983296
"Os01g0937800",49.5529084732485,-2.79114619465474,0.837831685945546,-3.33139249980115,0.000864126683062894,0.00340121787663365
"Os02g0195000",1091.63092244737,-0.790928599809656,0.237453688270565,-3.33087519326479,0.000865734083149433,0.00340613558503341
"Os02g0727300",2058.37907454111,-0.655225076573717,0.196715127403625,-3.33083217961835,0.0008658678620192,0.00340619242743606
"Os09g0295300",9.4497883139738,-7.16610021594609,2.15151365619301,-3.330724950464,0.000866201444175368,0.00340703514159318
"Os02g0826200",1035.21886375867,-0.949768007870194,0.28516602643101,-3.33057910073299,0.00086665536343024,0.00340835088092488
"Os03g0129400",2151.17754792062,-1.39178973204213,0.417963143152708,-3.32993412180755,0.000868665337690868,0.00341531451777522
"Os09g0402533",11.1118549882626,-7.18559440012396,2.15849246034579,-3.32898749109961,0.000871623190048839,0.00342552834045905
"Os02g0770800",2517.42709797228,-0.588826444352657,0.176890454478938,-3.3287632511723,0.000872325219187966,0.00342734357281504
"Os04g0115500",1260.73346482267,-0.90639036848177,0.272304263749829,-3.32859411013295,0.000872855096757011,0.00342848161302217
"Os12g0616900",3449.05059170611,-1.13774572457163,0.341870920700867,-3.32799795384512,0.000874725089254661,0.00343535401041346
"Os07g0680300",7441.98939074836,-0.908858408944182,0.273115490347842,-3.32774390711656,0.00087552309812195,0.00343801503821612
"Os02g0829000",181.197157597803,-1.80451881922842,0.542311308487506,-3.32745932269269,0.000876417833189739,0.00344058184989244
"Os06g0513943",5063.45851179024,-2.60367104988842,0.782715764494803,-3.32645791485871,0.000879573009462766,0.00345249339687915
"Os11g0688200",9.15046707598712,-6.89017513400637,2.07177805350839,-3.32573034178946,0.000881872004821381,0.00346004422448578
"Os09g0469600",2583.22959620852,-1.59321658926134,0.479168283893023,-3.32496252948377,0.000884304189128857,0.00346820263458287
"Os03g0687000",6821.9014438261,-0.61392148384062,0.18468904961725,-3.32408166652495,0.000887102140354639,0.00347869810334975
"Os07g0484500",688.881191764448,-1.03295819370719,0.310766194805271,-3.32390784768096,0.000887655222755145,0.00347958005970691
"Os07g0675100",338.890238882839,-1.30584844338497,0.392869882697036,-3.32387006715906,0.000887775480667088,0.00347958005970691
"Os07g0686100",122.33845535971,-2.00281940870697,0.602655638447777,-3.32332310681687,0.000889518184676337,0.00348449151366182
"Os04g0534400",1462.64287966327,-0.683135836489589,0.205593106301231,-3.32275653002038,0.000891326733192255,0.00349094817127329
"Os09g0110100",1229.6436086239,-1.31442922473668,0.395611321297014,-3.32252681856351,0.000892060957138913,0.0034932917102602
"Os05g0462500",1122.80122919597,-0.800774953270366,0.241027219701959,-3.32234240705493,0.000892650795056086,0.00349402164484877
"Os07g0124500",6645.11011679119,-0.290355763349168,0.0874190239984019,-3.32142536108017,0.000895589327642336,0.00350475757721728
"Os01g0545100",118.45193724147,-2.85601285877712,0.860521201484544,-3.31893375067345,0.000903618645929698,0.00353380090372286
"Os06g0731900",1588.33576827902,-0.873128670919567,0.263075329037708,-3.31893026272493,0.000903629932604861,0.00353380090372286
"Os11g0163600",1292.25479873872,-0.656518248862535,0.197826392129232,-3.31865855610235,0.000904509551448938,0.00353675625158336
"Os02g0125800",1009.08203911445,-0.49834910783888,0.150172818611896,-3.31850405716101,0.00090501007779461,0.00353774413319219
"Os01g0882200",361.13932424181,-0.681976010876321,0.205567477752922,-3.31752871772843,0.000908175790510057,0.00354758667631526
"Os03g0164800",386.181536723674,-0.920511851074561,0.277463983492863,-3.31759041114696,0.000907975245150708,0.00354758667631526
"Os04g0320200",3942.65429556287,-0.551523669377655,0.16624662668005,-3.31750291955751,0.000908259664195133,0.00354758667631526
"Os03g0804800",8828.24738800499,-0.583251931667466,0.175838578336214,-3.31697365382615,0.000909981970852476,0.00355376499475189
"Os04g0566500",9652.6788025104,-0.491884108297478,0.148294721934308,-3.31693604385578,0.000910104474202506,0.00355376499475189
"Os06g0711900",671.014650221823,-1.67973501591761,0.50648949189977,-3.31642619004228,0.000911766680781849,0.0035597685865459
"Os02g0156300",11.2414418909869,-7.49294706032642,2.25948713009384,-3.31621586178949,0.000912453204511107,0.00356196174364948
"Os06g0189600",1495.34094883764,-0.712088123495797,0.214734628804565,-3.31613083301941,0.000912730879344522,0.00356207140005606
"Os06g0643500",3980.89393045936,-1.45454168150692,0.438626088509568,-3.31613125532362,0.000912729500050158,0.00356207140005606
"Os12g0571300",92.4295909864455,-2.46805293971894,0.744662436385621,-3.31432447660199,0.000918648354538242,0.00358222658906278
"Os05g0134000",5685.94700955366,-0.473362982956706,0.142842076576303,-3.31389037671857,0.00092007571850288,0.0035868125251224
"Os10g0437600",2165.29716248886,-0.671520941971461,0.202651291812773,-3.31367708522614,0.000920777795005812,0.00358905931730792
"Os11g0206400",287.718720870908,-1.16715274339761,0.35233425970481,-3.31262916179502,0.000924234386873382,0.00360204073442297
"Os04g0183300",1326.01065745847,-0.865404107261033,0.26157856286006,-3.30839078630465,0.000938337750070167,0.0036550099260375
"Os01g0891300",761.891283318187,-1.43686211219968,0.434335299967955,-3.30818635350545,0.000939023022607587,0.00365679096040816
"Os03g0850700",248.336336952067,-1.28484089250773,0.388520639441837,-3.30700807646559,0.000942981732030297,0.00367109527537818
"Os05g0245300",1201.69299548614,-1.25409334881116,0.37923075747231,-3.30693996755453,0.000943211032535777,0.00367148721024154
"Os09g0429350",160.523652764059,-0.958221246147181,0.289777657548783,-3.30674646987188,0.000943862758023168,0.00367352312039996
"Os05g0517900",2139.10431036172,-0.7690812369306,0.232591974605272,-3.30656824353375,0.00094446341667564,0.00367535974990995
"Os04g0498000",331.753488923158,-1.29063680120316,0.390360121986091,-3.30627215361191,0.000945462082183938,0.00367824310670006
"Os10g0140700",492.363427997118,-1.14134779998892,0.345212846853414,-3.3062147321347,0.000945655869156607,0.00367849565674655
"Os03g0205800",103.390692511291,-2.61080437768513,0.789805067005715,-3.30563133455593,0.000947626816168985,0.00368515801644789
"Os09g0277800",1305.20827655087,-1.1986884069287,0.362638174988455,-3.30546668719272,0.000948183747974144,0.00368682153687154
"Os06g0538000",8241.24182434775,-0.545256659026824,0.164977235485643,-3.30504179817144,0.000949622367406318,0.00369191240196758
"Os03g0659700",77.2137473907489,-1.82676471404063,0.552774349715023,-3.30472047949113,0.000950711653392843,0.00369564393768832
"Os07g0512100",690.454759813795,-1.54421041758875,0.467373909797635,-3.30401501927518,0.000953107259138593,0.00370445174358006
"Os01g0303200",1591.68248132285,-0.473309125340637,0.143275527779911,-3.30348896754857,0.000954897266428023,0.00371090368589809
"Os03g0253200",343.725463066801,-1.80521835675825,0.54664274666857,-3.30237320033948,0.000958704222033017,0.00372468399533285
"Os01g0679700",21267.2168729547,-1.01157193766499,0.30633877355117,-3.30213484221587,0.000959519311109068,0.00372683619761835
"Os02g0754800",2096.90623291941,-0.534529161443074,0.16188647909547,-3.30187650277972,0.000960403453024396,0.00372976274328277
"Os03g0789466",163.234053129355,-6.40213975724727,1.93955985988639,-3.30082091801089,0.000964023936699158,0.00374331373270858
"Os04g0674300",736.345485304573,-0.937464443266896,0.284028960958015,-3.30059455945928,0.000964801953728724,0.00374582521317093
"Os10g0516600",402.266827515512,-0.926867038852856,0.280825298465786,-3.30051118583884,0.000965088663729409,0.00374642877974871
"Os02g0797700",5824.33183998698,-0.523715819564215,0.15868615263595,-3.30032463995582,0.000965730454258086,0.00374841040064493
"Os01g0758500",347.930916860318,-1.64441158366926,0.49836735172783,-3.29959733110149,0.000968236456706945,0.00375711547311624
"Os07g0134400",684.566927968824,-0.593069400757451,0.179784646406635,-3.29877668984065,0.000971071274089374,0.00376760343178022
"Os06g0195800",146.191101411498,-1.05602918851309,0.320131382783341,-3.29873684776414,0.000971209099724104,0.00376762605905475
"Os03g0647500",1380.57468051953,-0.659487615276737,0.199931168337177,-3.29857330781229,0.000971775023043295,0.00376930918028915
"Os08g0386700",1642.52480599037,-0.56468866290924,0.171195540357067,-3.29850101078249,0.000972025301288437,0.00376976769021429
"Os02g0186700",1689.71943551404,-0.690781869051668,0.209430698982725,-3.29837923669752,0.000972446994419983,0.00377089077689498
"Os06g0571400",20492.489650097,-0.874012528719921,0.26503277188385,-3.29775266095378,0.000974619451831189,0.00377880163448376
"Os12g0616200",6710.69567395955,-0.415359262761757,0.125960224408844,-3.29754305147613,0.000975347210447204,0.00378110970732106
"Os03g0174300",1088.594941875,-0.362166794549191,0.10983643136435,-3.29732849156222,0.000976092678015486,0.00378348579593618
"Os12g0623600",4826.63727248291,-0.637773624761171,0.19343213818814,-3.29714405648997,0.000976733901410628,0.00378545722768024
"Os08g0551500",208.419667964586,-1.56035126729874,0.473410988225183,-3.29597602528935,0.000980803848635738,0.0037996830965606
"Os04g0430400",103.287008842242,-1.50855945384967,0.457743947083357,-3.29564041963172,0.000981976150951774,0.00380216050634393
"Os12g0407350",8.29155899562586,-7.08881931106591,2.15095884707462,-3.29565547974429,0.000981923516761196,0.00380216050634393
"Os01g0756300",48.3528035672001,-2.06605360311015,0.627009275748029,-3.29509256564877,0.000983892644821605,0.00380854782394737
"Os06g0226700",352.356038720063,-1.73915579281486,0.527820775259946,-3.29497411684552,0.000984307455574591,0.00380963688297236
"Os01g0971500",11192.3512937907,-0.682307153692931,0.20709769120396,-3.29461496999965,0.000985566187121279,0.00381295760981157
"Os09g0501200",9902.30780644796,-1.26976307203866,0.385405215283045,-3.2946182918312,0.000985554537998744,0.00381295760981157
"Os01g0788700",320.30223695912,-1.80392692864737,0.547563512337654,-3.29446153368778,0.000986104402258822,0.00381452284294292
"Os06g0178650",84.402724752107,-1.8810951856939,0.571150787437002,-3.29351762629126,0.000989421377848959,0.003826835204515
"Os04g0667900",707.391551023416,-0.83067766232678,0.252230810895528,-3.29332352133158,0.00099010475946995,0.00382845910867885
"Os12g0104400",2150.00491052177,-1.60720815801603,0.488044157119744,-3.29316135552401,0.00099067602856778,0.0038301309168954
"Os01g0294500",3563.02275828998,-1.27506838963365,0.387191757322079,-3.29311863055237,0.000990826588614386,0.00383019422337609
"Os02g0196900",847.227289630087,-0.486095326931412,0.147649588910364,-3.29222269102635,0.000993988705974022,0.00384029945053195
"Os02g0780550",3271.36593461158,-0.442155111231264,0.134319481719512,-3.29181668638791,0.00099542472753303,0.00384380457558209
"Os09g0316000",998.37093534295,-1.64781298288518,0.500641755607659,-3.29140141513992,0.000996895511490206,0.00384896327336351
"Os02g0693400",1065.32006962279,-0.875284320081959,0.265988947628026,-3.29067928531378,0.00099945790171611,0.00385781289338535
"Os02g0658000",65.0154505101281,-2.90309040508016,0.882355542865905,-3.29015942445476,0.0010013063382953,0.00386390267950535
"Os06g0698900",1800.18651234278,-0.433711523585712,0.131820249981854,-3.29017373010152,0.00100125543028875,0.00386390267950535
"Os04g0376700",925.496800616008,-1.2620452763679,0.383589213603903,-3.29009584109708,0.00100153263472427,0.00386423438864874
"Os02g0105900",35455.3770869247,-1.03986151268762,0.316089576237892,-3.28976844179451,0.0010026986153576,0.00386718406658119
"Os02g0739700",1248.41381064556,-1.43777996280962,0.437071079627428,-3.28957926942963,0.00100337289537842,0.00386873914976112
"Os06g0177250",27.0949681374427,-2.63829698828122,0.802250393678376,-3.28862037223122,0.00100679721937956,0.00387984606857975
"Os02g0776900",698.912782149858,-1.79583043434984,0.546153401908241,-3.28814290650808,0.00100850633184691,0.00388590776677083
"Os06g0726800",2319.59075758038,-1.2710850460227,0.386680932414735,-3.28716763478628,0.00101200571449956,0.00389728698255199
"Os05g0354400",3058.37689062073,-0.689867963952621,0.210009043295317,-3.28494408206279,0.00102002613326064,0.00392552594685072
"Os09g0296400",1209.54792685092,-0.597023771181004,0.181796631831644,-3.28401997972045,0.00102337667054247,0.0039368279897526
"Os05g0541100",592.313285247506,-1.17690582726867,0.358412244180321,-3.28366523850273,0.00102466556664484,0.00394125507806364
"Os06g0653200",120.769479729917,-2.23182435887775,0.67973575867802,-3.28337053095205,0.00102573748226187,0.00394484649604996
"Os12g0567700",30364.3958689968,-0.915576851388893,0.278885331601386,-3.28298676065738,0.00102713489415763,0.00394968859205651
"Os01g0833500",937.446805632145,-1.4548080180935,0.443249073199682,-3.28214565140922,0.00103020376607742,0.00396042239716013
"Os01g0101800",466.152469704223,-1.45196530766137,0.442451321945458,-3.28163853432978,0.00103205813196915,0.00396648274120471
"Os02g0108000",27.3401220840393,-4.81351154731795,1.46690018281545,-3.28141723868307,0.00103286830746582,0.00396906205819928
"Os04g0335400",230.036981775709,-0.940276925056774,0.286625174278729,-3.28051060910093,0.0010361936770284,0.00398130465972522
"Os11g0672400",52.7056228688349,-1.88923332410185,0.575903771503077,-3.28046701130478,0.00103635383603488,0.00398138410441178
"Os01g0338100",323.934943703347,-0.925294004923747,0.282111513225481,-3.27988742587827,0.00103848515401283,0.0039890351549108
"Os02g0747400",269.320014256139,-1.13307786891636,0.345473113182996,-3.27978596793484,0.00103885866368995,0.00398993295161004
"Os07g0633000",319.370785916448,-0.813241664087898,0.247967093446001,-3.2796354257586,0.001039413102303,0.00399152530500966
"Os02g0736100",2368.4860117787,-0.650609062824352,0.19850980726119,-3.27746559125067,0.00104743495994649,0.0040196267137285
"Os03g0750300",2438.1928674413,-0.793948322340497,0.24224235084565,-3.27749594391271,0.00104732235247577,0.0040196267137285
"Os01g0729500",297.880302943506,-1.50014582036549,0.457733125319316,-3.27733724606228,0.00104791124061582,0.00402091389328376
"Os02g0581200",458.810037165564,-1.43213567777342,0.437007748532082,-3.27714023969596,0.00104864270834077,0.0040231797670536
"Os06g0656300",209.521948251349,-1.33750612814539,0.408183049554201,-3.27673118618267,0.00105016299797981,0.00402792967137003
"Os07g0659800",508.153718103228,-1.44336594351048,0.440548653572412,-3.27629180524379,0.00105179827417045,0.00403257621731651
"Os11g0421800",78.1921471932715,-3.49373869084139,1.06648680298187,-3.27593241760986,0.00105313758474188,0.00403716884486601
"Os09g0396300",1241.81091424267,-0.590792033104874,0.180347366593775,-3.27585616725754,0.00105342194565642,0.00403771666668683
"Os03g0116400",4057.4979232052,-1.27807049354438,0.390192306832388,-3.27548870432598,0.00105479332382389,0.00404188758695516
"Os05g0490500",585.168496454265,-0.669550601811371,0.204432610590957,-3.27516534605653,0.00105600146870935,0.00404597394937447
"Os06g0163900",2522.38237399676,-0.744601848903916,0.227371130639,-3.27483021618136,0.00105725494610251,0.00405014530252107
"Os02g0753400",452.926392145448,-1.42356307955701,0.434707855485045,-3.274758119953,0.00105752478557573,0.00405017945518229
"Os01g0104350",245.204373963521,-1.02079930964166,0.311758256050501,-3.27432967637688,0.00105912966544006,0.00405578175078095
"Os05g0516800",1777.80477994661,-1.03324640663481,0.315603009564157,-3.27388008137727,0.00106081619773923,0.00406169517750082
"Os01g0706850",259.578604132788,-1.75024752470854,0.534649444409971,-3.27363573086675,0.00106173385342433,0.00406411842726888
"Os03g0782500",578.720913087263,-1.17508800657859,0.358987340502952,-3.27334107362186,0.0010628414122329,0.00406781245250415
"Os12g0141100",116.28391979781,-1.84306723696168,0.563126962927109,-3.27291598218189,0.00106444113099332,0.00407284284759696
"Os02g0740300",1203.95521285368,-0.580734339581704,0.177463019048784,-3.27242454622087,0.0010662932956766,0.00407824506554064
"Os02g0129800",518.33460659359,-1.00957183941287,0.308551178773246,-3.27197531192971,0.00106798901511685,0.00408368097086343
"Os12g0244200",1366.39790845243,-0.909861159809483,0.278090730871471,-3.27181404773252,0.00106859834544734,0.00408546359127364
"Os01g0138500",142.93321302591,-1.13235064714798,0.346223453323693,-3.2705775310066,0.00107328117219204,0.0041006207708539
"Os03g0773700",1788.99542347557,-0.804093846209718,0.245865336418215,-3.27046446613345,0.00107371030733296,0.00410116245316634
"Os01g0622500",13.4834981588539,-5.95042211888776,1.81963082232095,-3.27012603100334,0.00107499577889059,0.00410497384784654
"Os11g0470500",501.328316551526,-1.37487374708713,0.420494972280096,-3.26965561474375,0.00107678491646439,0.00411125583942744
"Os04g0629600",154.807522267536,-6.18852410590134,1.89294985904902,-3.26924882680746,0.00107833427626042,0.00411607028370922
"Os05g0159300",2107.85836089121,-1.38142008541499,0.422557671193739,-3.26918709465724,0.00107856957966362,0.00411641798127002
"Os02g0254600",1331.00223001916,-1.09440794358354,0.334804550634257,-3.26879650085484,0.00108005950077546,0.00412045153570366
"Os12g0592500",23.74782095418,-3.07412856774038,0.940440187259789,-3.26881880356223,0.00107997437581741,0.00412045153570366
"Os08g0390100",674.495530908557,-0.76967256865261,0.235466759665638,-3.26871007077832,0.00108038944566223,0.00412115947306998
"Os02g0803800",7.41220739436416,-5.76379030814512,1.76339663584102,-3.26857281623211,0.00108091360341516,0.00412260794974377
"Os01g0191300",1228.79734185968,-0.554145342445779,0.169547520721596,-3.26837773909833,0.0010816589830455,0.00412434865242465
"Os10g0351500",401.882082561126,-1.51523692732259,0.463820320140706,-3.26686188923961,0.00108746718746106,0.00414428082762198
"Os04g0538800",4866.08231084269,-0.342282732812054,0.104793328614188,-3.26626453552418,0.00108976395015483,0.00414970947081369
"Os02g0665600",354.159235957743,-0.820043469536711,0.251077780272323,-3.26609335420792,0.00109042295099668,0.00415166502777768
"Os02g0108100",50.034922702246,-1.97338030693111,0.604238467374099,-3.26589651848388,0.00109118116977712,0.00415289004134907
"Os04g0406300",84.0778899970032,-2.1219451940146,0.6498465776486,-3.26530179122068,0.0010934750453775,0.00416051075649899
"Os06g0634600",3434.68617005692,-0.241670428735239,0.0740164532917512,-3.26509063846446,0.00109429053819801,0.00416305865951274
"Os02g0258250",1101.85015229343,-1.61061877062461,0.493304968286399,-3.26495550251488,0.00109481274172688,0.00416449025850906
"Os02g0302500",198.969205161139,-0.815623031117716,0.249893899841855,-3.26387731606847,0.0010989874211097,0.00417831860868259
"Os04g0674800",1873.73332624414,-1.16122908756275,0.35578338710697,-3.26386540137586,0.00109903363628044,0.00417831860868259
"Os07g0634000",31.5215148994775,-2.31698819126019,0.710028556292267,-3.26323240203096,0.00110149152436448,0.00418654781244471
"Os01g0941200",913.658503504223,-1.2227312588114,0.374774132507429,-3.26258178661027,0.00110402311086225,0.00419449430007349
"Os04g0599700",793.798002446126,-1.08912050220155,0.333820870299227,-3.26258960749006,0.00110399264739215,0.00419449430007349
"Os09g0397400",1434.5665200989,-0.528069487445558,0.161855962772993,-3.26258902297093,0.00110399492415276,0.00419449430007349
"Os03g0337800",36915.6059233694,-0.735476279209497,0.225443983682309,-3.26234600363483,0.00110494188507259,0.00419725906914814
"Os07g0140633",110.659593937993,-1.2372984193103,0.379344727254642,-3.26167290702776,0.00110756862853637,0.00420572554648691
"Os02g0158500",960.747958378117,-1.68563300923237,0.517214899091787,-3.25905733224679,0.0011178307561663,0.00424130813558564
"Os06g0725000",4789.36227553429,-0.392594205830206,0.120490695124564,-3.25829480379658,0.00112083902219264,0.00425102697973251
"Os09g0562700",398.28405548248,-1.10390662928915,0.338818676277447,-3.25810442747023,0.0011215912463427,0.00425331480478358
"Os02g0670400",5069.38728446959,-0.99825327715022,0.306410389056996,-3.25789631422886,0.00112241408743345,0.004254546408629
"Os06g0715300",110.319100990971,-1.77830110218215,0.545847526824535,-3.25787150218928,0.00112251222685626,0.004254546408629
"Os10g0462100",338.764205348244,-0.962243322204566,0.295399645062545,-3.25742883679102,0.00112426444165746,0.00426062190954203
"Os01g0229600",717.753401288876,-0.874075540170767,0.268360277091413,-3.25709732321161,0.00112557833674854,0.00426446881393023
"Os01g0303600",500.477816982853,-0.948779049613172,0.291319789321532,-3.25683006919244,0.00112663858386059,0.00426791927507853
"Os06g0536200",113.322958986245,-1.63812949303244,0.503248471220017,-3.25511071908703,0.00113348167724746,0.00429196059142852
"Os01g0652000",19.6666553626989,-2.86979465579446,0.881826641334408,-3.25437509060942,0.00113642123275135,0.00430098218876352
"Os01g0337900",2888.51322772719,-0.487720149616294,0.149874741815596,-3.25418508621272,0.00113718163054287,0.00430328946867503
"Os05g0412800",857.2308340152,-1.62957537329013,0.500808496715849,-3.25388922906938,0.00113836658754008,0.00430663166000582
"Os05g0296800",29.9575373034876,-3.45380331495716,1.06160373023759,-3.25338279866838,0.00114039757477411,0.00431260047354959
"Os07g0520600",691.407842112323,-1.00120438582753,0.307762824822787,-3.25316869054614,0.0011412572404296,0.00431470816832084
"Os09g0498800",3648.75174434159,-1.38977651179509,0.427287967425479,-3.25255241838158,0.00114373497979217,0.00432293051684161
"Os01g0939600",604.782002004879,-1.25792233060844,0.386894475951215,-3.25133184575903,0.00114865700865957,0.00433866159258683
"Os02g0102000",43.1388879695415,-1.59792511292038,0.491505131808545,-3.25108530818518,0.0011496535591004,0.00434185117636435
"Os04g0381100",1127.96570028499,-0.636855488798118,0.195894291956688,-3.25101605787945,0.00114993362535991,0.00434233435669709
"Os08g0484100",426.523171226276,-0.647426354252013,0.199161821550501,-3.25075533659871,0.00115098861580809,0.00434574326053254
"Os06g0216100",24.7406597475347,-5.58245468289848,1.71776517877013,-3.24983574698804,0.00115471681723067,0.00435809028573743
"Os03g0818200",917.134205400687,-1.10518204992558,0.340091750075731,-3.24965851032693,0.00115543665196257,0.00435965416967875
"Os01g0210300",119.504318041147,-1.97218498555457,0.607051318876164,-3.24879449929486,0.00115895171705016,0.00437233912390692
"Os03g0361500",164.732700993838,-1.6469214947156,0.506964730489529,-3.24859185593705,0.00115977756265535,0.00437487653606904
"Os02g0764400",39.627883137686,-2.7619508065352,0.85030298973536,-3.24819604291266,0.00116139221396092,0.00437980966512094
"Os09g0453200",256.006300571493,-6.86221685590525,2.11284021346914,-3.24786361607437,0.0011627498970084,0.00438435047030487
"Os04g0517000",952.145824387192,-1.56658783099412,0.482350753040184,-3.24781877320634,0.00116293315450922,0.00438446228534028
"Os02g0655800",1136.00829313213,-1.09657788151021,0.337704423758967,-3.24715284835262,0.00116565770541703,0.00439415392808027
"Os12g0125300",520.22608692316,-1.2206535571388,0.376367209767921,-3.2432516049724,0.00118173803150196,0.00444948296678433
"Os10g0391300",618.638488652544,-1.43288853814373,0.441847743612013,-3.24294637431022,0.00118300475154474,0.00445294111563434
"Os01g0810000",1854.58209618896,-0.388159377060756,0.119704504533821,-3.24264636967847,0.00118425100578121,0.00445659336967948
"Os02g0652300",2685.82970526914,-0.561784849574218,0.173265669806776,-3.24233213769765,0.00118555766270904,0.00446092247882504
"Os11g0133900",559.053798848333,-0.866008546554286,0.267099158847276,-3.24227358218473,0.00118580129869559,0.00446125112296915
"Os11g0218100",620.34479992351,-0.867518285199208,0.267570625064767,-3.24220300710969,0.00118609500678651,0.00446163382532068
"Os05g0589700",175.257389871798,-1.22776957475036,0.378848475136057,-3.24079323352015,0.00119197607725816,0.00448014632611219
"Os07g0663300",44.2578035761354,-2.17140306798903,0.670078083236352,-3.24052244404348,0.00119310879377223,0.0044834251460551
"Os03g0291700",249.192400356226,-1.16392015181782,0.359325665306744,-3.23917900722237,0.00119874313030794,0.00450222683046184
"Os01g0926400",1833.55588354582,-0.994266326210463,0.306968422955109,-3.23898568015207,0.00119955595881256,0.00450238712930502
"Os03g0856300",1400.11392253682,-1.58855785914666,0.490449843407007,-3.23898127505033,0.00119957448564899,0.00450238712930502
"Os09g0314333",608.284802540152,-1.41882987613856,0.43804790393312,-3.2389833700818,0.00119956567439949,0.00450238712930502
"Os11g0618800",40.7241376234868,-2.8631814304165,0.88395808166338,-3.23904661296691,0.00119929971663842,0.00450238712930502
"Os05g0326600",95.4145393534823,-2.92309497314963,0.902544846602895,-3.23872545962886,0.00120065083951582,0.00450583454682349
"Os01g0349800",12.9616078725195,-6.73865929867873,2.08116741542371,-3.23792273929427,0.00120403411322255,0.00451793739027534
"Os11g0695800",53.1849406664368,-4.75965092960664,1.47006301640507,-3.23771897972511,0.00120489431131248,0.0045205708756708
"Os03g0134800",301.890570347673,-1.75437422097545,0.541878728881501,-3.23757720587535,0.00120549316333613,0.00452222326905855
"Os10g0532600",772.596324872511,-1.59132569617208,0.491568952764662,-3.23723800541553,0.00120692706038949,0.00452581792061976
"Os06g0180000",944.9504695456,-0.463388516895207,0.143161695800383,-3.23681913869845,0.00120869990343817,0.00453127528811913
"Os05g0563400",2248.51134302379,-0.594765752822577,0.18378628539059,-3.23618136989144,0.00121140386436011,0.00454021952524883
"Os07g0546700",9843.61129834808,-1.25062584144859,0.38647684111805,-3.23596580284246,0.00121231907093968,0.00454245675517223
"Os02g0229000",12236.5069192873,-0.979481185921713,0.302738406336191,-3.23540444628621,0.0012147053515775,0.00454900938801208
"Os03g0166000",3712.25601945804,-1.07656341045778,0.332768275294325,-3.23517441530622,0.00121568444698534,0.004551481749049
"Os07g0184500",600.428697814394,-0.901212469941461,0.278590146420217,-3.23490432637951,0.00121683497395699,0.00455459447897041
"Os09g0538700",418.850932420671,-1.4491032929815,0.448195247323512,-3.23319647326721,0.00122413341794756,0.00458071110145452
"Os10g0478000",388.951347933504,-1.37793167953137,0.426201603580113,-3.2330513727698,0.00122475535903391,0.00458243766788098
"Os12g0238100",3045.69401747639,-0.459325999609836,0.14209235786347,-3.23258763888752,0.0012267450087706,0.00458928041026842
"Os03g0226800",8.13749548817255,-7.0415417278334,2.17834782011259,-3.23251487334536,0.00122705748007464,0.00458984781958465
"Os03g0157300",1843.72958600006,-1.03707686027024,0.320885019493885,-3.23192669419711,0.00122958595104732,0.00459749821675329
"Os01g0723700",83.9801964891535,-1.8152406420687,0.561800494715104,-3.23111257313726,0.00123309364354723,0.00460940609761814
"Os12g0573900",10.0013829735003,-7.47514225758352,2.31375490205964,-3.23074075431644,0.00123469872072834,0.00461480166092311
"Os01g0147300",458.026745463158,-1.1378402341283,0.352293048413359,-3.22981176964137,0.00123871742232592,0.00462860977914272
"Os06g0274500",237.171241702681,-1.22702409192841,0.379961347347274,-3.22933924857083,0.00124076613593876,0.00463565819165391
"Os01g0133900",359.236559843905,-1.68525402346086,0.521899836668766,-3.22907559085985,0.00124191063851052,0.00463871987249989
"Os04g0137201",892.908963364001,-1.07576144203581,0.333187449112682,-3.22869737410787,0.00124355412878146,0.00464303584721231
"Os08g0539700",83.2018067678485,-1.94577003115034,0.602668259345064,-3.22859218314377,0.0012440115788694,0.00464413634674968
"Os06g0695300",570.332108610258,-1.28245816999075,0.397306201694222,-3.22788359336451,0.00124709711578016,0.00465443777102886
"Os03g0196000",2615.67621799495,-0.987908766215202,0.306102830453358,-3.22737546971404,0.00124931407686331,0.00466210236762795
"Os12g0176300",210.242086660883,-1.81200418077035,0.561537622987474,-3.22686157898056,0.00125155990072004,0.00466893514454461
"Os02g0203700",3278.82169855019,-0.654199048655403,0.202745011331628,-3.22670848648076,0.00125222967142631,0.00467054014650367
"Os11g0514800",6884.7080030678,-0.523170180085488,0.162151296410618,-3.22643229913289,0.00125343881202647,0.00467382853696717
"Os07g0520900",2764.78048777685,-0.330191826580057,0.102357052959651,-3.22588250670149,0.00125584899768481,0.00468117675350964
"Os07g0627600",75.1625370968518,-1.53513972226435,0.475915868398489,-3.22565357492757,0.00125685385240096,0.00468411494489268
"Os01g0279400",97.4759507547456,-2.42520855008707,0.751932201187279,-3.22530215657441,0.00125839778433675,0.00468803267503368
"Os04g0562800",121.156022134133,-2.12030708453326,0.657549423964947,-3.22455926088118,0.00126166740990872,0.00469653554361432
"Os02g0329800",4811.79183810092,-0.684385042536224,0.21232568872191,-3.22327951297776,0.00126731822370052,0.00471511097201612
"Os02g0762200",405.253680540425,-1.54485473175041,0.479297320109403,-3.22316580321749,0.00126782144549635,0.00471636847911481
"Os01g0577600",1106.82634558934,-1.18413866186501,0.367470759070348,-3.22240241607447,0.00127120458953139,0.00472833773828303
"Os01g0850000",543.900272058067,-0.643408948043138,0.199692149946542,-3.22200421105877,0.00127297264192796,0.0047342972105787
"Os04g0272200",38.7509113903951,-4.52412699960734,1.40427386824508,-3.22168424686357,0.00127439494532649,0.00473835213226511
"Os06g0150400",2255.17428691826,-0.613694098286061,0.190514803626635,-3.22124100911737,0.00127636764755327,0.00474198075384102
"Os08g0191200",1734.3347447701,-0.439131127350711,0.136349732059646,-3.22062332442732,0.00127912145616131,0.00475097499605315
"Os02g0628600",2767.52297728817,-0.740921438551644,0.230065674896942,-3.2204779738809,0.00127977026561846,0.00475214810222625
"Os07g0246300",3414.2394104293,-0.366800956240924,0.113947035017532,-3.21904783379828,0.00128617028197109,0.00477156804374613
"Os12g0565200",339.91358512528,-0.755692477767035,0.234762561346179,-3.21896504039541,0.00128654169364876,0.00477170557478043
"Os11g0148800",754.993986209738,-0.511763385176076,0.159012172740874,-3.21839124863759,0.00128911844854737,0.00477939953180104
"Os07g0622100",26505.7997363614,-0.959175514302714,0.298087881397516,-3.21776084893435,0.00129195490669339,0.00478929361774754
"Os10g0171500",720.162406310732,-0.801224224228312,0.249052174435809,-3.21709387217103,0.00129496221256349,0.00479919519545734
"Os04g0433800",1271.58691942307,-0.844349904884992,0.262504537791137,-3.21651546289384,0.00129757540950415,0.00480825554834304
"Os06g0478600",168.87191466828,-1.64052193085455,0.510111932641328,-3.21600383343325,0.00129989095742018,0.00481558565718387
"Os01g0176500",1465.49119071039,-1.44904636176831,0.450720614620989,-3.21495470755607,0.00130465105517462,0.00483071211816114
"Os09g0511700",2014.53456028566,-0.639706480222794,0.198985323263321,-3.21484253075419,0.00130516097503679,0.00483197339448122
"Os06g0701900",250.768335993403,-1.72575939414162,0.536918014155509,-3.21419536808796,0.0013081063627246,0.00484162189025037
"Os10g0345701",696.549068748961,-0.797690632598177,0.248186417438154,-3.21407851739894,0.00130863883069477,0.00484296470677446
"Os06g0669100",158.956057375351,-1.05802587802026,0.329288099550425,-3.21307049803735,0.00131324050925018,0.00485936441483499
"Os03g0756800",5285.76905301818,-0.40516199508072,0.126146659701708,-3.2118329255708,0.00131891053292586,0.00487844787505971
"Os05g0382900",879.941770665552,-1.03030507624633,0.320957442729243,-3.21009872051942,0.00132689392552934,0.00490543455644469
"Os06g0707000",459.086507329211,-1.47921771263826,0.460986734964831,-3.20880754356438,0.00133286677456919,0.00492560191782795
"Os03g0788200",1600.96430946674,-1.09973649173801,0.343111801712452,-3.20518410106935,0.00134976117857027,0.00498222980487649
"Os03g0723000",320.28090091077,-1.13621882008975,0.354524333668381,-3.20491067096275,0.00135104403649201,0.0049856756273598
"Os05g0478300",957.715630923672,-1.34726968246336,0.420448686206105,-3.20436173702995,0.0013536228779661,0.00499390092137317
"Os01g0103900",223.501813291973,-1.24645204172617,0.389072346334374,-3.20365107792819,0.00135696823413032,0.00500559592595191
"Os06g0141700",39.4946876360139,-4.24582061944818,1.32569230600233,-3.20271951509743,0.00136136502355878,0.00502116594294635
"Os03g0436400",1511.4544933479,-0.66358697917588,0.207205470052498,-3.20255531385225,0.0013621413813715,0.00502273137706602
"Os04g0576900",1586.87920917009,-1.42203106652668,0.444069285467539,-3.20227296294426,0.00136347731604002,0.00502680579348047
"Os07g0591100",951.075810076569,-1.70623521552402,0.532824303867353,-3.20224735084303,0.00136359855867851,0.00502680579348047
"Os10g0452500",907.114636872665,-1.88712904648568,0.589418773202867,-3.20167787705697,0.00136629690532932,0.00503545240357911
"Os01g0658700",651.825140497064,-1.565762994044,0.489208821302776,-3.20060253589528,0.00137140564652278,0.00505232353824811
"Os01g0618700",134.40864274418,-2.19398532120198,0.685499935122491,-3.20056240531947,0.00137159663982949,0.00505237507901572
"Os01g0679500",191.172408692998,-1.8425400449117,0.575863186540332,-3.19961422778438,0.00137611644159035,0.00506706239793022
"Os03g0280800",222.773990349641,-1.84507177393558,0.577217259094861,-3.19649446523628,0.00139108495306188,0.00511694835639216
"Os04g0605900",19703.6573374321,-0.786304695700931,0.245989912351562,-3.19649162920619,0.00139109862827926,0.00511694835639216
"Os05g0105300",1446.95049899219,-0.470178039952326,0.147116428659341,-3.19595876705965,0.00139367026808368,0.00512574721455749
"Os04g0692000",7300.56979102843,-0.359014680538009,0.112336281907169,-3.19589249744518,0.00139399039742092,0.00512626409481871
"Os02g0214300",777.496912582513,-0.676476647416108,0.211715271574919,-3.19521894846742,0.00139724796686069,0.0051369198822864
"Os05g0578750",99.2164896018475,-2.21697458779543,0.69406022474803,-3.19421068769684,0.00140213746549285,0.00515356835114963
"Os02g0157000",149.901243854636,-1.34637111125914,0.421564797533396,-3.19374653466525,0.0014043936460236,0.00516053195572832
"Os08g0107600",250.388786210198,-1.62999488383066,0.510409197979385,-3.19350609331397,0.00140556371225,0.00516416663694994
"Os06g0664400",3032.40517931877,-0.436451048961386,0.136682113804198,-3.19318334209126,0.0014071357382957,0.00516927702881756
"Os01g0303800",1404.8510755323,-1.00725696884705,0.315496215490921,-3.19261189006573,0.00140992308938356,0.00517818382184305
"Os01g0977400",211.817038425581,-1.05063084221976,0.329289017768888,-3.19060395435703,0.00141975754490263,0.00521095015580566
"Os06g0693100",394.53351846409,-1.72064824025204,0.539305001950327,-3.19049189981465,0.00142030822366561,0.00521230109749437
"Os04g0504200",432.700119293941,-1.64717356983524,0.516542716422834,-3.18884289230185,0.00142843487961465,0.00523943012126966
"Os04g0400800",737.476033456349,-0.69208283022857,0.217055196368788,-3.18851076503455,0.00143007684997736,0.00524477882638492
"Os02g0831400",514.682773609226,-1.62602008856658,0.510169963745573,-3.18721250586499,0.00143651188918012,0.00526634926339035
"Os11g0177301",229.143513932267,-1.60825760341717,0.504761189811118,-3.18617523668764,0.00144167245841813,0.00528323259122957
"Os11g0590700",75.9354432787603,-4.61760321472577,1.44951026426267,-3.18562988381089,0.00144439251930371,0.00529252119011618
"Os06g0332600",293.883933319926,-1.03449781008842,0.324758106422088,-3.18544107023422,0.00144533536813506,0.00529508330436537
"Os03g0231800",3845.12517578872,-0.627735408489468,0.197104136136804,-3.18479064312368,0.00144858764894722,0.00530584958957389
"Os05g0548600",257.159022921488,-1.17314231381919,0.368389764166521,-3.18451387071901,0.00144997361748771,0.00531024466738121
"Os05g0488100",1185.20877452559,-0.725938706790767,0.227978943088017,-3.18423577615456,0.00145136743777385,0.00531466736931583
"Os04g0628600",2805.22971585593,-0.399743744719179,0.125540941885224,-3.18417034886233,0.00145169554118615,0.00531518695839114
"Os08g0108300",443.447564420194,-1.62914568208023,0.511700312215404,-3.18378872005541,0.00145361068801254,0.00532151641382966
"Os03g0119966",149.726814608332,-1.19474147912699,0.375383716179355,-3.18272058065554,0.00145898337166232,0.00533844652746177
"Os01g0682200",2065.90537394796,-0.459308688045964,0.144317103863387,-3.1826351537705,0.00145941385369637,0.00533933722634058
"Os03g0581800",11105.0043967594,-0.550220000488165,0.172944430661298,-3.18148435531722,0.00146522436341221,0.00535784835117065
"Os02g0514500",1387.14524693951,-0.678861026505084,0.21346867320282,-3.1801435607373,0.00147202107088551,0.00537925610643401
"Os10g0357800",525.286346585561,-0.915490583335385,0.287911719264987,-3.17976144101585,0.00147396341143627,0.00538524346087105
"Os05g0409400",874.263957602275,-1.10653658111207,0.348040774377822,-3.17933030430179,0.00147615774411507,0.00539092203787365
"Os03g0114000",1615.35765014382,-1.36204007617774,0.428476826798832,-3.17879519028741,0.0014788854709893,0.00539950203171126
"Os08g0139200",1899.97358535777,-1.1346861477246,0.357028458465693,-3.17813922341329,0.00148223557773244,0.00541104135193691
"Os10g0503200",412.388459772423,-0.798388599011912,0.251279142942519,-3.17729752522495,0.00148654448090111,0.00542538366741353
"Os01g0937000",195.607433216495,-2.09300696943757,0.658957233446013,-3.17624098075712,0.00149196958209656,0.00544239996822544
"Os03g0143200",54.7778790735631,-1.88908265750632,0.594743206719182,-3.17629968054142,0.00149166769491604,0.00544239996822544
"Os04g0359100",4669.4564255535,-0.896877958030491,0.2823685419461,-3.17626727060017,0.00149183436907666,0.00544239996822544
"Os01g0243100",1554.43767683424,-0.730242593291164,0.22996472247688,-3.17545484988281,0.00149601800409844,0.00545577333703666
"Os01g0917200",1284.67935561892,-1.07365163450651,0.338115801581747,-3.17539620888417,0.00149632039917672,0.00545617903348242
"Os09g0478500",3080.50807981881,-0.694014604993689,0.218604999908211,-3.17474259639576,0.00149969470831533,0.00546708630321238
"Os02g0691900",92.3594175499499,-1.90645105421462,0.600645347199905,-3.17400453212888,0.00150351343101133,0.00548030741601169
"Os01g0923200",57.7831128435169,-1.87497922511706,0.590830175313853,-3.17346558022541,0.00150630760907013,0.00548838963406917
"Os10g0363650",203.472640911406,-0.941463796119385,0.296759337077782,-3.1724824748231,0.00151141681124763,0.00550419513399493
"Os03g0409600",42.0291811456924,-3.79081742992405,1.19493161267672,-3.17241370946107,0.00151177478176839,0.00550449576662596
"Os12g0149000",187.511257064616,-1.75654515023009,0.553697291019236,-3.17239253057691,0.00151188504800825,0.00550449576662596
"Os01g0136500",8.7321287270562,-6.21810290403624,1.96011676128079,-3.17231250039062,0.00151230178594683,0.00550531082490323
"Os04g0436000",132.844003978606,-1.69065018598035,0.533034164805438,-3.17174826232284,0.00151524292419562,0.00551481088383773
"Os07g0659500",2067.91703558482,-1.22442816292442,0.386088346995288,-3.1713678292895,0.00151722893627594,0.00552113497667776
"Os05g0488600",127.774871659561,-1.33170409486027,0.420012775076159,-3.17062759488398,0.00152110012842834,0.00553240087485457
"Os03g0431200",727.125724460736,-0.981139629402554,0.309552379894517,-3.16954316337961,0.00152678779234765,0.00555167270634029
"Os09g0286300",405.326174872623,-1.41904544980491,0.447727569754832,-3.16943951113387,0.0015273324556267,0.00555294581752751
"Os03g0390000",17241.8607256317,-0.531521566036477,0.167766447530774,-3.16822328814574,0.0015337367477449,0.00557480984689043
"Os05g0587700",141.062245867743,-2.15466541726325,0.680124024221983,-3.16804779794104,0.00153466286954174,0.00557746587066456
"Os03g0277000",315.228388043049,-1.07030665435868,0.337852694091478,-3.16796838704171,0.00153508211724467,0.00557788504585713
"Os06g0221200",12869.7488782978,-0.519136334858873,0.163890620622182,-3.16757806449243,0.00153714434853343,0.00558319820658506
"Os06g0553700",44.3229285809109,-2.31606122152117,0.731180536215519,-3.16756410599871,0.00153721814411267,0.00558319820658506
"Os11g0244300",541.562903499403,-1.37983557352127,0.43561033782839,-3.16759143136971,0.00153707368376237,0.00558319820658506
"Os06g0572300",9.17027661808472,-6.8708848156273,2.16970554542642,-3.16673607168061,0.00154160162732913,0.00559838261728989
"Os01g0758000",169.403457590084,-1.72474735267997,0.544723124614373,-3.16628260256249,0.00154400709707291,0.00560429025672037
"Os03g0364500",1692.11215771684,-1.00179875278836,0.316458462324238,-3.16565638798415,0.00154733459437852,0.00561565399388945
"Os01g0972900",740.115479656982,-1.40388861487773,0.443480694008248,-3.16561382230457,0.00154756101386249,0.00561576170603749
"Os03g0733800",1376.74053201286,-0.611510813791731,0.193182302676585,-3.1654598030933,0.00154838054272901,0.00561730734769407
"Os03g0321300",901.651225998459,-1.48132268551811,0.468166463147181,-3.1640939753782,0.0015556655532027,0.00564086859128783
"Os01g0262500",178.665115064097,-1.8124778684274,0.572910390098342,-3.16363239304541,0.00155813465402236,0.00564838653345366
"Os05g0152201",1926.84166894963,-0.367832285945645,0.116270544946635,-3.16358959282826,0.0015583637840952,0.00564849979088425
"Os12g0503300",95.6268610653468,-1.78330540856921,0.563806253464143,-3.16297557469824,0.00156165433464746,0.00565827130339897
"Os01g0908400",3780.97858477418,-0.526613827892087,0.166499672007199,-3.16285204375248,0.00156231711506985,0.00565995427497828
"Os05g0415200",378.435203958936,-1.41022426018457,0.446028794386932,-3.16173367713384,0.00156832928401248,0.00567957258092517
"Os04g0472700",305.410725029856,-1.78297721205859,0.563971183277645,-3.16146864401195,0.00156975718072457,0.00568402244914401
"Os07g0518200",51.5525446151631,-3.49349227183288,1.10506656308597,-3.16134103458625,0.00157044511815576,0.00568435017152398
"Os07g0144732",28.1858387204281,-5.21141955341194,1.64918449342758,-3.15999791059203,0.00157770270283133,0.00570700113415505
"Os03g0742900",13503.5298717792,-0.966611708777817,0.30592624073992,-3.15962339954869,0.00157973187579435,0.0057128932804604
"Os09g0115400",30289.4928375751,-0.470614567598082,0.148945218680719,-3.15964870686381,0.00157959468022504,0.0057128932804604
"Os05g0137200",1474.79790203956,-0.757186435090763,0.239657147819574,-3.15945692410898,0.00158063464299076,0.00571543390543808
"Os04g0504800",11813.3919903945,-0.381397920751892,0.120721591755122,-3.15931818995179,0.00158138733688448,0.00571683206149962
"Os11g0707600",5128.48717323362,-0.82354919688649,0.260673603086538,-3.15931182572824,0.00158142187351461,0.00571683206149962
"Os10g0436850",117.669749474756,-1.22965473075805,0.389234351702205,-3.1591629191527,0.00158223014067382,0.00571902964865057
"Os03g0807700",97.0926364940952,-4.24761243686907,1.34481254847767,-3.15851636101804,0.00158574408091661,0.00573100519697184
"Os01g0636500",515.25015289992,-1.12723790886735,0.356996744795973,-3.15755794779468,0.00159096612379357,0.00574769485350761
"Os09g0507800",28149.7692750966,-0.746374237897675,0.23643891277765,-3.15673181342858,0.00159548012720841,0.00576181487234777
"Os06g0144000",476.197152889862,-0.571373014551285,0.181003575311004,-3.15669463196813,0.00159568356392951,0.00576182057543376
"Os05g0396900",506.31837320266,-1.45374982800947,0.460577315425431,-3.15636436993571,0.00159749162641137,0.00576689022186496
"Os06g0683800",141.673573647043,-1.3907467280994,0.440815802655284,-3.15493845665728,0.00160531964379093,0.0057929511899328
"Os01g0885000",2260.15837015283,-0.366347728309528,0.116135078436869,-3.15449675705583,0.00160775165153153,0.00580099395036229
"Os02g0708000",156.092540219607,-1.57348247070426,0.498955517505906,-3.15355260238331,0.00161296156444468,0.0058190564832544
"Os05g0535700",1435.14997359546,-0.901391544869374,0.285896320480848,-3.15286165052186,0.00161678412840159,0.00583137303021165
"Os06g0677000",171.777508086475,-1.85134332240553,0.587226625135235,-3.15268968258921,0.00161773680429689,0.0058340719320089
"Os06g0193200",309.147007932251,-1.66665571988023,0.528815637541845,-3.15167631507181,0.00162336120522131,0.00585287637259529
"Os06g0134700",377.750425525396,-1.27576258037833,0.404811532924823,-3.15149761460785,0.00162435489469609,0.00585571938800268
"Os06g0266266",11.1592455140701,-5.44855037884504,1.72899182885388,-3.15128752369916,0.00162552385115679,0.00585845363730043
"Os09g0298400",850.057463335372,-0.484388132906608,0.153733421663534,-3.15083166474207,0.00162806293645805,0.00586612325905815
"Os03g0711400",6789.24119856059,-0.388979361672171,0.123463531162822,-3.15056080130408,0.00162957334485111,0.00587082437907738
"Os01g0856000",307.22647246714,-1.06072589468042,0.336715231143038,-3.15021655266264,0.0016314948301393,0.00587654013539641
"Os12g0609100",13.3366542039217,-5.85816739033714,1.85970141011023,-3.15005804614081,0.00163238026347746,0.00587871085550095
"Os04g0415100",108.681581865928,-1.41260404756483,0.448446713731602,-3.14999308571203,0.00163274326669262,0.00587927637245793
"Os01g0179700",4516.00065803841,-0.562260122162416,0.178529262582059,-3.14940035056706,0.00163605894338498,0.00588898694577313
"Os04g0481200",347.052025484565,-2.23600284464397,0.709970174342129,-3.14943208243345,0.00163588128294302,0.00588898694577313
"Os06g0167200",241.655653152795,-1.06503916333316,0.338201278780168,-3.14912813805603,0.00163758373703045,0.00589246477404323
"Os01g0513900",2550.95434113155,-1.34837683205099,0.42828994746522,-3.14828036481172,0.00164234090669101,0.00590732621322276
"Os12g0190100",608.173133980444,-0.504345036773596,0.160220932822477,-3.14780988906365,0.00164498640404081,0.00591366396938801
"Os05g0279300",408.941634599784,-1.0774916346379,0.342377749627127,-3.14708428281733,0.00164907419522171,0.00592761287349308
"Os12g0515400",2182.67685628511,-0.532969229500675,0.16935959510076,-3.14696801904603,0.00164973004950443,0.00592922368837252
"Os01g0147250",114.028967564794,-1.48489873594247,0.471889732490634,-3.14670702434056,0.0016512032181177,0.00593377120205862
"Os11g0351555",1481.51226466364,-0.660420938967683,0.20988275699698,-3.14661837121372,0.00165170389060336,0.00593482324438349
"Os03g0735100",4999.03117861923,-0.369859515642625,0.117550113843329,-3.14639861715126,0.00165294556381763,0.00593853721505479
"Os01g0695700",1104.8322568623,-0.542359809990671,0.17244495481776,-3.14511845570569,0.00166019593270329,0.00596383497395957
"Os08g0119700",76.6248724942434,-2.09862800043672,0.66751491645459,-3.14394172879804,0.00166688628455121,0.00598190619195359
"Os08g0490000",2337.96491275248,-0.698164838623278,0.222066931924514,-3.14393877815451,0.00166690309174604,0.00598190619195359
"Os08g0564400",831.79248582734,-1.22704322726701,0.390362901598616,-3.14333975447467,0.00167031842813467,0.00599340907764627
"Os01g0172200",3344.01358408381,-0.61753575050975,0.196495237268485,-3.14275174856258,0.00167367720701556,0.00600244279395051
"Os04g0673700",801.777760756932,-0.76583486003727,0.243680182072608,-3.1427868016328,0.00167347680452969,0.00600244279395051
"Os02g0718100",3842.68685568024,-2.36573564539529,0.752817998515385,-3.14250675470127,0.00167507848198873,0.00600595907422261
"Os12g0112300",825.688695463014,-0.748513109729203,0.238211980122297,-3.1422143812621,0.00167675216332919,0.00601120494223417
"Os01g0685900",2948.89902220665,-1.19455090029139,0.380277720367972,-3.1412592332138,0.00168223060259252,0.00603008794680408
"Os03g0755000",2506.81863954736,-0.543170065852324,0.17293260400509,-3.14093498433839,0.00168409413628081,0.00603600992290298
"Os02g0639600",989.511054413658,-1.50052729978873,0.477858404956784,-3.14010862678963,0.00168885199558714,0.00605230274476326
"Os08g0496900",2547.98659870367,-0.451108046254412,0.143674769967754,-3.13978610409925,0.00169071231360113,0.00605805151337259
"Os02g0762800",193.255194517569,-1.17487340320698,0.374263993639132,-3.13915691376874,0.00169434692397878,0.00606970865939387
"Os02g0830200",342.109691295405,-1.18008640898572,0.37598665252653,-3.13863910076556,0.00169734353675327,0.00607815505119625
"Os09g0530700",5018.23810292074,-0.266950826603476,0.0850530484481198,-3.13863913727101,0.00169734332532244,0.00607815505119625
"Os07g0174400",350.48433383469,-1.59235185596808,0.507490241344742,-3.13769945949835,0.00170279374560454,0.00609537806302181
"Os12g0217300",80.9538567927586,-2.32614967106594,0.741440024027846,-3.13734030492341,0.00170488120151325,0.00610208514307138
"Os02g0523500",29857.7356136511,-0.330488895626086,0.105373569020347,-3.13635476807537,0.00171062137415922,0.00611956091038986
"Os03g0425600",56.0924585337534,-4.97778946983406,1.58751457464656,-3.13558662662502,0.00171510766673428,0.00613436474058981
"Os03g0666700",1198.00493780631,-0.964887822016514,0.307825959720851,-3.13452388125912,0.00172133242212515,0.00615361723703797
"Os02g0282600",132.822277558715,-0.919954142488409,0.293519998356336,-3.13421282243118,0.00172315829516757,0.00615684229953318
"Os03g0138900",52.3717009614298,-2.49812485908142,0.797044316721721,-3.1342358344092,0.0017230231569998,0.00615684229953318
"Os10g0163310",147.426042584552,-1.5015294082896,0.479086721725278,-3.13414949778262,0.00172353022038352,0.00615684229953318
"Os01g0975900",1804.47281054403,-1.4101660665021,0.449979567232806,-3.13384466582352,0.00172532162586718,0.00616210967076488
"Os06g0610500",307.385156113906,-0.765759857629467,0.244357491250775,-3.13376869974326,0.00172576832205498,0.00616293394028991
"Os04g0612600",9394.78223945905,-0.695313421869655,0.221903525680269,-3.13340412117427,0.00172791359948348,0.00616982309027476
"Os07g0692600",72.5879832930953,-3.00589039422158,0.959428308617085,-3.13300156689587,0.00173028518474171,0.00617751848821357
"Os09g0442700",638.622118384561,-1.51060468169526,0.4821885522098,-3.1328090946423,0.00173142016216714,0.00618002464785531
"Os01g0750300",9086.8350606555,-2.04678217233383,0.653386969798623,-3.13257268195088,0.00173281518605267,0.00618345751602543
"Os01g0194200",1225.95481444267,-0.968201990002676,0.309117956684101,-3.13214411866767,0.00173534668742204,0.00618939595723786
"Os01g0803300",14269.431287749,-0.755905277512876,0.24138202752041,-3.13157232656421,0.00173872952972414,0.00620068661874637
"Os03g0594700",961.145689436623,-1.12546206270459,0.359399851478167,-3.13150397273596,0.00173913433085346,0.00620135544533183
"Os04g0387600",604.639900216953,-1.09276758161777,0.349002851703178,-3.1311136177969,0.00174144772955587,0.00620882887739731
"Os03g0748200",2782.37257016654,-0.289392123291767,0.0924269292619514,-3.13103686991037,0.00174190290078969,0.00620967608344461
"Os01g0292200",4496.01340446561,-0.347359848214042,0.110948141997059,-3.13083069226385,0.00174312622712273,0.00621248533237498
"Os01g0235400",3810.60222986107,-0.518143192214036,0.165507820543037,-3.13062664056592,0.00174433771717995,0.00621602694122154
"Os04g0386300",91.8131565164643,-1.77345621256548,0.566549177135595,-3.13027762485133,0.00174641167829967,0.00622264073715962
"Os07g0103500",560.134635387376,-5.08861029523765,1.62565269743418,-3.13019521529363,0.00174690171256979,0.00622360989560561
"Os04g0521900",235.472552182662,-0.996180361127855,0.318276068215146,-3.1299254345899,0.0017485068016805,0.00622855087322702
"Os03g0319400",1122.27578569161,-0.855309787177874,0.27331806608017,-3.12935694096048,0.00175189355551218,0.0062386781119827
"Os11g0438500",239.292369172765,-1.26548332871569,0.40445355307314,-3.12887182990539,0.00175478833274549,0.00624702895608472
"Os04g0661300",2681.72368151026,-0.672301767215603,0.214889704267866,-3.12858994108698,0.00175647245234056,0.00625224462895736
"Os09g0517100",361.914322738584,-0.874856242430912,0.279648477691469,-3.12841410635578,0.00175752371369072,0.00625520659396357
"Os02g0183000",538.029478298476,-1.57989666072982,0.505043937801374,-3.12823606517809,0.00175858875607597,0.00625743673066971
"Os06g0604300",816.890295454625,-1.77910039408519,0.568721485559266,-3.1282454404473,0.00175853265841543,0.00625743673066971
"Os09g0543900",468.499929793583,-1.65433936477763,0.528898349800915,-3.12789662777422,0.00176062091494076,0.0062638867501021
"Os07g0122000",404.888387857951,-6.76758316154736,2.16366144505123,-3.12783831177762,0.00176097026096804,0.00626434884460015
"Os09g0538500",1498.51181063498,-1.42529755007349,0.455727660360313,-3.1275203900211,0.00176287591433995,0.00627008175191788
"Os01g0955600",65.5692504472505,-1.68053147623535,0.53735866655558,-3.12739252352141,0.00176364289281434,0.00627151149028186
"Os05g0226300",329.551629720486,-1.84859668101195,0.59116044977117,-3.1270642035128,0.00176561365198979,0.0062769555464437
"Os04g0578400",655.127808855103,-0.515513840926213,0.164862100171364,-3.12693966891339,0.00176636170733162,0.00627883294820345
"Os01g0148500",193.347059235655,-3.35836825325441,1.07454381617687,-3.12538977256711,0.00177569604599047,0.00630887079123126
"Os09g0420100",381.46911865497,-0.913695387132136,0.292372664045925,-3.12510538601042,0.00177741369566616,0.00631340175822486
"Os04g0504500",305.502406333735,-1.71733468111205,0.549726536162367,-3.12397995756352,0.00178422609742886,0.00633523444769366
"Os06g0156900",1850.8411503855,-0.457692706189378,0.14651221407242,-3.12392184560903,0.00178457850934566,0.00633569763317943
"Os12g0169100",1299.46080757083,-0.620389860836704,0.198598151498664,-3.12384509198656,0.00178504406914394,0.00633656235662785
"Os05g0424800",1921.27772253767,-0.570448201799514,0.182682849737554,-3.1226149724456,0.00179252077957776,0.00636152096633938
"Os03g0736600",1077.45414568723,-1.01488213173245,0.32503331938168,-3.1223941399703,0.00179386605087016,0.00636550379861236
"Os03g0297400",4049.46524403049,-1.00598738828766,0.322198155406682,-3.12226302791178,0.00179466520066466,0.00636754797859194
"Os01g0914100",2016.81795909296,-1.41911502817614,0.454554194590773,-3.12199303199422,0.00179631190150398,0.00637101477591073
"Os01g0813700",29.0545276356418,-6.1949925661735,1.98444538970306,-3.12177528206029,0.00179764096643023,0.00637493648226916
"Os02g0699500",1786.68630518434,-1.75968818247182,0.563794979860172,-3.12114907959671,0.00180146811282979,0.00638771500777807
"Os02g0205200",152.825587140202,-2.27822700816166,0.730170836987404,-3.12012873255983,0.00180772018850098,0.00640829173628566
"Os08g0117300",20084.7553490463,-0.891180151812611,0.285639779481019,-3.11994412484074,0.00180885348216269,0.00641151295105572
"Os01g0299400",1246.58828242012,-0.527938067616691,0.169219192692266,-3.11984745475517,0.00180944719339589,0.00641282104398959
"Os02g0260200",1043.58522221554,-0.51532337990129,0.165184072507589,-3.11969169955907,0.00181040415985877,0.00641541605698431
"Os07g0153300",492.86922447668,-0.466801276948473,0.149647161986936,-3.11934600530028,0.00181252978192118,0.00642215120347047
"Os06g0692800",1358.67877533208,-0.817346625469943,0.262029519849818,-3.11929215432828,0.00181286110985455,0.00642237299419947
"Os01g0692700",2274.94065251173,-0.708184746944372,0.227046665314554,-3.11911538521494,0.00181394910535919,0.00642478759937619
"Os04g0185100",503.706631549567,-1.34133212327802,0.430135320498951,-3.11839567539372,0.00181838504255474,0.00643810253717223
"Os05g0507000",552.546700364972,-1.44788273798645,0.464298599401953,-3.11843012201937,0.00181817250356204,0.00643810253717223
"Os04g0542800",1571.16345655584,-0.718622911226595,0.230455843100047,-3.11826726352354,0.00181917755736175,0.00644010966108567
"Os02g0743450",289.02075946631,-1.342436493526,0.430516373909098,-3.1182007813934,0.00181958798736988,0.00644076382830924
"Os02g0193600",1097.87137020683,-1.45959765209622,0.468177010544232,-3.11761923209238,0.00182318183400883,0.00645188473468237
"Os11g0618850",66.1970702628137,-3.07973973569131,0.987882771257464,-3.11751538269176,0.00182382428642329,0.00645255830833743
"Os01g0264900",2039.66812790343,-0.678140497139836,0.217544260815881,-3.1172529884104,0.00182544848556015,0.00645670403616221
"Os06g0665100",4285.55726785224,-0.515890891258982,0.165501832141058,-3.11713099840058,0.00182620404626157,0.00645837424622649
"Os06g0247000",185.663578397027,-1.47081268953521,0.471906199255934,-3.11674797206367,0.00182857823685093,0.00646537064197609
"Os02g0688500",1219.2901040192,-0.583410918610178,0.187192907446748,-3.11662939887904,0.00182931378802298,0.00646636938270315
"Os01g0243400",778.524465929502,-0.60453367000552,0.194018667191629,-3.115853122568,0.00183413602342201,0.00648180991117469
"Os05g0438500",841.204739974018,-1.4297622878678,0.458897123558885,-3.11564883383788,0.00183540700680779,0.00648549858904698
"Os02g0606700",646.597211192756,-1.23808877596027,0.397510066845348,-3.11460986582246,0.00184188348460238,0.00650355296690875
"Os02g0526000",660.985800818426,-0.77006563946627,0.247257662942194,-3.11442577877274,0.0018430331911904,0.0065065555568381
"Os05g0467600",500.680675579007,-0.87330603476321,0.280631885650822,-3.11192733048812,0.00185870246809194,0.0065539847208875
"Os11g0658800",1572.89041982912,-0.466283218958707,0.149844875408965,-3.11177287635697,0.00185967514850056,0.00655519800521861
"Os04g0403200",1748.41026741089,-0.56063297867949,0.18020808064343,-3.11103129603155,0.00186435179297096,0.00656907265505039
"Os02g0215700",108.703495097216,-2.02192510899518,0.650002826030039,-3.11064048958725,0.00186682068909314,0.00657541367504118
"Os09g0455900",244.155053244758,-1.04871301590999,0.337144280953708,-3.11057631748464,0.0018672263794437,0.00657595432138691
"Os02g0747900",824.382392866942,-1.78396636133819,0.573628608018381,-3.10996755810516,0.00187107893265325,0.00658789651580787
"Os01g0166500",438.984707738434,-1.76147122194816,0.566432758045556,-3.10976227438896,0.00187237972264741,0.00659166339457913
"Os01g0343300",2836.68362790936,-0.514440383247742,0.165432292613095,-3.1096732997039,0.00187294377296521,0.00659283599155493
"Os09g0440200",1719.15202594067,-0.445902783310854,0.143417890772607,-3.1091154730329,0.00187648364409839,0.00660448201444445
"Os05g0217000",1164.89783752927,-1.42981178170883,0.459882782005664,-3.10907874278978,0.00187671694335501,0.00660448877217671
"Os02g0695600",835.453710122573,-1.02025312479234,0.328198772316788,-3.10864394034834,0.00187948070057446,0.00661095466632129
"Os06g0620000",6.99884029331163,-7.12032746380606,2.29046646166706,-3.10868008022424,0.00187925084043583,0.00661095466632129
"Os01g0204000",679.758619096973,-0.968517174378354,0.311635610840511,-3.10785141584484,0.00188452788467711,0.00662757117212795
"Os01g0805900",19240.9029247978,-1.98235588206965,0.637882855930013,-3.10771149222915,0.00188542027875098,0.00662939596411282
"Os01g0269900",1353.66286561424,-0.447986582430371,0.144183608458966,-3.10705625430276,0.00188960437173559,0.00664328946752316
"Os12g0283300",36.7404517739262,-5.53838974205284,1.78266855894002,-3.10679723063382,0.0018912607463112,0.00664829393383088
"Os01g0616600",777.201849282481,-0.933021375312818,0.300326857726783,-3.10668643615489,0.00189196964914122,0.00664996695789766
"Os02g0703600",1981.6051062329,-0.839305096148087,0.270176133046466,-3.1065108774939,0.00189309343620546,0.00665227859695293
"Os09g0240200",77.5486998761706,-3.19841952910468,1.02965038981696,-3.10631604740447,0.00189434130134602,0.00665584417843683
"Os01g0205300",15.3158273959232,-6.07089536133311,1.9544449138147,-3.10619926835588,0.00189508962029425,0.00665765392266818
"Os04g0429087",6.24711992815804,-6.39780653623257,2.06029390003306,-3.10528829703855,0.00190093644153767,0.00667326648471912
"Os01g0595201",187.942339678814,-1.79961110248427,0.579719551191171,-3.10427878236389,0.00190743508576177,0.00669185138882795
"Os03g0195500",842.861375881054,-1.16468921843334,0.37519213251033,-3.1042474442112,0.00190763714794328,0.00669185138882795
"Os06g0365700",984.949134088154,-0.426223723660682,0.13730732817981,-3.10415860035177,0.00190821010236368,0.00669221638553496
"Os06g0727800",312.019281312655,-1.22149798156615,0.393500060774029,-3.10418752963702,0.00190802351993276,0.00669221638553496
"Os01g0971400",2766.42395948373,-1.44607601512289,0.465857957218823,-3.10411358809019,0.00190850044694048,0.00669241237806744
"Os02g0731200",135.225203829195,-1.8147065765587,0.584680174782586,-3.10375937961895,0.00191078662964683,0.00669878329116178
"Os09g0108400",725.51295910401,-0.570700878565182,0.183890911805591,-3.10347516884644,0.00191262284155433,0.00670439719873841
"Os12g0117600",327.473860155162,-1.25535965192973,0.404512808292968,-3.10338665721689,0.00191319502300579,0.00670557941265684
"Os05g0364300",991.178607388314,-1.06397318457222,0.342857116464058,-3.10325536055704,0.00191404407687316,0.00670773163048098
"Os12g0228300",61.1892608148923,-1.39433184918825,0.449337010903168,-3.10308702678562,0.00191513314420607,0.00671072433933439
"Os03g0745000",39.859951975849,-2.9735406500859,0.958478981036897,-3.10235352982815,0.00191988528746006,0.00672572479691458
"Os01g0834100",867.408961581967,-1.33133119870764,0.429203578543811,-3.1018641625136,0.00192306179535976,0.00673602600156447
"Os12g0210800",1716.74168045839,-1.01788838634958,0.328201832025626,-3.10140982476325,0.00192601524414221,0.0067455434513859
"Os03g0817900",3172.22796437329,-0.878911809595895,0.283421275185199,-3.10107915865377,0.00192816737644956,0.0067505960497211
"Os07g0572900",1498.07464944474,-0.986019260880589,0.317970424801549,-3.1009779022561,0.0019288268427337,0.00675207669842908
"Os12g0217400",42.235771972636,-3.87650770150366,1.25016257351347,-3.10080287446861,0.00192996725838802,0.00675524039527011
"Os01g0719300",316.476238053858,-1.30513382616427,0.420978983988247,-3.10023510865023,0.0019336708712657,0.00676654423800517
"Os11g0579800",2073.79245962261,-1.03199638009284,0.332947222669695,-3.0995794823513,0.00193795572810412,0.00677904513517206
"Os06g0179200",1239.86883460591,-0.588973898520822,0.190026585746875,-3.09942893625087,0.00193894085465919,0.00678166006070235
"Os07g0176600",707.559978706886,-1.09450874096346,0.353208810836197,-3.09875831911522,0.00194333475168465,0.00679401414233207
"Os09g0530200",13.3292247318929,-5.34694525764283,1.72551985998138,-3.09874454745513,0.00194342507960137,0.00679401414233207
"Os01g0197100",567.846435199126,-1.25349389468982,0.404676913558069,-3.09751768063228,0.00195148754900084,0.00681969400081782
"Os01g0840700",2028.82149885523,-0.906540387721296,0.29270196428939,-3.09714487199345,0.00195394357214776,0.00682744097482992
"Os12g0596600",1876.30501924658,-0.588550464930769,0.190033360529342,-3.0970902334798,0.00195430376312101,0.0068278637227082
"Os06g0555400",11170.185796561,-0.765697060176844,0.247234809741199,-3.09704390323661,0.00195460923162068,0.00682809520344887
"Os05g0476000",56.7416850672338,-1.7146076575673,0.553640482512235,-3.09696944447954,0.00195510025126466,0.00682897473961067
"Os04g0586100",1543.38460428444,-0.830826533352006,0.268292266245554,-3.09672188832903,0.00195673357910854,0.00683384354362831
"Os01g0574800",872.845322294411,-0.691387948726229,0.223324275295684,-3.09589249897183,0.00196221486371407,0.00685047224435596
"Os08g0554000",2698.28898443576,-0.316744976546122,0.10231378913232,-3.09581904093576,0.001962701013491,0.00685133150655339
"Os03g0177900",61893.1239888356,-0.520536709337926,0.168175320189201,-3.09520272506282,0.00196678418730932,0.00686306697341775
"Os12g0130100",27.0960520522964,-3.51967409063641,1.13727912119118,-3.09481993035266,0.00196932417689552,0.00687025046508259
"Os01g0508000",3248.71428599981,-0.770951841305642,0.249171944969726,-3.09405555829856,0.00197440509021029,0.0068846101752947
"Os01g0760900",71.8743277441349,-3.11222037905619,1.0060299025522,-3.09356647467513,0.00197766242370356,0.00689512595849451
"Os07g0619700",1868.72350474023,-0.519098620034401,0.167805402678459,-3.09345594211334,0.00197839926187218,0.0068968525318612
"Os02g0549600",4225.46850440263,-0.677555720853741,0.219200098653826,-3.0910374813461,0.00199458454598092,0.00694648868722297
"Os12g0167700",1365.19487483073,-1.31581033569247,0.425701076956776,-3.09092555062076,0.00199533656432771,0.00694656505575927
"Os02g0552200",76.7152347342949,-2.83578542643473,0.917549162276281,-3.09060870307989,0.00199746674901047,0.00695228519494633
"Os03g0852500",1542.92603187221,-0.928854719893828,0.300627389829572,-3.08972086814978,0.00200344683868268,0.00697139906904285
"Os05g0347400",729.763958625453,-0.850716177770049,0.275367233192725,-3.08938782551025,0.00200569431103162,0.00697666809823135
"Os05g0306000",4580.04883049868,-0.366974434547775,0.118793608494229,-3.08917659122716,0.00200712098272695,0.00698077998427661
"Os01g0583200",2125.34544480248,-0.690404782762115,0.223534111737619,-3.08858803426165,0.00201110099745366,0.00699377033032617
"Os01g0167100",391.952325883473,-1.02792919310504,0.332840013636075,-3.08835822314613,0.00201265702054749,0.00699605930824537
"Os05g0428400",283.959692823699,-1.89509617993308,0.613922706942,-3.08686445134554,0.00202279812756869,0.00702845401744624
"Os04g0673300",561.751740863044,-1.09031326230713,0.353218001599177,-3.08679981589498,0.00202323798939553,0.00702912672459907
"Os01g0196600",1069.97182026724,-0.654339848899378,0.212004170214018,-3.08644800825768,0.00202563367545638,0.00703575426437811
"Os11g0632200",230.132398506491,-1.38012476134456,0.447156434076704,-3.08644728369898,0.00202563861213072,0.00703575426437811
"Os11g0308800",282.954764680398,-1.47928996908481,0.479326553678587,-3.08618405913883,0.00202743278473123,0.00704112926236382
"Os05g0597100",18137.4440474957,-0.702273818078961,0.227582804295634,-3.08579472975776,0.00203008917763992,0.00704949701782894
"Os01g0362100",749.521812597257,-0.748954757501627,0.242806028813078,-3.08458056483517,0.00203839394369951,0.0070755650805901
"Os04g0555700",433.556772612714,-1.69370632739485,0.549093082880859,-3.08455229213359,0.00203858769698616,0.0070755650805901
"Os02g0681900",442.288311047918,-0.822958816880435,0.266905328556836,-3.0833360327806,0.00204693875882282,0.00710282274882551
"Os01g0700200",183.257473913378,-1.20455052013926,0.390693869191358,-3.08310576419432,0.00204852335485529,0.0071074572311887
"Os01g0222500",1840.09003901799,-0.647805621714612,0.210235256995784,-3.08133674138017,0.00206073449205894,0.00714374609440495
"Os02g0170701",27.6056840708512,-2.60522254192256,0.845505700260707,-3.0812595836069,0.00206126861021172,0.00714472995869865
"Os02g0306900",1244.86333680933,-0.889340075912667,0.288643304584649,-3.0811041232791,0.00206234515691503,0.00714759351128978
"Os05g0354300",2525.57491531118,-0.433905630758005,0.140846472454706,-3.08069931178108,0.00206515085542344,0.00715644846633564
"Os04g0506300",151.060297764558,-1.48916544790594,0.483393209001729,-3.08065032808646,0.00206549059274454,0.0071567569166424
"Os05g0159100",3348.91733404611,-0.623929376883514,0.202577677333398,-3.07995128138756,0.00207034457690692,0.00717183441786784
"Os07g0565200",1206.20562124718,-0.510010438245368,0.165648429307466,-3.07887276913878,0.0020778539926895,0.00719522799555128
"Os10g0205500",47.4118289595729,-1.52678405648132,0.496029812998354,-3.07800865285164,0.00208388864147678,0.00721524956117335
"Os02g0782800",908.192437501766,-0.674672024309716,0.219221149225492,-3.07758638568099,0.00208684343313936,0.0072237277413934
"Os07g0410100",8654.38157676485,-0.387383758546051,0.125885811359899,-3.07726307167809,0.00208910840242883,0.00722981452945304
"Os11g0186400",1819.40542179078,-0.490170019141011,0.15931329594668,-3.07676780037909,0.00209258238770089,0.00724095910710803
"Os06g0318300",793.66834800355,-0.485525398863885,0.157807689678345,-3.07669036821666,0.00209312599941382,0.00724196224572947
"Os06g0660700",4077.11936629388,-0.55754053779911,0.18123948203964,-3.07626424179013,0.00209611993414362,0.00725144193433468
"Os03g0713600",1095.88715169732,-0.505794084998535,0.164428665746797,-3.07606999485968,0.00209748600246805,0.00725528847000096
"Os04g0502300",3491.24627850903,-0.678069978388531,0.220478102998696,-3.07545270558021,0.00210183259669609,0.00726856186577334
"Os11g0179000",339.169762091473,-1.88905759294868,0.614322650084059,-3.07502513978638,0.00210484810882536,0.00727810834867486
"Os09g0560500",638.167199258599,-0.941712059723206,0.306268553327404,-3.07479187625413,0.00210649492915262,0.00728292045272922
"Os01g0801000",1170.18014008242,-0.916308340566555,0.298020317915092,-3.07465057072926,0.00210749310855437,0.00728460684070912
"Os03g0157900",7579.23632444978,-0.699673953404251,0.227622776850624,-3.07383102466678,0.0021132909242788,0.00730199444893041
"Os07g0503500",12.2023405367833,-4.68732178567608,1.52503728889684,-3.0735784756232,0.0021150805091656,0.00730640905889179
"Os09g0387800",8.38579493710108,-6.90404889090872,2.24634256291009,-3.07346217131045,0.00211590511911302,0.00730837315101186
"Os05g0509700",1018.2693505945,-0.606526161788611,0.197396912059799,-3.07262233972977,0.00212186837079143,0.00732719704522992
"Os04g0382900",200.018845387467,-4.99533226458684,1.62595229314081,-3.0722502041788,0.00212451565568337,0.00733545117646379
"Os07g0160600",8011.80890458161,-1.3720055755135,0.446674817256829,-3.0715982242729,0.00212916099003237,0.00734704682053724
"Os02g0759700",6028.83692512428,-0.468563497148647,0.152569421415154,-3.07114946627246,0.00213236378494026,0.00735720922003321
"Os08g0128500",12716.2408154251,-0.920042766028806,0.29958598377041,-3.07104743169122,0.00213309262395399,0.00735883440393312
"Os02g0325600",348.16312731473,-0.862430509970733,0.280844533843124,-3.07084670001971,0.00213452712884993,0.00736289333726797
"Os02g0694900",7.59153047123719,-6.82730548597026,2.22332708493872,-3.07076072262145,0.00213514182658729,0.00736412376729188
"Os04g0105200",841.641179810381,-1.09688763614077,0.357282530475768,-3.07008471609325,0.00213998061181467,0.00737902954622347
"Os06g0696400",1972.42836368802,-1.22515004990239,0.399082887745005,-3.06991376359191,0.00214120586406238,0.00738236262637959
"Os03g0202001",673.082066467634,-0.972271648482548,0.316726025295747,-3.06975610095406,0.00214233643521191,0.00738535707802335
"Os02g0759000",1665.82422212287,-1.12517847042274,0.366604378805339,-3.06918993736349,0.00214640080833516,0.00739580693784629
"Os08g0409500",343.157165577889,-1.03764568439362,0.338093556453886,-3.06910813467439,0.00214698863736681,0.00739693948883502
"Os08g0240000",140.885531454359,-1.52267388610218,0.496149939434292,-3.06897928444439,0.00214791484645718,0.00739866700395785
"Os03g0203800",1465.34686830369,-0.495770648862294,0.161584869398851,-3.06817495169395,0.00215370488623543,0.00741560341045888
"Os10g0345600",256.46002458134,-0.904161394639145,0.294732299407815,-3.06773772829043,0.00215685826640634,0.00742466984518844
"Os01g0285200",75.585111345861,-1.21366918056576,0.395672187506485,-3.06736035255413,0.00215958341097303,0.00743315433290897
"Os09g0414900",150.867763802948,-2.46652293083136,0.804364317501611,-3.06642509763795,0.00216635078135867,0.00745285244101504
"Os09g0502200",713.101853750334,-0.806261588437642,0.262949448041446,-3.06622278328783,0.00216781725419174,0.0074569987591768
"Os04g0655400",141.76434519658,-1.31604606059534,0.429586764799334,-3.06351631016863,0.00218752280127833,0.00752115765353993
"Os12g0502300",1020.45680889287,-0.986755838195427,0.322116764543772,-3.06334828487742,0.00218875157223486,0.00752447607826951
"Os06g0678100",78.6750428616029,-1.81292645739404,0.592112650630796,-3.06179314943308,0.00220015435828866,0.00756003442915512
"Os10g0466700",21584.939658318,-0.764503278452961,0.249690136321448,-3.06180808627838,0.00220004457773421,0.00756003442915512
"Os03g0294600",662.835577158989,-0.773256557686832,0.252582575194804,-3.06140103722697,0.00220303804146854,0.00756903199996124
"Os02g0723200",470.40263105848,-0.852636372817718,0.278665433783307,-3.05971343930922,0.00221548860371532,0.00760723044682427
"Os02g0115900",26740.4640354434,-0.555224178971661,0.181469160429696,-3.05960625847918,0.00221628152356422,0.00760903774460153
"Os08g0564700",222.775036442545,-1.55555255926249,0.508486465736658,-3.0591818348772,0.00221942394845924,0.00761799388946856
"Os06g0192950",21.6085415401725,-4.19529386321408,1.37228529845517,-3.05715864473435,0.00223445981255936,0.00766775918366126
"Os05g0453300",1544.23336259831,-0.526829795418626,0.172507959715661,-3.05394485151283,0.00225853594993629,0.00774479218584591
"Os01g0225400",303.791306325427,-0.681442399238352,0.223171090628825,-3.0534528344073,0.00226224280528692,0.00775563999929254
"Os02g0119100",1679.65373467522,-0.438883402391659,0.14378258800535,-3.0524099508859,0.0022701183216506,0.00777983639971122
"Os06g0537700",192.295687571507,-1.50576665521725,0.493302263083461,-3.05242194877685,0.00227002757484788,0.00777983639971122
"Os02g0700300",517.766512279674,-1.22909809760428,0.402709165399629,-3.05207381208865,0.00227266207985795,0.00778761901650243
"Os03g0335500",849.20654936213,-1.59047443098799,0.521329112946536,-3.05080685404019,0.00228227337725684,0.00781924256588912
"Os08g0178650",12.6752792766656,-6.10828076863442,2.00317841574438,-3.04929442161775,0.00229379562210493,0.00785489978612102
"Os10g0510400",5303.61645550192,-0.484852134583661,0.159018661398505,-3.04902663825479,0.00229584123410228,0.00785949774360944
"Os02g0805200",5133.55400987175,-1.14816147344677,0.376591721632037,-3.04882292279549,0.00229739854681516,0.00786388585205563
"Os12g0613500",4658.54872817063,-0.787112063006043,0.258235241384749,-3.04804277985169,0.00230337133945751,0.00788243993687511
"Os08g0479300",758.451356354131,-1.38627405043083,0.45482996652694,-3.04789515303127,0.00230450317291949,0.00788442269780821
"Os08g0469500",436.118395533837,-1.72517436477208,0.566082622144531,-3.04756637509287,0.00230702569655526,0.0078902158498051
"Os07g0613200",7492.42095723404,-0.952953545769696,0.312851448073633,-3.04602568291584,0.00231888026724514,0.00792790973149421
"Os10g0317300",219.986872881624,-4.49067266347711,1.47431743397874,-3.04593336548842,0.00231959235505685,0.00792844499853223
"Os03g0330000",1499.72763729497,-0.60474120028619,0.19857869320811,-3.04534786948378,0.00232411322635023,0.00794199544270813
"Os01g0933075",205.554763291887,-0.981754827507258,0.322457961654871,-3.04459788329877,0.00232991598665299,0.00795790242957726
"Os12g0532600",10.94208340805,-6.76982320647658,2.22353849643322,-3.04461704501004,0.00232976756448434,0.00795790242957726
"Os05g0430200",1179.51080192304,-0.698925565726183,0.229571282519713,-3.04448168801847,0.00233081619380372,0.00795797938341243
"Os06g0704500",430.475096229584,-1.5144284706215,0.497438243347907,-3.04445524821121,0.00233102107709891,0.00795797938341243
"Os05g0463000",345.707564894421,-1.73838746478137,0.571029829361316,-3.04430237335538,0.00233220603486622,0.0079610725973716
"Os04g0105500",1221.58970079247,-0.460116055511591,0.151142096269184,-3.04426143919642,0.00233252341577623,0.00796120391963608
"Os03g0355700",778.216557092037,-1.55808367347736,0.51182446015975,-3.04417587426566,0.00233318696684908,0.00796251659274751
"Os12g0470700",224.331870990056,-8.48766429903138,2.78866146678528,-3.04363380070504,0.00233739473396886,0.00797592292724533
"Os03g0167100",913.260482426053,-0.672267282643714,0.220931050536367,-3.04288275012323,0.00234323613913297,0.00799203397722686
"Os05g0525800",470.433561460289,-4.28444213652424,1.40819506891773,-3.04250613504636,0.00234617034725063,0.00800012978042312
"Os11g0521000",571.354281905927,-1.76731360326086,0.580914865417464,-3.04229364485416,0.00234782734263126,0.00800386763024801
"Os06g0114300",83.1950944199724,-1.31975016678076,0.433833536423545,-3.04206580630112,0.002349605214734,0.00800845756080363
"Os12g0235300",1249.93382696364,-0.666094708240394,0.219014530870056,-3.04132655305687,0.0023553822554101,0.00802674678825523
"Os01g0133100",328.981275452927,-1.33106485630696,0.437686872431637,-3.04113497604354,0.00235688149233887,0.00803089713708019
"Os05g0574400",23405.5579831461,-0.775336373728102,0.255010084447829,-3.04041456010233,0.00236252712334027,0.00804821269944202
"Os01g0861700",1263.41715095014,-0.869364127923968,0.285970746146978,-3.04004566773816,0.00236542278612722,0.00805711551398752
"Os06g0209700",192.971244662791,-1.04230435897519,0.342919186809581,-3.03950434699347,0.00236967782831633,0.0080696831223409
"Os04g0479000",495.26493751401,-1.1263846975339,0.370623360424035,-3.03916271290937,0.00237236684281475,0.00807787655508817
"Os03g0345100",1097.01764265441,-0.462103252875481,0.152067847058816,-3.0387965754309,0.00237525182562498,0.00808577079435175
"Os10g0369500",426.790654166856,-0.960375081958774,0.31605113070836,-3.03866997661518,0.00237625010894675,0.0080882045206029
"Os05g0451100",2891.02228092442,-0.44488731451161,0.146434872459593,-3.03812409598247,0.00238055900099158,0.00810093897523888
"Os07g0616750",151.254194034657,-1.51313011005987,0.498145941121545,-3.03752371574713,0.00238530634311978,0.00811612638669819
"Os03g0850400",3918.34545308416,-0.401010159895124,0.13204799890929,-3.03685147224835,0.00239063220836586,0.00813327839756795
"Os02g0764100",1242.65951806713,-0.999884025426451,0.329289982719605,-3.03648479424856,0.00239354180976571,0.008141964761655
"Os10g0114500",1400.17989356662,-0.560375702365669,0.184551330252277,-3.0364219082011,0.00239404113805249,0.008141964761655
"Os02g0310200",6424.9245054796,-0.342076991941435,0.112681777631029,-3.03577915731457,0.00239915018455165,0.00815836822347418
"Os03g0146200",926.127241426712,-1.48875985012125,0.490525222238477,-3.03503221165143,0.00240509998360229,0.0081756786866671
"Os01g0502900",28.0292191853944,-7.36064366137519,2.4263902718818,-3.03357779936474,0.00241672388110864,0.00821351265295471
"Os03g0666100",3403.6091047926,-0.29945147133042,0.0987138097245118,-3.03353170307297,0.00241709312937288,0.00821351265295471
"Os04g0635350",66.5069057518785,-2.02455452239326,0.667606191116254,-3.03255803995489,0.00242490460388568,0.00823711496052753
"Os03g0825300",3413.38598101316,-0.764140219615685,0.251982476776442,-3.0325133294631,0.00242526386008364,0.00823735502406323
"Os03g0266200",1981.53563589687,-0.521036015733325,0.171830835258528,-3.0322614386958,0.00242728875453391,0.00824325166084662
"Os08g0127500",690.317218795703,-0.92787201853401,0.306237737459249,-3.0299075033412,0.00244628645279971,0.00830184288535428
"Os02g0710300",710.412272125125,-1.49896807490177,0.494803321771632,-3.02942201263878,0.0024502215460994,0.0083132204697327
"Os04g0572700",315.830980772217,-1.15432198066513,0.381073514254065,-3.02913201124636,0.0024525748842101,0.00832021600842562
"Os10g0571200",7752.44953297327,-0.785410785987419,0.25934509046976,-3.0284389982659,0.00245820700870676,0.00833476190298187
"Os10g0390000",72.2803082824072,-2.26739681984095,0.748867099205962,-3.02776930946107,0.00246366081927271,0.00834988535090481
"Os02g0754500",315.422741394547,-0.710469730746885,0.234734286484292,-3.0266977244265,0.00247241062788275,0.00837655655338699
"Os03g0659800",714.03621459002,-1.45666304938791,0.481293502150478,-3.02655872742799,0.00247354766036691,0.00837941424371151
"Os02g0541700",3357.22689510437,-0.545745338015514,0.180346453564018,-3.02609409406428,0.00247735195873894,0.00839130583959231
"Os01g0229200",9861.59470576613,-0.390996733713092,0.129222294737504,-3.02576838236269,0.00248002199323806,0.0083993530819871
"Os12g0612700",3380.4043938129,-0.856660424167489,0.283177997931415,-3.02516590422032,0.00248496777201086,0.00841410677156322
"Os01g0666950",6235.16903866749,-0.763471408456544,0.252395084485932,-3.02490601198337,0.00248710402737879,0.00842034128306252
"Os03g0300300",2366.91381649949,-0.58370255851658,0.192986376880063,-3.02457908145163,0.0024897937085257,0.00842644908894444
"Os08g0525600",24848.2327789449,-0.432002124532636,0.142835747291656,-3.02446784312705,0.00249070948087929,0.00842854907198798
"Os02g0327700",5687.17293130492,-0.341041875007165,0.112792574089687,-3.02361993029776,0.00249770007823933,0.00844819896116404
"Os12g0548100",536.167323869213,-1.30755052096451,0.43244510367315,-3.02362198082089,0.00249768315111993,0.00844819896116404
"Os03g0853900",1184.10895678043,-0.595106986859251,0.196839393064853,-3.02331244571141,0.00250023955927812,0.00845578649052544
"Os03g0340001",792.362319485592,-0.477116761786381,0.157834764140805,-3.02288766599444,0.00250375165333236,0.00846666120041688
"Os02g0673500",744.995024505033,-0.761610323267308,0.251997076004897,-3.02229825576432,0.00250863239450779,0.00847814386322879
"Os02g0136900",316.278953200928,-1.30171776128973,0.430717492747418,-3.02220778865159,0.00250938229734924,0.00847967423884654
"Os01g0657400",167.681976218499,-1.83659824334947,0.607758095983104,-3.02192312284808,0.00251174329612206,0.00848463912952757
"Os08g0486700",315.435516936868,-1.54581679860619,0.511631167675596,-3.02134994165627,0.00251650338802282,0.0084997127804666
"Os07g0633400",145.242775275992,-1.84842691712429,0.611874602180985,-3.02092440270555,0.00252004269269294,0.00850965321427036
"Os03g0766500",197.487272911591,-1.91566713023668,0.634301534908692,-3.02012059692153,0.00252674055527533,0.0085292434259436
"Os08g0553100",236.30002976444,-1.28671975786086,0.426058396932432,-3.02005491999473,0.00252728853953701,0.00852995424679213
"Os01g0611300",6.30208446065528,-7.31265911869449,2.42213968164301,-3.01909058924879,0.0025353470882903,0.00855323806738664
"Os07g0565100",13461.8340333166,-0.783431587372243,0.25949578336313,-3.01905324710396,0.0025356596146699,0.00855328149859816
"Os07g0484600",505.611902518079,-0.788884659569312,0.261311685258481,-3.01894137948318,0.00253659607555758,0.00855542932538292
"Os02g0199500",1774.60474210675,-0.550701723102649,0.182433364689897,-3.0186458712678,0.00253907134149236,0.00856276611195155
"Os02g0830700",208.749752142938,-1.90896395015327,0.632514200527598,-3.01805706268879,0.00254400996728589,0.00857739434280752
"Os01g0180700",392.247172783065,-0.688912040821383,0.22826901323333,-3.01798317285052,0.00254463033756526,0.00857847270053889
"Os05g0473000",388.970639236741,-1.02127841265609,0.338415323569775,-3.01782555790657,0.00254595411622933,0.0085798455936886
"Os08g0216600",950.965892682166,-0.765761510997409,0.253748975339915,-3.01779153973574,0.00254623991115948,0.0085798455936886
"Os05g0549700",3576.36569652282,-0.593363033369875,0.196711154591359,-3.0164178264446,0.00255780535570516,0.00861668691687885
"Os08g0503000",1351.23835671131,-1.2365035634312,0.4100725901992,-3.01532848813559,0.00256701074708661,0.00864352250732803
"Os08g0472400",215.73495263542,-1.29090702937312,0.428261628895183,-3.01429533321341,0.00257576934651614,0.00867013681921659
"Os08g0552000",385.141370150649,-1.11226511216735,0.369059147782944,-3.013785510667,0.00258010144307829,0.00868267101995129
"Os07g0682800",3551.45913521172,-0.562641612710144,0.186735477020358,-3.01304080878432,0.0025864413455118,0.00870195447504584
"Os03g0343900",1964.15084293578,-1.34616573464725,0.446836436912719,-3.01265882421803,0.00258969883529448,0.00871188727809611
"Os02g0107200",223.687455324545,-1.37693723119788,0.457063754872445,-3.01257147721579,0.00259044424024079,0.0087133679464333
"Os10g0561500",375.494241150623,-0.641232163749131,0.212875383482609,-3.01224196644379,0.00259325799723899,0.00872162475134315
"Os03g0859900",1068.53200119006,-1.40670056627318,0.467018139443646,-3.01208978295568,0.00259455846495103,0.00872251745026656
"Os04g0491500",647.728683532091,-0.8981932262512,0.298199015356519,-3.01205966484276,0.00259481590673278,0.00872251745026656
"Os10g0557700",123.126985874456,-1.72038674985791,0.571170261210236,-3.01203838276284,0.00259499783448934,0.00872251745026656
"Os02g0617800",7122.26569047722,-0.690071227851513,0.229136168587896,-3.01162069744046,0.00259857073755306,0.00873349854382603
"Os01g0253400",104.854056010581,-1.6502562728832,0.547975800969491,-3.01154954281471,0.00259917984628684,0.00873451725128462
"Os02g0684500",3123.904283616,-1.43606301178583,0.477011701817581,-3.01054042555754,0.0026078323114135,0.00876153077883558
"Os12g0102100",856.063691654634,-1.77621497018965,0.590077825499024,-3.01013678778306,0.00261130058629014,0.00877008635546133
"Os02g0709100",168.947301052103,-1.12668160300503,0.374463035740846,-3.00879257888825,0.00262288118705714,0.00880483601121476
"Os03g0793900",359.855551372152,-1.24547366799039,0.413992344486703,-3.00844613330861,0.00262587347777868,0.00881384437320255
"Os03g0363600",275.391999678673,-1.43923084882219,0.478519163402308,-3.00767651307661,0.0026325319467366,0.00883203947903733
"Os02g0457500",253.52043760136,-1.52493618015192,0.507065796742641,-3.00737338220801,0.00263515875663782,0.00883877456515511
"Os08g0265300",9.67182251627259,-6.70592938081556,2.23010805747587,-3.00699751222172,0.00263841922169307,0.00884659206672231
"Os05g0386900",910.84562999741,-1.00991835251085,0.335883459719503,-3.00675226268729,0.00264054861386391,0.00885165233518865
"Os02g0574600",1434.37640715036,-1.47152845829784,0.489420880460223,-3.00667281893266,0.00264123872528148,0.00885292604208953
"Os03g0267100",1253.49662476774,-0.659262677510103,0.219302056507832,-3.00618556892811,0.00264547497266177,0.00886608402250296
"Os03g0582000",1861.43015582797,-0.739753602905576,0.24614015296949,-3.00541619878359,0.00265217667486835,0.00888541443749323
"Os12g0601500",36.9348454859807,-3.41164619575666,1.1352820715081,-3.00510884596693,0.00265485824794822,0.00889335451583545
"Os06g0245600",511.618836410802,-1.02945622679459,0.342636673452373,-3.00451267058453,0.0026600667891103,0.00890871130216643
"Os04g0223300",311.783324710687,-1.48267409788323,0.493560571765428,-3.00403675394859,0.00266423138045395,0.00892161198072237
"Os05g0501300",3119.93776279584,-1.16090170862801,0.386461607853171,-3.00392506018108,0.00266520963919196,0.00892279426942238
"Os01g0285300",1616.33098310117,-0.892548137760637,0.297188287579696,-3.0033085927765,0.00267061481622268,0.00893669745770928
"Os02g0721700",1497.70584848382,-0.644542725152522,0.214610555797082,-3.00331324691199,0.00267057397132697,0.00893669745770928
"Os05g0147133",264.533135175717,-0.927208812275617,0.308724010899276,-3.00335827321876,0.00267017884797603,0.00893669745770928
"Os03g0770900",1136.5641292889,-1.59464360268799,0.531006930988473,-3.00305609894686,0.00267283156892599,0.00894306696793148
"Os02g0509600",125.057159257335,-1.63100513197195,0.543145746879233,-3.00288668620394,0.00267431985930994,0.0089449011089926
"Os06g0655500",1180.43568774444,-0.670182425340925,0.223222854426721,-3.0023020136629,0.00267946202472641,0.00896105026757946
"Os02g0805800",2115.67222977656,-0.547407799298262,0.182411278166534,-3.00095369540967,0.00269135487880355,0.00899871543405982
"Os10g0109900",59.6369473088799,-2.23989927372474,0.746428314141335,-3.00082302786362,0.00269250999328199,0.00900152321951758
"Os03g0710700",627.357579097462,-1.32088219834095,0.440193458934032,-3.00068565657378,0.00269372485802419,0.00900453007933512
"Os01g0584100",228.661035880256,-0.906286813723625,0.302056078991706,-3.00039256534384,0.00269631853129792,0.00901003467072907
"Os11g0639300",400.307442967316,-0.998300746431685,0.332817878907405,-2.99954061875812,0.00270387068623463,0.00903421337561526
"Os07g0603300",878.396889823134,-1.06945860358669,0.356550268317961,-2.99946094174014,0.00270457797756797,0.00903551893629449
"Os03g0702500",9.88380094295645,-4.38635514373959,1.46253052904851,-2.99915458625897,0.00270729906414637,0.00904249291914276
"Os04g0569100",788.567567757221,-1.05631583468217,0.352275436517338,-2.9985509211914,0.00271266821286037,0.00905724663327716
"Os06g0490000",141.139304805827,-3.28728453051269,1.09631600285002,-2.99848266555169,0.0027132759074959,0.00905821608228807
"Os02g0796600",126.502557329322,-1.52211768872788,0.50766411976349,-2.99827706838334,0.00271510713499948,0.00906220978267368
"Os03g0815200",26041.2141617673,-0.640798269687425,0.213799306497909,-2.99719526776711,0.00272476121031956,0.00909230582036026
"Os01g0162800",7.98957938703287,-6.65834885039815,2.22208008194271,-2.99644864490074,0.00273144241362652,0.00911183215583463
"Os07g0228900",82.9061217705407,-2.02781036050979,0.676741127523772,-2.99643434991109,0.0027315704791717,0.00911183215583463
"Os01g0720300",5141.77292524139,-0.817363512110837,0.272796330956982,-2.99624085574571,0.00273330448892606,0.0091165509852659
"Os05g0521300",2625.34163072891,-0.472437301645414,0.157683771842288,-2.99610604265565,0.00273451321900336,0.00911824754090801
"Os02g0493100",82.7721396696038,-1.1987818989092,0.400319587364088,-2.99456218668341,0.00274839024482072,0.00916044501963598
"Os01g0777300",428.305429499615,-1.49150950291337,0.498127421570529,-2.99423287762566,0.00275135856764635,0.00916819740309332
"Os01g0848400",1058.69533887675,-0.628102962404008,0.20984976360018,-2.9931077911563,0.0027615219694075,0.00919691140912653
"Os09g0540600",762.587268840437,-1.31523508853631,0.439424910024914,-2.99308268268574,0.00276174917598567,0.00919691140912653
"Os02g0128800",1767.92256748014,-0.941934125435459,0.314747449380552,-2.9926664291935,0.00276551834321143,0.00920785671160936
"Os10g0563300",1794.28181454095,-0.872001444056154,0.291409078443835,-2.99236197002771,0.00276827818963983,0.00921597068405405
"Os07g0123450",312.607859424251,-0.659264881280048,0.220348355483786,-2.99192104171869,0.00277227955488368,0.00922821546525944
"Os08g0115200",671.428617505424,-1.53846297668099,0.514275550279741,-2.9915149103319,0.00277596981592327,0.00923942192464014
"Os06g0486800",12026.721557457,-0.342523311846322,0.114502709286788,-2.99139919028838,0.00277702211236794,0.00924184670344297
"Os04g0630000",2761.80075031414,-0.447902814443773,0.149736373738468,-2.99127595560774,0.00277814314351067,0.00924342206415299
"Os07g0558100",195.16949398725,-2.40617990669335,0.80447358176416,-2.99099928355229,0.00278066145701337,0.00925072268403144
"Os02g0785700",464.456932441368,-1.23739959353003,0.413763754848621,-2.9905944612832,0.00278434997174251,0.0092619141817292
"Os11g0221000",139.752793943643,-2.21534453874546,0.740809455888496,-2.99043771800735,0.00278577932874653,0.00926558904215113
"Os07g0573900",2304.18491126487,-1.54831888621812,0.518001306181069,-2.9890250617957,0.00279869174649852,0.00930528330949955
"Os01g0961000",431.682052544414,-0.997074099570307,0.333656484685017,-2.98832525467497,0.00280510857481389,0.00932336040515693
"Os06g0325500",2495.83453459288,-0.394675900982088,0.132081688631966,-2.98811973915489,0.00280699558444508,0.00932854604289212
"Os12g0411700",44.8333541105089,-3.28105146237404,1.09847321154222,-2.98691987014191,0.0028180357441322,0.00936087656004997
"Os01g0778500",125.346897184134,-2.00239533342222,0.670478067904471,-2.98651876813892,0.00282173517253236,0.00937207455954897
"Os01g0533500",741.00045099983,-0.504988496366486,0.169115749303398,-2.98605244305499,0.00282604173862332,0.00938419443779248
"Os04g0578700",3158.89143182831,-0.245881846815146,0.0823556721722624,-2.98560913085425,0.00283014134200109,0.00939671448948227
"Os07g0643800",243.33692129464,-7.60690797879777,2.54806162021626,-2.98537049435726,0.00283235042040466,0.00940203172779492
"Os03g0798600",16189.6347654792,-1.01770169643538,0.340952492997442,-2.98487829635262,0.00283691171270846,0.00941371866165429
"Os03g0352300",9129.89747094129,-0.721060886857578,0.241598181950083,-2.98454599714892,0.00283999498406875,0.0094195696984962
"Os09g0421200",402.475120992036,-1.42258129693985,0.476774620338822,-2.98376053643309,0.00284729512705766,0.00943829893238111
"Os09g0539000",1098.5504540315,-1.38055417245945,0.462727830739288,-2.98351229545405,0.00284960586169877,0.0094439077403377
"Os07g0221300",26.0480766962886,-5.44087683977864,1.82411474032682,-2.98274923144572,0.00285671951673258,0.00946404385859037
"Os03g0339100",5565.44134978293,-0.311630787742813,0.104484156454761,-2.98256499661498,0.00285843947173055,0.00946754424240853
"Os08g0551200",72.0491426261569,-2.77960926057337,0.932091669165804,-2.98212005591794,0.00286259718924259,0.00947911533291652
"Os05g0131000",27.9813730624634,-2.42079031650721,0.811987140515035,-2.98131607721241,0.00287012391656493,0.00950183450178952
"Os08g0237000",15516.8560976583,-1.0119609701937,0.339465090765719,-2.98104576205777,0.00287265862179769,0.00950912300830258
"Os09g0407200",2992.17142868448,-0.363005321317134,0.121846244322812,-2.97920812688662,0.00288994409145861,0.00956196402396943
"Os08g0299400",58.66356421474,-3.11855666723668,1.04691567582832,-2.97880406152986,0.00289375758872313,0.00957230462539262
"Os01g0557200",53.0403984769166,-3.32284959156998,1.11559138501793,-2.97855436694375,0.0028961164576895,0.00957788763391138
"Os01g0971600",307.595236400515,-0.695458449394225,0.233582082043298,-2.97736214743266,0.00290740359071728,0.00961284288219702
"Os03g0817500",298.695485473541,-1.7888765364637,0.600921320617918,-2.97688977755727,0.00291188676587156,0.00962335253502812
"Os03g0418700",814.616848104804,-0.82365071867632,0.276704048734732,-2.97664859781625,0.00291417819050982,0.00962981040401855
"Os05g0482700",17756.1632871556,-0.998985077818429,0.335619756482453,-2.97653835485891,0.00291522614579996,0.00963215824814378
"Os05g0406800",1372.19642511166,-1.22289872497976,0.410887612446206,-2.97623653752731,0.0029180969423487,0.00963941200351825
"Os04g0631200",389.356748429037,-1.74968834863771,0.587916116094879,-2.97608502427129,0.00291953906382605,0.00964253198174905
"Os12g0138800",202.419555526465,-1.76722498513182,0.59381236523789,-2.97606632765865,0.0029197170655219,0.00964253198174905
"Os08g0500300",2235.5947842654,-0.489573617497786,0.164549241060211,-2.97524081146411,0.00292758629906804,0.00966628378491591
"Os07g0201100",12185.0853761982,-0.315095262740807,0.105917368322254,-2.97491589653293,0.00293068885564404,0.00967317098699163
"Os03g0780200",808.051249035183,-1.64481359896392,0.552909632106331,-2.97483260094048,0.00293148471395344,0.00967356065607944
"Os01g0896300",1344.5414020544,-1.45706544711622,0.489809311996626,-2.97476060872901,0.00293217273157271,0.00967471257080237
"Os07g0134200",1378.72817434667,-1.25621856811119,0.422367648466983,-2.974230087628,0.00293724737968065,0.00968921636491442
"Os10g0502400",5786.26214712477,-0.82276884062066,0.276638907467577,-2.97416169024269,0.00293790221116869,0.00968950016151063
"Os07g0241500",1066.65185595639,-0.647688439898504,0.217814958508861,-2.97357189943479,0.00294355435445242,0.0097066561337211
"Os01g0247900",159.986098261975,-1.83726569160764,0.617929405812989,-2.97326146696387,0.00294653330682423,0.00971535713411006
"Os03g0699100",151.668847731055,-2.80818292094943,0.944626493799955,-2.97279712074656,0.00295099437196668,0.00972669553734608
"Os01g0137150",7.06962265870771,-6.84954377142484,2.30526134842683,-2.97126561207438,0.00296575159677253,0.00977307937869719
"Os03g0650800",1246.05013677482,-0.414301305491122,0.139437930745063,-2.97122385047866,0.00296615494224836,0.00977328023450736
"Os07g0586500",3837.10400970316,-0.319308408231496,0.107474376693113,-2.97101893545531,0.00296813479578011,0.0097786749319884
"Os02g0321900",16440.5949104278,-1.01802922277291,0.342670025665759,-2.97087327902412,0.00296954283611713,0.00978218473330955
"Os07g0529700",2714.64234707188,-1.39108509610601,0.468308291983359,-2.97044728850422,0.0029736643252497,0.00979311134203916
"Os03g0685900",6241.72764372477,-0.563867881867585,0.189839553817434,-2.97023391874303,0.00297573065432655,0.00979718764939905
"Os01g0703400",2771.58961155641,-0.63576084041479,0.214073198546056,-2.96982922071869,0.00297965345598852,0.00980869890989925
"Os10g0411800",18760.7660541828,-0.89005491380681,0.299708923998964,-2.96973110420258,0.00298060522515688,0.00980956941622022
"Os09g0555600",770.284792791641,-0.476061285649906,0.160320062470132,-2.96944298994767,0.00298340165117346,0.00981764084979193
"Os03g0421800",1353.0574145989,-1.28640493821288,0.43324308103306,-2.96924519866648,0.00298532279129717,0.00982169821977713
"Os03g0154700",28773.0518927506,-0.817591559093014,0.275361506330206,-2.96915705462688,0.00298617929492514,0.00982338386473935
"Os11g0620000",1673.45182032322,-0.458746951670303,0.154548077784351,-2.96831224462342,0.00299439976935442,0.00984702154567426
"Os06g0142700",5807.38173642345,-0.382847798362802,0.12902013853014,-2.96734914970941,0.00300379640197555,0.00987678429881237
"Os01g0681200",1984.25686133149,-0.730902945450996,0.246333000370699,-2.96713369443429,0.00300590221406185,0.0098825700067014
"Os01g0884800",192.281483700311,-1.27315369873662,0.429115244000084,-2.96692722185459,0.00300792149486322,0.0098880699239175
"Os08g0566100",465.232370373055,-1.48234215827123,0.49997970238751,-2.96480467345519,0.00302875166497843,0.00994967056337256
"Os02g0663300",370.745931289422,-0.919018346887811,0.310009160122719,-2.96448771553722,0.00303187347873416,0.00995763394051179
"Os04g0691500",6118.24384671203,-0.283441686959814,0.0956168012867049,-2.96435023077085,0.00303322851992117,0.00995979234701828
"Os01g0868400",157.07924978578,-1.50106259258127,0.50639145916481,-2.96423362877597,0.00303437817470788,0.00996166651550656
"Os07g0448400",304.195630179737,-1.30135701935693,0.439067924811719,-2.96390819237133,0.00303758896648213,0.00996723065401378
"Os03g0798500",411.957698613827,-0.965836699111931,0.325873226063348,-2.96384183131442,0.00303824407230023,0.00996823434479744
"Os02g0644466",215.108396364623,-1.26200579274369,0.425929883269565,-2.96294259293609,0.00304713392399252,0.00999280683897546
"Os09g0471500",91.2329848313084,-3.461520800812,1.16826742883375,-2.96295241601277,0.00304703668523712,0.00999280683897546
